2025-12-08 15:32:05,140 - INFO - ≡ƒöî σ╖▓σèáΦ╜╜µÅÆΣ╗╢: logging_plugin
15:32:05.140 | INFO    | AStockExecuteManager - ≡ƒöî σ╖▓σèáΦ╜╜µÅÆΣ╗╢: logging_plugin
2025-12-08 15:32:05,163 - INFO - ≡ƒöî σ╖▓σèáΦ╜╜µÅÆΣ╗╢: prometheus_plugin
15:32:05.163 | INFO    | AStockExecuteManager - ≡ƒöî σ╖▓σèáΦ╜╜µÅÆΣ╗╢: prometheus_plugin
2025-12-08 15:32:05,189 - INFO - ≡ƒº╛ σ╖▓σèáΦ╜╜Θàìτ╜«: workflow/analysis.yaml
15:32:05.189 | INFO    | AStockExecuteManager - ≡ƒº╛ σ╖▓σèáΦ╜╜Θàìτ╜«: workflow/analysis.yaml
2025-12-08 15:32:05,191 - INFO - ≡ƒôî µÿ╛σ╝ÅΣ╛¥Φ╡û: Generate_Comprehensive_Report -> ['store_ROIC_Trend', 'store_ROIIC_Trend', 'store_Revenue_Trend', 'store_Profit_Trend', 'store_GrossMargin_Trend', 'store_NetMargin_Trend', 'store_ROE_Trend', 'store_OCF_Trend']
15:32:05.191 | INFO    | AStockExecuteManager - ≡ƒôî µÿ╛σ╝ÅΣ╛¥Φ╡û: Generate_Comprehensive_Report -> ['store_ROIC_Trend', 'store_ROIIC_Trend', 'store_Revenue_Trend', 'store_Profit_Trend', 'store_GrossMargin_Trend', 'store_NetMargin_Trend', 'store_ROE_Trend', 'store_OCF_Trend']
2025-12-08 15:32:05,191 - INFO - ≡ƒº¡ µëºΦíîΘí║σ║Å: ['Load_Financial_Data', 'Analyze_GrossMargin_Trend', 'Analyze_NetMargin_Trend', 'Analyze_OCF_Trend', 'Analyze_Profit_Trend', 'Analyze_ROE_Trend', 'Analyze_ROIC_Trend', 'Analyze_ROIIC_Trend', 'Analyze_Revenue_Trend', 'store_GrossMargin_Trend', 'store_NetMargin_Trend', 'store_OCF_Trend', 'store_Profit_Trend', 'store_ROE_Trend', 'store_ROIC_Trend', 'store_ROIIC_Trend', 'store_Revenue_Trend', 'Generate_Comprehensive_Report']
15:32:05.191 | INFO    | AStockExecuteManager - ≡ƒº¡ µëºΦíîΘí║σ║Å: ['Load_Financial_Data', 'Analyze_GrossMargin_Trend', 'Analyze_NetMargin_Trend', 'Analyze_OCF_Trend', 'Analyze_Profit_Trend', 'Analyze_ROE_Trend', 'Analyze_ROIC_Trend', 'Analyze_ROIIC_Trend', 'Analyze_Revenue_Trend', 'store_GrossMargin_Trend', 'store_NetMargin_Trend', 'store_OCF_Trend', 'store_Profit_Trend', 'store_ROE_Trend', 'store_ROIC_Trend', 'store_ROIIC_Trend', 'store_Revenue_Trend', 'Generate_Comprehensive_Report']
2025-12-08 15:32:05,191 - INFO - ≡ƒôè µëºΦíîΦ«íσêÆ: 4 σ▒é, µ£Çσñºσ╣╢Φíîσ║ª 8
15:32:05.191 | INFO    | AStockExecuteManager - ≡ƒôè µëºΦíîΦ«íσêÆ: 4 σ▒é, µ£Çσñºσ╣╢Φíîσ║ª 8
2025-12-08 15:32:05,191 - INFO - ≡ƒº¡ µëºΦíîΘí║σ║Å: ['Load_Financial_Data', 'Analyze_GrossMargin_Trend', 'Analyze_NetMargin_Trend', 'Analyze_OCF_Trend', 'Analyze_Profit_Trend', 'Analyze_ROE_Trend', 'Analyze_ROIC_Trend', 'Analyze_ROIIC_Trend', 'Analyze_Revenue_Trend', 'store_GrossMargin_Trend', 'store_NetMargin_Trend', 'store_OCF_Trend', 'store_Profit_Trend', 'store_ROE_Trend', 'store_ROIC_Trend', 'store_ROIIC_Trend', 'store_Revenue_Trend', 'Generate_Comprehensive_Report']
15:32:05.191 | INFO    | AStockExecuteManager - ≡ƒº¡ µëºΦíîΘí║σ║Å: ['Load_Financial_Data', 'Analyze_GrossMargin_Trend', 'Analyze_NetMargin_Trend', 'Analyze_OCF_Trend', 'Analyze_Profit_Trend', 'Analyze_ROE_Trend', 'Analyze_ROIC_Trend', 'Analyze_ROIIC_Trend', 'Analyze_Revenue_Trend', 'store_GrossMargin_Trend', 'store_NetMargin_Trend', 'store_OCF_Trend', 'store_Profit_Trend', 'store_ROE_Trend', 'store_ROIC_Trend', 'store_ROIIC_Trend', 'store_Revenue_Trend', 'Generate_Comprehensive_Report']
2025-12-08 15:32:05,191 - INFO - ≡ƒôè µëºΦíîΦ«íσêÆ: 4 σ▒é, µ£Çσñºσ╣╢Φíîσ║ª 8
15:32:05.191 | INFO    | AStockExecuteManager - ≡ƒôè µëºΦíîΦ«íσêÆ: 4 σ▒é, µ£Çσñºσ╣╢Φíîσ║ª 8
2025-12-08 15:32:05,191 - INFO - Γ£à Prefect-Kedroµ╖╖σÉêσ╝òµôÄσê¥σºïσîûµêÉσèƒ
15:32:05.191 | INFO    | AStockExecuteManager - Γ£à Prefect-Kedroµ╖╖σÉêσ╝òµôÄσê¥σºïσîûµêÉσèƒ
[RUN] Running Hybrid Pipeline: workflow/analysis.yaml
[PROM_PLUGIN] Prometheus µîçµáçµÜ┤Θ£▓τ½»σÅú: 8009
[OK] SUCCESS: Pipeline manager initialized
[12/08/25 15:32:05] INFO     Using                              __init__.py:270
                             'C:\Users\jusu2\AppData\Local\Prog                
                             rams\Python\Python312\Lib\site-pac                
                             kages\kedro\framework\project\rich                
                             _logging.yml' as logging                          
                             configuration.                                    
2025-12-08 15:32:05,556 - INFO - ≡ƒôª µîüΣ╣àσîûτ╝ôσ¡ÿΦ╜╜σàÑ: 11 datasets, 20 node signatures
                    INFO     ≡ƒôª µîüΣ╣àσîûτ╝ôσ¡ÿΦ╜╜σàÑ: 11          kedro_engine.py:656
                             datasets, 20 node signatures                      
2025-12-08 15:32:05,559 - INFO - Kedroσ╝òµôÄσê¥σºïσîûµêÉσèƒ
                    INFO     Kedroσ╝òµôÄσê¥σºïσîûµêÉσèƒ             kedro_engine.py:51
2025-12-08 15:32:05,569 - INFO - Kedroµò░µì«τ¢«σ╜òσê¥σºïσîûσ«îµêÉ
                    INFO     Kedroµò░µì«τ¢«σ╜òσê¥σºïσîûσ«îµêÉ         kedro_engine.py:58
2025-12-08 15:32:05,572 - INFO - ≡ƒöù Prefect-KedroΘ¢åµêÉσê¥σºïσîûσ«îµêÉ (import fallback OK)
                    INFO     ≡ƒöù                            prefect_engine.py:91
                             Prefect-KedroΘ¢åµêÉσê¥σºïσîûσ«îµêÉ                       
                             (import fallback OK)                              
2025-12-08 15:32:05,576 - INFO - Kedroτ«íΘüôσê¢σ╗║µêÉσèƒ: __auto__
                    INFO     Kedroτ«íΘüôσê¢σ╗║µêÉσèƒ: __auto__     kedro_engine.py:82
2025-12-08 15:32:05,582 - INFO - ≡ƒöì Prefect granularity µúÇµ╡ï: raw_orchestration_keys=['granularity', 'soft_fail', 'task_runner', 'max_workers', 'retry_count', 'retry_delay', 'timeout'] granularity=node
                    INFO     ≡ƒöì Prefect granularity µúÇµ╡ï: prefect_engine.py:276
                             raw_orchestration_keys=['gra                      
                             nularity', 'soft_fail',                           
                             'task_runner',                                    
                             'max_workers',                                    
                             'retry_count',                                    
                             'retry_delay', 'timeout']                         
                             granularity=node                                  
2025-12-08 15:32:05,585 - INFO - ≡ƒôî Nodeσ▒éµÿ╛σ╝ÅΣ╛¥Φ╡û: Generate_Comprehensive_Report -> ['store_ROIC_Trend', 'store_ROIIC_Trend', 'store_Revenue_Trend', 'store_Profit_Trend', 'store_GrossMargin_Trend', 'store_NetMargin_Trend', 'store_ROE_Trend', 'store_OCF_Trend']
                    INFO     ≡ƒôî Nodeσ▒éµÿ╛σ╝ÅΣ╛¥Φ╡û:           prefect_engine.py:530
                             Generate_Comprehensive_Repor                      
                             t -> ['store_ROIC_Trend',                         
                             'store_ROIIC_Trend',                              
                             'store_Revenue_Trend',                            
                             'store_Profit_Trend',                             
                             'store_GrossMargin_Trend',                        
                             'store_NetMargin_Trend',                          
                             'store_ROE_Trend',                                
                             'store_OCF_Trend']                                
2025-12-08 15:32:05,586 - INFO - ΓÜÖ∩╕Å (Node) Σ╜┐τö¿Θí║σ║Åµ¿íµïƒΦ┐ÉΦíîσÖ¿ (ConcurrentTaskRunner(max_workers=1))
                    INFO     ΓÜÖ∩╕Å (Node) Σ╜┐τö¿Θí║σ║Åµ¿íµïƒΦ┐ÉΦíîσÖ¿  prefect_engine.py:540
                             (ConcurrentTaskRunner(max_wo                      
                             rkers=1))                                         
2025-12-08 15:32:05,601 - INFO - ≡ƒöù Φèéτé╣τ║ºµ╖╖σÉêσ╖ÑΣ╜£µ╡üµ₧äσ╗║σ«îµêÉ: 18 Σ╕¬Φèéτé╣Σ╗╗σèí
                    INFO     ≡ƒöù Φèéτé╣τ║ºµ╖╖σÉêσ╖ÑΣ╜£µ╡üµ₧äσ╗║σ«îµêÉ: prefect_engine.py:703
                             18 Σ╕¬Φèéτé╣Σ╗╗σèí                                     
[PLUGIN] Flow start at 2025-12-08T15:32:05.191903
[12/08/25 15:32:08] INFO     Starting temporary server on         server.py:881
                             http://127.0.0.1:8858                             
                             See                                               
                             https://docs.prefect.io/v3/concepts/              
                             server#how-to-guides for more                     
                             information on running a dedicated                
                             Prefect server.                                   
[12/08/25 15:32:15] INFO     Beginning flow run              flow_engine.py:669
                             'straight-fennec' for flow                        
                             'DuckDBΦ┤óσèíσƒ║τ║┐τ¡¢ΘÇëτ«íΘüô'                          
                    INFO     ≡ƒÄ» σÉ»σè¿Φèéτé╣τ║º Prefect-Kedro  prefect_engine.py:633
                             σ╖ÑΣ╜£µ╡ü                                            
                    INFO     ≡ƒº⌐ Nodeσ▒é 1:                 prefect_engine.py:649
                             ['Load_Financial_Data']                           
[12/08/25 15:32:17] WARNING  Concurrency limits                 _asyncio.py:111
                             ['tag:kedro-node'] do not exist -                 
                             skipping acquisition.                             
                    INFO     ≡ƒÜÇ µëºΦíîKedroΦèéτé╣:            prefect_engine.py:548
                             Load_Financial_Data                               
2025-12-08 15:32:17,119 - INFO - ≡ƒöä µëºΦíîµû╣µ│òσ║Åσêù: ['load_file']
                    INFO     ≡ƒöä µëºΦíîµû╣µ│òσ║Åσêù: ['load_file'] kedro_engine.py:292
                    INFO     [PLUGIN] -> node                    loggers.py:308
                             Load_Financial_Data inputs=0                      
2025-12-08 15:32:17,127 - INFO -   ΓÜí µëºΦíîµû╣µ│ò 1/1: load_file
                    INFO       ΓÜí µëºΦíîµû╣µ│ò 1/1: load_file   kedro_engine.py:303
2025-12-08 15:32:18,255 - INFO -   Γ£à µû╣µ│ò load_file µëºΦíîσ«îµêÉ
[12/08/25 15:32:18] INFO       Γ£à µû╣µ│ò load_file µëºΦíîσ«îµêÉ   kedro_engine.py:365
2025-12-08 15:32:18,255 - INFO - ≡ƒÄ» µû╣µ│òσ║ÅσêùµëºΦíîσ«îµêÉ∩╝îσà▒ 1 Σ╕¬µû╣µ│ò
                    INFO     ≡ƒÄ» µû╣µ│òσ║ÅσêùµëºΦíîσ«îµêÉ∩╝îσà▒ 1      kedro_engine.py:366
                             Σ╕¬µû╣µ│ò                                            
                    INFO     [PLUGIN] <- node                    loggers.py:308
                             Load_Financial_Data                               
                             duration=1.137994399992749s                       
                             cached=False                                      
                    INFO     Γ£à Φèéτé╣σ«îµêÉ:                 prefect_engine.py:616
                             Load_Financial_Data ->                            
                             ['Load_Financial_Data__Raw_D                      
                             ata']                                             
                    INFO     Finished in state Completed()   task_engine.py:292
                    INFO     ≡ƒº⌐ Nodeσ▒é 2:                 prefect_engine.py:649
                             ['Analyze_NetMargin_Trend',                       
                             'Analyze_Profit_Trend',                           
                             'Analyze_GrossMargin_Trend',                      
                             'Analyze_ROIIC_Trend',                            
                             'Analyze_ROE_Trend',                              
                             'Analyze_ROIC_Trend',                             
                             'Analyze_Revenue_Trend',                          
                             'Analyze_OCF_Trend']                              
[12/08/25 15:32:20] WARNING  Concurrency limits                 _asyncio.py:111
                             ['tag:kedro-node'] do not exist -                 
                             skipping acquisition.                             
                    INFO     ≡ƒÜÇ µëºΦíîKedroΦèéτé╣:            prefect_engine.py:548
                             Analyze_NetMargin_Trend                           
2025-12-08 15:32:20,246 - INFO - ≡ƒöä µëºΦíîµû╣µ│òσ║Åσêù: ['analyze_metric_trend']
                    INFO     ≡ƒöä µëºΦíîµû╣µ│òσ║Åσêù:               kedro_engine.py:292
                             ['analyze_metric_trend']                          
                    INFO     [PLUGIN] -> node                    loggers.py:308
                             Analyze_NetMargin_Trend inputs=1                  
2025-12-08 15:32:20,251 - INFO -   ΓÜí µëºΦíîµû╣µ│ò 1/1: analyze_metric_trend
                    INFO       ΓÜí µëºΦíîµû╣µ│ò 1/1:             kedro_engine.py:303
                             analyze_metric_trend                              

≡ƒôè netprofit_margin Φ╢ïσè┐σêåµ₧É:   0%|                                      | 0/1914 [00:00<?, ?σà¼σÅ╕/s]
≡ƒôè netprofit_margin Φ╢ïσè┐σêåµ₧É:   1%|ΓûÅ                           | 11/1914 [00:00<00:18, 105.13σà¼σÅ╕/s]
≡ƒôè netprofit_margin Φ╢ïσè┐σêåµ₧É:   1%|ΓûÄ                           | 22/1914 [00:00<00:18, 104.03σà¼σÅ╕/s]
≡ƒôè netprofit_margin Φ╢ïσè┐σêåµ₧É:   2%|Γûì                           | 33/1914 [00:00<00:18, 100.64σà¼σÅ╕/s]
≡ƒôè netprofit_margin Φ╢ïσè┐σêåµ₧É:   2%|Γûï                           | 44/1914 [00:00<00:18, 103.62σà¼σÅ╕/s]
≡ƒôè netprofit_margin Φ╢ïσè┐σêåµ₧É:   3%|Γûè                           | 55/1914 [00:00<00:18, 102.66σà¼σÅ╕/s]
≡ƒôè netprofit_margin Φ╢ïσè┐σêåµ₧É:   4%|Γûë                           | 68/1914 [00:00<00:16, 109.52σà¼σÅ╕/s]
≡ƒôè netprofit_margin Φ╢ïσè┐σêåµ₧É:   4%|ΓûêΓûÅ                          | 80/1914 [00:00<00:16, 112.78σà¼σÅ╕/s]
≡ƒôè netprofit_margin Φ╢ïσè┐σêåµ₧É:   5%|ΓûêΓûì                          | 94/1914 [00:00<00:15, 119.66σà¼σÅ╕/s]
≡ƒôè netprofit_margin Φ╢ïσè┐σêåµ₧É:   6%|ΓûêΓûì                         | 106/1914 [00:00<00:15, 115.56σà¼σÅ╕/s]
≡ƒôè netprofit_margin Φ╢ïσè┐σêåµ₧É:   6%|ΓûêΓûï                         | 118/1914 [00:01<00:16, 110.12σà¼σÅ╕/s]
≡ƒôè netprofit_margin Φ╢ïσè┐σêåµ₧É:   7%|ΓûêΓûè                         | 130/1914 [00:01<00:16, 110.63σà¼σÅ╕/s]
≡ƒôè netprofit_margin Φ╢ïσè┐σêåµ₧É:   7%|ΓûêΓûê                         | 142/1914 [00:01<00:16, 110.14σà¼σÅ╕/s]
≡ƒôè netprofit_margin Φ╢ïσè┐σêåµ₧É:   8%|ΓûêΓûêΓûÅ                        | 155/1914 [00:01<00:15, 113.90σà¼σÅ╕/s]
≡ƒôè netprofit_margin Φ╢ïσè┐σêåµ₧É:   9%|ΓûêΓûêΓûÄ                        | 168/1914 [00:01<00:14, 117.11σà¼σÅ╕/s]
≡ƒôè netprofit_margin Φ╢ïσè┐σêåµ₧É:  10%|ΓûêΓûêΓûî                        | 182/1914 [00:01<00:14, 122.56σà¼σÅ╕/s]
≡ƒôè netprofit_margin Φ╢ïσè┐σêåµ₧É:  10%|ΓûêΓûêΓûè                        | 196/1914 [00:01<00:13, 126.11σà¼σÅ╕/s]
≡ƒôè netprofit_margin Φ╢ïσè┐σêåµ₧É:  11%|ΓûêΓûêΓûë                        | 210/1914 [00:01<00:13, 129.80σà¼σÅ╕/s]
≡ƒôè netprofit_margin Φ╢ïσè┐σêåµ₧É:  12%|ΓûêΓûêΓûêΓûÅ                       | 225/1914 [00:01<00:12, 132.78σà¼σÅ╕/s]
≡ƒôè netprofit_margin Φ╢ïσè┐σêåµ₧É:  12%|ΓûêΓûêΓûêΓûÄ                       | 239/1914 [00:02<00:12, 134.76σà¼σÅ╕/s]
≡ƒôè netprofit_margin Φ╢ïσè┐σêåµ₧É:  13%|ΓûêΓûêΓûêΓûî                       | 254/1914 [00:02<00:11, 138.48σà¼σÅ╕/s]
≡ƒôè netprofit_margin Φ╢ïσè┐σêåµ₧É:  14%|ΓûêΓûêΓûêΓûè                       | 269/1914 [00:02<00:11, 140.85σà¼σÅ╕/s]
≡ƒôè netprofit_margin Φ╢ïσè┐σêåµ₧É:  15%|ΓûêΓûêΓûêΓûê                       | 284/1914 [00:02<00:11, 141.17σà¼σÅ╕/s]
≡ƒôè netprofit_margin Φ╢ïσè┐σêåµ₧É:  16%|ΓûêΓûêΓûêΓûêΓûÅ                      | 299/1914 [00:02<00:11, 138.99σà¼σÅ╕/s]
≡ƒôè netprofit_margin Φ╢ïσè┐σêåµ₧É:  16%|ΓûêΓûêΓûêΓûêΓûì                      | 313/1914 [00:02<00:11, 137.68σà¼σÅ╕/s]
≡ƒôè netprofit_margin Φ╢ïσè┐σêåµ₧É:  17%|ΓûêΓûêΓûêΓûêΓûï                      | 328/1914 [00:02<00:11, 139.66σà¼σÅ╕/s]
≡ƒôè netprofit_margin Φ╢ïσè┐σêåµ₧É:  18%|ΓûêΓûêΓûêΓûêΓûè                      | 343/1914 [00:02<00:11, 140.85σà¼σÅ╕/s]
≡ƒôè netprofit_margin Φ╢ïσè┐σêåµ₧É:  19%|ΓûêΓûêΓûêΓûêΓûê                      | 358/1914 [00:02<00:11, 141.04σà¼σÅ╕/s]
≡ƒôè netprofit_margin Φ╢ïσè┐σêåµ₧É:  20%|ΓûêΓûêΓûêΓûêΓûêΓûÄ                     | 374/1914 [00:02<00:10, 142.68σà¼σÅ╕/s]
≡ƒôè netprofit_margin Φ╢ïσè┐σêåµ₧É:  20%|ΓûêΓûêΓûêΓûêΓûêΓûî                     | 390/1914 [00:03<00:10, 144.42σà¼σÅ╕/s]
≡ƒôè netprofit_margin Φ╢ïσè┐σêåµ₧É:  21%|ΓûêΓûêΓûêΓûêΓûêΓûï                     | 405/1914 [00:03<00:10, 143.15σà¼σÅ╕/s]
≡ƒôè netprofit_margin Φ╢ïσè┐σêåµ₧É:  22%|ΓûêΓûêΓûêΓûêΓûêΓûë                     | 420/1914 [00:03<00:10, 142.77σà¼σÅ╕/s]
≡ƒôè netprofit_margin Φ╢ïσè┐σêåµ₧É:  23%|ΓûêΓûêΓûêΓûêΓûêΓûêΓûÅ                    | 435/1914 [00:03<00:10, 140.02σà¼σÅ╕/s]
≡ƒôè netprofit_margin Φ╢ïσè┐σêåµ₧É:  24%|ΓûêΓûêΓûêΓûêΓûêΓûêΓûÄ                    | 450/1914 [00:03<00:10, 138.95σà¼σÅ╕/s]
≡ƒôè netprofit_margin Φ╢ïσè┐σêåµ₧É:  24%|ΓûêΓûêΓûêΓûêΓûêΓûêΓûî                    | 466/1914 [00:03<00:10, 140.15σà¼σÅ╕/s]
≡ƒôè netprofit_margin Φ╢ïσè┐σêåµ₧É:  25%|ΓûêΓûêΓûêΓûêΓûêΓûêΓûè                    | 481/1914 [00:03<00:10, 141.72σà¼σÅ╕/s]
≡ƒôè netprofit_margin Φ╢ïσè┐σêåµ₧É:  26%|ΓûêΓûêΓûêΓûêΓûêΓûêΓûë                    | 496/1914 [00:03<00:09, 143.66σà¼σÅ╕/s]
≡ƒôè netprofit_margin Φ╢ïσè┐σêåµ₧É:  27%|ΓûêΓûêΓûêΓûêΓûêΓûêΓûêΓûÅ                   | 511/1914 [00:03<00:09, 144.56σà¼σÅ╕/s]
≡ƒôè netprofit_margin Φ╢ïσè┐σêåµ₧É:  27%|ΓûêΓûêΓûêΓûêΓûêΓûêΓûêΓûì                   | 526/1914 [00:04<00:09, 140.52σà¼σÅ╕/s]
≡ƒôè netprofit_margin Φ╢ïσè┐σêåµ₧É:  28%|ΓûêΓûêΓûêΓûêΓûêΓûêΓûêΓûï                   | 541/1914 [00:04<00:09, 138.00σà¼σÅ╕/s]
≡ƒôè netprofit_margin Φ╢ïσè┐σêåµ₧É:  29%|ΓûêΓûêΓûêΓûêΓûêΓûêΓûêΓûè                   | 556/1914 [00:04<00:09, 139.16σà¼σÅ╕/s]
≡ƒôè netprofit_margin Φ╢ïσè┐σêåµ₧É:  30%|ΓûêΓûêΓûêΓûêΓûêΓûêΓûêΓûê                   | 571/1914 [00:04<00:09, 137.90σà¼σÅ╕/s]
≡ƒôè netprofit_margin Φ╢ïσè┐σêåµ₧É:  31%|ΓûêΓûêΓûêΓûêΓûêΓûêΓûêΓûêΓûÄ                  | 585/1914 [00:04<00:09, 136.19σà¼σÅ╕/s]
≡ƒôè netprofit_margin Φ╢ïσè┐σêåµ₧É:  31%|ΓûêΓûêΓûêΓûêΓûêΓûêΓûêΓûêΓûì                  | 600/1914 [00:04<00:09, 138.40σà¼σÅ╕/s]
≡ƒôè netprofit_margin Φ╢ïσè┐σêåµ₧É:  32%|ΓûêΓûêΓûêΓûêΓûêΓûêΓûêΓûêΓûï                  | 615/1914 [00:04<00:09, 139.49σà¼σÅ╕/s]
≡ƒôè netprofit_margin Φ╢ïσè┐σêåµ₧É:  33%|ΓûêΓûêΓûêΓûêΓûêΓûêΓûêΓûêΓûè                  | 629/1914 [00:04<00:09, 137.84σà¼σÅ╕/s]
≡ƒôè netprofit_margin Φ╢ïσè┐σêåµ₧É:  34%|ΓûêΓûêΓûêΓûêΓûêΓûêΓûêΓûêΓûê                  | 644/1914 [00:04<00:09, 139.13σà¼σÅ╕/s]
≡ƒôè netprofit_margin Φ╢ïσè┐σêåµ₧É:  34%|ΓûêΓûêΓûêΓûêΓûêΓûêΓûêΓûêΓûêΓûÄ                 | 659/1914 [00:05<00:08, 140.61σà¼σÅ╕/s]
≡ƒôè netprofit_margin Φ╢ïσè┐σêåµ₧É:  35%|ΓûêΓûêΓûêΓûêΓûêΓûêΓûêΓûêΓûêΓûî                 | 674/1914 [00:05<00:08, 142.55σà¼σÅ╕/s]
≡ƒôè netprofit_margin Φ╢ïσè┐σêåµ₧É:  36%|ΓûêΓûêΓûêΓûêΓûêΓûêΓûêΓûêΓûêΓûï                 | 689/1914 [00:05<00:08, 144.17σà¼σÅ╕/s]
≡ƒôè netprofit_margin Φ╢ïσè┐σêåµ₧É:  37%|ΓûêΓûêΓûêΓûêΓûêΓûêΓûêΓûêΓûêΓûë                 | 704/1914 [00:05<00:08, 144.66σà¼σÅ╕/s]
≡ƒôè netprofit_margin Φ╢ïσè┐σêåµ₧É:  38%|ΓûêΓûêΓûêΓûêΓûêΓûêΓûêΓûêΓûêΓûêΓûÅ                | 719/1914 [00:05<00:08, 138.58σà¼σÅ╕/s]
≡ƒôè netprofit_margin Φ╢ïσè┐σêåµ₧É:  38%|ΓûêΓûêΓûêΓûêΓûêΓûêΓûêΓûêΓûêΓûêΓûÄ                | 733/1914 [00:05<00:08, 136.87σà¼σÅ╕/s]
≡ƒôè netprofit_margin Φ╢ïσè┐σêåµ₧É:  39%|ΓûêΓûêΓûêΓûêΓûêΓûêΓûêΓûêΓûêΓûêΓûî                | 747/1914 [00:05<00:08, 137.74σà¼σÅ╕/s]
≡ƒôè netprofit_margin Φ╢ïσè┐σêåµ₧É:  40%|ΓûêΓûêΓûêΓûêΓûêΓûêΓûêΓûêΓûêΓûêΓûï                | 762/1914 [00:05<00:08, 139.05σà¼σÅ╕/s]
≡ƒôè netprofit_margin Φ╢ïσè┐σêåµ₧É:  41%|ΓûêΓûêΓûêΓûêΓûêΓûêΓûêΓûêΓûêΓûêΓûë                | 776/1914 [00:05<00:08, 137.66σà¼σÅ╕/s]
≡ƒôè netprofit_margin Φ╢ïσè┐σêåµ₧É:  41%|ΓûêΓûêΓûêΓûêΓûêΓûêΓûêΓûêΓûêΓûêΓûêΓûÅ               | 791/1914 [00:05<00:08, 139.28σà¼σÅ╕/s]
≡ƒôè netprofit_margin Φ╢ïσè┐σêåµ₧É:  42%|ΓûêΓûêΓûêΓûêΓûêΓûêΓûêΓûêΓûêΓûêΓûêΓûÄ               | 806/1914 [00:06<00:07, 141.98σà¼σÅ╕/s]
≡ƒôè netprofit_margin Φ╢ïσè┐σêåµ₧É:  43%|ΓûêΓûêΓûêΓûêΓûêΓûêΓûêΓûêΓûêΓûêΓûêΓûî               | 822/1914 [00:06<00:07, 144.22σà¼σÅ╕/s]
≡ƒôè netprofit_margin Φ╢ïσè┐σêåµ₧É:  44%|ΓûêΓûêΓûêΓûêΓûêΓûêΓûêΓûêΓûêΓûêΓûêΓûè               | 838/1914 [00:06<00:07, 144.51σà¼σÅ╕/s]
≡ƒôè netprofit_margin Φ╢ïσè┐σêåµ₧É:  45%|ΓûêΓûêΓûêΓûêΓûêΓûêΓûêΓûêΓûêΓûêΓûêΓûê               | 853/1914 [00:06<00:07, 140.92σà¼σÅ╕/s]
≡ƒôè netprofit_margin Φ╢ïσè┐σêåµ₧É:  45%|ΓûêΓûêΓûêΓûêΓûêΓûêΓûêΓûêΓûêΓûêΓûêΓûêΓûÅ              | 868/1914 [00:06<00:07, 139.66σà¼σÅ╕/s]
≡ƒôè netprofit_margin Φ╢ïσè┐σêåµ₧É:  46%|ΓûêΓûêΓûêΓûêΓûêΓûêΓûêΓûêΓûêΓûêΓûêΓûêΓûì              | 883/1914 [00:06<00:07, 141.60σà¼σÅ╕/s]
≡ƒôè netprofit_margin Φ╢ïσè┐σêåµ₧É:  47%|ΓûêΓûêΓûêΓûêΓûêΓûêΓûêΓûêΓûêΓûêΓûêΓûêΓûï              | 898/1914 [00:06<00:07, 139.21σà¼σÅ╕/s]
≡ƒôè netprofit_margin Φ╢ïσè┐σêåµ₧É:  48%|ΓûêΓûêΓûêΓûêΓûêΓûêΓûêΓûêΓûêΓûêΓûêΓûêΓûë              | 913/1914 [00:06<00:07, 141.06σà¼σÅ╕/s]
≡ƒôè netprofit_margin Φ╢ïσè┐σêåµ₧É:  48%|ΓûêΓûêΓûêΓûêΓûêΓûêΓûêΓûêΓûêΓûêΓûêΓûêΓûê              | 928/1914 [00:06<00:06, 141.14σà¼σÅ╕/s]
≡ƒôè netprofit_margin Φ╢ïσè┐σêåµ₧É:  49%|ΓûêΓûêΓûêΓûêΓûêΓûêΓûêΓûêΓûêΓûêΓûêΓûêΓûêΓûÄ             | 943/1914 [00:07<00:06, 141.01σà¼σÅ╕/s]
≡ƒôè netprofit_margin Φ╢ïσè┐σêåµ₧É:  50%|ΓûêΓûêΓûêΓûêΓûêΓûêΓûêΓûêΓûêΓûêΓûêΓûêΓûêΓûî             | 959/1914 [00:07<00:06, 142.37σà¼σÅ╕/s]
≡ƒôè netprofit_margin Φ╢ïσè┐σêåµ₧É:  51%|ΓûêΓûêΓûêΓûêΓûêΓûêΓûêΓûêΓûêΓûêΓûêΓûêΓûêΓûï             | 974/1914 [00:07<00:06, 138.12σà¼σÅ╕/s]
≡ƒôè netprofit_margin Φ╢ïσè┐σêåµ₧É:  52%|ΓûêΓûêΓûêΓûêΓûêΓûêΓûêΓûêΓûêΓûêΓûêΓûêΓûêΓûë             | 988/1914 [00:07<00:06, 137.93σà¼σÅ╕/s]
≡ƒôè netprofit_margin Φ╢ïσè┐σêåµ₧É:  52%|ΓûêΓûêΓûêΓûêΓûêΓûêΓûêΓûêΓûêΓûêΓûêΓûêΓûêΓûî            | 1002/1914 [00:07<00:06, 133.08σà¼σÅ╕/s]
≡ƒôè netprofit_margin Φ╢ïσè┐σêåµ₧É:  53%|ΓûêΓûêΓûêΓûêΓûêΓûêΓûêΓûêΓûêΓûêΓûêΓûêΓûêΓûè            | 1016/1914 [00:07<00:06, 134.45σà¼σÅ╕/s]
≡ƒôè netprofit_margin Φ╢ïσè┐σêåµ₧É:  54%|ΓûêΓûêΓûêΓûêΓûêΓûêΓûêΓûêΓûêΓûêΓûêΓûêΓûêΓûê            | 1031/1914 [00:07<00:06, 135.64σà¼σÅ╕/s]
≡ƒôè netprofit_margin Φ╢ïσè┐σêåµ₧É:  55%|ΓûêΓûêΓûêΓûêΓûêΓûêΓûêΓûêΓûêΓûêΓûêΓûêΓûêΓûêΓûÅ           | 1046/1914 [00:07<00:06, 139.09σà¼σÅ╕/s]
≡ƒôè netprofit_margin Φ╢ïσè┐σêåµ₧É:  55%|ΓûêΓûêΓûêΓûêΓûêΓûêΓûêΓûêΓûêΓûêΓûêΓûêΓûêΓûêΓûì           | 1062/1914 [00:07<00:06, 141.10σà¼σÅ╕/s]
≡ƒôè netprofit_margin Φ╢ïσè┐σêåµ₧É:  56%|ΓûêΓûêΓûêΓûêΓûêΓûêΓûêΓûêΓûêΓûêΓûêΓûêΓûêΓûêΓûï           | 1077/1914 [00:07<00:05, 142.23σà¼σÅ╕/s]
≡ƒôè netprofit_margin Φ╢ïσè┐σêåµ₧É:  57%|ΓûêΓûêΓûêΓûêΓûêΓûêΓûêΓûêΓûêΓûêΓûêΓûêΓûêΓûêΓûè           | 1093/1914 [00:08<00:05, 144.36σà¼σÅ╕/s]
≡ƒôè netprofit_margin Φ╢ïσè┐σêåµ₧É:  58%|ΓûêΓûêΓûêΓûêΓûêΓûêΓûêΓûêΓûêΓûêΓûêΓûêΓûêΓûêΓûê           | 1109/1914 [00:08<00:05, 146.66σà¼σÅ╕/s]
≡ƒôè netprofit_margin Φ╢ïσè┐σêåµ₧É:  59%|ΓûêΓûêΓûêΓûêΓûêΓûêΓûêΓûêΓûêΓûêΓûêΓûêΓûêΓûêΓûêΓûÄ          | 1124/1914 [00:08<00:05, 143.37σà¼σÅ╕/s]
≡ƒôè netprofit_margin Φ╢ïσè┐σêåµ₧É:  60%|ΓûêΓûêΓûêΓûêΓûêΓûêΓûêΓûêΓûêΓûêΓûêΓûêΓûêΓûêΓûêΓûì          | 1139/1914 [00:08<00:05, 139.65σà¼σÅ╕/s]
≡ƒôè netprofit_margin Φ╢ïσè┐σêåµ₧É:  60%|ΓûêΓûêΓûêΓûêΓûêΓûêΓûêΓûêΓûêΓûêΓûêΓûêΓûêΓûêΓûêΓûï          | 1153/1914 [00:08<00:05, 139.74σà¼σÅ╕/s]
≡ƒôè netprofit_margin Φ╢ïσè┐σêåµ₧É:  61%|ΓûêΓûêΓûêΓûêΓûêΓûêΓûêΓûêΓûêΓûêΓûêΓûêΓûêΓûêΓûêΓûè          | 1168/1914 [00:08<00:05, 138.66σà¼σÅ╕/s]
≡ƒôè netprofit_margin Φ╢ïσè┐σêåµ₧É:  62%|ΓûêΓûêΓûêΓûêΓûêΓûêΓûêΓûêΓûêΓûêΓûêΓûêΓûêΓûêΓûêΓûê          | 1183/1914 [00:08<00:05, 140.83σà¼σÅ╕/s]
≡ƒôè netprofit_margin Φ╢ïσè┐σêåµ₧É:  63%|ΓûêΓûêΓûêΓûêΓûêΓûêΓûêΓûêΓûêΓûêΓûêΓûêΓûêΓûêΓûêΓûêΓûÄ         | 1198/1914 [00:08<00:05, 142.22σà¼σÅ╕/s]
≡ƒôè netprofit_margin Φ╢ïσè┐σêåµ₧É:  63%|ΓûêΓûêΓûêΓûêΓûêΓûêΓûêΓûêΓûêΓûêΓûêΓûêΓûêΓûêΓûêΓûêΓûì         | 1213/1914 [00:08<00:04, 140.30σà¼σÅ╕/s]
≡ƒôè netprofit_margin Φ╢ïσè┐σêåµ₧É:  64%|ΓûêΓûêΓûêΓûêΓûêΓûêΓûêΓûêΓûêΓûêΓûêΓûêΓûêΓûêΓûêΓûêΓûï         | 1229/1914 [00:09<00:04, 144.29σà¼σÅ╕/s]
≡ƒôè netprofit_margin Φ╢ïσè┐σêåµ₧É:  65%|ΓûêΓûêΓûêΓûêΓûêΓûêΓûêΓûêΓûêΓûêΓûêΓûêΓûêΓûêΓûêΓûêΓûë         | 1244/1914 [00:09<00:04, 144.81σà¼σÅ╕/s]
≡ƒôè netprofit_margin Φ╢ïσè┐σêåµ₧É:  66%|ΓûêΓûêΓûêΓûêΓûêΓûêΓûêΓûêΓûêΓûêΓûêΓûêΓûêΓûêΓûêΓûêΓûê         | 1259/1914 [00:09<00:04, 142.06σà¼σÅ╕/s]
≡ƒôè netprofit_margin Φ╢ïσè┐σêåµ₧É:  67%|ΓûêΓûêΓûêΓûêΓûêΓûêΓûêΓûêΓûêΓûêΓûêΓûêΓûêΓûêΓûêΓûêΓûêΓûÄ        | 1274/1914 [00:09<00:04, 140.21σà¼σÅ╕/s]
≡ƒôè netprofit_margin Φ╢ïσè┐σêåµ₧É:  67%|ΓûêΓûêΓûêΓûêΓûêΓûêΓûêΓûêΓûêΓûêΓûêΓûêΓûêΓûêΓûêΓûêΓûêΓûî        | 1289/1914 [00:09<00:04, 139.26σà¼σÅ╕/s]
≡ƒôè netprofit_margin Φ╢ïσè┐σêåµ₧É:  68%|ΓûêΓûêΓûêΓûêΓûêΓûêΓûêΓûêΓûêΓûêΓûêΓûêΓûêΓûêΓûêΓûêΓûêΓûï        | 1304/1914 [00:09<00:04, 140.21σà¼σÅ╕/s]
≡ƒôè netprofit_margin Φ╢ïσè┐σêåµ₧É:  69%|ΓûêΓûêΓûêΓûêΓûêΓûêΓûêΓûêΓûêΓûêΓûêΓûêΓûêΓûêΓûêΓûêΓûêΓûë        | 1319/1914 [00:09<00:04, 138.38σà¼σÅ╕/s]
≡ƒôè netprofit_margin Φ╢ïσè┐σêåµ₧É:  70%|ΓûêΓûêΓûêΓûêΓûêΓûêΓûêΓûêΓûêΓûêΓûêΓûêΓûêΓûêΓûêΓûêΓûêΓûê        | 1333/1914 [00:09<00:04, 138.82σà¼σÅ╕/s]
≡ƒôè netprofit_margin Φ╢ïσè┐σêåµ₧É:  70%|ΓûêΓûêΓûêΓûêΓûêΓûêΓûêΓûêΓûêΓûêΓûêΓûêΓûêΓûêΓûêΓûêΓûêΓûêΓûÄ       | 1347/1914 [00:09<00:04, 136.80σà¼σÅ╕/s]
≡ƒôè netprofit_margin Φ╢ïσè┐σêåµ₧É:  71%|ΓûêΓûêΓûêΓûêΓûêΓûêΓûêΓûêΓûêΓûêΓûêΓûêΓûêΓûêΓûêΓûêΓûêΓûêΓûî       | 1362/1914 [00:10<00:03, 138.98σà¼σÅ╕/s]
≡ƒôè netprofit_margin Φ╢ïσè┐σêåµ₧É:  72%|ΓûêΓûêΓûêΓûêΓûêΓûêΓûêΓûêΓûêΓûêΓûêΓûêΓûêΓûêΓûêΓûêΓûêΓûêΓûï       | 1376/1914 [00:10<00:03, 135.29σà¼σÅ╕/s]
≡ƒôè netprofit_margin Φ╢ïσè┐σêåµ₧É:  73%|ΓûêΓûêΓûêΓûêΓûêΓûêΓûêΓûêΓûêΓûêΓûêΓûêΓûêΓûêΓûêΓûêΓûêΓûêΓûë       | 1390/1914 [00:10<00:04, 117.90σà¼σÅ╕/s]
≡ƒôè netprofit_margin Φ╢ïσè┐σêåµ₧É:  73%|ΓûêΓûêΓûêΓûêΓûêΓûêΓûêΓûêΓûêΓûêΓûêΓûêΓûêΓûêΓûêΓûêΓûêΓûêΓûê       | 1403/1914 [00:10<00:04, 114.43σà¼σÅ╕/s]
≡ƒôè netprofit_margin Φ╢ïσè┐σêåµ₧É:  74%|ΓûêΓûêΓûêΓûêΓûêΓûêΓûêΓûêΓûêΓûêΓûêΓûêΓûêΓûêΓûêΓûêΓûêΓûêΓûêΓûÅ      | 1416/1914 [00:10<00:04, 116.01σà¼σÅ╕/s]
≡ƒôè netprofit_margin Φ╢ïσè┐σêåµ₧É:  75%|ΓûêΓûêΓûêΓûêΓûêΓûêΓûêΓûêΓûêΓûêΓûêΓûêΓûêΓûêΓûêΓûêΓûêΓûêΓûêΓûì      | 1429/1914 [00:10<00:04, 119.11σà¼σÅ╕/s]
≡ƒôè netprofit_margin Φ╢ïσè┐σêåµ₧É:  75%|ΓûêΓûêΓûêΓûêΓûêΓûêΓûêΓûêΓûêΓûêΓûêΓûêΓûêΓûêΓûêΓûêΓûêΓûêΓûêΓûî      | 1442/1914 [00:10<00:03, 118.02σà¼σÅ╕/s]
≡ƒôè netprofit_margin Φ╢ïσè┐σêåµ₧É:  76%|ΓûêΓûêΓûêΓûêΓûêΓûêΓûêΓûêΓûêΓûêΓûêΓûêΓûêΓûêΓûêΓûêΓûêΓûêΓûêΓûè      | 1454/1914 [00:10<00:03, 116.83σà¼σÅ╕/s]
≡ƒôè netprofit_margin Φ╢ïσè┐σêåµ₧É:  77%|ΓûêΓûêΓûêΓûêΓûêΓûêΓûêΓûêΓûêΓûêΓûêΓûêΓûêΓûêΓûêΓûêΓûêΓûêΓûêΓûë      | 1468/1914 [00:10<00:03, 122.97σà¼σÅ╕/s]
≡ƒôè netprofit_margin Φ╢ïσè┐σêåµ₧É:  77%|ΓûêΓûêΓûêΓûêΓûêΓûêΓûêΓûêΓûêΓûêΓûêΓûêΓûêΓûêΓûêΓûêΓûêΓûêΓûêΓûê      | 1481/1914 [00:11<00:03, 121.72σà¼σÅ╕/s]
≡ƒôè netprofit_margin Φ╢ïσè┐σêåµ₧É:  78%|ΓûêΓûêΓûêΓûêΓûêΓûêΓûêΓûêΓûêΓûêΓûêΓûêΓûêΓûêΓûêΓûêΓûêΓûêΓûêΓûêΓûÄ     | 1494/1914 [00:11<00:03, 122.32σà¼σÅ╕/s]
≡ƒôè netprofit_margin Φ╢ïσè┐σêåµ₧É:  79%|ΓûêΓûêΓûêΓûêΓûêΓûêΓûêΓûêΓûêΓûêΓûêΓûêΓûêΓûêΓûêΓûêΓûêΓûêΓûêΓûêΓûì     | 1508/1914 [00:11<00:03, 126.74σà¼σÅ╕/s]
≡ƒôè netprofit_margin Φ╢ïσè┐σêåµ₧É:  80%|ΓûêΓûêΓûêΓûêΓûêΓûêΓûêΓûêΓûêΓûêΓûêΓûêΓûêΓûêΓûêΓûêΓûêΓûêΓûêΓûêΓûï     | 1522/1914 [00:11<00:03, 129.52σà¼σÅ╕/s]
≡ƒôè netprofit_margin Φ╢ïσè┐σêåµ₧É:  80%|ΓûêΓûêΓûêΓûêΓûêΓûêΓûêΓûêΓûêΓûêΓûêΓûêΓûêΓûêΓûêΓûêΓûêΓûêΓûêΓûêΓûè     | 1535/1914 [00:11<00:03, 124.59σà¼σÅ╕/s]
≡ƒôè netprofit_margin Φ╢ïσè┐σêåµ₧É:  81%|ΓûêΓûêΓûêΓûêΓûêΓûêΓûêΓûêΓûêΓûêΓûêΓûêΓûêΓûêΓûêΓûêΓûêΓûêΓûêΓûêΓûê     | 1549/1914 [00:11<00:02, 127.91σà¼σÅ╕/s]
≡ƒôè netprofit_margin Φ╢ïσè┐σêåµ₧É:  82%|ΓûêΓûêΓûêΓûêΓûêΓûêΓûêΓûêΓûêΓûêΓûêΓûêΓûêΓûêΓûêΓûêΓûêΓûêΓûêΓûêΓûêΓûÅ    | 1563/1914 [00:11<00:02, 130.24σà¼σÅ╕/s]
[12/08/25 15:32:32] WARNING  688302.SH                              core.py:682
                             µîçµáçnetprofit_marginΘóäσñäτÉåσñ▒Φ┤Ñ:                   
                             µ£ëµòêµò░µì«Σ╕ìΦ╢│                                      
≡ƒôè netprofit_margin Φ╢ïσè┐σêåµ₧É:  82%|ΓûêΓûêΓûêΓûêΓûêΓûêΓûêΓûêΓûêΓûêΓûêΓûêΓûêΓûêΓûêΓûêΓûêΓûêΓûêΓûêΓûêΓûì    | 1577/1914 [00:11<00:02, 132.98σà¼σÅ╕/s]
≡ƒôè netprofit_margin Φ╢ïσè┐σêåµ₧É:  83%|ΓûêΓûêΓûêΓûêΓûêΓûêΓûêΓûêΓûêΓûêΓûêΓûêΓûêΓûêΓûêΓûêΓûêΓûêΓûêΓûêΓûêΓûï    | 1593/1914 [00:11<00:02, 139.31σà¼σÅ╕/s]
≡ƒôè netprofit_margin Φ╢ïσè┐σêåµ₧É:  84%|ΓûêΓûêΓûêΓûêΓûêΓûêΓûêΓûêΓûêΓûêΓûêΓûêΓûêΓûêΓûêΓûêΓûêΓûêΓûêΓûêΓûêΓûè    | 1608/1914 [00:11<00:02, 142.24σà¼σÅ╕/s]
                    WARNING  688382.SH                              core.py:682
                             µîçµáçnetprofit_marginΘóäσñäτÉåσñ▒Φ┤Ñ:                   
                             µ£ëµòêµò░µì«Σ╕ìΦ╢│                                      
≡ƒôè netprofit_margin Φ╢ïσè┐σêåµ₧É:  85%|ΓûêΓûêΓûêΓûêΓûêΓûêΓûêΓûêΓûêΓûêΓûêΓûêΓûêΓûêΓûêΓûêΓûêΓûêΓûêΓûêΓûêΓûê    | 1624/1914 [00:12<00:01, 145.16σà¼σÅ╕/s]
≡ƒôè netprofit_margin Φ╢ïσè┐σêåµ₧É:  86%|ΓûêΓûêΓûêΓûêΓûêΓûêΓûêΓûêΓûêΓûêΓûêΓûêΓûêΓûêΓûêΓûêΓûêΓûêΓûêΓûêΓûêΓûêΓûÄ   | 1640/1914 [00:12<00:01, 147.74σà¼σÅ╕/s]
≡ƒôè netprofit_margin Φ╢ïσè┐σêåµ₧É:  86%|ΓûêΓûêΓûêΓûêΓûêΓûêΓûêΓûêΓûêΓûêΓûêΓûêΓûêΓûêΓûêΓûêΓûêΓûêΓûêΓûêΓûêΓûêΓûì   | 1655/1914 [00:12<00:01, 142.90σà¼σÅ╕/s]
≡ƒôè netprofit_margin Φ╢ïσè┐σêåµ₧É:  87%|ΓûêΓûêΓûêΓûêΓûêΓûêΓûêΓûêΓûêΓûêΓûêΓûêΓûêΓûêΓûêΓûêΓûêΓûêΓûêΓûêΓûêΓûêΓûï   | 1670/1914 [00:12<00:01, 139.91σà¼σÅ╕/s]
≡ƒôè netprofit_margin Φ╢ïσè┐σêåµ₧É:  88%|ΓûêΓûêΓûêΓûêΓûêΓûêΓûêΓûêΓûêΓûêΓûêΓûêΓûêΓûêΓûêΓûêΓûêΓûêΓûêΓûêΓûêΓûêΓûë   | 1685/1914 [00:12<00:01, 137.72σà¼σÅ╕/s]
≡ƒôè netprofit_margin Φ╢ïσè┐σêåµ₧É:  89%|ΓûêΓûêΓûêΓûêΓûêΓûêΓûêΓûêΓûêΓûêΓûêΓûêΓûêΓûêΓûêΓûêΓûêΓûêΓûêΓûêΓûêΓûêΓûê   | 1700/1914 [00:12<00:01, 140.54σà¼σÅ╕/s]
≡ƒôè netprofit_margin Φ╢ïσè┐σêåµ₧É:  90%|ΓûêΓûêΓûêΓûêΓûêΓûêΓûêΓûêΓûêΓûêΓûêΓûêΓûêΓûêΓûêΓûêΓûêΓûêΓûêΓûêΓûêΓûêΓûêΓûÄ  | 1715/1914 [00:12<00:01, 138.44σà¼σÅ╕/s]
≡ƒôè netprofit_margin Φ╢ïσè┐σêåµ₧É:  90%|ΓûêΓûêΓûêΓûêΓûêΓûêΓûêΓûêΓûêΓûêΓûêΓûêΓûêΓûêΓûêΓûêΓûêΓûêΓûêΓûêΓûêΓûêΓûêΓûî  | 1730/1914 [00:12<00:01, 140.21σà¼σÅ╕/s]
≡ƒôè netprofit_margin Φ╢ïσè┐σêåµ₧É:  91%|ΓûêΓûêΓûêΓûêΓûêΓûêΓûêΓûêΓûêΓûêΓûêΓûêΓûêΓûêΓûêΓûêΓûêΓûêΓûêΓûêΓûêΓûêΓûêΓûï  | 1745/1914 [00:12<00:01, 139.15σà¼σÅ╕/s]
≡ƒôè netprofit_margin Φ╢ïσè┐σêåµ₧É:  92%|ΓûêΓûêΓûêΓûêΓûêΓûêΓûêΓûêΓûêΓûêΓûêΓûêΓûêΓûêΓûêΓûêΓûêΓûêΓûêΓûêΓûêΓûêΓûêΓûë  | 1760/1914 [00:13<00:01, 141.13σà¼σÅ╕/s]
≡ƒôè netprofit_margin Φ╢ïσè┐σêåµ₧É:  93%|ΓûêΓûêΓûêΓûêΓûêΓûêΓûêΓûêΓûêΓûêΓûêΓûêΓûêΓûêΓûêΓûêΓûêΓûêΓûêΓûêΓûêΓûêΓûêΓûê  | 1775/1914 [00:13<00:00, 141.84σà¼σÅ╕/s]
≡ƒôè netprofit_margin Φ╢ïσè┐σêåµ₧É:  94%|ΓûêΓûêΓûêΓûêΓûêΓûêΓûêΓûêΓûêΓûêΓûêΓûêΓûêΓûêΓûêΓûêΓûêΓûêΓûêΓûêΓûêΓûêΓûêΓûêΓûÄ | 1790/1914 [00:13<00:00, 141.92σà¼σÅ╕/s]
≡ƒôè netprofit_margin Φ╢ïσè┐σêåµ₧É:  94%|ΓûêΓûêΓûêΓûêΓûêΓûêΓûêΓûêΓûêΓûêΓûêΓûêΓûêΓûêΓûêΓûêΓûêΓûêΓûêΓûêΓûêΓûêΓûêΓûêΓûî | 1805/1914 [00:13<00:00, 137.39σà¼σÅ╕/s]
≡ƒôè netprofit_margin Φ╢ïσè┐σêåµ₧É:  95%|ΓûêΓûêΓûêΓûêΓûêΓûêΓûêΓûêΓûêΓûêΓûêΓûêΓûêΓûêΓûêΓûêΓûêΓûêΓûêΓûêΓûêΓûêΓûêΓûêΓûï | 1819/1914 [00:13<00:00, 134.28σà¼σÅ╕/s]
≡ƒôè netprofit_margin Φ╢ïσè┐σêåµ₧É:  96%|ΓûêΓûêΓûêΓûêΓûêΓûêΓûêΓûêΓûêΓûêΓûêΓûêΓûêΓûêΓûêΓûêΓûêΓûêΓûêΓûêΓûêΓûêΓûêΓûêΓûë | 1833/1914 [00:13<00:00, 134.32σà¼σÅ╕/s]
≡ƒôè netprofit_margin Φ╢ïσè┐σêåµ₧É:  96%|ΓûêΓûêΓûêΓûêΓûêΓûêΓûêΓûêΓûêΓûêΓûêΓûêΓûêΓûêΓûêΓûêΓûêΓûêΓûêΓûêΓûêΓûêΓûêΓûêΓûê | 1847/1914 [00:13<00:00, 133.73σà¼σÅ╕/s]
≡ƒôè netprofit_margin Φ╢ïσè┐σêåµ₧É:  97%|ΓûêΓûêΓûêΓûêΓûêΓûêΓûêΓûêΓûêΓûêΓûêΓûêΓûêΓûêΓûêΓûêΓûêΓûêΓûêΓûêΓûêΓûêΓûêΓûêΓûêΓûÄ| 1861/1914 [00:13<00:00, 135.49σà¼σÅ╕/s]
≡ƒôè netprofit_margin Φ╢ïσè┐σêåµ₧É:  98%|ΓûêΓûêΓûêΓûêΓûêΓûêΓûêΓûêΓûêΓûêΓûêΓûêΓûêΓûêΓûêΓûêΓûêΓûêΓûêΓûêΓûêΓûêΓûêΓûêΓûêΓûì| 1876/1914 [00:13<00:00, 139.10σà¼σÅ╕/s]
≡ƒôè netprofit_margin Φ╢ïσè┐σêåµ₧É:  99%|ΓûêΓûêΓûêΓûêΓûêΓûêΓûêΓûêΓûêΓûêΓûêΓûêΓûêΓûêΓûêΓûêΓûêΓûêΓûêΓûêΓûêΓûêΓûêΓûêΓûêΓûï| 1891/1914 [00:14<00:00, 140.09σà¼σÅ╕/s]
≡ƒôè netprofit_margin Φ╢ïσè┐σêåµ₧É: 100%|ΓûêΓûêΓûêΓûêΓûêΓûêΓûêΓûêΓûêΓûêΓûêΓûêΓûêΓûêΓûêΓûêΓûêΓûêΓûêΓûêΓûêΓûêΓûêΓûêΓûêΓûë| 1907/1914 [00:14<00:00, 145.80σà¼σÅ╕/s]
≡ƒôè netprofit_margin Φ╢ïσè┐σêåµ₧É: 100%|ΓûêΓûêΓûêΓûêΓûêΓûêΓûêΓûêΓûêΓûêΓûêΓûêΓûêΓûêΓûêΓûêΓûêΓûêΓûêΓûêΓûêΓûêΓûêΓûêΓûêΓûê| 1914/1914 [00:14<00:00, 135.23σà¼σÅ╕/s]
2025-12-08 15:32:34,544 - INFO -   Γ£à µû╣µ│ò analyze_metric_trend µëºΦíîσ«îµêÉ
[12/08/25 15:32:34] INFO       Γ£à µû╣µ│ò analyze_metric_trend kedro_engine.py:365
2025-12-08 15:32:34,544 - INFO - ≡ƒÄ» µû╣µ│òσ║ÅσêùµëºΦíîσ«îµêÉ∩╝îσà▒ 1 Σ╕¬µû╣µ│ò
                             µëºΦíîσ«îµêÉ                                          
                    INFO     ≡ƒÄ» µû╣µ│òσ║ÅσêùµëºΦíîσ«îµêÉ∩╝îσà▒ 1      kedro_engine.py:366
                             Σ╕¬µû╣µ│ò                                            
                    INFO     [PLUGIN] <- node                    loggers.py:308
                             Analyze_NetMargin_Trend                           
                             duration=14.394003600114956s                      
                             cached=False                                      
                    INFO     Γ£à Φèéτé╣σ«îµêÉ:                 prefect_engine.py:616
                             Analyze_NetMargin_Trend ->                        
                             ['Analyze_NetMargin_Trend__N                      
                             etMargin_Trend_Result']                           
[12/08/25 15:32:35] INFO     Finished in state Completed()   task_engine.py:292
[12/08/25 15:32:36] WARNING  Concurrency limits                 _asyncio.py:111
                             ['tag:kedro-node'] do not exist -                 
                             skipping acquisition.                             
                    INFO     ≡ƒÜÇ µëºΦíîKedroΦèéτé╣:            prefect_engine.py:548
                             Analyze_Profit_Trend                              
2025-12-08 15:32:36,387 - INFO - ≡ƒöä µëºΦíîµû╣µ│òσ║Åσêù: ['analyze_metric_trend']
                    INFO     ≡ƒöä µëºΦíîµû╣µ│òσ║Åσêù:               kedro_engine.py:292
                             ['analyze_metric_trend']                          
                    INFO     [PLUGIN] -> node                    loggers.py:308
                             Analyze_Profit_Trend inputs=1                     
2025-12-08 15:32:36,390 - INFO -   ΓÜí µëºΦíîµû╣µ│ò 1/1: analyze_metric_trend
                    INFO       ΓÜí µëºΦíîµû╣µ│ò 1/1:             kedro_engine.py:303
                             analyze_metric_trend                              

                    WARNING  C:\Users\jusu2\OneDrive -          warnings.py:110
                             Cisco\µíîΘ¥ó\AStock-Analysis\src\ast                
                             ock\business_engines\analyzers\tre                
                             nd\probes\volatility_probe.py:63:                 
                             NearConstantInputWarning: An input                
                             array is nearly constant; the                     
                             computed correlation coefficient                  
                             may be inaccurate.                                
                               lag1_corr, _ =                                  
                             stats.pearsonr(abs_changes[:-1],                  
                             abs_changes[1:])                                  
                                                                               
≡ƒôè eps Φ╢ïσè┐σêåµ₧É:   0%|                                                   | 0/1914 [00:00<?, ?σà¼σÅ╕/s]
≡ƒôè eps Φ╢ïσè┐σêåµ₧É:   1%|ΓûÅ                                         | 10/1914 [00:00<00:19, 95.79σà¼σÅ╕/s]
≡ƒôè eps Φ╢ïσè┐σêåµ₧É:   1%|Γûì                                         | 20/1914 [00:00<00:21, 86.69σà¼σÅ╕/s]
≡ƒôè eps Φ╢ïσè┐σêåµ₧É:   2%|Γûï                                         | 29/1914 [00:00<00:21, 88.04σà¼σÅ╕/s]
≡ƒôè eps Φ╢ïσè┐σêåµ₧É:   2%|Γûè                                         | 39/1914 [00:00<00:20, 91.83σà¼σÅ╕/s]
≡ƒôè eps Φ╢ïσè┐σêåµ₧É:   3%|Γûê                                         | 49/1914 [00:00<00:20, 89.17σà¼σÅ╕/s]
≡ƒôè eps Φ╢ïσè┐σêåµ₧É:   3%|ΓûêΓûÄ                                        | 61/1914 [00:00<00:19, 97.17σà¼σÅ╕/s]
≡ƒôè eps Φ╢ïσè┐σêåµ₧É:   4%|ΓûêΓûî                                       | 74/1914 [00:00<00:17, 105.49σà¼σÅ╕/s]
≡ƒôè eps Φ╢ïσè┐σêåµ₧É:   5%|ΓûêΓûè                                       | 87/1914 [00:00<00:16, 111.90σà¼σÅ╕/s]
≡ƒôè eps Φ╢ïσè┐σêåµ₧É:   5%|ΓûêΓûê                                      | 100/1914 [00:00<00:16, 112.95σà¼σÅ╕/s]
≡ƒôè eps Φ╢ïσè┐σêåµ₧É:   6%|ΓûêΓûêΓûÄ                                     | 112/1914 [00:01<00:16, 110.15σà¼σÅ╕/s]
≡ƒôè eps Φ╢ïσè┐σêåµ₧É:   6%|ΓûêΓûêΓûî                                     | 124/1914 [00:01<00:15, 112.38σà¼σÅ╕/s]
≡ƒôè eps Φ╢ïσè┐σêåµ₧É:   7%|ΓûêΓûêΓûè                                     | 136/1914 [00:01<00:15, 112.10σà¼σÅ╕/s]
≡ƒôè eps Φ╢ïσè┐σêåµ₧É:   8%|ΓûêΓûêΓûê                                     | 148/1914 [00:01<00:16, 109.60σà¼σÅ╕/s]
≡ƒôè eps Φ╢ïσè┐σêåµ₧É:   8%|ΓûêΓûêΓûêΓûÄ                                    | 161/1914 [00:01<00:15, 115.35σà¼σÅ╕/s]
≡ƒôè eps Φ╢ïσè┐σêåµ₧É:   9%|ΓûêΓûêΓûêΓûï                                    | 174/1914 [00:01<00:14, 119.42σà¼σÅ╕/s]
≡ƒôè eps Φ╢ïσè┐σêåµ₧É:  10%|ΓûêΓûêΓûêΓûë                                    | 188/1914 [00:01<00:13, 124.40σà¼σÅ╕/s]
≡ƒôè eps Φ╢ïσè┐σêåµ₧É:  11%|ΓûêΓûêΓûêΓûêΓûÅ                                   | 202/1914 [00:01<00:13, 127.83σà¼σÅ╕/s]
≡ƒôè eps Φ╢ïσè┐σêåµ₧É:  11%|ΓûêΓûêΓûêΓûêΓûî                                   | 216/1914 [00:01<00:12, 130.97σà¼σÅ╕/s]
≡ƒôè eps Φ╢ïσè┐σêåµ₧É:  12%|ΓûêΓûêΓûêΓûêΓûè                                   | 231/1914 [00:02<00:12, 135.37σà¼σÅ╕/s]
≡ƒôè eps Φ╢ïσè┐σêåµ₧É:  13%|ΓûêΓûêΓûêΓûêΓûê                                   | 245/1914 [00:02<00:12, 133.96σà¼σÅ╕/s]
≡ƒôè eps Φ╢ïσè┐σêåµ₧É:  14%|ΓûêΓûêΓûêΓûêΓûêΓûì                                  | 259/1914 [00:02<00:13, 124.79σà¼σÅ╕/s]
≡ƒôè eps Φ╢ïσè┐σêåµ₧É:  14%|ΓûêΓûêΓûêΓûêΓûêΓûï                                  | 272/1914 [00:02<00:14, 114.81σà¼σÅ╕/s]
≡ƒôè eps Φ╢ïσè┐σêåµ₧É:  15%|ΓûêΓûêΓûêΓûêΓûêΓûë                                  | 284/1914 [00:02<00:14, 113.28σà¼σÅ╕/s]
≡ƒôè eps Φ╢ïσè┐σêåµ₧É:  15%|ΓûêΓûêΓûêΓûêΓûêΓûêΓûÅ                                 | 296/1914 [00:02<00:14, 114.34σà¼σÅ╕/s]
≡ƒôè eps Φ╢ïσè┐σêåµ₧É:  16%|ΓûêΓûêΓûêΓûêΓûêΓûêΓûì                                 | 309/1914 [00:02<00:13, 117.05σà¼σÅ╕/s]
≡ƒôè eps Φ╢ïσè┐σêåµ₧É:  17%|ΓûêΓûêΓûêΓûêΓûêΓûêΓûè                                 | 323/1914 [00:02<00:13, 120.63σà¼σÅ╕/s]
≡ƒôè eps Φ╢ïσè┐σêåµ₧É:  18%|ΓûêΓûêΓûêΓûêΓûêΓûêΓûê                                 | 337/1914 [00:02<00:12, 125.59σà¼σÅ╕/s]
≡ƒôè eps Φ╢ïσè┐σêåµ₧É:  18%|ΓûêΓûêΓûêΓûêΓûêΓûêΓûêΓûÄ                                | 350/1914 [00:03<00:12, 125.89σà¼σÅ╕/s]
≡ƒôè eps Φ╢ïσè┐σêåµ₧É:  19%|ΓûêΓûêΓûêΓûêΓûêΓûêΓûêΓûî                                | 364/1914 [00:03<00:12, 128.87σà¼σÅ╕/s]
≡ƒôè eps Φ╢ïσè┐σêåµ₧É:  20%|ΓûêΓûêΓûêΓûêΓûêΓûêΓûêΓûë                                | 377/1914 [00:03<00:12, 127.99σà¼σÅ╕/s]
≡ƒôè eps Φ╢ïσè┐σêåµ₧É:  20%|ΓûêΓûêΓûêΓûêΓûêΓûêΓûêΓûêΓûÅ                               | 390/1914 [00:03<00:12, 123.44σà¼σÅ╕/s]
≡ƒôè eps Φ╢ïσè┐σêåµ₧É:  21%|ΓûêΓûêΓûêΓûêΓûêΓûêΓûêΓûêΓûì                               | 403/1914 [00:03<00:12, 118.84σà¼σÅ╕/s]
≡ƒôè eps Φ╢ïσè┐σêåµ₧É:  22%|ΓûêΓûêΓûêΓûêΓûêΓûêΓûêΓûêΓûï                               | 416/1914 [00:03<00:12, 120.39σà¼σÅ╕/s]
≡ƒôè eps Φ╢ïσè┐σêåµ₧É:  22%|ΓûêΓûêΓûêΓûêΓûêΓûêΓûêΓûêΓûë                               | 430/1914 [00:03<00:11, 123.73σà¼σÅ╕/s]
[12/08/25 15:32:40] WARNING  C:\Users\jusu2\OneDrive -          warnings.py:110
                             Cisco\µíîΘ¥ó\AStock-Analysis\src\ast                
                             ock\business_engines\analyzers\tre                
                             nd\probes\log_trend_probe.py:199:                 
                             ConstantInputWarning: An input                    
                             array is constant; the correlation                
                             coefficient is not defined.                       
                               correlation, p_value =                          
                             stats.spearmanr(x, abs_residuals)                 
                                                                               
≡ƒôè eps Φ╢ïσè┐σêåµ₧É:  23%|ΓûêΓûêΓûêΓûêΓûêΓûêΓûêΓûêΓûêΓûÄ                              | 444/1914 [00:03<00:11, 126.85σà¼σÅ╕/s]
≡ƒôè eps Φ╢ïσè┐σêåµ₧É:  24%|ΓûêΓûêΓûêΓûêΓûêΓûêΓûêΓûêΓûêΓûî                              | 458/1914 [00:03<00:11, 128.49σà¼σÅ╕/s]
≡ƒôè eps Φ╢ïσè┐σêåµ₧É:  25%|ΓûêΓûêΓûêΓûêΓûêΓûêΓûêΓûêΓûêΓûè                              | 472/1914 [00:03<00:11, 129.28σà¼σÅ╕/s]
≡ƒôè eps Φ╢ïσè┐σêåµ₧É:  25%|ΓûêΓûêΓûêΓûêΓûêΓûêΓûêΓûêΓûêΓûêΓûÅ                             | 487/1914 [00:04<00:10, 134.81σà¼σÅ╕/s]
≡ƒôè eps Φ╢ïσè┐σêåµ₧É:  26%|ΓûêΓûêΓûêΓûêΓûêΓûêΓûêΓûêΓûêΓûêΓûì                             | 501/1914 [00:04<00:10, 135.54σà¼σÅ╕/s]
≡ƒôè eps Φ╢ïσè┐σêåµ₧É:  27%|ΓûêΓûêΓûêΓûêΓûêΓûêΓûêΓûêΓûêΓûêΓûè                             | 515/1914 [00:04<00:10, 136.84σà¼σÅ╕/s]
≡ƒôè eps Φ╢ïσè┐σêåµ₧É:  28%|ΓûêΓûêΓûêΓûêΓûêΓûêΓûêΓûêΓûêΓûêΓûê                             | 529/1914 [00:04<00:10, 133.86σà¼σÅ╕/s]
≡ƒôè eps Φ╢ïσè┐σêåµ₧É:  28%|ΓûêΓûêΓûêΓûêΓûêΓûêΓûêΓûêΓûêΓûêΓûêΓûÄ                            | 543/1914 [00:04<00:10, 133.90σà¼σÅ╕/s]
≡ƒôè eps Φ╢ïσè┐σêåµ₧É:  29%|ΓûêΓûêΓûêΓûêΓûêΓûêΓûêΓûêΓûêΓûêΓûêΓûï                            | 557/1914 [00:04<00:10, 134.63σà¼σÅ╕/s]
≡ƒôè eps Φ╢ïσè┐σêåµ₧É:  30%|ΓûêΓûêΓûêΓûêΓûêΓûêΓûêΓûêΓûêΓûêΓûêΓûë                            | 571/1914 [00:04<00:09, 135.56σà¼σÅ╕/s]
≡ƒôè eps Φ╢ïσè┐σêåµ₧É:  31%|ΓûêΓûêΓûêΓûêΓûêΓûêΓûêΓûêΓûêΓûêΓûêΓûêΓûÅ                           | 585/1914 [00:04<00:09, 135.44σà¼σÅ╕/s]
≡ƒôè eps Φ╢ïσè┐σêåµ₧É:  31%|ΓûêΓûêΓûêΓûêΓûêΓûêΓûêΓûêΓûêΓûêΓûêΓûêΓûî                           | 600/1914 [00:04<00:09, 138.41σà¼σÅ╕/s]
≡ƒôè eps Φ╢ïσè┐σêåµ₧É:  32%|ΓûêΓûêΓûêΓûêΓûêΓûêΓûêΓûêΓûêΓûêΓûêΓûêΓûè                           | 614/1914 [00:05<00:09, 134.29σà¼σÅ╕/s]
≡ƒôè eps Φ╢ïσè┐σêåµ₧É:  33%|ΓûêΓûêΓûêΓûêΓûêΓûêΓûêΓûêΓûêΓûêΓûêΓûêΓûêΓûÅ                          | 629/1914 [00:05<00:09, 135.89σà¼σÅ╕/s]
≡ƒôè eps Φ╢ïσè┐σêåµ₧É:  34%|ΓûêΓûêΓûêΓûêΓûêΓûêΓûêΓûêΓûêΓûêΓûêΓûêΓûêΓûì                          | 643/1914 [00:05<00:09, 131.23σà¼σÅ╕/s]
≡ƒôè eps Φ╢ïσè┐σêåµ₧É:  34%|ΓûêΓûêΓûêΓûêΓûêΓûêΓûêΓûêΓûêΓûêΓûêΓûêΓûêΓûï                          | 657/1914 [00:05<00:09, 128.63σà¼σÅ╕/s]
≡ƒôè eps Φ╢ïσè┐σêåµ₧É:  35%|ΓûêΓûêΓûêΓûêΓûêΓûêΓûêΓûêΓûêΓûêΓûêΓûêΓûêΓûê                          | 672/1914 [00:05<00:09, 130.95σà¼σÅ╕/s]
≡ƒôè eps Φ╢ïσè┐σêåµ₧É:  36%|ΓûêΓûêΓûêΓûêΓûêΓûêΓûêΓûêΓûêΓûêΓûêΓûêΓûêΓûêΓûÄ                         | 686/1914 [00:05<00:09, 131.26σà¼σÅ╕/s]
≡ƒôè eps Φ╢ïσè┐σêåµ₧É:  37%|ΓûêΓûêΓûêΓûêΓûêΓûêΓûêΓûêΓûêΓûêΓûêΓûêΓûêΓûêΓûï                         | 700/1914 [00:05<00:09, 131.70σà¼σÅ╕/s]
≡ƒôè eps Φ╢ïσè┐σêåµ₧É:  37%|ΓûêΓûêΓûêΓûêΓûêΓûêΓûêΓûêΓûêΓûêΓûêΓûêΓûêΓûêΓûë                         | 714/1914 [00:05<00:08, 133.48σà¼σÅ╕/s]
≡ƒôè eps Φ╢ïσè┐σêåµ₧É:  38%|ΓûêΓûêΓûêΓûêΓûêΓûêΓûêΓûêΓûêΓûêΓûêΓûêΓûêΓûêΓûêΓûÅ                        | 728/1914 [00:05<00:08, 135.26σà¼σÅ╕/s]
≡ƒôè eps Φ╢ïσè┐σêåµ₧É:  39%|ΓûêΓûêΓûêΓûêΓûêΓûêΓûêΓûêΓûêΓûêΓûêΓûêΓûêΓûêΓûêΓûî                        | 742/1914 [00:05<00:08, 134.79σà¼σÅ╕/s]
≡ƒôè eps Φ╢ïσè┐σêåµ₧É:  39%|ΓûêΓûêΓûêΓûêΓûêΓûêΓûêΓûêΓûêΓûêΓûêΓûêΓûêΓûêΓûêΓûè                        | 756/1914 [00:06<00:08, 136.11σà¼σÅ╕/s]
≡ƒôè eps Φ╢ïσè┐σêåµ₧É:  40%|ΓûêΓûêΓûêΓûêΓûêΓûêΓûêΓûêΓûêΓûêΓûêΓûêΓûêΓûêΓûêΓûê                        | 770/1914 [00:06<00:08, 135.93σà¼σÅ╕/s]
≡ƒôè eps Φ╢ïσè┐σêåµ₧É:  41%|ΓûêΓûêΓûêΓûêΓûêΓûêΓûêΓûêΓûêΓûêΓûêΓûêΓûêΓûêΓûêΓûêΓûì                       | 784/1914 [00:06<00:08, 135.26σà¼σÅ╕/s]
≡ƒôè eps Φ╢ïσè┐σêåµ₧É:  42%|ΓûêΓûêΓûêΓûêΓûêΓûêΓûêΓûêΓûêΓûêΓûêΓûêΓûêΓûêΓûêΓûêΓûï                       | 798/1914 [00:06<00:08, 127.70σà¼σÅ╕/s]
≡ƒôè eps Φ╢ïσè┐σêåµ₧É:  42%|ΓûêΓûêΓûêΓûêΓûêΓûêΓûêΓûêΓûêΓûêΓûêΓûêΓûêΓûêΓûêΓûêΓûë                       | 813/1914 [00:06<00:08, 130.88σà¼σÅ╕/s]
≡ƒôè eps Φ╢ïσè┐σêåµ₧É:  43%|ΓûêΓûêΓûêΓûêΓûêΓûêΓûêΓûêΓûêΓûêΓûêΓûêΓûêΓûêΓûêΓûêΓûêΓûÄ                      | 827/1914 [00:06<00:08, 128.90σà¼σÅ╕/s]
≡ƒôè eps Φ╢ïσè┐σêåµ₧É:  44%|ΓûêΓûêΓûêΓûêΓûêΓûêΓûêΓûêΓûêΓûêΓûêΓûêΓûêΓûêΓûêΓûêΓûêΓûî                      | 842/1914 [00:06<00:08, 132.96σà¼σÅ╕/s]
≡ƒôè eps Φ╢ïσè┐σêåµ₧É:  45%|ΓûêΓûêΓûêΓûêΓûêΓûêΓûêΓûêΓûêΓûêΓûêΓûêΓûêΓûêΓûêΓûêΓûêΓûë                      | 856/1914 [00:06<00:07, 132.66σà¼σÅ╕/s]
≡ƒôè eps Φ╢ïσè┐σêåµ₧É:  46%|ΓûêΓûêΓûêΓûêΓûêΓûêΓûêΓûêΓûêΓûêΓûêΓûêΓûêΓûêΓûêΓûêΓûêΓûêΓûÅ                     | 871/1914 [00:06<00:07, 136.15σà¼σÅ╕/s]
≡ƒôè eps Φ╢ïσè┐σêåµ₧É:  46%|ΓûêΓûêΓûêΓûêΓûêΓûêΓûêΓûêΓûêΓûêΓûêΓûêΓûêΓûêΓûêΓûêΓûêΓûêΓûì                     | 885/1914 [00:07<00:07, 134.50σà¼σÅ╕/s]
≡ƒôè eps Φ╢ïσè┐σêåµ₧É:  47%|ΓûêΓûêΓûêΓûêΓûêΓûêΓûêΓûêΓûêΓûêΓûêΓûêΓûêΓûêΓûêΓûêΓûêΓûêΓûè                     | 899/1914 [00:07<00:07, 135.00σà¼σÅ╕/s]
≡ƒôè eps Φ╢ïσè┐σêåµ₧É:  48%|ΓûêΓûêΓûêΓûêΓûêΓûêΓûêΓûêΓûêΓûêΓûêΓûêΓûêΓûêΓûêΓûêΓûêΓûêΓûê                     | 913/1914 [00:07<00:07, 131.44σà¼σÅ╕/s]
≡ƒôè eps Φ╢ïσè┐σêåµ₧É:  48%|ΓûêΓûêΓûêΓûêΓûêΓûêΓûêΓûêΓûêΓûêΓûêΓûêΓûêΓûêΓûêΓûêΓûêΓûêΓûêΓûÄ                    | 927/1914 [00:07<00:07, 130.19σà¼σÅ╕/s]
≡ƒôè eps Φ╢ïσè┐σêåµ₧É:  49%|ΓûêΓûêΓûêΓûêΓûêΓûêΓûêΓûêΓûêΓûêΓûêΓûêΓûêΓûêΓûêΓûêΓûêΓûêΓûêΓûï                    | 942/1914 [00:07<00:07, 132.30σà¼σÅ╕/s]
≡ƒôè eps Φ╢ïσè┐σêåµ₧É:  50%|ΓûêΓûêΓûêΓûêΓûêΓûêΓûêΓûêΓûêΓûêΓûêΓûêΓûêΓûêΓûêΓûêΓûêΓûêΓûêΓûë                    | 956/1914 [00:07<00:07, 131.60σà¼σÅ╕/s]
≡ƒôè eps Φ╢ïσè┐σêåµ₧É:  51%|ΓûêΓûêΓûêΓûêΓûêΓûêΓûêΓûêΓûêΓûêΓûêΓûêΓûêΓûêΓûêΓûêΓûêΓûêΓûêΓûêΓûÄ                   | 971/1914 [00:07<00:06, 135.57σà¼σÅ╕/s]
≡ƒôè eps Φ╢ïσè┐σêåµ₧É:  51%|ΓûêΓûêΓûêΓûêΓûêΓûêΓûêΓûêΓûêΓûêΓûêΓûêΓûêΓûêΓûêΓûêΓûêΓûêΓûêΓûêΓûî                   | 985/1914 [00:07<00:06, 133.71σà¼σÅ╕/s]
≡ƒôè eps Φ╢ïσè┐σêåµ₧É:  52%|ΓûêΓûêΓûêΓûêΓûêΓûêΓûêΓûêΓûêΓûêΓûêΓûêΓûêΓûêΓûêΓûêΓûêΓûêΓûêΓûêΓûì                  | 1000/1914 [00:07<00:06, 137.67σà¼σÅ╕/s]
≡ƒôè eps Φ╢ïσè┐σêåµ₧É:  53%|ΓûêΓûêΓûêΓûêΓûêΓûêΓûêΓûêΓûêΓûêΓûêΓûêΓûêΓûêΓûêΓûêΓûêΓûêΓûêΓûêΓûï                  | 1014/1914 [00:08<00:06, 137.63σà¼σÅ╕/s]
≡ƒôè eps Φ╢ïσè┐σêåµ₧É:  54%|ΓûêΓûêΓûêΓûêΓûêΓûêΓûêΓûêΓûêΓûêΓûêΓûêΓûêΓûêΓûêΓûêΓûêΓûêΓûêΓûêΓûë                  | 1030/1914 [00:08<00:06, 140.42σà¼σÅ╕/s]
≡ƒôè eps Φ╢ïσè┐σêåµ₧É:  55%|ΓûêΓûêΓûêΓûêΓûêΓûêΓûêΓûêΓûêΓûêΓûêΓûêΓûêΓûêΓûêΓûêΓûêΓûêΓûêΓûêΓûêΓûÄ                 | 1045/1914 [00:08<00:06, 140.86σà¼σÅ╕/s]
≡ƒôè eps Φ╢ïσè┐σêåµ₧É:  55%|ΓûêΓûêΓûêΓûêΓûêΓûêΓûêΓûêΓûêΓûêΓûêΓûêΓûêΓûêΓûêΓûêΓûêΓûêΓûêΓûêΓûêΓûî                 | 1060/1914 [00:08<00:06, 138.70σà¼σÅ╕/s]
≡ƒôè eps Φ╢ïσè┐σêåµ₧É:  56%|ΓûêΓûêΓûêΓûêΓûêΓûêΓûêΓûêΓûêΓûêΓûêΓûêΓûêΓûêΓûêΓûêΓûêΓûêΓûêΓûêΓûêΓûë                 | 1074/1914 [00:08<00:06, 135.94σà¼σÅ╕/s]
≡ƒôè eps Φ╢ïσè┐σêåµ₧É:  57%|ΓûêΓûêΓûêΓûêΓûêΓûêΓûêΓûêΓûêΓûêΓûêΓûêΓûêΓûêΓûêΓûêΓûêΓûêΓûêΓûêΓûêΓûêΓûÅ                | 1088/1914 [00:08<00:06, 137.08σà¼σÅ╕/s]
≡ƒôè eps Φ╢ïσè┐σêåµ₧É:  58%|ΓûêΓûêΓûêΓûêΓûêΓûêΓûêΓûêΓûêΓûêΓûêΓûêΓûêΓûêΓûêΓûêΓûêΓûêΓûêΓûêΓûêΓûêΓûì                | 1102/1914 [00:08<00:05, 135.97σà¼σÅ╕/s]
≡ƒôè eps Φ╢ïσè┐σêåµ₧É:  58%|ΓûêΓûêΓûêΓûêΓûêΓûêΓûêΓûêΓûêΓûêΓûêΓûêΓûêΓûêΓûêΓûêΓûêΓûêΓûêΓûêΓûêΓûêΓûè                | 1117/1914 [00:08<00:05, 137.96σà¼σÅ╕/s]
≡ƒôè eps Φ╢ïσè┐σêåµ₧É:  59%|ΓûêΓûêΓûêΓûêΓûêΓûêΓûêΓûêΓûêΓûêΓûêΓûêΓûêΓûêΓûêΓûêΓûêΓûêΓûêΓûêΓûêΓûêΓûê                | 1131/1914 [00:08<00:05, 136.29σà¼σÅ╕/s]
≡ƒôè eps Φ╢ïσè┐σêåµ₧É:  60%|ΓûêΓûêΓûêΓûêΓûêΓûêΓûêΓûêΓûêΓûêΓûêΓûêΓûêΓûêΓûêΓûêΓûêΓûêΓûêΓûêΓûêΓûêΓûêΓûÄ               | 1145/1914 [00:08<00:05, 135.75σà¼σÅ╕/s]
≡ƒôè eps Φ╢ïσè┐σêåµ₧É:  61%|ΓûêΓûêΓûêΓûêΓûêΓûêΓûêΓûêΓûêΓûêΓûêΓûêΓûêΓûêΓûêΓûêΓûêΓûêΓûêΓûêΓûêΓûêΓûêΓûï               | 1160/1914 [00:09<00:05, 139.35σà¼σÅ╕/s]
≡ƒôè eps Φ╢ïσè┐σêåµ₧É:  61%|ΓûêΓûêΓûêΓûêΓûêΓûêΓûêΓûêΓûêΓûêΓûêΓûêΓûêΓûêΓûêΓûêΓûêΓûêΓûêΓûêΓûêΓûêΓûêΓûë               | 1175/1914 [00:09<00:05, 139.05σà¼σÅ╕/s]
≡ƒôè eps Φ╢ïσè┐σêåµ₧É:  62%|ΓûêΓûêΓûêΓûêΓûêΓûêΓûêΓûêΓûêΓûêΓûêΓûêΓûêΓûêΓûêΓûêΓûêΓûêΓûêΓûêΓûêΓûêΓûêΓûêΓûÅ              | 1189/1914 [00:09<00:05, 132.67σà¼σÅ╕/s]
≡ƒôè eps Φ╢ïσè┐σêåµ₧É:  63%|ΓûêΓûêΓûêΓûêΓûêΓûêΓûêΓûêΓûêΓûêΓûêΓûêΓûêΓûêΓûêΓûêΓûêΓûêΓûêΓûêΓûêΓûêΓûêΓûêΓûî              | 1203/1914 [00:09<00:05, 130.02σà¼σÅ╕/s]
≡ƒôè eps Φ╢ïσè┐σêåµ₧É:  64%|ΓûêΓûêΓûêΓûêΓûêΓûêΓûêΓûêΓûêΓûêΓûêΓûêΓûêΓûêΓûêΓûêΓûêΓûêΓûêΓûêΓûêΓûêΓûêΓûêΓûè              | 1217/1914 [00:09<00:05, 129.71σà¼σÅ╕/s]
≡ƒôè eps Φ╢ïσè┐σêåµ₧É:  64%|ΓûêΓûêΓûêΓûêΓûêΓûêΓûêΓûêΓûêΓûêΓûêΓûêΓûêΓûêΓûêΓûêΓûêΓûêΓûêΓûêΓûêΓûêΓûêΓûêΓûê              | 1231/1914 [00:09<00:05, 130.61σà¼σÅ╕/s]
≡ƒôè eps Φ╢ïσè┐σêåµ₧É:  65%|ΓûêΓûêΓûêΓûêΓûêΓûêΓûêΓûêΓûêΓûêΓûêΓûêΓûêΓûêΓûêΓûêΓûêΓûêΓûêΓûêΓûêΓûêΓûêΓûêΓûêΓûÄ             | 1245/1914 [00:09<00:05, 130.99σà¼σÅ╕/s]
≡ƒôè eps Φ╢ïσè┐σêåµ₧É:  66%|ΓûêΓûêΓûêΓûêΓûêΓûêΓûêΓûêΓûêΓûêΓûêΓûêΓûêΓûêΓûêΓûêΓûêΓûêΓûêΓûêΓûêΓûêΓûêΓûêΓûêΓûï             | 1260/1914 [00:09<00:04, 133.76σà¼σÅ╕/s]
≡ƒôè eps Φ╢ïσè┐σêåµ₧É:  67%|ΓûêΓûêΓûêΓûêΓûêΓûêΓûêΓûêΓûêΓûêΓûêΓûêΓûêΓûêΓûêΓûêΓûêΓûêΓûêΓûêΓûêΓûêΓûêΓûêΓûêΓûë             | 1275/1914 [00:09<00:04, 137.04σà¼σÅ╕/s]
≡ƒôè eps Φ╢ïσè┐σêåµ₧É:  67%|ΓûêΓûêΓûêΓûêΓûêΓûêΓûêΓûêΓûêΓûêΓûêΓûêΓûêΓûêΓûêΓûêΓûêΓûêΓûêΓûêΓûêΓûêΓûêΓûêΓûêΓûêΓûÄ            | 1289/1914 [00:10<00:04, 136.48σà¼σÅ╕/s]
≡ƒôè eps Φ╢ïσè┐σêåµ₧É:  68%|ΓûêΓûêΓûêΓûêΓûêΓûêΓûêΓûêΓûêΓûêΓûêΓûêΓûêΓûêΓûêΓûêΓûêΓûêΓûêΓûêΓûêΓûêΓûêΓûêΓûêΓûêΓûî            | 1304/1914 [00:10<00:04, 139.05σà¼σÅ╕/s]
≡ƒôè eps Φ╢ïσè┐σêåµ₧É:  69%|ΓûêΓûêΓûêΓûêΓûêΓûêΓûêΓûêΓûêΓûêΓûêΓûêΓûêΓûêΓûêΓûêΓûêΓûêΓûêΓûêΓûêΓûêΓûêΓûêΓûêΓûêΓûè            | 1318/1914 [00:10<00:04, 135.56σà¼σÅ╕/s]
≡ƒôè eps Φ╢ïσè┐σêåµ₧É:  70%|ΓûêΓûêΓûêΓûêΓûêΓûêΓûêΓûêΓûêΓûêΓûêΓûêΓûêΓûêΓûêΓûêΓûêΓûêΓûêΓûêΓûêΓûêΓûêΓûêΓûêΓûêΓûêΓûÅ           | 1332/1914 [00:10<00:04, 131.07σà¼σÅ╕/s]
≡ƒôè eps Φ╢ïσè┐σêåµ₧É:  70%|ΓûêΓûêΓûêΓûêΓûêΓûêΓûêΓûêΓûêΓûêΓûêΓûêΓûêΓûêΓûêΓûêΓûêΓûêΓûêΓûêΓûêΓûêΓûêΓûêΓûêΓûêΓûêΓûì           | 1346/1914 [00:10<00:04, 126.54σà¼σÅ╕/s]
≡ƒôè eps Φ╢ïσè┐σêåµ₧É:  71%|ΓûêΓûêΓûêΓûêΓûêΓûêΓûêΓûêΓûêΓûêΓûêΓûêΓûêΓûêΓûêΓûêΓûêΓûêΓûêΓûêΓûêΓûêΓûêΓûêΓûêΓûêΓûêΓûï           | 1359/1914 [00:10<00:04, 124.66σà¼σÅ╕/s]
≡ƒôè eps Φ╢ïσè┐σêåµ₧É:  72%|ΓûêΓûêΓûêΓûêΓûêΓûêΓûêΓûêΓûêΓûêΓûêΓûêΓûêΓûêΓûêΓûêΓûêΓûêΓûêΓûêΓûêΓûêΓûêΓûêΓûêΓûêΓûêΓûë           | 1373/1914 [00:10<00:04, 126.59σà¼σÅ╕/s]
≡ƒôè eps Φ╢ïσè┐σêåµ₧É:  73%|ΓûêΓûêΓûêΓûêΓûêΓûêΓûêΓûêΓûêΓûêΓûêΓûêΓûêΓûêΓûêΓûêΓûêΓûêΓûêΓûêΓûêΓûêΓûêΓûêΓûêΓûêΓûêΓûêΓûÄ          | 1388/1914 [00:10<00:03, 131.91σà¼σÅ╕/s]
≡ƒôè eps Φ╢ïσè┐σêåµ₧É:  73%|ΓûêΓûêΓûêΓûêΓûêΓûêΓûêΓûêΓûêΓûêΓûêΓûêΓûêΓûêΓûêΓûêΓûêΓûêΓûêΓûêΓûêΓûêΓûêΓûêΓûêΓûêΓûêΓûêΓûî          | 1404/1914 [00:10<00:03, 134.57σà¼σÅ╕/s]
≡ƒôè eps Φ╢ïσè┐σêåµ₧É:  74%|ΓûêΓûêΓûêΓûêΓûêΓûêΓûêΓûêΓûêΓûêΓûêΓûêΓûêΓûêΓûêΓûêΓûêΓûêΓûêΓûêΓûêΓûêΓûêΓûêΓûêΓûêΓûêΓûêΓûë          | 1419/1914 [00:11<00:03, 137.71σà¼σÅ╕/s]
≡ƒôè eps Φ╢ïσè┐σêåµ₧É:  75%|ΓûêΓûêΓûêΓûêΓûêΓûêΓûêΓûêΓûêΓûêΓûêΓûêΓûêΓûêΓûêΓûêΓûêΓûêΓûêΓûêΓûêΓûêΓûêΓûêΓûêΓûêΓûêΓûêΓûêΓûÅ         | 1434/1914 [00:11<00:03, 139.98σà¼σÅ╕/s]
≡ƒôè eps Φ╢ïσè┐σêåµ₧É:  76%|ΓûêΓûêΓûêΓûêΓûêΓûêΓûêΓûêΓûêΓûêΓûêΓûêΓûêΓûêΓûêΓûêΓûêΓûêΓûêΓûêΓûêΓûêΓûêΓûêΓûêΓûêΓûêΓûêΓûêΓûî         | 1449/1914 [00:11<00:03, 137.77σà¼σÅ╕/s]
≡ƒôè eps Φ╢ïσè┐σêåµ₧É:  76%|ΓûêΓûêΓûêΓûêΓûêΓûêΓûêΓûêΓûêΓûêΓûêΓûêΓûêΓûêΓûêΓûêΓûêΓûêΓûêΓûêΓûêΓûêΓûêΓûêΓûêΓûêΓûêΓûêΓûêΓûè         | 1463/1914 [00:11<00:03, 131.75σà¼σÅ╕/s]
≡ƒôè eps Φ╢ïσè┐σêåµ₧É:  77%|ΓûêΓûêΓûêΓûêΓûêΓûêΓûêΓûêΓûêΓûêΓûêΓûêΓûêΓûêΓûêΓûêΓûêΓûêΓûêΓûêΓûêΓûêΓûêΓûêΓûêΓûêΓûêΓûêΓûêΓûê         | 1477/1914 [00:11<00:03, 129.99σà¼σÅ╕/s]
≡ƒôè eps Φ╢ïσè┐σêåµ₧É:  78%|ΓûêΓûêΓûêΓûêΓûêΓûêΓûêΓûêΓûêΓûêΓûêΓûêΓûêΓûêΓûêΓûêΓûêΓûêΓûêΓûêΓûêΓûêΓûêΓûêΓûêΓûêΓûêΓûêΓûêΓûêΓûì        | 1491/1914 [00:11<00:03, 129.21σà¼σÅ╕/s]
≡ƒôè eps Φ╢ïσè┐σêåµ₧É:  79%|ΓûêΓûêΓûêΓûêΓûêΓûêΓûêΓûêΓûêΓûêΓûêΓûêΓûêΓûêΓûêΓûêΓûêΓûêΓûêΓûêΓûêΓûêΓûêΓûêΓûêΓûêΓûêΓûêΓûêΓûêΓûï        | 1505/1914 [00:11<00:03, 130.45σà¼σÅ╕/s]
≡ƒôè eps Φ╢ïσè┐σêåµ₧É:  79%|ΓûêΓûêΓûêΓûêΓûêΓûêΓûêΓûêΓûêΓûêΓûêΓûêΓûêΓûêΓûêΓûêΓûêΓûêΓûêΓûêΓûêΓûêΓûêΓûêΓûêΓûêΓûêΓûêΓûêΓûêΓûë        | 1521/1914 [00:11<00:02, 135.38σà¼σÅ╕/s]
≡ƒôè eps Φ╢ïσè┐σêåµ₧É:  80%|ΓûêΓûêΓûêΓûêΓûêΓûêΓûêΓûêΓûêΓûêΓûêΓûêΓûêΓûêΓûêΓûêΓûêΓûêΓûêΓûêΓûêΓûêΓûêΓûêΓûêΓûêΓûêΓûêΓûêΓûêΓûêΓûÄ       | 1536/1914 [00:11<00:02, 138.23σà¼σÅ╕/s]
≡ƒôè eps Φ╢ïσè┐σêåµ₧É:  81%|ΓûêΓûêΓûêΓûêΓûêΓûêΓûêΓûêΓûêΓûêΓûêΓûêΓûêΓûêΓûêΓûêΓûêΓûêΓûêΓûêΓûêΓûêΓûêΓûêΓûêΓûêΓûêΓûêΓûêΓûêΓûêΓûî       | 1551/1914 [00:12<00:02, 141.20σà¼σÅ╕/s]
≡ƒôè eps Φ╢ïσè┐σêåµ₧É:  82%|ΓûêΓûêΓûêΓûêΓûêΓûêΓûêΓûêΓûêΓûêΓûêΓûêΓûêΓûêΓûêΓûêΓûêΓûêΓûêΓûêΓûêΓûêΓûêΓûêΓûêΓûêΓûêΓûêΓûêΓûêΓûêΓûë       | 1566/1914 [00:12<00:02, 142.71σà¼σÅ╕/s]
≡ƒôè eps Φ╢ïσè┐σêåµ₧É:  83%|ΓûêΓûêΓûêΓûêΓûêΓûêΓûêΓûêΓûêΓûêΓûêΓûêΓûêΓûêΓûêΓûêΓûêΓûêΓûêΓûêΓûêΓûêΓûêΓûêΓûêΓûêΓûêΓûêΓûêΓûêΓûêΓûêΓûÅ      | 1582/1914 [00:12<00:02, 143.71σà¼σÅ╕/s]
≡ƒôè eps Φ╢ïσè┐σêåµ₧É:  83%|ΓûêΓûêΓûêΓûêΓûêΓûêΓûêΓûêΓûêΓûêΓûêΓûêΓûêΓûêΓûêΓûêΓûêΓûêΓûêΓûêΓûêΓûêΓûêΓûêΓûêΓûêΓûêΓûêΓûêΓûêΓûêΓûêΓûî      | 1597/1914 [00:12<00:02, 141.44σà¼σÅ╕/s]
≡ƒôè eps Φ╢ïσè┐σêåµ₧É:  84%|ΓûêΓûêΓûêΓûêΓûêΓûêΓûêΓûêΓûêΓûêΓûêΓûêΓûêΓûêΓûêΓûêΓûêΓûêΓûêΓûêΓûêΓûêΓûêΓûêΓûêΓûêΓûêΓûêΓûêΓûêΓûêΓûêΓûè      | 1612/1914 [00:12<00:02, 135.33σà¼σÅ╕/s]
≡ƒôè eps Φ╢ïσè┐σêåµ₧É:  85%|ΓûêΓûêΓûêΓûêΓûêΓûêΓûêΓûêΓûêΓûêΓûêΓûêΓûêΓûêΓûêΓûêΓûêΓûêΓûêΓûêΓûêΓûêΓûêΓûêΓûêΓûêΓûêΓûêΓûêΓûêΓûêΓûêΓûêΓûÅ     | 1627/1914 [00:12<00:02, 137.21σà¼σÅ╕/s]
≡ƒôè eps Φ╢ïσè┐σêåµ₧É:  86%|ΓûêΓûêΓûêΓûêΓûêΓûêΓûêΓûêΓûêΓûêΓûêΓûêΓûêΓûêΓûêΓûêΓûêΓûêΓûêΓûêΓûêΓûêΓûêΓûêΓûêΓûêΓûêΓûêΓûêΓûêΓûêΓûêΓûêΓûì     | 1641/1914 [00:12<00:01, 137.16σà¼σÅ╕/s]
≡ƒôè eps Φ╢ïσè┐σêåµ₧É:  86%|ΓûêΓûêΓûêΓûêΓûêΓûêΓûêΓûêΓûêΓûêΓûêΓûêΓûêΓûêΓûêΓûêΓûêΓûêΓûêΓûêΓûêΓûêΓûêΓûêΓûêΓûêΓûêΓûêΓûêΓûêΓûêΓûêΓûêΓûï     | 1655/1914 [00:12<00:01, 137.31σà¼σÅ╕/s]
≡ƒôè eps Φ╢ïσè┐σêåµ₧É:  87%|ΓûêΓûêΓûêΓûêΓûêΓûêΓûêΓûêΓûêΓûêΓûêΓûêΓûêΓûêΓûêΓûêΓûêΓûêΓûêΓûêΓûêΓûêΓûêΓûêΓûêΓûêΓûêΓûêΓûêΓûêΓûêΓûêΓûêΓûê     | 1670/1914 [00:12<00:01, 138.58σà¼σÅ╕/s]
≡ƒôè eps Φ╢ïσè┐σêåµ₧É:  88%|ΓûêΓûêΓûêΓûêΓûêΓûêΓûêΓûêΓûêΓûêΓûêΓûêΓûêΓûêΓûêΓûêΓûêΓûêΓûêΓûêΓûêΓûêΓûêΓûêΓûêΓûêΓûêΓûêΓûêΓûêΓûêΓûêΓûêΓûêΓûÄ    | 1685/1914 [00:12<00:01, 141.78σà¼σÅ╕/s]
≡ƒôè eps Φ╢ïσè┐σêåµ₧É:  89%|ΓûêΓûêΓûêΓûêΓûêΓûêΓûêΓûêΓûêΓûêΓûêΓûêΓûêΓûêΓûêΓûêΓûêΓûêΓûêΓûêΓûêΓûêΓûêΓûêΓûêΓûêΓûêΓûêΓûêΓûêΓûêΓûêΓûêΓûêΓûï    | 1700/1914 [00:13<00:01, 140.06σà¼σÅ╕/s]
≡ƒôè eps Φ╢ïσè┐σêåµ₧É:  90%|ΓûêΓûêΓûêΓûêΓûêΓûêΓûêΓûêΓûêΓûêΓûêΓûêΓûêΓûêΓûêΓûêΓûêΓûêΓûêΓûêΓûêΓûêΓûêΓûêΓûêΓûêΓûêΓûêΓûêΓûêΓûêΓûêΓûêΓûêΓûë    | 1716/1914 [00:13<00:01, 144.28σà¼σÅ╕/s]
≡ƒôè eps Φ╢ïσè┐σêåµ₧É:  90%|ΓûêΓûêΓûêΓûêΓûêΓûêΓûêΓûêΓûêΓûêΓûêΓûêΓûêΓûêΓûêΓûêΓûêΓûêΓûêΓûêΓûêΓûêΓûêΓûêΓûêΓûêΓûêΓûêΓûêΓûêΓûêΓûêΓûêΓûêΓûêΓûÄ   | 1731/1914 [00:13<00:01, 141.67σà¼σÅ╕/s]
≡ƒôè eps Φ╢ïσè┐σêåµ₧É:  91%|ΓûêΓûêΓûêΓûêΓûêΓûêΓûêΓûêΓûêΓûêΓûêΓûêΓûêΓûêΓûêΓûêΓûêΓûêΓûêΓûêΓûêΓûêΓûêΓûêΓûêΓûêΓûêΓûêΓûêΓûêΓûêΓûêΓûêΓûêΓûêΓûî   | 1746/1914 [00:13<00:01, 137.34σà¼σÅ╕/s]
≡ƒôè eps Φ╢ïσè┐σêåµ₧É:  92%|ΓûêΓûêΓûêΓûêΓûêΓûêΓûêΓûêΓûêΓûêΓûêΓûêΓûêΓûêΓûêΓûêΓûêΓûêΓûêΓûêΓûêΓûêΓûêΓûêΓûêΓûêΓûêΓûêΓûêΓûêΓûêΓûêΓûêΓûêΓûêΓûè   | 1760/1914 [00:13<00:01, 137.86σà¼σÅ╕/s]
≡ƒôè eps Φ╢ïσè┐σêåµ₧É:  93%|ΓûêΓûêΓûêΓûêΓûêΓûêΓûêΓûêΓûêΓûêΓûêΓûêΓûêΓûêΓûêΓûêΓûêΓûêΓûêΓûêΓûêΓûêΓûêΓûêΓûêΓûêΓûêΓûêΓûêΓûêΓûêΓûêΓûêΓûêΓûêΓûêΓûÅ  | 1774/1914 [00:13<00:01, 135.45σà¼σÅ╕/s]
≡ƒôè eps Φ╢ïσè┐σêåµ₧É:  93%|ΓûêΓûêΓûêΓûêΓûêΓûêΓûêΓûêΓûêΓûêΓûêΓûêΓûêΓûêΓûêΓûêΓûêΓûêΓûêΓûêΓûêΓûêΓûêΓûêΓûêΓûêΓûêΓûêΓûêΓûêΓûêΓûêΓûêΓûêΓûêΓûêΓûì  | 1788/1914 [00:13<00:00, 135.01σà¼σÅ╕/s]
≡ƒôè eps Φ╢ïσè┐σêåµ₧É:  94%|ΓûêΓûêΓûêΓûêΓûêΓûêΓûêΓûêΓûêΓûêΓûêΓûêΓûêΓûêΓûêΓûêΓûêΓûêΓûêΓûêΓûêΓûêΓûêΓûêΓûêΓûêΓûêΓûêΓûêΓûêΓûêΓûêΓûêΓûêΓûêΓûêΓûè  | 1804/1914 [00:13<00:00, 139.82σà¼σÅ╕/s]
≡ƒôè eps Φ╢ïσè┐σêåµ₧É:  95%|ΓûêΓûêΓûêΓûêΓûêΓûêΓûêΓûêΓûêΓûêΓûêΓûêΓûêΓûêΓûêΓûêΓûêΓûêΓûêΓûêΓûêΓûêΓûêΓûêΓûêΓûêΓûêΓûêΓûêΓûêΓûêΓûêΓûêΓûêΓûêΓûêΓûê  | 1819/1914 [00:13<00:00, 142.03σà¼σÅ╕/s]
≡ƒôè eps Φ╢ïσè┐σêåµ₧É:  96%|ΓûêΓûêΓûêΓûêΓûêΓûêΓûêΓûêΓûêΓûêΓûêΓûêΓûêΓûêΓûêΓûêΓûêΓûêΓûêΓûêΓûêΓûêΓûêΓûêΓûêΓûêΓûêΓûêΓûêΓûêΓûêΓûêΓûêΓûêΓûêΓûêΓûêΓûÄ | 1834/1914 [00:14<00:00, 143.38σà¼σÅ╕/s]
≡ƒôè eps Φ╢ïσè┐σêåµ₧É:  97%|ΓûêΓûêΓûêΓûêΓûêΓûêΓûêΓûêΓûêΓûêΓûêΓûêΓûêΓûêΓûêΓûêΓûêΓûêΓûêΓûêΓûêΓûêΓûêΓûêΓûêΓûêΓûêΓûêΓûêΓûêΓûêΓûêΓûêΓûêΓûêΓûêΓûêΓûï | 1849/1914 [00:14<00:00, 144.12σà¼σÅ╕/s]
≡ƒôè eps Φ╢ïσè┐σêåµ₧É:  97%|ΓûêΓûêΓûêΓûêΓûêΓûêΓûêΓûêΓûêΓûêΓûêΓûêΓûêΓûêΓûêΓûêΓûêΓûêΓûêΓûêΓûêΓûêΓûêΓûêΓûêΓûêΓûêΓûêΓûêΓûêΓûêΓûêΓûêΓûêΓûêΓûêΓûêΓûë | 1864/1914 [00:14<00:00, 140.62σà¼σÅ╕/s]
≡ƒôè eps Φ╢ïσè┐σêåµ₧É:  98%|ΓûêΓûêΓûêΓûêΓûêΓûêΓûêΓûêΓûêΓûêΓûêΓûêΓûêΓûêΓûêΓûêΓûêΓûêΓûêΓûêΓûêΓûêΓûêΓûêΓûêΓûêΓûêΓûêΓûêΓûêΓûêΓûêΓûêΓûêΓûêΓûêΓûêΓûêΓûÄ| 1879/1914 [00:14<00:00, 131.84σà¼σÅ╕/s]
≡ƒôè eps Φ╢ïσè┐σêåµ₧É:  99%|ΓûêΓûêΓûêΓûêΓûêΓûêΓûêΓûêΓûêΓûêΓûêΓûêΓûêΓûêΓûêΓûêΓûêΓûêΓûêΓûêΓûêΓûêΓûêΓûêΓûêΓûêΓûêΓûêΓûêΓûêΓûêΓûêΓûêΓûêΓûêΓûêΓûêΓûêΓûî| 1893/1914 [00:14<00:00, 132.63σà¼σÅ╕/s]
≡ƒôè eps Φ╢ïσè┐σêåµ₧É: 100%|ΓûêΓûêΓûêΓûêΓûêΓûêΓûêΓûêΓûêΓûêΓûêΓûêΓûêΓûêΓûêΓûêΓûêΓûêΓûêΓûêΓûêΓûêΓûêΓûêΓûêΓûêΓûêΓûêΓûêΓûêΓûêΓûêΓûêΓûêΓûêΓûêΓûêΓûêΓûè| 1907/1914 [00:14<00:00, 133.54σà¼σÅ╕/s]
≡ƒôè eps Φ╢ïσè┐σêåµ₧É: 100%|ΓûêΓûêΓûêΓûêΓûêΓûêΓûêΓûêΓûêΓûêΓûêΓûêΓûêΓûêΓûêΓûêΓûêΓûêΓûêΓûêΓûêΓûêΓûêΓûêΓûêΓûêΓûêΓûêΓûêΓûêΓûêΓûêΓûêΓûêΓûêΓûêΓûêΓûêΓûê| 1914/1914 [00:14<00:00, 130.61σà¼σÅ╕/s]
2025-12-08 15:32:51,143 - INFO -   Γ£à µû╣µ│ò analyze_metric_trend µëºΦíîσ«îµêÉ
[12/08/25 15:32:51] INFO       Γ£à µû╣µ│ò analyze_metric_trend kedro_engine.py:365
                             µëºΦíîσ«îµêÉ                                          
2025-12-08 15:32:51,147 - INFO - ≡ƒÄ» µû╣µ│òσ║ÅσêùµëºΦíîσ«îµêÉ∩╝îσà▒ 1 Σ╕¬µû╣µ│ò
                    INFO     ≡ƒÄ» µû╣µ│òσ║ÅσêùµëºΦíîσ«îµêÉ∩╝îσà▒ 1      kedro_engine.py:366
                             Σ╕¬µû╣µ│ò                                            
                    INFO     [PLUGIN] <- node                    loggers.py:308
                             Analyze_Profit_Trend                              
                             duration=14.843426999868825s                      
                             cached=False                                      
                    INFO     Γ£à Φèéτé╣σ«îµêÉ:                 prefect_engine.py:616
                             Analyze_Profit_Trend ->                           
                             ['Analyze_Profit_Trend__Prof                      
                             it_Trend_Result']                                 
                    INFO     Finished in state Completed()   task_engine.py:292
[12/08/25 15:32:52] WARNING  Concurrency limits                 _asyncio.py:111
                             ['tag:kedro-node'] do not exist -                 
                             skipping acquisition.                             
                    INFO     ≡ƒÜÇ µëºΦíîKedroΦèéτé╣:            prefect_engine.py:548
                             Analyze_GrossMargin_Trend                         
2025-12-08 15:32:53,030 - INFO - ≡ƒöä µëºΦíîµû╣µ│òσ║Åσêù: ['analyze_metric_trend']
[12/08/25 15:32:53] INFO     ≡ƒöä µëºΦíîµû╣µ│òσ║Åσêù:               kedro_engine.py:292
                             ['analyze_metric_trend']                          
                    INFO     [PLUGIN] -> node                    loggers.py:308
                             Analyze_GrossMargin_Trend inputs=1                
2025-12-08 15:32:53,032 - INFO -   ΓÜí µëºΦíîµû╣µ│ò 1/1: analyze_metric_trend
                    INFO       ΓÜí µëºΦíîµû╣µ│ò 1/1:             kedro_engine.py:303
                             analyze_metric_trend                              

≡ƒôè grossprofit_margin Φ╢ïσè┐σêåµ₧É:   0%|                                    | 0/1914 [00:00<?, ?σà¼σÅ╕/s]
≡ƒôè grossprofit_margin Φ╢ïσè┐σêåµ₧É:   1%|ΓûÅ                         | 11/1914 [00:00<00:17, 106.95σà¼σÅ╕/s]
≡ƒôè grossprofit_margin Φ╢ïσè┐σêåµ₧É:   1%|ΓûÄ                         | 23/1914 [00:00<00:17, 108.24σà¼σÅ╕/s]
≡ƒôè grossprofit_margin Φ╢ïσè┐σêåµ₧É:   2%|Γûì                         | 35/1914 [00:00<00:17, 108.72σà¼σÅ╕/s]
≡ƒôè grossprofit_margin Φ╢ïσè┐σêåµ₧É:   2%|Γûî                         | 46/1914 [00:00<00:17, 109.08σà¼σÅ╕/s]
≡ƒôè grossprofit_margin Φ╢ïσè┐σêåµ₧É:   3%|Γûè                         | 58/1914 [00:00<00:16, 111.56σà¼σÅ╕/s]
≡ƒôè grossprofit_margin Φ╢ïσè┐σêåµ₧É:   4%|Γûë                         | 71/1914 [00:00<00:15, 115.21σà¼σÅ╕/s]
≡ƒôè grossprofit_margin Φ╢ïσè┐σêåµ₧É:   4%|ΓûêΓûÅ                        | 85/1914 [00:00<00:15, 120.31σà¼σÅ╕/s]
≡ƒôè grossprofit_margin Φ╢ïσè┐σêåµ₧É:   5%|ΓûêΓûÄ                        | 99/1914 [00:00<00:14, 123.63σà¼σÅ╕/s]
≡ƒôè grossprofit_margin Φ╢ïσè┐σêåµ₧É:   6%|ΓûêΓûì                       | 112/1914 [00:00<00:15, 115.41σà¼σÅ╕/s]
≡ƒôè grossprofit_margin Φ╢ïσè┐σêåµ₧É:   6%|ΓûêΓûî                       | 124/1914 [00:01<00:16, 110.74σà¼σÅ╕/s]
≡ƒôè grossprofit_margin Φ╢ïσè┐σêåµ₧É:   7%|ΓûêΓûè                       | 136/1914 [00:01<00:16, 105.29σà¼σÅ╕/s]
≡ƒôè grossprofit_margin Φ╢ïσè┐σêåµ₧É:   8%|ΓûêΓûë                       | 147/1914 [00:01<00:16, 104.62σà¼σÅ╕/s]
≡ƒôè grossprofit_margin Φ╢ïσè┐σêåµ₧É:   8%|ΓûêΓûê                       | 158/1914 [00:01<00:17, 102.51σà¼σÅ╕/s]
≡ƒôè grossprofit_margin Φ╢ïσè┐σêåµ₧É:   9%|ΓûêΓûêΓûÅ                      | 170/1914 [00:01<00:16, 107.27σà¼σÅ╕/s]
≡ƒôè grossprofit_margin Φ╢ïσè┐σêåµ₧É:   9%|ΓûêΓûêΓûÄ                      | 181/1914 [00:01<00:16, 105.96σà¼σÅ╕/s]
≡ƒôè grossprofit_margin Φ╢ïσè┐σêåµ₧É:  10%|ΓûêΓûêΓûî                      | 193/1914 [00:01<00:16, 106.79σà¼σÅ╕/s]
≡ƒôè grossprofit_margin Φ╢ïσè┐σêåµ₧É:  11%|ΓûêΓûêΓûï                      | 204/1914 [00:01<00:16, 106.26σà¼σÅ╕/s]
≡ƒôè grossprofit_margin Φ╢ïσè┐σêåµ₧É:  11%|ΓûêΓûêΓûè                      | 215/1914 [00:01<00:16, 102.17σà¼σÅ╕/s]
≡ƒôè grossprofit_margin Φ╢ïσè┐σêåµ₧É:  12%|ΓûêΓûêΓûê                       | 226/1914 [00:02<00:16, 99.42σà¼σÅ╕/s]
≡ƒôè grossprofit_margin Φ╢ïσè┐σêåµ₧É:  12%|ΓûêΓûêΓûêΓûÅ                      | 237/1914 [00:02<00:16, 98.99σà¼σÅ╕/s]
≡ƒôè grossprofit_margin Φ╢ïσè┐σêåµ₧É:  13%|ΓûêΓûêΓûêΓûÄ                      | 247/1914 [00:02<00:17, 93.09σà¼σÅ╕/s]
≡ƒôè grossprofit_margin Φ╢ïσè┐σêåµ₧É:  13%|ΓûêΓûêΓûêΓûì                      | 257/1914 [00:02<00:18, 91.04σà¼σÅ╕/s]
≡ƒôè grossprofit_margin Φ╢ïσè┐σêåµ₧É:  14%|ΓûêΓûêΓûêΓûï                      | 267/1914 [00:02<00:18, 88.25σà¼σÅ╕/s]
≡ƒôè grossprofit_margin Φ╢ïσè┐σêåµ₧É:  14%|ΓûêΓûêΓûêΓûï                      | 276/1914 [00:02<00:19, 82.98σà¼σÅ╕/s]
≡ƒôè grossprofit_margin Φ╢ïσè┐σêåµ₧É:  15%|ΓûêΓûêΓûêΓûë                      | 286/1914 [00:02<00:19, 84.70σà¼σÅ╕/s]
≡ƒôè grossprofit_margin Φ╢ïσè┐σêåµ₧É:  15%|ΓûêΓûêΓûêΓûê                      | 296/1914 [00:02<00:18, 87.26σà¼σÅ╕/s]
≡ƒôè grossprofit_margin Φ╢ïσè┐σêåµ₧É:  16%|ΓûêΓûêΓûêΓûêΓûÅ                     | 305/1914 [00:03<00:18, 87.15σà¼σÅ╕/s]
≡ƒôè grossprofit_margin Φ╢ïσè┐σêåµ₧É:  16%|ΓûêΓûêΓûêΓûêΓûÄ                     | 314/1914 [00:03<00:18, 86.66σà¼σÅ╕/s]
≡ƒôè grossprofit_margin Φ╢ïσè┐σêåµ₧É:  17%|ΓûêΓûêΓûêΓûêΓûì                     | 323/1914 [00:03<00:21, 74.08σà¼σÅ╕/s]
≡ƒôè grossprofit_margin Φ╢ïσè┐σêåµ₧É:  17%|ΓûêΓûêΓûêΓûêΓûì                     | 331/1914 [00:03<00:25, 61.09σà¼σÅ╕/s]
≡ƒôè grossprofit_margin Φ╢ïσè┐σêåµ₧É:  18%|ΓûêΓûêΓûêΓûêΓûî                     | 338/1914 [00:03<00:29, 54.12σà¼σÅ╕/s]
≡ƒôè grossprofit_margin Φ╢ïσè┐σêåµ₧É:  18%|ΓûêΓûêΓûêΓûêΓûï                     | 345/1914 [00:03<00:27, 57.05σà¼σÅ╕/s]
≡ƒôè grossprofit_margin Φ╢ïσè┐σêåµ₧É:  18%|ΓûêΓûêΓûêΓûêΓûè                     | 354/1914 [00:03<00:24, 63.37σà¼σÅ╕/s]
≡ƒôè grossprofit_margin Φ╢ïσè┐σêåµ₧É:  19%|ΓûêΓûêΓûêΓûêΓûë                     | 363/1914 [00:03<00:22, 69.45σà¼σÅ╕/s]
≡ƒôè grossprofit_margin Φ╢ïσè┐σêåµ₧É:  19%|ΓûêΓûêΓûêΓûêΓûê                     | 371/1914 [00:04<00:21, 70.35σà¼σÅ╕/s]
≡ƒôè grossprofit_margin Φ╢ïσè┐σêåµ₧É:  20%|ΓûêΓûêΓûêΓûêΓûêΓûÅ                    | 379/1914 [00:04<00:22, 68.22σà¼σÅ╕/s]
≡ƒôè grossprofit_margin Φ╢ïσè┐σêåµ₧É:  20%|ΓûêΓûêΓûêΓûêΓûêΓûÄ                    | 387/1914 [00:04<00:21, 69.43σà¼σÅ╕/s]
≡ƒôè grossprofit_margin Φ╢ïσè┐σêåµ₧É:  21%|ΓûêΓûêΓûêΓûêΓûêΓûÄ                    | 395/1914 [00:04<00:21, 70.20σà¼σÅ╕/s]
≡ƒôè grossprofit_margin Φ╢ïσè┐σêåµ₧É:  21%|ΓûêΓûêΓûêΓûêΓûêΓûì                    | 403/1914 [00:04<00:22, 68.11σà¼σÅ╕/s]
≡ƒôè grossprofit_margin Φ╢ïσè┐σêåµ₧É:  21%|ΓûêΓûêΓûêΓûêΓûêΓûî                    | 410/1914 [00:04<00:30, 49.52σà¼σÅ╕/s]
≡ƒôè grossprofit_margin Φ╢ïσè┐σêåµ₧É:  22%|ΓûêΓûêΓûêΓûêΓûêΓûï                    | 416/1914 [00:04<00:34, 43.43σà¼σÅ╕/s]
≡ƒôè grossprofit_margin Φ╢ïσè┐σêåµ₧É:  22%|ΓûêΓûêΓûêΓûêΓûêΓûè                    | 424/1914 [00:05<00:29, 50.07σà¼σÅ╕/s]
≡ƒôè grossprofit_margin Φ╢ïσè┐σêåµ₧É:  23%|ΓûêΓûêΓûêΓûêΓûêΓûë                    | 433/1914 [00:05<00:25, 58.67σà¼σÅ╕/s]
≡ƒôè grossprofit_margin Φ╢ïσè┐σêåµ₧É:  23%|ΓûêΓûêΓûêΓûêΓûêΓûê                    | 443/1914 [00:05<00:21, 67.70σà¼σÅ╕/s]
≡ƒôè grossprofit_margin Φ╢ïσè┐σêåµ₧É:  24%|ΓûêΓûêΓûêΓûêΓûêΓûêΓûÅ                   | 454/1914 [00:05<00:18, 77.21σà¼σÅ╕/s]
≡ƒôè grossprofit_margin Φ╢ïσè┐σêåµ₧É:  24%|ΓûêΓûêΓûêΓûêΓûêΓûêΓûÄ                   | 466/1914 [00:05<00:16, 87.14σà¼σÅ╕/s]
≡ƒôè grossprofit_margin Φ╢ïσè┐σêåµ₧É:  25%|ΓûêΓûêΓûêΓûêΓûêΓûêΓûî                   | 479/1914 [00:05<00:14, 97.58σà¼σÅ╕/s]
≡ƒôè grossprofit_margin Φ╢ïσè┐σêåµ₧É:  26%|ΓûêΓûêΓûêΓûêΓûêΓûêΓûì                  | 491/1914 [00:05<00:13, 102.96σà¼σÅ╕/s]
≡ƒôè grossprofit_margin Φ╢ïσè┐σêåµ₧É:  26%|ΓûêΓûêΓûêΓûêΓûêΓûêΓûî                  | 503/1914 [00:05<00:13, 106.72σà¼σÅ╕/s]
≡ƒôè grossprofit_margin Φ╢ïσè┐σêåµ₧É:  27%|ΓûêΓûêΓûêΓûêΓûêΓûêΓûï                  | 514/1914 [00:05<00:13, 104.98σà¼σÅ╕/s]
≡ƒôè grossprofit_margin Φ╢ïσè┐σêåµ₧É:  28%|ΓûêΓûêΓûêΓûêΓûêΓûêΓûë                  | 528/1914 [00:06<00:12, 113.34σà¼σÅ╕/s]
≡ƒôè grossprofit_margin Φ╢ïσè┐σêåµ₧É:  28%|ΓûêΓûêΓûêΓûêΓûêΓûêΓûê                  | 542/1914 [00:06<00:11, 118.19σà¼σÅ╕/s]
≡ƒôè grossprofit_margin Φ╢ïσè┐σêåµ₧É:  29%|ΓûêΓûêΓûêΓûêΓûêΓûêΓûêΓûÄ                 | 557/1914 [00:06<00:11, 123.18σà¼σÅ╕/s]
≡ƒôè grossprofit_margin Φ╢ïσè┐σêåµ₧É:  30%|ΓûêΓûêΓûêΓûêΓûêΓûêΓûêΓûì                 | 571/1914 [00:06<00:10, 127.91σà¼σÅ╕/s]
≡ƒôè grossprofit_margin Φ╢ïσè┐σêåµ₧É:  31%|ΓûêΓûêΓûêΓûêΓûêΓûêΓûêΓûï                 | 584/1914 [00:06<00:10, 128.50σà¼σÅ╕/s]
≡ƒôè grossprofit_margin Φ╢ïσè┐σêåµ₧É:  31%|ΓûêΓûêΓûêΓûêΓûêΓûêΓûêΓûè                 | 598/1914 [00:06<00:10, 129.74σà¼σÅ╕/s]
≡ƒôè grossprofit_margin Φ╢ïσè┐σêåµ₧É:  32%|ΓûêΓûêΓûêΓûêΓûêΓûêΓûêΓûë                 | 612/1914 [00:06<00:09, 131.95σà¼σÅ╕/s]
≡ƒôè grossprofit_margin Φ╢ïσè┐σêåµ₧É:  33%|ΓûêΓûêΓûêΓûêΓûêΓûêΓûêΓûêΓûÅ                | 626/1914 [00:06<00:09, 130.65σà¼σÅ╕/s]
≡ƒôè grossprofit_margin Φ╢ïσè┐σêåµ₧É:  33%|ΓûêΓûêΓûêΓûêΓûêΓûêΓûêΓûêΓûÄ                | 640/1914 [00:06<00:10, 124.46σà¼σÅ╕/s]
≡ƒôè grossprofit_margin Φ╢ïσè┐σêåµ₧É:  34%|ΓûêΓûêΓûêΓûêΓûêΓûêΓûêΓûêΓûî                | 653/1914 [00:07<00:10, 125.61σà¼σÅ╕/s]
≡ƒôè grossprofit_margin Φ╢ïσè┐σêåµ₧É:  35%|ΓûêΓûêΓûêΓûêΓûêΓûêΓûêΓûêΓûï                | 666/1914 [00:07<00:10, 124.32σà¼σÅ╕/s]
≡ƒôè grossprofit_margin Φ╢ïσè┐σêåµ₧É:  35%|ΓûêΓûêΓûêΓûêΓûêΓûêΓûêΓûêΓûè                | 679/1914 [00:07<00:09, 124.88σà¼σÅ╕/s]
≡ƒôè grossprofit_margin Φ╢ïσè┐σêåµ₧É:  36%|ΓûêΓûêΓûêΓûêΓûêΓûêΓûêΓûêΓûê                | 693/1914 [00:07<00:09, 128.21σà¼σÅ╕/s]
≡ƒôè grossprofit_margin Φ╢ïσè┐σêåµ₧É:  37%|ΓûêΓûêΓûêΓûêΓûêΓûêΓûêΓûêΓûêΓûÅ               | 708/1914 [00:07<00:09, 130.71σà¼σÅ╕/s]
≡ƒôè grossprofit_margin Φ╢ïσè┐σêåµ₧É:  38%|ΓûêΓûêΓûêΓûêΓûêΓûêΓûêΓûêΓûêΓûì               | 723/1914 [00:07<00:08, 132.39σà¼σÅ╕/s]
≡ƒôè grossprofit_margin Φ╢ïσè┐σêåµ₧É:  39%|ΓûêΓûêΓûêΓûêΓûêΓûêΓûêΓûêΓûêΓûï               | 737/1914 [00:07<00:08, 132.02σà¼σÅ╕/s]
≡ƒôè grossprofit_margin Φ╢ïσè┐σêåµ₧É:  39%|ΓûêΓûêΓûêΓûêΓûêΓûêΓûêΓûêΓûêΓûè               | 752/1914 [00:07<00:08, 134.33σà¼σÅ╕/s]
≡ƒôè grossprofit_margin Φ╢ïσè┐σêåµ₧É:  40%|ΓûêΓûêΓûêΓûêΓûêΓûêΓûêΓûêΓûêΓûê               | 766/1914 [00:07<00:08, 133.81σà¼σÅ╕/s]
≡ƒôè grossprofit_margin Φ╢ïσè┐σêåµ₧É:  41%|ΓûêΓûêΓûêΓûêΓûêΓûêΓûêΓûêΓûêΓûêΓûÅ              | 780/1914 [00:07<00:08, 133.42σà¼σÅ╕/s]
≡ƒôè grossprofit_margin Φ╢ïσè┐σêåµ₧É:  41%|ΓûêΓûêΓûêΓûêΓûêΓûêΓûêΓûêΓûêΓûêΓûÄ              | 794/1914 [00:08<00:08, 131.04σà¼σÅ╕/s]
≡ƒôè grossprofit_margin Φ╢ïσè┐σêåµ₧É:  42%|ΓûêΓûêΓûêΓûêΓûêΓûêΓûêΓûêΓûêΓûêΓûî              | 808/1914 [00:08<00:08, 126.79σà¼σÅ╕/s]
≡ƒôè grossprofit_margin Φ╢ïσè┐σêåµ₧É:  43%|ΓûêΓûêΓûêΓûêΓûêΓûêΓûêΓûêΓûêΓûêΓûï              | 821/1914 [00:08<00:08, 121.84σà¼σÅ╕/s]
≡ƒôè grossprofit_margin Φ╢ïσè┐σêåµ₧É:  44%|ΓûêΓûêΓûêΓûêΓûêΓûêΓûêΓûêΓûêΓûêΓûë              | 834/1914 [00:08<00:09, 117.85σà¼σÅ╕/s]
≡ƒôè grossprofit_margin Φ╢ïσè┐σêåµ₧É:  44%|ΓûêΓûêΓûêΓûêΓûêΓûêΓûêΓûêΓûêΓûêΓûê              | 848/1914 [00:08<00:08, 120.43σà¼σÅ╕/s]
≡ƒôè grossprofit_margin Φ╢ïσè┐σêåµ₧É:  45%|ΓûêΓûêΓûêΓûêΓûêΓûêΓûêΓûêΓûêΓûêΓûêΓûÅ             | 861/1914 [00:08<00:08, 122.37σà¼σÅ╕/s]
≡ƒôè grossprofit_margin Φ╢ïσè┐σêåµ₧É:  46%|ΓûêΓûêΓûêΓûêΓûêΓûêΓûêΓûêΓûêΓûêΓûêΓûì             | 875/1914 [00:08<00:08, 126.50σà¼σÅ╕/s]
≡ƒôè grossprofit_margin Φ╢ïσè┐σêåµ₧É:  46%|ΓûêΓûêΓûêΓûêΓûêΓûêΓûêΓûêΓûêΓûêΓûêΓûî             | 889/1914 [00:08<00:08, 127.03σà¼σÅ╕/s]
≡ƒôè grossprofit_margin Φ╢ïσè┐σêåµ₧É:  47%|ΓûêΓûêΓûêΓûêΓûêΓûêΓûêΓûêΓûêΓûêΓûêΓûè             | 903/1914 [00:08<00:07, 129.39σà¼σÅ╕/s]
≡ƒôè grossprofit_margin Φ╢ïσè┐σêåµ₧É:  48%|ΓûêΓûêΓûêΓûêΓûêΓûêΓûêΓûêΓûêΓûêΓûêΓûë             | 917/1914 [00:09<00:07, 130.71σà¼σÅ╕/s]
≡ƒôè grossprofit_margin Φ╢ïσè┐σêåµ₧É:  49%|ΓûêΓûêΓûêΓûêΓûêΓûêΓûêΓûêΓûêΓûêΓûêΓûêΓûï             | 931/1914 [00:09<00:09, 99.59σà¼σÅ╕/s]
≡ƒôè grossprofit_margin Φ╢ïσè┐σêåµ₧É:  49%|ΓûêΓûêΓûêΓûêΓûêΓûêΓûêΓûêΓûêΓûêΓûêΓûêΓûÄ            | 945/1914 [00:09<00:08, 107.90σà¼σÅ╕/s]
≡ƒôè grossprofit_margin Φ╢ïσè┐σêåµ₧É:  50%|ΓûêΓûêΓûêΓûêΓûêΓûêΓûêΓûêΓûêΓûêΓûêΓûêΓûî            | 960/1914 [00:09<00:08, 116.34σà¼σÅ╕/s]
≡ƒôè grossprofit_margin Φ╢ïσè┐σêåµ₧É:  51%|ΓûêΓûêΓûêΓûêΓûêΓûêΓûêΓûêΓûêΓûêΓûêΓûêΓûï            | 975/1914 [00:09<00:07, 123.12σà¼σÅ╕/s]
≡ƒôè grossprofit_margin Φ╢ïσè┐σêåµ₧É:  52%|ΓûêΓûêΓûêΓûêΓûêΓûêΓûêΓûêΓûêΓûêΓûêΓûêΓûë            | 990/1914 [00:09<00:07, 129.20σà¼σÅ╕/s]
≡ƒôè grossprofit_margin Φ╢ïσè┐σêåµ₧É:  52%|ΓûêΓûêΓûêΓûêΓûêΓûêΓûêΓûêΓûêΓûêΓûêΓûêΓûî           | 1004/1914 [00:09<00:07, 129.18σà¼σÅ╕/s]
≡ƒôè grossprofit_margin Φ╢ïσè┐σêåµ₧É:  53%|ΓûêΓûêΓûêΓûêΓûêΓûêΓûêΓûêΓûêΓûêΓûêΓûêΓûè           | 1018/1914 [00:09<00:06, 129.20σà¼σÅ╕/s]
≡ƒôè grossprofit_margin Φ╢ïσè┐σêåµ₧É:  54%|ΓûêΓûêΓûêΓûêΓûêΓûêΓûêΓûêΓûêΓûêΓûêΓûêΓûë           | 1032/1914 [00:10<00:06, 130.96σà¼σÅ╕/s]
≡ƒôè grossprofit_margin Φ╢ïσè┐σêåµ₧É:  55%|ΓûêΓûêΓûêΓûêΓûêΓûêΓûêΓûêΓûêΓûêΓûêΓûêΓûê           | 1046/1914 [00:10<00:06, 133.27σà¼σÅ╕/s]
≡ƒôè grossprofit_margin Φ╢ïσè┐σêåµ₧É:  55%|ΓûêΓûêΓûêΓûêΓûêΓûêΓûêΓûêΓûêΓûêΓûêΓûêΓûêΓûÄ          | 1061/1914 [00:10<00:06, 135.86σà¼σÅ╕/s]
≡ƒôè grossprofit_margin Φ╢ïσè┐σêåµ₧É:  56%|ΓûêΓûêΓûêΓûêΓûêΓûêΓûêΓûêΓûêΓûêΓûêΓûêΓûêΓûì          | 1075/1914 [00:10<00:06, 135.95σà¼σÅ╕/s]
≡ƒôè grossprofit_margin Φ╢ïσè┐σêåµ₧É:  57%|ΓûêΓûêΓûêΓûêΓûêΓûêΓûêΓûêΓûêΓûêΓûêΓûêΓûêΓûï          | 1090/1914 [00:10<00:05, 138.32σà¼σÅ╕/s]
≡ƒôè grossprofit_margin Φ╢ïσè┐σêåµ₧É:  58%|ΓûêΓûêΓûêΓûêΓûêΓûêΓûêΓûêΓûêΓûêΓûêΓûêΓûêΓûè          | 1104/1914 [00:10<00:05, 137.61σà¼σÅ╕/s]
≡ƒôè grossprofit_margin Φ╢ïσè┐σêåµ₧É:  58%|ΓûêΓûêΓûêΓûêΓûêΓûêΓûêΓûêΓûêΓûêΓûêΓûêΓûêΓûê          | 1118/1914 [00:10<00:05, 138.19σà¼σÅ╕/s]
≡ƒôè grossprofit_margin Φ╢ïσè┐σêåµ₧É:  59%|ΓûêΓûêΓûêΓûêΓûêΓûêΓûêΓûêΓûêΓûêΓûêΓûêΓûêΓûêΓûÅ         | 1132/1914 [00:10<00:05, 137.85σà¼σÅ╕/s]
≡ƒôè grossprofit_margin Φ╢ïσè┐σêåµ₧É:  60%|ΓûêΓûêΓûêΓûêΓûêΓûêΓûêΓûêΓûêΓûêΓûêΓûêΓûêΓûêΓûÄ         | 1146/1914 [00:10<00:05, 136.49σà¼σÅ╕/s]
≡ƒôè grossprofit_margin Φ╢ïσè┐σêåµ₧É:  61%|ΓûêΓûêΓûêΓûêΓûêΓûêΓûêΓûêΓûêΓûêΓûêΓûêΓûêΓûêΓûî         | 1160/1914 [00:10<00:05, 136.49σà¼σÅ╕/s]
≡ƒôè grossprofit_margin Φ╢ïσè┐σêåµ₧É:  61%|ΓûêΓûêΓûêΓûêΓûêΓûêΓûêΓûêΓûêΓûêΓûêΓûêΓûêΓûêΓûï         | 1174/1914 [00:11<00:05, 135.87σà¼σÅ╕/s]
≡ƒôè grossprofit_margin Φ╢ïσè┐σêåµ₧É:  62%|ΓûêΓûêΓûêΓûêΓûêΓûêΓûêΓûêΓûêΓûêΓûêΓûêΓûêΓûêΓûë         | 1188/1914 [00:11<00:05, 132.10σà¼σÅ╕/s]
≡ƒôè grossprofit_margin Φ╢ïσè┐σêåµ₧É:  63%|ΓûêΓûêΓûêΓûêΓûêΓûêΓûêΓûêΓûêΓûêΓûêΓûêΓûêΓûêΓûê         | 1202/1914 [00:11<00:05, 131.29σà¼σÅ╕/s]
≡ƒôè grossprofit_margin Φ╢ïσè┐σêåµ₧É:  64%|ΓûêΓûêΓûêΓûêΓûêΓûêΓûêΓûêΓûêΓûêΓûêΓûêΓûêΓûêΓûêΓûÅ        | 1216/1914 [00:11<00:05, 131.86σà¼σÅ╕/s]
≡ƒôè grossprofit_margin Φ╢ïσè┐σêåµ₧É:  64%|ΓûêΓûêΓûêΓûêΓûêΓûêΓûêΓûêΓûêΓûêΓûêΓûêΓûêΓûêΓûêΓûì        | 1230/1914 [00:11<00:05, 131.80σà¼σÅ╕/s]
≡ƒôè grossprofit_margin Φ╢ïσè┐σêåµ₧É:  65%|ΓûêΓûêΓûêΓûêΓûêΓûêΓûêΓûêΓûêΓûêΓûêΓûêΓûêΓûêΓûêΓûî        | 1244/1914 [00:11<00:05, 126.59σà¼σÅ╕/s]
≡ƒôè grossprofit_margin Φ╢ïσè┐σêåµ₧É:  66%|ΓûêΓûêΓûêΓûêΓûêΓûêΓûêΓûêΓûêΓûêΓûêΓûêΓûêΓûêΓûêΓûè        | 1257/1914 [00:11<00:05, 123.13σà¼σÅ╕/s]
≡ƒôè grossprofit_margin Φ╢ïσè┐σêåµ₧É:  66%|ΓûêΓûêΓûêΓûêΓûêΓûêΓûêΓûêΓûêΓûêΓûêΓûêΓûêΓûêΓûêΓûë        | 1270/1914 [00:11<00:05, 121.65σà¼σÅ╕/s]
≡ƒôè grossprofit_margin Φ╢ïσè┐σêåµ₧É:  67%|ΓûêΓûêΓûêΓûêΓûêΓûêΓûêΓûêΓûêΓûêΓûêΓûêΓûêΓûêΓûêΓûê        | 1283/1914 [00:11<00:05, 119.33σà¼σÅ╕/s]
≡ƒôè grossprofit_margin Φ╢ïσè┐σêåµ₧É:  68%|ΓûêΓûêΓûêΓûêΓûêΓûêΓûêΓûêΓûêΓûêΓûêΓûêΓûêΓûêΓûêΓûêΓûÅ       | 1295/1914 [00:12<00:05, 118.52σà¼σÅ╕/s]
≡ƒôè grossprofit_margin Φ╢ïσè┐σêåµ₧É:  68%|ΓûêΓûêΓûêΓûêΓûêΓûêΓûêΓûêΓûêΓûêΓûêΓûêΓûêΓûêΓûêΓûêΓûì       | 1308/1914 [00:12<00:05, 120.38σà¼σÅ╕/s]
≡ƒôè grossprofit_margin Φ╢ïσè┐σêåµ₧É:  69%|ΓûêΓûêΓûêΓûêΓûêΓûêΓûêΓûêΓûêΓûêΓûêΓûêΓûêΓûêΓûêΓûêΓûî       | 1321/1914 [00:12<00:04, 122.37σà¼σÅ╕/s]
≡ƒôè grossprofit_margin Φ╢ïσè┐σêåµ₧É:  70%|ΓûêΓûêΓûêΓûêΓûêΓûêΓûêΓûêΓûêΓûêΓûêΓûêΓûêΓûêΓûêΓûêΓûï       | 1334/1914 [00:12<00:04, 124.21σà¼σÅ╕/s]
≡ƒôè grossprofit_margin Φ╢ïσè┐σêåµ₧É:  70%|ΓûêΓûêΓûêΓûêΓûêΓûêΓûêΓûêΓûêΓûêΓûêΓûêΓûêΓûêΓûêΓûêΓûë       | 1349/1914 [00:12<00:04, 128.54σà¼σÅ╕/s]
≡ƒôè grossprofit_margin Φ╢ïσè┐σêåµ₧É:  71%|ΓûêΓûêΓûêΓûêΓûêΓûêΓûêΓûêΓûêΓûêΓûêΓûêΓûêΓûêΓûêΓûêΓûê       | 1362/1914 [00:12<00:04, 126.30σà¼σÅ╕/s]
≡ƒôè grossprofit_margin Φ╢ïσè┐σêåµ₧É:  72%|ΓûêΓûêΓûêΓûêΓûêΓûêΓûêΓûêΓûêΓûêΓûêΓûêΓûêΓûêΓûêΓûêΓûêΓûÄ      | 1376/1914 [00:12<00:04, 128.72σà¼σÅ╕/s]
≡ƒôè grossprofit_margin Φ╢ïσè┐σêåµ₧É:  73%|ΓûêΓûêΓûêΓûêΓûêΓûêΓûêΓûêΓûêΓûêΓûêΓûêΓûêΓûêΓûêΓûêΓûêΓûì      | 1390/1914 [00:12<00:04, 130.86σà¼σÅ╕/s]
≡ƒôè grossprofit_margin Φ╢ïσè┐σêåµ₧É:  73%|ΓûêΓûêΓûêΓûêΓûêΓûêΓûêΓûêΓûêΓûêΓûêΓûêΓûêΓûêΓûêΓûêΓûêΓûî      | 1404/1914 [00:12<00:03, 132.43σà¼σÅ╕/s]
≡ƒôè grossprofit_margin Φ╢ïσè┐σêåµ₧É:  74%|ΓûêΓûêΓûêΓûêΓûêΓûêΓûêΓûêΓûêΓûêΓûêΓûêΓûêΓûêΓûêΓûêΓûêΓûè      | 1418/1914 [00:12<00:03, 133.23σà¼σÅ╕/s]
≡ƒôè grossprofit_margin Φ╢ïσè┐σêåµ₧É:  75%|ΓûêΓûêΓûêΓûêΓûêΓûêΓûêΓûêΓûêΓûêΓûêΓûêΓûêΓûêΓûêΓûêΓûêΓûë      | 1432/1914 [00:13<00:03, 133.29σà¼σÅ╕/s]
≡ƒôè grossprofit_margin Φ╢ïσè┐σêåµ₧É:  76%|ΓûêΓûêΓûêΓûêΓûêΓûêΓûêΓûêΓûêΓûêΓûêΓûêΓûêΓûêΓûêΓûêΓûêΓûêΓûÅ     | 1447/1914 [00:13<00:03, 137.60σà¼σÅ╕/s]
≡ƒôè grossprofit_margin Φ╢ïσè┐σêåµ₧É:  76%|ΓûêΓûêΓûêΓûêΓûêΓûêΓûêΓûêΓûêΓûêΓûêΓûêΓûêΓûêΓûêΓûêΓûêΓûêΓûÄ     | 1461/1914 [00:13<00:03, 132.89σà¼σÅ╕/s]
≡ƒôè grossprofit_margin Φ╢ïσè┐σêåµ₧É:  77%|ΓûêΓûêΓûêΓûêΓûêΓûêΓûêΓûêΓûêΓûêΓûêΓûêΓûêΓûêΓûêΓûêΓûêΓûêΓûì     | 1475/1914 [00:13<00:03, 134.75σà¼σÅ╕/s]
≡ƒôè grossprofit_margin Φ╢ïσè┐σêåµ₧É:  78%|ΓûêΓûêΓûêΓûêΓûêΓûêΓûêΓûêΓûêΓûêΓûêΓûêΓûêΓûêΓûêΓûêΓûêΓûêΓûï     | 1490/1914 [00:13<00:03, 136.94σà¼σÅ╕/s]
≡ƒôè grossprofit_margin Φ╢ïσè┐σêåµ₧É:  79%|ΓûêΓûêΓûêΓûêΓûêΓûêΓûêΓûêΓûêΓûêΓûêΓûêΓûêΓûêΓûêΓûêΓûêΓûêΓûè     | 1505/1914 [00:13<00:02, 138.23σà¼σÅ╕/s]
≡ƒôè grossprofit_margin Φ╢ïσè┐σêåµ₧É:  79%|ΓûêΓûêΓûêΓûêΓûêΓûêΓûêΓûêΓûêΓûêΓûêΓûêΓûêΓûêΓûêΓûêΓûêΓûêΓûê     | 1519/1914 [00:13<00:02, 136.49σà¼σÅ╕/s]
≡ƒôè grossprofit_margin Φ╢ïσè┐σêåµ₧É:  80%|ΓûêΓûêΓûêΓûêΓûêΓûêΓûêΓûêΓûêΓûêΓûêΓûêΓûêΓûêΓûêΓûêΓûêΓûêΓûêΓûÅ    | 1533/1914 [00:13<00:02, 133.59σà¼σÅ╕/s]
≡ƒôè grossprofit_margin Φ╢ïσè┐σêåµ₧É:  81%|ΓûêΓûêΓûêΓûêΓûêΓûêΓûêΓûêΓûêΓûêΓûêΓûêΓûêΓûêΓûêΓûêΓûêΓûêΓûêΓûì    | 1547/1914 [00:13<00:02, 127.54σà¼σÅ╕/s]
≡ƒôè grossprofit_margin Φ╢ïσè┐σêåµ₧É:  82%|ΓûêΓûêΓûêΓûêΓûêΓûêΓûêΓûêΓûêΓûêΓûêΓûêΓûêΓûêΓûêΓûêΓûêΓûêΓûêΓûî    | 1560/1914 [00:14<00:02, 124.54σà¼σÅ╕/s]
≡ƒôè grossprofit_margin Φ╢ïσè┐σêåµ₧É:  82%|ΓûêΓûêΓûêΓûêΓûêΓûêΓûêΓûêΓûêΓûêΓûêΓûêΓûêΓûêΓûêΓûêΓûêΓûêΓûêΓûï    | 1573/1914 [00:14<00:02, 118.80σà¼σÅ╕/s]
[12/08/25 15:33:07] WARNING  688302.SH                              core.py:682
                             µîçµáçgrossprofit_marginΘóäσñäτÉåσñ▒Φ┤Ñ:                 
                             µ£ëµòêµò░µì«Σ╕ìΦ╢│                                      
≡ƒôè grossprofit_margin Φ╢ïσè┐σêåµ₧É:  83%|ΓûêΓûêΓûêΓûêΓûêΓûêΓûêΓûêΓûêΓûêΓûêΓûêΓûêΓûêΓûêΓûêΓûêΓûêΓûêΓûè    | 1585/1914 [00:14<00:02, 117.89σà¼σÅ╕/s]
≡ƒôè grossprofit_margin Φ╢ïσè┐σêåµ₧É:  84%|ΓûêΓûêΓûêΓûêΓûêΓûêΓûêΓûêΓûêΓûêΓûêΓûêΓûêΓûêΓûêΓûêΓûêΓûêΓûêΓûê    | 1599/1914 [00:14<00:02, 123.11σà¼σÅ╕/s]
≡ƒôè grossprofit_margin Φ╢ïσè┐σêåµ₧É:  84%|ΓûêΓûêΓûêΓûêΓûêΓûêΓûêΓûêΓûêΓûêΓûêΓûêΓûêΓûêΓûêΓûêΓûêΓûêΓûêΓûêΓûÅ   | 1612/1914 [00:14<00:02, 124.78σà¼σÅ╕/s]
                    WARNING  688382.SH                              core.py:682
                             µîçµáçgrossprofit_marginΘóäσñäτÉåσñ▒Φ┤Ñ:                 
                             µ£ëµòêµò░µì«Σ╕ìΦ╢│                                      
≡ƒôè grossprofit_margin Φ╢ïσè┐σêåµ₧É:  85%|ΓûêΓûêΓûêΓûêΓûêΓûêΓûêΓûêΓûêΓûêΓûêΓûêΓûêΓûêΓûêΓûêΓûêΓûêΓûêΓûêΓûì   | 1626/1914 [00:14<00:02, 128.17σà¼σÅ╕/s]
≡ƒôè grossprofit_margin Φ╢ïσè┐σêåµ₧É:  86%|ΓûêΓûêΓûêΓûêΓûêΓûêΓûêΓûêΓûêΓûêΓûêΓûêΓûêΓûêΓûêΓûêΓûêΓûêΓûêΓûêΓûî   | 1641/1914 [00:14<00:02, 134.11σà¼σÅ╕/s]
≡ƒôè grossprofit_margin Φ╢ïσè┐σêåµ₧É:  86%|ΓûêΓûêΓûêΓûêΓûêΓûêΓûêΓûêΓûêΓûêΓûêΓûêΓûêΓûêΓûêΓûêΓûêΓûêΓûêΓûêΓûè   | 1655/1914 [00:14<00:01, 133.11σà¼σÅ╕/s]
≡ƒôè grossprofit_margin Φ╢ïσè┐σêåµ₧É:  87%|ΓûêΓûêΓûêΓûêΓûêΓûêΓûêΓûêΓûêΓûêΓûêΓûêΓûêΓûêΓûêΓûêΓûêΓûêΓûêΓûêΓûë   | 1669/1914 [00:14<00:01, 131.23σà¼σÅ╕/s]
≡ƒôè grossprofit_margin Φ╢ïσè┐σêåµ₧É:  88%|ΓûêΓûêΓûêΓûêΓûêΓûêΓûêΓûêΓûêΓûêΓûêΓûêΓûêΓûêΓûêΓûêΓûêΓûêΓûêΓûêΓûê   | 1684/1914 [00:15<00:01, 132.90σà¼σÅ╕/s]
≡ƒôè grossprofit_margin Φ╢ïσè┐σêåµ₧É:  89%|ΓûêΓûêΓûêΓûêΓûêΓûêΓûêΓûêΓûêΓûêΓûêΓûêΓûêΓûêΓûêΓûêΓûêΓûêΓûêΓûêΓûêΓûÄ  | 1698/1914 [00:15<00:01, 134.44σà¼σÅ╕/s]
≡ƒôè grossprofit_margin Φ╢ïσè┐σêåµ₧É:  89%|ΓûêΓûêΓûêΓûêΓûêΓûêΓûêΓûêΓûêΓûêΓûêΓûêΓûêΓûêΓûêΓûêΓûêΓûêΓûêΓûêΓûêΓûì  | 1712/1914 [00:15<00:01, 135.86σà¼σÅ╕/s]
≡ƒôè grossprofit_margin Φ╢ïσè┐σêåµ₧É:  90%|ΓûêΓûêΓûêΓûêΓûêΓûêΓûêΓûêΓûêΓûêΓûêΓûêΓûêΓûêΓûêΓûêΓûêΓûêΓûêΓûêΓûêΓûï  | 1726/1914 [00:15<00:01, 133.81σà¼σÅ╕/s]
≡ƒôè grossprofit_margin Φ╢ïσè┐σêåµ₧É:  91%|ΓûêΓûêΓûêΓûêΓûêΓûêΓûêΓûêΓûêΓûêΓûêΓûêΓûêΓûêΓûêΓûêΓûêΓûêΓûêΓûêΓûêΓûè  | 1741/1914 [00:15<00:01, 136.86σà¼σÅ╕/s]
≡ƒôè grossprofit_margin Φ╢ïσè┐σêåµ₧É:  92%|ΓûêΓûêΓûêΓûêΓûêΓûêΓûêΓûêΓûêΓûêΓûêΓûêΓûêΓûêΓûêΓûêΓûêΓûêΓûêΓûêΓûêΓûê  | 1755/1914 [00:15<00:01, 135.32σà¼σÅ╕/s]
≡ƒôè grossprofit_margin Φ╢ïσè┐σêåµ₧É:  92%|ΓûêΓûêΓûêΓûêΓûêΓûêΓûêΓûêΓûêΓûêΓûêΓûêΓûêΓûêΓûêΓûêΓûêΓûêΓûêΓûêΓûêΓûêΓûÅ | 1770/1914 [00:15<00:01, 135.89σà¼σÅ╕/s]
≡ƒôè grossprofit_margin Φ╢ïσè┐σêåµ₧É:  93%|ΓûêΓûêΓûêΓûêΓûêΓûêΓûêΓûêΓûêΓûêΓûêΓûêΓûêΓûêΓûêΓûêΓûêΓûêΓûêΓûêΓûêΓûêΓûì | 1785/1914 [00:15<00:00, 136.52σà¼σÅ╕/s]
≡ƒôè grossprofit_margin Φ╢ïσè┐σêåµ₧É:  94%|ΓûêΓûêΓûêΓûêΓûêΓûêΓûêΓûêΓûêΓûêΓûêΓûêΓûêΓûêΓûêΓûêΓûêΓûêΓûêΓûêΓûêΓûêΓûî | 1799/1914 [00:15<00:00, 134.88σà¼σÅ╕/s]
≡ƒôè grossprofit_margin Φ╢ïσè┐σêåµ₧É:  95%|ΓûêΓûêΓûêΓûêΓûêΓûêΓûêΓûêΓûêΓûêΓûêΓûêΓûêΓûêΓûêΓûêΓûêΓûêΓûêΓûêΓûêΓûêΓûï | 1813/1914 [00:15<00:00, 134.49σà¼σÅ╕/s]
≡ƒôè grossprofit_margin Φ╢ïσè┐σêåµ₧É:  96%|ΓûêΓûêΓûêΓûêΓûêΓûêΓûêΓûêΓûêΓûêΓûêΓûêΓûêΓûêΓûêΓûêΓûêΓûêΓûêΓûêΓûêΓûêΓûë | 1828/1914 [00:16<00:00, 136.74σà¼σÅ╕/s]
≡ƒôè grossprofit_margin Φ╢ïσè┐σêåµ₧É:  96%|ΓûêΓûêΓûêΓûêΓûêΓûêΓûêΓûêΓûêΓûêΓûêΓûêΓûêΓûêΓûêΓûêΓûêΓûêΓûêΓûêΓûêΓûêΓûê | 1843/1914 [00:16<00:00, 138.13σà¼σÅ╕/s]
≡ƒôè grossprofit_margin Φ╢ïσè┐σêåµ₧É:  97%|ΓûêΓûêΓûêΓûêΓûêΓûêΓûêΓûêΓûêΓûêΓûêΓûêΓûêΓûêΓûêΓûêΓûêΓûêΓûêΓûêΓûêΓûêΓûêΓûÄ| 1857/1914 [00:16<00:00, 136.99σà¼σÅ╕/s]
≡ƒôè grossprofit_margin Φ╢ïσè┐σêåµ₧É:  98%|ΓûêΓûêΓûêΓûêΓûêΓûêΓûêΓûêΓûêΓûêΓûêΓûêΓûêΓûêΓûêΓûêΓûêΓûêΓûêΓûêΓûêΓûêΓûêΓûì| 1872/1914 [00:16<00:00, 137.97σà¼σÅ╕/s]
≡ƒôè grossprofit_margin Φ╢ïσè┐σêåµ₧É:  99%|ΓûêΓûêΓûêΓûêΓûêΓûêΓûêΓûêΓûêΓûêΓûêΓûêΓûêΓûêΓûêΓûêΓûêΓûêΓûêΓûêΓûêΓûêΓûêΓûï| 1887/1914 [00:16<00:00, 139.00σà¼σÅ╕/s]
≡ƒôè grossprofit_margin Φ╢ïσè┐σêåµ₧É:  99%|ΓûêΓûêΓûêΓûêΓûêΓûêΓûêΓûêΓûêΓûêΓûêΓûêΓûêΓûêΓûêΓûêΓûêΓûêΓûêΓûêΓûêΓûêΓûêΓûè| 1903/1914 [00:16<00:00, 144.36σà¼σÅ╕/s]
≡ƒôè grossprofit_margin Φ╢ïσè┐σêåµ₧É: 100%|ΓûêΓûêΓûêΓûêΓûêΓûêΓûêΓûêΓûêΓûêΓûêΓûêΓûêΓûêΓûêΓûêΓûêΓûêΓûêΓûêΓûêΓûêΓûêΓûê| 1914/1914 [00:16<00:00, 114.70σà¼σÅ╕/s]
2025-12-08 15:33:09,848 - INFO -   Γ£à µû╣µ│ò analyze_metric_trend µëºΦíîσ«îµêÉ
[12/08/25 15:33:09] INFO       Γ£à µû╣µ│ò analyze_metric_trend kedro_engine.py:365
                             µëºΦíîσ«îµêÉ                                          
2025-12-08 15:33:09,848 - INFO - ≡ƒÄ» µû╣µ│òσ║ÅσêùµëºΦíîσ«îµêÉ∩╝îσà▒ 1 Σ╕¬µû╣µ│ò
                    INFO     ≡ƒÄ» µû╣µ│òσ║ÅσêùµëºΦíîσ«îµêÉ∩╝îσà▒ 1      kedro_engine.py:366
                             Σ╕¬µû╣µ│ò                                            
                    INFO     [PLUGIN] <- node                    loggers.py:308
                             Analyze_GrossMargin_Trend                         
                             duration=16.90381109993905s                       
                             cached=False                                      
                    INFO     Γ£à Φèéτé╣σ«îµêÉ:                 prefect_engine.py:616
                             Analyze_GrossMargin_Trend ->                      
                             ['Analyze_GrossMargin_Trend_                      
                             _GrossMargin_Trend_Result']                       
[12/08/25 15:33:10] INFO     Finished in state Completed()   task_engine.py:292
[12/08/25 15:33:11] WARNING  Concurrency limits                 _asyncio.py:111
                             ['tag:kedro-node'] do not exist -                 
                             skipping acquisition.                             
                    INFO     ≡ƒÜÇ µëºΦíîKedroΦèéτé╣:            prefect_engine.py:548
                             Analyze_ROIIC_Trend                               
2025-12-08 15:33:11,726 - INFO - ≡ƒöä µëºΦíîµû╣µ│òσ║Åσêù: ['analyze_metric_trend']
                    INFO     ≡ƒöä µëºΦíîµû╣µ│òσ║Åσêù:               kedro_engine.py:292
                             ['analyze_metric_trend']                          
                    INFO     [PLUGIN] -> node                    loggers.py:308
                             Analyze_ROIIC_Trend inputs=1                      
2025-12-08 15:33:11,731 - INFO -   ΓÜí µëºΦíîµû╣µ│ò 1/1: analyze_metric_trend
                    INFO       ΓÜí µëºΦíîµû╣µ│ò 1/1:             kedro_engine.py:303
                             analyze_metric_trend                              

≡ƒôè roiic Φ╢ïσè┐σêåµ₧É:   0%|                                                 | 0/1914 [00:00<?, ?σà¼σÅ╕/s]
≡ƒôè roiic Φ╢ïσè┐σêåµ₧É:   1%|ΓûÅ                                       | 10/1914 [00:00<00:20, 95.03σà¼σÅ╕/s]
≡ƒôè roiic Φ╢ïσè┐σêåµ₧É:   1%|Γûì                                       | 20/1914 [00:00<00:19, 95.92σà¼σÅ╕/s]
≡ƒôè roiic Φ╢ïσè┐σêåµ₧É:   2%|Γûï                                      | 31/1914 [00:00<00:18, 101.02σà¼σÅ╕/s]
≡ƒôè roiic Φ╢ïσè┐σêåµ₧É:   2%|Γûè                                      | 42/1914 [00:00<00:18, 103.25σà¼σÅ╕/s]
≡ƒôè roiic Φ╢ïσè┐σêåµ₧É:   3%|Γûê                                      | 53/1914 [00:00<00:18, 101.65σà¼σÅ╕/s]
≡ƒôè roiic Φ╢ïσè┐σêåµ₧É:   3%|ΓûêΓûÄ                                     | 66/1914 [00:00<00:16, 110.00σà¼σÅ╕/s]
≡ƒôè roiic Φ╢ïσè┐σêåµ₧É:   4%|ΓûêΓûî                                     | 78/1914 [00:00<00:16, 109.58σà¼σÅ╕/s]
≡ƒôè roiic Φ╢ïσè┐σêåµ₧É:   5%|ΓûêΓûè                                     | 92/1914 [00:00<00:16, 113.58σà¼σÅ╕/s]
≡ƒôè roiic Φ╢ïσè┐σêåµ₧É:   5%|ΓûêΓûê                                    | 104/1914 [00:00<00:16, 110.65σà¼σÅ╕/s]
≡ƒôè roiic Φ╢ïσè┐σêåµ₧É:   6%|ΓûêΓûêΓûÄ                                   | 116/1914 [00:01<00:16, 106.32σà¼σÅ╕/s]
≡ƒôè roiic Φ╢ïσè┐σêåµ₧É:   7%|ΓûêΓûêΓûî                                   | 127/1914 [00:01<00:17, 103.59σà¼σÅ╕/s]
≡ƒôè roiic Φ╢ïσè┐σêåµ₧É:   7%|ΓûêΓûêΓûè                                   | 139/1914 [00:01<00:16, 106.07σà¼σÅ╕/s]
≡ƒôè roiic Φ╢ïσè┐σêåµ₧É:   8%|ΓûêΓûêΓûê                                   | 152/1914 [00:01<00:15, 112.11σà¼σÅ╕/s]
≡ƒôè roiic Φ╢ïσè┐σêåµ₧É:   9%|ΓûêΓûêΓûêΓûÄ                                  | 164/1914 [00:01<00:15, 110.57σà¼σÅ╕/s]
≡ƒôè roiic Φ╢ïσè┐σêåµ₧É:   9%|ΓûêΓûêΓûêΓûî                                  | 177/1914 [00:01<00:15, 114.31σà¼σÅ╕/s]
≡ƒôè roiic Φ╢ïσè┐σêåµ₧É:  10%|ΓûêΓûêΓûêΓûè                                  | 191/1914 [00:01<00:14, 119.44σà¼σÅ╕/s]
≡ƒôè roiic Φ╢ïσè┐σêåµ₧É:  11%|ΓûêΓûêΓûêΓûê                                  | 206/1914 [00:01<00:13, 125.21σà¼σÅ╕/s]
≡ƒôè roiic Φ╢ïσè┐σêåµ₧É:  11%|ΓûêΓûêΓûêΓûêΓûÄ                                 | 220/1914 [00:01<00:13, 129.42σà¼σÅ╕/s]
≡ƒôè roiic Φ╢ïσè┐σêåµ₧É:  12%|ΓûêΓûêΓûêΓûêΓûï                                 | 233/1914 [00:02<00:13, 128.26σà¼σÅ╕/s]
≡ƒôè roiic Φ╢ïσè┐σêåµ₧É:  13%|ΓûêΓûêΓûêΓûêΓûë                                 | 246/1914 [00:02<00:13, 126.77σà¼σÅ╕/s]
≡ƒôè roiic Φ╢ïσè┐σêåµ₧É:  14%|ΓûêΓûêΓûêΓûêΓûêΓûÅ                                | 259/1914 [00:02<00:12, 127.69σà¼σÅ╕/s]
≡ƒôè roiic Φ╢ïσè┐σêåµ₧É:  14%|ΓûêΓûêΓûêΓûêΓûêΓûì                                | 272/1914 [00:02<00:14, 111.28σà¼σÅ╕/s]
≡ƒôè roiic Φ╢ïσè┐σêåµ₧É:  15%|ΓûêΓûêΓûêΓûêΓûêΓûè                                 | 284/1914 [00:02<00:16, 97.63σà¼σÅ╕/s]
≡ƒôè roiic Φ╢ïσè┐σêåµ₧É:  16%|ΓûêΓûêΓûêΓûêΓûêΓûë                                | 297/1914 [00:02<00:15, 103.95σà¼σÅ╕/s]
≡ƒôè roiic Φ╢ïσè┐σêåµ₧É:  16%|ΓûêΓûêΓûêΓûêΓûêΓûê                                | 308/1914 [00:02<00:15, 105.41σà¼σÅ╕/s]
≡ƒôè roiic Φ╢ïσè┐σêåµ₧É:  17%|ΓûêΓûêΓûêΓûêΓûêΓûêΓûÄ                               | 321/1914 [00:02<00:14, 111.70σà¼σÅ╕/s]
≡ƒôè roiic Φ╢ïσè┐σêåµ₧É:  18%|ΓûêΓûêΓûêΓûêΓûêΓûêΓûï                               | 335/1914 [00:02<00:13, 117.96σà¼σÅ╕/s]
≡ƒôè roiic Φ╢ïσè┐σêåµ₧É:  18%|ΓûêΓûêΓûêΓûêΓûêΓûêΓûë                               | 348/1914 [00:03<00:13, 117.87σà¼σÅ╕/s]
≡ƒôè roiic Φ╢ïσè┐σêåµ₧É:  19%|ΓûêΓûêΓûêΓûêΓûêΓûêΓûêΓûÄ                               | 360/1914 [00:03<00:16, 92.99σà¼σÅ╕/s]
≡ƒôè roiic Φ╢ïσè┐σêåµ₧É:  19%|ΓûêΓûêΓûêΓûêΓûêΓûêΓûêΓûì                              | 373/1914 [00:03<00:15, 100.58σà¼σÅ╕/s]
≡ƒôè roiic Φ╢ïσè┐σêåµ₧É:  20%|ΓûêΓûêΓûêΓûêΓûêΓûêΓûêΓûï                              | 385/1914 [00:03<00:14, 105.28σà¼σÅ╕/s]
≡ƒôè roiic Φ╢ïσè┐σêåµ₧É:  21%|ΓûêΓûêΓûêΓûêΓûêΓûêΓûêΓûë                              | 397/1914 [00:03<00:14, 105.45σà¼σÅ╕/s]
≡ƒôè roiic Φ╢ïσè┐σêåµ₧É:  21%|ΓûêΓûêΓûêΓûêΓûêΓûêΓûêΓûêΓûÅ                             | 410/1914 [00:03<00:13, 110.00σà¼σÅ╕/s]
≡ƒôè roiic Φ╢ïσè┐σêåµ₧É:  22%|ΓûêΓûêΓûêΓûêΓûêΓûêΓûêΓûêΓûì                             | 424/1914 [00:03<00:12, 116.94σà¼σÅ╕/s]
≡ƒôè roiic Φ╢ïσè┐σêåµ₧É:  23%|ΓûêΓûêΓûêΓûêΓûêΓûêΓûêΓûêΓûï                             | 438/1914 [00:03<00:12, 122.79σà¼σÅ╕/s]
≡ƒôè roiic Φ╢ïσè┐σêåµ₧É:  24%|ΓûêΓûêΓûêΓûêΓûêΓûêΓûêΓûêΓûë                             | 451/1914 [00:04<00:11, 124.76σà¼σÅ╕/s]
≡ƒôè roiic Φ╢ïσè┐σêåµ₧É:  24%|ΓûêΓûêΓûêΓûêΓûêΓûêΓûêΓûêΓûêΓûÅ                            | 464/1914 [00:04<00:11, 122.40σà¼σÅ╕/s]
≡ƒôè roiic Φ╢ïσè┐σêåµ₧É:  25%|ΓûêΓûêΓûêΓûêΓûêΓûêΓûêΓûêΓûêΓûì                            | 477/1914 [00:04<00:11, 121.43σà¼σÅ╕/s]
≡ƒôè roiic Φ╢ïσè┐σêåµ₧É:  26%|ΓûêΓûêΓûêΓûêΓûêΓûêΓûêΓûêΓûêΓûï                            | 490/1914 [00:04<00:11, 122.35σà¼σÅ╕/s]
≡ƒôè roiic Φ╢ïσè┐σêåµ₧É:  26%|ΓûêΓûêΓûêΓûêΓûêΓûêΓûêΓûêΓûêΓûê                            | 504/1914 [00:04<00:11, 125.31σà¼σÅ╕/s]
≡ƒôè roiic Φ╢ïσè┐σêåµ₧É:  27%|ΓûêΓûêΓûêΓûêΓûêΓûêΓûêΓûêΓûêΓûêΓûÄ                           | 518/1914 [00:04<00:10, 127.73σà¼σÅ╕/s]
≡ƒôè roiic Φ╢ïσè┐σêåµ₧É:  28%|ΓûêΓûêΓûêΓûêΓûêΓûêΓûêΓûêΓûêΓûêΓûî                           | 531/1914 [00:04<00:10, 128.34σà¼σÅ╕/s]
≡ƒôè roiic Φ╢ïσè┐σêåµ₧É:  29%|ΓûêΓûêΓûêΓûêΓûêΓûêΓûêΓûêΓûêΓûêΓûè                           | 546/1914 [00:04<00:10, 132.87σà¼σÅ╕/s]
≡ƒôè roiic Φ╢ïσè┐σêåµ₧É:  29%|ΓûêΓûêΓûêΓûêΓûêΓûêΓûêΓûêΓûêΓûêΓûê                           | 560/1914 [00:04<00:10, 128.50σà¼σÅ╕/s]
≡ƒôè roiic Φ╢ïσè┐σêåµ₧É:  30%|ΓûêΓûêΓûêΓûêΓûêΓûêΓûêΓûêΓûêΓûêΓûêΓûì                          | 574/1914 [00:04<00:10, 130.65σà¼σÅ╕/s]
≡ƒôè roiic Φ╢ïσè┐σêåµ₧É:  31%|ΓûêΓûêΓûêΓûêΓûêΓûêΓûêΓûêΓûêΓûêΓûêΓûï                          | 588/1914 [00:05<00:09, 132.92σà¼σÅ╕/s]
≡ƒôè roiic Φ╢ïσè┐σêåµ₧É:  31%|ΓûêΓûêΓûêΓûêΓûêΓûêΓûêΓûêΓûêΓûêΓûêΓûë                          | 602/1914 [00:05<00:10, 129.77σà¼σÅ╕/s]
≡ƒôè roiic Φ╢ïσè┐σêåµ₧É:  32%|ΓûêΓûêΓûêΓûêΓûêΓûêΓûêΓûêΓûêΓûêΓûêΓûêΓûÅ                         | 616/1914 [00:05<00:10, 128.20σà¼σÅ╕/s]
≡ƒôè roiic Φ╢ïσè┐σêåµ₧É:  33%|ΓûêΓûêΓûêΓûêΓûêΓûêΓûêΓûêΓûêΓûêΓûêΓûêΓûî                         | 630/1914 [00:05<00:09, 130.58σà¼σÅ╕/s]
≡ƒôè roiic Φ╢ïσè┐σêåµ₧É:  34%|ΓûêΓûêΓûêΓûêΓûêΓûêΓûêΓûêΓûêΓûêΓûêΓûêΓûè                         | 644/1914 [00:05<00:09, 131.55σà¼σÅ╕/s]
≡ƒôè roiic Φ╢ïσè┐σêåµ₧É:  34%|ΓûêΓûêΓûêΓûêΓûêΓûêΓûêΓûêΓûêΓûêΓûêΓûêΓûê                         | 659/1914 [00:05<00:09, 133.22σà¼σÅ╕/s]
≡ƒôè roiic Φ╢ïσè┐σêåµ₧É:  35%|ΓûêΓûêΓûêΓûêΓûêΓûêΓûêΓûêΓûêΓûêΓûêΓûêΓûêΓûì                        | 674/1914 [00:05<00:09, 135.57σà¼σÅ╕/s]
≡ƒôè roiic Φ╢ïσè┐σêåµ₧É:  36%|ΓûêΓûêΓûêΓûêΓûêΓûêΓûêΓûêΓûêΓûêΓûêΓûêΓûêΓûï                        | 689/1914 [00:05<00:08, 138.78σà¼σÅ╕/s]
≡ƒôè roiic Φ╢ïσè┐σêåµ₧É:  37%|ΓûêΓûêΓûêΓûêΓûêΓûêΓûêΓûêΓûêΓûêΓûêΓûêΓûêΓûë                        | 705/1914 [00:05<00:08, 141.12σà¼σÅ╕/s]
≡ƒôè roiic Φ╢ïσè┐σêåµ₧É:  38%|ΓûêΓûêΓûêΓûêΓûêΓûêΓûêΓûêΓûêΓûêΓûêΓûêΓûêΓûêΓûÄ                       | 720/1914 [00:06<00:08, 141.55σà¼σÅ╕/s]
≡ƒôè roiic Φ╢ïσè┐σêåµ₧É:  38%|ΓûêΓûêΓûêΓûêΓûêΓûêΓûêΓûêΓûêΓûêΓûêΓûêΓûêΓûêΓûî                       | 735/1914 [00:06<00:08, 138.82σà¼σÅ╕/s]
≡ƒôè roiic Φ╢ïσè┐σêåµ₧É:  39%|ΓûêΓûêΓûêΓûêΓûêΓûêΓûêΓûêΓûêΓûêΓûêΓûêΓûêΓûêΓûè                       | 749/1914 [00:06<00:08, 133.65σà¼σÅ╕/s]
≡ƒôè roiic Φ╢ïσè┐σêåµ₧É:  40%|ΓûêΓûêΓûêΓûêΓûêΓûêΓûêΓûêΓûêΓûêΓûêΓûêΓûêΓûêΓûêΓûÅ                      | 763/1914 [00:06<00:08, 131.90σà¼σÅ╕/s]
≡ƒôè roiic Φ╢ïσè┐σêåµ₧É:  41%|ΓûêΓûêΓûêΓûêΓûêΓûêΓûêΓûêΓûêΓûêΓûêΓûêΓûêΓûêΓûêΓûì                      | 778/1914 [00:06<00:08, 134.52σà¼σÅ╕/s]
≡ƒôè roiic Φ╢ïσè┐σêåµ₧É:  41%|ΓûêΓûêΓûêΓûêΓûêΓûêΓûêΓûêΓûêΓûêΓûêΓûêΓûêΓûêΓûêΓûï                      | 792/1914 [00:06<00:08, 134.57σà¼σÅ╕/s]
≡ƒôè roiic Φ╢ïσè┐σêåµ₧É:  42%|ΓûêΓûêΓûêΓûêΓûêΓûêΓûêΓûêΓûêΓûêΓûêΓûêΓûêΓûêΓûêΓûê                      | 806/1914 [00:06<00:08, 135.08σà¼σÅ╕/s]
≡ƒôè roiic Φ╢ïσè┐σêåµ₧É:  43%|ΓûêΓûêΓûêΓûêΓûêΓûêΓûêΓûêΓûêΓûêΓûêΓûêΓûêΓûêΓûêΓûêΓûÄ                     | 821/1914 [00:06<00:08, 135.48σà¼σÅ╕/s]
≡ƒôè roiic Φ╢ïσè┐σêåµ₧É:  44%|ΓûêΓûêΓûêΓûêΓûêΓûêΓûêΓûêΓûêΓûêΓûêΓûêΓûêΓûêΓûêΓûêΓûî                     | 835/1914 [00:06<00:07, 135.68σà¼σÅ╕/s]
≡ƒôè roiic Φ╢ïσè┐σêåµ₧É:  44%|ΓûêΓûêΓûêΓûêΓûêΓûêΓûêΓûêΓûêΓûêΓûêΓûêΓûêΓûêΓûêΓûêΓûè                     | 849/1914 [00:07<00:07, 136.17σà¼σÅ╕/s]
≡ƒôè roiic Φ╢ïσè┐σêåµ₧É:  45%|ΓûêΓûêΓûêΓûêΓûêΓûêΓûêΓûêΓûêΓûêΓûêΓûêΓûêΓûêΓûêΓûêΓûêΓûÅ                    | 863/1914 [00:07<00:07, 137.10σà¼σÅ╕/s]
≡ƒôè roiic Φ╢ïσè┐σêåµ₧É:  46%|ΓûêΓûêΓûêΓûêΓûêΓûêΓûêΓûêΓûêΓûêΓûêΓûêΓûêΓûêΓûêΓûêΓûêΓûì                    | 877/1914 [00:07<00:07, 131.78σà¼σÅ╕/s]
≡ƒôè roiic Φ╢ïσè┐σêåµ₧É:  47%|ΓûêΓûêΓûêΓûêΓûêΓûêΓûêΓûêΓûêΓûêΓûêΓûêΓûêΓûêΓûêΓûêΓûêΓûï                    | 891/1914 [00:07<00:07, 128.38σà¼σÅ╕/s]
≡ƒôè roiic Φ╢ïσè┐σêåµ₧É:  47%|ΓûêΓûêΓûêΓûêΓûêΓûêΓûêΓûêΓûêΓûêΓûêΓûêΓûêΓûêΓûêΓûêΓûêΓûë                    | 905/1914 [00:07<00:07, 129.45σà¼σÅ╕/s]
≡ƒôè roiic Φ╢ïσè┐σêåµ₧É:  48%|ΓûêΓûêΓûêΓûêΓûêΓûêΓûêΓûêΓûêΓûêΓûêΓûêΓûêΓûêΓûêΓûêΓûêΓûêΓûÅ                   | 919/1914 [00:07<00:07, 130.93σà¼σÅ╕/s]
≡ƒôè roiic Φ╢ïσè┐σêåµ₧É:  49%|ΓûêΓûêΓûêΓûêΓûêΓûêΓûêΓûêΓûêΓûêΓûêΓûêΓûêΓûêΓûêΓûêΓûêΓûêΓûî                   | 933/1914 [00:07<00:07, 126.81σà¼σÅ╕/s]
≡ƒôè roiic Φ╢ïσè┐σêåµ₧É:  49%|ΓûêΓûêΓûêΓûêΓûêΓûêΓûêΓûêΓûêΓûêΓûêΓûêΓûêΓûêΓûêΓûêΓûêΓûêΓûè                   | 947/1914 [00:07<00:07, 128.85σà¼σÅ╕/s]
≡ƒôè roiic Φ╢ïσè┐σêåµ₧É:  50%|ΓûêΓûêΓûêΓûêΓûêΓûêΓûêΓûêΓûêΓûêΓûêΓûêΓûêΓûêΓûêΓûêΓûêΓûêΓûê                   | 961/1914 [00:07<00:07, 130.97σà¼σÅ╕/s]
≡ƒôè roiic Φ╢ïσè┐σêåµ₧É:  51%|ΓûêΓûêΓûêΓûêΓûêΓûêΓûêΓûêΓûêΓûêΓûêΓûêΓûêΓûêΓûêΓûêΓûêΓûêΓûêΓûì                  | 976/1914 [00:07<00:07, 133.49σà¼σÅ╕/s]
≡ƒôè roiic Φ╢ïσè┐σêåµ₧É:  52%|ΓûêΓûêΓûêΓûêΓûêΓûêΓûêΓûêΓûêΓûêΓûêΓûêΓûêΓûêΓûêΓûêΓûêΓûêΓûêΓûï                  | 991/1914 [00:08<00:06, 137.31σà¼σÅ╕/s]
≡ƒôè roiic Φ╢ïσè┐σêåµ₧É:  53%|ΓûêΓûêΓûêΓûêΓûêΓûêΓûêΓûêΓûêΓûêΓûêΓûêΓûêΓûêΓûêΓûêΓûêΓûêΓûêΓûì                 | 1005/1914 [00:08<00:06, 134.13σà¼σÅ╕/s]
≡ƒôè roiic Φ╢ïσè┐σêåµ₧É:  53%|ΓûêΓûêΓûêΓûêΓûêΓûêΓûêΓûêΓûêΓûêΓûêΓûêΓûêΓûêΓûêΓûêΓûêΓûêΓûêΓûï                 | 1019/1914 [00:08<00:06, 130.20σà¼σÅ╕/s]
≡ƒôè roiic Φ╢ïσè┐σêåµ₧É:  54%|ΓûêΓûêΓûêΓûêΓûêΓûêΓûêΓûêΓûêΓûêΓûêΓûêΓûêΓûêΓûêΓûêΓûêΓûêΓûêΓûë                 | 1033/1914 [00:08<00:06, 130.42σà¼σÅ╕/s]
≡ƒôè roiic Φ╢ïσè┐σêåµ₧É:  55%|ΓûêΓûêΓûêΓûêΓûêΓûêΓûêΓûêΓûêΓûêΓûêΓûêΓûêΓûêΓûêΓûêΓûêΓûêΓûêΓûêΓûÅ                | 1047/1914 [00:08<00:06, 131.81σà¼σÅ╕/s]
≡ƒôè roiic Φ╢ïσè┐σêåµ₧É:  55%|ΓûêΓûêΓûêΓûêΓûêΓûêΓûêΓûêΓûêΓûêΓûêΓûêΓûêΓûêΓûêΓûêΓûêΓûêΓûêΓûêΓûî                | 1062/1914 [00:08<00:06, 135.34σà¼σÅ╕/s]
≡ƒôè roiic Φ╢ïσè┐σêåµ₧É:  56%|ΓûêΓûêΓûêΓûêΓûêΓûêΓûêΓûêΓûêΓûêΓûêΓûêΓûêΓûêΓûêΓûêΓûêΓûêΓûêΓûêΓûè                | 1076/1914 [00:08<00:06, 136.56σà¼σÅ╕/s]
≡ƒôè roiic Φ╢ïσè┐σêåµ₧É:  57%|ΓûêΓûêΓûêΓûêΓûêΓûêΓûêΓûêΓûêΓûêΓûêΓûêΓûêΓûêΓûêΓûêΓûêΓûêΓûêΓûêΓûê                | 1090/1914 [00:08<00:05, 137.52σà¼σÅ╕/s]
≡ƒôè roiic Φ╢ïσè┐σêåµ₧É:  58%|ΓûêΓûêΓûêΓûêΓûêΓûêΓûêΓûêΓûêΓûêΓûêΓûêΓûêΓûêΓûêΓûêΓûêΓûêΓûêΓûêΓûêΓûÄ               | 1105/1914 [00:08<00:05, 137.24σà¼σÅ╕/s]
≡ƒôè roiic Φ╢ïσè┐σêåµ₧É:  58%|ΓûêΓûêΓûêΓûêΓûêΓûêΓûêΓûêΓûêΓûêΓûêΓûêΓûêΓûêΓûêΓûêΓûêΓûêΓûêΓûêΓûêΓûï               | 1119/1914 [00:09<00:05, 135.26σà¼σÅ╕/s]
≡ƒôè roiic Φ╢ïσè┐σêåµ₧É:  59%|ΓûêΓûêΓûêΓûêΓûêΓûêΓûêΓûêΓûêΓûêΓûêΓûêΓûêΓûêΓûêΓûêΓûêΓûêΓûêΓûêΓûêΓûë               | 1133/1914 [00:09<00:05, 134.81σà¼σÅ╕/s]
≡ƒôè roiic Φ╢ïσè┐σêåµ₧É:  60%|ΓûêΓûêΓûêΓûêΓûêΓûêΓûêΓûêΓûêΓûêΓûêΓûêΓûêΓûêΓûêΓûêΓûêΓûêΓûêΓûêΓûêΓûêΓûÅ              | 1147/1914 [00:09<00:05, 132.54σà¼σÅ╕/s]
≡ƒôè roiic Φ╢ïσè┐σêåµ₧É:  61%|ΓûêΓûêΓûêΓûêΓûêΓûêΓûêΓûêΓûêΓûêΓûêΓûêΓûêΓûêΓûêΓûêΓûêΓûêΓûêΓûêΓûêΓûêΓûì              | 1161/1914 [00:09<00:05, 133.10σà¼σÅ╕/s]
≡ƒôè roiic Φ╢ïσè┐σêåµ₧É:  61%|ΓûêΓûêΓûêΓûêΓûêΓûêΓûêΓûêΓûêΓûêΓûêΓûêΓûêΓûêΓûêΓûêΓûêΓûêΓûêΓûêΓûêΓûêΓûï              | 1176/1914 [00:09<00:05, 134.73σà¼σÅ╕/s]
≡ƒôè roiic Φ╢ïσè┐σêåµ₧É:  62%|ΓûêΓûêΓûêΓûêΓûêΓûêΓûêΓûêΓûêΓûêΓûêΓûêΓûêΓûêΓûêΓûêΓûêΓûêΓûêΓûêΓûêΓûêΓûê              | 1191/1914 [00:09<00:05, 136.76σà¼σÅ╕/s]
≡ƒôè roiic Φ╢ïσè┐σêåµ₧É:  63%|ΓûêΓûêΓûêΓûêΓûêΓûêΓûêΓûêΓûêΓûêΓûêΓûêΓûêΓûêΓûêΓûêΓûêΓûêΓûêΓûêΓûêΓûêΓûêΓûÄ             | 1205/1914 [00:09<00:05, 133.86σà¼σÅ╕/s]
≡ƒôè roiic Φ╢ïσè┐σêåµ₧É:  64%|ΓûêΓûêΓûêΓûêΓûêΓûêΓûêΓûêΓûêΓûêΓûêΓûêΓûêΓûêΓûêΓûêΓûêΓûêΓûêΓûêΓûêΓûêΓûêΓûî             | 1219/1914 [00:09<00:05, 134.83σà¼σÅ╕/s]
≡ƒôè roiic Φ╢ïσè┐σêåµ₧É:  64%|ΓûêΓûêΓûêΓûêΓûêΓûêΓûêΓûêΓûêΓûêΓûêΓûêΓûêΓûêΓûêΓûêΓûêΓûêΓûêΓûêΓûêΓûêΓûêΓûè             | 1233/1914 [00:09<00:05, 135.61σà¼σÅ╕/s]
≡ƒôè roiic Φ╢ïσè┐σêåµ₧É:  65%|ΓûêΓûêΓûêΓûêΓûêΓûêΓûêΓûêΓûêΓûêΓûêΓûêΓûêΓûêΓûêΓûêΓûêΓûêΓûêΓûêΓûêΓûêΓûêΓûê             | 1247/1914 [00:09<00:04, 136.87σà¼σÅ╕/s]
≡ƒôè roiic Φ╢ïσè┐σêåµ₧É:  66%|ΓûêΓûêΓûêΓûêΓûêΓûêΓûêΓûêΓûêΓûêΓûêΓûêΓûêΓûêΓûêΓûêΓûêΓûêΓûêΓûêΓûêΓûêΓûêΓûêΓûì            | 1263/1914 [00:10<00:04, 138.13σà¼σÅ╕/s]
≡ƒôè roiic Φ╢ïσè┐σêåµ₧É:  67%|ΓûêΓûêΓûêΓûêΓûêΓûêΓûêΓûêΓûêΓûêΓûêΓûêΓûêΓûêΓûêΓûêΓûêΓûêΓûêΓûêΓûêΓûêΓûêΓûêΓûï            | 1277/1914 [00:10<00:04, 135.12σà¼σÅ╕/s]
≡ƒôè roiic Φ╢ïσè┐σêåµ₧É:  67%|ΓûêΓûêΓûêΓûêΓûêΓûêΓûêΓûêΓûêΓûêΓûêΓûêΓûêΓûêΓûêΓûêΓûêΓûêΓûêΓûêΓûêΓûêΓûêΓûêΓûë            | 1291/1914 [00:10<00:04, 132.59σà¼σÅ╕/s]
≡ƒôè roiic Φ╢ïσè┐σêåµ₧É:  68%|ΓûêΓûêΓûêΓûêΓûêΓûêΓûêΓûêΓûêΓûêΓûêΓûêΓûêΓûêΓûêΓûêΓûêΓûêΓûêΓûêΓûêΓûêΓûêΓûêΓûêΓûÅ           | 1305/1914 [00:10<00:04, 124.03σà¼σÅ╕/s]
≡ƒôè roiic Φ╢ïσè┐σêåµ₧É:  69%|ΓûêΓûêΓûêΓûêΓûêΓûêΓûêΓûêΓûêΓûêΓûêΓûêΓûêΓûêΓûêΓûêΓûêΓûêΓûêΓûêΓûêΓûêΓûêΓûêΓûêΓûì           | 1318/1914 [00:10<00:04, 119.52σà¼σÅ╕/s]
≡ƒôè roiic Φ╢ïσè┐σêåµ₧É:  70%|ΓûêΓûêΓûêΓûêΓûêΓûêΓûêΓûêΓûêΓûêΓûêΓûêΓûêΓûêΓûêΓûêΓûêΓûêΓûêΓûêΓûêΓûêΓûêΓûêΓûêΓûï           | 1331/1914 [00:10<00:05, 116.19σà¼σÅ╕/s]
≡ƒôè roiic Φ╢ïσè┐σêåµ₧É:  70%|ΓûêΓûêΓûêΓûêΓûêΓûêΓûêΓûêΓûêΓûêΓûêΓûêΓûêΓûêΓûêΓûêΓûêΓûêΓûêΓûêΓûêΓûêΓûêΓûêΓûêΓûê           | 1345/1914 [00:10<00:04, 119.00σà¼σÅ╕/s]
≡ƒôè roiic Φ╢ïσè┐σêåµ₧É:  71%|ΓûêΓûêΓûêΓûêΓûêΓûêΓûêΓûêΓûêΓûêΓûêΓûêΓûêΓûêΓûêΓûêΓûêΓûêΓûêΓûêΓûêΓûêΓûêΓûêΓûêΓûêΓûÄ          | 1358/1914 [00:10<00:04, 120.63σà¼σÅ╕/s]
≡ƒôè roiic Φ╢ïσè┐σêåµ₧É:  72%|ΓûêΓûêΓûêΓûêΓûêΓûêΓûêΓûêΓûêΓûêΓûêΓûêΓûêΓûêΓûêΓûêΓûêΓûêΓûêΓûêΓûêΓûêΓûêΓûêΓûêΓûêΓûî          | 1371/1914 [00:11<00:04, 121.79σà¼σÅ╕/s]
≡ƒôè roiic Φ╢ïσè┐σêåµ₧É:  72%|ΓûêΓûêΓûêΓûêΓûêΓûêΓûêΓûêΓûêΓûêΓûêΓûêΓûêΓûêΓûêΓûêΓûêΓûêΓûêΓûêΓûêΓûêΓûêΓûêΓûêΓûêΓûè          | 1385/1914 [00:11<00:04, 124.79σà¼σÅ╕/s]
≡ƒôè roiic Φ╢ïσè┐σêåµ₧É:  73%|ΓûêΓûêΓûêΓûêΓûêΓûêΓûêΓûêΓûêΓûêΓûêΓûêΓûêΓûêΓûêΓûêΓûêΓûêΓûêΓûêΓûêΓûêΓûêΓûêΓûêΓûêΓûê          | 1398/1914 [00:11<00:04, 125.40σà¼σÅ╕/s]
≡ƒôè roiic Φ╢ïσè┐σêåµ₧É:  74%|ΓûêΓûêΓûêΓûêΓûêΓûêΓûêΓûêΓûêΓûêΓûêΓûêΓûêΓûêΓûêΓûêΓûêΓûêΓûêΓûêΓûêΓûêΓûêΓûêΓûêΓûêΓûêΓûÄ         | 1411/1914 [00:11<00:04, 125.50σà¼σÅ╕/s]
≡ƒôè roiic Φ╢ïσè┐σêåµ₧É:  74%|ΓûêΓûêΓûêΓûêΓûêΓûêΓûêΓûêΓûêΓûêΓûêΓûêΓûêΓûêΓûêΓûêΓûêΓûêΓûêΓûêΓûêΓûêΓûêΓûêΓûêΓûêΓûêΓûî         | 1425/1914 [00:11<00:03, 127.16σà¼σÅ╕/s]
≡ƒôè roiic Φ╢ïσè┐σêåµ₧É:  75%|ΓûêΓûêΓûêΓûêΓûêΓûêΓûêΓûêΓûêΓûêΓûêΓûêΓûêΓûêΓûêΓûêΓûêΓûêΓûêΓûêΓûêΓûêΓûêΓûêΓûêΓûêΓûêΓûè         | 1439/1914 [00:11<00:03, 129.09σà¼σÅ╕/s]
≡ƒôè roiic Φ╢ïσè┐σêåµ₧É:  76%|ΓûêΓûêΓûêΓûêΓûêΓûêΓûêΓûêΓûêΓûêΓûêΓûêΓûêΓûêΓûêΓûêΓûêΓûêΓûêΓûêΓûêΓûêΓûêΓûêΓûêΓûêΓûêΓûê         | 1453/1914 [00:11<00:03, 131.20σà¼σÅ╕/s]
≡ƒôè roiic Φ╢ïσè┐σêåµ₧É:  77%|ΓûêΓûêΓûêΓûêΓûêΓûêΓûêΓûêΓûêΓûêΓûêΓûêΓûêΓûêΓûêΓûêΓûêΓûêΓûêΓûêΓûêΓûêΓûêΓûêΓûêΓûêΓûêΓûêΓûÄ        | 1467/1914 [00:11<00:03, 130.61σà¼σÅ╕/s]
≡ƒôè roiic Φ╢ïσè┐σêåµ₧É:  77%|ΓûêΓûêΓûêΓûêΓûêΓûêΓûêΓûêΓûêΓûêΓûêΓûêΓûêΓûêΓûêΓûêΓûêΓûêΓûêΓûêΓûêΓûêΓûêΓûêΓûêΓûêΓûêΓûêΓûï        | 1482/1914 [00:11<00:03, 135.23σà¼σÅ╕/s]
≡ƒôè roiic Φ╢ïσè┐σêåµ₧É:  78%|ΓûêΓûêΓûêΓûêΓûêΓûêΓûêΓûêΓûêΓûêΓûêΓûêΓûêΓûêΓûêΓûêΓûêΓûêΓûêΓûêΓûêΓûêΓûêΓûêΓûêΓûêΓûêΓûêΓûë        | 1498/1914 [00:11<00:03, 138.49σà¼σÅ╕/s]
≡ƒôè roiic Φ╢ïσè┐σêåµ₧É:  79%|ΓûêΓûêΓûêΓûêΓûêΓûêΓûêΓûêΓûêΓûêΓûêΓûêΓûêΓûêΓûêΓûêΓûêΓûêΓûêΓûêΓûêΓûêΓûêΓûêΓûêΓûêΓûêΓûêΓûêΓûÅ       | 1512/1914 [00:12<00:02, 138.82σà¼σÅ╕/s]
≡ƒôè roiic Φ╢ïσè┐σêåµ₧É:  80%|ΓûêΓûêΓûêΓûêΓûêΓûêΓûêΓûêΓûêΓûêΓûêΓûêΓûêΓûêΓûêΓûêΓûêΓûêΓûêΓûêΓûêΓûêΓûêΓûêΓûêΓûêΓûêΓûêΓûêΓûì       | 1526/1914 [00:12<00:02, 138.68σà¼σÅ╕/s]
≡ƒôè roiic Φ╢ïσè┐σêåµ₧É:  80%|ΓûêΓûêΓûêΓûêΓûêΓûêΓûêΓûêΓûêΓûêΓûêΓûêΓûêΓûêΓûêΓûêΓûêΓûêΓûêΓûêΓûêΓûêΓûêΓûêΓûêΓûêΓûêΓûêΓûêΓûè       | 1540/1914 [00:12<00:02, 136.52σà¼σÅ╕/s]
≡ƒôè roiic Φ╢ïσè┐σêåµ₧É:  81%|ΓûêΓûêΓûêΓûêΓûêΓûêΓûêΓûêΓûêΓûêΓûêΓûêΓûêΓûêΓûêΓûêΓûêΓûêΓûêΓûêΓûêΓûêΓûêΓûêΓûêΓûêΓûêΓûêΓûêΓûê       | 1554/1914 [00:12<00:02, 137.50σà¼σÅ╕/s]
≡ƒôè roiic Φ╢ïσè┐σêåµ₧É:  82%|ΓûêΓûêΓûêΓûêΓûêΓûêΓûêΓûêΓûêΓûêΓûêΓûêΓûêΓûêΓûêΓûêΓûêΓûêΓûêΓûêΓûêΓûêΓûêΓûêΓûêΓûêΓûêΓûêΓûêΓûêΓûÄ      | 1569/1914 [00:12<00:02, 137.20σà¼σÅ╕/s]
≡ƒôè roiic Φ╢ïσè┐σêåµ₧É:  83%|ΓûêΓûêΓûêΓûêΓûêΓûêΓûêΓûêΓûêΓûêΓûêΓûêΓûêΓûêΓûêΓûêΓûêΓûêΓûêΓûêΓûêΓûêΓûêΓûêΓûêΓûêΓûêΓûêΓûêΓûêΓûî      | 1583/1914 [00:12<00:02, 138.00σà¼σÅ╕/s]
≡ƒôè roiic Φ╢ïσè┐σêåµ₧É:  83%|ΓûêΓûêΓûêΓûêΓûêΓûêΓûêΓûêΓûêΓûêΓûêΓûêΓûêΓûêΓûêΓûêΓûêΓûêΓûêΓûêΓûêΓûêΓûêΓûêΓûêΓûêΓûêΓûêΓûêΓûêΓûë      | 1598/1914 [00:12<00:02, 138.40σà¼σÅ╕/s]
≡ƒôè roiic Φ╢ïσè┐σêåµ₧É:  84%|ΓûêΓûêΓûêΓûêΓûêΓûêΓûêΓûêΓûêΓûêΓûêΓûêΓûêΓûêΓûêΓûêΓûêΓûêΓûêΓûêΓûêΓûêΓûêΓûêΓûêΓûêΓûêΓûêΓûêΓûêΓûêΓûÅ     | 1613/1914 [00:12<00:02, 139.86σà¼σÅ╕/s]
≡ƒôè roiic Φ╢ïσè┐σêåµ₧É:  85%|ΓûêΓûêΓûêΓûêΓûêΓûêΓûêΓûêΓûêΓûêΓûêΓûêΓûêΓûêΓûêΓûêΓûêΓûêΓûêΓûêΓûêΓûêΓûêΓûêΓûêΓûêΓûêΓûêΓûêΓûêΓûêΓûì     | 1627/1914 [00:12<00:02, 137.88σà¼σÅ╕/s]
≡ƒôè roiic Φ╢ïσè┐σêåµ₧É:  86%|ΓûêΓûêΓûêΓûêΓûêΓûêΓûêΓûêΓûêΓûêΓûêΓûêΓûêΓûêΓûêΓûêΓûêΓûêΓûêΓûêΓûêΓûêΓûêΓûêΓûêΓûêΓûêΓûêΓûêΓûêΓûêΓûï     | 1642/1914 [00:13<00:01, 138.38σà¼σÅ╕/s]
[12/08/25 15:33:25] WARNING  C:\Users\jusu2\OneDrive -          warnings.py:110
                             Cisco\µíîΘ¥ó\AStock-Analysis\src\ast                
                             ock\business_engines\analyzers\tre                
                             nd\probes\log_trend_probe.py:199:                 
                             ConstantInputWarning: An input                    
                             array is constant; the correlation                
                             coefficient is not defined.                       
                               correlation, p_value =                          
                             stats.spearmanr(x, abs_residuals)                 
                                                                               
≡ƒôè roiic Φ╢ïσè┐σêåµ₧É:  87%|ΓûêΓûêΓûêΓûêΓûêΓûêΓûêΓûêΓûêΓûêΓûêΓûêΓûêΓûêΓûêΓûêΓûêΓûêΓûêΓûêΓûêΓûêΓûêΓûêΓûêΓûêΓûêΓûêΓûêΓûêΓûêΓûê     | 1656/1914 [00:13<00:01, 136.03σà¼σÅ╕/s]
≡ƒôè roiic Φ╢ïσè┐σêåµ₧É:  87%|ΓûêΓûêΓûêΓûêΓûêΓûêΓûêΓûêΓûêΓûêΓûêΓûêΓûêΓûêΓûêΓûêΓûêΓûêΓûêΓûêΓûêΓûêΓûêΓûêΓûêΓûêΓûêΓûêΓûêΓûêΓûêΓûêΓûÄ    | 1670/1914 [00:13<00:01, 134.11σà¼σÅ╕/s]
≡ƒôè roiic Φ╢ïσè┐σêåµ₧É:  88%|ΓûêΓûêΓûêΓûêΓûêΓûêΓûêΓûêΓûêΓûêΓûêΓûêΓûêΓûêΓûêΓûêΓûêΓûêΓûêΓûêΓûêΓûêΓûêΓûêΓûêΓûêΓûêΓûêΓûêΓûêΓûêΓûêΓûî    | 1684/1914 [00:13<00:01, 132.09σà¼σÅ╕/s]
≡ƒôè roiic Φ╢ïσè┐σêåµ₧É:  89%|ΓûêΓûêΓûêΓûêΓûêΓûêΓûêΓûêΓûêΓûêΓûêΓûêΓûêΓûêΓûêΓûêΓûêΓûêΓûêΓûêΓûêΓûêΓûêΓûêΓûêΓûêΓûêΓûêΓûêΓûêΓûêΓûêΓûè    | 1698/1914 [00:13<00:01, 134.26σà¼σÅ╕/s]
≡ƒôè roiic Φ╢ïσè┐σêåµ₧É:  89%|ΓûêΓûêΓûêΓûêΓûêΓûêΓûêΓûêΓûêΓûêΓûêΓûêΓûêΓûêΓûêΓûêΓûêΓûêΓûêΓûêΓûêΓûêΓûêΓûêΓûêΓûêΓûêΓûêΓûêΓûêΓûêΓûêΓûê    | 1712/1914 [00:13<00:01, 135.85σà¼σÅ╕/s]
≡ƒôè roiic Φ╢ïσè┐σêåµ₧É:  90%|ΓûêΓûêΓûêΓûêΓûêΓûêΓûêΓûêΓûêΓûêΓûêΓûêΓûêΓûêΓûêΓûêΓûêΓûêΓûêΓûêΓûêΓûêΓûêΓûêΓûêΓûêΓûêΓûêΓûêΓûêΓûêΓûêΓûêΓûÄ   | 1726/1914 [00:13<00:01, 133.33σà¼σÅ╕/s]
≡ƒôè roiic Φ╢ïσè┐σêåµ₧É:  91%|ΓûêΓûêΓûêΓûêΓûêΓûêΓûêΓûêΓûêΓûêΓûêΓûêΓûêΓûêΓûêΓûêΓûêΓûêΓûêΓûêΓûêΓûêΓûêΓûêΓûêΓûêΓûêΓûêΓûêΓûêΓûêΓûêΓûêΓûï   | 1740/1914 [00:13<00:01, 128.07σà¼σÅ╕/s]
≡ƒôè roiic Φ╢ïσè┐σêåµ₧É:  92%|ΓûêΓûêΓûêΓûêΓûêΓûêΓûêΓûêΓûêΓûêΓûêΓûêΓûêΓûêΓûêΓûêΓûêΓûêΓûêΓûêΓûêΓûêΓûêΓûêΓûêΓûêΓûêΓûêΓûêΓûêΓûêΓûêΓûêΓûë   | 1754/1914 [00:13<00:01, 129.62σà¼σÅ╕/s]
≡ƒôè roiic Φ╢ïσè┐σêåµ₧É:  92%|ΓûêΓûêΓûêΓûêΓûêΓûêΓûêΓûêΓûêΓûêΓûêΓûêΓûêΓûêΓûêΓûêΓûêΓûêΓûêΓûêΓûêΓûêΓûêΓûêΓûêΓûêΓûêΓûêΓûêΓûêΓûêΓûêΓûêΓûêΓûÅ  | 1768/1914 [00:13<00:01, 128.93σà¼σÅ╕/s]
≡ƒôè roiic Φ╢ïσè┐σêåµ₧É:  93%|ΓûêΓûêΓûêΓûêΓûêΓûêΓûêΓûêΓûêΓûêΓûêΓûêΓûêΓûêΓûêΓûêΓûêΓûêΓûêΓûêΓûêΓûêΓûêΓûêΓûêΓûêΓûêΓûêΓûêΓûêΓûêΓûêΓûêΓûêΓûì  | 1781/1914 [00:14<00:01, 128.15σà¼σÅ╕/s]
≡ƒôè roiic Φ╢ïσè┐σêåµ₧É:  94%|ΓûêΓûêΓûêΓûêΓûêΓûêΓûêΓûêΓûêΓûêΓûêΓûêΓûêΓûêΓûêΓûêΓûêΓûêΓûêΓûêΓûêΓûêΓûêΓûêΓûêΓûêΓûêΓûêΓûêΓûêΓûêΓûêΓûêΓûêΓûï  | 1795/1914 [00:14<00:00, 129.59σà¼σÅ╕/s]
≡ƒôè roiic Φ╢ïσè┐σêåµ₧É:  94%|ΓûêΓûêΓûêΓûêΓûêΓûêΓûêΓûêΓûêΓûêΓûêΓûêΓûêΓûêΓûêΓûêΓûêΓûêΓûêΓûêΓûêΓûêΓûêΓûêΓûêΓûêΓûêΓûêΓûêΓûêΓûêΓûêΓûêΓûêΓûë  | 1808/1914 [00:14<00:00, 125.97σà¼σÅ╕/s]
≡ƒôè roiic Φ╢ïσè┐σêåµ₧É:  95%|ΓûêΓûêΓûêΓûêΓûêΓûêΓûêΓûêΓûêΓûêΓûêΓûêΓûêΓûêΓûêΓûêΓûêΓûêΓûêΓûêΓûêΓûêΓûêΓûêΓûêΓûêΓûêΓûêΓûêΓûêΓûêΓûêΓûêΓûêΓûêΓûÅ | 1823/1914 [00:14<00:00, 128.60σà¼σÅ╕/s]
≡ƒôè roiic Φ╢ïσè┐σêåµ₧É:  96%|ΓûêΓûêΓûêΓûêΓûêΓûêΓûêΓûêΓûêΓûêΓûêΓûêΓûêΓûêΓûêΓûêΓûêΓûêΓûêΓûêΓûêΓûêΓûêΓûêΓûêΓûêΓûêΓûêΓûêΓûêΓûêΓûêΓûêΓûêΓûêΓûî | 1837/1914 [00:14<00:00, 128.78σà¼σÅ╕/s]
≡ƒôè roiic Φ╢ïσè┐σêåµ₧É:  97%|ΓûêΓûêΓûêΓûêΓûêΓûêΓûêΓûêΓûêΓûêΓûêΓûêΓûêΓûêΓûêΓûêΓûêΓûêΓûêΓûêΓûêΓûêΓûêΓûêΓûêΓûêΓûêΓûêΓûêΓûêΓûêΓûêΓûêΓûêΓûêΓûè | 1851/1914 [00:14<00:00, 130.34σà¼σÅ╕/s]
≡ƒôè roiic Φ╢ïσè┐σêåµ₧É:  97%|ΓûêΓûêΓûêΓûêΓûêΓûêΓûêΓûêΓûêΓûêΓûêΓûêΓûêΓûêΓûêΓûêΓûêΓûêΓûêΓûêΓûêΓûêΓûêΓûêΓûêΓûêΓûêΓûêΓûêΓûêΓûêΓûêΓûêΓûêΓûêΓûê | 1865/1914 [00:14<00:00, 130.38σà¼σÅ╕/s]
≡ƒôè roiic Φ╢ïσè┐σêåµ₧É:  98%|ΓûêΓûêΓûêΓûêΓûêΓûêΓûêΓûêΓûêΓûêΓûêΓûêΓûêΓûêΓûêΓûêΓûêΓûêΓûêΓûêΓûêΓûêΓûêΓûêΓûêΓûêΓûêΓûêΓûêΓûêΓûêΓûêΓûêΓûêΓûêΓûêΓûÄ| 1879/1914 [00:14<00:00, 132.84σà¼σÅ╕/s]
≡ƒôè roiic Φ╢ïσè┐σêåµ₧É:  99%|ΓûêΓûêΓûêΓûêΓûêΓûêΓûêΓûêΓûêΓûêΓûêΓûêΓûêΓûêΓûêΓûêΓûêΓûêΓûêΓûêΓûêΓûêΓûêΓûêΓûêΓûêΓûêΓûêΓûêΓûêΓûêΓûêΓûêΓûêΓûêΓûêΓûî| 1894/1914 [00:14<00:00, 135.57σà¼σÅ╕/s]
≡ƒôè roiic Φ╢ïσè┐σêåµ₧É: 100%|ΓûêΓûêΓûêΓûêΓûêΓûêΓûêΓûêΓûêΓûêΓûêΓûêΓûêΓûêΓûêΓûêΓûêΓûêΓûêΓûêΓûêΓûêΓûêΓûêΓûêΓûêΓûêΓûêΓûêΓûêΓûêΓûêΓûêΓûêΓûêΓûêΓûë| 1910/1914 [00:15<00:00, 139.94σà¼σÅ╕/s]
≡ƒôè roiic Φ╢ïσè┐σêåµ₧É: 100%|ΓûêΓûêΓûêΓûêΓûêΓûêΓûêΓûêΓûêΓûêΓûêΓûêΓûêΓûêΓûêΓûêΓûêΓûêΓûêΓûêΓûêΓûêΓûêΓûêΓûêΓûêΓûêΓûêΓûêΓûêΓûêΓûêΓûêΓûêΓûêΓûêΓûê| 1914/1914 [00:15<00:00, 127.04σà¼σÅ╕/s]
2025-12-08 15:33:26,994 - INFO -   Γ£à µû╣µ│ò analyze_metric_trend µëºΦíîσ«îµêÉ
[12/08/25 15:33:26] INFO       Γ£à µû╣µ│ò analyze_metric_trend kedro_engine.py:365
                             µëºΦíîσ«îµêÉ                                          
2025-12-08 15:33:26,994 - INFO - ≡ƒÄ» µû╣µ│òσ║ÅσêùµëºΦíîσ«îµêÉ∩╝îσà▒ 1 Σ╕¬µû╣µ│ò
                    INFO     ≡ƒÄ» µû╣µ│òσ║ÅσêùµëºΦíîσ«îµêÉ∩╝îσà▒ 1      kedro_engine.py:366
                             Σ╕¬µû╣µ│ò                                            
[12/08/25 15:33:27] INFO     [PLUGIN] <- node                    loggers.py:308
                             Analyze_ROIIC_Trend                               
                             duration=15.357546400045976s                      
                             cached=False                                      
                    INFO     Γ£à Φèéτé╣σ«îµêÉ:                 prefect_engine.py:616
                             Analyze_ROIIC_Trend ->                            
                             ['Analyze_ROIIC_Trend__ROIIC                      
                             _Trend_Result']                                   
                    INFO     Finished in state Completed()   task_engine.py:292
[12/08/25 15:33:28] WARNING  Concurrency limits                 _asyncio.py:111
                             ['tag:kedro-node'] do not exist -                 
                             skipping acquisition.                             
                    INFO     ≡ƒÜÇ µëºΦíîKedroΦèéτé╣:            prefect_engine.py:548
                             Analyze_ROE_Trend                                 
2025-12-08 15:33:28,791 - INFO - ≡ƒöä µëºΦíîµû╣µ│òσ║Åσêù: ['analyze_metric_trend']
                    INFO     ≡ƒöä µëºΦíîµû╣µ│òσ║Åσêù:               kedro_engine.py:292
                             ['analyze_metric_trend']                          
                    INFO     [PLUGIN] -> node Analyze_ROE_Trend  loggers.py:308
                             inputs=1                                          
2025-12-08 15:33:28,794 - INFO -   ΓÜí µëºΦíîµû╣µ│ò 1/1: analyze_metric_trend
                    INFO       ΓÜí µëºΦíîµû╣µ│ò 1/1:             kedro_engine.py:303
                             analyze_metric_trend                              

≡ƒôè roe Φ╢ïσè┐σêåµ₧É:   0%|                                                   | 0/1914 [00:00<?, ?σà¼σÅ╕/s]
≡ƒôè roe Φ╢ïσè┐σêåµ₧É:   1%|ΓûÅ                                        | 11/1914 [00:00<00:18, 105.12σà¼σÅ╕/s]
≡ƒôè roe Φ╢ïσè┐σêåµ₧É:   1%|Γûì                                         | 22/1914 [00:00<00:20, 91.10σà¼σÅ╕/s]
≡ƒôè roe Φ╢ïσè┐σêåµ₧É:   2%|Γûï                                         | 32/1914 [00:00<00:19, 94.49σà¼σÅ╕/s]
≡ƒôè roe Φ╢ïσè┐σêåµ₧É:   2%|Γûë                                         | 43/1914 [00:00<00:18, 99.73σà¼σÅ╕/s]
≡ƒôè roe Φ╢ïσè┐σêåµ₧É:   3%|ΓûêΓûÅ                                       | 54/1914 [00:00<00:18, 101.72σà¼σÅ╕/s]
≡ƒôè roe Φ╢ïσè┐σêåµ₧É:   4%|ΓûêΓûì                                       | 67/1914 [00:00<00:16, 108.70σà¼σÅ╕/s]
≡ƒôè roe Φ╢ïσè┐σêåµ₧É:   4%|ΓûêΓûï                                       | 80/1914 [00:00<00:15, 115.07σà¼σÅ╕/s]
≡ƒôè roe Φ╢ïσè┐σêåµ₧É:   5%|ΓûêΓûë                                       | 93/1914 [00:00<00:15, 119.58σà¼σÅ╕/s]
≡ƒôè roe Φ╢ïσè┐σêåµ₧É:   6%|ΓûêΓûêΓûÅ                                     | 107/1914 [00:00<00:14, 124.40σà¼σÅ╕/s]
≡ƒôè roe Φ╢ïσè┐σêåµ₧É:   6%|ΓûêΓûêΓûî                                     | 120/1914 [00:01<00:14, 123.78σà¼σÅ╕/s]
≡ƒôè roe Φ╢ïσè┐σêåµ₧É:   7%|ΓûêΓûêΓûè                                     | 133/1914 [00:01<00:15, 114.06σà¼σÅ╕/s]
≡ƒôè roe Φ╢ïσè┐σêåµ₧É:   8%|ΓûêΓûêΓûê                                     | 145/1914 [00:01<00:15, 110.93σà¼σÅ╕/s]
[12/08/25 15:33:30] WARNING  C:\Users\jusu2\OneDrive -          warnings.py:110
                             Cisco\µíîΘ¥ó\AStock-Analysis\src\ast                
                             ock\business_engines\analyzers\tre                
                             nd\probes\log_trend_probe.py:199:                 
                             ConstantInputWarning: An input                    
                             array is constant; the correlation                
                             coefficient is not defined.                       
                               correlation, p_value =                          
                             stats.spearmanr(x, abs_residuals)                 
                                                                               
≡ƒôè roe Φ╢ïσè┐σêåµ₧É:   8%|ΓûêΓûêΓûêΓûÄ                                    | 157/1914 [00:01<00:16, 106.89σà¼σÅ╕/s]
≡ƒôè roe Φ╢ïσè┐σêåµ₧É:   9%|ΓûêΓûêΓûêΓûî                                    | 170/1914 [00:01<00:15, 112.39σà¼σÅ╕/s]
≡ƒôè roe Φ╢ïσè┐σêåµ₧É:  10%|ΓûêΓûêΓûêΓûè                                    | 183/1914 [00:01<00:14, 115.56σà¼σÅ╕/s]
≡ƒôè roe Φ╢ïσè┐σêåµ₧É:  10%|ΓûêΓûêΓûêΓûê                                    | 197/1914 [00:01<00:14, 119.90σà¼σÅ╕/s]
≡ƒôè roe Φ╢ïσè┐σêåµ₧É:  11%|ΓûêΓûêΓûêΓûêΓûì                                   | 211/1914 [00:01<00:13, 122.88σà¼σÅ╕/s]
≡ƒôè roe Φ╢ïσè┐σêåµ₧É:  12%|ΓûêΓûêΓûêΓûêΓûï                                   | 226/1914 [00:01<00:13, 127.59σà¼σÅ╕/s]
≡ƒôè roe Φ╢ïσè┐σêåµ₧É:  13%|ΓûêΓûêΓûêΓûêΓûê                                   | 241/1914 [00:02<00:12, 132.52σà¼σÅ╕/s]
≡ƒôè roe Φ╢ïσè┐σêåµ₧É:  13%|ΓûêΓûêΓûêΓûêΓûêΓûÄ                                  | 255/1914 [00:02<00:12, 132.79σà¼σÅ╕/s]
≡ƒôè roe Φ╢ïσè┐σêåµ₧É:  14%|ΓûêΓûêΓûêΓûêΓûêΓûî                                  | 269/1914 [00:02<00:12, 126.68σà¼σÅ╕/s]
≡ƒôè roe Φ╢ïσè┐σêåµ₧É:  15%|ΓûêΓûêΓûêΓûêΓûêΓûë                                  | 283/1914 [00:02<00:12, 128.31σà¼σÅ╕/s]
≡ƒôè roe Φ╢ïσè┐σêåµ₧É:  16%|ΓûêΓûêΓûêΓûêΓûêΓûêΓûÅ                                 | 297/1914 [00:02<00:12, 129.80σà¼σÅ╕/s]
≡ƒôè roe Φ╢ïσè┐σêåµ₧É:  16%|ΓûêΓûêΓûêΓûêΓûêΓûêΓûî                                 | 312/1914 [00:02<00:12, 133.04σà¼σÅ╕/s]
≡ƒôè roe Φ╢ïσè┐σêåµ₧É:  17%|ΓûêΓûêΓûêΓûêΓûêΓûêΓûè                                 | 327/1914 [00:02<00:11, 135.98σà¼σÅ╕/s]
≡ƒôè roe Φ╢ïσè┐σêåµ₧É:  18%|ΓûêΓûêΓûêΓûêΓûêΓûêΓûêΓûÅ                                | 341/1914 [00:02<00:11, 134.98σà¼σÅ╕/s]
≡ƒôè roe Φ╢ïσè┐σêåµ₧É:  19%|ΓûêΓûêΓûêΓûêΓûêΓûêΓûêΓûì                                | 355/1914 [00:02<00:11, 131.85σà¼σÅ╕/s]
≡ƒôè roe Φ╢ïσè┐σêåµ₧É:  19%|ΓûêΓûêΓûêΓûêΓûêΓûêΓûêΓûï                                | 370/1914 [00:03<00:11, 134.86σà¼σÅ╕/s]
≡ƒôè roe Φ╢ïσè┐σêåµ₧É:  20%|ΓûêΓûêΓûêΓûêΓûêΓûêΓûêΓûê                                | 384/1914 [00:03<00:11, 136.11σà¼σÅ╕/s]
≡ƒôè roe Φ╢ïσè┐σêåµ₧É:  21%|ΓûêΓûêΓûêΓûêΓûêΓûêΓûêΓûêΓûÄ                               | 398/1914 [00:03<00:11, 132.06σà¼σÅ╕/s]
≡ƒôè roe Φ╢ïσè┐σêåµ₧É:  22%|ΓûêΓûêΓûêΓûêΓûêΓûêΓûêΓûêΓûî                               | 412/1914 [00:03<00:11, 132.06σà¼σÅ╕/s]
≡ƒôè roe Φ╢ïσè┐σêåµ₧É:  22%|ΓûêΓûêΓûêΓûêΓûêΓûêΓûêΓûêΓûë                               | 426/1914 [00:03<00:11, 132.74σà¼σÅ╕/s]
≡ƒôè roe Φ╢ïσè┐σêåµ₧É:  23%|ΓûêΓûêΓûêΓûêΓûêΓûêΓûêΓûêΓûêΓûÅ                              | 441/1914 [00:03<00:10, 135.32σà¼σÅ╕/s]
≡ƒôè roe Φ╢ïσè┐σêåµ₧É:  24%|ΓûêΓûêΓûêΓûêΓûêΓûêΓûêΓûêΓûêΓûî                              | 456/1914 [00:03<00:10, 137.89σà¼σÅ╕/s]
≡ƒôè roe Φ╢ïσè┐σêåµ₧É:  25%|ΓûêΓûêΓûêΓûêΓûêΓûêΓûêΓûêΓûêΓûè                              | 471/1914 [00:03<00:10, 139.11σà¼σÅ╕/s]
≡ƒôè roe Φ╢ïσè┐σêåµ₧É:  25%|ΓûêΓûêΓûêΓûêΓûêΓûêΓûêΓûêΓûêΓûêΓûÅ                             | 485/1914 [00:03<00:10, 137.23σà¼σÅ╕/s]
≡ƒôè roe Φ╢ïσè┐σêåµ₧É:  26%|ΓûêΓûêΓûêΓûêΓûêΓûêΓûêΓûêΓûêΓûêΓûì                             | 500/1914 [00:03<00:10, 139.20σà¼σÅ╕/s]
≡ƒôè roe Φ╢ïσè┐σêåµ₧É:  27%|ΓûêΓûêΓûêΓûêΓûêΓûêΓûêΓûêΓûêΓûêΓûè                             | 515/1914 [00:04<00:09, 140.58σà¼σÅ╕/s]
≡ƒôè roe Φ╢ïσè┐σêåµ₧É:  28%|ΓûêΓûêΓûêΓûêΓûêΓûêΓûêΓûêΓûêΓûêΓûê                             | 530/1914 [00:04<00:09, 138.87σà¼σÅ╕/s]
≡ƒôè roe Φ╢ïσè┐σêåµ₧É:  28%|ΓûêΓûêΓûêΓûêΓûêΓûêΓûêΓûêΓûêΓûêΓûêΓûÄ                            | 544/1914 [00:04<00:10, 135.76σà¼σÅ╕/s]
≡ƒôè roe Φ╢ïσè┐σêåµ₧É:  29%|ΓûêΓûêΓûêΓûêΓûêΓûêΓûêΓûêΓûêΓûêΓûêΓûï                            | 558/1914 [00:04<00:10, 133.14σà¼σÅ╕/s]
≡ƒôè roe Φ╢ïσè┐σêåµ₧É:  30%|ΓûêΓûêΓûêΓûêΓûêΓûêΓûêΓûêΓûêΓûêΓûêΓûë                            | 573/1914 [00:04<00:09, 136.72σà¼σÅ╕/s]
≡ƒôè roe Φ╢ïσè┐σêåµ₧É:  31%|ΓûêΓûêΓûêΓûêΓûêΓûêΓûêΓûêΓûêΓûêΓûêΓûêΓûÄ                           | 587/1914 [00:04<00:09, 136.53σà¼σÅ╕/s]
≡ƒôè roe Φ╢ïσè┐σêåµ₧É:  31%|ΓûêΓûêΓûêΓûêΓûêΓûêΓûêΓûêΓûêΓûêΓûêΓûêΓûî                           | 602/1914 [00:04<00:09, 138.75σà¼σÅ╕/s]
≡ƒôè roe Φ╢ïσè┐σêåµ₧É:  32%|ΓûêΓûêΓûêΓûêΓûêΓûêΓûêΓûêΓûêΓûêΓûêΓûêΓûè                           | 616/1914 [00:04<00:09, 137.97σà¼σÅ╕/s]
≡ƒôè roe Φ╢ïσè┐σêåµ₧É:  33%|ΓûêΓûêΓûêΓûêΓûêΓûêΓûêΓûêΓûêΓûêΓûêΓûêΓûêΓûÅ                          | 630/1914 [00:04<00:09, 137.46σà¼σÅ╕/s]
≡ƒôè roe Φ╢ïσè┐σêåµ₧É:  34%|ΓûêΓûêΓûêΓûêΓûêΓûêΓûêΓûêΓûêΓûêΓûêΓûêΓûêΓûì                          | 645/1914 [00:05<00:09, 139.37σà¼σÅ╕/s]
≡ƒôè roe Φ╢ïσè┐σêåµ₧É:  34%|ΓûêΓûêΓûêΓûêΓûêΓûêΓûêΓûêΓûêΓûêΓûêΓûêΓûêΓûè                          | 659/1914 [00:05<00:09, 139.43σà¼σÅ╕/s]
≡ƒôè roe Φ╢ïσè┐σêåµ₧É:  35%|ΓûêΓûêΓûêΓûêΓûêΓûêΓûêΓûêΓûêΓûêΓûêΓûêΓûêΓûê                          | 673/1914 [00:05<00:08, 138.50σà¼σÅ╕/s]
≡ƒôè roe Φ╢ïσè┐σêåµ₧É:  36%|ΓûêΓûêΓûêΓûêΓûêΓûêΓûêΓûêΓûêΓûêΓûêΓûêΓûêΓûêΓûÄ                         | 687/1914 [00:05<00:08, 136.84σà¼σÅ╕/s]
≡ƒôè roe Φ╢ïσè┐σêåµ₧É:  37%|ΓûêΓûêΓûêΓûêΓûêΓûêΓûêΓûêΓûêΓûêΓûêΓûêΓûêΓûêΓûï                         | 701/1914 [00:05<00:08, 137.02σà¼σÅ╕/s]
≡ƒôè roe Φ╢ïσè┐σêåµ₧É:  37%|ΓûêΓûêΓûêΓûêΓûêΓûêΓûêΓûêΓûêΓûêΓûêΓûêΓûêΓûêΓûë                         | 715/1914 [00:05<00:08, 134.43σà¼σÅ╕/s]
≡ƒôè roe Φ╢ïσè┐σêåµ₧É:  38%|ΓûêΓûêΓûêΓûêΓûêΓûêΓûêΓûêΓûêΓûêΓûêΓûêΓûêΓûêΓûêΓûÅ                        | 729/1914 [00:05<00:09, 130.62σà¼σÅ╕/s]
≡ƒôè roe Φ╢ïσè┐σêåµ₧É:  39%|ΓûêΓûêΓûêΓûêΓûêΓûêΓûêΓûêΓûêΓûêΓûêΓûêΓûêΓûêΓûêΓûî                        | 743/1914 [00:05<00:09, 129.64σà¼σÅ╕/s]
≡ƒôè roe Φ╢ïσè┐σêåµ₧É:  39%|ΓûêΓûêΓûêΓûêΓûêΓûêΓûêΓûêΓûêΓûêΓûêΓûêΓûêΓûêΓûêΓûè                        | 756/1914 [00:05<00:09, 121.89σà¼σÅ╕/s]
≡ƒôè roe Φ╢ïσè┐σêåµ₧É:  40%|ΓûêΓûêΓûêΓûêΓûêΓûêΓûêΓûêΓûêΓûêΓûêΓûêΓûêΓûêΓûêΓûê                        | 770/1914 [00:06<00:09, 125.40σà¼σÅ╕/s]
≡ƒôè roe Φ╢ïσè┐σêåµ₧É:  41%|ΓûêΓûêΓûêΓûêΓûêΓûêΓûêΓûêΓûêΓûêΓûêΓûêΓûêΓûêΓûêΓûêΓûì                       | 784/1914 [00:06<00:08, 128.42σà¼σÅ╕/s]
≡ƒôè roe Φ╢ïσè┐σêåµ₧É:  42%|ΓûêΓûêΓûêΓûêΓûêΓûêΓûêΓûêΓûêΓûêΓûêΓûêΓûêΓûêΓûêΓûêΓûï                       | 798/1914 [00:06<00:08, 130.63σà¼σÅ╕/s]
≡ƒôè roe Φ╢ïσè┐σêåµ₧É:  42%|ΓûêΓûêΓûêΓûêΓûêΓûêΓûêΓûêΓûêΓûêΓûêΓûêΓûêΓûêΓûêΓûêΓûë                       | 812/1914 [00:06<00:08, 127.22σà¼σÅ╕/s]
≡ƒôè roe Φ╢ïσè┐σêåµ₧É:  43%|ΓûêΓûêΓûêΓûêΓûêΓûêΓûêΓûêΓûêΓûêΓûêΓûêΓûêΓûêΓûêΓûêΓûêΓûÅ                      | 825/1914 [00:06<00:08, 126.90σà¼σÅ╕/s]
≡ƒôè roe Φ╢ïσè┐σêåµ₧É:  44%|ΓûêΓûêΓûêΓûêΓûêΓûêΓûêΓûêΓûêΓûêΓûêΓûêΓûêΓûêΓûêΓûêΓûêΓûî                      | 839/1914 [00:06<00:08, 129.04σà¼σÅ╕/s]
≡ƒôè roe Φ╢ïσè┐σêåµ₧É:  45%|ΓûêΓûêΓûêΓûêΓûêΓûêΓûêΓûêΓûêΓûêΓûêΓûêΓûêΓûêΓûêΓûêΓûêΓûè                      | 853/1914 [00:06<00:08, 130.04σà¼σÅ╕/s]
≡ƒôè roe Φ╢ïσè┐σêåµ₧É:  45%|ΓûêΓûêΓûêΓûêΓûêΓûêΓûêΓûêΓûêΓûêΓûêΓûêΓûêΓûêΓûêΓûêΓûêΓûêΓûÅ                     | 868/1914 [00:06<00:07, 135.67σà¼σÅ╕/s]
≡ƒôè roe Φ╢ïσè┐σêåµ₧É:  46%|ΓûêΓûêΓûêΓûêΓûêΓûêΓûêΓûêΓûêΓûêΓûêΓûêΓûêΓûêΓûêΓûêΓûêΓûêΓûì                     | 882/1914 [00:06<00:07, 133.06σà¼σÅ╕/s]
≡ƒôè roe Φ╢ïσè┐σêåµ₧É:  47%|ΓûêΓûêΓûêΓûêΓûêΓûêΓûêΓûêΓûêΓûêΓûêΓûêΓûêΓûêΓûêΓûêΓûêΓûêΓûï                     | 896/1914 [00:06<00:07, 135.00σà¼σÅ╕/s]
≡ƒôè roe Φ╢ïσè┐σêåµ₧É:  48%|ΓûêΓûêΓûêΓûêΓûêΓûêΓûêΓûêΓûêΓûêΓûêΓûêΓûêΓûêΓûêΓûêΓûêΓûêΓûê                     | 912/1914 [00:07<00:07, 140.76σà¼σÅ╕/s]
≡ƒôè roe Φ╢ïσè┐σêåµ₧É:  48%|ΓûêΓûêΓûêΓûêΓûêΓûêΓûêΓûêΓûêΓûêΓûêΓûêΓûêΓûêΓûêΓûêΓûêΓûêΓûêΓûÄ                    | 927/1914 [00:07<00:07, 139.39σà¼σÅ╕/s]
≡ƒôè roe Φ╢ïσè┐σêåµ₧É:  49%|ΓûêΓûêΓûêΓûêΓûêΓûêΓûêΓûêΓûêΓûêΓûêΓûêΓûêΓûêΓûêΓûêΓûêΓûêΓûêΓûï                    | 942/1914 [00:07<00:07, 137.46σà¼σÅ╕/s]
≡ƒôè roe Φ╢ïσè┐σêåµ₧É:  50%|ΓûêΓûêΓûêΓûêΓûêΓûêΓûêΓûêΓûêΓûêΓûêΓûêΓûêΓûêΓûêΓûêΓûêΓûêΓûêΓûë                    | 956/1914 [00:07<00:07, 136.61σà¼σÅ╕/s]
≡ƒôè roe Φ╢ïσè┐σêåµ₧É:  51%|ΓûêΓûêΓûêΓûêΓûêΓûêΓûêΓûêΓûêΓûêΓûêΓûêΓûêΓûêΓûêΓûêΓûêΓûêΓûêΓûêΓûÄ                   | 971/1914 [00:07<00:06, 139.80σà¼σÅ╕/s]
≡ƒôè roe Φ╢ïσè┐σêåµ₧É:  52%|ΓûêΓûêΓûêΓûêΓûêΓûêΓûêΓûêΓûêΓûêΓûêΓûêΓûêΓûêΓûêΓûêΓûêΓûêΓûêΓûêΓûî                   | 986/1914 [00:07<00:06, 141.99σà¼σÅ╕/s]
≡ƒôè roe Φ╢ïσè┐σêåµ₧É:  52%|ΓûêΓûêΓûêΓûêΓûêΓûêΓûêΓûêΓûêΓûêΓûêΓûêΓûêΓûêΓûêΓûêΓûêΓûêΓûêΓûêΓûì                  | 1001/1914 [00:07<00:06, 141.91σà¼σÅ╕/s]
≡ƒôè roe Φ╢ïσè┐σêåµ₧É:  53%|ΓûêΓûêΓûêΓûêΓûêΓûêΓûêΓûêΓûêΓûêΓûêΓûêΓûêΓûêΓûêΓûêΓûêΓûêΓûêΓûêΓûï                  | 1016/1914 [00:07<00:06, 143.03σà¼σÅ╕/s]
≡ƒôè roe Φ╢ïσè┐σêåµ₧É:  54%|ΓûêΓûêΓûêΓûêΓûêΓûêΓûêΓûêΓûêΓûêΓûêΓûêΓûêΓûêΓûêΓûêΓûêΓûêΓûêΓûêΓûê                  | 1031/1914 [00:07<00:06, 142.16σà¼σÅ╕/s]
≡ƒôè roe Φ╢ïσè┐σêåµ₧É:  55%|ΓûêΓûêΓûêΓûêΓûêΓûêΓûêΓûêΓûêΓûêΓûêΓûêΓûêΓûêΓûêΓûêΓûêΓûêΓûêΓûêΓûêΓûÄ                 | 1046/1914 [00:08<00:06, 143.35σà¼σÅ╕/s]
≡ƒôè roe Φ╢ïσè┐σêåµ₧É:  55%|ΓûêΓûêΓûêΓûêΓûêΓûêΓûêΓûêΓûêΓûêΓûêΓûêΓûêΓûêΓûêΓûêΓûêΓûêΓûêΓûêΓûêΓûî                 | 1061/1914 [00:08<00:05, 144.58σà¼σÅ╕/s]
≡ƒôè roe Φ╢ïσè┐σêåµ₧É:  56%|ΓûêΓûêΓûêΓûêΓûêΓûêΓûêΓûêΓûêΓûêΓûêΓûêΓûêΓûêΓûêΓûêΓûêΓûêΓûêΓûêΓûêΓûë                 | 1076/1914 [00:08<00:05, 143.73σà¼σÅ╕/s]
≡ƒôè roe Φ╢ïσè┐σêåµ₧É:  57%|ΓûêΓûêΓûêΓûêΓûêΓûêΓûêΓûêΓûêΓûêΓûêΓûêΓûêΓûêΓûêΓûêΓûêΓûêΓûêΓûêΓûêΓûêΓûÅ                | 1091/1914 [00:08<00:05, 140.44σà¼σÅ╕/s]
≡ƒôè roe Φ╢ïσè┐σêåµ₧É:  58%|ΓûêΓûêΓûêΓûêΓûêΓûêΓûêΓûêΓûêΓûêΓûêΓûêΓûêΓûêΓûêΓûêΓûêΓûêΓûêΓûêΓûêΓûêΓûî                | 1106/1914 [00:08<00:06, 132.62σà¼σÅ╕/s]
≡ƒôè roe Φ╢ïσè┐σêåµ₧É:  59%|ΓûêΓûêΓûêΓûêΓûêΓûêΓûêΓûêΓûêΓûêΓûêΓûêΓûêΓûêΓûêΓûêΓûêΓûêΓûêΓûêΓûêΓûêΓûè                | 1120/1914 [00:08<00:05, 133.18σà¼σÅ╕/s]
≡ƒôè roe Φ╢ïσè┐σêåµ₧É:  59%|ΓûêΓûêΓûêΓûêΓûêΓûêΓûêΓûêΓûêΓûêΓûêΓûêΓûêΓûêΓûêΓûêΓûêΓûêΓûêΓûêΓûêΓûêΓûê                | 1134/1914 [00:08<00:05, 130.30σà¼σÅ╕/s]
≡ƒôè roe Φ╢ïσè┐σêåµ₧É:  60%|ΓûêΓûêΓûêΓûêΓûêΓûêΓûêΓûêΓûêΓûêΓûêΓûêΓûêΓûêΓûêΓûêΓûêΓûêΓûêΓûêΓûêΓûêΓûêΓûì               | 1148/1914 [00:08<00:06, 126.07σà¼σÅ╕/s]
≡ƒôè roe Φ╢ïσè┐σêåµ₧É:  61%|ΓûêΓûêΓûêΓûêΓûêΓûêΓûêΓûêΓûêΓûêΓûêΓûêΓûêΓûêΓûêΓûêΓûêΓûêΓûêΓûêΓûêΓûêΓûêΓûï               | 1161/1914 [00:08<00:06, 124.06σà¼σÅ╕/s]
≡ƒôè roe Φ╢ïσè┐σêåµ₧É:  61%|ΓûêΓûêΓûêΓûêΓûêΓûêΓûêΓûêΓûêΓûêΓûêΓûêΓûêΓûêΓûêΓûêΓûêΓûêΓûêΓûêΓûêΓûêΓûêΓûë               | 1174/1914 [00:09<00:06, 122.27σà¼σÅ╕/s]
≡ƒôè roe Φ╢ïσè┐σêåµ₧É:  62%|ΓûêΓûêΓûêΓûêΓûêΓûêΓûêΓûêΓûêΓûêΓûêΓûêΓûêΓûêΓûêΓûêΓûêΓûêΓûêΓûêΓûêΓûêΓûêΓûêΓûÅ              | 1187/1914 [00:09<00:05, 122.64σà¼σÅ╕/s]
≡ƒôè roe Φ╢ïσè┐σêåµ₧É:  63%|ΓûêΓûêΓûêΓûêΓûêΓûêΓûêΓûêΓûêΓûêΓûêΓûêΓûêΓûêΓûêΓûêΓûêΓûêΓûêΓûêΓûêΓûêΓûêΓûêΓûì              | 1200/1914 [00:09<00:05, 122.80σà¼σÅ╕/s]
≡ƒôè roe Φ╢ïσè┐σêåµ₧É:  63%|ΓûêΓûêΓûêΓûêΓûêΓûêΓûêΓûêΓûêΓûêΓûêΓûêΓûêΓûêΓûêΓûêΓûêΓûêΓûêΓûêΓûêΓûêΓûêΓûêΓûï              | 1213/1914 [00:09<00:05, 124.82σà¼σÅ╕/s]
≡ƒôè roe Φ╢ïσè┐σêåµ₧É:  64%|ΓûêΓûêΓûêΓûêΓûêΓûêΓûêΓûêΓûêΓûêΓûêΓûêΓûêΓûêΓûêΓûêΓûêΓûêΓûêΓûêΓûêΓûêΓûêΓûêΓûë              | 1226/1914 [00:09<00:05, 126.29σà¼σÅ╕/s]
≡ƒôè roe Φ╢ïσè┐σêåµ₧É:  65%|ΓûêΓûêΓûêΓûêΓûêΓûêΓûêΓûêΓûêΓûêΓûêΓûêΓûêΓûêΓûêΓûêΓûêΓûêΓûêΓûêΓûêΓûêΓûêΓûêΓûêΓûÄ             | 1241/1914 [00:09<00:05, 132.05σà¼σÅ╕/s]
≡ƒôè roe Φ╢ïσè┐σêåµ₧É:  66%|ΓûêΓûêΓûêΓûêΓûêΓûêΓûêΓûêΓûêΓûêΓûêΓûêΓûêΓûêΓûêΓûêΓûêΓûêΓûêΓûêΓûêΓûêΓûêΓûêΓûêΓûî             | 1255/1914 [00:09<00:04, 134.37σà¼σÅ╕/s]
≡ƒôè roe Φ╢ïσè┐σêåµ₧É:  66%|ΓûêΓûêΓûêΓûêΓûêΓûêΓûêΓûêΓûêΓûêΓûêΓûêΓûêΓûêΓûêΓûêΓûêΓûêΓûêΓûêΓûêΓûêΓûêΓûêΓûêΓûë             | 1270/1914 [00:09<00:04, 138.87σà¼σÅ╕/s]
≡ƒôè roe Φ╢ïσè┐σêåµ₧É:  67%|ΓûêΓûêΓûêΓûêΓûêΓûêΓûêΓûêΓûêΓûêΓûêΓûêΓûêΓûêΓûêΓûêΓûêΓûêΓûêΓûêΓûêΓûêΓûêΓûêΓûêΓûêΓûÅ            | 1284/1914 [00:09<00:04, 137.74σà¼σÅ╕/s]
≡ƒôè roe Φ╢ïσè┐σêåµ₧É:  68%|ΓûêΓûêΓûêΓûêΓûêΓûêΓûêΓûêΓûêΓûêΓûêΓûêΓûêΓûêΓûêΓûêΓûêΓûêΓûêΓûêΓûêΓûêΓûêΓûêΓûêΓûêΓûì            | 1298/1914 [00:09<00:04, 138.36σà¼σÅ╕/s]
≡ƒôè roe Φ╢ïσè┐σêåµ₧É:  69%|ΓûêΓûêΓûêΓûêΓûêΓûêΓûêΓûêΓûêΓûêΓûêΓûêΓûêΓûêΓûêΓûêΓûêΓûêΓûêΓûêΓûêΓûêΓûêΓûêΓûêΓûêΓûè            | 1313/1914 [00:10<00:04, 139.28σà¼σÅ╕/s]
≡ƒôè roe Φ╢ïσè┐σêåµ₧É:  69%|ΓûêΓûêΓûêΓûêΓûêΓûêΓûêΓûêΓûêΓûêΓûêΓûêΓûêΓûêΓûêΓûêΓûêΓûêΓûêΓûêΓûêΓûêΓûêΓûêΓûêΓûêΓûê            | 1328/1914 [00:10<00:04, 142.13σà¼σÅ╕/s]
≡ƒôè roe Φ╢ïσè┐σêåµ₧É:  70%|ΓûêΓûêΓûêΓûêΓûêΓûêΓûêΓûêΓûêΓûêΓûêΓûêΓûêΓûêΓûêΓûêΓûêΓûêΓûêΓûêΓûêΓûêΓûêΓûêΓûêΓûêΓûêΓûÄ           | 1343/1914 [00:10<00:04, 139.02σà¼σÅ╕/s]
≡ƒôè roe Φ╢ïσè┐σêåµ₧É:  71%|ΓûêΓûêΓûêΓûêΓûêΓûêΓûêΓûêΓûêΓûêΓûêΓûêΓûêΓûêΓûêΓûêΓûêΓûêΓûêΓûêΓûêΓûêΓûêΓûêΓûêΓûêΓûêΓûï           | 1357/1914 [00:10<00:04, 138.13σà¼σÅ╕/s]
≡ƒôè roe Φ╢ïσè┐σêåµ₧É:  72%|ΓûêΓûêΓûêΓûêΓûêΓûêΓûêΓûêΓûêΓûêΓûêΓûêΓûêΓûêΓûêΓûêΓûêΓûêΓûêΓûêΓûêΓûêΓûêΓûêΓûêΓûêΓûêΓûë           | 1372/1914 [00:10<00:03, 139.73σà¼σÅ╕/s]
≡ƒôè roe Φ╢ïσè┐σêåµ₧É:  72%|ΓûêΓûêΓûêΓûêΓûêΓûêΓûêΓûêΓûêΓûêΓûêΓûêΓûêΓûêΓûêΓûêΓûêΓûêΓûêΓûêΓûêΓûêΓûêΓûêΓûêΓûêΓûêΓûêΓûÅ          | 1386/1914 [00:10<00:03, 138.74σà¼σÅ╕/s]
≡ƒôè roe Φ╢ïσè┐σêåµ₧É:  73%|ΓûêΓûêΓûêΓûêΓûêΓûêΓûêΓûêΓûêΓûêΓûêΓûêΓûêΓûêΓûêΓûêΓûêΓûêΓûêΓûêΓûêΓûêΓûêΓûêΓûêΓûêΓûêΓûêΓûî          | 1401/1914 [00:10<00:03, 139.78σà¼σÅ╕/s]
≡ƒôè roe Φ╢ïσè┐σêåµ₧É:  74%|ΓûêΓûêΓûêΓûêΓûêΓûêΓûêΓûêΓûêΓûêΓûêΓûêΓûêΓûêΓûêΓûêΓûêΓûêΓûêΓûêΓûêΓûêΓûêΓûêΓûêΓûêΓûêΓûêΓûè          | 1415/1914 [00:10<00:03, 139.70σà¼σÅ╕/s]
≡ƒôè roe Φ╢ïσè┐σêåµ₧É:  75%|ΓûêΓûêΓûêΓûêΓûêΓûêΓûêΓûêΓûêΓûêΓûêΓûêΓûêΓûêΓûêΓûêΓûêΓûêΓûêΓûêΓûêΓûêΓûêΓûêΓûêΓûêΓûêΓûêΓûêΓûÅ         | 1430/1914 [00:10<00:03, 139.86σà¼σÅ╕/s]
≡ƒôè roe Φ╢ïσè┐σêåµ₧É:  75%|ΓûêΓûêΓûêΓûêΓûêΓûêΓûêΓûêΓûêΓûêΓûêΓûêΓûêΓûêΓûêΓûêΓûêΓûêΓûêΓûêΓûêΓûêΓûêΓûêΓûêΓûêΓûêΓûêΓûêΓûì         | 1445/1914 [00:10<00:03, 140.01σà¼σÅ╕/s]
≡ƒôè roe Φ╢ïσè┐σêåµ₧É:  76%|ΓûêΓûêΓûêΓûêΓûêΓûêΓûêΓûêΓûêΓûêΓûêΓûêΓûêΓûêΓûêΓûêΓûêΓûêΓûêΓûêΓûêΓûêΓûêΓûêΓûêΓûêΓûêΓûêΓûêΓûï         | 1460/1914 [00:11<00:03, 140.52σà¼σÅ╕/s]
≡ƒôè roe Φ╢ïσè┐σêåµ₧É:  77%|ΓûêΓûêΓûêΓûêΓûêΓûêΓûêΓûêΓûêΓûêΓûêΓûêΓûêΓûêΓûêΓûêΓûêΓûêΓûêΓûêΓûêΓûêΓûêΓûêΓûêΓûêΓûêΓûêΓûêΓûê         | 1475/1914 [00:11<00:03, 138.45σà¼σÅ╕/s]
≡ƒôè roe Φ╢ïσè┐σêåµ₧É:  78%|ΓûêΓûêΓûêΓûêΓûêΓûêΓûêΓûêΓûêΓûêΓûêΓûêΓûêΓûêΓûêΓûêΓûêΓûêΓûêΓûêΓûêΓûêΓûêΓûêΓûêΓûêΓûêΓûêΓûêΓûêΓûÄ        | 1489/1914 [00:11<00:03, 135.68σà¼σÅ╕/s]
≡ƒôè roe Φ╢ïσè┐σêåµ₧É:  79%|ΓûêΓûêΓûêΓûêΓûêΓûêΓûêΓûêΓûêΓûêΓûêΓûêΓûêΓûêΓûêΓûêΓûêΓûêΓûêΓûêΓûêΓûêΓûêΓûêΓûêΓûêΓûêΓûêΓûêΓûêΓûï        | 1504/1914 [00:11<00:02, 137.03σà¼σÅ╕/s]
≡ƒôè roe Φ╢ïσè┐σêåµ₧É:  79%|ΓûêΓûêΓûêΓûêΓûêΓûêΓûêΓûêΓûêΓûêΓûêΓûêΓûêΓûêΓûêΓûêΓûêΓûêΓûêΓûêΓûêΓûêΓûêΓûêΓûêΓûêΓûêΓûêΓûêΓûêΓûë        | 1519/1914 [00:11<00:02, 138.63σà¼σÅ╕/s]
≡ƒôè roe Φ╢ïσè┐σêåµ₧É:  80%|ΓûêΓûêΓûêΓûêΓûêΓûêΓûêΓûêΓûêΓûêΓûêΓûêΓûêΓûêΓûêΓûêΓûêΓûêΓûêΓûêΓûêΓûêΓûêΓûêΓûêΓûêΓûêΓûêΓûêΓûêΓûêΓûÄ       | 1534/1914 [00:11<00:02, 138.85σà¼σÅ╕/s]
≡ƒôè roe Φ╢ïσè┐σêåµ₧É:  81%|ΓûêΓûêΓûêΓûêΓûêΓûêΓûêΓûêΓûêΓûêΓûêΓûêΓûêΓûêΓûêΓûêΓûêΓûêΓûêΓûêΓûêΓûêΓûêΓûêΓûêΓûêΓûêΓûêΓûêΓûêΓûêΓûî       | 1549/1914 [00:11<00:02, 139.30σà¼σÅ╕/s]
≡ƒôè roe Φ╢ïσè┐σêåµ₧É:  82%|ΓûêΓûêΓûêΓûêΓûêΓûêΓûêΓûêΓûêΓûêΓûêΓûêΓûêΓûêΓûêΓûêΓûêΓûêΓûêΓûêΓûêΓûêΓûêΓûêΓûêΓûêΓûêΓûêΓûêΓûêΓûêΓûè       | 1564/1914 [00:11<00:02, 141.22σà¼σÅ╕/s]
≡ƒôè roe Φ╢ïσè┐σêåµ₧É:  82%|ΓûêΓûêΓûêΓûêΓûêΓûêΓûêΓûêΓûêΓûêΓûêΓûêΓûêΓûêΓûêΓûêΓûêΓûêΓûêΓûêΓûêΓûêΓûêΓûêΓûêΓûêΓûêΓûêΓûêΓûêΓûêΓûêΓûÅ      | 1579/1914 [00:11<00:02, 141.66σà¼σÅ╕/s]
≡ƒôè roe Φ╢ïσè┐σêåµ₧É:  83%|ΓûêΓûêΓûêΓûêΓûêΓûêΓûêΓûêΓûêΓûêΓûêΓûêΓûêΓûêΓûêΓûêΓûêΓûêΓûêΓûêΓûêΓûêΓûêΓûêΓûêΓûêΓûêΓûêΓûêΓûêΓûêΓûêΓûì      | 1594/1914 [00:12<00:02, 137.98σà¼σÅ╕/s]
≡ƒôè roe Φ╢ïσè┐σêåµ₧É:  84%|ΓûêΓûêΓûêΓûêΓûêΓûêΓûêΓûêΓûêΓûêΓûêΓûêΓûêΓûêΓûêΓûêΓûêΓûêΓûêΓûêΓûêΓûêΓûêΓûêΓûêΓûêΓûêΓûêΓûêΓûêΓûêΓûêΓûè      | 1608/1914 [00:12<00:02, 126.99σà¼σÅ╕/s]
≡ƒôè roe Φ╢ïσè┐σêåµ₧É:  85%|ΓûêΓûêΓûêΓûêΓûêΓûêΓûêΓûêΓûêΓûêΓûêΓûêΓûêΓûêΓûêΓûêΓûêΓûêΓûêΓûêΓûêΓûêΓûêΓûêΓûêΓûêΓûêΓûêΓûêΓûêΓûêΓûêΓûê      | 1621/1914 [00:12<00:02, 105.67σà¼σÅ╕/s]
≡ƒôè roe Φ╢ïσè┐σêåµ₧É:  85%|ΓûêΓûêΓûêΓûêΓûêΓûêΓûêΓûêΓûêΓûêΓûêΓûêΓûêΓûêΓûêΓûêΓûêΓûêΓûêΓûêΓûêΓûêΓûêΓûêΓûêΓûêΓûêΓûêΓûêΓûêΓûêΓûêΓûêΓûêΓûÅ     | 1633/1914 [00:12<00:03, 90.13σà¼σÅ╕/s]
≡ƒôè roe Φ╢ïσè┐σêåµ₧É:  86%|ΓûêΓûêΓûêΓûêΓûêΓûêΓûêΓûêΓûêΓûêΓûêΓûêΓûêΓûêΓûêΓûêΓûêΓûêΓûêΓûêΓûêΓûêΓûêΓûêΓûêΓûêΓûêΓûêΓûêΓûêΓûêΓûêΓûêΓûêΓûÄ     | 1643/1914 [00:12<00:03, 85.27σà¼σÅ╕/s]
≡ƒôè roe Φ╢ïσè┐σêåµ₧É:  86%|ΓûêΓûêΓûêΓûêΓûêΓûêΓûêΓûêΓûêΓûêΓûêΓûêΓûêΓûêΓûêΓûêΓûêΓûêΓûêΓûêΓûêΓûêΓûêΓûêΓûêΓûêΓûêΓûêΓûêΓûêΓûêΓûêΓûêΓûêΓûî     | 1653/1914 [00:12<00:03, 80.76σà¼σÅ╕/s]
≡ƒôè roe Φ╢ïσè┐σêåµ₧É:  87%|ΓûêΓûêΓûêΓûêΓûêΓûêΓûêΓûêΓûêΓûêΓûêΓûêΓûêΓûêΓûêΓûêΓûêΓûêΓûêΓûêΓûêΓûêΓûêΓûêΓûêΓûêΓûêΓûêΓûêΓûêΓûêΓûêΓûêΓûêΓûï     | 1662/1914 [00:12<00:03, 80.13σà¼σÅ╕/s]
≡ƒôè roe Φ╢ïσè┐σêåµ₧É:  87%|ΓûêΓûêΓûêΓûêΓûêΓûêΓûêΓûêΓûêΓûêΓûêΓûêΓûêΓûêΓûêΓûêΓûêΓûêΓûêΓûêΓûêΓûêΓûêΓûêΓûêΓûêΓûêΓûêΓûêΓûêΓûêΓûêΓûêΓûêΓûë     | 1672/1914 [00:13<00:02, 82.48σà¼σÅ╕/s]
≡ƒôè roe Φ╢ïσè┐σêåµ₧É:  88%|ΓûêΓûêΓûêΓûêΓûêΓûêΓûêΓûêΓûêΓûêΓûêΓûêΓûêΓûêΓûêΓûêΓûêΓûêΓûêΓûêΓûêΓûêΓûêΓûêΓûêΓûêΓûêΓûêΓûêΓûêΓûêΓûêΓûêΓûêΓûêΓûÅ    | 1683/1914 [00:13<00:02, 87.66σà¼σÅ╕/s]
[12/08/25 15:33:42] WARNING  688520.SH µîçµáçroeΘóäσñäτÉåσñ▒Φ┤Ñ:           core.py:682
                             µ£ëµòêµò░µì«Σ╕ìΦ╢│                                      
≡ƒôè roe Φ╢ïσè┐σêåµ₧É:  89%|ΓûêΓûêΓûêΓûêΓûêΓûêΓûêΓûêΓûêΓûêΓûêΓûêΓûêΓûêΓûêΓûêΓûêΓûêΓûêΓûêΓûêΓûêΓûêΓûêΓûêΓûêΓûêΓûêΓûêΓûêΓûêΓûêΓûêΓûêΓûêΓûì    | 1694/1914 [00:13<00:02, 92.20σà¼σÅ╕/s]
≡ƒôè roe Φ╢ïσè┐σêåµ₧É:  89%|ΓûêΓûêΓûêΓûêΓûêΓûêΓûêΓûêΓûêΓûêΓûêΓûêΓûêΓûêΓûêΓûêΓûêΓûêΓûêΓûêΓûêΓûêΓûêΓûêΓûêΓûêΓûêΓûêΓûêΓûêΓûêΓûêΓûêΓûêΓûè    | 1707/1914 [00:13<00:02, 101.59σà¼σÅ╕/s]
≡ƒôè roe Φ╢ïσè┐σêåµ₧É:  90%|ΓûêΓûêΓûêΓûêΓûêΓûêΓûêΓûêΓûêΓûêΓûêΓûêΓûêΓûêΓûêΓûêΓûêΓûêΓûêΓûêΓûêΓûêΓûêΓûêΓûêΓûêΓûêΓûêΓûêΓûêΓûêΓûêΓûêΓûêΓûê    | 1720/1914 [00:13<00:01, 109.24σà¼σÅ╕/s]
≡ƒôè roe Φ╢ïσè┐σêåµ₧É:  91%|ΓûêΓûêΓûêΓûêΓûêΓûêΓûêΓûêΓûêΓûêΓûêΓûêΓûêΓûêΓûêΓûêΓûêΓûêΓûêΓûêΓûêΓûêΓûêΓûêΓûêΓûêΓûêΓûêΓûêΓûêΓûêΓûêΓûêΓûêΓûêΓûÄ   | 1734/1914 [00:13<00:01, 115.75σà¼σÅ╕/s]
≡ƒôè roe Φ╢ïσè┐σêåµ₧É:  91%|ΓûêΓûêΓûêΓûêΓûêΓûêΓûêΓûêΓûêΓûêΓûêΓûêΓûêΓûêΓûêΓûêΓûêΓûêΓûêΓûêΓûêΓûêΓûêΓûêΓûêΓûêΓûêΓûêΓûêΓûêΓûêΓûêΓûêΓûêΓûêΓûî   | 1748/1914 [00:13<00:01, 120.08σà¼σÅ╕/s]
≡ƒôè roe Φ╢ïσè┐σêåµ₧É:  92%|ΓûêΓûêΓûêΓûêΓûêΓûêΓûêΓûêΓûêΓûêΓûêΓûêΓûêΓûêΓûêΓûêΓûêΓûêΓûêΓûêΓûêΓûêΓûêΓûêΓûêΓûêΓûêΓûêΓûêΓûêΓûêΓûêΓûêΓûêΓûêΓûë   | 1762/1914 [00:13<00:01, 125.71σà¼σÅ╕/s]
≡ƒôè roe Φ╢ïσè┐σêåµ₧É:  93%|ΓûêΓûêΓûêΓûêΓûêΓûêΓûêΓûêΓûêΓûêΓûêΓûêΓûêΓûêΓûêΓûêΓûêΓûêΓûêΓûêΓûêΓûêΓûêΓûêΓûêΓûêΓûêΓûêΓûêΓûêΓûêΓûêΓûêΓûêΓûêΓûêΓûÅ  | 1777/1914 [00:13<00:01, 130.51σà¼σÅ╕/s]
≡ƒôè roe Φ╢ïσè┐σêåµ₧É:  94%|ΓûêΓûêΓûêΓûêΓûêΓûêΓûêΓûêΓûêΓûêΓûêΓûêΓûêΓûêΓûêΓûêΓûêΓûêΓûêΓûêΓûêΓûêΓûêΓûêΓûêΓûêΓûêΓûêΓûêΓûêΓûêΓûêΓûêΓûêΓûêΓûêΓûî  | 1792/1914 [00:14<00:00, 135.72σà¼σÅ╕/s]
≡ƒôè roe Φ╢ïσè┐σêåµ₧É:  94%|ΓûêΓûêΓûêΓûêΓûêΓûêΓûêΓûêΓûêΓûêΓûêΓûêΓûêΓûêΓûêΓûêΓûêΓûêΓûêΓûêΓûêΓûêΓûêΓûêΓûêΓûêΓûêΓûêΓûêΓûêΓûêΓûêΓûêΓûêΓûêΓûêΓûè  | 1806/1914 [00:14<00:00, 136.62σà¼σÅ╕/s]
≡ƒôè roe Φ╢ïσè┐σêåµ₧É:  95%|ΓûêΓûêΓûêΓûêΓûêΓûêΓûêΓûêΓûêΓûêΓûêΓûêΓûêΓûêΓûêΓûêΓûêΓûêΓûêΓûêΓûêΓûêΓûêΓûêΓûêΓûêΓûêΓûêΓûêΓûêΓûêΓûêΓûêΓûêΓûêΓûêΓûê  | 1820/1914 [00:14<00:00, 133.38σà¼σÅ╕/s]
≡ƒôè roe Φ╢ïσè┐σêåµ₧É:  96%|ΓûêΓûêΓûêΓûêΓûêΓûêΓûêΓûêΓûêΓûêΓûêΓûêΓûêΓûêΓûêΓûêΓûêΓûêΓûêΓûêΓûêΓûêΓûêΓûêΓûêΓûêΓûêΓûêΓûêΓûêΓûêΓûêΓûêΓûêΓûêΓûêΓûêΓûÄ | 1834/1914 [00:14<00:00, 132.67σà¼σÅ╕/s]
≡ƒôè roe Φ╢ïσè┐σêåµ₧É:  97%|ΓûêΓûêΓûêΓûêΓûêΓûêΓûêΓûêΓûêΓûêΓûêΓûêΓûêΓûêΓûêΓûêΓûêΓûêΓûêΓûêΓûêΓûêΓûêΓûêΓûêΓûêΓûêΓûêΓûêΓûêΓûêΓûêΓûêΓûêΓûêΓûêΓûêΓûï | 1849/1914 [00:14<00:00, 135.59σà¼σÅ╕/s]
≡ƒôè roe Φ╢ïσè┐σêåµ₧É:  97%|ΓûêΓûêΓûêΓûêΓûêΓûêΓûêΓûêΓûêΓûêΓûêΓûêΓûêΓûêΓûêΓûêΓûêΓûêΓûêΓûêΓûêΓûêΓûêΓûêΓûêΓûêΓûêΓûêΓûêΓûêΓûêΓûêΓûêΓûêΓûêΓûêΓûêΓûë | 1864/1914 [00:14<00:00, 136.74σà¼σÅ╕/s]
≡ƒôè roe Φ╢ïσè┐σêåµ₧É:  98%|ΓûêΓûêΓûêΓûêΓûêΓûêΓûêΓûêΓûêΓûêΓûêΓûêΓûêΓûêΓûêΓûêΓûêΓûêΓûêΓûêΓûêΓûêΓûêΓûêΓûêΓûêΓûêΓûêΓûêΓûêΓûêΓûêΓûêΓûêΓûêΓûêΓûêΓûêΓûÄ| 1879/1914 [00:14<00:00, 137.71σà¼σÅ╕/s]
≡ƒôè roe Φ╢ïσè┐σêåµ₧É:  99%|ΓûêΓûêΓûêΓûêΓûêΓûêΓûêΓûêΓûêΓûêΓûêΓûêΓûêΓûêΓûêΓûêΓûêΓûêΓûêΓûêΓûêΓûêΓûêΓûêΓûêΓûêΓûêΓûêΓûêΓûêΓûêΓûêΓûêΓûêΓûêΓûêΓûêΓûêΓûî| 1893/1914 [00:14<00:00, 136.96σà¼σÅ╕/s]
≡ƒôè roe Φ╢ïσè┐σêåµ₧É: 100%|ΓûêΓûêΓûêΓûêΓûêΓûêΓûêΓûêΓûêΓûêΓûêΓûêΓûêΓûêΓûêΓûêΓûêΓûêΓûêΓûêΓûêΓûêΓûêΓûêΓûêΓûêΓûêΓûêΓûêΓûêΓûêΓûêΓûêΓûêΓûêΓûêΓûêΓûêΓûë| 1909/1914 [00:14<00:00, 143.58σà¼σÅ╕/s]
≡ƒôè roe Φ╢ïσè┐σêåµ₧É: 100%|ΓûêΓûêΓûêΓûêΓûêΓûêΓûêΓûêΓûêΓûêΓûêΓûêΓûêΓûêΓûêΓûêΓûêΓûêΓûêΓûêΓûêΓûêΓûêΓûêΓûêΓûêΓûêΓûêΓûêΓûêΓûêΓûêΓûêΓûêΓûêΓûêΓûêΓûêΓûê| 1914/1914 [00:14<00:00, 128.62σà¼σÅ╕/s]
2025-12-08 15:33:43,778 - INFO -   Γ£à µû╣µ│ò analyze_metric_trend µëºΦíîσ«îµêÉ
[12/08/25 15:33:43] INFO       Γ£à µû╣µ│ò analyze_metric_trend kedro_engine.py:365
                             µëºΦíîσ«îµêÉ                                          
2025-12-08 15:33:43,782 - INFO - ≡ƒÄ» µû╣µ│òσ║ÅσêùµëºΦíîσ«îµêÉ∩╝îσà▒ 1 Σ╕¬µû╣µ│ò
                    INFO     ≡ƒÄ» µû╣µ│òσ║ÅσêùµëºΦíîσ«îµêÉ∩╝îσà▒ 1      kedro_engine.py:366
                             Σ╕¬µû╣µ│ò                                            
                    INFO     [PLUGIN] <- node Analyze_ROE_Trend  loggers.py:308
                             duration=15.077449599979445s                      
                             cached=False                                      
                    INFO     Γ£à Φèéτé╣σ«îµêÉ:                 prefect_engine.py:616
                             Analyze_ROE_Trend ->                              
                             ['Analyze_ROE_Trend__ROE_Tre                      
                             nd_Result']                                       
[12/08/25 15:33:44] INFO     Finished in state Completed()   task_engine.py:292
[12/08/25 15:33:45] WARNING  Concurrency limits                 _asyncio.py:111
                             ['tag:kedro-node'] do not exist -                 
                             skipping acquisition.                             
                    INFO     ≡ƒÜÇ µëºΦíîKedroΦèéτé╣:            prefect_engine.py:548
                             Analyze_ROIC_Trend                                
2025-12-08 15:33:45,652 - INFO - ≡ƒöä µëºΦíîµû╣µ│òσ║Åσêù: ['analyze_metric_trend']
                    INFO     ≡ƒöä µëºΦíîµû╣µ│òσ║Åσêù:               kedro_engine.py:292
                             ['analyze_metric_trend']                          
                    INFO     [PLUGIN] -> node Analyze_ROIC_Trend loggers.py:308
                             inputs=1                                          
2025-12-08 15:33:45,656 - INFO -   ΓÜí µëºΦíîµû╣µ│ò 1/1: analyze_metric_trend
                    INFO       ΓÜí µëºΦíîµû╣µ│ò 1/1:             kedro_engine.py:303
                             analyze_metric_trend                              

≡ƒôè roic Φ╢ïσè┐σêåµ₧É:   0%|                                                  | 0/1914 [00:00<?, ?σà¼σÅ╕/s]
≡ƒôè roic Φ╢ïσè┐σêåµ₧É:   1%|ΓûÄ                                       | 12/1914 [00:00<00:16, 114.48σà¼σÅ╕/s]
≡ƒôè roic Φ╢ïσè┐σêåµ₧É:   1%|Γûî                                       | 24/1914 [00:00<00:16, 113.33σà¼σÅ╕/s]
≡ƒôè roic Φ╢ïσè┐σêåµ₧É:   2%|Γûè                                       | 36/1914 [00:00<00:17, 105.34σà¼σÅ╕/s]
≡ƒôè roic Φ╢ïσè┐σêåµ₧É:   2%|Γûë                                       | 47/1914 [00:00<00:17, 105.27σà¼σÅ╕/s]
≡ƒôè roic Φ╢ïσè┐σêåµ₧É:   3%|ΓûêΓûÅ                                      | 58/1914 [00:00<00:17, 105.28σà¼σÅ╕/s]
≡ƒôè roic Φ╢ïσè┐σêåµ₧É:   4%|ΓûêΓûì                                      | 71/1914 [00:00<00:16, 111.15σà¼σÅ╕/s]
≡ƒôè roic Φ╢ïσè┐σêåµ₧É:   4%|ΓûêΓûè                                      | 85/1914 [00:00<00:15, 119.29σà¼σÅ╕/s]
≡ƒôè roic Φ╢ïσè┐σêåµ₧É:   5%|ΓûêΓûê                                      | 99/1914 [00:00<00:14, 125.26σà¼σÅ╕/s]
≡ƒôè roic Φ╢ïσè┐σêåµ₧É:   6%|ΓûêΓûêΓûÄ                                    | 113/1914 [00:00<00:14, 124.85σà¼σÅ╕/s]
≡ƒôè roic Φ╢ïσè┐σêåµ₧É:   7%|ΓûêΓûêΓûî                                    | 126/1914 [00:01<00:14, 123.10σà¼σÅ╕/s]
≡ƒôè roic Φ╢ïσè┐σêåµ₧É:   7%|ΓûêΓûêΓûè                                    | 139/1914 [00:01<00:16, 106.82σà¼σÅ╕/s]
≡ƒôè roic Φ╢ïσè┐σêåµ₧É:   8%|ΓûêΓûêΓûêΓûÅ                                    | 151/1914 [00:01<00:19, 90.91σà¼σÅ╕/s]
≡ƒôè roic Φ╢ïσè┐σêåµ₧É:   8%|ΓûêΓûêΓûêΓûÄ                                    | 161/1914 [00:01<00:21, 80.07σà¼σÅ╕/s]
≡ƒôè roic Φ╢ïσè┐σêåµ₧É:   9%|ΓûêΓûêΓûêΓûî                                    | 170/1914 [00:01<00:22, 78.81σà¼σÅ╕/s]
≡ƒôè roic Φ╢ïσè┐σêåµ₧É:   9%|ΓûêΓûêΓûêΓûï                                    | 179/1914 [00:01<00:21, 79.56σà¼σÅ╕/s]
≡ƒôè roic Φ╢ïσè┐σêåµ₧É:  10%|ΓûêΓûêΓûêΓûë                                    | 189/1914 [00:01<00:20, 84.54σà¼σÅ╕/s]
≡ƒôè roic Φ╢ïσè┐σêåµ₧É:  10%|ΓûêΓûêΓûêΓûêΓûÅ                                   | 200/1914 [00:02<00:19, 89.05σà¼σÅ╕/s]
≡ƒôè roic Φ╢ïσè┐σêåµ₧É:  11%|ΓûêΓûêΓûêΓûêΓûì                                   | 212/1914 [00:02<00:17, 96.35σà¼σÅ╕/s]
≡ƒôè roic Φ╢ïσè┐σêåµ₧É:  12%|ΓûêΓûêΓûêΓûêΓûî                                  | 225/1914 [00:02<00:16, 104.78σà¼σÅ╕/s]
≡ƒôè roic Φ╢ïσè┐σêåµ₧É:  12%|ΓûêΓûêΓûêΓûêΓûè                                  | 238/1914 [00:02<00:15, 109.92σà¼σÅ╕/s]
≡ƒôè roic Φ╢ïσè┐σêåµ₧É:  13%|ΓûêΓûêΓûêΓûêΓûê                                  | 250/1914 [00:02<00:14, 111.39σà¼σÅ╕/s]
≡ƒôè roic Φ╢ïσè┐σêåµ₧É:  14%|ΓûêΓûêΓûêΓûêΓûêΓûÄ                                 | 263/1914 [00:02<00:14, 116.27σà¼σÅ╕/s]
≡ƒôè roic Φ╢ïσè┐σêåµ₧É:  14%|ΓûêΓûêΓûêΓûêΓûêΓûî                                 | 276/1914 [00:02<00:13, 119.49σà¼σÅ╕/s]
≡ƒôè roic Φ╢ïσè┐σêåµ₧É:  15%|ΓûêΓûêΓûêΓûêΓûêΓûë                                 | 291/1914 [00:02<00:12, 126.14σà¼σÅ╕/s]
≡ƒôè roic Φ╢ïσè┐σêåµ₧É:  16%|ΓûêΓûêΓûêΓûêΓûêΓûêΓûÅ                                | 306/1914 [00:02<00:12, 130.46σà¼σÅ╕/s]
≡ƒôè roic Φ╢ïσè┐σêåµ₧É:  17%|ΓûêΓûêΓûêΓûêΓûêΓûêΓûî                                | 321/1914 [00:02<00:11, 136.04σà¼σÅ╕/s]
≡ƒôè roic Φ╢ïσè┐σêåµ₧É:  18%|ΓûêΓûêΓûêΓûêΓûêΓûêΓûè                                | 335/1914 [00:03<00:11, 134.95σà¼σÅ╕/s]
≡ƒôè roic Φ╢ïσè┐σêåµ₧É:  18%|ΓûêΓûêΓûêΓûêΓûêΓûêΓûêΓûÅ                               | 350/1914 [00:03<00:11, 138.49σà¼σÅ╕/s]
≡ƒôè roic Φ╢ïσè┐σêåµ₧É:  19%|ΓûêΓûêΓûêΓûêΓûêΓûêΓûêΓûì                               | 364/1914 [00:03<00:11, 136.85σà¼σÅ╕/s]
≡ƒôè roic Φ╢ïσè┐σêåµ₧É:  20%|ΓûêΓûêΓûêΓûêΓûêΓûêΓûêΓûï                               | 378/1914 [00:03<00:11, 136.15σà¼σÅ╕/s]
≡ƒôè roic Φ╢ïσè┐σêåµ₧É:  20%|ΓûêΓûêΓûêΓûêΓûêΓûêΓûêΓûë                               | 392/1914 [00:03<00:11, 133.10σà¼σÅ╕/s]
≡ƒôè roic Φ╢ïσè┐σêåµ₧É:  21%|ΓûêΓûêΓûêΓûêΓûêΓûêΓûêΓûêΓûÄ                              | 407/1914 [00:03<00:11, 135.80σà¼σÅ╕/s]
≡ƒôè roic Φ╢ïσè┐σêåµ₧É:  22%|ΓûêΓûêΓûêΓûêΓûêΓûêΓûêΓûêΓûî                              | 422/1914 [00:03<00:10, 139.11σà¼σÅ╕/s]
≡ƒôè roic Φ╢ïσè┐σêåµ₧É:  23%|ΓûêΓûêΓûêΓûêΓûêΓûêΓûêΓûêΓûë                              | 437/1914 [00:03<00:10, 142.13σà¼σÅ╕/s]
≡ƒôè roic Φ╢ïσè┐σêåµ₧É:  24%|ΓûêΓûêΓûêΓûêΓûêΓûêΓûêΓûêΓûêΓûÅ                             | 452/1914 [00:03<00:10, 143.68σà¼σÅ╕/s]
≡ƒôè roic Φ╢ïσè┐σêåµ₧É:  24%|ΓûêΓûêΓûêΓûêΓûêΓûêΓûêΓûêΓûêΓûî                             | 467/1914 [00:03<00:10, 143.13σà¼σÅ╕/s]
≡ƒôè roic Φ╢ïσè┐σêåµ₧É:  25%|ΓûêΓûêΓûêΓûêΓûêΓûêΓûêΓûêΓûêΓûè                             | 482/1914 [00:04<00:09, 144.38σà¼σÅ╕/s]
≡ƒôè roic Φ╢ïσè┐σêåµ₧É:  26%|ΓûêΓûêΓûêΓûêΓûêΓûêΓûêΓûêΓûêΓûêΓûÅ                            | 497/1914 [00:04<00:09, 145.64σà¼σÅ╕/s]
≡ƒôè roic Φ╢ïσè┐σêåµ₧É:  27%|ΓûêΓûêΓûêΓûêΓûêΓûêΓûêΓûêΓûêΓûêΓûì                            | 512/1914 [00:04<00:10, 136.04σà¼σÅ╕/s]
≡ƒôè roic Φ╢ïσè┐σêåµ₧É:  27%|ΓûêΓûêΓûêΓûêΓûêΓûêΓûêΓûêΓûêΓûêΓûï                            | 526/1914 [00:04<00:10, 133.42σà¼σÅ╕/s]
≡ƒôè roic Φ╢ïσè┐σêåµ₧É:  28%|ΓûêΓûêΓûêΓûêΓûêΓûêΓûêΓûêΓûêΓûêΓûê                            | 541/1914 [00:04<00:10, 136.45σà¼σÅ╕/s]
≡ƒôè roic Φ╢ïσè┐σêåµ₧É:  29%|ΓûêΓûêΓûêΓûêΓûêΓûêΓûêΓûêΓûêΓûêΓûêΓûÄ                           | 555/1914 [00:04<00:09, 137.41σà¼σÅ╕/s]
≡ƒôè roic Φ╢ïσè┐σêåµ₧É:  30%|ΓûêΓûêΓûêΓûêΓûêΓûêΓûêΓûêΓûêΓûêΓûêΓûî                           | 570/1914 [00:04<00:09, 138.80σà¼σÅ╕/s]
≡ƒôè roic Φ╢ïσè┐σêåµ₧É:  31%|ΓûêΓûêΓûêΓûêΓûêΓûêΓûêΓûêΓûêΓûêΓûêΓûë                           | 584/1914 [00:04<00:09, 137.43σà¼σÅ╕/s]
≡ƒôè roic Φ╢ïσè┐σêåµ₧É:  31%|ΓûêΓûêΓûêΓûêΓûêΓûêΓûêΓûêΓûêΓûêΓûêΓûêΓûÅ                          | 599/1914 [00:04<00:09, 140.49σà¼σÅ╕/s]
≡ƒôè roic Φ╢ïσè┐σêåµ₧É:  32%|ΓûêΓûêΓûêΓûêΓûêΓûêΓûêΓûêΓûêΓûêΓûêΓûêΓûî                          | 615/1914 [00:05<00:08, 144.34σà¼σÅ╕/s]
≡ƒôè roic Φ╢ïσè┐σêåµ₧É:  33%|ΓûêΓûêΓûêΓûêΓûêΓûêΓûêΓûêΓûêΓûêΓûêΓûêΓûè                          | 630/1914 [00:05<00:08, 144.20σà¼σÅ╕/s]
≡ƒôè roic Φ╢ïσè┐σêåµ₧É:  34%|ΓûêΓûêΓûêΓûêΓûêΓûêΓûêΓûêΓûêΓûêΓûêΓûêΓûêΓûÅ                         | 645/1914 [00:05<00:08, 143.30σà¼σÅ╕/s]
≡ƒôè roic Φ╢ïσè┐σêåµ₧É:  34%|ΓûêΓûêΓûêΓûêΓûêΓûêΓûêΓûêΓûêΓûêΓûêΓûêΓûêΓûì                         | 660/1914 [00:05<00:08, 140.62σà¼σÅ╕/s]
≡ƒôè roic Φ╢ïσè┐σêåµ₧É:  35%|ΓûêΓûêΓûêΓûêΓûêΓûêΓûêΓûêΓûêΓûêΓûêΓûêΓûêΓûè                         | 675/1914 [00:05<00:09, 136.14σà¼σÅ╕/s]
≡ƒôè roic Φ╢ïσè┐σêåµ₧É:  36%|ΓûêΓûêΓûêΓûêΓûêΓûêΓûêΓûêΓûêΓûêΓûêΓûêΓûêΓûê                         | 689/1914 [00:05<00:09, 136.02σà¼σÅ╕/s]
≡ƒôè roic Φ╢ïσè┐σêåµ₧É:  37%|ΓûêΓûêΓûêΓûêΓûêΓûêΓûêΓûêΓûêΓûêΓûêΓûêΓûêΓûêΓûÄ                        | 704/1914 [00:05<00:08, 137.73σà¼σÅ╕/s]
≡ƒôè roic Φ╢ïσè┐σêåµ₧É:  38%|ΓûêΓûêΓûêΓûêΓûêΓûêΓûêΓûêΓûêΓûêΓûêΓûêΓûêΓûêΓûï                        | 718/1914 [00:05<00:08, 137.38σà¼σÅ╕/s]
≡ƒôè roic Φ╢ïσè┐σêåµ₧É:  38%|ΓûêΓûêΓûêΓûêΓûêΓûêΓûêΓûêΓûêΓûêΓûêΓûêΓûêΓûêΓûë                        | 732/1914 [00:05<00:08, 137.16σà¼σÅ╕/s]
≡ƒôè roic Φ╢ïσè┐σêåµ₧É:  39%|ΓûêΓûêΓûêΓûêΓûêΓûêΓûêΓûêΓûêΓûêΓûêΓûêΓûêΓûêΓûêΓûÅ                       | 746/1914 [00:06<00:08, 136.16σà¼σÅ╕/s]
≡ƒôè roic Φ╢ïσè┐σêåµ₧É:  40%|ΓûêΓûêΓûêΓûêΓûêΓûêΓûêΓûêΓûêΓûêΓûêΓûêΓûêΓûêΓûêΓûì                       | 760/1914 [00:06<00:08, 135.20σà¼σÅ╕/s]
≡ƒôè roic Φ╢ïσè┐σêåµ₧É:  40%|ΓûêΓûêΓûêΓûêΓûêΓûêΓûêΓûêΓûêΓûêΓûêΓûêΓûêΓûêΓûêΓûè                       | 775/1914 [00:06<00:08, 138.22σà¼σÅ╕/s]
≡ƒôè roic Φ╢ïσè┐σêåµ₧É:  41%|ΓûêΓûêΓûêΓûêΓûêΓûêΓûêΓûêΓûêΓûêΓûêΓûêΓûêΓûêΓûêΓûê                       | 789/1914 [00:06<00:08, 136.51σà¼σÅ╕/s]
≡ƒôè roic Φ╢ïσè┐σêåµ₧É:  42%|ΓûêΓûêΓûêΓûêΓûêΓûêΓûêΓûêΓûêΓûêΓûêΓûêΓûêΓûêΓûêΓûêΓûÄ                      | 803/1914 [00:06<00:08, 134.63σà¼σÅ╕/s]
≡ƒôè roic Φ╢ïσè┐σêåµ₧É:  43%|ΓûêΓûêΓûêΓûêΓûêΓûêΓûêΓûêΓûêΓûêΓûêΓûêΓûêΓûêΓûêΓûêΓûï                      | 818/1914 [00:06<00:08, 136.31σà¼σÅ╕/s]
≡ƒôè roic Φ╢ïσè┐σêåµ₧É:  44%|ΓûêΓûêΓûêΓûêΓûêΓûêΓûêΓûêΓûêΓûêΓûêΓûêΓûêΓûêΓûêΓûêΓûë                      | 833/1914 [00:06<00:07, 138.39σà¼σÅ╕/s]
≡ƒôè roic Φ╢ïσè┐σêåµ₧É:  44%|ΓûêΓûêΓûêΓûêΓûêΓûêΓûêΓûêΓûêΓûêΓûêΓûêΓûêΓûêΓûêΓûêΓûêΓûÄ                     | 848/1914 [00:06<00:07, 139.55σà¼σÅ╕/s]
≡ƒôè roic Φ╢ïσè┐σêåµ₧É:  45%|ΓûêΓûêΓûêΓûêΓûêΓûêΓûêΓûêΓûêΓûêΓûêΓûêΓûêΓûêΓûêΓûêΓûêΓûî                     | 864/1914 [00:06<00:07, 141.78σà¼σÅ╕/s]
≡ƒôè roic Φ╢ïσè┐σêåµ₧É:  46%|ΓûêΓûêΓûêΓûêΓûêΓûêΓûêΓûêΓûêΓûêΓûêΓûêΓûêΓûêΓûêΓûêΓûêΓûë                     | 880/1914 [00:06<00:07, 144.95σà¼σÅ╕/s]
≡ƒôè roic Φ╢ïσè┐σêåµ₧É:  47%|ΓûêΓûêΓûêΓûêΓûêΓûêΓûêΓûêΓûêΓûêΓûêΓûêΓûêΓûêΓûêΓûêΓûêΓûêΓûÅ                    | 895/1914 [00:07<00:07, 145.07σà¼σÅ╕/s]
≡ƒôè roic Φ╢ïσè┐σêåµ₧É:  48%|ΓûêΓûêΓûêΓûêΓûêΓûêΓûêΓûêΓûêΓûêΓûêΓûêΓûêΓûêΓûêΓûêΓûêΓûêΓûî                    | 911/1914 [00:07<00:06, 147.02σà¼σÅ╕/s]
≡ƒôè roic Φ╢ïσè┐σêåµ₧É:  48%|ΓûêΓûêΓûêΓûêΓûêΓûêΓûêΓûêΓûêΓûêΓûêΓûêΓûêΓûêΓûêΓûêΓûêΓûêΓûè                    | 926/1914 [00:07<00:06, 147.75σà¼σÅ╕/s]
≡ƒôè roic Φ╢ïσè┐σêåµ₧É:  49%|ΓûêΓûêΓûêΓûêΓûêΓûêΓûêΓûêΓûêΓûêΓûêΓûêΓûêΓûêΓûêΓûêΓûêΓûêΓûêΓûÅ                   | 941/1914 [00:07<00:06, 139.16σà¼σÅ╕/s]
≡ƒôè roic Φ╢ïσè┐σêåµ₧É:  50%|ΓûêΓûêΓûêΓûêΓûêΓûêΓûêΓûêΓûêΓûêΓûêΓûêΓûêΓûêΓûêΓûêΓûêΓûêΓûêΓûì                   | 956/1914 [00:07<00:06, 138.15σà¼σÅ╕/s]
≡ƒôè roic Φ╢ïσè┐σêåµ₧É:  51%|ΓûêΓûêΓûêΓûêΓûêΓûêΓûêΓûêΓûêΓûêΓûêΓûêΓûêΓûêΓûêΓûêΓûêΓûêΓûêΓûè                   | 971/1914 [00:07<00:06, 139.01σà¼σÅ╕/s]
≡ƒôè roic Φ╢ïσè┐σêåµ₧É:  52%|ΓûêΓûêΓûêΓûêΓûêΓûêΓûêΓûêΓûêΓûêΓûêΓûêΓûêΓûêΓûêΓûêΓûêΓûêΓûêΓûê                   | 986/1914 [00:07<00:06, 142.11σà¼σÅ╕/s]
≡ƒôè roic Φ╢ïσè┐σêåµ₧É:  52%|ΓûêΓûêΓûêΓûêΓûêΓûêΓûêΓûêΓûêΓûêΓûêΓûêΓûêΓûêΓûêΓûêΓûêΓûêΓûêΓûè                  | 1001/1914 [00:07<00:06, 141.39σà¼σÅ╕/s]
≡ƒôè roic Φ╢ïσè┐σêåµ₧É:  53%|ΓûêΓûêΓûêΓûêΓûêΓûêΓûêΓûêΓûêΓûêΓûêΓûêΓûêΓûêΓûêΓûêΓûêΓûêΓûêΓûêΓûÅ                 | 1016/1914 [00:07<00:06, 141.56σà¼σÅ╕/s]
≡ƒôè roic Φ╢ïσè┐σêåµ₧É:  54%|ΓûêΓûêΓûêΓûêΓûêΓûêΓûêΓûêΓûêΓûêΓûêΓûêΓûêΓûêΓûêΓûêΓûêΓûêΓûêΓûêΓûì                 | 1031/1914 [00:08<00:06, 134.38σà¼σÅ╕/s]
≡ƒôè roic Φ╢ïσè┐σêåµ₧É:  55%|ΓûêΓûêΓûêΓûêΓûêΓûêΓûêΓûêΓûêΓûêΓûêΓûêΓûêΓûêΓûêΓûêΓûêΓûêΓûêΓûêΓûï                 | 1045/1914 [00:08<00:08, 100.64σà¼σÅ╕/s]
≡ƒôè roic Φ╢ïσè┐σêåµ₧É:  55%|ΓûêΓûêΓûêΓûêΓûêΓûêΓûêΓûêΓûêΓûêΓûêΓûêΓûêΓûêΓûêΓûêΓûêΓûêΓûêΓûêΓûë                 | 1057/1914 [00:08<00:08, 104.35σà¼σÅ╕/s]
≡ƒôè roic Φ╢ïσè┐σêåµ₧É:  56%|ΓûêΓûêΓûêΓûêΓûêΓûêΓûêΓûêΓûêΓûêΓûêΓûêΓûêΓûêΓûêΓûêΓûêΓûêΓûêΓûêΓûêΓûÅ                | 1070/1914 [00:08<00:07, 109.30σà¼σÅ╕/s]
≡ƒôè roic Φ╢ïσè┐σêåµ₧É:  57%|ΓûêΓûêΓûêΓûêΓûêΓûêΓûêΓûêΓûêΓûêΓûêΓûêΓûêΓûêΓûêΓûêΓûêΓûêΓûêΓûêΓûêΓûì                | 1082/1914 [00:08<00:07, 112.02σà¼σÅ╕/s]
≡ƒôè roic Φ╢ïσè┐σêåµ₧É:  57%|ΓûêΓûêΓûêΓûêΓûêΓûêΓûêΓûêΓûêΓûêΓûêΓûêΓûêΓûêΓûêΓûêΓûêΓûêΓûêΓûêΓûêΓûï                | 1094/1914 [00:08<00:07, 113.32σà¼σÅ╕/s]
≡ƒôè roic Φ╢ïσè┐σêåµ₧É:  58%|ΓûêΓûêΓûêΓûêΓûêΓûêΓûêΓûêΓûêΓûêΓûêΓûêΓûêΓûêΓûêΓûêΓûêΓûêΓûêΓûêΓûêΓûë                | 1106/1914 [00:08<00:07, 112.27σà¼σÅ╕/s]
≡ƒôè roic Φ╢ïσè┐σêåµ₧É:  58%|ΓûêΓûêΓûêΓûêΓûêΓûêΓûêΓûêΓûêΓûêΓûêΓûêΓûêΓûêΓûêΓûêΓûêΓûêΓûêΓûêΓûêΓûêΓûÅ               | 1118/1914 [00:08<00:07, 111.90σà¼σÅ╕/s]
≡ƒôè roic Φ╢ïσè┐σêåµ₧É:  59%|ΓûêΓûêΓûêΓûêΓûêΓûêΓûêΓûêΓûêΓûêΓûêΓûêΓûêΓûêΓûêΓûêΓûêΓûêΓûêΓûêΓûêΓûêΓûì               | 1131/1914 [00:09<00:06, 114.44σà¼σÅ╕/s]
≡ƒôè roic Φ╢ïσè┐σêåµ₧É:  60%|ΓûêΓûêΓûêΓûêΓûêΓûêΓûêΓûêΓûêΓûêΓûêΓûêΓûêΓûêΓûêΓûêΓûêΓûêΓûêΓûêΓûêΓûêΓûï               | 1143/1914 [00:09<00:06, 113.46σà¼σÅ╕/s]
≡ƒôè roic Φ╢ïσè┐σêåµ₧É:  60%|ΓûêΓûêΓûêΓûêΓûêΓûêΓûêΓûêΓûêΓûêΓûêΓûêΓûêΓûêΓûêΓûêΓûêΓûêΓûêΓûêΓûêΓûêΓûë               | 1155/1914 [00:09<00:06, 112.45σà¼σÅ╕/s]
≡ƒôè roic Φ╢ïσè┐σêåµ₧É:  61%|ΓûêΓûêΓûêΓûêΓûêΓûêΓûêΓûêΓûêΓûêΓûêΓûêΓûêΓûêΓûêΓûêΓûêΓûêΓûêΓûêΓûêΓûêΓûêΓûÅ              | 1167/1914 [00:09<00:06, 111.77σà¼σÅ╕/s]
≡ƒôè roic Φ╢ïσè┐σêåµ₧É:  62%|ΓûêΓûêΓûêΓûêΓûêΓûêΓûêΓûêΓûêΓûêΓûêΓûêΓûêΓûêΓûêΓûêΓûêΓûêΓûêΓûêΓûêΓûêΓûêΓûì              | 1179/1914 [00:09<00:06, 107.67σà¼σÅ╕/s]
≡ƒôè roic Φ╢ïσè┐σêåµ₧É:  62%|ΓûêΓûêΓûêΓûêΓûêΓûêΓûêΓûêΓûêΓûêΓûêΓûêΓûêΓûêΓûêΓûêΓûêΓûêΓûêΓûêΓûêΓûêΓûêΓûï              | 1191/1914 [00:09<00:06, 108.32σà¼σÅ╕/s]
≡ƒôè roic Φ╢ïσè┐σêåµ₧É:  63%|ΓûêΓûêΓûêΓûêΓûêΓûêΓûêΓûêΓûêΓûêΓûêΓûêΓûêΓûêΓûêΓûêΓûêΓûêΓûêΓûêΓûêΓûêΓûêΓûë              | 1203/1914 [00:09<00:06, 110.36σà¼σÅ╕/s]
≡ƒôè roic Φ╢ïσè┐σêåµ₧É:  63%|ΓûêΓûêΓûêΓûêΓûêΓûêΓûêΓûêΓûêΓûêΓûêΓûêΓûêΓûêΓûêΓûêΓûêΓûêΓûêΓûêΓûêΓûêΓûêΓûê              | 1215/1914 [00:09<00:06, 111.30σà¼σÅ╕/s]
≡ƒôè roic Φ╢ïσè┐σêåµ₧É:  64%|ΓûêΓûêΓûêΓûêΓûêΓûêΓûêΓûêΓûêΓûêΓûêΓûêΓûêΓûêΓûêΓûêΓûêΓûêΓûêΓûêΓûêΓûêΓûêΓûêΓûÄ             | 1227/1914 [00:09<00:06, 109.78σà¼σÅ╕/s]
≡ƒôè roic Φ╢ïσè┐σêåµ₧É:  65%|ΓûêΓûêΓûêΓûêΓûêΓûêΓûêΓûêΓûêΓûêΓûêΓûêΓûêΓûêΓûêΓûêΓûêΓûêΓûêΓûêΓûêΓûêΓûêΓûêΓûî             | 1239/1914 [00:10<00:06, 108.22σà¼σÅ╕/s]
≡ƒôè roic Φ╢ïσè┐σêåµ₧É:  65%|ΓûêΓûêΓûêΓûêΓûêΓûêΓûêΓûêΓûêΓûêΓûêΓûêΓûêΓûêΓûêΓûêΓûêΓûêΓûêΓûêΓûêΓûêΓûêΓûêΓûè             | 1250/1914 [00:10<00:06, 107.19σà¼σÅ╕/s]
≡ƒôè roic Φ╢ïσè┐σêåµ₧É:  66%|ΓûêΓûêΓûêΓûêΓûêΓûêΓûêΓûêΓûêΓûêΓûêΓûêΓûêΓûêΓûêΓûêΓûêΓûêΓûêΓûêΓûêΓûêΓûêΓûêΓûêΓûï             | 1261/1914 [00:10<00:06, 97.28σà¼σÅ╕/s]
≡ƒôè roic Φ╢ïσè┐σêåµ₧É:  66%|ΓûêΓûêΓûêΓûêΓûêΓûêΓûêΓûêΓûêΓûêΓûêΓûêΓûêΓûêΓûêΓûêΓûêΓûêΓûêΓûêΓûêΓûêΓûêΓûêΓûêΓûë             | 1271/1914 [00:10<00:09, 69.70σà¼σÅ╕/s]
≡ƒôè roic Φ╢ïσè┐σêåµ₧É:  67%|ΓûêΓûêΓûêΓûêΓûêΓûêΓûêΓûêΓûêΓûêΓûêΓûêΓûêΓûêΓûêΓûêΓûêΓûêΓûêΓûêΓûêΓûêΓûêΓûêΓûêΓûê             | 1280/1914 [00:10<00:09, 64.76σà¼σÅ╕/s]
≡ƒôè roic Φ╢ïσè┐σêåµ₧É:  67%|ΓûêΓûêΓûêΓûêΓûêΓûêΓûêΓûêΓûêΓûêΓûêΓûêΓûêΓûêΓûêΓûêΓûêΓûêΓûêΓûêΓûêΓûêΓûêΓûêΓûêΓûêΓûÄ            | 1290/1914 [00:10<00:08, 71.14σà¼σÅ╕/s]
≡ƒôè roic Φ╢ïσè┐σêåµ₧É:  68%|ΓûêΓûêΓûêΓûêΓûêΓûêΓûêΓûêΓûêΓûêΓûêΓûêΓûêΓûêΓûêΓûêΓûêΓûêΓûêΓûêΓûêΓûêΓûêΓûêΓûêΓûêΓûì            | 1299/1914 [00:10<00:08, 75.07σà¼σÅ╕/s]
≡ƒôè roic Φ╢ïσè┐σêåµ₧É:  68%|ΓûêΓûêΓûêΓûêΓûêΓûêΓûêΓûêΓûêΓûêΓûêΓûêΓûêΓûêΓûêΓûêΓûêΓûêΓûêΓûêΓûêΓûêΓûêΓûêΓûêΓûêΓûï            | 1310/1914 [00:10<00:07, 82.29σà¼σÅ╕/s]
≡ƒôè roic Φ╢ïσè┐σêåµ₧É:  69%|ΓûêΓûêΓûêΓûêΓûêΓûêΓûêΓûêΓûêΓûêΓûêΓûêΓûêΓûêΓûêΓûêΓûêΓûêΓûêΓûêΓûêΓûêΓûêΓûêΓûêΓûêΓûë            | 1319/1914 [00:11<00:07, 77.99σà¼σÅ╕/s]
≡ƒôè roic Φ╢ïσè┐σêåµ₧É:  69%|ΓûêΓûêΓûêΓûêΓûêΓûêΓûêΓûêΓûêΓûêΓûêΓûêΓûêΓûêΓûêΓûêΓûêΓûêΓûêΓûêΓûêΓûêΓûêΓûêΓûêΓûêΓûê            | 1328/1914 [00:11<00:07, 79.93σà¼σÅ╕/s]
≡ƒôè roic Φ╢ïσè┐σêåµ₧É:  70%|ΓûêΓûêΓûêΓûêΓûêΓûêΓûêΓûêΓûêΓûêΓûêΓûêΓûêΓûêΓûêΓûêΓûêΓûêΓûêΓûêΓûêΓûêΓûêΓûêΓûêΓûêΓûêΓûÄ           | 1338/1914 [00:11<00:07, 81.80σà¼σÅ╕/s]
≡ƒôè roic Φ╢ïσè┐σêåµ₧É:  70%|ΓûêΓûêΓûêΓûêΓûêΓûêΓûêΓûêΓûêΓûêΓûêΓûêΓûêΓûêΓûêΓûêΓûêΓûêΓûêΓûêΓûêΓûêΓûêΓûêΓûêΓûêΓûêΓûì           | 1347/1914 [00:11<00:07, 80.94σà¼σÅ╕/s]
≡ƒôè roic Φ╢ïσè┐σêåµ₧É:  71%|ΓûêΓûêΓûêΓûêΓûêΓûêΓûêΓûêΓûêΓûêΓûêΓûêΓûêΓûêΓûêΓûêΓûêΓûêΓûêΓûêΓûêΓûêΓûêΓûêΓûêΓûêΓûêΓûï           | 1356/1914 [00:11<00:09, 56.42σà¼σÅ╕/s]
≡ƒôè roic Φ╢ïσè┐σêåµ₧É:  71%|ΓûêΓûêΓûêΓûêΓûêΓûêΓûêΓûêΓûêΓûêΓûêΓûêΓûêΓûêΓûêΓûêΓûêΓûêΓûêΓûêΓûêΓûêΓûêΓûêΓûêΓûêΓûêΓûè           | 1363/1914 [00:11<00:09, 56.52σà¼σÅ╕/s]
≡ƒôè roic Φ╢ïσè┐σêåµ₧É:  72%|ΓûêΓûêΓûêΓûêΓûêΓûêΓûêΓûêΓûêΓûêΓûêΓûêΓûêΓûêΓûêΓûêΓûêΓûêΓûêΓûêΓûêΓûêΓûêΓûêΓûêΓûêΓûêΓûë           | 1373/1914 [00:11<00:08, 65.99σà¼σÅ╕/s]
≡ƒôè roic Φ╢ïσè┐σêåµ₧É:  72%|ΓûêΓûêΓûêΓûêΓûêΓûêΓûêΓûêΓûêΓûêΓûêΓûêΓûêΓûêΓûêΓûêΓûêΓûêΓûêΓûêΓûêΓûêΓûêΓûêΓûêΓûêΓûêΓûêΓûÅ          | 1382/1914 [00:12<00:07, 71.34σà¼σÅ╕/s]
≡ƒôè roic Φ╢ïσè┐σêåµ₧É:  73%|ΓûêΓûêΓûêΓûêΓûêΓûêΓûêΓûêΓûêΓûêΓûêΓûêΓûêΓûêΓûêΓûêΓûêΓûêΓûêΓûêΓûêΓûêΓûêΓûêΓûêΓûêΓûêΓûêΓûì          | 1393/1914 [00:12<00:06, 79.87σà¼σÅ╕/s]
≡ƒôè roic Φ╢ïσè┐σêåµ₧É:  73%|ΓûêΓûêΓûêΓûêΓûêΓûêΓûêΓûêΓûêΓûêΓûêΓûêΓûêΓûêΓûêΓûêΓûêΓûêΓûêΓûêΓûêΓûêΓûêΓûêΓûêΓûêΓûêΓûêΓûî          | 1404/1914 [00:12<00:05, 87.76σà¼σÅ╕/s]
≡ƒôè roic Φ╢ïσè┐σêåµ₧É:  74%|ΓûêΓûêΓûêΓûêΓûêΓûêΓûêΓûêΓûêΓûêΓûêΓûêΓûêΓûêΓûêΓûêΓûêΓûêΓûêΓûêΓûêΓûêΓûêΓûêΓûêΓûêΓûêΓûêΓûè          | 1416/1914 [00:12<00:05, 96.54σà¼σÅ╕/s]
≡ƒôè roic Φ╢ïσè┐σêåµ₧É:  75%|ΓûêΓûêΓûêΓûêΓûêΓûêΓûêΓûêΓûêΓûêΓûêΓûêΓûêΓûêΓûêΓûêΓûêΓûêΓûêΓûêΓûêΓûêΓûêΓûêΓûêΓûêΓûêΓûêΓûÄ         | 1429/1914 [00:12<00:04, 105.50σà¼σÅ╕/s]
≡ƒôè roic Φ╢ïσè┐σêåµ₧É:  75%|ΓûêΓûêΓûêΓûêΓûêΓûêΓûêΓûêΓûêΓûêΓûêΓûêΓûêΓûêΓûêΓûêΓûêΓûêΓûêΓûêΓûêΓûêΓûêΓûêΓûêΓûêΓûêΓûêΓûî         | 1441/1914 [00:12<00:04, 107.66σà¼σÅ╕/s]
≡ƒôè roic Φ╢ïσè┐σêåµ₧É:  76%|ΓûêΓûêΓûêΓûêΓûêΓûêΓûêΓûêΓûêΓûêΓûêΓûêΓûêΓûêΓûêΓûêΓûêΓûêΓûêΓûêΓûêΓûêΓûêΓûêΓûêΓûêΓûêΓûêΓûë         | 1455/1914 [00:12<00:04, 113.02σà¼σÅ╕/s]
≡ƒôè roic Φ╢ïσè┐σêåµ₧É:  77%|ΓûêΓûêΓûêΓûêΓûêΓûêΓûêΓûêΓûêΓûêΓûêΓûêΓûêΓûêΓûêΓûêΓûêΓûêΓûêΓûêΓûêΓûêΓûêΓûêΓûêΓûêΓûêΓûêΓûêΓûÅ        | 1470/1914 [00:12<00:03, 120.01σà¼σÅ╕/s]
≡ƒôè roic Φ╢ïσè┐σêåµ₧É:  78%|ΓûêΓûêΓûêΓûêΓûêΓûêΓûêΓûêΓûêΓûêΓûêΓûêΓûêΓûêΓûêΓûêΓûêΓûêΓûêΓûêΓûêΓûêΓûêΓûêΓûêΓûêΓûêΓûêΓûêΓûì        | 1484/1914 [00:12<00:03, 124.24σà¼σÅ╕/s]
≡ƒôè roic Φ╢ïσè┐σêåµ₧É:  78%|ΓûêΓûêΓûêΓûêΓûêΓûêΓûêΓûêΓûêΓûêΓûêΓûêΓûêΓûêΓûêΓûêΓûêΓûêΓûêΓûêΓûêΓûêΓûêΓûêΓûêΓûêΓûêΓûêΓûêΓûï        | 1498/1914 [00:13<00:03, 126.71σà¼σÅ╕/s]
≡ƒôè roic Φ╢ïσè┐σêåµ₧É:  79%|ΓûêΓûêΓûêΓûêΓûêΓûêΓûêΓûêΓûêΓûêΓûêΓûêΓûêΓûêΓûêΓûêΓûêΓûêΓûêΓûêΓûêΓûêΓûêΓûêΓûêΓûêΓûêΓûêΓûêΓûê        | 1513/1914 [00:13<00:03, 131.51σà¼σÅ╕/s]
≡ƒôè roic Φ╢ïσè┐σêåµ₧É:  80%|ΓûêΓûêΓûêΓûêΓûêΓûêΓûêΓûêΓûêΓûêΓûêΓûêΓûêΓûêΓûêΓûêΓûêΓûêΓûêΓûêΓûêΓûêΓûêΓûêΓûêΓûêΓûêΓûêΓûêΓûêΓûÄ       | 1529/1914 [00:13<00:02, 134.83σà¼σÅ╕/s]
≡ƒôè roic Φ╢ïσè┐σêåµ₧É:  81%|ΓûêΓûêΓûêΓûêΓûêΓûêΓûêΓûêΓûêΓûêΓûêΓûêΓûêΓûêΓûêΓûêΓûêΓûêΓûêΓûêΓûêΓûêΓûêΓûêΓûêΓûêΓûêΓûêΓûêΓûêΓûï       | 1543/1914 [00:13<00:02, 131.58σà¼σÅ╕/s]
≡ƒôè roic Φ╢ïσè┐σêåµ₧É:  81%|ΓûêΓûêΓûêΓûêΓûêΓûêΓûêΓûêΓûêΓûêΓûêΓûêΓûêΓûêΓûêΓûêΓûêΓûêΓûêΓûêΓûêΓûêΓûêΓûêΓûêΓûêΓûêΓûêΓûêΓûêΓûë       | 1557/1914 [00:13<00:02, 133.93σà¼σÅ╕/s]
≡ƒôè roic Φ╢ïσè┐σêåµ₧É:  82%|ΓûêΓûêΓûêΓûêΓûêΓûêΓûêΓûêΓûêΓûêΓûêΓûêΓûêΓûêΓûêΓûêΓûêΓûêΓûêΓûêΓûêΓûêΓûêΓûêΓûêΓûêΓûêΓûêΓûêΓûêΓûêΓûÅ      | 1571/1914 [00:13<00:02, 131.88σà¼σÅ╕/s]
≡ƒôè roic Φ╢ïσè┐σêåµ₧É:  83%|ΓûêΓûêΓûêΓûêΓûêΓûêΓûêΓûêΓûêΓûêΓûêΓûêΓûêΓûêΓûêΓûêΓûêΓûêΓûêΓûêΓûêΓûêΓûêΓûêΓûêΓûêΓûêΓûêΓûêΓûêΓûêΓûì      | 1585/1914 [00:13<00:02, 132.64σà¼σÅ╕/s]
≡ƒôè roic Φ╢ïσè┐σêåµ₧É:  84%|ΓûêΓûêΓûêΓûêΓûêΓûêΓûêΓûêΓûêΓûêΓûêΓûêΓûêΓûêΓûêΓûêΓûêΓûêΓûêΓûêΓûêΓûêΓûêΓûêΓûêΓûêΓûêΓûêΓûêΓûêΓûêΓûï      | 1599/1914 [00:13<00:02, 134.73σà¼σÅ╕/s]
≡ƒôè roic Φ╢ïσè┐σêåµ₧É:  84%|ΓûêΓûêΓûêΓûêΓûêΓûêΓûêΓûêΓûêΓûêΓûêΓûêΓûêΓûêΓûêΓûêΓûêΓûêΓûêΓûêΓûêΓûêΓûêΓûêΓûêΓûêΓûêΓûêΓûêΓûêΓûêΓûê      | 1613/1914 [00:13<00:02, 133.97σà¼σÅ╕/s]
≡ƒôè roic Φ╢ïσè┐σêåµ₧É:  85%|ΓûêΓûêΓûêΓûêΓûêΓûêΓûêΓûêΓûêΓûêΓûêΓûêΓûêΓûêΓûêΓûêΓûêΓûêΓûêΓûêΓûêΓûêΓûêΓûêΓûêΓûêΓûêΓûêΓûêΓûêΓûêΓûêΓûÄ     | 1627/1914 [00:13<00:02, 135.69σà¼σÅ╕/s]
≡ƒôè roic Φ╢ïσè┐σêåµ₧É:  86%|ΓûêΓûêΓûêΓûêΓûêΓûêΓûêΓûêΓûêΓûêΓûêΓûêΓûêΓûêΓûêΓûêΓûêΓûêΓûêΓûêΓûêΓûêΓûêΓûêΓûêΓûêΓûêΓûêΓûêΓûêΓûêΓûêΓûî     | 1641/1914 [00:14<00:02, 135.43σà¼σÅ╕/s]
≡ƒôè roic Φ╢ïσè┐σêåµ₧É:  87%|ΓûêΓûêΓûêΓûêΓûêΓûêΓûêΓûêΓûêΓûêΓûêΓûêΓûêΓûêΓûêΓûêΓûêΓûêΓûêΓûêΓûêΓûêΓûêΓûêΓûêΓûêΓûêΓûêΓûêΓûêΓûêΓûêΓûë     | 1656/1914 [00:14<00:01, 139.58σà¼σÅ╕/s]
≡ƒôè roic Φ╢ïσè┐σêåµ₧É:  87%|ΓûêΓûêΓûêΓûêΓûêΓûêΓûêΓûêΓûêΓûêΓûêΓûêΓûêΓûêΓûêΓûêΓûêΓûêΓûêΓûêΓûêΓûêΓûêΓûêΓûêΓûêΓûêΓûêΓûêΓûêΓûêΓûêΓûêΓûÅ    | 1670/1914 [00:14<00:01, 136.38σà¼σÅ╕/s]
≡ƒôè roic Φ╢ïσè┐σêåµ₧É:  88%|ΓûêΓûêΓûêΓûêΓûêΓûêΓûêΓûêΓûêΓûêΓûêΓûêΓûêΓûêΓûêΓûêΓûêΓûêΓûêΓûêΓûêΓûêΓûêΓûêΓûêΓûêΓûêΓûêΓûêΓûêΓûêΓûêΓûêΓûì    | 1684/1914 [00:14<00:01, 132.32σà¼σÅ╕/s]
≡ƒôè roic Φ╢ïσè┐σêåµ₧É:  89%|ΓûêΓûêΓûêΓûêΓûêΓûêΓûêΓûêΓûêΓûêΓûêΓûêΓûêΓûêΓûêΓûêΓûêΓûêΓûêΓûêΓûêΓûêΓûêΓûêΓûêΓûêΓûêΓûêΓûêΓûêΓûêΓûêΓûêΓûï    | 1699/1914 [00:14<00:01, 133.10σà¼σÅ╕/s]
≡ƒôè roic Φ╢ïσè┐σêåµ₧É:  89%|ΓûêΓûêΓûêΓûêΓûêΓûêΓûêΓûêΓûêΓûêΓûêΓûêΓûêΓûêΓûêΓûêΓûêΓûêΓûêΓûêΓûêΓûêΓûêΓûêΓûêΓûêΓûêΓûêΓûêΓûêΓûêΓûêΓûêΓûê    | 1713/1914 [00:14<00:01, 133.41σà¼σÅ╕/s]
≡ƒôè roic Φ╢ïσè┐σêåµ₧É:  90%|ΓûêΓûêΓûêΓûêΓûêΓûêΓûêΓûêΓûêΓûêΓûêΓûêΓûêΓûêΓûêΓûêΓûêΓûêΓûêΓûêΓûêΓûêΓûêΓûêΓûêΓûêΓûêΓûêΓûêΓûêΓûêΓûêΓûêΓûêΓûÄ   | 1727/1914 [00:14<00:01, 131.94σà¼σÅ╕/s]
≡ƒôè roic Φ╢ïσè┐σêåµ₧É:  91%|ΓûêΓûêΓûêΓûêΓûêΓûêΓûêΓûêΓûêΓûêΓûêΓûêΓûêΓûêΓûêΓûêΓûêΓûêΓûêΓûêΓûêΓûêΓûêΓûêΓûêΓûêΓûêΓûêΓûêΓûêΓûêΓûêΓûêΓûêΓûî   | 1741/1914 [00:14<00:01, 132.27σà¼σÅ╕/s]
≡ƒôè roic Φ╢ïσè┐σêåµ₧É:  92%|ΓûêΓûêΓûêΓûêΓûêΓûêΓûêΓûêΓûêΓûêΓûêΓûêΓûêΓûêΓûêΓûêΓûêΓûêΓûêΓûêΓûêΓûêΓûêΓûêΓûêΓûêΓûêΓûêΓûêΓûêΓûêΓûêΓûêΓûêΓûè   | 1755/1914 [00:14<00:01, 128.52σà¼σÅ╕/s]
≡ƒôè roic Φ╢ïσè┐σêåµ₧É:  92%|ΓûêΓûêΓûêΓûêΓûêΓûêΓûêΓûêΓûêΓûêΓûêΓûêΓûêΓûêΓûêΓûêΓûêΓûêΓûêΓûêΓûêΓûêΓûêΓûêΓûêΓûêΓûêΓûêΓûêΓûêΓûêΓûêΓûêΓûêΓûê   | 1768/1914 [00:15<00:01, 125.99σà¼σÅ╕/s]
≡ƒôè roic Φ╢ïσè┐σêåµ₧É:  93%|ΓûêΓûêΓûêΓûêΓûêΓûêΓûêΓûêΓûêΓûêΓûêΓûêΓûêΓûêΓûêΓûêΓûêΓûêΓûêΓûêΓûêΓûêΓûêΓûêΓûêΓûêΓûêΓûêΓûêΓûêΓûêΓûêΓûêΓûêΓûêΓûÄ  | 1781/1914 [00:15<00:01, 123.70σà¼σÅ╕/s]
≡ƒôè roic Φ╢ïσè┐σêåµ₧É:  94%|ΓûêΓûêΓûêΓûêΓûêΓûêΓûêΓûêΓûêΓûêΓûêΓûêΓûêΓûêΓûêΓûêΓûêΓûêΓûêΓûêΓûêΓûêΓûêΓûêΓûêΓûêΓûêΓûêΓûêΓûêΓûêΓûêΓûêΓûêΓûêΓûî  | 1794/1914 [00:15<00:00, 123.96σà¼σÅ╕/s]
≡ƒôè roic Φ╢ïσè┐σêåµ₧É:  94%|ΓûêΓûêΓûêΓûêΓûêΓûêΓûêΓûêΓûêΓûêΓûêΓûêΓûêΓûêΓûêΓûêΓûêΓûêΓûêΓûêΓûêΓûêΓûêΓûêΓûêΓûêΓûêΓûêΓûêΓûêΓûêΓûêΓûêΓûêΓûêΓûë  | 1808/1914 [00:15<00:00, 127.43σà¼σÅ╕/s]
≡ƒôè roic Φ╢ïσè┐σêåµ₧É:  95%|ΓûêΓûêΓûêΓûêΓûêΓûêΓûêΓûêΓûêΓûêΓûêΓûêΓûêΓûêΓûêΓûêΓûêΓûêΓûêΓûêΓûêΓûêΓûêΓûêΓûêΓûêΓûêΓûêΓûêΓûêΓûêΓûêΓûêΓûêΓûêΓûêΓûÅ | 1822/1914 [00:15<00:00, 130.05σà¼σÅ╕/s]
≡ƒôè roic Φ╢ïσè┐σêåµ₧É:  96%|ΓûêΓûêΓûêΓûêΓûêΓûêΓûêΓûêΓûêΓûêΓûêΓûêΓûêΓûêΓûêΓûêΓûêΓûêΓûêΓûêΓûêΓûêΓûêΓûêΓûêΓûêΓûêΓûêΓûêΓûêΓûêΓûêΓûêΓûêΓûêΓûêΓûì | 1836/1914 [00:15<00:00, 130.27σà¼σÅ╕/s]
≡ƒôè roic Φ╢ïσè┐σêåµ₧É:  97%|ΓûêΓûêΓûêΓûêΓûêΓûêΓûêΓûêΓûêΓûêΓûêΓûêΓûêΓûêΓûêΓûêΓûêΓûêΓûêΓûêΓûêΓûêΓûêΓûêΓûêΓûêΓûêΓûêΓûêΓûêΓûêΓûêΓûêΓûêΓûêΓûêΓûï | 1850/1914 [00:15<00:00, 131.21σà¼σÅ╕/s]
≡ƒôè roic Φ╢ïσè┐σêåµ₧É:  97%|ΓûêΓûêΓûêΓûêΓûêΓûêΓûêΓûêΓûêΓûêΓûêΓûêΓûêΓûêΓûêΓûêΓûêΓûêΓûêΓûêΓûêΓûêΓûêΓûêΓûêΓûêΓûêΓûêΓûêΓûêΓûêΓûêΓûêΓûêΓûêΓûêΓûê | 1864/1914 [00:15<00:00, 128.21σà¼σÅ╕/s]
≡ƒôè roic Φ╢ïσè┐σêåµ₧É:  98%|ΓûêΓûêΓûêΓûêΓûêΓûêΓûêΓûêΓûêΓûêΓûêΓûêΓûêΓûêΓûêΓûêΓûêΓûêΓûêΓûêΓûêΓûêΓûêΓûêΓûêΓûêΓûêΓûêΓûêΓûêΓûêΓûêΓûêΓûêΓûêΓûêΓûêΓûÄ| 1877/1914 [00:15<00:00, 121.33σà¼σÅ╕/s]
≡ƒôè roic Φ╢ïσè┐σêåµ₧É:  99%|ΓûêΓûêΓûêΓûêΓûêΓûêΓûêΓûêΓûêΓûêΓûêΓûêΓûêΓûêΓûêΓûêΓûêΓûêΓûêΓûêΓûêΓûêΓûêΓûêΓûêΓûêΓûêΓûêΓûêΓûêΓûêΓûêΓûêΓûêΓûêΓûêΓûêΓûî| 1890/1914 [00:16<00:00, 121.64σà¼σÅ╕/s]
≡ƒôè roic Φ╢ïσè┐σêåµ₧É:  99%|ΓûêΓûêΓûêΓûêΓûêΓûêΓûêΓûêΓûêΓûêΓûêΓûêΓûêΓûêΓûêΓûêΓûêΓûêΓûêΓûêΓûêΓûêΓûêΓûêΓûêΓûêΓûêΓûêΓûêΓûêΓûêΓûêΓûêΓûêΓûêΓûêΓûêΓûè| 1903/1914 [00:16<00:00, 122.76σà¼σÅ╕/s]
≡ƒôè roic Φ╢ïσè┐σêåµ₧É: 100%|ΓûêΓûêΓûêΓûêΓûêΓûêΓûêΓûêΓûêΓûêΓûêΓûêΓûêΓûêΓûêΓûêΓûêΓûêΓûêΓûêΓûêΓûêΓûêΓûêΓûêΓûêΓûêΓûêΓûêΓûêΓûêΓûêΓûêΓûêΓûêΓûêΓûêΓûê| 1914/1914 [00:16<00:00, 118.11σà¼σÅ╕/s]
2025-12-08 15:34:01,962 - INFO -   Γ£à µû╣µ│ò analyze_metric_trend µëºΦíîσ«îµêÉ
[12/08/25 15:34:01] INFO       Γ£à µû╣µ│ò analyze_metric_trend kedro_engine.py:365
                             µëºΦíîσ«îµêÉ                                          
2025-12-08 15:34:01,966 - INFO - ≡ƒÄ» µû╣µ│òσ║ÅσêùµëºΦíîσ«îµêÉ∩╝îσà▒ 1 Σ╕¬µû╣µ│ò
                    INFO     ≡ƒÄ» µû╣µ│òσ║ÅσêùµëºΦíîσ«îµêÉ∩╝îσà▒ 1      kedro_engine.py:366
                             Σ╕¬µû╣µ│ò                                            
                    INFO     [PLUGIN] <- node Analyze_ROIC_Trend loggers.py:308
                             duration=16.40796870016493s                       
                             cached=False                                      
                    INFO     Γ£à Φèéτé╣σ«îµêÉ:                 prefect_engine.py:616
                             Analyze_ROIC_Trend ->                             
                             ['Analyze_ROIC_Trend__ROIC_T                      
                             rend_Result']                                     
[12/08/25 15:34:02] INFO     Finished in state Completed()   task_engine.py:292
[12/08/25 15:34:03] WARNING  Concurrency limits                 _asyncio.py:111
                             ['tag:kedro-node'] do not exist -                 
                             skipping acquisition.                             
                    INFO     ≡ƒÜÇ µëºΦíîKedroΦèéτé╣:            prefect_engine.py:548
                             Analyze_Revenue_Trend                             
2025-12-08 15:34:03,806 - INFO - ≡ƒöä µëºΦíîµû╣µ│òσ║Åσêù: ['analyze_metric_trend']
                    INFO     ≡ƒöä µëºΦíîµû╣µ│òσ║Åσêù:               kedro_engine.py:292
                             ['analyze_metric_trend']                          
                    INFO     [PLUGIN] -> node                    loggers.py:308
                             Analyze_Revenue_Trend inputs=1                    
2025-12-08 15:34:03,811 - INFO -   ΓÜí µëºΦíîµû╣µ│ò 1/1: analyze_metric_trend
                    INFO       ΓÜí µëºΦíîµû╣µ│ò 1/1:             kedro_engine.py:303
                             analyze_metric_trend                              

≡ƒôè total_revenue_ps Φ╢ïσè┐σêåµ₧É:   0%|                                      | 0/1914 [00:00<?, ?σà¼σÅ╕/s]
≡ƒôè total_revenue_ps Φ╢ïσè┐σêåµ₧É:   1%|ΓûÅ                           | 12/1914 [00:00<00:16, 114.71σà¼σÅ╕/s]
≡ƒôè total_revenue_ps Φ╢ïσè┐σêåµ₧É:   1%|ΓûÄ                           | 24/1914 [00:00<00:17, 108.37σà¼σÅ╕/s]
≡ƒôè total_revenue_ps Φ╢ïσè┐σêåµ₧É:   2%|Γûî                           | 36/1914 [00:00<00:17, 107.77σà¼σÅ╕/s]
≡ƒôè total_revenue_ps Φ╢ïσè┐σêåµ₧É:   2%|Γûï                           | 47/1914 [00:00<00:17, 106.20σà¼σÅ╕/s]
≡ƒôè total_revenue_ps Φ╢ïσè┐σêåµ₧É:   3%|Γûè                           | 58/1914 [00:00<00:17, 106.34σà¼σÅ╕/s]
≡ƒôè total_revenue_ps Φ╢ïσè┐σêåµ₧É:   4%|Γûê                           | 71/1914 [00:00<00:16, 112.60σà¼σÅ╕/s]
≡ƒôè total_revenue_ps Φ╢ïσè┐σêåµ₧É:   4%|ΓûêΓûÅ                          | 85/1914 [00:00<00:15, 119.22σà¼σÅ╕/s]
≡ƒôè total_revenue_ps Φ╢ïσè┐σêåµ₧É:   5%|ΓûêΓûì                          | 97/1914 [00:00<00:15, 118.88σà¼σÅ╕/s]
≡ƒôè total_revenue_ps Φ╢ïσè┐σêåµ₧É:   6%|ΓûêΓûî                         | 111/1914 [00:00<00:14, 123.00σà¼σÅ╕/s]
≡ƒôè total_revenue_ps Φ╢ïσè┐σêåµ₧É:   6%|ΓûêΓûï                         | 124/1914 [00:01<00:14, 121.39σà¼σÅ╕/s]
≡ƒôè total_revenue_ps Φ╢ïσè┐σêåµ₧É:   7%|ΓûêΓûë                         | 137/1914 [00:01<00:14, 119.05σà¼σÅ╕/s]
≡ƒôè total_revenue_ps Φ╢ïσè┐σêåµ₧É:   8%|ΓûêΓûê                         | 149/1914 [00:01<00:15, 116.49σà¼σÅ╕/s]
≡ƒôè total_revenue_ps Φ╢ïσè┐σêåµ₧É:   8%|ΓûêΓûêΓûÄ                        | 161/1914 [00:01<00:15, 115.09σà¼σÅ╕/s]
≡ƒôè total_revenue_ps Φ╢ïσè┐σêåµ₧É:   9%|ΓûêΓûêΓûì                        | 173/1914 [00:01<00:15, 112.22σà¼σÅ╕/s]
≡ƒôè total_revenue_ps Φ╢ïσè┐σêåµ₧É:  10%|ΓûêΓûêΓûî                        | 185/1914 [00:01<00:15, 111.05σà¼σÅ╕/s]
≡ƒôè total_revenue_ps Φ╢ïσè┐σêåµ₧É:  10%|ΓûêΓûêΓûë                         | 197/1914 [00:01<00:18, 94.83σà¼σÅ╕/s]
≡ƒôè total_revenue_ps Φ╢ïσè┐σêåµ₧É:  11%|ΓûêΓûêΓûê                         | 207/1914 [00:01<00:19, 87.70σà¼σÅ╕/s]
≡ƒôè total_revenue_ps Φ╢ïσè┐σêåµ₧É:  11%|ΓûêΓûêΓûêΓûÅ                        | 220/1914 [00:02<00:17, 96.44σà¼σÅ╕/s]
≡ƒôè total_revenue_ps Φ╢ïσè┐σêåµ₧É:  12%|ΓûêΓûêΓûêΓûÄ                       | 233/1914 [00:02<00:16, 104.11σà¼σÅ╕/s]
≡ƒôè total_revenue_ps Φ╢ïσè┐σêåµ₧É:  13%|ΓûêΓûêΓûêΓûì                       | 246/1914 [00:02<00:15, 109.95σà¼σÅ╕/s]
≡ƒôè total_revenue_ps Φ╢ïσè┐σêåµ₧É:  14%|ΓûêΓûêΓûêΓûï                       | 259/1914 [00:02<00:14, 114.54σà¼σÅ╕/s]
≡ƒôè total_revenue_ps Φ╢ïσè┐σêåµ₧É:  14%|ΓûêΓûêΓûêΓûè                       | 271/1914 [00:02<00:14, 116.05σà¼σÅ╕/s]
≡ƒôè total_revenue_ps Φ╢ïσè┐σêåµ₧É:  15%|ΓûêΓûêΓûêΓûêΓûÅ                       | 283/1914 [00:02<00:17, 95.33σà¼σÅ╕/s]
≡ƒôè total_revenue_ps Φ╢ïσè┐σêåµ₧É:  15%|ΓûêΓûêΓûêΓûêΓûÄ                       | 294/1914 [00:02<00:16, 96.68σà¼σÅ╕/s]
≡ƒôè total_revenue_ps Φ╢ïσè┐σêåµ₧É:  16%|ΓûêΓûêΓûêΓûêΓûÄ                      | 306/1914 [00:02<00:15, 102.61σà¼σÅ╕/s]
≡ƒôè total_revenue_ps Φ╢ïσè┐σêåµ₧É:  17%|ΓûêΓûêΓûêΓûêΓûî                      | 319/1914 [00:02<00:14, 108.74σà¼σÅ╕/s]
≡ƒôè total_revenue_ps Φ╢ïσè┐σêåµ₧É:  17%|ΓûêΓûêΓûêΓûêΓûï                      | 333/1914 [00:03<00:13, 115.47σà¼σÅ╕/s]
≡ƒôè total_revenue_ps Φ╢ïσè┐σêåµ₧É:  18%|ΓûêΓûêΓûêΓûêΓûë                      | 346/1914 [00:03<00:13, 119.51σà¼σÅ╕/s]
≡ƒôè total_revenue_ps Φ╢ïσè┐σêåµ₧É:  19%|ΓûêΓûêΓûêΓûêΓûê                      | 361/1914 [00:03<00:12, 125.75σà¼σÅ╕/s]
≡ƒôè total_revenue_ps Φ╢ïσè┐σêåµ₧É:  20%|ΓûêΓûêΓûêΓûêΓûêΓûÄ                     | 376/1914 [00:03<00:11, 131.17σà¼σÅ╕/s]
≡ƒôè total_revenue_ps Φ╢ïσè┐σêåµ₧É:  20%|ΓûêΓûêΓûêΓûêΓûêΓûî                     | 390/1914 [00:03<00:11, 133.23σà¼σÅ╕/s]
≡ƒôè total_revenue_ps Φ╢ïσè┐σêåµ₧É:  21%|ΓûêΓûêΓûêΓûêΓûêΓûï                     | 404/1914 [00:03<00:11, 131.50σà¼σÅ╕/s]
≡ƒôè total_revenue_ps Φ╢ïσè┐σêåµ₧É:  22%|ΓûêΓûêΓûêΓûêΓûêΓûë                     | 418/1914 [00:03<00:11, 130.67σà¼σÅ╕/s]
≡ƒôè total_revenue_ps Φ╢ïσè┐σêåµ₧É:  23%|ΓûêΓûêΓûêΓûêΓûêΓûê                     | 432/1914 [00:03<00:11, 132.10σà¼σÅ╕/s]
≡ƒôè total_revenue_ps Φ╢ïσè┐σêåµ₧É:  23%|ΓûêΓûêΓûêΓûêΓûêΓûêΓûÄ                    | 446/1914 [00:03<00:10, 133.95σà¼σÅ╕/s]
≡ƒôè total_revenue_ps Φ╢ïσè┐σêåµ₧É:  24%|ΓûêΓûêΓûêΓûêΓûêΓûêΓûî                    | 461/1914 [00:03<00:10, 134.81σà¼σÅ╕/s]
≡ƒôè total_revenue_ps Φ╢ïσè┐σêåµ₧É:  25%|ΓûêΓûêΓûêΓûêΓûêΓûêΓûï                    | 476/1914 [00:04<00:10, 137.32σà¼σÅ╕/s]
≡ƒôè total_revenue_ps Φ╢ïσè┐σêåµ₧É:  26%|ΓûêΓûêΓûêΓûêΓûêΓûêΓûë                    | 490/1914 [00:04<00:10, 137.85σà¼σÅ╕/s]
≡ƒôè total_revenue_ps Φ╢ïσè┐σêåµ₧É:  26%|ΓûêΓûêΓûêΓûêΓûêΓûêΓûê                    | 504/1914 [00:04<00:10, 138.45σà¼σÅ╕/s]
≡ƒôè total_revenue_ps Φ╢ïσè┐σêåµ₧É:  27%|ΓûêΓûêΓûêΓûêΓûêΓûêΓûêΓûÄ                   | 518/1914 [00:04<00:10, 134.91σà¼σÅ╕/s]
≡ƒôè total_revenue_ps Φ╢ïσè┐σêåµ₧É:  28%|ΓûêΓûêΓûêΓûêΓûêΓûêΓûêΓûî                   | 532/1914 [00:04<00:10, 131.24σà¼σÅ╕/s]
≡ƒôè total_revenue_ps Φ╢ïσè┐σêåµ₧É:  29%|ΓûêΓûêΓûêΓûêΓûêΓûêΓûêΓûï                   | 546/1914 [00:04<00:10, 129.86σà¼σÅ╕/s]
≡ƒôè total_revenue_ps Φ╢ïσè┐σêåµ₧É:  29%|ΓûêΓûêΓûêΓûêΓûêΓûêΓûêΓûë                   | 560/1914 [00:04<00:10, 131.95σà¼σÅ╕/s]
≡ƒôè total_revenue_ps Φ╢ïσè┐σêåµ₧É:  30%|ΓûêΓûêΓûêΓûêΓûêΓûêΓûêΓûê                   | 575/1914 [00:04<00:09, 135.05σà¼σÅ╕/s]
≡ƒôè total_revenue_ps Φ╢ïσè┐σêåµ₧É:  31%|ΓûêΓûêΓûêΓûêΓûêΓûêΓûêΓûêΓûÄ                  | 589/1914 [00:04<00:09, 135.19σà¼σÅ╕/s]
≡ƒôè total_revenue_ps Φ╢ïσè┐σêåµ₧É:  32%|ΓûêΓûêΓûêΓûêΓûêΓûêΓûêΓûêΓûè                   | 603/1914 [00:05<00:13, 96.94σà¼σÅ╕/s]
≡ƒôè total_revenue_ps Φ╢ïσè┐σêåµ₧É:  32%|ΓûêΓûêΓûêΓûêΓûêΓûêΓûêΓûêΓûë                   | 615/1914 [00:05<00:14, 91.12σà¼σÅ╕/s]
≡ƒôè total_revenue_ps Φ╢ïσè┐σêåµ₧É:  33%|ΓûêΓûêΓûêΓûêΓûêΓûêΓûêΓûêΓûêΓûÅ                  | 627/1914 [00:05<00:13, 97.55σà¼σÅ╕/s]
≡ƒôè total_revenue_ps Φ╢ïσè┐σêåµ₧É:  33%|ΓûêΓûêΓûêΓûêΓûêΓûêΓûêΓûêΓûêΓûÄ                  | 638/1914 [00:05<00:13, 96.63σà¼σÅ╕/s]
≡ƒôè total_revenue_ps Φ╢ïσè┐σêåµ₧É:  34%|ΓûêΓûêΓûêΓûêΓûêΓûêΓûêΓûêΓûêΓûì                  | 649/1914 [00:05<00:12, 99.15σà¼σÅ╕/s]
≡ƒôè total_revenue_ps Φ╢ïσè┐σêåµ₧É:  35%|ΓûêΓûêΓûêΓûêΓûêΓûêΓûêΓûêΓûêΓûÄ                 | 661/1914 [00:05<00:12, 101.94σà¼σÅ╕/s]
≡ƒôè total_revenue_ps Φ╢ïσè┐σêåµ₧É:  35%|ΓûêΓûêΓûêΓûêΓûêΓûêΓûêΓûêΓûêΓûì                 | 672/1914 [00:05<00:12, 100.78σà¼σÅ╕/s]
≡ƒôè total_revenue_ps Φ╢ïσè┐σêåµ₧É:  36%|ΓûêΓûêΓûêΓûêΓûêΓûêΓûêΓûêΓûêΓûë                  | 683/1914 [00:06<00:12, 96.34σà¼σÅ╕/s]
≡ƒôè total_revenue_ps Φ╢ïσè┐σêåµ₧É:  36%|ΓûêΓûêΓûêΓûêΓûêΓûêΓûêΓûêΓûêΓûêΓûÅ                 | 694/1914 [00:06<00:12, 98.58σà¼σÅ╕/s]
≡ƒôè total_revenue_ps Φ╢ïσè┐σêåµ₧É:  37%|ΓûêΓûêΓûêΓûêΓûêΓûêΓûêΓûêΓûêΓûë                 | 706/1914 [00:06<00:11, 102.33σà¼σÅ╕/s]
≡ƒôè total_revenue_ps Φ╢ïσè┐σêåµ₧É:  38%|ΓûêΓûêΓûêΓûêΓûêΓûêΓûêΓûêΓûêΓûêΓûÅ                | 718/1914 [00:06<00:11, 106.49σà¼σÅ╕/s]
≡ƒôè total_revenue_ps Φ╢ïσè┐σêåµ₧É:  38%|ΓûêΓûêΓûêΓûêΓûêΓûêΓûêΓûêΓûêΓûêΓûÄ                | 729/1914 [00:06<00:11, 106.56σà¼σÅ╕/s]
≡ƒôè total_revenue_ps Φ╢ïσè┐σêåµ₧É:  39%|ΓûêΓûêΓûêΓûêΓûêΓûêΓûêΓûêΓûêΓûêΓûì                | 740/1914 [00:06<00:11, 105.51σà¼σÅ╕/s]
≡ƒôè total_revenue_ps Φ╢ïσè┐σêåµ₧É:  39%|ΓûêΓûêΓûêΓûêΓûêΓûêΓûêΓûêΓûêΓûêΓûî                | 752/1914 [00:06<00:10, 109.60σà¼σÅ╕/s]
≡ƒôè total_revenue_ps Φ╢ïσè┐σêåµ₧É:  40%|ΓûêΓûêΓûêΓûêΓûêΓûêΓûêΓûêΓûêΓûêΓûè                | 765/1914 [00:06<00:10, 113.58σà¼σÅ╕/s]
≡ƒôè total_revenue_ps Φ╢ïσè┐σêåµ₧É:  41%|ΓûêΓûêΓûêΓûêΓûêΓûêΓûêΓûêΓûêΓûêΓûë                | 778/1914 [00:06<00:09, 114.93σà¼σÅ╕/s]
≡ƒôè total_revenue_ps Φ╢ïσè┐σêåµ₧É:  41%|ΓûêΓûêΓûêΓûêΓûêΓûêΓûêΓûêΓûêΓûêΓûêΓûÅ               | 790/1914 [00:06<00:09, 114.17σà¼σÅ╕/s]
≡ƒôè total_revenue_ps Φ╢ïσè┐σêåµ₧É:  42%|ΓûêΓûêΓûêΓûêΓûêΓûêΓûêΓûêΓûêΓûêΓûêΓûÄ               | 803/1914 [00:07<00:09, 117.62σà¼σÅ╕/s]
≡ƒôè total_revenue_ps Φ╢ïσè┐σêåµ₧É:  43%|ΓûêΓûêΓûêΓûêΓûêΓûêΓûêΓûêΓûêΓûêΓûêΓûî               | 816/1914 [00:07<00:09, 120.44σà¼σÅ╕/s]
≡ƒôè total_revenue_ps Φ╢ïσè┐σêåµ₧É:  43%|ΓûêΓûêΓûêΓûêΓûêΓûêΓûêΓûêΓûêΓûêΓûêΓûï               | 829/1914 [00:07<00:08, 122.28σà¼σÅ╕/s]
≡ƒôè total_revenue_ps Φ╢ïσè┐σêåµ₧É:  44%|ΓûêΓûêΓûêΓûêΓûêΓûêΓûêΓûêΓûêΓûêΓûêΓûë               | 843/1914 [00:07<00:08, 124.75σà¼σÅ╕/s]
≡ƒôè total_revenue_ps Φ╢ïσè┐σêåµ₧É:  45%|ΓûêΓûêΓûêΓûêΓûêΓûêΓûêΓûêΓûêΓûêΓûêΓûê               | 856/1914 [00:07<00:08, 125.73σà¼σÅ╕/s]
≡ƒôè total_revenue_ps Φ╢ïσè┐σêåµ₧É:  45%|ΓûêΓûêΓûêΓûêΓûêΓûêΓûêΓûêΓûêΓûêΓûêΓûêΓûÄ              | 869/1914 [00:07<00:09, 114.83σà¼σÅ╕/s]
≡ƒôè total_revenue_ps Φ╢ïσè┐σêåµ₧É:  46%|ΓûêΓûêΓûêΓûêΓûêΓûêΓûêΓûêΓûêΓûêΓûêΓûêΓûì              | 882/1914 [00:07<00:08, 117.72σà¼σÅ╕/s]
≡ƒôè total_revenue_ps Φ╢ïσè┐σêåµ₧É:  47%|ΓûêΓûêΓûêΓûêΓûêΓûêΓûêΓûêΓûêΓûêΓûêΓûêΓûï              | 896/1914 [00:07<00:08, 121.99σà¼σÅ╕/s]
≡ƒôè total_revenue_ps Φ╢ïσè┐σêåµ₧É:  47%|ΓûêΓûêΓûêΓûêΓûêΓûêΓûêΓûêΓûêΓûêΓûêΓûêΓûè              | 909/1914 [00:07<00:08, 122.66σà¼σÅ╕/s]
≡ƒôè total_revenue_ps Φ╢ïσè┐σêåµ₧É:  48%|ΓûêΓûêΓûêΓûêΓûêΓûêΓûêΓûêΓûêΓûêΓûêΓûêΓûê              | 923/1914 [00:08<00:07, 125.49σà¼σÅ╕/s]
≡ƒôè total_revenue_ps Φ╢ïσè┐σêåµ₧É:  49%|ΓûêΓûêΓûêΓûêΓûêΓûêΓûêΓûêΓûêΓûêΓûêΓûêΓûêΓûÅ             | 937/1914 [00:08<00:07, 129.34σà¼σÅ╕/s]
≡ƒôè total_revenue_ps Φ╢ïσè┐σêåµ₧É:  50%|ΓûêΓûêΓûêΓûêΓûêΓûêΓûêΓûêΓûêΓûêΓûêΓûêΓûêΓûì             | 950/1914 [00:08<00:07, 128.71σà¼σÅ╕/s]
≡ƒôè total_revenue_ps Φ╢ïσè┐σêåµ₧É:  50%|ΓûêΓûêΓûêΓûêΓûêΓûêΓûêΓûêΓûêΓûêΓûêΓûêΓûêΓûî             | 964/1914 [00:08<00:07, 131.57σà¼σÅ╕/s]
≡ƒôè total_revenue_ps Φ╢ïσè┐σêåµ₧É:  51%|ΓûêΓûêΓûêΓûêΓûêΓûêΓûêΓûêΓûêΓûêΓûêΓûêΓûêΓûè             | 978/1914 [00:08<00:07, 128.08σà¼σÅ╕/s]
≡ƒôè total_revenue_ps Φ╢ïσè┐σêåµ₧É:  52%|ΓûêΓûêΓûêΓûêΓûêΓûêΓûêΓûêΓûêΓûêΓûêΓûêΓûêΓûë             | 991/1914 [00:08<00:07, 120.98σà¼σÅ╕/s]
≡ƒôè total_revenue_ps Φ╢ïσè┐σêåµ₧É:  52%|ΓûêΓûêΓûêΓûêΓûêΓûêΓûêΓûêΓûêΓûêΓûêΓûêΓûêΓûï            | 1004/1914 [00:08<00:07, 119.52σà¼σÅ╕/s]
≡ƒôè total_revenue_ps Φ╢ïσè┐σêåµ₧É:  53%|ΓûêΓûêΓûêΓûêΓûêΓûêΓûêΓûêΓûêΓûêΓûêΓûêΓûêΓûè            | 1017/1914 [00:08<00:07, 118.44σà¼σÅ╕/s]
≡ƒôè total_revenue_ps Φ╢ïσè┐σêåµ₧É:  54%|ΓûêΓûêΓûêΓûêΓûêΓûêΓûêΓûêΓûêΓûêΓûêΓûêΓûêΓûë            | 1029/1914 [00:08<00:07, 117.77σà¼σÅ╕/s]
≡ƒôè total_revenue_ps Φ╢ïσè┐σêåµ₧É:  54%|ΓûêΓûêΓûêΓûêΓûêΓûêΓûêΓûêΓûêΓûêΓûêΓûêΓûêΓûêΓûÅ           | 1041/1914 [00:09<00:07, 116.96σà¼σÅ╕/s]
≡ƒôè total_revenue_ps Φ╢ïσè┐σêåµ₧É:  55%|ΓûêΓûêΓûêΓûêΓûêΓûêΓûêΓûêΓûêΓûêΓûêΓûêΓûêΓûêΓûÄ           | 1054/1914 [00:09<00:07, 118.63σà¼σÅ╕/s]
≡ƒôè total_revenue_ps Φ╢ïσè┐σêåµ₧É:  56%|ΓûêΓûêΓûêΓûêΓûêΓûêΓûêΓûêΓûêΓûêΓûêΓûêΓûêΓûêΓûî           | 1068/1914 [00:09<00:07, 120.65σà¼σÅ╕/s]
≡ƒôè total_revenue_ps Φ╢ïσè┐σêåµ₧É:  57%|ΓûêΓûêΓûêΓûêΓûêΓûêΓûêΓûêΓûêΓûêΓûêΓûêΓûêΓûêΓûï           | 1082/1914 [00:09<00:06, 124.29σà¼σÅ╕/s]
≡ƒôè total_revenue_ps Φ╢ïσè┐σêåµ₧É:  57%|ΓûêΓûêΓûêΓûêΓûêΓûêΓûêΓûêΓûêΓûêΓûêΓûêΓûêΓûêΓûë           | 1096/1914 [00:09<00:06, 127.83σà¼σÅ╕/s]
≡ƒôè total_revenue_ps Φ╢ïσè┐σêåµ₧É:  58%|ΓûêΓûêΓûêΓûêΓûêΓûêΓûêΓûêΓûêΓûêΓûêΓûêΓûêΓûêΓûê           | 1110/1914 [00:09<00:06, 128.60σà¼σÅ╕/s]
≡ƒôè total_revenue_ps Φ╢ïσè┐σêåµ₧É:  59%|ΓûêΓûêΓûêΓûêΓûêΓûêΓûêΓûêΓûêΓûêΓûêΓûêΓûêΓûêΓûêΓûÄ          | 1124/1914 [00:09<00:06, 129.28σà¼σÅ╕/s]
≡ƒôè total_revenue_ps Φ╢ïσè┐σêåµ₧É:  59%|ΓûêΓûêΓûêΓûêΓûêΓûêΓûêΓûêΓûêΓûêΓûêΓûêΓûêΓûêΓûêΓûì          | 1138/1914 [00:09<00:05, 130.13σà¼σÅ╕/s]
≡ƒôè total_revenue_ps Φ╢ïσè┐σêåµ₧É:  60%|ΓûêΓûêΓûêΓûêΓûêΓûêΓûêΓûêΓûêΓûêΓûêΓûêΓûêΓûêΓûêΓûï          | 1152/1914 [00:09<00:05, 131.49σà¼σÅ╕/s]
≡ƒôè total_revenue_ps Φ╢ïσè┐σêåµ₧É:  61%|ΓûêΓûêΓûêΓûêΓûêΓûêΓûêΓûêΓûêΓûêΓûêΓûêΓûêΓûêΓûêΓûè          | 1166/1914 [00:09<00:05, 133.89σà¼σÅ╕/s]
≡ƒôè total_revenue_ps Φ╢ïσè┐σêåµ₧É:  62%|ΓûêΓûêΓûêΓûêΓûêΓûêΓûêΓûêΓûêΓûêΓûêΓûêΓûêΓûêΓûêΓûê          | 1181/1914 [00:10<00:05, 136.46σà¼σÅ╕/s]
≡ƒôè total_revenue_ps Φ╢ïσè┐σêåµ₧É:  62%|ΓûêΓûêΓûêΓûêΓûêΓûêΓûêΓûêΓûêΓûêΓûêΓûêΓûêΓûêΓûêΓûêΓûÅ         | 1195/1914 [00:10<00:05, 137.18σà¼σÅ╕/s]
≡ƒôè total_revenue_ps Φ╢ïσè┐σêåµ₧É:  63%|ΓûêΓûêΓûêΓûêΓûêΓûêΓûêΓûêΓûêΓûêΓûêΓûêΓûêΓûêΓûêΓûêΓûì         | 1209/1914 [00:10<00:05, 130.44σà¼σÅ╕/s]
≡ƒôè total_revenue_ps Φ╢ïσè┐σêåµ₧É:  64%|ΓûêΓûêΓûêΓûêΓûêΓûêΓûêΓûêΓûêΓûêΓûêΓûêΓûêΓûêΓûêΓûêΓûî         | 1223/1914 [00:10<00:05, 132.86σà¼σÅ╕/s]
≡ƒôè total_revenue_ps Φ╢ïσè┐σêåµ₧É:  65%|ΓûêΓûêΓûêΓûêΓûêΓûêΓûêΓûêΓûêΓûêΓûêΓûêΓûêΓûêΓûêΓûêΓûè         | 1237/1914 [00:10<00:05, 133.65σà¼σÅ╕/s]
≡ƒôè total_revenue_ps Φ╢ïσè┐σêåµ₧É:  65%|ΓûêΓûêΓûêΓûêΓûêΓûêΓûêΓûêΓûêΓûêΓûêΓûêΓûêΓûêΓûêΓûêΓûë         | 1251/1914 [00:10<00:05, 122.08σà¼σÅ╕/s]
≡ƒôè total_revenue_ps Φ╢ïσè┐σêåµ₧É:  66%|ΓûêΓûêΓûêΓûêΓûêΓûêΓûêΓûêΓûêΓûêΓûêΓûêΓûêΓûêΓûêΓûêΓûêΓûÅ        | 1265/1914 [00:10<00:05, 124.92σà¼σÅ╕/s]
≡ƒôè total_revenue_ps Φ╢ïσè┐σêåµ₧É:  67%|ΓûêΓûêΓûêΓûêΓûêΓûêΓûêΓûêΓûêΓûêΓûêΓûêΓûêΓûêΓûêΓûêΓûêΓûÄ        | 1279/1914 [00:10<00:04, 128.38σà¼σÅ╕/s]
≡ƒôè total_revenue_ps Φ╢ïσè┐σêåµ₧É:  68%|ΓûêΓûêΓûêΓûêΓûêΓûêΓûêΓûêΓûêΓûêΓûêΓûêΓûêΓûêΓûêΓûêΓûêΓûî        | 1294/1914 [00:10<00:04, 131.87σà¼σÅ╕/s]
≡ƒôè total_revenue_ps Φ╢ïσè┐σêåµ₧É:  68%|ΓûêΓûêΓûêΓûêΓûêΓûêΓûêΓûêΓûêΓûêΓûêΓûêΓûêΓûêΓûêΓûêΓûêΓûè        | 1309/1914 [00:11<00:04, 134.79σà¼σÅ╕/s]
≡ƒôè total_revenue_ps Φ╢ïσè┐σêåµ₧É:  69%|ΓûêΓûêΓûêΓûêΓûêΓûêΓûêΓûêΓûêΓûêΓûêΓûêΓûêΓûêΓûêΓûêΓûêΓûë        | 1324/1914 [00:11<00:04, 136.75σà¼σÅ╕/s]
≡ƒôè total_revenue_ps Φ╢ïσè┐σêåµ₧É:  70%|ΓûêΓûêΓûêΓûêΓûêΓûêΓûêΓûêΓûêΓûêΓûêΓûêΓûêΓûêΓûêΓûêΓûêΓûêΓûÅ       | 1339/1914 [00:11<00:04, 140.02σà¼σÅ╕/s]
≡ƒôè total_revenue_ps Φ╢ïσè┐σêåµ₧É:  71%|ΓûêΓûêΓûêΓûêΓûêΓûêΓûêΓûêΓûêΓûêΓûêΓûêΓûêΓûêΓûêΓûêΓûêΓûêΓûì       | 1354/1914 [00:11<00:04, 139.04σà¼σÅ╕/s]
≡ƒôè total_revenue_ps Φ╢ïσè┐σêåµ₧É:  71%|ΓûêΓûêΓûêΓûêΓûêΓûêΓûêΓûêΓûêΓûêΓûêΓûêΓûêΓûêΓûêΓûêΓûêΓûêΓûî       | 1368/1914 [00:11<00:03, 139.23σà¼σÅ╕/s]
≡ƒôè total_revenue_ps Φ╢ïσè┐σêåµ₧É:  72%|ΓûêΓûêΓûêΓûêΓûêΓûêΓûêΓûêΓûêΓûêΓûêΓûêΓûêΓûêΓûêΓûêΓûêΓûêΓûè       | 1382/1914 [00:11<00:04, 131.89σà¼σÅ╕/s]
≡ƒôè total_revenue_ps Φ╢ïσè┐σêåµ₧É:  73%|ΓûêΓûêΓûêΓûêΓûêΓûêΓûêΓûêΓûêΓûêΓûêΓûêΓûêΓûêΓûêΓûêΓûêΓûêΓûë       | 1396/1914 [00:11<00:03, 131.49σà¼σÅ╕/s]
≡ƒôè total_revenue_ps Φ╢ïσè┐σêåµ₧É:  74%|ΓûêΓûêΓûêΓûêΓûêΓûêΓûêΓûêΓûêΓûêΓûêΓûêΓûêΓûêΓûêΓûêΓûêΓûêΓûêΓûÅ      | 1410/1914 [00:11<00:03, 133.84σà¼σÅ╕/s]
≡ƒôè total_revenue_ps Φ╢ïσè┐σêåµ₧É:  74%|ΓûêΓûêΓûêΓûêΓûêΓûêΓûêΓûêΓûêΓûêΓûêΓûêΓûêΓûêΓûêΓûêΓûêΓûêΓûêΓûÄ      | 1425/1914 [00:11<00:03, 137.38σà¼σÅ╕/s]
≡ƒôè total_revenue_ps Φ╢ïσè┐σêåµ₧É:  75%|ΓûêΓûêΓûêΓûêΓûêΓûêΓûêΓûêΓûêΓûêΓûêΓûêΓûêΓûêΓûêΓûêΓûêΓûêΓûêΓûî      | 1439/1914 [00:11<00:03, 137.95σà¼σÅ╕/s]
≡ƒôè total_revenue_ps Φ╢ïσè┐σêåµ₧É:  76%|ΓûêΓûêΓûêΓûêΓûêΓûêΓûêΓûêΓûêΓûêΓûêΓûêΓûêΓûêΓûêΓûêΓûêΓûêΓûêΓûè      | 1454/1914 [00:12<00:03, 138.73σà¼σÅ╕/s]
≡ƒôè total_revenue_ps Φ╢ïσè┐σêåµ₧É:  77%|ΓûêΓûêΓûêΓûêΓûêΓûêΓûêΓûêΓûêΓûêΓûêΓûêΓûêΓûêΓûêΓûêΓûêΓûêΓûêΓûë      | 1469/1914 [00:12<00:03, 140.82σà¼σÅ╕/s]
≡ƒôè total_revenue_ps Φ╢ïσè┐σêåµ₧É:  78%|ΓûêΓûêΓûêΓûêΓûêΓûêΓûêΓûêΓûêΓûêΓûêΓûêΓûêΓûêΓûêΓûêΓûêΓûêΓûêΓûêΓûÅ     | 1484/1914 [00:12<00:03, 137.78σà¼σÅ╕/s]
≡ƒôè total_revenue_ps Φ╢ïσè┐σêåµ₧É:  78%|ΓûêΓûêΓûêΓûêΓûêΓûêΓûêΓûêΓûêΓûêΓûêΓûêΓûêΓûêΓûêΓûêΓûêΓûêΓûêΓûêΓûÄ     | 1499/1914 [00:12<00:02, 138.94σà¼σÅ╕/s]
≡ƒôè total_revenue_ps Φ╢ïσè┐σêåµ₧É:  79%|ΓûêΓûêΓûêΓûêΓûêΓûêΓûêΓûêΓûêΓûêΓûêΓûêΓûêΓûêΓûêΓûêΓûêΓûêΓûêΓûêΓûî     | 1514/1914 [00:12<00:02, 136.63σà¼σÅ╕/s]
≡ƒôè total_revenue_ps Φ╢ïσè┐σêåµ₧É:  80%|ΓûêΓûêΓûêΓûêΓûêΓûêΓûêΓûêΓûêΓûêΓûêΓûêΓûêΓûêΓûêΓûêΓûêΓûêΓûêΓûêΓûè     | 1528/1914 [00:12<00:02, 130.31σà¼σÅ╕/s]
≡ƒôè total_revenue_ps Φ╢ïσè┐σêåµ₧É:  81%|ΓûêΓûêΓûêΓûêΓûêΓûêΓûêΓûêΓûêΓûêΓûêΓûêΓûêΓûêΓûêΓûêΓûêΓûêΓûêΓûêΓûë     | 1542/1914 [00:12<00:02, 130.77σà¼σÅ╕/s]
≡ƒôè total_revenue_ps Φ╢ïσè┐σêåµ₧É:  81%|ΓûêΓûêΓûêΓûêΓûêΓûêΓûêΓûêΓûêΓûêΓûêΓûêΓûêΓûêΓûêΓûêΓûêΓûêΓûêΓûêΓûêΓûÅ    | 1556/1914 [00:12<00:02, 129.78σà¼σÅ╕/s]
≡ƒôè total_revenue_ps Φ╢ïσè┐σêåµ₧É:  82%|ΓûêΓûêΓûêΓûêΓûêΓûêΓûêΓûêΓûêΓûêΓûêΓûêΓûêΓûêΓûêΓûêΓûêΓûêΓûêΓûêΓûêΓûÄ    | 1570/1914 [00:12<00:02, 125.55σà¼σÅ╕/s]
[12/08/25 15:34:17] WARNING  688302.SH                              core.py:682
                             µîçµáçtotal_revenue_psΘóäσñäτÉåσñ▒Φ┤Ñ:                   
                             µ£ëµòêµò░µì«Σ╕ìΦ╢│                                      
≡ƒôè total_revenue_ps Φ╢ïσè┐σêåµ₧É:  83%|ΓûêΓûêΓûêΓûêΓûêΓûêΓûêΓûêΓûêΓûêΓûêΓûêΓûêΓûêΓûêΓûêΓûêΓûêΓûêΓûêΓûêΓûî    | 1583/1914 [00:13<00:02, 125.80σà¼σÅ╕/s]
≡ƒôè total_revenue_ps Φ╢ïσè┐σêåµ₧É:  83%|ΓûêΓûêΓûêΓûêΓûêΓûêΓûêΓûêΓûêΓûêΓûêΓûêΓûêΓûêΓûêΓûêΓûêΓûêΓûêΓûêΓûêΓûï    | 1598/1914 [00:13<00:02, 128.58σà¼σÅ╕/s]
≡ƒôè total_revenue_ps Φ╢ïσè┐σêåµ₧É:  84%|ΓûêΓûêΓûêΓûêΓûêΓûêΓûêΓûêΓûêΓûêΓûêΓûêΓûêΓûêΓûêΓûêΓûêΓûêΓûêΓûêΓûêΓûë    | 1612/1914 [00:13<00:02, 129.58σà¼σÅ╕/s]
                    WARNING  688382.SH                              core.py:682
                             µîçµáçtotal_revenue_psΘóäσñäτÉåσñ▒Φ┤Ñ:                   
                             µ£ëµòêµò░µì«Σ╕ìΦ╢│                                      
≡ƒôè total_revenue_ps Φ╢ïσè┐σêåµ₧É:  85%|ΓûêΓûêΓûêΓûêΓûêΓûêΓûêΓûêΓûêΓûêΓûêΓûêΓûêΓûêΓûêΓûêΓûêΓûêΓûêΓûêΓûêΓûê    | 1626/1914 [00:13<00:02, 132.49σà¼σÅ╕/s]
≡ƒôè total_revenue_ps Φ╢ïσè┐σêåµ₧É:  86%|ΓûêΓûêΓûêΓûêΓûêΓûêΓûêΓûêΓûêΓûêΓûêΓûêΓûêΓûêΓûêΓûêΓûêΓûêΓûêΓûêΓûêΓûêΓûÄ   | 1640/1914 [00:13<00:02, 131.42σà¼σÅ╕/s]
≡ƒôè total_revenue_ps Φ╢ïσè┐σêåµ₧É:  86%|ΓûêΓûêΓûêΓûêΓûêΓûêΓûêΓûêΓûêΓûêΓûêΓûêΓûêΓûêΓûêΓûêΓûêΓûêΓûêΓûêΓûêΓûêΓûì   | 1654/1914 [00:13<00:02, 119.05σà¼σÅ╕/s]
≡ƒôè total_revenue_ps Φ╢ïσè┐σêåµ₧É:  87%|ΓûêΓûêΓûêΓûêΓûêΓûêΓûêΓûêΓûêΓûêΓûêΓûêΓûêΓûêΓûêΓûêΓûêΓûêΓûêΓûêΓûêΓûêΓûï   | 1667/1914 [00:13<00:02, 119.77σà¼σÅ╕/s]
≡ƒôè total_revenue_ps Φ╢ïσè┐σêåµ₧É:  88%|ΓûêΓûêΓûêΓûêΓûêΓûêΓûêΓûêΓûêΓûêΓûêΓûêΓûêΓûêΓûêΓûêΓûêΓûêΓûêΓûêΓûêΓûêΓûè   | 1681/1914 [00:13<00:01, 124.04σà¼σÅ╕/s]
≡ƒôè total_revenue_ps Φ╢ïσè┐σêåµ₧É:  89%|ΓûêΓûêΓûêΓûêΓûêΓûêΓûêΓûêΓûêΓûêΓûêΓûêΓûêΓûêΓûêΓûêΓûêΓûêΓûêΓûêΓûêΓûêΓûê   | 1694/1914 [00:13<00:01, 125.13σà¼σÅ╕/s]
≡ƒôè total_revenue_ps Φ╢ïσè┐σêåµ₧É:  89%|ΓûêΓûêΓûêΓûêΓûêΓûêΓûêΓûêΓûêΓûêΓûêΓûêΓûêΓûêΓûêΓûêΓûêΓûêΓûêΓûêΓûêΓûêΓûêΓûÅ  | 1709/1914 [00:14<00:01, 128.71σà¼σÅ╕/s]
≡ƒôè total_revenue_ps Φ╢ïσè┐σêåµ₧É:  90%|ΓûêΓûêΓûêΓûêΓûêΓûêΓûêΓûêΓûêΓûêΓûêΓûêΓûêΓûêΓûêΓûêΓûêΓûêΓûêΓûêΓûêΓûêΓûêΓûì  | 1723/1914 [00:14<00:01, 131.75σà¼σÅ╕/s]
≡ƒôè total_revenue_ps Φ╢ïσè┐σêåµ₧É:  91%|ΓûêΓûêΓûêΓûêΓûêΓûêΓûêΓûêΓûêΓûêΓûêΓûêΓûêΓûêΓûêΓûêΓûêΓûêΓûêΓûêΓûêΓûêΓûêΓûî  | 1738/1914 [00:14<00:01, 134.11σà¼σÅ╕/s]
≡ƒôè total_revenue_ps Φ╢ïσè┐σêåµ₧É:  92%|ΓûêΓûêΓûêΓûêΓûêΓûêΓûêΓûêΓûêΓûêΓûêΓûêΓûêΓûêΓûêΓûêΓûêΓûêΓûêΓûêΓûêΓûêΓûêΓûè  | 1753/1914 [00:14<00:01, 138.44σà¼σÅ╕/s]
≡ƒôè total_revenue_ps Φ╢ïσè┐σêåµ₧É:  92%|ΓûêΓûêΓûêΓûêΓûêΓûêΓûêΓûêΓûêΓûêΓûêΓûêΓûêΓûêΓûêΓûêΓûêΓûêΓûêΓûêΓûêΓûêΓûêΓûê  | 1768/1914 [00:14<00:01, 141.04σà¼σÅ╕/s]
≡ƒôè total_revenue_ps Φ╢ïσè┐σêåµ₧É:  93%|ΓûêΓûêΓûêΓûêΓûêΓûêΓûêΓûêΓûêΓûêΓûêΓûêΓûêΓûêΓûêΓûêΓûêΓûêΓûêΓûêΓûêΓûêΓûêΓûêΓûÅ | 1783/1914 [00:14<00:00, 139.65σà¼σÅ╕/s]
≡ƒôè total_revenue_ps Φ╢ïσè┐σêåµ₧É:  94%|ΓûêΓûêΓûêΓûêΓûêΓûêΓûêΓûêΓûêΓûêΓûêΓûêΓûêΓûêΓûêΓûêΓûêΓûêΓûêΓûêΓûêΓûêΓûêΓûêΓûì | 1797/1914 [00:14<00:00, 133.54σà¼σÅ╕/s]
≡ƒôè total_revenue_ps Φ╢ïσè┐σêåµ₧É:  95%|ΓûêΓûêΓûêΓûêΓûêΓûêΓûêΓûêΓûêΓûêΓûêΓûêΓûêΓûêΓûêΓûêΓûêΓûêΓûêΓûêΓûêΓûêΓûêΓûêΓûî | 1811/1914 [00:14<00:00, 133.80σà¼σÅ╕/s]
≡ƒôè total_revenue_ps Φ╢ïσè┐σêåµ₧É:  95%|ΓûêΓûêΓûêΓûêΓûêΓûêΓûêΓûêΓûêΓûêΓûêΓûêΓûêΓûêΓûêΓûêΓûêΓûêΓûêΓûêΓûêΓûêΓûêΓûêΓûè | 1825/1914 [00:14<00:00, 133.15σà¼σÅ╕/s]
≡ƒôè total_revenue_ps Φ╢ïσè┐σêåµ₧É:  96%|ΓûêΓûêΓûêΓûêΓûêΓûêΓûêΓûêΓûêΓûêΓûêΓûêΓûêΓûêΓûêΓûêΓûêΓûêΓûêΓûêΓûêΓûêΓûêΓûêΓûë | 1840/1914 [00:15<00:00, 134.41σà¼σÅ╕/s]
≡ƒôè total_revenue_ps Φ╢ïσè┐σêåµ₧É:  97%|ΓûêΓûêΓûêΓûêΓûêΓûêΓûêΓûêΓûêΓûêΓûêΓûêΓûêΓûêΓûêΓûêΓûêΓûêΓûêΓûêΓûêΓûêΓûêΓûêΓûêΓûÅ| 1854/1914 [00:15<00:00, 135.97σà¼σÅ╕/s]
≡ƒôè total_revenue_ps Φ╢ïσè┐σêåµ₧É:  98%|ΓûêΓûêΓûêΓûêΓûêΓûêΓûêΓûêΓûêΓûêΓûêΓûêΓûêΓûêΓûêΓûêΓûêΓûêΓûêΓûêΓûêΓûêΓûêΓûêΓûêΓûì| 1868/1914 [00:15<00:00, 137.01σà¼σÅ╕/s]
≡ƒôè total_revenue_ps Φ╢ïσè┐σêåµ₧É:  98%|ΓûêΓûêΓûêΓûêΓûêΓûêΓûêΓûêΓûêΓûêΓûêΓûêΓûêΓûêΓûêΓûêΓûêΓûêΓûêΓûêΓûêΓûêΓûêΓûêΓûêΓûî| 1883/1914 [00:15<00:00, 138.12σà¼σÅ╕/s]
≡ƒôè total_revenue_ps Φ╢ïσè┐σêåµ₧É:  99%|ΓûêΓûêΓûêΓûêΓûêΓûêΓûêΓûêΓûêΓûêΓûêΓûêΓûêΓûêΓûêΓûêΓûêΓûêΓûêΓûêΓûêΓûêΓûêΓûêΓûêΓûè| 1898/1914 [00:15<00:00, 141.41σà¼σÅ╕/s]
≡ƒôè total_revenue_ps Φ╢ïσè┐σêåµ₧É: 100%|ΓûêΓûêΓûêΓûêΓûêΓûêΓûêΓûêΓûêΓûêΓûêΓûêΓûêΓûêΓûêΓûêΓûêΓûêΓûêΓûêΓûêΓûêΓûêΓûêΓûêΓûë| 1913/1914 [00:15<00:00, 142.97σà¼σÅ╕/s]
≡ƒôè total_revenue_ps Φ╢ïσè┐σêåµ₧É: 100%|ΓûêΓûêΓûêΓûêΓûêΓûêΓûêΓûêΓûêΓûêΓûêΓûêΓûêΓûêΓûêΓûêΓûêΓûêΓûêΓûêΓûêΓûêΓûêΓûêΓûêΓûê| 1914/1914 [00:15<00:00, 123.05σà¼σÅ╕/s]
2025-12-08 15:34:19,485 - INFO -   Γ£à µû╣µ│ò analyze_metric_trend µëºΦíîσ«îµêÉ
[12/08/25 15:34:19] INFO       Γ£à µû╣µ│ò analyze_metric_trend kedro_engine.py:365
                             µëºΦíîσ«îµêÉ                                          
2025-12-08 15:34:19,485 - INFO - ≡ƒÄ» µû╣µ│òσ║ÅσêùµëºΦíîσ«îµêÉ∩╝îσà▒ 1 Σ╕¬µû╣µ│ò
                    INFO     ≡ƒÄ» µû╣µ│òσ║ÅσêùµëºΦíîσ«îµêÉ∩╝îσà▒ 1      kedro_engine.py:366
                             Σ╕¬µû╣µ│ò                                            
                    INFO     [PLUGIN] <- node                    loggers.py:308
                             Analyze_Revenue_Trend                             
                             duration=15.76296540000476s                       
                             cached=False                                      
                    INFO     Γ£à Φèéτé╣σ«îµêÉ:                 prefect_engine.py:616
                             Analyze_Revenue_Trend ->                          
                             ['Analyze_Revenue_Trend__Rev                      
                             enue_Trend_Result']                               
[12/08/25 15:34:20] INFO     Finished in state Completed()   task_engine.py:292
[12/08/25 15:34:21] WARNING  Concurrency limits                 _asyncio.py:111
                             ['tag:kedro-node'] do not exist -                 
                             skipping acquisition.                             
                    INFO     ≡ƒÜÇ µëºΦíîKedroΦèéτé╣:            prefect_engine.py:548
                             Analyze_OCF_Trend                                 
2025-12-08 15:34:21,304 - INFO - ≡ƒöä µëºΦíîµû╣µ│òσ║Åσêù: ['analyze_metric_trend']
                    INFO     ≡ƒöä µëºΦíîµû╣µ│òσ║Åσêù:               kedro_engine.py:292
                             ['analyze_metric_trend']                          
                    INFO     [PLUGIN] -> node Analyze_OCF_Trend  loggers.py:308
                             inputs=1                                          
2025-12-08 15:34:21,309 - INFO -   ΓÜí µëºΦíîµû╣µ│ò 1/1: analyze_metric_trend
                    INFO       ΓÜí µëºΦíîµû╣µ│ò 1/1:             kedro_engine.py:303
                             analyze_metric_trend                              

≡ƒôè ocfps Φ╢ïσè┐σêåµ₧É:   0%|                                                 | 0/1914 [00:00<?, ?σà¼σÅ╕/s]
≡ƒôè ocfps Φ╢ïσè┐σêåµ₧É:   1%|ΓûÅ                                      | 11/1914 [00:00<00:17, 106.23σà¼σÅ╕/s]
≡ƒôè ocfps Φ╢ïσè┐σêåµ₧É:   1%|Γûì                                      | 23/1914 [00:00<00:17, 108.60σà¼σÅ╕/s]
≡ƒôè ocfps Φ╢ïσè┐σêåµ₧É:   2%|Γûï                                      | 35/1914 [00:00<00:17, 110.21σà¼σÅ╕/s]
≡ƒôè ocfps Φ╢ïσè┐σêåµ₧É:   2%|Γûë                                      | 47/1914 [00:00<00:16, 110.24σà¼σÅ╕/s]
≡ƒôè ocfps Φ╢ïσè┐σêåµ₧É:   3%|ΓûêΓûÅ                                     | 60/1914 [00:00<00:15, 116.06σà¼σÅ╕/s]
≡ƒôè ocfps Φ╢ïσè┐σêåµ₧É:   4%|ΓûêΓûì                                     | 73/1914 [00:00<00:15, 119.90σà¼σÅ╕/s]
≡ƒôè ocfps Φ╢ïσè┐σêåµ₧É:   5%|ΓûêΓûè                                     | 87/1914 [00:00<00:14, 125.08σà¼σÅ╕/s]
≡ƒôè ocfps Φ╢ïσè┐σêåµ₧É:   5%|ΓûêΓûê                                    | 101/1914 [00:00<00:14, 127.01σà¼σÅ╕/s]
≡ƒôè ocfps Φ╢ïσè┐σêåµ₧É:   6%|ΓûêΓûêΓûÄ                                   | 115/1914 [00:00<00:13, 130.35σà¼σÅ╕/s]
≡ƒôè ocfps Φ╢ïσè┐σêåµ₧É:   7%|ΓûêΓûêΓûî                                   | 129/1914 [00:01<00:14, 119.72σà¼σÅ╕/s]
≡ƒôè ocfps Φ╢ïσè┐σêåµ₧É:   7%|ΓûêΓûêΓûè                                   | 142/1914 [00:01<00:15, 115.51σà¼σÅ╕/s]
≡ƒôè ocfps Φ╢ïσè┐σêåµ₧É:   8%|ΓûêΓûêΓûê                                   | 154/1914 [00:01<00:15, 113.91σà¼σÅ╕/s]
≡ƒôè ocfps Φ╢ïσè┐σêåµ₧É:   9%|ΓûêΓûêΓûêΓûÄ                                  | 166/1914 [00:01<00:15, 110.86σà¼σÅ╕/s]
≡ƒôè ocfps Φ╢ïσè┐σêåµ₧É:   9%|ΓûêΓûêΓûêΓûî                                  | 179/1914 [00:01<00:15, 114.74σà¼σÅ╕/s]
≡ƒôè ocfps Φ╢ïσè┐σêåµ₧É:  10%|ΓûêΓûêΓûêΓûè                                  | 193/1914 [00:01<00:14, 120.70σà¼σÅ╕/s]
≡ƒôè ocfps Φ╢ïσè┐σêåµ₧É:  11%|ΓûêΓûêΓûêΓûê                                  | 207/1914 [00:01<00:13, 123.80σà¼σÅ╕/s]
≡ƒôè ocfps Φ╢ïσè┐σêåµ₧É:  12%|ΓûêΓûêΓûêΓûêΓûì                                 | 222/1914 [00:01<00:13, 128.90σà¼σÅ╕/s]
≡ƒôè ocfps Φ╢ïσè┐σêåµ₧É:  12%|ΓûêΓûêΓûêΓûêΓûï                                 | 237/1914 [00:01<00:12, 131.67σà¼σÅ╕/s]
≡ƒôè ocfps Φ╢ïσè┐σêåµ₧É:  13%|ΓûêΓûêΓûêΓûêΓûë                                 | 251/1914 [00:02<00:12, 132.90σà¼σÅ╕/s]
≡ƒôè ocfps Φ╢ïσè┐σêåµ₧É:  14%|ΓûêΓûêΓûêΓûêΓûêΓûÄ                                | 265/1914 [00:02<00:12, 130.96σà¼σÅ╕/s]
≡ƒôè ocfps Φ╢ïσè┐σêåµ₧É:  15%|ΓûêΓûêΓûêΓûêΓûêΓûî                                | 279/1914 [00:02<00:12, 128.15σà¼σÅ╕/s]
≡ƒôè ocfps Φ╢ïσè┐σêåµ₧É:  15%|ΓûêΓûêΓûêΓûêΓûêΓûè                                | 293/1914 [00:02<00:12, 130.30σà¼σÅ╕/s]
≡ƒôè ocfps Φ╢ïσè┐σêåµ₧É:  16%|ΓûêΓûêΓûêΓûêΓûêΓûê                                | 307/1914 [00:02<00:12, 131.10σà¼σÅ╕/s]
≡ƒôè ocfps Φ╢ïσè┐σêåµ₧É:  17%|ΓûêΓûêΓûêΓûêΓûêΓûêΓûÄ                               | 321/1914 [00:02<00:12, 128.46σà¼σÅ╕/s]
≡ƒôè ocfps Φ╢ïσè┐σêåµ₧É:  18%|ΓûêΓûêΓûêΓûêΓûêΓûêΓûï                               | 336/1914 [00:02<00:11, 131.91σà¼σÅ╕/s]
≡ƒôè ocfps Φ╢ïσè┐σêåµ₧É:  18%|ΓûêΓûêΓûêΓûêΓûêΓûêΓûë                               | 350/1914 [00:02<00:11, 133.17σà¼σÅ╕/s]
≡ƒôè ocfps Φ╢ïσè┐σêåµ₧É:  19%|ΓûêΓûêΓûêΓûêΓûêΓûêΓûêΓûÅ                              | 364/1914 [00:02<00:11, 135.10σà¼σÅ╕/s]
≡ƒôè ocfps Φ╢ïσè┐σêåµ₧É:  20%|ΓûêΓûêΓûêΓûêΓûêΓûêΓûêΓûî                              | 378/1914 [00:03<00:11, 136.46σà¼σÅ╕/s]
≡ƒôè ocfps Φ╢ïσè┐σêåµ₧É:  20%|ΓûêΓûêΓûêΓûêΓûêΓûêΓûêΓûè                              | 392/1914 [00:03<00:11, 130.95σà¼σÅ╕/s]
≡ƒôè ocfps Φ╢ïσè┐σêåµ₧É:  21%|ΓûêΓûêΓûêΓûêΓûêΓûêΓûêΓûê                              | 406/1914 [00:03<00:11, 129.41σà¼σÅ╕/s]
≡ƒôè ocfps Φ╢ïσè┐σêåµ₧É:  22%|ΓûêΓûêΓûêΓûêΓûêΓûêΓûêΓûêΓûÄ                             | 419/1914 [00:03<00:11, 129.03σà¼σÅ╕/s]
≡ƒôè ocfps Φ╢ïσè┐σêåµ₧É:  23%|ΓûêΓûêΓûêΓûêΓûêΓûêΓûêΓûêΓûî                             | 432/1914 [00:03<00:11, 127.77σà¼σÅ╕/s]
≡ƒôè ocfps Φ╢ïσè┐σêåµ₧É:  23%|ΓûêΓûêΓûêΓûêΓûêΓûêΓûêΓûêΓûè                             | 445/1914 [00:03<00:11, 127.53σà¼σÅ╕/s]
≡ƒôè ocfps Φ╢ïσè┐σêåµ₧É:  24%|ΓûêΓûêΓûêΓûêΓûêΓûêΓûêΓûêΓûêΓûÅ                            | 460/1914 [00:03<00:11, 131.14σà¼σÅ╕/s]
≡ƒôè ocfps Φ╢ïσè┐σêåµ₧É:  25%|ΓûêΓûêΓûêΓûêΓûêΓûêΓûêΓûêΓûêΓûì                            | 474/1914 [00:03<00:10, 133.11σà¼σÅ╕/s]
≡ƒôè ocfps Φ╢ïσè┐σêåµ₧É:  26%|ΓûêΓûêΓûêΓûêΓûêΓûêΓûêΓûêΓûêΓûï                            | 489/1914 [00:03<00:10, 137.45σà¼σÅ╕/s]
≡ƒôè ocfps Φ╢ïσè┐σêåµ₧É:  26%|ΓûêΓûêΓûêΓûêΓûêΓûêΓûêΓûêΓûêΓûë                            | 503/1914 [00:03<00:10, 138.15σà¼σÅ╕/s]
≡ƒôè ocfps Φ╢ïσè┐σêåµ₧É:  27%|ΓûêΓûêΓûêΓûêΓûêΓûêΓûêΓûêΓûêΓûêΓûÄ                           | 517/1914 [00:04<00:10, 137.21σà¼σÅ╕/s]
≡ƒôè ocfps Φ╢ïσè┐σêåµ₧É:  28%|ΓûêΓûêΓûêΓûêΓûêΓûêΓûêΓûêΓûêΓûêΓûî                           | 531/1914 [00:04<00:10, 135.49σà¼σÅ╕/s]
≡ƒôè ocfps Φ╢ïσè┐σêåµ₧É:  28%|ΓûêΓûêΓûêΓûêΓûêΓûêΓûêΓûêΓûêΓûêΓûè                           | 545/1914 [00:04<00:10, 135.59σà¼σÅ╕/s]
≡ƒôè ocfps Φ╢ïσè┐σêåµ₧É:  29%|ΓûêΓûêΓûêΓûêΓûêΓûêΓûêΓûêΓûêΓûêΓûê                           | 559/1914 [00:04<00:09, 136.51σà¼σÅ╕/s]
≡ƒôè ocfps Φ╢ïσè┐σêåµ₧É:  30%|ΓûêΓûêΓûêΓûêΓûêΓûêΓûêΓûêΓûêΓûêΓûêΓûì                          | 574/1914 [00:04<00:09, 139.28σà¼σÅ╕/s]
≡ƒôè ocfps Φ╢ïσè┐σêåµ₧É:  31%|ΓûêΓûêΓûêΓûêΓûêΓûêΓûêΓûêΓûêΓûêΓûêΓûï                          | 588/1914 [00:04<00:09, 139.43σà¼σÅ╕/s]
≡ƒôè ocfps Φ╢ïσè┐σêåµ₧É:  32%|ΓûêΓûêΓûêΓûêΓûêΓûêΓûêΓûêΓûêΓûêΓûêΓûë                          | 603/1914 [00:04<00:09, 140.18σà¼σÅ╕/s]
≡ƒôè ocfps Φ╢ïσè┐σêåµ₧É:  32%|ΓûêΓûêΓûêΓûêΓûêΓûêΓûêΓûêΓûêΓûêΓûêΓûêΓûÄ                         | 618/1914 [00:04<00:09, 140.85σà¼σÅ╕/s]
≡ƒôè ocfps Φ╢ïσè┐σêåµ₧É:  33%|ΓûêΓûêΓûêΓûêΓûêΓûêΓûêΓûêΓûêΓûêΓûêΓûêΓûî                         | 634/1914 [00:04<00:08, 142.81σà¼σÅ╕/s]
≡ƒôè ocfps Φ╢ïσè┐σêåµ₧É:  34%|ΓûêΓûêΓûêΓûêΓûêΓûêΓûêΓûêΓûêΓûêΓûêΓûêΓûë                         | 649/1914 [00:05<00:08, 142.50σà¼σÅ╕/s]
≡ƒôè ocfps Φ╢ïσè┐σêåµ₧É:  35%|ΓûêΓûêΓûêΓûêΓûêΓûêΓûêΓûêΓûêΓûêΓûêΓûêΓûêΓûÅ                        | 664/1914 [00:05<00:09, 136.74σà¼σÅ╕/s]
≡ƒôè ocfps Φ╢ïσè┐σêåµ₧É:  35%|ΓûêΓûêΓûêΓûêΓûêΓûêΓûêΓûêΓûêΓûêΓûêΓûêΓûêΓûì                        | 678/1914 [00:05<00:09, 136.01σà¼σÅ╕/s]
≡ƒôè ocfps Φ╢ïσè┐σêåµ₧É:  36%|ΓûêΓûêΓûêΓûêΓûêΓûêΓûêΓûêΓûêΓûêΓûêΓûêΓûêΓûï                        | 692/1914 [00:05<00:09, 133.98σà¼σÅ╕/s]
≡ƒôè ocfps Φ╢ïσè┐σêåµ₧É:  37%|ΓûêΓûêΓûêΓûêΓûêΓûêΓûêΓûêΓûêΓûêΓûêΓûêΓûêΓûê                        | 706/1914 [00:05<00:09, 131.30σà¼σÅ╕/s]
≡ƒôè ocfps Φ╢ïσè┐σêåµ₧É:  38%|ΓûêΓûêΓûêΓûêΓûêΓûêΓûêΓûêΓûêΓûêΓûêΓûêΓûêΓûêΓûÄ                       | 720/1914 [00:05<00:09, 130.98σà¼σÅ╕/s]
≡ƒôè ocfps Φ╢ïσè┐σêåµ₧É:  38%|ΓûêΓûêΓûêΓûêΓûêΓûêΓûêΓûêΓûêΓûêΓûêΓûêΓûêΓûêΓûî                       | 734/1914 [00:05<00:08, 132.68σà¼σÅ╕/s]
≡ƒôè ocfps Φ╢ïσè┐σêåµ₧É:  39%|ΓûêΓûêΓûêΓûêΓûêΓûêΓûêΓûêΓûêΓûêΓûêΓûêΓûêΓûêΓûè                       | 748/1914 [00:05<00:08, 131.53σà¼σÅ╕/s]
≡ƒôè ocfps Φ╢ïσè┐σêåµ₧É:  40%|ΓûêΓûêΓûêΓûêΓûêΓûêΓûêΓûêΓûêΓûêΓûêΓûêΓûêΓûêΓûêΓûÅ                      | 762/1914 [00:05<00:08, 132.31σà¼σÅ╕/s]
≡ƒôè ocfps Φ╢ïσè┐σêåµ₧É:  41%|ΓûêΓûêΓûêΓûêΓûêΓûêΓûêΓûêΓûêΓûêΓûêΓûêΓûêΓûêΓûêΓûì                      | 777/1914 [00:05<00:08, 135.16σà¼σÅ╕/s]
≡ƒôè ocfps Φ╢ïσè┐σêåµ₧É:  41%|ΓûêΓûêΓûêΓûêΓûêΓûêΓûêΓûêΓûêΓûêΓûêΓûêΓûêΓûêΓûêΓûï                      | 791/1914 [00:06<00:08, 133.83σà¼σÅ╕/s]
≡ƒôè ocfps Φ╢ïσè┐σêåµ₧É:  42%|ΓûêΓûêΓûêΓûêΓûêΓûêΓûêΓûêΓûêΓûêΓûêΓûêΓûêΓûêΓûêΓûë                      | 805/1914 [00:06<00:08, 132.06σà¼σÅ╕/s]
≡ƒôè ocfps Φ╢ïσè┐σêåµ₧É:  43%|ΓûêΓûêΓûêΓûêΓûêΓûêΓûêΓûêΓûêΓûêΓûêΓûêΓûêΓûêΓûêΓûêΓûÄ                     | 819/1914 [00:06<00:08, 132.69σà¼σÅ╕/s]
≡ƒôè ocfps Φ╢ïσè┐σêåµ₧É:  44%|ΓûêΓûêΓûêΓûêΓûêΓûêΓûêΓûêΓûêΓûêΓûêΓûêΓûêΓûêΓûêΓûêΓûî                     | 833/1914 [00:06<00:08, 133.44σà¼σÅ╕/s]
≡ƒôè ocfps Φ╢ïσè┐σêåµ₧É:  44%|ΓûêΓûêΓûêΓûêΓûêΓûêΓûêΓûêΓûêΓûêΓûêΓûêΓûêΓûêΓûêΓûêΓûè                     | 848/1914 [00:06<00:07, 137.05σà¼σÅ╕/s]
≡ƒôè ocfps Φ╢ïσè┐σêåµ₧É:  45%|ΓûêΓûêΓûêΓûêΓûêΓûêΓûêΓûêΓûêΓûêΓûêΓûêΓûêΓûêΓûêΓûêΓûêΓûÅ                    | 863/1914 [00:06<00:07, 139.42σà¼σÅ╕/s]
≡ƒôè ocfps Φ╢ïσè┐σêåµ₧É:  46%|ΓûêΓûêΓûêΓûêΓûêΓûêΓûêΓûêΓûêΓûêΓûêΓûêΓûêΓûêΓûêΓûêΓûêΓûì                    | 877/1914 [00:06<00:07, 139.23σà¼σÅ╕/s]
≡ƒôè ocfps Φ╢ïσè┐σêåµ₧É:  47%|ΓûêΓûêΓûêΓûêΓûêΓûêΓûêΓûêΓûêΓûêΓûêΓûêΓûêΓûêΓûêΓûêΓûêΓûï                    | 893/1914 [00:06<00:07, 142.00σà¼σÅ╕/s]
≡ƒôè ocfps Φ╢ïσè┐σêåµ₧É:  47%|ΓûêΓûêΓûêΓûêΓûêΓûêΓûêΓûêΓûêΓûêΓûêΓûêΓûêΓûêΓûêΓûêΓûêΓûê                    | 909/1914 [00:06<00:06, 145.05σà¼σÅ╕/s]
≡ƒôè ocfps Φ╢ïσè┐σêåµ₧É:  48%|ΓûêΓûêΓûêΓûêΓûêΓûêΓûêΓûêΓûêΓûêΓûêΓûêΓûêΓûêΓûêΓûêΓûêΓûêΓûÄ                   | 924/1914 [00:07<00:06, 145.44σà¼σÅ╕/s]
≡ƒôè ocfps Φ╢ïσè┐σêåµ₧É:  49%|ΓûêΓûêΓûêΓûêΓûêΓûêΓûêΓûêΓûêΓûêΓûêΓûêΓûêΓûêΓûêΓûêΓûêΓûêΓûï                   | 939/1914 [00:07<00:06, 142.46σà¼σÅ╕/s]
≡ƒôè ocfps Φ╢ïσè┐σêåµ₧É:  50%|ΓûêΓûêΓûêΓûêΓûêΓûêΓûêΓûêΓûêΓûêΓûêΓûêΓûêΓûêΓûêΓûêΓûêΓûêΓûë                   | 954/1914 [00:07<00:06, 140.57σà¼σÅ╕/s]
≡ƒôè ocfps Φ╢ïσè┐σêåµ₧É:  51%|ΓûêΓûêΓûêΓûêΓûêΓûêΓûêΓûêΓûêΓûêΓûêΓûêΓûêΓûêΓûêΓûêΓûêΓûêΓûêΓûÄ                  | 970/1914 [00:07<00:06, 142.11σà¼σÅ╕/s]
≡ƒôè ocfps Φ╢ïσè┐σêåµ₧É:  51%|ΓûêΓûêΓûêΓûêΓûêΓûêΓûêΓûêΓûêΓûêΓûêΓûêΓûêΓûêΓûêΓûêΓûêΓûêΓûêΓûî                  | 985/1914 [00:07<00:06, 140.43σà¼σÅ╕/s]
≡ƒôè ocfps Φ╢ïσè┐σêåµ₧É:  52%|ΓûêΓûêΓûêΓûêΓûêΓûêΓûêΓûêΓûêΓûêΓûêΓûêΓûêΓûêΓûêΓûêΓûêΓûêΓûêΓûÄ                 | 1000/1914 [00:07<00:06, 139.55σà¼σÅ╕/s]
≡ƒôè ocfps Φ╢ïσè┐σêåµ₧É:  53%|ΓûêΓûêΓûêΓûêΓûêΓûêΓûêΓûêΓûêΓûêΓûêΓûêΓûêΓûêΓûêΓûêΓûêΓûêΓûêΓûî                 | 1014/1914 [00:07<00:06, 139.26σà¼σÅ╕/s]
≡ƒôè ocfps Φ╢ïσè┐σêåµ₧É:  54%|ΓûêΓûêΓûêΓûêΓûêΓûêΓûêΓûêΓûêΓûêΓûêΓûêΓûêΓûêΓûêΓûêΓûêΓûêΓûêΓûë                 | 1029/1914 [00:07<00:06, 140.69σà¼σÅ╕/s]
≡ƒôè ocfps Φ╢ïσè┐σêåµ₧É:  55%|ΓûêΓûêΓûêΓûêΓûêΓûêΓûêΓûêΓûêΓûêΓûêΓûêΓûêΓûêΓûêΓûêΓûêΓûêΓûêΓûêΓûÅ                | 1045/1914 [00:07<00:06, 143.80σà¼σÅ╕/s]
≡ƒôè ocfps Φ╢ïσè┐σêåµ₧É:  55%|ΓûêΓûêΓûêΓûêΓûêΓûêΓûêΓûêΓûêΓûêΓûêΓûêΓûêΓûêΓûêΓûêΓûêΓûêΓûêΓûêΓûì                | 1060/1914 [00:07<00:05, 144.42σà¼σÅ╕/s]
≡ƒôè ocfps Φ╢ïσè┐σêåµ₧É:  56%|ΓûêΓûêΓûêΓûêΓûêΓûêΓûêΓûêΓûêΓûêΓûêΓûêΓûêΓûêΓûêΓûêΓûêΓûêΓûêΓûêΓûè                | 1075/1914 [00:08<00:05, 142.19σà¼σÅ╕/s]
≡ƒôè ocfps Φ╢ïσè┐σêåµ₧É:  57%|ΓûêΓûêΓûêΓûêΓûêΓûêΓûêΓûêΓûêΓûêΓûêΓûêΓûêΓûêΓûêΓûêΓûêΓûêΓûêΓûêΓûê                | 1090/1914 [00:08<00:05, 139.56σà¼σÅ╕/s]
≡ƒôè ocfps Φ╢ïσè┐σêåµ₧É:  58%|ΓûêΓûêΓûêΓûêΓûêΓûêΓûêΓûêΓûêΓûêΓûêΓûêΓûêΓûêΓûêΓûêΓûêΓûêΓûêΓûêΓûêΓûÄ               | 1104/1914 [00:08<00:05, 138.62σà¼σÅ╕/s]
≡ƒôè ocfps Φ╢ïσè┐σêåµ₧É:  58%|ΓûêΓûêΓûêΓûêΓûêΓûêΓûêΓûêΓûêΓûêΓûêΓûêΓûêΓûêΓûêΓûêΓûêΓûêΓûêΓûêΓûêΓûî               | 1118/1914 [00:08<00:05, 137.81σà¼σÅ╕/s]
≡ƒôè ocfps Φ╢ïσè┐σêåµ₧É:  59%|ΓûêΓûêΓûêΓûêΓûêΓûêΓûêΓûêΓûêΓûêΓûêΓûêΓûêΓûêΓûêΓûêΓûêΓûêΓûêΓûêΓûêΓûë               | 1133/1914 [00:08<00:05, 137.50σà¼σÅ╕/s]
≡ƒôè ocfps Φ╢ïσè┐σêåµ₧É:  60%|ΓûêΓûêΓûêΓûêΓûêΓûêΓûêΓûêΓûêΓûêΓûêΓûêΓûêΓûêΓûêΓûêΓûêΓûêΓûêΓûêΓûêΓûêΓûÅ              | 1147/1914 [00:08<00:05, 138.13σà¼σÅ╕/s]
≡ƒôè ocfps Φ╢ïσè┐σêåµ₧É:  61%|ΓûêΓûêΓûêΓûêΓûêΓûêΓûêΓûêΓûêΓûêΓûêΓûêΓûêΓûêΓûêΓûêΓûêΓûêΓûêΓûêΓûêΓûêΓûì              | 1161/1914 [00:08<00:05, 136.93σà¼σÅ╕/s]
≡ƒôè ocfps Φ╢ïσè┐σêåµ₧É:  61%|ΓûêΓûêΓûêΓûêΓûêΓûêΓûêΓûêΓûêΓûêΓûêΓûêΓûêΓûêΓûêΓûêΓûêΓûêΓûêΓûêΓûêΓûêΓûï              | 1175/1914 [00:08<00:05, 136.79σà¼σÅ╕/s]
≡ƒôè ocfps Φ╢ïσè┐σêåµ₧É:  62%|ΓûêΓûêΓûêΓûêΓûêΓûêΓûêΓûêΓûêΓûêΓûêΓûêΓûêΓûêΓûêΓûêΓûêΓûêΓûêΓûêΓûêΓûêΓûê              | 1190/1914 [00:08<00:05, 138.48σà¼σÅ╕/s]
≡ƒôè ocfps Φ╢ïσè┐σêåµ₧É:  63%|ΓûêΓûêΓûêΓûêΓûêΓûêΓûêΓûêΓûêΓûêΓûêΓûêΓûêΓûêΓûêΓûêΓûêΓûêΓûêΓûêΓûêΓûêΓûêΓûÄ             | 1204/1914 [00:09<00:05, 135.97σà¼σÅ╕/s]
≡ƒôè ocfps Φ╢ïσè┐σêåµ₧É:  64%|ΓûêΓûêΓûêΓûêΓûêΓûêΓûêΓûêΓûêΓûêΓûêΓûêΓûêΓûêΓûêΓûêΓûêΓûêΓûêΓûêΓûêΓûêΓûêΓûî             | 1218/1914 [00:09<00:05, 135.70σà¼σÅ╕/s]
≡ƒôè ocfps Φ╢ïσè┐σêåµ₧É:  64%|ΓûêΓûêΓûêΓûêΓûêΓûêΓûêΓûêΓûêΓûêΓûêΓûêΓûêΓûêΓûêΓûêΓûêΓûêΓûêΓûêΓûêΓûêΓûêΓûè             | 1232/1914 [00:09<00:05, 135.50σà¼σÅ╕/s]
≡ƒôè ocfps Φ╢ïσè┐σêåµ₧É:  65%|ΓûêΓûêΓûêΓûêΓûêΓûêΓûêΓûêΓûêΓûêΓûêΓûêΓûêΓûêΓûêΓûêΓûêΓûêΓûêΓûêΓûêΓûêΓûêΓûê             | 1247/1914 [00:09<00:04, 136.84σà¼σÅ╕/s]
≡ƒôè ocfps Φ╢ïσè┐σêåµ₧É:  66%|ΓûêΓûêΓûêΓûêΓûêΓûêΓûêΓûêΓûêΓûêΓûêΓûêΓûêΓûêΓûêΓûêΓûêΓûêΓûêΓûêΓûêΓûêΓûêΓûêΓûì            | 1262/1914 [00:09<00:04, 138.79σà¼σÅ╕/s]
≡ƒôè ocfps Φ╢ïσè┐σêåµ₧É:  67%|ΓûêΓûêΓûêΓûêΓûêΓûêΓûêΓûêΓûêΓûêΓûêΓûêΓûêΓûêΓûêΓûêΓûêΓûêΓûêΓûêΓûêΓûêΓûêΓûêΓûï            | 1276/1914 [00:09<00:04, 138.68σà¼σÅ╕/s]
≡ƒôè ocfps Φ╢ïσè┐σêåµ₧É:  67%|ΓûêΓûêΓûêΓûêΓûêΓûêΓûêΓûêΓûêΓûêΓûêΓûêΓûêΓûêΓûêΓûêΓûêΓûêΓûêΓûêΓûêΓûêΓûêΓûêΓûë            | 1291/1914 [00:09<00:04, 139.15σà¼σÅ╕/s]
≡ƒôè ocfps Φ╢ïσè┐σêåµ₧É:  68%|ΓûêΓûêΓûêΓûêΓûêΓûêΓûêΓûêΓûêΓûêΓûêΓûêΓûêΓûêΓûêΓûêΓûêΓûêΓûêΓûêΓûêΓûêΓûêΓûêΓûêΓûÅ           | 1305/1914 [00:09<00:04, 139.37σà¼σÅ╕/s]
≡ƒôè ocfps Φ╢ïσè┐σêåµ₧É:  69%|ΓûêΓûêΓûêΓûêΓûêΓûêΓûêΓûêΓûêΓûêΓûêΓûêΓûêΓûêΓûêΓûêΓûêΓûêΓûêΓûêΓûêΓûêΓûêΓûêΓûêΓûì           | 1319/1914 [00:09<00:04, 138.36σà¼σÅ╕/s]
≡ƒôè ocfps Φ╢ïσè┐σêåµ₧É:  70%|ΓûêΓûêΓûêΓûêΓûêΓûêΓûêΓûêΓûêΓûêΓûêΓûêΓûêΓûêΓûêΓûêΓûêΓûêΓûêΓûêΓûêΓûêΓûêΓûêΓûêΓûè           | 1334/1914 [00:09<00:04, 139.96σà¼σÅ╕/s]
≡ƒôè ocfps Φ╢ïσè┐σêåµ₧É:  70%|ΓûêΓûêΓûêΓûêΓûêΓûêΓûêΓûêΓûêΓûêΓûêΓûêΓûêΓûêΓûêΓûêΓûêΓûêΓûêΓûêΓûêΓûêΓûêΓûêΓûêΓûê           | 1348/1914 [00:10<00:04, 137.79σà¼σÅ╕/s]
≡ƒôè ocfps Φ╢ïσè┐σêåµ₧É:  71%|ΓûêΓûêΓûêΓûêΓûêΓûêΓûêΓûêΓûêΓûêΓûêΓûêΓûêΓûêΓûêΓûêΓûêΓûêΓûêΓûêΓûêΓûêΓûêΓûêΓûêΓûêΓûÄ          | 1362/1914 [00:10<00:04, 136.78σà¼σÅ╕/s]
≡ƒôè ocfps Φ╢ïσè┐σêåµ₧É:  72%|ΓûêΓûêΓûêΓûêΓûêΓûêΓûêΓûêΓûêΓûêΓûêΓûêΓûêΓûêΓûêΓûêΓûêΓûêΓûêΓûêΓûêΓûêΓûêΓûêΓûêΓûêΓûî          | 1376/1914 [00:10<00:03, 137.65σà¼σÅ╕/s]
≡ƒôè ocfps Φ╢ïσè┐σêåµ₧É:  73%|ΓûêΓûêΓûêΓûêΓûêΓûêΓûêΓûêΓûêΓûêΓûêΓûêΓûêΓûêΓûêΓûêΓûêΓûêΓûêΓûêΓûêΓûêΓûêΓûêΓûêΓûêΓûè          | 1390/1914 [00:10<00:03, 137.20σà¼σÅ╕/s]
≡ƒôè ocfps Φ╢ïσè┐σêåµ₧É:  73%|ΓûêΓûêΓûêΓûêΓûêΓûêΓûêΓûêΓûêΓûêΓûêΓûêΓûêΓûêΓûêΓûêΓûêΓûêΓûêΓûêΓûêΓûêΓûêΓûêΓûêΓûêΓûêΓûÅ         | 1405/1914 [00:10<00:03, 139.81σà¼σÅ╕/s]
≡ƒôè ocfps Φ╢ïσè┐σêåµ₧É:  74%|ΓûêΓûêΓûêΓûêΓûêΓûêΓûêΓûêΓûêΓûêΓûêΓûêΓûêΓûêΓûêΓûêΓûêΓûêΓûêΓûêΓûêΓûêΓûêΓûêΓûêΓûêΓûêΓûì         | 1421/1914 [00:10<00:03, 145.71σà¼σÅ╕/s]
≡ƒôè ocfps Φ╢ïσè┐σêåµ₧É:  75%|ΓûêΓûêΓûêΓûêΓûêΓûêΓûêΓûêΓûêΓûêΓûêΓûêΓûêΓûêΓûêΓûêΓûêΓûêΓûêΓûêΓûêΓûêΓûêΓûêΓûêΓûêΓûêΓûè         | 1436/1914 [00:10<00:03, 146.06σà¼σÅ╕/s]
≡ƒôè ocfps Φ╢ïσè┐σêåµ₧É:  76%|ΓûêΓûêΓûêΓûêΓûêΓûêΓûêΓûêΓûêΓûêΓûêΓûêΓûêΓûêΓûêΓûêΓûêΓûêΓûêΓûêΓûêΓûêΓûêΓûêΓûêΓûêΓûêΓûê         | 1451/1914 [00:10<00:03, 142.82σà¼σÅ╕/s]
≡ƒôè ocfps Φ╢ïσè┐σêåµ₧É:  77%|ΓûêΓûêΓûêΓûêΓûêΓûêΓûêΓûêΓûêΓûêΓûêΓûêΓûêΓûêΓûêΓûêΓûêΓûêΓûêΓûêΓûêΓûêΓûêΓûêΓûêΓûêΓûêΓûêΓûÄ        | 1466/1914 [00:10<00:03, 142.98σà¼σÅ╕/s]
≡ƒôè ocfps Φ╢ïσè┐σêåµ₧É:  77%|ΓûêΓûêΓûêΓûêΓûêΓûêΓûêΓûêΓûêΓûêΓûêΓûêΓûêΓûêΓûêΓûêΓûêΓûêΓûêΓûêΓûêΓûêΓûêΓûêΓûêΓûêΓûêΓûêΓûï        | 1481/1914 [00:11<00:03, 143.74σà¼σÅ╕/s]
≡ƒôè ocfps Φ╢ïσè┐σêåµ₧É:  78%|ΓûêΓûêΓûêΓûêΓûêΓûêΓûêΓûêΓûêΓûêΓûêΓûêΓûêΓûêΓûêΓûêΓûêΓûêΓûêΓûêΓûêΓûêΓûêΓûêΓûêΓûêΓûêΓûêΓûë        | 1496/1914 [00:11<00:03, 137.65σà¼σÅ╕/s]
≡ƒôè ocfps Φ╢ïσè┐σêåµ₧É:  79%|ΓûêΓûêΓûêΓûêΓûêΓûêΓûêΓûêΓûêΓûêΓûêΓûêΓûêΓûêΓûêΓûêΓûêΓûêΓûêΓûêΓûêΓûêΓûêΓûêΓûêΓûêΓûêΓûêΓûêΓûÅ       | 1510/1914 [00:11<00:02, 136.21σà¼σÅ╕/s]
≡ƒôè ocfps Φ╢ïσè┐σêåµ₧É:  80%|ΓûêΓûêΓûêΓûêΓûêΓûêΓûêΓûêΓûêΓûêΓûêΓûêΓûêΓûêΓûêΓûêΓûêΓûêΓûêΓûêΓûêΓûêΓûêΓûêΓûêΓûêΓûêΓûêΓûêΓûì       | 1524/1914 [00:11<00:02, 136.58σà¼σÅ╕/s]
≡ƒôè ocfps Φ╢ïσè┐σêåµ₧É:  80%|ΓûêΓûêΓûêΓûêΓûêΓûêΓûêΓûêΓûêΓûêΓûêΓûêΓûêΓûêΓûêΓûêΓûêΓûêΓûêΓûêΓûêΓûêΓûêΓûêΓûêΓûêΓûêΓûêΓûêΓûè       | 1539/1914 [00:11<00:02, 137.07σà¼σÅ╕/s]
≡ƒôè ocfps Φ╢ïσè┐σêåµ₧É:  81%|ΓûêΓûêΓûêΓûêΓûêΓûêΓûêΓûêΓûêΓûêΓûêΓûêΓûêΓûêΓûêΓûêΓûêΓûêΓûêΓûêΓûêΓûêΓûêΓûêΓûêΓûêΓûêΓûêΓûêΓûê       | 1554/1914 [00:11<00:02, 138.96σà¼σÅ╕/s]
≡ƒôè ocfps Φ╢ïσè┐σêåµ₧É:  82%|ΓûêΓûêΓûêΓûêΓûêΓûêΓûêΓûêΓûêΓûêΓûêΓûêΓûêΓûêΓûêΓûêΓûêΓûêΓûêΓûêΓûêΓûêΓûêΓûêΓûêΓûêΓûêΓûêΓûêΓûêΓûÄ      | 1568/1914 [00:11<00:02, 137.80σà¼σÅ╕/s]
≡ƒôè ocfps Φ╢ïσè┐σêåµ₧É:  83%|ΓûêΓûêΓûêΓûêΓûêΓûêΓûêΓûêΓûêΓûêΓûêΓûêΓûêΓûêΓûêΓûêΓûêΓûêΓûêΓûêΓûêΓûêΓûêΓûêΓûêΓûêΓûêΓûêΓûêΓûêΓûî      | 1582/1914 [00:11<00:02, 138.35σà¼σÅ╕/s]
≡ƒôè ocfps Φ╢ïσè┐σêåµ₧É:  83%|ΓûêΓûêΓûêΓûêΓûêΓûêΓûêΓûêΓûêΓûêΓûêΓûêΓûêΓûêΓûêΓûêΓûêΓûêΓûêΓûêΓûêΓûêΓûêΓûêΓûêΓûêΓûêΓûêΓûêΓûêΓûè      | 1596/1914 [00:11<00:02, 138.80σà¼σÅ╕/s]
≡ƒôè ocfps Φ╢ïσè┐σêåµ₧É:  84%|ΓûêΓûêΓûêΓûêΓûêΓûêΓûêΓûêΓûêΓûêΓûêΓûêΓûêΓûêΓûêΓûêΓûêΓûêΓûêΓûêΓûêΓûêΓûêΓûêΓûêΓûêΓûêΓûêΓûêΓûêΓûêΓûÅ     | 1611/1914 [00:11<00:02, 140.13σà¼σÅ╕/s]
≡ƒôè ocfps Φ╢ïσè┐σêåµ₧É:  85%|ΓûêΓûêΓûêΓûêΓûêΓûêΓûêΓûêΓûêΓûêΓûêΓûêΓûêΓûêΓûêΓûêΓûêΓûêΓûêΓûêΓûêΓûêΓûêΓûêΓûêΓûêΓûêΓûêΓûêΓûêΓûêΓûì     | 1626/1914 [00:12<00:02, 138.58σà¼σÅ╕/s]
≡ƒôè ocfps Φ╢ïσè┐σêåµ₧É:  86%|ΓûêΓûêΓûêΓûêΓûêΓûêΓûêΓûêΓûêΓûêΓûêΓûêΓûêΓûêΓûêΓûêΓûêΓûêΓûêΓûêΓûêΓûêΓûêΓûêΓûêΓûêΓûêΓûêΓûêΓûêΓûêΓûï     | 1640/1914 [00:12<00:02, 135.18σà¼σÅ╕/s]
≡ƒôè ocfps Φ╢ïσè┐σêåµ₧É:  86%|ΓûêΓûêΓûêΓûêΓûêΓûêΓûêΓûêΓûêΓûêΓûêΓûêΓûêΓûêΓûêΓûêΓûêΓûêΓûêΓûêΓûêΓûêΓûêΓûêΓûêΓûêΓûêΓûêΓûêΓûêΓûêΓûë     | 1654/1914 [00:12<00:01, 134.89σà¼σÅ╕/s]
≡ƒôè ocfps Φ╢ïσè┐σêåµ₧É:  87%|ΓûêΓûêΓûêΓûêΓûêΓûêΓûêΓûêΓûêΓûêΓûêΓûêΓûêΓûêΓûêΓûêΓûêΓûêΓûêΓûêΓûêΓûêΓûêΓûêΓûêΓûêΓûêΓûêΓûêΓûêΓûêΓûêΓûÅ    | 1668/1914 [00:12<00:01, 135.08σà¼σÅ╕/s]
≡ƒôè ocfps Φ╢ïσè┐σêåµ₧É:  88%|ΓûêΓûêΓûêΓûêΓûêΓûêΓûêΓûêΓûêΓûêΓûêΓûêΓûêΓûêΓûêΓûêΓûêΓûêΓûêΓûêΓûêΓûêΓûêΓûêΓûêΓûêΓûêΓûêΓûêΓûêΓûêΓûêΓûî    | 1683/1914 [00:12<00:01, 138.24σà¼σÅ╕/s]
≡ƒôè ocfps Φ╢ïσè┐σêåµ₧É:  89%|ΓûêΓûêΓûêΓûêΓûêΓûêΓûêΓûêΓûêΓûêΓûêΓûêΓûêΓûêΓûêΓûêΓûêΓûêΓûêΓûêΓûêΓûêΓûêΓûêΓûêΓûêΓûêΓûêΓûêΓûêΓûêΓûêΓûè    | 1697/1914 [00:12<00:01, 137.21σà¼σÅ╕/s]
≡ƒôè ocfps Φ╢ïσè┐σêåµ₧É:  89%|ΓûêΓûêΓûêΓûêΓûêΓûêΓûêΓûêΓûêΓûêΓûêΓûêΓûêΓûêΓûêΓûêΓûêΓûêΓûêΓûêΓûêΓûêΓûêΓûêΓûêΓûêΓûêΓûêΓûêΓûêΓûêΓûêΓûê    | 1712/1914 [00:12<00:01, 138.62σà¼σÅ╕/s]
≡ƒôè ocfps Φ╢ïσè┐σêåµ₧É:  90%|ΓûêΓûêΓûêΓûêΓûêΓûêΓûêΓûêΓûêΓûêΓûêΓûêΓûêΓûêΓûêΓûêΓûêΓûêΓûêΓûêΓûêΓûêΓûêΓûêΓûêΓûêΓûêΓûêΓûêΓûêΓûêΓûêΓûêΓûì   | 1727/1914 [00:12<00:01, 140.08σà¼σÅ╕/s]
≡ƒôè ocfps Φ╢ïσè┐σêåµ₧É:  91%|ΓûêΓûêΓûêΓûêΓûêΓûêΓûêΓûêΓûêΓûêΓûêΓûêΓûêΓûêΓûêΓûêΓûêΓûêΓûêΓûêΓûêΓûêΓûêΓûêΓûêΓûêΓûêΓûêΓûêΓûêΓûêΓûêΓûêΓûï   | 1742/1914 [00:12<00:01, 140.66σà¼σÅ╕/s]
≡ƒôè ocfps Φ╢ïσè┐σêåµ₧É:  92%|ΓûêΓûêΓûêΓûêΓûêΓûêΓûêΓûêΓûêΓûêΓûêΓûêΓûêΓûêΓûêΓûêΓûêΓûêΓûêΓûêΓûêΓûêΓûêΓûêΓûêΓûêΓûêΓûêΓûêΓûêΓûêΓûêΓûêΓûë   | 1757/1914 [00:13<00:01, 142.08σà¼σÅ╕/s]
≡ƒôè ocfps Φ╢ïσè┐σêåµ₧É:  93%|ΓûêΓûêΓûêΓûêΓûêΓûêΓûêΓûêΓûêΓûêΓûêΓûêΓûêΓûêΓûêΓûêΓûêΓûêΓûêΓûêΓûêΓûêΓûêΓûêΓûêΓûêΓûêΓûêΓûêΓûêΓûêΓûêΓûêΓûêΓûÄ  | 1772/1914 [00:13<00:01, 139.08σà¼σÅ╕/s]
≡ƒôè ocfps Φ╢ïσè┐σêåµ₧É:  93%|ΓûêΓûêΓûêΓûêΓûêΓûêΓûêΓûêΓûêΓûêΓûêΓûêΓûêΓûêΓûêΓûêΓûêΓûêΓûêΓûêΓûêΓûêΓûêΓûêΓûêΓûêΓûêΓûêΓûêΓûêΓûêΓûêΓûêΓûêΓûî  | 1786/1914 [00:13<00:00, 136.13σà¼σÅ╕/s]
≡ƒôè ocfps Φ╢ïσè┐σêåµ₧É:  94%|ΓûêΓûêΓûêΓûêΓûêΓûêΓûêΓûêΓûêΓûêΓûêΓûêΓûêΓûêΓûêΓûêΓûêΓûêΓûêΓûêΓûêΓûêΓûêΓûêΓûêΓûêΓûêΓûêΓûêΓûêΓûêΓûêΓûêΓûêΓûè  | 1801/1914 [00:13<00:00, 137.92σà¼σÅ╕/s]
≡ƒôè ocfps Φ╢ïσè┐σêåµ₧É:  95%|ΓûêΓûêΓûêΓûêΓûêΓûêΓûêΓûêΓûêΓûêΓûêΓûêΓûêΓûêΓûêΓûêΓûêΓûêΓûêΓûêΓûêΓûêΓûêΓûêΓûêΓûêΓûêΓûêΓûêΓûêΓûêΓûêΓûêΓûêΓûê  | 1815/1914 [00:13<00:00, 137.60σà¼σÅ╕/s]
≡ƒôè ocfps Φ╢ïσè┐σêåµ₧É:  96%|ΓûêΓûêΓûêΓûêΓûêΓûêΓûêΓûêΓûêΓûêΓûêΓûêΓûêΓûêΓûêΓûêΓûêΓûêΓûêΓûêΓûêΓûêΓûêΓûêΓûêΓûêΓûêΓûêΓûêΓûêΓûêΓûêΓûêΓûêΓûêΓûì | 1830/1914 [00:13<00:00, 140.52σà¼σÅ╕/s]
≡ƒôè ocfps Φ╢ïσè┐σêåµ₧É:  96%|ΓûêΓûêΓûêΓûêΓûêΓûêΓûêΓûêΓûêΓûêΓûêΓûêΓûêΓûêΓûêΓûêΓûêΓûêΓûêΓûêΓûêΓûêΓûêΓûêΓûêΓûêΓûêΓûêΓûêΓûêΓûêΓûêΓûêΓûêΓûêΓûï | 1845/1914 [00:13<00:00, 139.08σà¼σÅ╕/s]
≡ƒôè ocfps Φ╢ïσè┐σêåµ₧É:  97%|ΓûêΓûêΓûêΓûêΓûêΓûêΓûêΓûêΓûêΓûêΓûêΓûêΓûêΓûêΓûêΓûêΓûêΓûêΓûêΓûêΓûêΓûêΓûêΓûêΓûêΓûêΓûêΓûêΓûêΓûêΓûêΓûêΓûêΓûêΓûêΓûë | 1859/1914 [00:13<00:00, 138.21σà¼σÅ╕/s]
≡ƒôè ocfps Φ╢ïσè┐σêåµ₧É:  98%|ΓûêΓûêΓûêΓûêΓûêΓûêΓûêΓûêΓûêΓûêΓûêΓûêΓûêΓûêΓûêΓûêΓûêΓûêΓûêΓûêΓûêΓûêΓûêΓûêΓûêΓûêΓûêΓûêΓûêΓûêΓûêΓûêΓûêΓûêΓûêΓûêΓûÅ| 1874/1914 [00:13<00:00, 139.46σà¼σÅ╕/s]
≡ƒôè ocfps Φ╢ïσè┐σêåµ₧É:  99%|ΓûêΓûêΓûêΓûêΓûêΓûêΓûêΓûêΓûêΓûêΓûêΓûêΓûêΓûêΓûêΓûêΓûêΓûêΓûêΓûêΓûêΓûêΓûêΓûêΓûêΓûêΓûêΓûêΓûêΓûêΓûêΓûêΓûêΓûêΓûêΓûêΓûì| 1888/1914 [00:13<00:00, 139.00σà¼σÅ╕/s]
≡ƒôè ocfps Φ╢ïσè┐σêåµ₧É:  99%|ΓûêΓûêΓûêΓûêΓûêΓûêΓûêΓûêΓûêΓûêΓûêΓûêΓûêΓûêΓûêΓûêΓûêΓûêΓûêΓûêΓûêΓûêΓûêΓûêΓûêΓûêΓûêΓûêΓûêΓûêΓûêΓûêΓûêΓûêΓûêΓûêΓûè| 1903/1914 [00:14<00:00, 139.82σà¼σÅ╕/s]
≡ƒôè ocfps Φ╢ïσè┐σêåµ₧É: 100%|ΓûêΓûêΓûêΓûêΓûêΓûêΓûêΓûêΓûêΓûêΓûêΓûêΓûêΓûêΓûêΓûêΓûêΓûêΓûêΓûêΓûêΓûêΓûêΓûêΓûêΓûêΓûêΓûêΓûêΓûêΓûêΓûêΓûêΓûêΓûêΓûêΓûê| 1914/1914 [00:14<00:00, 135.18σà¼σÅ╕/s]
2025-12-08 15:34:35,573 - INFO -   Γ£à µû╣µ│ò analyze_metric_trend µëºΦíîσ«îµêÉ
[12/08/25 15:34:35] INFO       Γ£à µû╣µ│ò analyze_metric_trend kedro_engine.py:365
                             µëºΦíîσ«îµêÉ                                          
2025-12-08 15:34:35,573 - INFO - ≡ƒÄ» µû╣µ│òσ║ÅσêùµëºΦíîσ«îµêÉ∩╝îσà▒ 1 Σ╕¬µû╣µ│ò
                    INFO     ≡ƒÄ» µû╣µ│òσ║ÅσêùµëºΦíîσ«îµêÉ∩╝îσà▒ 1      kedro_engine.py:366
                             Σ╕¬µû╣µ│ò                                            
                    INFO     [PLUGIN] <- node Analyze_OCF_Trend  loggers.py:308
                             duration=14.356571899959818s                      
                             cached=False                                      
                    INFO     Γ£à Φèéτé╣σ«îµêÉ:                 prefect_engine.py:616
                             Analyze_OCF_Trend ->                              
                             ['Analyze_OCF_Trend__OCF_Tre                      
                             nd_Result']                                       
[12/08/25 15:34:36] INFO     Finished in state Completed()   task_engine.py:292
                    INFO     ≡ƒº⌐ Nodeσ▒é 3:                 prefect_engine.py:649
                             ['store_ROE_Trend',                               
                             'store_OCF_Trend',                                
                             'store_NetMargin_Trend',                          
                             'store_ROIIC_Trend',                              
                             'store_Revenue_Trend',                            
                             'store_Profit_Trend',                             
                             'store_ROIC_Trend',                               
                             'store_GrossMargin_Trend']                        
[12/08/25 15:34:37] WARNING  Concurrency limits                 _asyncio.py:111
                             ['tag:kedro-node'] do not exist -                 
                             skipping acquisition.                             
                    INFO     ≡ƒÜÇ µëºΦíîKedroΦèéτé╣:            prefect_engine.py:548
                             store_ROE_Trend                                   
2025-12-08 15:34:37,365 - INFO - ≡ƒöä µëºΦíîµû╣µ│òσ║Åσêù: ['store']
                    INFO     ≡ƒöä µëºΦíîµû╣µ│òσ║Åσêù: ['store']     kedro_engine.py:292
                    INFO     [PLUGIN] -> node store_ROE_Trend    loggers.py:308
                             inputs=1                                          
2025-12-08 15:34:37,369 - INFO -   ΓÜí µëºΦíîµû╣µ│ò 1/1: store
                    INFO       ΓÜí µëºΦíîµû╣µ│ò 1/1: store       kedro_engine.py:303
2025-12-08 15:34:37,434 - INFO -   Γ£à µû╣µ│ò store µëºΦíîσ«îµêÉ
                    INFO       Γ£à µû╣µ│ò store µëºΦíîσ«îµêÉ       kedro_engine.py:365
2025-12-08 15:34:37,434 - INFO - ≡ƒÄ» µû╣µ│òσ║ÅσêùµëºΦíîσ«îµêÉ∩╝îσà▒ 1 Σ╕¬µû╣µ│ò
                    INFO     ≡ƒÄ» µû╣µ│òσ║ÅσêùµëºΦíîσ«îµêÉ∩╝îσà▒ 1      kedro_engine.py:366
                             Σ╕¬µû╣µ│ò                                            
                    INFO     [PLUGIN] <- node store_ROE_Trend    loggers.py:308
                             duration=0.13513910002075136s                     
                             cached=False                                      
                    INFO     Γ£à Φèéτé╣σ«îµêÉ: store_ROE_Trend prefect_engine.py:616
                             -> []                                             
[12/08/25 15:34:38] INFO     Finished in state Completed()   task_engine.py:292
[12/08/25 15:34:39] WARNING  Concurrency limits                 _asyncio.py:111
                             ['tag:kedro-node'] do not exist -                 
                             skipping acquisition.                             
                    INFO     ≡ƒÜÇ µëºΦíîKedroΦèéτé╣:            prefect_engine.py:548
                             store_OCF_Trend                                   
2025-12-08 15:34:39,455 - INFO - ≡ƒöä µëºΦíîµû╣µ│òσ║Åσêù: ['store']
                    INFO     ≡ƒöä µëºΦíîµû╣µ│òσ║Åσêù: ['store']     kedro_engine.py:292
                    INFO     [PLUGIN] -> node store_OCF_Trend    loggers.py:308
                             inputs=1                                          
2025-12-08 15:34:39,463 - INFO -   ΓÜí µëºΦíîµû╣µ│ò 1/1: store
                    INFO       ΓÜí µëºΦíîµû╣µ│ò 1/1: store       kedro_engine.py:303
2025-12-08 15:34:39,553 - INFO -   Γ£à µû╣µ│ò store µëºΦíîσ«îµêÉ
                    INFO       Γ£à µû╣µ│ò store µëºΦíîσ«îµêÉ       kedro_engine.py:365
2025-12-08 15:34:39,553 - INFO - ≡ƒÄ» µû╣µ│òσ║ÅσêùµëºΦíîσ«îµêÉ∩╝îσà▒ 1 Σ╕¬µû╣µ│ò
                    INFO     ≡ƒÄ» µû╣µ│òσ║ÅσêùµëºΦíîσ«îµêÉ∩╝îσà▒ 1      kedro_engine.py:366
                             Σ╕¬µû╣µ│ò                                            
                    INFO     [PLUGIN] <- node store_OCF_Trend    loggers.py:308
                             duration=0.17002320010215044s                     
                             cached=False                                      
                    INFO     Γ£à Φèéτé╣σ«îµêÉ: store_OCF_Trend prefect_engine.py:616
                             -> []                                             
[12/08/25 15:34:40] INFO     Finished in state Completed()   task_engine.py:292
[12/08/25 15:34:41] WARNING  Concurrency limits                 _asyncio.py:111
                             ['tag:kedro-node'] do not exist -                 
                             skipping acquisition.                             
                    INFO     ≡ƒÜÇ µëºΦíîKedroΦèéτé╣:            prefect_engine.py:548
                             store_NetMargin_Trend                             
2025-12-08 15:34:41,663 - INFO - ≡ƒöä µëºΦíîµû╣µ│òσ║Åσêù: ['store']
                    INFO     ≡ƒöä µëºΦíîµû╣µ│òσ║Åσêù: ['store']     kedro_engine.py:292
                    INFO     [PLUGIN] -> node                    loggers.py:308
                             store_NetMargin_Trend inputs=1                    
2025-12-08 15:34:41,669 - INFO -   ΓÜí µëºΦíîµû╣µ│ò 1/1: store
                    INFO       ΓÜí µëºΦíîµû╣µ│ò 1/1: store       kedro_engine.py:303
2025-12-08 15:34:41,757 - INFO -   Γ£à µû╣µ│ò store µëºΦíîσ«îµêÉ
                    INFO       Γ£à µû╣µ│ò store µëºΦíîσ«îµêÉ       kedro_engine.py:365
2025-12-08 15:34:41,759 - INFO - ≡ƒÄ» µû╣µ│òσ║ÅσêùµëºΦíîσ«îµêÉ∩╝îσà▒ 1 Σ╕¬µû╣µ│ò
                    INFO     ≡ƒÄ» µû╣µ│òσ║ÅσêùµëºΦíîσ«îµêÉ∩╝îσà▒ 1      kedro_engine.py:366
                             Σ╕¬µû╣µ│ò                                            
                    INFO     [PLUGIN] <- node                    loggers.py:308
                             store_NetMargin_Trend                             
                             duration=0.16059229988604784s                     
                             cached=False                                      
                    INFO     Γ£à Φèéτé╣σ«îµêÉ:                 prefect_engine.py:616
                             store_NetMargin_Trend -> []                       
[12/08/25 15:34:42] INFO     Finished in state Completed()   task_engine.py:292
[12/08/25 15:34:43] WARNING  Concurrency limits                 _asyncio.py:111
                             ['tag:kedro-node'] do not exist -                 
                             skipping acquisition.                             
                    INFO     ≡ƒÜÇ µëºΦíîKedroΦèéτé╣:            prefect_engine.py:548
                             store_ROIIC_Trend                                 
2025-12-08 15:34:43,793 - INFO - ≡ƒöä µëºΦíîµû╣µ│òσ║Åσêù: ['store']
                    INFO     ≡ƒöä µëºΦíîµû╣µ│òσ║Åσêù: ['store']     kedro_engine.py:292
                    INFO     [PLUGIN] -> node store_ROIIC_Trend  loggers.py:308
                             inputs=1                                          
2025-12-08 15:34:43,797 - INFO -   ΓÜí µëºΦíîµû╣µ│ò 1/1: store
                    INFO       ΓÜí µëºΦíîµû╣µ│ò 1/1: store       kedro_engine.py:303
2025-12-08 15:34:43,977 - INFO -   Γ£à µû╣µ│ò store µëºΦíîσ«îµêÉ
                    INFO       Γ£à µû╣µ│ò store µëºΦíîσ«îµêÉ       kedro_engine.py:365
2025-12-08 15:34:43,978 - INFO - ≡ƒÄ» µû╣µ│òσ║ÅσêùµëºΦíîσ«îµêÉ∩╝îσà▒ 1 Σ╕¬µû╣µ│ò
                    INFO     ≡ƒÄ» µû╣µ│òσ║ÅσêùµëºΦíîσ«îµêÉ∩╝îσà▒ 1      kedro_engine.py:366
                             Σ╕¬µû╣µ│ò                                            
                    INFO     [PLUGIN] <- node store_ROIIC_Trend  loggers.py:308
                             duration=0.24495909991674125s                     
                             cached=False                                      
                    INFO     Γ£à Φèéτé╣σ«îµêÉ:                 prefect_engine.py:616
                             store_ROIIC_Trend -> []                           
[12/08/25 15:34:44] INFO     Finished in state Completed()   task_engine.py:292
[12/08/25 15:34:45] WARNING  Concurrency limits                 _asyncio.py:111
                             ['tag:kedro-node'] do not exist -                 
                             skipping acquisition.                             
                    INFO     ≡ƒÜÇ µëºΦíîKedroΦèéτé╣:            prefect_engine.py:548
                             store_Revenue_Trend                               
2025-12-08 15:34:45,968 - INFO - ≡ƒöä µëºΦíîµû╣µ│òσ║Åσêù: ['store']
                    INFO     ≡ƒöä µëºΦíîµû╣µ│òσ║Åσêù: ['store']     kedro_engine.py:292
                    INFO     [PLUGIN] -> node                    loggers.py:308
                             store_Revenue_Trend inputs=1                      
2025-12-08 15:34:45,970 - INFO -   ΓÜí µëºΦíîµû╣µ│ò 1/1: store
                    INFO       ΓÜí µëºΦíîµû╣µ│ò 1/1: store       kedro_engine.py:303
2025-12-08 15:34:46,118 - INFO -   Γ£à µû╣µ│ò store µëºΦíîσ«îµêÉ
[12/08/25 15:34:46] INFO       Γ£à µû╣µ│ò store µëºΦíîσ«îµêÉ       kedro_engine.py:365
2025-12-08 15:34:46,121 - INFO - ≡ƒÄ» µû╣µ│òσ║ÅσêùµëºΦíîσ«îµêÉ∩╝îσà▒ 1 Σ╕¬µû╣µ│ò
                    INFO     ≡ƒÄ» µû╣µ│òσ║ÅσêùµëºΦíîσ«îµêÉ∩╝îσà▒ 1      kedro_engine.py:366
                             Σ╕¬µû╣µ│ò                                            
                    INFO     [PLUGIN] <- node                    loggers.py:308
                             store_Revenue_Trend                               
                             duration=0.22268010000698268s                     
                             cached=False                                      
                    INFO     Γ£à Φèéτé╣σ«îµêÉ:                 prefect_engine.py:616
                             store_Revenue_Trend -> []                         
                    INFO     Finished in state Completed()   task_engine.py:292
[12/08/25 15:34:48] WARNING  Concurrency limits                 _asyncio.py:111
                             ['tag:kedro-node'] do not exist -                 
                             skipping acquisition.                             
                    INFO     ≡ƒÜÇ µëºΦíîKedroΦèéτé╣:            prefect_engine.py:548
                             store_Profit_Trend                                
2025-12-08 15:34:48,106 - INFO - ≡ƒöä µëºΦíîµû╣µ│òσ║Åσêù: ['store']
                    INFO     ≡ƒöä µëºΦíîµû╣µ│òσ║Åσêù: ['store']     kedro_engine.py:292
                    INFO     [PLUGIN] -> node store_Profit_Trend loggers.py:308
                             inputs=1                                          
2025-12-08 15:34:48,106 - INFO -   ΓÜí µëºΦíîµû╣µ│ò 1/1: store
                    INFO       ΓÜí µëºΦíîµû╣µ│ò 1/1: store       kedro_engine.py:303
2025-12-08 15:34:48,175 - INFO -   Γ£à µû╣µ│ò store µëºΦíîσ«îµêÉ
                    INFO       Γ£à µû╣µ│ò store µëºΦíîσ«îµêÉ       kedro_engine.py:365
2025-12-08 15:34:48,180 - INFO - ≡ƒÄ» µû╣µ│òσ║ÅσêùµëºΦíîσ«îµêÉ∩╝îσà▒ 1 Σ╕¬µû╣µ│ò
                    INFO     ≡ƒÄ» µû╣µ│òσ║ÅσêùµëºΦíîσ«îµêÉ∩╝îσà▒ 1      kedro_engine.py:366
                             Σ╕¬µû╣µ│ò                                            
                    INFO     [PLUGIN] <- node store_Profit_Trend loggers.py:308
                             duration=0.13789639994502068s                     
                             cached=False                                      
                    INFO     Γ£à Φèéτé╣σ«îµêÉ:                 prefect_engine.py:616
                             store_Profit_Trend -> []                          
                    INFO     Finished in state Completed()   task_engine.py:292
[12/08/25 15:34:50] WARNING  Concurrency limits                 _asyncio.py:111
                             ['tag:kedro-node'] do not exist -                 
                             skipping acquisition.                             
                    INFO     ≡ƒÜÇ µëºΦíîKedroΦèéτé╣:            prefect_engine.py:548
                             store_ROIC_Trend                                  
2025-12-08 15:34:50,193 - INFO - ≡ƒöä µëºΦíîµû╣µ│òσ║Åσêù: ['store']
                    INFO     ≡ƒöä µëºΦíîµû╣µ│òσ║Åσêù: ['store']     kedro_engine.py:292
                    INFO     [PLUGIN] -> node store_ROIC_Trend   loggers.py:308
                             inputs=1                                          
2025-12-08 15:34:50,193 - INFO -   ΓÜí µëºΦíîµû╣µ│ò 1/1: store
                    INFO       ΓÜí µëºΦíîµû╣µ│ò 1/1: store       kedro_engine.py:303
2025-12-08 15:34:50,264 - INFO -   Γ£à µû╣µ│ò store µëºΦíîσ«îµêÉ
                    INFO       Γ£à µû╣µ│ò store µëºΦíîσ«îµêÉ       kedro_engine.py:365
2025-12-08 15:34:50,272 - INFO - ≡ƒÄ» µû╣µ│òσ║ÅσêùµëºΦíîσ«îµêÉ∩╝îσà▒ 1 Σ╕¬µû╣µ│ò
                    INFO     ≡ƒÄ» µû╣µ│òσ║ÅσêùµëºΦíîσ«îµêÉ∩╝îσà▒ 1      kedro_engine.py:366
                             Σ╕¬µû╣µ│ò                                            
                    INFO     [PLUGIN] <- node store_ROIC_Trend   loggers.py:308
                             duration=0.13409469998441637s                     
                             cached=False                                      
                    INFO     Γ£à Φèéτé╣σ«îµêÉ:                 prefect_engine.py:616
                             store_ROIC_Trend -> []                            
[12/08/25 15:34:51] INFO     Finished in state Completed()   task_engine.py:292
[12/08/25 15:34:52] WARNING  Concurrency limits                 _asyncio.py:111
                             ['tag:kedro-node'] do not exist -                 
                             skipping acquisition.                             
                    INFO     ≡ƒÜÇ µëºΦíîKedroΦèéτé╣:            prefect_engine.py:548
                             store_GrossMargin_Trend                           
2025-12-08 15:34:52,703 - INFO - ≡ƒöä µëºΦíîµû╣µ│òσ║Åσêù: ['store']
                    INFO     ≡ƒöä µëºΦíîµû╣µ│òσ║Åσêù: ['store']     kedro_engine.py:292
                    INFO     [PLUGIN] -> node                    loggers.py:308
                             store_GrossMargin_Trend inputs=1                  
2025-12-08 15:34:52,707 - INFO -   ΓÜí µëºΦíîµû╣µ│ò 1/1: store
                    INFO       ΓÜí µëºΦíîµû╣µ│ò 1/1: store       kedro_engine.py:303
2025-12-08 15:34:52,858 - INFO -   Γ£à µû╣µ│ò store µëºΦíîσ«îµêÉ
                    INFO       Γ£à µû╣µ│ò store µëºΦíîσ«îµêÉ       kedro_engine.py:365
2025-12-08 15:34:52,860 - INFO - ≡ƒÄ» µû╣µ│òσ║ÅσêùµëºΦíîσ«îµêÉ∩╝îσà▒ 1 Σ╕¬µû╣µ│ò
                    INFO     ≡ƒÄ» µû╣µ│òσ║ÅσêùµëºΦíîσ«îµêÉ∩╝îσà▒ 1      kedro_engine.py:366
                             Σ╕¬µû╣µ│ò                                            
                    INFO     [PLUGIN] <- node                    loggers.py:308
                             store_GrossMargin_Trend                           
                             duration=0.22431029984727502s                     
                             cached=False                                      
                    INFO     Γ£à Φèéτé╣σ«îµêÉ:                 prefect_engine.py:616
                             store_GrossMargin_Trend ->                        
                             []                                                
[12/08/25 15:34:53] INFO     Finished in state Completed()   task_engine.py:292
                    INFO     ≡ƒº⌐ Nodeσ▒é 4:                 prefect_engine.py:649
                             ['Generate_Comprehensive_Rep                      
                             ort']                                             
[12/08/25 15:34:54] WARNING  Concurrency limits                 _asyncio.py:111
                             ['tag:kedro-node'] do not exist -                 
                             skipping acquisition.                             
                    INFO     ≡ƒÜÇ µëºΦíîKedroΦèéτé╣:            prefect_engine.py:548
                             Generate_Comprehensive_Repor                      
                             t                                                 
2025-12-08 15:34:54,982 - INFO - ≡ƒöä µëºΦíîµû╣µ│òσ║Åσêù: ['report_comprehensive']
                    INFO     ≡ƒöä µëºΦíîµû╣µ│òσ║Åσêù:               kedro_engine.py:292
                             ['report_comprehensive']                          
                    INFO     [PLUGIN] -> node                    loggers.py:308
                             Generate_Comprehensive_Report                     
                             inputs=0                                          
2025-12-08 15:34:54,987 - INFO -   ΓÜí µëºΦíîµû╣µ│ò 1/1: report_comprehensive
                    INFO       ΓÜí µëºΦíîµû╣µ│ò 1/1:             kedro_engine.py:303
                             report_comprehensive                              
                    WARNING  ΦíîΣ╕ÜΦç¬ΘÇéσ║öΘÿêσÇ╝σ╝òµôÄΣ╕ì comprehensive_generator.py:85
                             σÅ»τö¿∩╝îσ░åΣ╜┐τö¿τ╗ƒΣ╕ÇΘÿêσÇ╝                              
2025-12-08 15:34:55,955 - INFO -   Γ£à µû╣µ│ò report_comprehensive µëºΦíîσ«îµêÉ
[12/08/25 15:34:55] INFO       Γ£à µû╣µ│ò report_comprehensive kedro_engine.py:365
                             µëºΦíîσ«îµêÉ                                          
2025-12-08 15:34:55,960 - INFO - ≡ƒÄ» µû╣µ│òσ║ÅσêùµëºΦíîσ«îµêÉ∩╝îσà▒ 1 Σ╕¬µû╣µ│ò
                    INFO     ≡ƒÄ» µû╣µ│òσ║ÅσêùµëºΦíîσ«îµêÉ∩╝îσà▒ 1      kedro_engine.py:366
                             Σ╕¬µû╣µ│ò                                            
                    INFO     [PLUGIN] <- node                    loggers.py:308
                             Generate_Comprehensive_Report                     
                             duration=0.9813059999141842s                      
                             cached=False                                      
                    INFO     Γ£à Φèéτé╣σ«îµêÉ:                 prefect_engine.py:616
                             Generate_Comprehensive_Repor                      
                             t ->                                              
                             ['Generate_Comprehensive_Rep                      
                             ort__Comprehensive_Report_Pa                      
                             th']                                              
[12/08/25 15:34:57] INFO     Finished in state Completed()   task_engine.py:292
                    INFO     Finished in state Completed()   flow_engine.py:742
[PLUGIN] Flow finished status=completed nodes=18
≡ƒÄë SUCCESS: Pipeline execution completed!
[DATA] Status: completed (mode=hybrid)
≡ƒôê Steps: 18
≡ƒº¼ Registered Outputs: 19
                    INFO     Stopping temporary server on         server.py:960
                             http://127.0.0.1:8858                             
