ts_code,name,industry,ocfps_weighted,ocfps_log_slope,ocfps_slope,ocfps_r_squared,ocfps_p_value,ocfps_cagr,ocfps_latest,ocfps_trend_score,ocfps_robust_slope,ocfps_mk_tau,ocfps_mk_p_value,ocfps_data_quality,ocfps_data_quality_original,ocfps_data_quality_cleaned,ocfps_has_loss_years,ocfps_loss_year_count,ocfps_has_near_zero_years,ocfps_near_zero_count,ocfps_has_loss_years_cleaned,ocfps_loss_year_count_cleaned,ocfps_has_near_zero_years_cleaned,ocfps_near_zero_count_cleaned,ocfps_cv,ocfps_std_dev,ocfps_range_ratio,ocfps_volatility_type,ocfps_vol_mean_near_zero,ocfps_has_inflection,ocfps_inflection_type,ocfps_early_slope,ocfps_middle_slope,ocfps_recent_slope,ocfps_slope_change,ocfps_inflection_confidence,ocfps_inflection_early_r2,ocfps_inflection_recent_r2,ocfps_has_deterioration,ocfps_deterioration_severity,ocfps_year4_to_5_change,ocfps_year3_to_4_change,ocfps_total_decline_pct,ocfps_year4_to_5_pct,ocfps_year3_to_4_pct,ocfps_is_high_level_stable,ocfps_deterioration_industry,ocfps_is_cyclical,ocfps_peak_to_trough_ratio,ocfps_has_middle_peak,ocfps_current_phase,ocfps_industry_cyclical,ocfps_has_wave_pattern,ocfps_trend_r_squared,ocfps_cyclical_cv,ocfps_cyclical_confidence,ocfps_cyclical_industry,ocfps_decline_threshold_pct,ocfps_decline_threshold_abs,ocfps_peak_to_trough_threshold,ocfps_trend_r_squared_max,ocfps_cv_threshold,ocfps_recent_3y_slope,ocfps_recent_3y_r_squared,ocfps_trend_acceleration,ocfps_is_accelerating,ocfps_is_decelerating,ocfps_full_5y_slope,ocfps_full_5y_r_squared,ocfps_wls_slope,ocfps_bootstrap_ci_median,ocfps_bootstrap_ci_low,ocfps_bootstrap_ci_high,ocfps_heteroscedasticity_detected,ocfps_fused_slope,ocfps_deterioration_probability,ocfps_consecutive_decline_years,ocfps_deterioration_acceleration,ocfps_deterioration_pattern,ocfps_detrended_cv,ocfps_has_arch_effect,ocfps_volatility_regime,ocfps_penalty,ocfps_penalty_details,ocfps_strategies,ocfps_strategy_reasons,ocfps_is_high_growth,ocfps_is_turnaround
000020.SZ,深华发A,元器件,0.273984,0.07735218938107831,0.07988,0.4737276858752592,0.19886301500837755,,0.3854,92.49972403626724,0.053436132443964,0.6,0.23333333333333334,has_loss,has_loss,has_loss,true,1,true,5,true,1,true,5,0.7268941385127704,0.18173807251096288,1.7990560755139586,volatile,false,false,none,-0.25439999999999996,0.0,0.14020000000000002,0.39459999999999995,0.5207383392132047,1.0,0.7548289987077,true,moderate,-0.020899999999999974,0.11530000000000001,32.439862542955346,-5.1439822791041045,39.621993127147775,false,元器件,true,inf,true,falling,false,false,0.0,0.7268941385127704,1.0,元器件,-5.0,-2.0,3.0,0.3,0.5,0.04470183441126041,0.5930712601017639,0.005864356042046354,false,false,0.07735218938107831,0.4737276858752592,,,,,,,0.4807121661721069,1,0.0,single_year_drop,0.5226694413455218,true,decreasing_vol,7.500275963732761,中度恶化-10分; 周期回落期-3分(景气下行趋势); 波动聚集提示-2分(大波动后可能跟着大波动),"","",0,0
000021.SZ,深科技,元器件,1.2060810000000002,-0.0005689795162839185,-0.040530000000000024,4.464576263141725e-6,0.9973097049135831,-0.07464647824597848,1.5561,98.0,0.08655668883688589,0.19999999999999998,0.8166666666666667,has_near_zero,has_near_zero,has_near_zero,false,0,true,2,false,0,true,2,0.5490442818353062,0.6688677059030433,1.2857893354347256,volatile,false,false,none,-1.5664000000000002,0.0,0.37096999999999997,1.9373700000000003,0.6896094860420179,1.0,0.8960948604201788,false,none,0.2731000000000001,0.7091,171.14479874542604,21.286048324240074,123.55811116919324,false,元器件,false,1.0,false,rising,false,false,0.0,0.5490442818353062,0.5725687588015783,元器件,-5.0,-2.0,3.0,0.3,0.5,0.33958425075260773,0.9124937697354795,0.8149408399789491,true,false,-0.0005689795162839185,4.464576263141725e-6,,,,,,,0.07161803713527852,0,0.0,none,0.5465185326425983,false,decreasing_vol,2.0,趋势不可靠-2分(Bootstrap CI过宽: 0.910),"","",0,0
000034.SZ,神州数码,软件服务,1.4398620000000002,0.10028113115741236,0.30734000000000006,0.0237983200843701,0.804362980658914,,3.7405,86.0,0.06453904761236123,0.19999999999999998,0.8166666666666667,poor,poor,poor,true,2,true,2,true,2,true,2,1.2561067500496848,1.6928048227719579,2.9508926583856465,high_volatility,false,false,none,-2.4452,0.0,1.0453000000000001,3.4905,0.6107452204788285,1.0,0.518572818573495,false,none,3.9666,-1.4774,198.92911372172938,1754.3564794338788,-118.06920802365539,false,软件服务,true,inf,true,rising,false,false,0.0,1.2561067500496848,1.0,软件服务,-5.0,-2.0,3.0,0.3,0.5,0.4906845342299418,0.18851683639390654,0.7331506947516575,false,false,0.10028113115741236,0.0237983200843701,,,,,,,0.07161803713527852,0,0.0,none,1.2032381180490337,false,stable,14.0,单年巨幅下滑-15.0分(年跌-118.1%); 周期顶部预警-5分(警惕景气回落); 趋势不可靠-2分(Bootstrap CI过宽: 1.651),"","",0,0
000045.SZ,深纺织A,元器件,0.395236,0.12424798307907801,0.12792,0.30046458926859865,0.3388025094495583,,0.4566,81.68221905050191,0.11367563611383974,0.39999999999999997,0.48333333333333334,has_loss,has_loss,has_loss,true,1,true,5,true,1,true,5,1.1224100588309565,0.40054325359441517,2.7369276466961834,high_volatility,false,false,none,0.48205,0.0,-0.25565,-0.7377,0.5286963120321434,0.7401997645496674,0.6189253528818744,false,none,0.09179999999999999,-0.6031,-52.82570513482797,25.164473684210524,-62.310156007852044,false,元器件,true,5.437640449438201,true,rising,false,false,0.0,1.1224100588309565,1.0,元器件,-5.0,-2.0,3.0,0.3,0.5,-0.2082157221325465,0.6021922065295615,-0.6355618989961827,false,true,0.12424798307907801,0.30046458926859865,,,,,,,0.6067415730337079,0,0.0,none,0.9687985290879414,false,stable,18.31778094949809,单年巨幅下滑-15.0分(年跌-62.3%); 加速下滑-0.3分(加速度-0.64); 趋势不可靠-2分(Bootstrap CI过宽: 0.730); 峰值大幅下跌-15分(从1.0跌至0.5，跌幅-52.8%),"","",0,0
000050.SZ,深天马A,元器件,2.0031000000000003,-0.04911419631402228,-0.11983999999999995,0.13810008033408658,0.5379691081209238,-0.036598179900546146,2.3403,98.0,-0.07080808137351621,-0.19999999999999998,0.8166666666666667,good,good,good,false,0,false,0,false,0,false,0,0.23386999055430188,0.48247846791333593,0.5452201142015103,moderate,false,false,none,-0.5623999999999999,0.0,0.3742,0.9365999999999999,0.663152680627531,0.9898988887375513,0.7684279175377581,false,none,0.73,0.018399999999999972,47.01300332935485,45.33316773272061,1.1558514982096848,false,元器件,false,1.0,false,rising,false,false,0.0,0.23386999055430188,0.32042932577677485,元器件,-5.0,-2.0,3.0,0.3,0.5,0.17077367409719535,0.7713858512230743,0.41085056074311,true,false,-0.04911419631402228,0.13810008033408658,,,,,,,0.07161803713527852,0,0.0,none,0.21507944890096373,false,decreasing_vol,2.0,趋势不可靠-2分(Bootstrap CI过宽: 0.413),"","",0,0
000062.SZ,深圳华强,元器件,0.561546,0.3871406353498606,0.44962,0.3682556681815825,0.2778115489119604,,1.3789,89.0,0.37896887928708867,0.39999999999999997,0.48333333333333334,poor,poor,poor,true,3,true,3,true,3,true,3,3.041347108585509,1.297621157349093,7.187456054000846,high_volatility,false,false,none,1.3176999999999999,0.0,-0.3984999999999999,-1.7161999999999997,0.31725864640707757,0.6300459247247282,0.12234070538802301,false,none,1.4502,-2.2472,-36.62852153132037,2033.9410939691443,-103.27680500022977,false,元器件,true,inf,true,rising,false,false,0.0,3.041347108585509,1.0,元器件,-5.0,-2.0,3.0,0.3,0.5,-0.19699295368782643,0.05653187950220722,-1.1791628528257365,false,false,0.3871406353498606,0.3682556681815825,,,,,,,0.6067415730337079,0,0.0,none,2.5443045889997213,false,stable,11.0,单年巨幅下滑-15.0分(年跌-103.3%); 趋势不可靠-2分(Bootstrap CI过宽: 1.571); 峰值明显下跌-8分(从2.2跌至1.4，跌幅-36.6%),"","",0,0
000100.SZ,TCL科技,元器件,1.4996730000000003,0.04971240486789663,0.08433500000000003,0.4944615309170507,0.18523561353207865,0.07210664992661187,1.5723,90.0,0.04436740902748777,0.19999999999999998,0.8166666666666667,good,good,good,false,0,false,0,false,0,false,0,0.3339070289940077,0.503064329882372,0.8389751758927387,moderate,false,false,none,1.1532000000000002,0.0,-0.20443000000000006,-1.3576300000000003,0.48683970298147294,1.0,0.23555736391143975,false,none,0.22429999999999994,0.26870000000000016,45.677754099879564,16.639465875370917,24.895765774112867,false,元器件,false,2.171129435745391,true,rising,false,false,0.0,0.3339070289940077,0.5566095479612583,元器件,-5.0,-2.0,3.0,0.3,0.5,0.14892988830616122,0.9927128052174189,0.1855645205472488,false,false,-0.003084555925778743,0.0003625081781278952,,,,,,,0.07161803713527852,0,0.0,none,0.3330265695592333,true,decreasing_vol,10.0,波动聚集提示-2分(大波动后可能跟着大波动); 峰值明显下跌-8分(从2.3跌至1.6，跌幅-32.9%),"","",0,0
000155.SZ,川能动力,新型电力,1.057668,-0.006576242455659809,-0.008399999999999996,0.0465348537919941,0.7274828981831969,0.27131436310596824,0.8542,42.56399117204087,0.07386592829617217,0.19999999999999998,0.8166666666666667,has_near_zero,has_near_zero,has_near_zero,false,0,true,3,false,0,true,4,0.5729010053306572,0.5861464765739021,1.5839784189537884,volatile,false,false,none,0.8103,0.0,-0.5467,-1.357,0.6855922646003904,0.981534790768805,0.8743878552350985,true,severe,-0.18780000000000008,-0.9056,-56.14089135346067,-18.023032629558546,-46.49825426165537,false,新型电力,false,1.0,true,falling,false,false,0.0,0.5729010053306572,0.5916541375978591,新型电力,-5.0,-2.0,3.0,0.3,0.5,-0.32275929709741247,0.8999169742814803,-0.8720176559182661,false,true,0.0974960898355012,0.15490636380915776,,,,,,,0.9747292418772563,2,-0.6123933486160752,sustained_decline,0.5445571513177117,false,stable,57.43600882795913,严重恶化-15分; 单年巨幅下滑-15.0分(年跌-46.5%); 加速下滑-0.4分(加速度-0.87); 贝叶斯高置信度恶化-12分(恶化概率97.5%，严重恶化确认); 峰值大幅下跌-15分(从1.9跌至0.9，跌幅-56.1%),"","",0,0
000400.SZ,许继电气,电气设备,1.6238670000000002,0.06910076251688728,0.09861999999999999,0.26398223239279445,0.3758651274660034,0.13176239353384767,1.2748,35.89087428206764,0.2662081246363162,0.39999999999999997,0.48333333333333334,good,good,good,false,0,true,1,false,0,true,1,0.46492217053331575,0.7215127164506527,1.237128680971712,volatile,false,false,none,0.4701,0.0,-0.22120000000000004,-0.6913,0.42767143220313514,0.9967492015416567,0.09238075482001115,true,severe,-1.4221,0.9796999999999998,-25.762869788027025,-52.73091327079239,57.05217796412764,false,电气设备,false,1.0,true,falling,false,false,0.0,0.46492217053331575,0.5052710697599859,电气设备,-5.0,-2.0,3.0,0.3,0.5,-0.12325813983019274,0.13882590471035258,-0.4207087231315616,false,false,0.13402015399465908,0.3280570581820996,,,,,,,0.9737039819684448,1,0.0,cliff_drop,0.39549529622424295,true,increasing_vol,64.10912571793236,严重恶化-15分; 单年巨幅下滑-15.0分(年跌-52.7%); 贝叶斯高置信度恶化-12分(恶化概率97.4%，严重恶化确认); 波动率飙升预警-5.1分(近期波动是早期的2.6倍); 趋势不可靠-2分(Bootstrap CI过宽: 0.445); 峰值大幅下跌-15分(从2.7跌至1.3，跌幅-52.7%),"","",0,0
000403.SZ,派林生物,生物制药,0.620749,0.037879649026918885,0.045829999999999996,0.10906911422412643,0.5872788722160299,0.02700130863383654,0.4402,24.518113034366507,0.13685937066491494,0.39999999999999997,0.48333333333333334,has_near_zero,has_near_zero,has_near_zero,false,0,true,5,false,0,true,5,0.35787893522342384,0.21723251368061827,0.8741350906095552,moderate,false,false,none,0.16005,0.0,-0.1378,-0.29785,0.4504680499229183,0.9999796680710119,0.31953504894367774,true,severe,-0.48610000000000003,0.21050000000000002,-38.50237496507404,-52.477599049983816,29.40765576976809,false,生物制药,false,1.0,true,falling,false,false,0.0,0.35787893522342384,0.41963648151207245,生物制药,-5.0,-2.0,3.0,0.3,0.5,-0.11923293895573742,0.34915602062256507,-0.25899417494083954,false,true,0.037879649026918885,0.10906911422412643,,,,,,,0.9866768176627332,1,0.0,cliff_drop,0.3373807558157817,true,increasing_vol,75.48188696563349,复合恶化-14.0分(触发2项恶化信号); 严重恶化-15分; 单年巨幅下滑-15.0分(年跌-52.5%); 加速下滑-0.1分(加速度-0.26); 贝叶斯高置信度恶化-12分(恶化概率98.7%，严重恶化确认); 波动率飙升预警-4.4分(近期波动是早期的2.2倍); 峰值大幅下跌-15分(从0.9跌至0.4，跌幅-52.5%),"","",0,0
000409.SZ,云鼎科技,软件服务,0.088135,0.13086193191799236,0.13245,0.8563092302312033,0.024198227108094928,,0.2714,100.0,0.13675903740549017,0.7999999999999999,0.08333333333333333,poor,poor,poor,true,2,true,5,true,2,true,5,4.675742859645877,0.22630595440686044,11.888429752066115,high_volatility,false,false,none,0.23914999999999997,0.0,0.04854999999999998,-0.1906,0.5366253651710701,0.9954027975422021,0.4896508541684987,false,none,0.13439999999999996,-0.0373,55.70854847963279,98.10218978102186,-21.39988525530694,false,软件服务,false,1.2722627737226277,true,rising,false,false,0.0,4.675742859645877,1.0,软件服务,-5.0,-2.0,3.0,0.3,0.5,0.04737236531712068,0.4869199331353586,-0.189093402315966,false,true,0.13086193191799236,0.8563092302312033,,,,,,,0.07161803713527852,0,0.0,none,1.7721539111592712,false,decreasing_vol,0.0,"","","",0,0
000503.SZ,国新健康,软件服务,-0.115228,0.001073503148575669,0.0010799999999999976,0.10638092147111419,0.5922042629686601,,-0.0841,100.0,0.00529705632546593,0.19999999999999998,0.8166666666666667,poor,poor,poor,true,5,true,5,true,5,true,5,0.3029241980473741,0.03536337088005045,0.7932156929929759,moderate,false,false,none,-0.0366,0.0,0.0463,0.0829,0.4936475323225049,0.8691217689193398,0.9015535543057094,false,none,0.019800000000000012,0.07279999999999999,52.4052065647991,19.056785370548614,41.199773627617425,false,软件服务,false,1.0,false,rising,false,false,0.0,0.3029241980473741,0.37567269177123264,软件服务,-5.0,-2.0,3.0,0.3,0.5,0.04589599661484278,0.9021311393966746,0.0821345323170554,true,false,0.00501606080397542,0.0512369255103064,,,,,,,0.07161803713527852,0,0.0,none,0.2951327321101913,false,stable,0.0,"","","",0,0
000507.SZ,珠海港,新型电力,1.089639,0.18655684326357108,0.24473,0.7187379870463048,0.06963867535345056,0.40342548591486893,1.286,96.0,0.18732621300527846,0.39999999999999997,0.48333333333333334,has_near_zero,has_near_zero,has_near_zero,false,0,true,2,false,0,true,2,0.45252330920294337,0.45986323727821515,1.0665013481332781,moderate,false,false,none,0.5419,0.0,-0.06464999999999999,-0.60655,0.6489637372767287,0.9843365487787462,0.7922008239885407,false,none,-0.007299999999999862,-0.12200000000000011,-9.13587225323253,-0.564447537307652,-8.620080548293656,false,新型电力,false,1.0,true,falling,false,false,0.0,0.45252330920294337,0.4953519806956881,新型电力,-5.0,-2.0,3.0,0.3,0.5,-0.0384783944995537,0.7934390908850618,-0.449044649203973,false,true,0.18655684326357108,0.7187379870463048,,,,,,,0.32530120481927716,0,-0.9345194590531541,none,0.24451389280026303,false,decreasing_vol,4.0,"加速下滑-0.2分(加速度-0.45); 趋势不确定预警-4分(Bootstrap CI跨零: [-0.043, 0.415])","","",0,0
000509.SZ,华塑控股,元器件,-0.015566000000000002,0.04231418533178577,0.04238,0.7382667252194899,0.06204895722141321,,0.0513,98.0,0.03733404706099028,0.6,0.23333333333333334,poor,poor,poor,true,2,true,5,true,2,true,5,2.758877923184225,0.07802106766764987,6.481612446958984,high_volatility,false,false,none,-0.0432,0.0,0.05450000000000001,0.09770000000000001,0.3096248147193352,1.0,0.7511705387892555,false,none,0.0397,-0.004900000000000002,210.90909090909088,342.2413793103448,-29.696969696969706,false,元器件,true,inf,true,rising,false,false,0.0,2.758877923184225,1.0,元器件,-5.0,-2.0,3.0,0.3,0.5,0.017389137125804782,0.6461477327678278,-0.03520234241355092,false,false,0.04231418533178577,0.7382667252194899,,,,,,,0.07161803713527852,0,0.0,none,1.4131562536394748,false,decreasing_vol,2.0,周期顶部预警-5分(警惕景气回落),"","",0,0
000513.SZ,丽珠集团,化学制药,2.9853699999999996,0.11841218820761984,0.34514,0.7218916458905545,0.06838764305819423,0.09339894489180689,3.2686,95.0,0.12799435633492068,0.6,0.23333333333333334,good,good,good,false,0,false,0,false,0,false,0,0.22607061206549323,0.6358914176178194,0.5290102389078498,ultra_stable,false,false,none,0.3383999999999998,0.0,0.1524500000000002,-0.18594999999999962,0.21266905757429772,0.49089359553044387,0.3032449397096173,true,moderate,-0.2477999999999998,0.5527000000000002,10.287815905793448,-7.046979865771806,18.64898606471641,false,化学制药,false,1.7335831197002565,true,falling,false,false,0.0,0.22607061206549323,0.4120009056124288,化学制药,-5.0,-2.0,3.0,0.3,0.5,0.04661171226524852,0.3236830434953039,-0.07431917332618099,false,true,0.11841218820761984,0.7218916458905545,,,,,,,0.4807121661721069,1,0.0,single_year_drop,0.11605015145386106,false,stable,5.0,中度恶化-10分,"","",0,0
000516.SZ,国际医学,医疗保健,0.304256,0.10884151437744888,0.11312,0.8731699662160737,0.01995343796358066,1.1472184134799308,0.4464,99.74459083687297,0.10930314802817467,0.7999999999999999,0.08333333333333333,has_near_zero,has_near_zero,has_near_zero,false,0,true,5,false,0,true,5,0.7090311461061454,0.19166529941541322,1.7013169576797869,moderate,false,false,none,0.1795,0.0,0.10158,-0.07791999999999999,0.2251748650003813,0.9999999999999998,0.7451063426021606,true,moderate,-0.034499999999999975,0.2781,120.11834319526626,-7.174048658764811,137.1301775147929,false,医疗保健,false,1.0,true,falling,false,false,0.0,0.7090311461061454,0.7005582502182496,医疗保健,-5.0,-2.0,3.0,0.3,0.5,0.11566477450751644,0.6501355194881616,0.02544650591736708,false,false,0.10884151437744888,0.8731699662160737,,,,,,,0.4807121661721069,1,0.0,single_year_drop,0.25483050561417,false,increasing_vol,0.2554091631270232,中度恶化-10分,"","",0,0
000533.SZ,顺钠股份,电气设备,0.167278,0.05020974558680327,0.05086000000000001,0.7221082333904413,0.06830208372796145,0.38784460299476686,0.2059,88.98457583547558,0.040318127628655644,0.7999999999999999,0.08333333333333333,has_near_zero,has_near_zero,has_near_zero,false,0,true,5,false,0,true,5,0.624420307607862,0.09492437516254718,1.5201947112222078,moderate,false,false,none,0.038900000000000004,0.0,0.0363,-0.002600000000000005,0.16142128197452174,0.9491196929117564,0.22407064477127675,true,moderate,-0.08070000000000002,0.15330000000000002,54.46361590397599,-28.15771109560363,115.00375093773445,false,电气设备,false,1.0,true,falling,false,false,0.0,0.624420307607862,0.632869579419623,电气设备,-5.0,-2.0,3.0,0.3,0.5,0.03578193384736167,0.22774625643572796,-0.0029364716240617844,false,false,0.05020974558680327,0.7221082333904413,,,,,,,0.6492985971943889,1,0.0,single_year_drop,0.33177199856062983,false,increasing_vol,11.015424164524422,中度恶化-10分; 波动率飙升预警-6.0分(近期波动是早期的3.0倍),"","",0,0
000534.SZ,万泽股份,生物制药,0.266316,-0.0214338816622284,-0.022080000000000006,0.7075057171782756,0.0741740850641506,-0.062195385860236874,0.224,76.93692514579193,-0.01630017841525529,-0.39999999999999997,0.48333333333333334,has_near_zero,has_near_zero,has_near_zero,false,0,true,5,false,0,true,5,0.28238159086295,0.07707323141013357,0.7444859676119293,moderate,false,false,none,0.04984999999999998,0.0,-0.08264999999999999,-0.13249999999999995,0.3215045861750246,0.6471901523812994,0.5850921060933831,false,none,0.03790000000000002,-0.2032,-42.460827125610066,20.365394948952186,-52.19624967891087,false,生物制药,false,1.686011260285838,true,rising,false,false,0.0,0.28238159086295,0.45070677406180504,生物制药,-5.0,-2.0,3.0,0.3,0.5,-0.07895727549548125,0.5812280332425281,-0.12614970841612821,false,true,-0.0214338816622284,0.21005228641669157,,,,,,,0.6067415730337079,0,0.0,none,0.25175105087233046,false,increasing_vol,23.063074854208065,单年巨幅下滑-15.0分(年跌-52.2%); 加速下滑-0.1分(加速度-0.13); 峰值明显下跌-8分(从0.4跌至0.2，跌幅-42.5%),"","",0,0
000551.SZ,创元科技,专用机械,0.822122,0.08665546353324446,0.11394,0.35815653120228824,0.2863249013396504,0.22214809346429254,1.1494,78.87648891332233,0.12003870595597288,0.6,0.23333333333333334,has_near_zero,has_near_zero,has_near_zero,false,0,true,3,false,0,true,3,0.377166303896109,0.29718441749190017,0.8048836205802471,moderate,false,false,none,0.15639999999999998,0.0,0.09151000000000001,-0.06488999999999998,0.1403216390904069,1.0,0.16086031630955774,false,none,0.6068,-0.5183,8.341973795833729,111.8319203833395,-48.85474597040249,false,专用机械,false,1.9552156284555842,true,rising,false,false,0.0,0.377166303896109,0.5624284602442984,专用机械,-5.0,-2.0,3.0,0.3,0.5,0.029692417138616423,0.0138166634551687,-0.18481854729294253,false,false,0.08665546353324446,0.35815653120228824,,,,,,,0.13366336633663367,0,0.0,none,0.2999632713919584,true,increasing_vol,21.123511086677663,单年巨幅下滑-15.0分(年跌-48.9%); 波动率飙升预警-4.1分(近期波动是早期的2.1倍); 趋势不可靠-2分(Bootstrap CI过宽: 0.363),"","",0,0
000597.SZ,东北制药,化学制药,0.5403760000000001,0.006634994358301106,0.0073200000000000105,0.033595279819005994,0.7679410966053342,0.058632248159809386,0.5309,76.87424316688285,0.010344596222985468,0.0,1.0,has_near_zero,has_near_zero,has_near_zero,false,0,true,5,false,0,true,5,0.2708687683352178,0.1457761537426475,0.6731948418744659,moderate,false,false,none,0.1751,0.0,-0.121,-0.29610000000000003,0.46274051350955336,0.9793858407345368,0.42999083003413946,false,none,0.12030000000000002,-0.3623,-31.31064820804761,29.298587433024842,-46.87540432138698,false,化学制药,false,1.8823672674135412,true,rising,false,false,0.0,0.2708687683352178,0.4676773169899797,化学制药,-5.0,-2.0,3.0,0.3,0.5,-0.10134455248326267,0.4109349395244188,-0.25151366623430244,false,true,0.006634994358301106,0.0070087829171839415,,,,,,,0.6067415730337079,0,0.0,none,0.27001369342686965,false,stable,23.12575683311715,单年巨幅下滑-15.0分(年跌-46.9%); 加速下滑-0.1分(加速度-0.25); 峰值明显下跌-8分(从0.8跌至0.5，跌幅-31.3%),"","",0,0
000629.SZ,钒钛股份,小金属,0.11541900000000002,-0.017526186953278792,-0.01767,0.09645279868994092,0.6110238778928431,0.003203458004717108,0.0708,73.92220882830992,-0.006812273853730872,0.0,1.0,has_near_zero,has_near_zero,has_near_zero,false,0,true,5,false,0,true,5,0.7465848743676978,0.09012772603366846,1.65258449304175,high_volatility,false,false,none,0.13690000000000002,0.0,-0.06075000000000001,-0.19765000000000005,0.5025870310047222,1.0,0.6305703100472219,false,none,0.0425,-0.1995,-68.92010535557506,150.1766784452297,-87.57682177348552,false,小金属,true,8.049469964664311,true,rising,true,false,0.0,0.7465848743676978,1.0,小金属,-5.0,-2.0,1.6,0.3,0.24,-0.07756672641560947,0.5561902605580492,-0.15558234338016128,false,true,-0.017526186953278792,0.09645279868994092,,,,,,,0.6067415730337079,0,0.0,none,0.7098078877086004,false,increasing_vol,26.07779117169008,单年巨幅下滑-15.0分(年跌-87.6%); 相对加权下滑-10.0分(最新为加权61.3%); 加速下滑-0.1分(加速度-0.16); 峰值大幅下跌-15分(从0.2跌至0.1，跌幅-68.9%),"","",0,0
000633.SZ,合金投资,小金属,0.0034019999999999988,-0.0027292996145275197,-0.0027300000000000002,0.12499866948841261,0.5594065852009936,,0.0679,72.0,0.009974158818734952,0.19999999999999998,0.8166666666666667,poor,poor,poor,true,4,true,5,true,5,true,5,47.99233156337473,0.040313558513234725,124.16666666666681,high_volatility,false,false,none,0.00315,0.0,0.040600000000000004,0.037450000000000004,0.2619159471351872,0.13775510204081634,0.5492842758395473,false,none,0.1043,-0.023100000000000002,610.5263157894738,286.53846153846155,-173.6842105263158,false,小金属,true,inf,true,rising,true,false,0.0,47.99233156337473,1.0,小金属,-5.0,-2.0,1.6,0.3,0.24,0.04057377070065874,0.5492276359879821,0.037424202016067325,false,false,0.014130138718422298,0.30750410512745374,,,,,,,0.07161803713527852,0,0.0,none,39.93571222741764,true,increasing_vol,28.0,单年巨幅下滑-15.0分(年跌-173.7%); 周期顶部预警-5分(警惕景气回落); 波动率飙升预警-8.0分(近期波动是早期的4.7倍),"","",0,0
000636.SZ,风华高科,元器件,0.48595900000000003,-0.09699266493746013,-0.11067,0.7943566902816868,0.04233146901011344,-0.14825965600495816,0.3913,77.0,-0.11039122415807007,-0.7999999999999999,0.08333333333333333,has_near_zero,has_near_zero,has_near_zero,false,0,true,5,false,0,true,5,0.3770983026557361,0.19577435480675195,0.8413591185761615,stable,false,false,none,-0.14910000000000004,0.0,-0.026999999999999993,0.12210000000000004,0.3462677818813674,0.8354768188998041,0.14936932949767637,false,none,0.08460000000000001,-0.1386,-12.126656186840332,27.58395826540594,-31.125084212890187,false,元器件,false,1.0,false,rising,false,false,0.0,0.3770983026557361,0.43501197545792225,元器件,-5.0,-2.0,3.0,0.3,0.5,-0.024907183601798583,0.14497430922558333,0.10318241222611005,false,false,-0.09699266493746013,0.7943566902816868,,,,,,,0.2783505154639176,0,0.0,none,0.16910986625512128,false,stable,23.0,单年巨幅下滑-15.0分(年跌-31.1%); 峰值明显下跌-8分(从0.7跌至0.4，跌幅-47.4%),"","",0,0
000657.SZ,中钨高新,小金属,0.45328,0.08955237904065128,0.09,0.12564219590067643,0.5583242533557468,,0.646,97.0,0.03148348600865872,0.0,1.0,has_loss,has_loss,has_loss,true,1,true,5,true,1,true,5,1.0082195408977717,0.4297838258939021,2.323120953363986,high_volatility,false,false,none,0.9903,0.0,-0.11469,-1.10499,0.6215886878117798,0.9999999999999998,0.2158868781177983,false,none,0.537,-0.6033000000000001,-9.30787589498807,492.66055045871565,-84.69745893584164,false,小金属,true,7.588990825688074,true,rising,true,false,0.0,1.0082195408977717,1.0,小金属,-5.0,-2.0,1.6,0.3,0.24,-0.027423264288439497,0.008072974196341716,-0.4399729667000332,false,false,0.08955237904065128,0.12564219590067643,,,,,,,0.2783505154639176,0,0.0,none,0.951350713297452,false,stable,3.0,单年巨幅下滑-15.0分(年跌-84.7%); 趋势不可靠-2分(Bootstrap CI过宽: 0.836),"","",0,0
000661.SZ,长春高新,生物制药,8.059198000000002,-0.007777529387056115,-0.06204999999999999,0.04563060121616118,0.7301020552064414,0.2903006815055065,7.6089,50.0,0.2302353210379567,0.39999999999999997,0.48333333333333334,good,good,good,false,0,false,0,false,0,false,0,0.46052719162320294,3.516530371971782,1.2922282696951761,volatile,false,false,none,5.4843,0.0,0.37672999999999995,-5.10757,0.48463028713988304,1.0,0.036271581979063175,true,severe,-5.003499999999999,5.628799999999999,8.953834698436339,-39.67127588722209,80.60026347442579,false,生物制药,false,1.4921960020619738,true,falling,false,false,0.0,0.46052719162320294,0.5673812202401589,生物制药,-5.0,-2.0,3.0,0.3,0.5,0.042478721236598904,0.017891326695719096,-0.41111980760270694,false,false,0.24091730343795412,0.48329685233326525,,,,,,,0.8810333106730117,1,0.0,cliff_drop,0.35596884696057784,false,increasing_vol,50.0,严重恶化-15分; 单年巨幅下滑-15.0分(年跌-39.7%); 贝叶斯高置信度恶化-12分(恶化概率88.1%，严重恶化确认); 峰值明显下跌-8分(从12.6跌至7.6，跌幅-39.7%),"","",0,0
000670.SZ,盈方微,元器件,-0.051459000000000005,-0.008620356286699746,-0.008709999999999999,0.5101020063079446,0.17532351326304518,,0.2501,83.11246104853589,0.00002512815567932286,0.0,1.0,poor,poor,poor,true,4,true,5,true,5,true,5,2.469821475001125,0.18197644627808293,5.684039087947881,high_volatility,false,false,none,-0.0203,0.0,0.20645,0.22675,0.4905924711928684,0.7131394356122659,0.7392852763164188,false,none,0.41879999999999995,-0.005899999999999989,253.6240786240786,248.25133372851215,-3.624078624078617,false,元器件,true,inf,true,rising,false,false,0.0,2.469821475001125,1.0,元器件,-5.0,-2.0,3.0,0.3,0.5,0.20482639058560384,0.7393456946063696,0.22492209707180078,true,false,0.0735075854271743,0.4144101235503785,,,,,,,0.07161803713527852,0,0.0,none,1.8903656462400367,false,increasing_vol,16.8875389514641,"周期顶部预警-5分(警惕景气回落); 波动率飙升预警-8.0分(近期波动是早期的9.5倍); 趋势不确定预警-4分(Bootstrap CI跨零: [-0.023, 0.001])","","",0,0
000682.SZ,东方电子,电气设备,0.538255,0.16417805282038841,0.18625000000000003,0.7153181105656224,0.07100638633910372,0.3426856242160379,0.7758,91.51428571428572,0.17037324756515895,0.6,0.23333333333333334,has_near_zero,has_near_zero,has_near_zero,false,0,true,5,false,0,true,5,0.7288944514566619,0.35160410549366455,1.6341888137982503,volatile,false,false,none,-0.088,0.0,0.25066,0.33865999999999996,0.38300709562563773,1.0,0.7474886387987195,true,moderate,-0.1631999999999999,0.6313,152.12869678258048,-17.380191693290726,205.1673708157296,false,电气设备,true,6.230922362309223,true,falling,false,false,0.0,0.7288944514566619,1.0,电气设备,-5.0,-2.0,3.0,0.3,0.5,0.20530953304220692,0.5384644028002724,0.17203404035137926,false,false,0.16417805282038841,0.7153181105656224,,,,,,,0.6492985971943889,1,0.0,single_year_drop,0.3982358120522112,false,increasing_vol,8.485714285714286,中度恶化-10分; 周期回落期-3分(景气下行趋势); 波动率飙升预警-6.5分(近期波动是早期的3.2倍); 趋势不可靠-2分(Bootstrap CI过宽: 0.351),"","",0,0
000710.SZ,贝瑞基因,医疗保健,0.257618,0.0015103268943876037,0.0016000000000000016,0.010106220746780348,0.8722175341772551,-0.1400293888739429,0.2488,88.87588818288351,-0.04618606484350067,-0.39999999999999997,0.48333333333333334,has_near_zero,has_near_zero,has_near_zero,false,0,true,5,false,0,true,5,0.5293346136523218,0.14213693045792145,1.471771190227916,volatile,false,false,none,-0.19759999999999997,0.0,0.09455,0.29214999999999997,0.5096177363964206,0.9994674900590604,0.5124098739051459,true,moderate,-0.06520000000000001,0.25429999999999997,316.75041876046896,-20.764331210191088,425.96314907872693,false,医疗保健,true,5.259631490787269,true,falling,false,false,0.0,0.5293346136523218,1.0,医疗保健,-5.0,-2.0,3.0,0.3,0.5,0.09331876617480497,0.5174942298848288,0.2837434591904443,true,false,-0.034155304779410124,0.15501614665665794,,,,,,,0.6492985971943889,1,0.0,single_year_drop,0.48415557028063816,false,stable,11.124111817116484,中度恶化-10分; 周期回落期-3分(景气下行趋势); 峰值明显下跌-8分(从0.5跌至0.2，跌幅-45.3%),"","",0,0
000725.SZ,京东方A,元器件,1.215745,0.010459450020396733,0.017025000000000047,0.07959572966294268,0.6456084678790481,0.0297009198985001,1.2681,100.0,-0.01287664711158428,-0.19999999999999998,0.8166666666666667,good,good,good,false,0,false,0,false,0,false,0,0.19026772273093445,0.2343831969233289,0.4890977870861947,stable,false,false,none,0.4917,0.0,-0.11638999999999997,-0.60809,0.4236178144229741,1.0,0.32838997527408703,false,none,0.2508999999999999,-0.10909999999999997,12.58989612003906,24.665749115218233,-9.68658439136997,false,元器件,false,1.5923122296500194,true,rising,false,false,0.0,0.19026772273093445,0.36452247547141686,元器件,-5.0,-2.0,3.0,0.3,0.5,0.04546362547314842,0.3013393065247996,0.046027732270116584,false,false,-0.018629655234324582,0.04357287097661413,,,,,,,0.07161803713527852,0,0.0,none,0.18571607351846395,false,decreasing_vol,0.0,"","","",0,0
000733.SZ,振华科技,元器件,1.9990370000000004,0.021015227560121176,0.06230000000000002,0.026058894864304658,0.795360094326971,,2.8887,96.0,0.28881896948591784,0.6,0.23333333333333334,has_loss,has_loss,good,true,1,true,1,false,0,false,0,0.6565780164047915,1.200250877108615,1.6537931336294611,volatile,false,false,none,2.7117,0.0,0.15871000000000005,-2.55299,0.61328590203619,1.0,0.13285902036190067,false,none,0.6579999999999999,0.6526000000000001,83.0492364235473,29.49746716277401,41.35352639249731,false,元器件,false,1.6331030986629491,true,rising,false,false,0.0,0.6565780164047915,0.7430094929455598,元器件,-5.0,-2.0,3.0,0.3,0.5,0.27266557525131796,0.9953422290224606,-0.41304275943447777,false,true,0.3700259919279906,0.5561686186612208,,,,,,,0.07161803713527852,0,0.0,none,0.43363638298057067,true,decreasing_vol,4.0,波动聚集提示-2分(大波动后可能跟着大波动); 趋势不可靠-2分(Bootstrap CI过宽: 0.495),"","",0,0
000739.SZ,普洛药业,化学制药,0.9091820000000002,0.01266258266139343,0.017815000000000004,0.07663256988307034,0.6520892810398584,0.03552051234210407,1.0337,100.0,0.051877261016003734,0.19999999999999998,0.8166666666666667,has_near_zero,has_near_zero,has_near_zero,false,0,true,3,false,0,true,3,0.25966726452319694,0.231212925676745,0.6806900114552683,moderate,false,false,none,-0.3799,0.0,0.12937000000000004,0.5092700000000001,0.36881257279045976,1.0,0.39150731478637485,false,none,0.15860000000000007,-0.2501,-8.131887664415208,18.123643012227184,-22.227159616068253,false,化学制药,false,1.6141156218619996,true,rising,false,false,0.0,0.25966726452319694,0.4229492278668242,化学制药,-5.0,-2.0,3.0,0.3,0.5,-0.031094517086951375,0.1199887256137313,-0.11062903747060682,false,false,0.04857741921158795,0.18150548425716032,,,,,,,0.2783505154639176,0,0.0,none,0.23472146739075903,false,decreasing_vol,0.0,"","","",0,0
000756.SZ,新华制药,化学制药,0.621766,-0.025254398335505253,-0.029380000000000003,0.15818422115122013,0.5072892080386282,-0.055072987780614535,0.5387,69.8010999617455,-0.01922724755274166,-0.19999999999999998,0.8166666666666667,has_near_zero,has_near_zero,has_near_zero,false,0,true,4,false,0,true,5,0.47962928510698877,0.302444634602765,1.172095531098354,volatile,false,false,none,0.22830000000000006,0.0,-0.29680000000000006,-0.5251000000000001,0.2943611895089038,0.3934209595035192,0.5746264715236689,false,none,0.14549999999999996,-0.7391000000000001,-52.424269186611326,37.00406917599185,-65.27422061291178,false,化学制药,false,2.8089804018853886,true,rising,false,false,0.0,0.47962928510698877,0.7582341483369762,化学制药,-5.0,-2.0,3.0,0.3,0.5,-0.22817253711183652,0.5464980891603589,-0.39780007650897775,false,true,-0.025254398335505253,0.027647058120385218,,,,,,,0.6067415730337079,0,0.0,none,0.47393797993492437,false,stable,30.19890003825449,单年巨幅下滑-15.0分(年跌-65.3%); 加速下滑-0.2分(加速度-0.40); 峰值大幅下跌-15分(从1.1跌至0.5，跌幅-52.4%),"","",0,0
000766.SZ,通化金马,化学制药,0.147642,0.014224223950000059,0.014339999999999999,0.23707847260323223,0.40550154467040156,0.19169166810750582,0.1684,85.0,0.016031923284095192,0.39999999999999997,0.48333333333333334,has_near_zero,has_near_zero,has_near_zero,false,0,true,5,false,0,true,5,0.32574225178950295,0.04669189437150735,0.8476349937212222,moderate,false,false,none,0.06074999999999999,0.0,-0.018299999999999997,-0.07904999999999998,0.3876551780303852,0.9998805654469742,0.1701483740835644,false,none,0.051699999999999996,-0.08829999999999999,-17.853658536585364,44.30162810625535,-43.073170731707314,false,化学制药,false,1.7566409597257926,true,rising,false,false,0.0,0.32574225178950295,0.494812596061708,化学制药,-5.0,-2.0,3.0,0.3,0.5,-0.01798829027138721,0.16868808547521258,-0.0780819735355312,false,false,0.014224223950000059,0.23707847260323223,,,,,,,0.435483870967742,0,0.0,none,0.2847579339745476,false,stable,15.0,单年巨幅下滑-15.0分(年跌-43.1%),"","",0,0
000788.SZ,北大医药,化学制药,0.293184,0.14413196973876638,0.15008,0.7146365447157984,0.07128034278321606,,0.5835,83.0,0.15951582250841145,0.7999999999999999,0.08333333333333333,has_loss,has_loss,has_loss,true,1,true,5,true,1,true,5,1.1330862632815828,0.2811866870959576,2.811895551257253,high_volatility,false,false,none,0.29115,0.0,0.05774999999999999,-0.23340000000000002,0.2529520980871442,0.976839325054471,0.0883296396845053,false,none,0.3791,-0.26360000000000006,24.679487179487175,185.46966731898237,-56.32478632478634,false,化学制药,false,2.289628180039139,true,rising,false,false,0.0,1.1330862632815828,1.0,化学制药,-5.0,-2.0,3.0,0.3,0.5,0.051108127487265315,0.079842511089145,-0.23212246676907486,false,false,0.14413196973876638,0.7146365447157984,,,,,,,0.07161803713527852,0,0.0,none,0.6078768172529335,false,stable,17.0,单年巨幅下滑-15.0分(年跌-56.3%); 趋势不可靠-2分(Bootstrap CI过宽: 0.317),"","",0,0
000823.SZ,超声电子,元器件,1.121482,0.02384905356583569,0.03274000000000001,0.03232939063273843,0.7723063452713699,0.03250830897506507,0.8675,62.75598214366275,0.029337383820462665,0.19999999999999998,0.8166666666666667,has_near_zero,has_near_zero,has_near_zero,false,0,true,2,false,0,true,2,0.2865746924186562,0.31857362257412336,0.7243221848406887,moderate,false,false,none,0.40259999999999996,0.0,-0.3505,-0.7530999999999999,0.8517359124358035,0.9956860115205548,0.9988048513279767,true,severe,-0.37150000000000005,-0.3294999999999999,-44.69238125597704,-29.983857949959646,-21.007331845712457,false,元器件,false,1.0,true,falling,false,false,0.0,0.2865746924186562,0.3625930872682583,元器件,-5.0,-2.0,3.0,0.3,0.5,-0.22382768960783203,0.9930803000012437,-0.4880357126744995,false,true,0.02384905356583569,0.03232939063273843,,,,,,,0.9935602575896965,2,0.42730443685923275,sustained_decline,0.28276595343553246,false,stable,37.24401785633725,严重恶化-15分; 加速下滑-0.2分(加速度-0.49); 贝叶斯高置信度恶化-12分(恶化概率99.4%，严重恶化确认); 趋势不可靠-2分(Bootstrap CI过宽: 0.489); 峰值明显下跌-8分(从1.6跌至0.9，跌幅-44.7%),"","",0,0
000880.SZ,潍柴重机,专用机械,1.047968,0.11172965136242899,0.15956000000000004,0.51978492040275,0.1693406510606319,0.09003908865316412,1.2843,96.0,0.12364760852842349,0.39999999999999997,0.48333333333333334,has_near_zero,has_near_zero,has_near_zero,false,0,true,3,false,0,true,3,0.3413861302639107,0.34142026887693705,0.8463153684631536,moderate,false,false,none,-0.36419999999999997,0.0,0.27392000000000005,0.63812,0.6098860099286053,1.0,0.8226200992860528,true,moderate,-0.10759999999999992,0.5227999999999999,47.773558853986884,-7.730440405201517,60.154182487630884,false,专用机械,false,2.55160403299725,true,falling,false,false,0.0,0.3413861302639107,0.6133227752774286,专用机械,-5.0,-2.0,3.0,0.3,0.5,0.1415600642469002,0.5862475504501147,0.15672881209191641,false,false,0.11172965136242899,0.51978492040275,,,,,,,0.4807121661721069,1,0.0,single_year_drop,0.23001898557329525,false,stable,4.0,"中度恶化-10分; 趋势不确定预警-4分(Bootstrap CI跨零: [-0.055, 0.311])","","",0,0
000915.SZ,华特达因,化学制药,4.262205,0.08779401409041275,0.34437,0.3803408073946811,0.2678638030194821,0.06028817276638376,3.9671,84.82057486225077,0.06135798232066458,0.39999999999999997,0.48333333333333334,good,good,good,false,0,false,0,false,0,false,0,0.2303366661554178,0.9420815713089817,0.48085339435992985,stable,false,false,none,0.98335,0.0,-0.56925,-1.5526,0.6593625526024175,0.7829959174829613,0.8106296085412136,true,moderate,-1.0458000000000003,-0.09269999999999978,-22.29904418677531,-20.862175586985582,-1.8156534001880245,false,化学制药,false,1.0,true,falling,false,false,0.0,0.2303366661554178,0.3176026662576676,化学制药,-5.0,-2.0,3.0,0.3,0.5,-0.12311929266511301,0.8044375003203442,-0.3588502754984685,false,true,0.08779401409041275,0.3803408073946811,,,,,,,0.9932937344318835,1,10.490175153928138,single_year_drop,0.18796775406812943,false,decreasing_vol,15.179425137749234,中度恶化-10分; 加速下滑-0.2分(加速度-0.36); 贝叶斯恶化预警-8分(恶化概率99.3%); 趋势不可靠-2分(Bootstrap CI过宽: 0.385),"","",0,0
000922.SZ,佳电股份,电气设备,0.719659,0.0010117304927007686,0.0017099999999999893,0.0012904652716898865,0.954271195856318,-0.012585060228513467,0.7736,90.0,0.02263866045901622,0.19999999999999998,0.8166666666666667,has_near_zero,has_near_zero,has_near_zero,false,0,true,5,false,0,true,5,0.4751065036195866,0.33140579053480645,1.1722625225793502,volatile,false,false,none,-0.6998,0.0,0.20558999999999994,0.9053899999999999,0.5569380139070956,1.0,0.5002944596806275,true,moderate,-0.15810000000000002,0.07709999999999995,-9.478118417973329,-16.968981431791352,9.021764568219043,false,电气设备,false,8.172807017543859,true,falling,false,false,0.0,0.4751065036195866,1.0,电气设备,-5.0,-2.0,3.0,0.3,0.5,-0.03140901643265154,0.2723839483601573,-0.04707419951599057,false,false,0.06555145830296961,0.12354859865108672,,,,,,,0.9025069637883009,1,0.0,single_year_drop,0.44474143961750134,false,decreasing_vol,10.0,中度恶化-10分; 贝叶斯恶化预警-8分(恶化概率90.3%),"","",0,0
000938.SZ,紫光股份,IT设备,0.4719830000000001,-0.10334374754487141,-0.17239000000000004,0.02808075729769,0.7876420553615755,,0.8534,80.0,-0.11929922051402764,-0.19999999999999998,0.8166666666666667,poor,poor,poor,true,2,true,3,true,2,true,3,2.2335944429998125,1.169733409799002,4.838839029978995,high_volatility,false,false,none,-2.5341,0.0,0.27927,2.81337,0.508123002201286,1.0,0.11059792623427576,false,none,1.5028000000000001,-2.0544000000000002,-39.25978647686833,231.41361256544505,-146.22064056939504,false,IT设备,true,inf,true,rising,false,false,0.0,2.2335944429998125,1.0,IT设备,-5.0,-2.0,3.0,0.3,0.5,-0.1835294751849791,0.03947368493528832,-0.08564033956126864,false,false,-0.10334374754487141,0.02808075729769,,,,,,,0.6067415730337079,0,0.0,none,2.1721073584076955,true,stable,20.0,单年巨幅下滑-15.0分(年跌-146.2%); 波动聚集提示-2分(大波动后可能跟着大波动); 趋势不可靠-2分(Bootstrap CI过宽: 1.650); 峰值大幅下跌-15分(从1.8跌至0.9，跌幅-51.8%),"","",0,0
000948.SZ,南天信息,软件服务,0.30503500000000006,0.003291021183516807,0.00358,0.032934540272572935,0.7702087489009176,,0.4102,84.10989762701264,-0.00460303064500607,0.0,1.0,has_loss,has_loss,has_near_zero,true,1,true,5,false,0,true,5,1.3774339753260776,0.4056818544130364,3.6017927475213907,high_volatility,false,false,none,-1.0608,0.0,0.25229,1.3130899999999999,0.6646398691852491,1.0,0.6463986918524904,true,moderate,-0.0358,0.08660000000000001,14.134668892598778,-8.026905829596412,24.09571508069004,false,软件服务,true,inf,true,falling,false,false,0.0,1.3774339753260776,1.0,软件服务,-5.0,-2.0,3.0,0.3,0.5,0.023704150545155924,0.3446561515756294,0.15699941924391905,false,false,0.03858336312132413,0.024457157356378354,,,,,,,0.4807121661721069,1,0.0,single_year_drop,1.3645210050974208,true,decreasing_vol,15.890102372987355,中度恶化-10分; 周期回落期-3分(景气下行趋势); 波动聚集提示-2分(大波动后可能跟着大波动); 峰值明显下跌-8分(从0.7跌至0.4，跌幅-37.7%),"","",0,0
000951.SZ,中国重汽,汽车整车,3.943271,-0.060869389493231174,-0.3352299999999999,0.025977173031498404,0.7956784089405549,-0.07702652156917467,4.4915,95.0,-0.047690110923531315,-0.19999999999999998,0.8166666666666667,good,good,good,false,0,false,0,false,0,false,0,0.5366997981695858,2.170328111830098,1.0963341774155257,volatile,false,false,none,-4.433399999999999,0.0,0.40222000000000013,4.835619999999999,0.4596536851674979,0.9999999999999996,0.061804662059433836,false,none,2.6926000000000005,-4.1849,-24.939001971991033,149.68036022013456,-69.93716367525653,false,汽车整车,true,3.366697611612794,true,rising,false,false,0.0,0.5366997981695858,0.8782528534173746,汽车整车,-5.0,-2.0,3.0,0.3,0.5,-0.14080547325179005,0.056309261222985185,-0.12415381643767831,false,false,-0.060869389493231174,0.025977173031498404,,,,,,,0.435483870967742,0,0.0,none,0.5204479731916172,true,stable,5.0,单年巨幅下滑-15.0分(年跌-69.9%); 波动聚集提示-2分(大波动后可能跟着大波动); 趋势不可靠-2分(Bootstrap CI过宽: 1.006),"","",0,0
000957.SZ,中通客车,汽车整车,1.520607,0.17491195386589867,0.30428999999999995,0.32092520134874647,0.319397671552445,0.4887293192590725,2.4128,83.0,0.17470061067332887,0.6,0.23333333333333334,has_near_zero,has_near_zero,has_near_zero,false,0,true,2,false,0,true,2,0.5676776311199736,0.8113929917124006,1.3444155262642374,volatile,false,false,none,1.0447,0.0,0.13951999999999992,-0.9051800000000001,0.36688272875004635,1.0,0.06347492965931086,false,none,1.6771999999999998,-1.2355,22.408807264978932,228.0043501903208,-62.68073664451321,false,汽车整车,false,2.6795812941816206,true,rising,false,false,0.0,0.5676776311199736,0.8114196107868616,汽车整车,-5.0,-2.0,3.0,0.3,0.5,0.09185702106185811,0.034560243876265655,-0.3867973519901676,false,false,0.17491195386589867,0.32092520134874647,,,,,,,0.07161803713527852,0,0.0,none,0.45711155598298175,false,increasing_vol,17.0,单年巨幅下滑-15.0分(年跌-62.7%); 趋势不可靠-2分(Bootstrap CI过宽: 0.843),"","",0,0
000960.SZ,锡业股份,小金属,1.9256950000000002,0.06626143792771469,0.12805000000000005,0.10412012636461038,0.596400757341033,0.1408243685355246,2.0687,89.0,0.08048979250835643,0.39999999999999997,0.48333333333333334,good,good,good,false,0,false,0,false,0,false,0,0.3925936201765873,0.7409340874868696,0.9780212793014286,volatile,false,false,none,0.9228999999999999,0.0,-0.4991999999999998,-1.4220999999999997,0.5507835843083877,0.9417923157565063,0.32878747554088683,false,none,0.7362000000000002,-1.7346,-32.551922011020174,55.24953095684805,-56.55505200352125,false,小金属,true,2.301763602251407,true,rising,true,false,0.0,0.3925936201765873,1.0,小金属,-5.0,-2.0,1.6,0.3,0.24,-0.18275543498347002,0.24307205189124684,-0.5877136744247267,false,false,0.06626143792771469,0.10412012636461038,,,,,,,0.6067415730337079,0,0.0,none,0.37765201510846247,false,stable,11.0,单年巨幅下滑-15.0分(年跌-56.6%); 趋势不可靠-2分(Bootstrap CI过宽: 0.677); 峰值明显下跌-8分(从3.1跌至2.1，跌幅-32.6%),"","",0,0
000963.SZ,华东医药,化学制药,1.9392850000000001,0.035473610088924405,0.08028999999999997,0.10868783422850367,0.5879732915058191,0.0232099424515404,2.137,98.0,0.03114470974497992,0.19999999999999998,0.8166666666666667,good,good,good,false,0,false,0,false,0,false,0,0.181556188932408,0.3448006206490933,0.46421011615783975,stable,false,false,none,-0.29579999999999995,0.0,0.3894999999999999,0.6852999999999998,0.577150815458561,0.9134566441425962,0.6527107622854065,false,none,-0.1025999999999998,0.8815999999999997,57.36377025036818,-4.581175209858895,64.91899852724592,false,化学制药,false,1.6491899852724592,true,falling,false,false,0.0,0.181556188932408,0.3651369491822543,化学制药,-5.0,-2.0,3.0,0.3,0.5,0.19497596900910485,0.6688479077895494,0.3487463897497851,true,false,0.035473610088924405,0.10868783422850367,,,,,,,0.16167664670658682,0,0.0,none,0.16880249238960696,false,increasing_vol,2.0,趋势不可靠-2分(Bootstrap CI过宽: 0.392),"","",0,0
000969.SZ,安泰科技,小金属,0.67628,0.02787153566786448,0.03371999999999999,0.4743192701916571,0.19846629869804455,0.03647727058263439,0.7325,93.47560710799605,0.025624642306916766,0.19999999999999998,0.8166666666666667,has_near_zero,has_near_zero,has_near_zero,false,0,true,5,false,0,true,5,0.11661129345807202,0.07689581913212186,0.26159352157956983,ultra_stable,false,false,none,-0.029600000000000015,0.0,0.07850000000000001,0.10810000000000003,0.44935151625555336,0.9993574559819327,0.6766064909278898,false,none,-0.015499999999999958,0.1725,27.28062554300609,-2.0721925133689783,29.973935708079928,false,小金属,true,1.2997393570807994,true,falling,true,false,0.0,0.11661129345807202,0.6231443940403838,小金属,-5.0,-2.0,1.6,0.3,0.24,0.06569261249807873,0.6794635928872501,0.09101671390747973,true,false,0.02787153566786448,0.4743192701916571,,,,,,,0.16167664670658682,0,0.0,none,0.08402979667734677,false,increasing_vol,6.524392892003945,周期回落期-3分(景气下行趋势); 波动率飙升预警-6.4分(近期波动是早期的3.2倍),"","",0,0
000988.SZ,华工科技,专用机械,0.7092890000000001,0.09939644160948213,0.10988500000000001,0.4998543810103691,0.18178283124500358,0.18216495774887642,0.7279,42.789162054318446,0.14415465559552926,0.6,0.23333333333333334,has_near_zero,has_near_zero,has_near_zero,false,0,true,4,false,0,true,5,0.8032860206319987,0.5192922808977619,2.140735699037837,high_volatility,false,false,none,0.10164999999999999,0.0,0.07595000000000002,-0.025699999999999973,0.09777191500566625,0.17042113331585398,0.025219491837923384,true,severe,-0.7419,0.8938,26.371527777777786,-50.47625527282623,155.17361111111111,false,专用机械,true,17.11059371362049,true,falling,false,false,0.0,0.8032860206319987,1.0,专用机械,-5.0,-2.0,3.0,0.3,0.5,0.06361845298179825,0.03650004020538589,-0.02816464760537621,false,false,0.1713705180656134,0.44647481498591135,,,,,,,0.7873633049817741,1,0.0,cliff_drop,0.618777960970014,true,increasing_vol,57.210837945681554,严重恶化-15分; 单年巨幅下滑-15.0分(年跌-50.5%); 周期回落期-3分(景气下行趋势); 贝叶斯中度恶化预警-5分(恶化概率78.7%); 波动率飙升预警-4.2分(近期波动是早期的2.1倍); 峰值大幅下跌-15分(从1.5跌至0.7，跌幅-50.5%),"","",0,0
000997.SZ,新大陆,IT设备,1.145581,-0.018020194816619362,-0.0242,0.3546307589565064,0.28934124796079563,0.15111101071200417,0.8361,35.0,0.14517098596084116,0.39999999999999997,0.48333333333333334,has_near_zero,has_near_zero,has_near_zero,false,0,true,3,false,0,true,4,0.5823212495776812,0.6335422266905341,1.5458288907680429,volatile,false,false,none,0.2681,0.0,-0.08815,-0.35625,0.23289198016429757,0.8264432855133406,0.015083802466818848,true,severe,-1.3218999999999999,1.1456,-17.414065586724618,-61.25579240037071,113.1568549980245,false,IT设备,false,1.0,true,falling,false,false,0.0,0.5823212495776812,0.5991903329954783,IT设备,-5.0,-2.0,3.0,0.3,0.5,-0.06475224128039098,0.025975618114309127,-0.2798976363216429,false,false,0.12630035059342357,0.27023719422563564,,,,,,,0.9737039819684448,1,0.0,cliff_drop,0.511058566067231,false,increasing_vol,65.0,严重恶化-15分; 单年巨幅下滑-15.0分(年跌-61.3%); 贝叶斯高置信度恶化-12分(恶化概率97.4%，严重恶化确认); 波动率飙升预警-8.0分(近期波动是早期的4.6倍); 峰值大幅下跌-15分(从2.2跌至0.8，跌幅-61.3%),"","",0,0
001208.SZ,华菱线缆,电气设备,0.203108,0.04875121116187917,0.052430000000000004,0.2519068026983194,0.38890499560297287,,0.4893,96.0,0.12388173583715634,0.6,0.23333333333333334,has_loss,has_loss,has_near_zero,true,1,true,5,false,0,true,5,2.7073540094071973,0.4311731995381903,6.569760140650508,high_volatility,false,false,none,-0.8352,0.0,0.35179,1.18699,0.6852364874198991,1.0,0.8523648741989905,false,none,0.006900000000000017,0.379,373.21083172147,1.4303482587064713,366.53771760154734,false,电气设备,false,1.0,false,rising,false,false,0.0,2.7073540094071973,1.0,电气设备,-5.0,-2.0,3.0,0.3,0.5,0.18420220162472795,0.7626311193595252,0.2699593626812127,false,false,0.1390799807136924,0.282368469123187,,,,,,,0.07161803713527852,0,0.0,none,2.285635141296389,true,decreasing_vol,4.0,波动聚集提示-2分(大波动后可能跟着大波动); 趋势不可靠-2分(Bootstrap CI过宽: 0.317),"","",0,0
001225.SZ,和泰机电,专用机械,2.181768,-0.14070106020792247,-0.31804,0.5283743747058129,0.16412967549706442,-0.11338613396951047,1.551,60.089832483380036,-0.13163771564066173,-0.19999999999999998,0.8166666666666667,good,good,good,false,0,false,0,false,0,false,0,0.3200129201877471,0.728727021593134,0.715665867432526,moderate,false,false,none,0.2986500000000001,0.0,-0.7781499999999999,-1.0768,0.6510926841612052,0.9826917914832112,0.7147026204422509,false,none,0.07339999999999991,-1.6297,-50.08528304315644,4.967514889009198,-52.44746242718759,false,专用机械,false,2.1029371954520846,true,rising,false,false,0.0,0.3200129201877471,0.5364019622104756,专用机械,-5.0,-2.0,3.0,0.3,0.5,-0.31455920063608056,0.70196357116425,-0.41501107542978266,false,true,-0.14070106020792247,0.5283743747058129,,,,,,,0.6067415730337079,0,0.0,none,0.23161003335945923,false,increasing_vol,39.910167516619964,"单年巨幅下滑-15.0分(年跌-52.4%); 加速下滑-0.2分(加速度-0.42); 波动率飙升预警-5.7分(近期波动是早期的2.9倍); 趋势不确定预警-4分(Bootstrap CI跨零: [-0.362, 0.103]); 峰值大幅下跌-15分(从3.1跌至1.6，跌幅-50.1%)","","",0,0
001229.SZ,魅视科技,IT设备,0.8978399999999999,-0.030485837971419263,-0.040064999999999996,0.5454079210970421,0.15405800009865997,-0.06278223701060082,0.7484,75.0,-0.043188444408240226,-0.6,0.23333333333333334,has_near_zero,has_near_zero,has_near_zero,false,0,true,4,false,0,true,5,0.16061218688811454,0.14948818682424372,0.43148462513698776,ultra_stable,false,false,none,0.17999999999999994,0.0,-0.11196999999999999,-0.29196999999999995,0.46131654302980063,1.0,0.7167421691155189,true,moderate,-0.18680000000000008,0.08510000000000006,-11.963298435478182,-19.974337040205313,10.010586989765919,false,IT设备,false,1.2264439477708504,true,falling,false,false,0.0,0.16061218688811454,0.29201560921327174,IT设备,-5.0,-2.0,3.0,0.3,0.5,-0.03972346819970568,0.3076583969450362,0.0046199682780460605,false,false,-0.0485030802287373,0.5003689398284684,,,,,,,0.9025069637883009,1,0.0,single_year_drop,0.115331304246724,false,decreasing_vol,25.0,"中度恶化-10分; 贝叶斯恶化预警-8分(恶化概率90.3%); 趋势不确定预警-4分(Bootstrap CI跨零: [-0.054, 0.022]); 峰值明显下跌-8分(从1.1跌至0.7，跌幅-34.9%)","","",0,0
001277.SZ,速达股份,专用机械,1.582224,0.2148789149778355,0.40248,0.46988096609054075,0.20145413982783975,0.1750927441273813,2.0974,90.0,0.19684781536175977,0.19999999999999998,0.8166666666666667,has_near_zero,has_near_zero,has_near_zero,false,0,true,2,false,0,true,2,0.6247552697134102,0.9130673315807547,1.4026876864548266,volatile,false,false,none,-0.40000000000000013,0.0,0.62422,1.0242200000000001,0.5047912594898312,1.0,0.6143131508684182,true,moderate,-0.6326,2.05,208.4411764705882,-23.172161172161175,301.4705882352941,false,专用机械,true,4.014705882352941,true,falling,false,false,0.0,0.6247552697134102,1.0,专用机械,-5.0,-2.0,3.0,0.3,0.5,0.42507973756030465,0.548393631516358,0.5821507175730023,true,false,0.2148789149778355,0.46988096609054075,,,,,,,0.6492985971943889,1,0.0,single_year_drop,0.44801469708993913,false,increasing_vol,10.0,中度恶化-10分; 周期回落期-3分(景气下行趋势); 波动率飙升预警-8.0分(近期波动是早期的6.4倍); 趋势不可靠-2分(Bootstrap CI过宽: 0.785),"","",0,0
001283.SZ,豪鹏科技,电气设备,4.149242000000001,0.027183595477457724,0.07993999999999996,0.011375799943785974,0.864457500929862,0.0024906793143211203,5.7065,89.57634398506421,0.06428416891812938,0.19999999999999998,0.8166666666666667,good,good,good,false,0,false,0,false,0,false,0,0.38462008264505104,1.5866578421323232,0.8500070298599361,volatile,false,false,none,-3.45,0.0,0.92225,4.37225,0.659363333593142,1.0,0.5936333359314205,false,none,2.8201,-1.2969999999999997,36.408184730123835,97.70302106430155,-31.003489984223354,false,电气设备,false,1.6449355143126767,true,rising,false,false,0.0,0.38462008264505104,0.5270208013577311,电气设备,-5.0,-2.0,3.0,0.3,0.5,0.15204174181304797,0.21154612681808543,0.2991837239254094,false,false,0.027183595477457724,0.011375799943785974,,,,,,,0.07161803713527852,0,0.0,none,0.3833977361013503,false,stable,10.423656014935792,单年巨幅下滑-15.0分(年跌-31.0%); 趋势不可靠-2分(Bootstrap CI过宽: 0.731),"","",0,0
001287.SZ,中电港,元器件,-3.380949,-0.0008903720997479603,-0.002870000000000017,0.0005869771514345286,0.9691554652295932,,-1.1808,110.0,0.2795889676820788,0.39999999999999997,0.48333333333333334,poor,poor,poor,true,5,false,0,true,5,false,0,0.739181001956717,2.6971532071797477,1.9428640335010574,high_volatility,false,false,none,-5.22,0.0,2.0853599999999997,7.305359999999999,0.6758932605210514,1.0,0.7589326052105133,false,none,1.8979,-0.41400000000000015,55.687319398056054,61.64614934875109,-15.536458137876691,false,元器件,true,inf,true,rising,false,false,0.0,0.739181001956717,1.0,元器件,-5.0,-2.0,3.0,0.3,0.5,0.35154867338578233,0.6090217606831831,0.2878388228148141,false,false,0.2627407162412615,0.41658714185864726,,,,,,,0.07161803713527852,0,0.0,none,0.6298096383453277,false,decreasing_vol,5.0,周期顶部预警-5分(警惕景气回落),high_growth,"高速成长(稳健CAGR=28.0%, MK趋势=0.40)",1,0
001288.SZ,运机集团,专用机械,0.704828,0.052880187244475275,0.09216,0.04799479083873449,0.723309933536999,0.13982224125302567,1.4516,84.15077054154844,-0.06863260974867158,-0.19999999999999998,0.8166666666666667,has_near_zero,has_near_zero,has_near_zero,false,0,true,4,false,0,true,4,0.7316368440089939,0.49544983802601045,1.8653829114858678,high_volatility,false,false,none,-0.21204999999999996,0.0,0.50785,0.7199,0.5524305080743827,0.7749066792984205,0.5755720392279786,false,none,1.2631999999999999,-0.2475,233.01215875200737,670.4883227176219,-56.77907777013076,false,专用机械,false,1.0,false,rising,false,false,0.0,0.7316368440089939,0.7186428085405284,专用机械,-5.0,-2.0,3.0,0.3,0.5,0.3722272665159757,0.5292170206421132,0.5500673740660018,true,false,0.052880187244475275,0.04799479083873449,,,,,,,0.07161803713527852,0,0.0,none,0.6992772447297528,false,increasing_vol,15.849229458451553,单年巨幅下滑-15.0分(年跌-56.8%); 波动率飙升预警-7.1分(近期波动是早期的3.6倍); 趋势不可靠-2分(Bootstrap CI过宽: 0.574),"","",0,0
001289.SZ,龙源电力,新型电力,2.186267,0.030157243595920005,0.05989000000000005,0.1671971010266575,0.4942709793156988,0.07518068164135872,2.0409,76.68063290229449,0.042960090625445486,0.19999999999999998,0.8166666666666667,good,good,good,false,0,false,0,false,0,false,0,0.36867780631376224,0.7994040874301306,0.9246414241571739,volatile,false,false,none,1.00245,0.0,-0.7455999999999998,-1.7480499999999999,0.6504751456838614,0.9384276121537802,0.5663238446848344,false,none,0.38450000000000006,-1.8756999999999997,-42.21851023470456,23.21299203091041,-53.104385493049456,false,新型电力,false,2.1323955566288335,true,rising,false,false,0.0,0.36867780631376224,0.579261652601521,新型电力,-5.0,-2.0,3.0,0.3,0.5,-0.2563617640431205,0.5049712394527063,-0.6387341954110238,false,true,0.030157243595920005,0.025369034605706754,,,,,,,0.6067415730337079,0,0.0,none,0.3660820466672553,false,stable,23.319367097705513,单年巨幅下滑-15.0分(年跌-53.1%); 加速下滑-0.3分(加速度-0.64); 峰值明显下跌-8分(从3.5跌至2.0，跌幅-42.2%),"","",0,0
001301.SZ,尚太科技,电气设备,-1.4332320000000003,-0.1360564175265241,-0.18764000000000003,0.4479747581374814,0.21659824801001334,,-1.0898,110.0,-0.1213188823328607,-0.19999999999999998,0.8166666666666667,poor,poor,poor,true,5,true,2,true,5,true,3,0.7557509694533654,1.040623739879117,1.944964922218833,high_volatility,false,false,none,-1.14905,0.0,0.9841499999999999,2.1331999999999995,0.6407098833435921,0.628827500355254,0.9273385093798369,false,none,0.5069999999999999,1.4613,64.36349367254178,31.75100200400801,47.78457211994376,false,电气设备,true,inf,true,rising,false,false,0.0,0.7557509694533654,1.0,电气设备,-5.0,-2.0,3.0,0.3,0.5,0.4465963473183916,0.9670524019033494,1.014362808628404,true,false,-0.13605641752652406,0.1484697620285527,,,,,,,0.07161803713527852,0,0.0,none,0.7243849633550343,false,decreasing_vol,2.0,趋势不可靠-2分(Bootstrap CI过宽: 0.434),cyclical_bottom,"周期底部(mid_up), 近期强势(44.7%)",0,0
001332.SZ,锡装股份,专用机械,2.3657410000000003,-0.05711508467087161,-0.19233,0.4299225989084771,0.2295919813084692,,2.6103,85.01604145815449,-0.07293459569754661,-0.39999999999999997,0.48333333333333334,has_loss,has_loss,good,true,1,true,1,false,0,false,0,0.6269481194126181,1.5193711505093153,1.6295843924338953,high_volatility,false,false,none,-1.9745999999999997,0.0,1.3897499999999998,3.3643499999999995,0.6537838212600348,0.9305143524015229,0.6073238601988246,true,moderate,-0.5457999999999998,3.3253,1642.7304964539007,-17.293495136402516,1965.307328605201,false,专用机械,true,inf,true,falling,false,false,0.0,0.6269481194126181,1.0,专用机械,-5.0,-2.0,3.0,0.3,0.5,0.9279185806099227,0.6781697121939487,2.0320829163089784,true,false,-0.05711508467087161,0.009958960909857482,,,,,,,0.6492985971943889,1,0.0,single_year_drop,0.6142621350045753,false,stable,14.98395854184551,中度恶化-10分; 周期回落期-3分(景气下行趋势); 峰值明显下跌-8分(从3.8跌至2.6，跌幅-30.9%),"","",0,0
001336.SZ,楚环科技,专用机械,0.3128890000000001,-0.11432255965986343,-0.13837000000000002,0.40613289452653023,0.24746406598456863,,0.65,92.0,-0.16179155482386154,-0.39999999999999997,0.48333333333333334,has_loss,has_loss,has_near_zero,true,1,true,4,false,0,true,4,2.0195687866291014,0.7157351779813537,5.17579006772009,high_volatility,false,false,none,-0.9171499999999999,0.0,0.71715,1.6342999999999999,0.6853679702282457,0.8798059352818793,0.9738737670005775,false,none,0.5137,0.9206,182.8764503378809,376.8892149669846,117.37855412469717,false,专用机械,false,1.0,false,rising,false,false,0.0,2.0195687866291014,1.0,专用机械,-5.0,-2.0,3.0,0.3,0.5,0.6657929667447766,0.9734492881537867,1.484119142545249,true,false,-0.11432255965986343,0.07787059548885265,,,,,,,0.07161803713527852,0,0.0,none,1.922904122477301,false,stable,8.0,峰值明显下跌-8分(从1.1跌至0.7，跌幅-38.1%),"","",0,0
001339.SZ,智微智能,IT设备,1.261295,-0.003273755450406599,-0.0030999999999999973,0.0002562534383842629,0.9796189563085982,,4.571,85.26471983595134,0.4113040604584246,0.39999999999999997,0.48333333333333334,poor,poor,poor,true,2,true,4,true,3,true,5,2.0600911579565224,2.031867909092518,4.867687316232384,high_volatility,false,false,none,0.29800000000000004,0.0,1.9624999999999997,1.6644999999999996,0.48901491881831605,0.4436532466494365,0.6106876185178448,false,none,4.6765,-0.7515000000000001,607.5851393188854,4432.701421800948,-116.33126934984521,false,IT设备,true,inf,true,rising,false,false,0.0,2.0600911579565224,1.0,IT设备,-5.0,-2.0,3.0,0.3,0.5,0.8083838143854276,0.45852252145406164,0.5294396719026707,true,false,0.4472025532496462,0.4896386503795505,,,,,,,0.07161803713527852,0,0.0,none,1.443812941896827,false,increasing_vol,29.735280164048664,单年巨幅下滑-15.0分(年跌-116.3%); 周期顶部预警-5分(警惕景气回落); 波动率飙升预警-8.0分(近期波动是早期的4.7倍); 趋势不可靠-2分(Bootstrap CI过宽: 0.720),high_growth,"高速成长(稳健CAGR=41.1%, MK趋势=0.40)",1,0
001367.SZ,海森药业,化学制药,1.543895,0.013835334605581463,0.025680000000000015,0.4238021694169157,0.23410691311667214,0.02074546396762811,1.6284,100.0,-0.035540253845905756,-0.19999999999999998,0.8166666666666667,good,good,good,false,0,false,0,false,0,false,0,0.21196574125424933,0.33422334149487526,0.5799794517941628,moderate,false,false,none,0.6000000000000001,0.0,-0.16993,-0.7699300000000001,0.42125942462925203,1.0,0.32854787789312795,false,none,0.44290000000000007,-0.2845,10.77551020408164,37.35976381273724,-19.35374149659864,false,化学制药,false,1.7714044706874736,true,rising,false,false,0.0,0.21196574125424933,0.4057598557617293,化学制药,-5.0,-2.0,3.0,0.3,0.5,0.04296685832682323,0.10760607539712837,0.05134538013969281,false,false,-0.03424722309351729,0.09676928845269415,,,,,,,0.07161803713527852,0,0.0,none,0.20144436882441183,false,decreasing_vol,0.0,"","","",0,0
001373.SZ,翔腾新材,元器件,1.0894430000000002,0.098917080923,0.14481,0.09598179866575725,0.6119428595264227,,1.3781,82.0,0.19869043279042242,0.19999999999999998,0.8166666666666667,has_loss,has_loss,has_loss,true,1,true,3,true,1,true,4,1.2952762536276254,1.354858961294496,3.30602294455067,high_volatility,false,false,none,1.5100000000000002,0.0,-0.92095,-2.43095,0.46331107126400817,0.8634670975397318,0.2832962135335873,false,none,1.6162,-3.4581000000000004,-57.201863354037265,678.7904241915162,-107.3944099378882,false,元器件,true,inf,true,rising,false,false,0.0,1.2952762536276254,1.0,元器件,-5.0,-2.0,3.0,0.3,0.5,-0.3803127482855103,0.12517674446982754,-1.2238737739695937,false,false,0.09891708092299997,0.03600859037615441,,,,,,,0.6067415730337079,0,0.0,none,1.2766461234455513,false,increasing_vol,18.0,单年巨幅下滑-15.0分(年跌-107.4%); 趋势不可靠-2分(Bootstrap CI过宽: 0.889); 峰值大幅下跌-15分(从3.2跌至1.4，跌幅-57.2%),"","",0,0
001388.SZ,信通电子,电气设备,0.7927,0.06054929761488578,0.08900000000000002,0.10124913359349211,0.6018038625892064,0.15918489669095703,1.3,98.0,0.09487954367358065,0.19999999999999998,0.8166666666666667,has_near_zero,has_near_zero,has_near_zero,false,0,true,4,false,0,true,4,0.49707884216840653,0.3807623931009994,1.3577023498694518,volatile,false,false,none,-0.22999999999999998,0.0,0.52,0.75,0.5949998254317117,0.4735899731423455,0.9764082811747712,false,none,0.66,0.38,400.0,103.125,146.15384615384613,false,电气设备,false,3.5,true,rising,false,false,0.0,0.49707884216840653,0.864329740401392,电气设备,-5.0,-2.0,3.0,0.3,0.5,0.4106473552209411,0.9917219180344373,0.6165562943415736,true,false,0.06054929761488578,0.10124913359349211,,,,,,,0.07161803713527852,0,0.0,none,0.46188554105832513,false,stable,2.0,趋势不可靠-2分(Bootstrap CI过宽: 0.661),"","",0,0
001389.SZ,广合科技,元器件,1.26371,0.16584996293012988,0.26530000000000004,0.7079165611656453,0.0740059976569254,0.1848646885715559,1.8724,100.0,0.1840366661144955,0.7999999999999999,0.08333333333333333,has_near_zero,has_near_zero,has_near_zero,false,0,true,2,false,0,true,2,0.4089726408777988,0.48427268351621905,1.0914434347870152,moderate,false,false,none,-0.37,0.0,0.4135400000000001,0.7835400000000001,0.6550418504310161,1.0,0.9833385043101613,false,none,0.48419999999999996,0.2582000000000002,65.69911504424782,34.87970033136435,22.849557522123913,false,元器件,false,1.0,false,rising,false,false,0.0,0.4089726408777988,0.46051144603557237,元器件,-5.0,-2.0,3.0,0.3,0.5,0.2073464199386113,0.9834284250623114,0.14494410297293392,false,false,0.16584996293012988,0.7079165611656453,,,,,,,0.07161803713527852,0,0.0,none,0.20436386229587294,false,stable,0.0,"","","",0,0
001395.SZ,亚联机械,专用机械,2.8821000000000003,0.3182968517026392,0.7070000000000001,0.215849150990476,0.43048752507434074,,3.66,98.0,0.23456433830737194,0.39999999999999997,0.48333333333333334,has_loss,has_loss,has_loss,true,1,true,1,true,1,true,1,0.7813410939471613,2.086180720838921,2.101123595505618,high_volatility,false,false,none,-3.35,0.0,1.544,4.894,0.651061405189441,1.0,0.6880403599609793,true,moderate,-1.5300000000000002,3.2,83.91959798994975,-29.47976878612717,160.80402010050253,false,专用机械,true,inf,true,falling,false,false,0.0,0.7813410939471613,1.0,专用机械,-5.0,-2.0,3.0,0.3,0.5,0.28480850298044635,0.38379070699549,0.46326880181306784,false,false,0.3182968517026392,0.215849150990476,,,,,,,0.6492985971943889,1,0.0,single_year_drop,0.6597001129931451,false,stable,2.0,中度恶化-10分; 周期回落期-3分(景气下行趋势); 趋势不可靠-2分(Bootstrap CI过宽: 1.914),"","",0,0
002001.SZ,新和成,化学制药,1.871685,0.05269469086153511,0.10881000000000002,0.16215065224978248,0.5015069354594506,0.12176461950153139,2.3014,98.0,0.06857823066912923,0.39999999999999997,0.48333333333333334,good,good,good,false,0,false,0,false,0,false,0,0.23945015785943374,0.4351479828747918,0.48990799436520516,moderate,false,false,none,-0.021150000000000002,0.0,0.44515000000000005,0.46630000000000005,0.30525369188716034,0.0019351129661087322,0.9369853392570895,false,none,0.6451,0.24520000000000008,63.092622776557306,38.94825816579122,17.3765147757069,false,化学制药,false,1.604563815463114,true,rising,false,false,0.0,0.23945015785943374,0.4055019683492955,化学制药,-5.0,-2.0,3.0,0.3,0.5,0.21320985934412703,0.9560516250605837,0.22531795533761576,false,false,0.05269469086153511,0.16215065224978248,,,,,,,0.07161803713527852,0,0.0,none,0.21994040040575535,false,decreasing_vol,2.0,趋势不可靠-2分(Bootstrap CI过宽: 0.402),"","",0,0
002006.SZ,精工科技,专用机械,0.319941,-0.02705643925568177,-0.028839999999999994,0.08381830629171452,0.6365957261562483,,0.2776,77.64180904522613,-0.07828369258946744,-0.39999999999999997,0.48333333333333334,has_loss,has_loss,has_near_zero,true,1,true,5,false,0,true,5,0.8033501603249916,0.27464935281190817,2.2066222066222068,high_volatility,false,false,none,0.12475000000000003,0.0,-0.21235,-0.33710000000000007,0.16434621500449298,0.43004660834482816,0.3152619460685899,false,none,0.3297,-0.7544000000000001,-60.472732450519715,632.8214971209212,-107.41848213014381,false,专用机械,true,5.076255872786412,true,rising,false,false,0.0,0.8033501603249916,1.0,专用机械,-5.0,-2.0,3.0,0.3,0.5,-0.1901984611221548,0.2892308582958027,-0.29817249688891273,false,false,-0.0704120697498042,0.1862119785886187,,,,,,,0.6067415730337079,0,0.0,none,0.728685536684145,false,increasing_vol,22.358190954773868,单年巨幅下滑-15.0分(年跌-107.4%); 波动率飙升预警-4.4分(近期波动是早期的2.2倍); 趋势不可靠-2分(Bootstrap CI过宽: 0.337); 峰值大幅下跌-15分(从0.7跌至0.3，跌幅-60.5%),"","",0,0
002007.SZ,华兰生物,生物制药,0.653125,-0.02855730831386856,-0.034350000000000006,0.2318046680283025,0.4115686854426144,-0.054999750338273756,0.5793,95.0,-0.025205938897426866,-0.19999999999999998,0.8166666666666667,has_near_zero,has_near_zero,has_near_zero,false,0,true,5,false,0,true,5,0.16701765127444038,0.11195193164925739,0.3886319558406683,stable,false,false,none,0.05879999999999996,0.0,-0.04065,-0.09944999999999996,0.14295068052645798,1.0,0.1788377554868563,true,moderate,-0.15659999999999996,0.21119999999999994,10.405946255002855,-21.280065226253562,40.25157232704401,false,生物制药,false,1.4494949494949494,true,falling,false,false,0.0,0.16701765127444038,0.32688011428554553,生物制药,-5.0,-2.0,3.0,0.3,0.5,0.023899799869685323,0.06679021297054989,0.10938270892236335,false,false,-0.02855730831386856,0.2318046680283025,,,,,,,0.6492985971943889,1,0.0,single_year_drop,0.14604652898762774,false,stable,5.0,中度恶化-10分,"","",0,0
002008.SZ,大族激光,专用机械,1.1568749999999999,-0.01677077387589534,-0.025190000000000025,0.23929140797664447,0.4029820243879344,-0.11855508507602153,1.0702,87.27469712851877,-0.09451561553212749,-0.39999999999999997,0.48333333333333334,good,good,good,false,0,true,1,false,0,false,0,0.3478378963953086,0.4163828322589681,0.9646968405927855,moderate,false,false,none,-0.5773999999999999,0.0,0.22605,0.8034499999999999,0.6035700568923827,0.9988725071388105,0.4299280617850167,true,moderate,-0.2247999999999999,0.6769,73.14350428733216,-17.359073359073353,109.51302378255944,false,专用机械,false,2.0951302378255945,true,falling,false,false,0.0,0.3478378963953086,0.5576210154929928,专用机械,-5.0,-2.0,3.0,0.3,0.5,0.1729341637791068,0.46983468042329496,0.5493942570375265,true,false,-0.07731749241803494,0.20061586050310382,,,,,,,0.6492985971943889,1,0.0,single_year_drop,0.2994789660486514,false,stable,12.725302871481237,中度恶化-10分; 峰值明显下跌-8分(从1.8跌至1.1，跌幅-39.6%),"","",0,0
002015.SZ,协鑫能科,新型电力,1.325873,-0.02900185193113034,-0.053689999999999995,0.6681574056242102,0.0910511700267145,-0.030136291579833996,1.4938,100.0,-0.033671904377371775,-0.39999999999999997,0.48333333333333334,good,good,good,false,0,true,1,false,0,false,0,0.32980729125443453,0.44259478871762603,0.8317560619383298,moderate,false,false,none,-0.5580999999999999,0.0,0.46085,1.0189499999999998,0.6662570649402959,0.8401808912187694,0.8223897581841892,false,none,0.08990000000000009,0.8317999999999999,161.10819786750565,6.403589999287705,145.3941618598147,false,新型电力,false,1.0,false,rising,false,false,0.0,0.32980729125443453,0.397179166336881,新型电力,-5.0,-2.0,3.0,0.3,0.5,0.3232825174206751,0.8088440752046876,0.6983420021086223,true,false,-0.02900185193113034,0.02278387209202768,,,,,,,0.07161803713527852,0,0.0,none,0.3236838575534448,false,stable,0.0,"","","",0,0
002019.SZ,亿帆医药,化学制药,0.44652000000000003,0.03913957033059911,0.042429999999999995,0.3680719451172413,0.277964772459004,-0.12482293225901231,0.5267,92.0,-0.02806715946907526,0.0,1.0,has_near_zero,has_near_zero,has_near_zero,false,0,true,5,false,0,true,5,0.5647659452250371,0.2640732606683229,1.398049531630951,volatile,false,false,none,-0.6537000000000001,0.0,0.07470999999999998,0.72841,0.604340197271539,1.0,0.58658197271539,false,none,0.24239999999999995,-0.10070000000000001,36.80519480519479,85.26204713330986,-26.15584415584416,false,化学制药,false,1.457229371688115,true,rising,false,false,0.0,0.5647659452250371,0.646110005738445,化学制药,-5.0,-2.0,3.0,0.3,0.5,0.06444610730003869,0.3276090351360543,0.28002529479012395,true,false,-0.05656678784464408,0.1539417029071151,,,,,,,0.07161803713527852,0,0.0,none,0.5124543640900086,false,decreasing_vol,8.0,峰值明显下跌-8分(从0.9跌至0.5，跌幅-41.3%),"","",0,0
002020.SZ,京新药业,化学制药,0.800228,0.02112078780514011,0.027069999999999997,0.1978116267042129,0.45298075464704496,0.03768389145216955,0.8434,76.0,0.03628370292742285,0.19999999999999998,0.8166666666666667,has_near_zero,has_near_zero,has_near_zero,false,0,true,5,false,0,true,5,0.29762112199504526,0.2314718514204265,0.7595083189754931,moderate,false,false,none,-0.32420000000000004,0.0,0.12475,0.44895000000000007,0.3050298731364012,1.0,0.3685204697232435,true,severe,-0.07739999999999991,-0.07310000000000005,-15.14236844752993,-8.405734144222405,-7.354864674514544,false,化学制药,false,2.465029761904762,true,falling,false,false,0.0,0.29762112199504526,0.5667675325166712,化学制药,-5.0,-2.0,3.0,0.3,0.5,-0.05542660591055253,0.9992553636489951,-0.15646890866426608,false,false,0.06137057019006085,0.258342528203714,,,,,,,0.9747292418772563,2,0.1428808708539867,sustained_decline,0.25564563782384137,false,decreasing_vol,24.0,严重恶化-15分; 贝叶斯高置信度恶化-12分(恶化概率97.5%，严重恶化确认),"","",0,0
002028.SZ,思源电气,电气设备,2.007688,0.31939490152940553,0.66256,0.732390280034714,0.06429339691875746,0.31114359580305506,3.1666,113.0,0.33183355916684354,0.7999999999999999,0.08333333333333333,good,good,good,false,0,true,1,false,0,true,1,0.6518597293764896,1.1791621016637195,1.4738628573955732,moderate,false,false,none,-0.571,0.0,0.95641,1.52741,0.6936837370536204,1.0,0.9368373705362035,false,none,0.23069999999999968,1.5658,131.1218159258448,7.8578970673387945,114.28362893219473,false,电气设备,false,1.0,false,rising,false,false,0.0,0.6518597293764896,0.654821116834525,电气设备,-5.0,-2.0,3.0,0.3,0.5,0.37468713709825097,0.821210014663911,0.2799670147089615,false,false,0.31939490152940553,0.732390280034714,,,,,,,0.07161803713527852,0,0.0,none,0.29921542020956066,false,stable,2.0,趋势不可靠-2分(Bootstrap CI过宽: 0.644),high_growth,"高速成长(稳健CAGR=33.2%, MK趋势=0.80)",1,0
002036.SZ,联创电子,元器件,0.34455100000000005,0.05716523347540216,0.05636999999999999,0.0919145634756488,0.619984392515248,,0.3258,81.71881837867676,0.10656054371297544,0.19999999999999998,0.8166666666666667,has_loss,has_loss,has_loss,true,1,true,5,true,1,true,5,0.9653812810144597,0.31629752291157764,2.5360151385667193,high_volatility,false,false,none,0.6345000000000001,0.0,-0.10938000000000003,-0.7438800000000001,0.5877491671153604,1.0,0.3897316711536036,false,none,0.12899999999999998,-0.5175000000000001,-54.38891222175557,65.54878048780488,-72.44855102897942,false,元器件,true,3.6295731707317076,true,rising,false,false,0.0,0.9653812810144597,1.0,元器件,-5.0,-2.0,3.0,0.3,0.5,-0.17202342978487606,0.5019938892879057,-0.5623632426464843,false,true,0.05716523347540216,0.0919145634756488,,,,,,,0.6067415730337079,0,0.0,none,0.9262608836084547,false,stable,18.281181621323242,单年巨幅下滑-15.0分(年跌-72.4%); 加速下滑-0.3分(加速度-0.56); 趋势不可靠-2分(Bootstrap CI过宽: 0.634); 峰值大幅下跌-15分(从0.7跌至0.3，跌幅-54.4%),"","",0,0
002044.SZ,美年健康,医疗保健,0.43227800000000005,0.032499846070723475,0.034260000000000006,0.240489987040784,0.4016237780914757,0.14312610483736754,0.4245,88.0,0.027948769993604353,0.19999999999999998,0.8166666666666667,has_near_zero,has_near_zero,has_near_zero,false,0,true,5,false,0,true,5,0.2669358968525187,0.11264694847176288,0.6578199052132702,moderate,false,false,none,0.2776,0.0,-0.01818,-0.29578000000000004,0.4717011742176546,1.0,0.1254517421765459,true,moderate,-0.09250000000000003,0.12330000000000002,7.823215646431292,-17.89168278529981,31.31826263652528,false,医疗保健,false,1.3248666497332997,true,falling,false,false,0.0,0.2669358968525187,0.3901976041131216,医疗保健,-5.0,-2.0,3.0,0.3,0.5,0.014253102666822948,0.05974897124004297,-0.05478266930712562,false,false,0.032499846070723475,0.240489987040784,,,,,,,0.7873633049817741,1,0.0,single_year_drop,0.234045572056855,true,decreasing_vol,12.0,中度恶化-10分; 贝叶斯中度恶化预警-5分(恶化概率78.7%); 波动聚集提示-2分(大波动后可能跟着大波动),"","",0,0
002049.SZ,紫光国微,半导体,1.7655830000000001,-0.020370218017663144,-0.04224999999999999,0.2470399269958794,0.39427911684156564,0.25859188913663145,1.7271,86.76043398508868,0.028329971898299278,0.39999999999999997,0.48333333333333334,good,good,good,false,0,true,1,false,0,false,0,0.34225234427615564,0.5817057744255251,0.8221152714692523,moderate,false,false,none,1.2768000000000002,0.0,-0.06604999999999998,-1.34285,0.6790779345320271,1.0,0.29077934532027067,true,moderate,-0.3584999999999998,0.0535000000000001,-15.009103882682926,-17.189298043728414,2.632744451552586,false,半导体,false,1.0,true,falling,false,false,0.0,0.34225234427615564,0.4071352087542579,半导体,-5.0,-2.0,3.0,0.3,0.5,-0.07170985892774273,0.6304928766587776,-0.4791320298226253,false,true,0.1396205795975565,0.3900414349453494,,,,,,,0.9487554904831625,1,0.0,single_year_drop,0.2744498763114709,false,decreasing_vol,13.239566014911313,中度恶化-10分; 加速下滑-0.2分(加速度-0.48); 贝叶斯恶化预警-8分(恶化概率94.9%),"","",0,0
002056.SZ,横店东磁,电气设备,1.704776,0.25607503825372135,0.44772,0.8400729398476329,0.028570834082914033,0.31302238423067297,2.1653,93.0,0.26623221716113,0.7999999999999999,0.08333333333333333,has_near_zero,has_near_zero,has_near_zero,false,0,true,2,false,0,true,2,0.492309460619131,0.7731523155239205,1.060389949441565,stable,false,false,none,0.5229999999999999,0.0,0.19539999999999988,-0.3276,0.3453813794603442,0.7940769859866993,0.3892929144418689,true,moderate,-0.22850000000000037,0.6193000000000002,22.023105100028168,-9.545492522349418,34.89997182304876,false,电气设备,false,1.0,true,falling,false,false,0.0,0.492309460619131,0.5271809018286382,电气设备,-5.0,-2.0,3.0,0.3,0.5,0.08860877041833659,0.4197350468033776,-0.24245674700474862,false,true,0.25607503825372135,0.8400729398476329,,,,,,,0.4807121661721069,1,0.0,single_year_drop,0.19793951280615787,false,stable,7.0,中度恶化-10分; 趋势不可靠-2分(Bootstrap CI过宽: 0.403),"","",0,0
002063.SZ,远光软件,软件服务,0.038725,0.0039038759019493553,0.003950000000000001,0.009761830102856448,0.8744063908422465,,0.1218,74.18907239285504,-0.00923585389228871,0.0,1.0,has_loss,has_loss,has_loss,true,1,true,5,true,1,true,5,1.6672275556257514,0.0625877224381907,4.432605221097496,high_volatility,false,false,none,-0.024499999999999997,0.0,0.04965,0.07415,0.3030639662773116,0.6593738557305018,0.35172605920403993,false,none,0.1664,-0.06709999999999999,441.3333333333333,373.0941704035874,-298.22222222222223,false,软件服务,true,inf,true,rising,false,false,0.0,1.6672275556257514,1.0,软件服务,-5.0,-2.0,3.0,0.3,0.5,0.049501367763744454,0.35100531728167783,0.07397192613897066,true,false,0.0039038759019493553,0.009761830102856448,,,,,,,0.07161803713527852,0,0.0,none,1.6589059719713348,false,increasing_vol,25.81092760714496,单年巨幅下滑-15.0分(年跌-298.2%); 周期顶部预警-5分(警惕景气回落); 波动率飙升预警-7.7分(近期波动是早期的3.8倍),"","",0,0
002065.SZ,东华软件,软件服务,0.13112000000000001,0.016854072033338396,0.017200000000000003,0.08127110907869387,0.642002076643007,0.24012939760757157,0.2474,99.36928406485221,0.026649417724347056,0.19999999999999998,0.8166666666666667,has_near_zero,has_near_zero,has_near_zero,false,0,true,5,false,0,true,5,0.7498086682920521,0.0944458998580669,1.899015560495395,high_volatility,false,false,none,-0.0482,0.0,0.11959999999999998,0.16779999999999998,0.44422965841744466,0.2760420709769509,0.9453645666730993,false,none,0.1694,0.0698,2917.0731707317073,217.17948717948715,851.2195121951219,false,软件服务,true,23.365853658536583,true,rising,false,false,0.0,0.7498086682920521,1.0,软件服务,-5.0,-2.0,3.0,0.3,0.5,0.11837170679808054,0.9466950558252188,0.16647684882238362,false,false,0.016854072033338396,0.08127110907869387,,,,,,,0.07161803713527852,0,0.0,none,0.7180511156537358,false,stable,0.6307159351477853,周期顶部预警-5分(警惕景气回落),"","",0,0
002073.SZ,软控股份,专用机械,0.43606500000000004,0.008605183430389919,0.008780000000000001,0.032387179303336414,0.7721051640619514,0.48516559431016804,0.8986,82.59901530719671,0.1120378611810279,0.6,0.23333333333333334,has_near_zero,has_near_zero,has_near_zero,false,0,true,5,false,0,true,5,0.7420290241659502,0.2925968848091175,1.8104585108541285,volatile,false,false,none,0.10504999999999999,0.0,0.2519,0.14685000000000004,0.2867557966818411,0.9816889470208635,0.5212959531771147,false,none,0.6699999999999999,-0.1662,127.60891590678827,293.08836395450567,-42.097264437689965,false,专用机械,false,1.727034120734908,true,rising,false,false,0.0,0.7420290241659502,0.8238944354307479,专用机械,-5.0,-2.0,3.0,0.3,0.5,0.21131151908606421,0.49475762980379967,0.11054288527816239,true,false,0.12130791630930532,0.5685408657917251,,,,,,,0.07161803713527852,0,0.0,none,0.4891684616405403,true,increasing_vol,17.400984692803284,单年巨幅下滑-15.0分(年跌-42.1%); 波动率飙升预警-8.0分(近期波动是早期的4.0倍),"","",0,0
002074.SZ,国轩高科,电气设备,0.9750260000000001,0.18789542511242646,0.26522,0.6996539686366928,0.07741856332264967,0.2943625931291167,1.5014,88.65291855994407,0.18480718837097385,0.6,0.23333333333333334,has_near_zero,has_near_zero,has_near_zero,false,0,true,3,false,0,true,3,0.5510105841855899,0.49340793771482844,1.1736984343242578,moderate,false,false,none,-0.04225000000000001,0.0,0.5255000000000001,0.5677500000000001,0.5172088226099181,0.20741675829996264,0.8522351413845455,false,none,0.14650000000000007,0.9045,233.34813499111903,10.812606096390883,200.8214920071048,false,电气设备,false,1.411412078152753,true,rising,false,false,0.0,0.5510105841855899,0.6289967444355057,电气设备,-5.0,-2.0,3.0,0.3,0.5,0.37956256830083035,0.8319142186461191,0.41745912669448854,false,false,0.18789542511242646,0.6996539686366928,,,,,,,0.07161803713527852,0,0.0,none,0.29034770262571813,false,increasing_vol,11.347081440055925,"波动率飙升预警-7.3分(近期波动是早期的3.7倍); 趋势不确定预警-4分(Bootstrap CI跨零: [-0.054, 0.419])","","",0,0
002077.SZ,大港股份,半导体,0.3557220000000001,-0.0713968789893716,-0.07786,0.5278103663928834,0.16446909688219177,-0.1485966380192416,0.3013,88.0,-0.06703150292747595,-0.39999999999999997,0.48333333333333334,has_near_zero,has_near_zero,has_near_zero,false,0,true,5,false,0,true,5,0.44141908501172294,0.16733314674624392,1.024849635960747,moderate,false,false,none,-0.19425,0.0,0.0582,0.25245,0.5081915417953362,0.8231495418216418,0.7538658761317203,false,none,0.0005999999999999894,0.11580000000000001,62.95294753921038,0.19953441968739255,62.62844780962683,false,半导体,false,1.0,false,rising,false,false,0.0,0.44141908501172294,0.48646860134271175,半导体,-5.0,-2.0,3.0,0.3,0.5,0.05652783649369479,0.7538113245371432,0.23753776696136625,true,false,-0.0713968789893716,0.5278103663928834,,,,,,,0.07161803713527852,0,0.0,none,0.2989751205682041,false,decreasing_vol,12.0,"趋势不确定预警-4分(Bootstrap CI跨零: [-0.199, 0.064]); 峰值明显下跌-8分(从0.6跌至0.3，跌幅-47.5%)","","",0,0
002090.SZ,金智科技,电气设备,0.514581,0.08497094513646096,0.09587000000000001,0.23386718932956604,0.40918527442526437,0.05799538495369716,0.7529,98.0,0.08688920271077591,0.6,0.23333333333333334,has_near_zero,has_near_zero,has_near_zero,false,0,true,5,false,0,true,5,0.6280517191461508,0.305120086195583,1.353381910995842,volatile,false,false,none,-0.5055000000000001,0.0,0.24928,0.75478,0.6382715437991713,1.0,0.8731554379917127,false,none,0.0028000000000000247,0.5203,227.63272410791996,0.37328356219171105,226.414273281114,false,电气设备,false,1.0,false,rising,false,false,0.0,0.6280517191461508,0.635774708650254,电气设备,-5.0,-2.0,3.0,0.3,0.5,0.23382075470022792,0.7535898264935261,0.4047069709638572,true,false,0.08497094513646096,0.23386718932956604,,,,,,,0.07161803713527852,0,0.0,none,0.5450639997032065,false,stable,2.0,趋势不可靠-2分(Bootstrap CI过宽: 0.534),"","",0,0
002099.SZ,海翔药业,化学制药,0.13351400000000002,0.012102366240231173,0.01217,0.32116671134934044,0.31917408182890333,-0.24352727133085417,0.108,85.0,-0.015893309926825826,0.0,1.0,has_near_zero,has_near_zero,has_near_zero,false,0,true,5,false,0,true,5,0.756139573690629,0.10908069490061015,1.8480521281020377,high_volatility,false,false,none,-0.26659999999999995,0.0,0.02113,0.28772999999999993,0.5564693190025701,1.0,0.489233190025701,true,moderate,-0.04060000000000001,0.07690000000000001,50.6276150627615,-27.321668909825043,107.25244072524409,false,化学制药,false,2.3512658227848102,true,falling,false,false,0.0,0.756139573690629,0.9184137686571445,化学制药,-5.0,-2.0,3.0,0.3,0.5,0.01807621717677542,0.22358580814989362,0.1443050450291175,false,false,-0.03477099779538189,0.26555395714188,,,,,,,0.6492985971943889,1,0.0,single_year_drop,0.6462296397138002,false,decreasing_vol,15.0,中度恶化-10分; 峰值大幅下跌-15分(从0.3跌至0.1，跌幅-67.3%),"","",0,0
002106.SZ,莱宝高科,元器件,0.8231250000000001,0.06935184540034671,0.08034999999999999,0.208052556380473,0.4400587023346747,0.18890247463061605,0.6827,47.78918095531049,0.05973255531493095,0.19999999999999998,0.8166666666666667,has_near_zero,has_near_zero,has_near_zero,false,0,true,3,false,0,true,3,0.36663659676224913,0.2929499735449723,0.8724437435858926,moderate,false,false,none,0.34854999999999997,0.0,-0.17804999999999999,-0.5266,0.6216144954417433,0.8874909625200169,0.775453991897415,true,severe,-0.344,-0.0121,-34.27993839045052,-33.50540566864712,-1.1648055448594532,false,元器件,false,1.0,true,falling,false,false,0.0,0.36663659676224913,0.4266426107431327,元器件,-5.0,-2.0,3.0,0.3,0.5,-0.13505433923221832,0.7733479308442,-0.42163808937901776,false,true,0.06935184540034671,0.208052556380473,,,,,,,0.9983149583553994,1,27.764806122802174,cliff_drop,0.33036535039313447,false,decreasing_vol,52.21081904468951,严重恶化-15分; 单年巨幅下滑-15.0分(年跌-33.5%); 加速下滑-0.2分(加速度-0.42); 贝叶斯高置信度恶化-12分(恶化概率99.8%，严重恶化确认); 趋势不可靠-2分(Bootstrap CI过宽: 0.449); 峰值明显下跌-8分(从1.0跌至0.7，跌幅-34.3%),"","",0,0
002112.SZ,三变科技,电气设备,-0.17447600000000002,-0.004520785689718628,-0.0045100000000000045,0.019207814207102342,0.8241053998060934,,0.3495,72.0,0.0743345306200336,0.19999999999999998,0.8166666666666667,poor,poor,poor,true,4,true,5,true,5,true,5,1.9699419067990847,0.37992299614527153,5.520584880223995,high_volatility,false,false,none,0.015199999999999991,0.0,0.2871,0.27190000000000003,0.20548573911227755,0.045129906702095816,0.2902539411796585,false,none,1.0647,-0.49049999999999994,255.54072096128172,148.86744966442953,-218.29105473965282,false,电气设备,true,inf,true,rising,false,false,0.0,1.9699419067990847,1.0,电气设备,-5.0,-2.0,3.0,0.3,0.5,0.2828002240605414,0.31339060659085965,0.26802005201155843,false,false,0.06437694697166611,0.07979627615438249,,,,,,,0.07161803713527852,0,0.0,none,1.9048015331457555,true,increasing_vol,28.0,单年巨幅下滑-15.0分(年跌-218.3%); 周期顶部预警-5分(警惕景气回落); 波动率飙升预警-8.0分(近期波动是早期的6.4倍),"","",0,0
002130.SZ,沃尔核材,电气设备,0.649795,0.015739325475089484,0.018865,0.5917511272555815,0.12835178039486653,0.039642734083468856,0.7124,96.0,0.027591679209146167,0.6,0.23333333333333334,has_near_zero,has_near_zero,has_near_zero,false,0,true,5,false,0,true,5,0.143374395137714,0.09045490589238377,0.3610714851799018,ultra_stable,false,false,none,-0.12520000000000003,0.0,0.06503,0.19023000000000004,0.40488545013415267,1.0,0.6572362529071417,false,none,0.05510000000000004,-0.03310000000000002,3.1865585168018566,8.382778031340338,-4.794322132097338,false,电气设备,false,1.2092127156493564,true,rising,false,false,0.0,0.143374395137714,0.2759278781967521,电气设备,-5.0,-2.0,3.0,0.3,0.5,0.009005622674754132,0.15474606862760085,-0.024781408712522712,false,false,0.032110995603981944,0.4266639200915397,,,,,,,0.13366336633663367,0,0.0,none,0.10764118249945523,false,decreasing_vol,4.0,"趋势不确定预警-4分(Bootstrap CI跨零: [-0.009, 0.037])","","",0,0
002137.SZ,实益达,元器件,0.09279000000000001,-0.010763750870251816,-0.0109,0.0517549761220606,0.7128598771664227,,0.1447,98.0,-0.009382640302105581,-0.19999999999999998,0.8166666666666667,has_loss,has_loss,has_loss,true,1,true,5,true,1,true,5,0.783382928366888,0.07525176409892327,2.0383093899646054,high_volatility,false,false,none,-0.09789999999999999,0.0,0.07419999999999999,0.17209999999999998,0.7159856748392937,0.993701504174114,0.9990322338703627,false,none,0.07819999999999999,0.0702,4010.8108108108104,117.59398496240601,1897.2972972972973,false,元器件,false,1.0,false,rising,false,false,0.0,0.783382928366888,0.7600396760268437,元器件,-5.0,-2.0,3.0,0.3,0.5,0.0739498669655999,0.9991211535618493,0.17126871642923175,true,false,-0.010763750870251816,0.0517549761220606,,,,,,,0.07161803713527852,0,0.0,none,0.7625613327069533,true,stable,2.0,波动聚集提示-2分(大波动后可能跟着大波动),"","",0,0
002138.SZ,顺络电子,元器件,1.44897,0.006309647832808474,0.010680000000000002,0.1381463260431909,0.5378955652056614,0.15198076621128465,1.775,100.0,0.09457382468830358,0.9999999999999999,0.016666666666666666,good,good,good,false,0,false,0,false,0,false,0,0.20146772531042229,0.2753902630813224,0.5611886577122289,ultra_stable,false,false,none,0.15590000000000004,0.0,0.2276499999999999,0.07174999999999987,0.30474304989410417,0.7670691983567139,0.9047326112979757,false,none,0.3555999999999999,0.0996999999999999,34.50026521179054,25.052839227842743,7.554747291050988,false,元器件,false,1.0,false,rising,false,false,0.0,0.20146772531042229,0.29450751358167115,元器件,-5.0,-2.0,3.0,0.3,0.5,0.12391470598740571,0.9157174573691124,0.02218634240338578,false,false,0.09656687566137874,0.8937738233509003,,,,,,,0.07161803713527852,0,0.0,none,0.06751805259151392,false,stable,0.0,"","","",0,0
002139.SZ,拓邦股份,元器件,0.6205820000000001,0.1660051001147064,0.19454000000000005,0.34506449883259116,0.29764363979393643,,0.8758,98.0,0.1773023880903663,0.39999999999999997,0.48333333333333334,has_loss,has_loss,has_loss,true,1,true,4,true,1,true,4,0.9031457382723533,0.5077665969714825,2.3748710469211343,high_volatility,false,false,none,-0.7494000000000001,0.0,0.39332,1.1427200000000002,0.6750087059204894,1.0,0.7500870592048947,true,moderate,-0.28070000000000006,0.7697,126.42192347466393,-24.271508862948554,198.99172699069288,false,元器件,true,inf,true,falling,false,false,0.0,0.9031457382723533,1.0,元器件,-5.0,-2.0,3.0,0.3,0.5,0.20650947520945717,0.4399508161054302,0.28940289568480004,false,false,0.1660051001147064,0.34506449883259116,,,,,,,0.6492985971943889,1,0.0,single_year_drop,0.7185719641390166,false,stable,2.0,中度恶化-10分; 周期回落期-3分(景气下行趋势); 趋势不可靠-2分(Bootstrap CI过宽: 0.760),"","",0,0
002149.SZ,西部材料,小金属,0.270656,0.31040070157495403,0.33392000000000005,0.9637084231439401,0.0029668361441290837,,0.8745,115.0,0.32465891036802985,0.9999999999999999,0.016666666666666666,poor,poor,poor,true,2,true,5,true,2,true,5,3.155975196757389,0.5380306515431997,8.34115438761145,high_volatility,false,false,none,0.5384,0.0,0.30884999999999996,-0.22955000000000003,0.3120661415535948,1.0,0.928735252253151,false,none,0.3884000000000001,0.4377,1706.818181818182,79.90125488582598,904.3388429752065,false,小金属,true,1.0,false,rising,true,false,0.0,3.155975196757389,1.0,小金属,-5.0,-2.0,1.6,0.3,0.24,0.37070563360051706,0.99405419572514,0.08487069572692107,true,false,0.31040070157495403,0.9637084231439401,,,,,,,0.07161803713527852,0,0.0,none,0.6073449443878514,false,stable,0.0,周期顶部预警-5分(警惕景气回落),high_growth,"高速成长(稳健CAGR=32.5%, MK趋势=1.00)",1,0
002152.SZ,广电运通,IT设备,0.591045,-0.002513272156936353,-0.002990000000000004,0.0030443849870804263,0.9297834660639106,0.001426642416790802,0.51,72.9181305257783,-0.007252532077618272,0.0,1.0,has_near_zero,has_near_zero,has_near_zero,false,0,true,5,false,0,true,5,0.14148518386926756,0.08383563084989579,0.325378877375367,stable,false,false,none,0.09639999999999999,0.0,-0.09494999999999998,-0.19134999999999996,0.5613824377719839,0.9527097959451478,0.9999999075666323,true,severe,-0.09499999999999997,-0.09489999999999998,-27.132447492498923,-15.70247933884297,-13.559079868552647,false,IT设备,false,1.0,true,falling,false,false,0.0,0.14148518386926756,0.24652148042874739,IT设备,-5.0,-2.0,3.0,0.3,0.5,-0.08122323976485013,0.9998459525742833,-0.16373894844340345,false,true,-0.002513272156936353,0.0030443849870804263,,,,,,,0.9872029250457038,2,0.1580785341681978,sustained_decline,0.14126004433943845,false,stable,27.0818694742217,严重恶化-15分; 加速下滑-0.1分(加速度-0.16); 贝叶斯高置信度恶化-12分(恶化概率98.7%，严重恶化确认),"","",0,0
002156.SZ,通富微电,半导体,2.425375,0.06555884890483257,0.16843000000000005,0.6459535217880766,0.10126377019191608,0.05688551712673573,2.5548,86.81839907052864,0.05106197580334626,0.6,0.23333333333333334,good,good,good,false,0,false,0,false,0,false,0,0.1441374680270548,0.3374488746462196,0.33419330588255397,ultra_stable,false,false,none,0.11249999999999982,0.0,0.19008000000000008,0.07758000000000026,0.18110405355082998,1.0,0.5194656290008148,true,moderate,-0.2751999999999999,0.7166999999999999,20.891496711304594,-9.72438162544169,33.913784129087205,false,半导体,false,1.1806416504992192,true,falling,false,false,0.0,0.1441374680270548,0.27272886115487305,半导体,-5.0,-2.0,3.0,0.3,0.5,0.08710351358262791,0.40468918892276967,0.0728716019789939,true,false,0.06555884890483257,0.6459535217880766,,,,,,,0.4807121661721069,1,0.0,single_year_drop,0.08852193467314268,false,increasing_vol,13.181600929471355,"中度恶化-10分; 波动率飙升预警-8.0分(近期波动是早期的6.2倍); 趋势不确定预警-4分(Bootstrap CI跨零: [-0.007, 0.143])","","",0,0
002167.SZ,东方锆业,小金属,0.32191600000000004,-0.01012588690392444,-0.010369999999999997,0.03527557751841405,0.7622762605404646,1.1689016043097622,0.9272,90.75158613958028,0.11224189909297314,0.6,0.23333333333333334,has_near_zero,has_near_zero,has_near_zero,false,0,true,5,false,0,true,5,1.3697529842698433,0.3749835769737123,3.23385447106955,high_volatility,false,false,none,0.007399999999999997,0.0,0.43525,0.42785,0.44005064244921405,0.0038976670227902467,0.777617527304669,false,none,0.8384,0.032100000000000004,1535.273368606702,944.1441441441441,56.613756613756614,false,小金属,true,4.483245149911816,true,rising,true,false,0.0,1.3697529842698433,1.0,小金属,-5.0,-2.0,1.6,0.3,0.24,0.38613931765177606,0.7810348679911989,0.37874836090597597,false,false,0.14112657678103166,0.45077675604309225,,,,,,,0.07161803713527852,0,0.0,none,1.0083147362130904,false,increasing_vol,9.248413860419717,周期顶部预警-5分(警惕景气回落); 波动率飙升预警-4.2分(近期波动是早期的2.1倍),"","",0,0
002179.SZ,中航光电,元器件,1.32439,-0.040095372671026676,-0.06910000000000004,0.11148964602700165,0.5829018612844802,-0.031071694851854792,1.0143,48.0,-0.05811723603737874,-0.19999999999999998,0.8166666666666667,good,good,good,false,0,false,0,false,0,false,0,0.24435348926869982,0.33206173070680695,0.6329933624736928,moderate,false,false,none,0.7237,0.0,-0.24227000000000004,-0.96597,0.6690452129838594,1.0,0.7585121298385941,true,severe,-0.4421999999999999,0.15789999999999993,-21.892807638995844,-30.360453141091654,12.159248421376862,false,元器件,false,1.2825350377329432,true,falling,false,false,0.0,0.24435348926869982,0.36648746311268565,元器件,-5.0,-2.0,3.0,0.3,0.5,-0.0930740117512473,0.42931465129231566,-0.13982710285547423,false,false,-0.040095372671026676,0.11148964602700165,,,,,,,0.9737039819684448,1,0.0,cliff_drop,0.23074816179738264,false,decreasing_vol,52.0,严重恶化-15分; 单年巨幅下滑-15.0分(年跌-30.4%); 贝叶斯高置信度恶化-12分(恶化概率97.4%，严重恶化确认); 趋势不可靠-2分(Bootstrap CI过宽: 0.327); 峰值明显下跌-8分(从1.9跌至1.0，跌幅-45.9%),"","",0,0
002180.SZ,纳思达,IT设备,1.73119,0.004428973539397175,0.00950000000000002,0.053740446557098476,0.7075032120773208,0.006252824464888951,1.9208,100.0,0.0028013169856186126,0.19999999999999998,0.8166666666666667,good,good,good,false,0,true,1,false,0,false,0,0.303522080018448,0.5245893517790844,0.7103926310795329,moderate,false,false,none,-0.5380499999999999,0.0,0.5617000000000001,1.09975,0.5542350062161236,0.6463462502177665,0.6808473192551332,true,moderate,-0.10439999999999983,1.2277999999999998,140.88286932530727,-5.155046415168864,153.97542011537496,false,IT设备,false,2.5395033860045144,true,falling,false,false,0.0,0.303522080018448,0.581418115482027,IT设备,-5.0,-2.0,3.0,0.3,0.5,0.338503930537571,0.6979430016573207,0.6659797052579762,true,false,0.004428973539397175,0.000502838716530235,,,,,,,0.4807121661721069,1,0.0,single_year_drop,0.30339762924050007,false,stable,0.0,中度恶化-10分,"","",0,0
002185.SZ,华天科技,半导体,0.894065,0.008905877191716483,0.01089,0.018285014771967985,0.8283560197168794,0.06514742044443911,0.9668,100.0,0.012772318899271893,0.19999999999999998,0.8166666666666667,has_near_zero,has_near_zero,has_near_zero,false,0,true,4,false,0,true,4,0.1575136008807042,0.13996973601461138,0.36438522653102556,stable,false,false,none,0.3238,0.0,-0.04698,-0.37078,0.41127677437447885,1.0,0.20165035461848227,false,none,0.21440000000000003,-0.14550000000000007,7.673460296246794,28.495481127060078,-16.20447711326429,false,半导体,false,1.428628389154705,true,rising,false,false,0.0,0.1575136008807042,0.3164946659251907,半导体,-5.0,-2.0,3.0,0.3,0.5,0.0251982623030596,0.09160657027634228,-0.0314408649597222,false,false,0.008905877191716483,0.018285014771967985,,,,,,,0.13366336633663367,0,0.0,none,0.15631722402568313,false,stable,0.0,"","","",0,0
002192.SZ,融捷股份,小金属,1.7105180000000002,0.313258703310398,0.40506,0.9634299841935422,0.0030013030854225734,,1.7358,83.17233987811083,0.3197349909292372,0.6,0.23333333333333334,has_loss,has_loss,has_loss,true,1,true,3,true,1,true,4,1.22671171674671,1.9492449179105225,3.1005663939584647,high_volatility,false,false,none,2.4634,0.0,-1.5675499999999996,-4.03095,0.608183659282315,0.8280972793810418,0.5670008708096911,false,none,0.8051,-3.9402,-64.36387525919234,86.50478134737295,-80.89264817590178,false,小金属,true,5.233587622219835,true,rising,true,false,0.0,1.22671171674671,1.0,小金属,-5.0,-2.0,1.6,0.3,0.24,-0.48398464666283486,0.4268882786201972,-1.6553202437783439,false,true,0.313258703310398,0.3067271944092866,,,,,,,0.6067415730337079,0,0.0,none,1.1586058176977614,false,stable,16.82766012188917,单年巨幅下滑-15.0分(年跌-80.9%); 加速下滑-0.8分(加速度-1.66); 峰值大幅下跌-15分(从4.9跌至1.7，跌幅-64.4%),"","",0,0
002202.SZ,金风科技,电气设备,0.89663,-0.16378360370973327,-0.2167,0.6272361210473211,0.11026709878862387,-0.1899096859762942,0.5481,36.67880872239139,-0.14458087878608394,-0.39999999999999997,0.48333333333333334,has_near_zero,has_near_zero,has_near_zero,false,0,true,2,false,0,true,2,0.45457430593163667,0.437136835556099,0.9912233268166881,moderate,false,false,none,0.05964999999999998,0.0,-0.42194999999999994,-0.4815999999999999,0.33334781552428594,0.2568273197693207,0.6542832345954894,false,none,0.10930000000000001,-0.9531999999999998,-60.62499999999999,24.90884229717411,-68.47701149425288,false,电气设备,false,1.7450169236555093,true,rising,false,false,0.0,0.45457430593163667,0.5963283678993773,电气设备,-5.0,-2.0,3.0,0.3,0.5,-0.3047541784677864,0.6320379830435414,-0.3405681059363791,false,false,-0.16378360370973327,0.6272361210473211,,,,,,,0.6067415730337079,0,0.0,none,0.2822902306390318,false,increasing_vol,63.32119127760861,"轻度衰退-3.3分(log斜率-0.164); 持续衰退重罚-10.0分(最新<加权); 单年巨幅下滑-15.0分(年跌-68.5%); 相对加权下滑-10.0分(最新为加权61.1%); 波动率飙升预警-6.0分(近期波动是早期的3.0倍); 趋势不确定预警-4分(Bootstrap CI跨零: [-0.359, 0.077]); 峰值大幅下跌-15分(从1.4跌至0.5，跌幅-60.6%)","","",0,0
002204.SZ,大连重工,专用机械,0.251741,-0.10192286460296673,-0.10933,0.2638900821855815,0.375963095578026,,0.3002,94.16852117918029,-0.11717913156903056,-0.39999999999999997,0.48333333333333334,has_loss,has_loss,has_loss,true,1,true,5,true,1,true,5,1.1794123320161505,0.3355899849518755,2.9538904899135447,high_volatility,false,false,none,-0.2042,0.0,0.14100000000000001,0.3452,0.301640721165938,0.3027859261493101,0.5074645609478184,false,none,0.38160000000000005,-0.0996,1549.4505494505495,468.7960687960689,-547.2527472527472,false,专用机械,true,inf,true,rising,false,false,0.0,1.1794123320161505,1.0,专用机械,-5.0,-2.0,3.0,0.3,0.5,0.13883280607937112,0.5044344652328931,0.3370423583605739,true,false,-0.10192286460296673,0.2638900821855815,,,,,,,0.07161803713527852,0,0.0,none,1.010902390364827,false,decreasing_vol,17.83147882081971,单年巨幅下滑-15.0分(年跌-547.3%); 趋势不可靠-2分(Bootstrap CI过宽: 0.605); 峰值大幅下跌-15分(从0.8跌至0.3，跌幅-60.5%),cyclical_bottom,"周期底部(mid_up), 近期强势(13.9%)",0,0
002213.SZ,大为股份,半导体,0.017254000000000005,0.06371715627553513,0.06438,0.31594138345951017,0.32403952426805216,,0.26,79.42344952911427,0.08108472412553167,0.39999999999999997,0.48333333333333334,poor,poor,poor,true,2,true,5,true,2,true,5,87.701618568412,0.1806653342509293,211.31067961164985,high_volatility,false,false,none,0.09605,0.0,0.12160000000000001,0.025550000000000017,0.17258199885884562,0.596773976187093,0.31904494114132187,false,none,0.4293,-0.18610000000000002,1447.6190476190477,253.5735380980508,-1107.7380952380954,false,半导体,true,inf,true,rising,false,false,0.0,87.701618568412,1.0,半导体,-5.0,-2.0,3.0,0.3,0.5,0.12017856934233044,0.31708637740887935,0.024571783211343803,false,false,0.06371715627553513,0.31594138345951017,,,,,,,0.07161803713527852,0,0.0,none,72.45542344930688,false,increasing_vol,20.576550470885742,单年巨幅下滑-15.0分(年跌-1107.7%); 周期顶部预警-5分(警惕景气回落); 波动率飙升预警-4.5分(近期波动是早期的2.3倍),"","",0,0
002218.SZ,拓日新能,新型电力,0.175608,-0.044837683100222916,-0.045840000000000006,0.3125433865536582,0.3272351653894039,-0.22255826391858147,0.1165,74.0,-0.038035428661130105,-0.19999999999999998,0.8166666666666667,has_near_zero,has_near_zero,has_near_zero,false,0,true,5,false,0,true,5,0.6855283286644946,0.12981164431590872,1.479721166032953,high_volatility,false,false,none,-0.2061,0.0,-0.026909999999999996,0.17919000000000002,0.1822586124593187,0.9999999999999998,0.07798532097346483,false,none,0.057300000000000004,-0.2802,-65.67472009428403,96.79054054054053,-82.55745433117266,false,新型电力,true,3.9465116279069767,true,rising,false,false,0.0,0.6855283286644946,1.0,新型电力,-5.0,-2.0,3.0,0.3,0.5,-0.10848108365996526,0.562957321120759,-0.11821712853402758,false,false,-0.044837683100222916,0.3125433865536582,,,,,,,0.6067415730337079,0,0.0,none,0.5687213655047103,false,stable,26.0,单年巨幅下滑-15.0分(年跌-82.6%); 相对加权下滑-10.0分(最新为加权66.3%); 峰值大幅下跌-15分(从0.3跌至0.1，跌幅-65.7%),"","",0,0
002219.SZ,新里程,医疗保健,0.11629600000000001,-0.010791584672939858,-0.01088,0.2572099629434445,0.38312756161814,-0.03957428632583393,0.1295,100.0,-0.005979149091371967,-0.39999999999999997,0.48333333333333334,has_near_zero,has_near_zero,has_near_zero,false,0,true,5,false,0,true,5,0.28333824566490423,0.03387592065169595,0.586316493810639,moderate,false,false,none,-0.03505,0.0,0.0237,0.05875,0.4705235146581802,0.7873485070210706,0.8003866395607317,false,none,0.0442,0.0031999999999999945,57.73447015834348,51.81711606096132,3.897685749086473,false,医疗保健,false,1.0,false,rising,false,false,0.0,0.28333824566490423,0.36000392986525676,医疗保健,-5.0,-2.0,3.0,0.3,0.5,0.02356634967000784,0.8004946987635531,0.05837153972726741,true,false,-0.010791584672939858,0.2572099629434445,,,,,,,0.07161803713527852,0,0.0,none,0.2440858644644573,false,stable,0.0,"","","",0,0
002222.SZ,福晶科技,元器件,0.495413,0.03196324615868279,0.034710000000000005,0.7480657932012504,0.058381641789211715,0.06350322099120942,0.4636,49.863386583042,0.027103601676301735,0.39999999999999997,0.48333333333333334,has_near_zero,has_near_zero,has_near_zero,false,0,true,5,false,0,true,5,0.3084154629371272,0.14958149952450667,0.7523711340206185,moderate,false,false,none,0.18244999999999997,0.0,-0.13184999999999997,-0.3142999999999999,0.5253487714914983,0.7522608727879684,0.8726268421270148,true,severe,-0.04459999999999997,-0.21909999999999996,-36.25739034786195,-8.776072412436044,-30.125120307988446,false,元器件,false,1.0,true,falling,false,false,0.0,0.3084154629371272,0.38006570368303505,元器件,-5.0,-2.0,3.0,0.3,0.5,-0.11323404402419959,0.8779673309467496,-0.2732268339159985,false,true,0.03196324615868279,0.14828648200652506,,,,,,,0.9507042253521126,2,-0.7086792576191357,sustained_decline,0.28690678863910063,false,stable,50.136613416958,严重恶化-15分; 单年巨幅下滑-15.0分(年跌-30.1%); 加速下滑-0.1分(加速度-0.27); 贝叶斯高置信度恶化-12分(恶化概率95.1%，严重恶化确认); 峰值明显下跌-8分(从0.7跌至0.5，跌幅-36.3%),"","",0,0
002223.SZ,鱼跃医疗,医疗保健,2.017939,-0.03282070831727251,-0.11006999999999999,0.03462402446573147,0.7644559134137996,-0.10501607386702994,1.8118,55.0,-0.09189667898005399,-0.39999999999999997,0.48333333333333334,good,good,good,false,0,false,0,false,0,false,0,0.29340408688206443,0.6017600460316388,0.7926531965518587,moderate,false,false,none,-1.6257000000000001,0.0,0.16633000000000006,1.7920300000000002,0.6075037221625306,1.0,0.1971429156058141,true,severe,-0.30990000000000006,-0.17749999999999977,-21.198677800974245,-14.606211999811475,-7.720076548364639,false,医疗保健,false,1.9188783174762143,true,falling,false,false,0.0,0.29340408688206443,0.49057371183581344,医疗保健,-5.0,-2.0,3.0,0.3,0.5,-0.10690125106283133,0.9679081696409924,-0.011262480020865065,false,false,-0.03282070831727251,0.03462402446573147,,,,,,,0.9892775185159306,2,0.891977612955864,accelerating_decline,0.2808655250746378,true,decreasing_vol,45.0,严重恶化-15分; 贝叶斯高置信度恶化-12分(恶化概率98.9%，严重恶化确认); 波动聚集提示-2分(大波动后可能跟着大波动); 趋势不可靠-2分(Bootstrap CI过宽: 0.474); 峰值明显下跌-8分(从2.8跌至1.8，跌幅-35.8%); 连续下跌警示-6分(2年下跌，累计-35.8%),"","",0,0
002230.SZ,科大讯飞,软件服务,0.5778399999999999,-0.014406301702682445,-0.011600000000000011,0.0038759114003808714,0.9207833929287362,0.014053843751091533,1.0793,83.32398443443222,-0.10979929335752524,-0.19999999999999998,0.8166666666666667,has_near_zero,has_near_zero,has_near_zero,false,0,true,3,false,0,true,3,0.7503805251344644,0.4362112068711669,1.5968829560311013,high_volatility,false,false,none,-0.37465,0.0,0.40395,0.7786,0.6057519675607709,0.8599714861509455,0.6403481894567626,false,none,0.9282999999999999,-0.12039999999999998,297.67870302137067,614.7682119205298,-44.36256448047162,false,软件服务,false,1.0,false,rising,false,false,0.0,0.7503805251344644,0.7336377534409049,软件服务,-5.0,-2.0,3.0,0.3,0.5,0.33408827664291607,0.621238742260009,0.6479688688644318,true,false,-0.014406301702682445,0.0038759114003808714,,,,,,,0.07161803713527852,0,0.0,none,0.749716925735031,false,stable,16.676015565567784,单年巨幅下滑-15.0分(年跌-44.4%); 趋势不可靠-2分(Bootstrap CI过宽: 0.678),"","",0,0
002240.SZ,盛新锂能,小金属,1.136571,0.39451243862361185,0.4887700000000001,0.7024692683859228,0.07624820817877909,,1.4387,68.51674356535185,0.4396912466172,0.39999999999999997,0.48333333333333334,has_loss,has_loss,has_loss,true,1,true,2,true,1,true,2,0.9702119199712794,0.9604515880563684,2.2240741863143216,high_volatility,false,false,none,1.1008499999999999,0.0,-0.2306499999999999,-1.3314999999999997,0.7423580129309514,0.924151253379247,0.9994288759302667,true,severe,-0.22109999999999985,-0.24019999999999997,-24.278947368421044,-13.32088203397999,-12.642105263157893,false,小金属,true,1.0,true,falling,true,false,0.0,0.9702119199712794,1.0,小金属,-5.0,-2.0,1.6,0.3,0.24,-0.11886320135360151,0.9999702857924717,-0.9665128692963091,false,true,0.39451243862361185,0.7024692683859228,,,,,,,0.9507042253521126,2,0.05369175123072374,sustained_decline,0.5760821305559306,false,decreasing_vol,31.483256434648155,"严重恶化-15分; 周期回落期-3分(景气下行趋势); 加速下滑-0.5分(加速度-0.97); 贝叶斯高置信度恶化-12分(恶化概率95.1%，严重恶化确认); 趋势不确定预警-4分(Bootstrap CI跨零: [-0.119, 0.885])","","",0,0
002241.SZ,歌尔股份,元器件,2.22777,-0.00023585595036712537,-0.0009500000000000508,0.00023281016001328392,0.9805735148242319,-0.06683329021945972,1.7785,70.91355140186917,-0.02860611555390996,-0.39999999999999997,0.48333333333333334,good,good,good,false,0,false,0,false,0,false,0,0.12816999327142303,0.29365539838388816,0.32228497603812956,ultra_stable,false,false,none,0.043099999999999916,0.0,-0.32655,-0.3696499999999999,0.4797069043219051,0.25262847250082526,0.8051405707182256,true,moderate,-0.6048000000000002,-0.04829999999999979,-26.85885836486264,-25.37657869340831,-1.9863464385589649,false,元器件,false,1.0,true,falling,false,false,0.0,0.12816999327142303,0.23586932795047177,元器件,-5.0,-2.0,3.0,0.3,0.5,-0.14078626217294898,0.7991245621045492,-0.15743231272087554,false,false,-0.05470545466642405,0.47066057535760697,,,,,,,0.9932937344318835,1,11.775504917368925,single_year_drop,0.09368830872756315,false,increasing_vol,29.086448598130836,中度恶化-10分; 贝叶斯恶化预警-8分(恶化概率99.3%); 波动率飙升预警-5.1分(近期波动是早期的2.5倍); 连续下跌警示-6分(2年下跌，累计-24.2%),"","",0,0
002245.SZ,蔚蓝锂芯,电气设备,0.572833,0.0185730060064896,0.01977000000000001,0.19713691671025949,0.45384666248159994,0.30441058934743714,0.949,100.0,0.08873769873945622,0.6,0.23333333333333334,has_near_zero,has_near_zero,has_near_zero,false,0,true,5,false,0,true,5,0.44970810610425793,0.2413493463840331,1.1574867705150182,moderate,false,false,none,0.042050000000000004,0.0,0.26854999999999996,0.22649999999999995,0.41366100394470623,0.19893946729781958,0.8416595195128677,false,none,0.47029999999999994,0.06680000000000003,130.39572711823254,98.24524754543555,16.21752852634135,false,电气设备,false,1.2527312454479242,true,rising,false,false,0.0,0.44970810610425793,0.5267973176097962,电气设备,-5.0,-2.0,3.0,0.3,0.5,0.22189306179942372,0.8509095807453216,0.18246057995819343,false,false,0.10119053430091332,0.6334400518682233,,,,,,,0.07161803713527852,0,0.0,none,0.2760140393485202,false,increasing_vol,0.0,"","","",0,0
002249.SZ,大洋电机,电气设备,0.6628149999999999,0.16415713708580124,0.19425,0.9633841311273175,0.003006992168199829,0.36993667505975636,1.0119,100.0,0.15646820447622017,0.9999999999999999,0.016666666666666666,has_near_zero,has_near_zero,has_near_zero,false,0,true,4,false,0,true,4,0.5177407165829868,0.31299497280307875,1.198597280576968,ultra_stable,false,false,none,0.028299999999999992,0.0,0.22988,0.20158,0.5396252516932809,1.0,0.9930925169328083,false,none,0.20300000000000007,0.20989999999999998,68.93155258764608,25.095809123501063,35.04173622704507,false,电气设备,false,1.0,false,rising,false,false,0.0,0.5177407165829868,0.5475259065997228,电气设备,-5.0,-2.0,3.0,0.3,0.5,0.1608979787800467,0.9985176280440922,0.018658181276792724,false,false,0.16415713708580124,0.9633841311273175,,,,,,,0.07161803713527852,0,0.0,none,0.09970556912930587,false,stable,0.0,"","","",0,0
002255.SZ,海陆重工,专用机械,0.514954,0.08172271884765295,0.09418,0.3737828792988409,0.2732300197346574,0.16216705196973624,0.8229,86.84946578581052,0.086449743201232,0.39999999999999997,0.48333333333333334,has_near_zero,has_near_zero,has_near_zero,false,0,true,5,false,0,true,5,0.48943701329892886,0.2382089943725887,1.3106636531744398,volatile,false,false,none,-0.2661,0.0,0.17056,0.43666,0.46281859652872603,1.0,0.6453419962473915,false,none,0.4397,-0.20810000000000006,39.167935058345996,114.74425887265136,-35.1936411297142,false,专用机械,false,2.0813093980992607,true,rising,false,false,0.0,0.48943701329892886,0.6690575303857113,专用机械,-5.0,-2.0,3.0,0.3,0.5,0.09455001894844572,0.25285298770531034,0.032401102988854874,false,false,0.08172271884765295,0.3737828792988409,,,,,,,0.07161803713527852,0,0.0,none,0.382015585923785,false,stable,13.150534214189477,单年巨幅下滑-15.0分(年跌-35.2%); 趋势不可靠-2分(Bootstrap CI过宽: 0.315),"","",0,0
002261.SZ,拓维信息,软件服务,-0.07067700000000002,0.09839008650509652,0.10507,0.2757882338866671,0.3635022332071539,,0.6165,78.28857145749974,-0.052262236630573805,0.0,1.0,poor,poor,has_loss,true,2,true,5,true,1,true,5,8.061071109214726,0.5726584915986141,21.81165540540541,high_volatility,false,false,none,-0.1633,0.0,0.43320000000000003,0.5965,0.38340730661420347,0.620709343800888,0.3111949909182259,false,none,1.5495,-0.6831,346.69867947178875,166.07717041800643,-273.3493397358944,false,软件服务,true,inf,true,rising,false,false,0.0,8.061071109214726,1.0,软件服务,-5.0,-2.0,3.0,0.3,0.5,0.4151456941981693,0.34038448590825665,0.577142914999483,true,false,0.004530088706929569,0.00018612220950010988,,,,,,,0.07161803713527852,0,0.0,none,8.061026122600593,true,increasing_vol,21.711428542500258,单年巨幅下滑-15.0分(年跌-273.3%); 周期顶部预警-5分(警惕景气回落); 波动率飙升预警-8.0分(近期波动是早期的5.0倍); 趋势不可靠-2分(Bootstrap CI过宽: 0.605),"","",0,0
002262.SZ,恩华药业,化学制药,0.919785,0.026775944441531575,0.03518999999999999,0.25113528495665594,0.3897522792527382,-0.07640330635996673,0.9015,95.39519409755161,-0.017632157407423438,0.0,1.0,has_near_zero,has_near_zero,has_near_zero,false,0,true,3,false,0,true,4,0.214111083365351,0.20089614730004154,0.5788250841966149,moderate,false,false,none,-0.5430999999999999,0.0,0.07632999999999998,0.6194299999999999,0.5839858606038478,1.0,0.6009986060384781,true,moderate,-0.09919999999999995,0.14619999999999989,5.500292568753649,-9.913060857399817,17.109420713867745,false,化学制药,false,1.4382006323656222,true,falling,false,false,0.0,0.214111083365351,0.36304895100769713,化学制药,-5.0,-2.0,3.0,0.3,0.5,0.017659553027466746,0.10448536735825642,0.15064841481716396,false,false,-0.022867115742480505,0.06285293955458542,,,,,,,0.6492985971943889,1,0.0,single_year_drop,0.2048367259415464,true,decreasing_vol,4.604805902448394,中度恶化-10分; 波动聚集提示-2分(大波动后可能跟着大波动),"","",0,0
002270.SZ,华明装备,电气设备,0.6673009999999999,0.02946179192084941,0.033419999999999984,0.2120223099904899,0.4351574825984815,0.1630565909003414,0.9923,100.0,0.1304754204476768,0.7999999999999999,0.08333333333333333,has_near_zero,has_near_zero,has_near_zero,false,0,true,5,false,0,true,5,0.3684040101468707,0.2323229368788196,0.9852208937236369,moderate,false,false,none,-0.1713,0.0,0.20038,0.37168,0.5717239884504742,1.0,0.9738798845047418,false,none,0.2986,0.13990000000000002,79.18020946189961,43.044543750900964,25.261827374503437,false,电气设备,false,1.0,false,rising,false,false,0.0,0.3684040101468707,0.42805654145082994,电气设备,-5.0,-2.0,3.0,0.3,0.5,0.17355548754433037,0.9677623512205952,0.16851310630090738,false,false,0.09989124123012105,0.6864131766008089,,,,,,,0.07161803713527852,0,0.0,none,0.2043026826650479,false,stable,0.0,"","","",0,0
002273.SZ,水晶光电,元器件,0.807724,0.15810752540832412,0.20527999999999996,0.9128266613631265,0.011223382827336592,0.3028206193923777,1.2852,92.0,0.15642967209858655,0.9999999999999999,0.016666666666666666,has_near_zero,has_near_zero,has_near_zero,false,0,true,4,false,0,true,4,0.4620621219353991,0.3447630316608786,1.1245878789503312,stable,false,false,none,0.07954999999999998,0.0,0.33999999999999997,0.26044999999999996,0.5497293004030277,0.9869398669046254,0.9894531371256511,false,none,0.40079999999999993,0.2792,112.35955056179776,45.31886024423337,46.13350958360873,false,元器件,false,1.0,false,rising,false,false,0.0,0.4620621219353991,0.5029830308816526,元器件,-5.0,-2.0,3.0,0.3,0.5,0.2480581081511885,0.9968608359585248,0.17766402773941206,true,false,0.15810752540832412,0.9128266613631265,,,,,,,0.07161803713527852,0,0.0,none,0.1557891174368069,true,increasing_vol,8.0,波动率飙升预警-8.0分(近期波动是早期的4.3倍),"","",0,0
002294.SZ,信立泰,化学制药,0.972465,-0.055144712483817505,-0.08095000000000001,0.3395912964450654,0.3024732219039994,-0.051352137190334046,1.0641,100.0,-0.10313289000366169,-0.39999999999999997,0.48333333333333334,has_near_zero,has_near_zero,has_near_zero,false,0,true,2,false,0,true,2,0.21142695411562512,0.2141628189018813,0.5537346733271468,stable,false,false,none,-0.22155,0.0,0.09665000000000001,0.31820000000000004,0.5509179020204784,0.9941446157591546,0.37863440444562924,false,none,0.31110000000000004,-0.11780000000000002,22.197978870004594,41.31474103585658,-13.52779053743684,false,化学制药,false,1.0,false,rising,false,false,0.0,0.21142695411562512,0.30247489662583343,化学制药,-5.0,-2.0,3.0,0.3,0.5,0.06948805444169642,0.3586494156616311,0.21943457982821402,true,false,-0.055144712483817505,0.3395912964450654,,,,,,,0.07161803713527852,0,0.0,none,0.16951396366697524,false,stable,0.0,"","","",0,0
002298.SZ,中电鑫龙,电气设备,0.052501000000000006,0.01324501666605926,0.013270000000000002,0.14726449518758888,0.5236659336203309,,0.1085,100.0,0.038508455579397693,0.39999999999999997,0.48333333333333334,has_loss,has_loss,has_loss,true,1,true,5,true,1,true,5,1.1263555873060003,0.054650773096087124,2.8627370156636442,high_volatility,false,false,none,-0.11599999999999999,0.0,0.04508000000000001,0.16108,0.70977965142122,1.0,0.9934359714396613,false,none,0.052,0.034100000000000005,384.375,92.03539823008849,152.2321428571429,false,电气设备,false,1.0,false,rising,false,false,0.0,1.1263555873060003,1.0,电气设备,-5.0,-2.0,3.0,0.3,0.5,0.04294505559826445,0.9859693953955718,0.07449389510177565,false,false,0.01324501666605926,0.14726449518758888,,,,,,,0.07161803713527852,0,0.0,none,1.0400372515154965,false,decreasing_vol,0.0,"","","",0,0
002300.SZ,太阳电缆,电气设备,0.3342860000000001,0.008925949286831198,0.011020000000000002,0.0051600244570500125,0.9086177066352719,0.049166231898942536,0.5845,98.0,-0.011462740453417775,0.0,1.0,has_near_zero,has_near_zero,has_near_zero,false,0,true,5,false,0,true,5,0.6284270458304981,0.20799678362897828,1.577436703124056,high_volatility,false,false,none,-0.21,0.0,0.26105,0.47104999999999997,0.5877994814366596,0.9895379732766406,0.9463568410899551,false,none,0.3687,0.15339999999999998,836.698717948718,170.85264133456906,245.83333333333331,false,电气设备,false,1.0,false,rising,false,false,0.0,0.6284270458304981,0.6360749699977318,电气设备,-5.0,-2.0,3.0,0.3,0.5,0.24656441134045315,0.9530714251813537,0.44809200445357866,true,false,0.008925949286831198,0.0051600244570500125,,,,,,,0.07161803713527852,0,0.0,none,0.6262181320087581,false,stable,2.0,趋势不可靠-2分(Bootstrap CI过宽: 0.453),"","",0,0
002322.SZ,理工能科,软件服务,0.732945,-0.06602623065060574,-0.08214999999999999,0.5144756776774889,0.17260675193685324,-0.13504861842676885,0.5338,40.0,-0.07441190015795211,-0.6,0.23333333333333334,has_near_zero,has_near_zero,has_near_zero,false,0,true,5,false,0,true,5,0.23388211781710808,0.18102943683279799,0.5424924420557609,stable,false,false,none,-0.08730000000000004,0.0,-0.07445999999999996,0.012840000000000087,0.13777066140596184,1.0,0.30553626399060924,true,severe,-0.3509,0.2532000000000001,-15.471100554235932,-39.663162654007,40.09501187648458,false,软件服务,false,1.4009501187648459,true,falling,false,false,0.0,0.23388211781710808,0.3738990434223326,软件服务,-5.0,-2.0,3.0,0.3,0.5,-0.04220513533553999,0.08235951134485804,0.08409741417106203,false,false,-0.06602623065060574,0.5144756776774889,,,,,,,0.9737039819684448,1,0.0,cliff_drop,0.1629100044291987,true,increasing_vol,60.0,"严重恶化-15分; 单年巨幅下滑-15.0分(年跌-39.7%); 贝叶斯高置信度恶化-12分(恶化概率97.4%，严重恶化确认); 波动聚集风险-6分(ARCH效应+波动上升); 趋势不确定预警-4分(Bootstrap CI跨零: [-0.164, 0.031]); 峰值明显下跌-8分(从1.0跌至0.5，跌幅-44.0%)","","",0,0
002331.SZ,皖通科技,软件服务,-0.009569000000000008,0.00395752002723897,0.003970000000000007,0.0006362223281144288,0.9678879143315859,,0.2735,82.98827934961793,-0.021671804656677663,0.0,1.0,poor,poor,poor,true,2,true,5,true,2,true,5,23.341530535058645,0.25115486855723107,55.678438661710025,high_volatility,false,false,none,-0.3796,0.0,0.10686999999999999,0.48646999999999996,0.4353288643899049,1.0,0.28078556255570636,false,none,0.5991,-0.3293,7291.8918918918935,183.99877149877148,-8899.999999999998,false,软件服务,true,inf,true,rising,false,false,0.0,23.341530535058645,1.0,软件服务,-5.0,-2.0,3.0,0.3,0.5,0.13325009196842041,0.20317928740186905,0.22441271097047408,false,false,0.00395752002723897,0.0006362223281144288,,,,,,,0.07161803713527852,0,0.0,none,23.33423923467382,false,increasing_vol,17.01172065038207,单年巨幅下滑-15.0分(年跌-8900.0%); 周期顶部预警-5分(警惕景气回落); 趋势不可靠-2分(Bootstrap CI过宽: 0.364),"","",0,0
002335.SZ,科华数据,电气设备,2.715676,0.22148976763071238,0.53352,0.7550099164947526,0.05583977847942011,0.2748219436630088,3.2748,96.0,0.23097236618330091,0.6,0.23333333333333334,good,good,good,false,0,false,0,false,0,false,0,0.386576290496233,0.9879420995179828,0.8668346624302519,moderate,false,false,none,1.10765,0.0,-0.09020000000000006,-1.19785,0.6602011034436305,0.917273679891279,0.18473735454502532,false,none,0.238,-0.4184000000000001,-5.221115999073863,7.837197049525817,-12.10928455661033,false,电气设备,false,1.137776606954689,true,rising,false,false,0.0,0.386576290496233,0.460964579990945,电气设备,-5.0,-2.0,3.0,0.3,0.5,-0.025699714984899313,0.17213184501558357,-0.48173550049443853,false,false,0.22148976763071238,0.7550099164947526,,,,,,,0.2783505154639176,0,0.0,none,0.2012108418439188,false,decreasing_vol,4.0,"趋势不确定预警-4分(Bootstrap CI跨零: [-0.039, 0.476])","","",0,0
002339.SZ,积成电子,电气设备,0.25739300000000004,-0.005804318159095928,-0.005950000000000006,0.1868501825351944,0.46728254335577724,-0.2023377313541076,0.2161,67.0,-0.038762664636956316,-0.19999999999999998,0.8166666666666667,has_near_zero,has_near_zero,has_near_zero,false,0,true,5,false,0,true,5,0.6217182433896258,0.1680255724584803,1.7179752830607562,high_volatility,false,false,none,-0.46430000000000005,0.0,0.045989999999999996,0.51029,0.5425555069127966,1.0,0.40497506912796644,true,moderate,-0.05990000000000004,0.020100000000000007,-15.552950371238774,-21.70289855072465,7.854630715123097,false,电气设备,true,3.971223021582734,true,falling,false,false,0.0,0.6217182433896258,1.0,电气设备,-5.0,-2.0,3.0,0.3,0.5,-0.01936693012355313,0.42784365249164785,0.10965859234906504,true,false,-0.039040313872298796,0.14997873589904634,,,,,,,0.9487554904831625,1,0.0,single_year_drop,0.5688322410071917,true,decreasing_vol,33.0,中度恶化-10分; 周期回落期-3分(景气下行趋势); 贝叶斯恶化预警-8分(恶化概率94.9%); 波动聚集提示-2分(大波动后可能跟着大波动); 峰值大幅下跌-15分(从0.5跌至0.2，跌幅-59.5%),"","",0,0
002340.SZ,格林美,小金属,0.302556,0.10309191470884543,0.11012,0.523559287033756,0.1670397963247957,,0.5959,89.41066520065971,0.11232707572447093,0.39999999999999997,0.48333333333333334,has_loss,has_loss,has_loss,true,1,true,5,true,1,true,5,0.8809202829966584,0.23742563467325933,2.2235826654793707,high_volatility,false,false,none,-0.09095,0.0,0.29964999999999997,0.39059999999999995,0.5570850468054124,0.8446833608419161,0.9449671072122076,false,none,0.1744,0.4249,17626.470588235294,41.376037959667855,12497.058823529413,false,小金属,true,1.0,false,rising,true,false,0.0,0.8809202829966584,1.0,小金属,-5.0,-2.0,1.6,0.3,0.24,0.28435299651719204,0.9358294257163965,0.3748357116375272,true,false,0.10309191470884543,0.523559287033756,,,,,,,0.07161803713527852,0,0.0,none,0.5988991187210566,false,increasing_vol,10.589334799340296,"周期顶部预警-5分(警惕景气回落); 波动率飙升预警-6.6分(近期波动是早期的3.3倍); 趋势不确定预警-4分(Bootstrap CI跨零: [-0.099, 0.302])","","",0,0
002346.SZ,柘中股份,电气设备,0.181453,0.06166405549219474,0.06451,0.27845628934376393,0.3607589337901989,,0.4622,79.1065641325022,0.06458110062250699,0.19999999999999998,0.8166666666666667,has_loss,has_loss,has_loss,true,1,true,5,true,1,true,5,1.1768456314587028,0.19076667685945572,2.956816779765577,high_volatility,false,false,none,0.0516,0.0,0.16785,0.11624999999999999,0.22403832907807492,0.287490322726934,0.46562334851257947,false,none,0.4793,-0.1436,265.37549407114625,2802.9239766081873,-113.51778656126483,false,电气设备,true,inf,true,rising,false,false,0.0,1.1768456314587028,1.0,电气设备,-5.0,-2.0,3.0,0.3,0.5,0.1604922884920849,0.4557786991055401,0.10905872172799991,false,false,0.06166405549219474,0.27845628934376393,,,,,,,0.07161803713527852,0,0.0,none,0.9944982855912718,false,increasing_vol,20.893435867497804,单年巨幅下滑-15.0分(年跌-113.5%); 周期顶部预警-5分(警惕景气回落); 波动率飙升预警-4.4分(近期波动是早期的2.2倍); 趋势不可靠-2分(Bootstrap CI过宽: 0.310),"","",0,0
002350.SZ,北京科锐,电气设备,0.182875,0.023025414340506898,0.023755,0.672691723396675,0.08902724164619444,,0.3038,87.0,0.020435584452084418,0.19999999999999998,0.8166666666666667,has_loss,has_loss,has_near_zero,true,1,true,5,false,0,true,5,0.9036579362012012,0.16876715616493632,2.1931891197258517,high_volatility,false,false,none,0.05025,0.0,-0.0010000000000000009,-0.051250000000000004,0.09880856113025419,0.8753080834867251,0.000017968702832155097,false,none,0.4076,-0.4096,-0.6540222367560503,392.6782273603083,-133.94375408763898,false,电气设备,true,inf,true,rising,false,false,0.0,0.9036579362012012,1.0,电气设备,-5.0,-2.0,3.0,0.3,0.5,-0.0009565532104743035,0.000016827645906084812,-0.049626286067594394,false,false,-0.013366087945214945,0.016020255035899524,,,,,,,0.2783505154639176,0,0.0,none,0.8969824202877775,true,increasing_vol,13.0,"单年巨幅下滑-15.0分(年跌-133.9%); 波动率飙升预警-8.0分(近期波动是早期的8.1倍); 趋势不确定预警-4分(Bootstrap CI跨零: [-0.006, 0.053])","","",0,0
002351.SZ,漫步者,IT设备,0.4505570000000001,0.054633575785335856,0.05939,0.7159232029549705,0.07076355238680664,0.11011326891971973,0.4916,95.0,0.05869288103998527,0.6,0.23333333333333334,has_near_zero,has_near_zero,has_near_zero,false,0,true,5,false,0,true,5,0.25743130138518383,0.11140082136142444,0.5964320377131764,stable,false,false,none,0.06770000000000001,0.0,0.016249999999999987,-0.051450000000000023,0.23070808790454453,0.7052839346085331,0.07569940878612416,true,moderate,-0.0821,0.11459999999999998,7.079067741232841,-14.31061530416594,24.961881942931818,false,IT设备,false,1.8178073510773132,true,falling,false,false,0.0,0.25743130138518383,0.4483193545851222,IT设备,-5.0,-2.0,3.0,0.3,0.5,0.014676032519300717,0.07843420037701744,-0.04834193067124512,false,false,0.054633575785335856,0.7159232029549705,,,,,,,0.6492985971943889,1,0.0,single_year_drop,0.13850134288179913,false,stable,5.0,中度恶化-10分,"","",0,0
002362.SZ,汉王科技,软件服务,-0.09201100000000004,0.013278037664018711,0.013430000000000004,0.012405781622857874,0.8584787640556253,,0.1303,85.65411598641874,0.013204186960299746,0.19999999999999998,0.8166666666666667,poor,poor,poor,true,3,true,5,true,3,true,5,1.9797269316999744,0.19013297452046557,4.3096626405664304,high_volatility,false,false,none,-0.36030000000000006,0.0,0.11322999999999998,0.47353000000000006,0.5544480209996788,1.0,0.5974202099967886,false,none,0.38680000000000003,-0.1094,188.57919782460908,150.79922027290448,-74.3711760707002,false,软件服务,true,inf,true,rising,false,false,0.0,1.9797269316999744,1.0,软件服务,-5.0,-2.0,3.0,0.3,0.5,0.13825433985206909,0.48766201822068345,0.2498541367711421,true,false,0.013278037664018711,0.012405781622857874,,,,,,,0.07161803713527852,0,0.0,none,1.9673414448848108,false,stable,14.345884013581253,单年巨幅下滑-15.0分(年跌-74.4%); 周期顶部预警-5分(警惕景气回落),"","",0,0
002364.SZ,中恒电气,电气设备,0.370634,0.1917564683232621,0.20778,0.934076325959536,0.007331062243387908,,0.8313,100.0,0.1926574595576105,0.9999999999999999,0.016666666666666666,has_loss,has_loss,has_loss,true,1,true,5,true,1,true,5,1.1115300807919,0.34268472390814275,2.7213752838144667,moderate,false,false,none,0.028200000000000003,0.0,0.25756,0.22936,0.5420375321913508,1.0,0.9616553219135076,false,none,0.41100000000000003,0.1432,200.0,97.78729478943612,51.67809455070371,false,电气设备,false,1.0,false,rising,false,false,0.0,1.1115300807919,1.0,电气设备,-5.0,-2.0,3.0,0.3,0.5,0.2416261294514902,0.9392020098869377,0.10094064390225418,true,false,0.1917564683232621,0.934076325959536,,,,,,,0.07161803713527852,0,0.0,none,0.3161713683182736,false,increasing_vol,0.0,"","","",0,0
002370.SZ,亚太药业,化学制药,0.022131,-0.00041486359245978996,-0.00041500000000000044,0.01679172996209128,0.8354728324981785,,0.0334,98.0,0.003598686746723907,0.39999999999999997,0.48333333333333334,has_loss,has_loss,has_near_zero,true,1,true,5,false,0,true,5,0.7862458673652416,0.016652687470795815,1.9169027384324835,high_volatility,false,false,none,-0.040400000000000005,0.0,0.012349999999999998,0.052750000000000005,0.49267077241364454,1.0,0.8212077241364456,false,none,0.0093,0.0017000000000000001,49.107142857142854,38.58921161825726,7.589285714285715,false,化学制药,false,1.0,false,rising,false,false,0.0,0.7862458673652416,0.7623300272255267,化学制药,-5.0,-2.0,3.0,0.3,0.5,0.005497832989585071,0.8627377074644914,0.010895721377767158,false,false,0.0031697383888428217,0.09060318487769707,,,,,,,0.07161803713527852,0,0.0,none,0.7497867471665685,true,decreasing_vol,2.0,波动聚集提示-2分(大波动后可能跟着大波动),"","",0,0
002378.SZ,章源钨业,小金属,0.328312,-0.060445700298056515,-0.06956,0.184054647909969,0.47101238574872956,-0.1345945571211098,0.4205,101.16297866434378,-0.04407142311087461,-0.19999999999999998,0.8166666666666667,has_near_zero,has_near_zero,has_near_zero,false,0,true,5,false,0,true,5,0.7047684698058965,0.24609105428682287,1.700841972621571,high_volatility,false,false,none,-0.5567,0.0,0.06113999999999999,0.61784,0.6183647482597683,1.0,0.4479674825976819,false,none,0.2647,-0.0711,85.32393124724548,169.89730423620026,-31.33539003966505,false,小金属,true,1.301032110091743,true,rising,true,false,0.0,0.7047684698058965,1.0,小金属,-5.0,-2.0,1.6,0.3,0.24,0.09200216295577496,0.49230965358866646,0.3259573286875738,true,false,-0.060445700298056515,0.184054647909969,,,,,,,0.07161803713527852,0,0.0,none,0.6304660636287601,false,decreasing_vol,10.837021335656214,单年巨幅下滑-15.0分(年跌-31.3%); 趋势不可靠-2分(Bootstrap CI过宽: 0.364); 峰值明显下跌-8分(从0.7跌至0.4，跌幅-43.9%),cyclical_bottom,周期底部(mid_up),0,0
002380.SZ,科远智慧,软件服务,0.343843,0.018278957830535302,0.02413000000000001,0.03189293444020356,0.7738318307250474,,0.9153,96.0,0.18493282927597726,0.39999999999999997,0.48333333333333334,has_loss,has_loss,has_near_zero,true,1,true,4,false,0,true,5,3.6377904976747586,0.9838768180011154,8.768394586999925,high_volatility,false,false,none,-2.2355,0.0,0.7436400000000001,2.97914,0.6779223603594322,1.0,0.779223603594322,false,none,0.19740000000000002,0.32189999999999996,131.13636363636363,27.496865858754703,81.28787878787878,false,软件服务,false,1.0,false,rising,false,false,0.0,3.6377904976747586,1.0,软件服务,-5.0,-2.0,3.0,0.3,0.5,0.2169386526443673,0.9717968034489883,0.3819904986817062,false,false,0.2045035565419725,0.152266440075551,,,,,,,0.07161803713527852,0,0.0,none,3.3449321946860673,true,decreasing_vol,4.0,波动聚集提示-2分(大波动后可能跟着大波动); 趋势不可靠-2分(Bootstrap CI过宽: 0.408),"","",0,0
002384.SZ,东山精密,元器件,2.627685,0.14098330215627763,0.35637,0.8508527034065116,0.02563692381835809,0.14258909445551593,2.9228,100.0,0.12841863770551573,0.7999999999999999,0.08333333333333333,good,good,good,false,0,false,0,false,0,false,0,0.2490939270967306,0.6101555744234416,0.5348438456827923,ultra_stable,false,false,none,0.49639999999999995,0.0,0.10755000000000002,-0.3888499999999999,0.47195314401009075,0.868743804708767,0.44094968783066335,false,none,-0.10219999999999985,0.3172999999999999,7.94401152269454,-3.3785123966942097,11.71843261808915,false,元器件,false,1.0,true,falling,false,false,0.0,0.2490939270967306,0.3326084750107178,元器件,-5.0,-2.0,3.0,0.3,0.5,0.03601198277629947,0.4526635022753806,-0.17067416969740712,false,true,0.14098330215627763,0.8508527034065116,,,,,,,0.27835051546391754,0,0.0,none,0.09556012407571823,false,decreasing_vol,0.0,"","","",0,0
002399.SZ,海普瑞,化学制药,0.35087700000000005,0.027267401401543042,0.027590000000000003,0.1464444603696982,0.5249242239074837,,1.4954,107.56662354463131,0.21401995539655855,0.39999999999999997,0.48333333333333334,poor,poor,has_loss,true,2,true,4,true,1,true,5,2.9500087066790197,0.7504822149791427,7.905267295597484,high_volatility,false,false,none,-0.27055,0.0,1.00555,1.2761,0.6775821800588262,0.7913098419040888,0.9845119586841736,false,none,1.2240000000000002,0.7871,389.9747915454721,450.99484156226987,152.6274966065542,false,化学制药,false,1.0,false,rising,false,false,0.0,2.9500087066790197,1.0,化学制药,-5.0,-2.0,3.0,0.3,0.5,0.8437094714821073,0.9969877684844957,1.1040131353934108,true,false,0.2606297244298645,0.439744810150943,,,,,,,0.07161803713527852,0,0.0,none,2.1697017776032657,true,increasing_vol,7.433376455368693,波动率飙升预警-7.4分(近期波动是早期的3.7倍),high_growth,"高速成长(稳健CAGR=21.4%, MK趋势=0.40)",1,0
002402.SZ,和而泰,元器件,0.38163900000000006,0.03028792727358895,0.03312999999999999,0.031032341561576998,0.7768716577006495,,0.6808,98.0,0.0559055072287561,0.19999999999999998,0.8166666666666667,has_loss,has_loss,has_loss,true,1,true,5,true,1,true,5,0.7816963081462033,0.2905565177379437,1.8574118913101965,high_volatility,false,false,none,-0.3137,0.0,0.34519999999999995,0.6588999999999999,0.642239567919873,0.9520036740858567,0.9925501223914017,false,none,0.29339999999999994,0.397,7191.666666666667,75.73567372225088,4135.416666666667,false,元器件,false,1.0,false,rising,false,false,0.0,0.7816963081462033,0.758690379850296,元器件,-5.0,-2.0,3.0,0.3,0.5,0.3232331202506396,0.9868295023666075,0.6200471592276575,true,false,0.03028792727358895,0.031032341561576998,,,,,,,0.07161803713527852,0,0.0,none,0.7688876845901904,false,stable,2.0,趋势不可靠-2分(Bootstrap CI过宽: 0.644),"","",0,0
002409.SZ,雅克科技,半导体,1.072737,0.17013843110920765,0.22519,0.7087542744176308,0.07366378356481591,0.3143938435462559,1.2688,96.0,0.18307896828721318,0.6,0.23333333333333334,has_near_zero,has_near_zero,has_near_zero,false,0,true,2,false,0,true,2,0.4287858001725579,0.4310069106174517,0.9906683380091128,moderate,false,false,none,0.49789999999999995,0.0,-0.07605000000000006,-0.57395,0.6172787463425504,0.9226486450220807,0.6022388184034233,false,none,0.030999999999999917,-0.18310000000000004,-10.704483074107968,2.504443367264495,-12.886198888028716,false,半导体,false,1.147923735660042,true,rising,false,false,0.0,0.4287858001725579,0.49608513822605194,半导体,-5.0,-2.0,3.0,0.3,0.5,-0.04539326265658883,0.5960309649029938,-0.4138093379609188,false,true,0.17013843110920765,0.7087542744176308,,,,,,,0.2783505154639176,0,0.0,none,0.24162820604005783,false,decreasing_vol,4.0,"加速下滑-0.2分(加速度-0.41); 趋势不确定预警-4分(Bootstrap CI跨零: [-0.054, 0.387])","","",0,0
002410.SZ,广联达,软件服务,1.002884,-0.18695599149376993,-0.26832000000000006,0.6483346553431617,0.10014442951810384,-0.17794233659025205,0.7226,46.17451156063368,-0.14361772160913763,-0.6,0.23333333333333334,has_near_zero,has_near_zero,has_near_zero,false,0,true,2,false,0,true,2,0.46819181103962015,0.5072296442441037,1.1073676826229024,moderate,false,false,none,-0.2359,0.0,-0.28718,-0.05127999999999999,0.1734423705376788,1.0,0.5743390487642773,false,none,0.34,-1.0004,-47.75126536514823,88.86565603763724,-72.3355025307303,false,软件服务,false,1.5997686524002313,true,rising,false,false,0.0,0.46819181103962015,0.5878559358183937,软件服务,-5.0,-2.0,3.0,0.3,0.5,-0.22848909909669596,0.36169262608819824,-0.1727372189818362,false,true,-0.18695599149376993,0.6483346553431617,,,,,,,0.6067415730337079,0,0.0,none,0.25661903265823605,false,increasing_vol,53.82548843936632,轻度衰退-3.7分(log斜率-0.187); 持续衰退重罚-10.0分(最新<加权); 单年巨幅下滑-15.0分(年跌-72.3%); 加速下滑-0.1分(加速度-0.17); 波动率飙升预警-8.0分(近期波动是早期的4.9倍); 趋势不可靠-2分(Bootstrap CI过宽: 0.407); 峰值大幅下跌-15分(从1.6跌至0.7，跌幅-54.3%),"","",0,0
002415.SZ,海康威视,IT设备,1.468305,-0.007940752902834403,-0.015029999999999967,0.005854140795184791,0.9026765751951279,-0.044277118072698185,1.4366,93.15010467250916,-0.014166721842703706,0.0,1.0,good,good,good,false,0,false,0,false,0,false,0,0.19379807731075732,0.2860110784567619,0.47695518423655997,stable,false,false,none,-0.32209999999999994,0.0,0.17945,0.5015499999999999,0.44216583977728463,0.9952602502344853,0.2599372613897453,true,moderate,-0.345,0.7039,33.30240326621509,-19.36461607543781,65.31502273359932,false,IT设备,false,1.6531502273359933,true,falling,false,false,0.0,0.19379807731075732,0.37545849216007166,IT设备,-5.0,-2.0,3.0,0.3,0.5,0.11190504742621593,0.3025256236479147,0.3002093450183152,true,false,-0.007940752902834403,0.005854140795184791,,,,,,,0.6492985971943889,1,0.0,single_year_drop,0.19312794084213802,false,increasing_vol,6.849895327490842,中度恶化-10分; 趋势不可靠-2分(Bootstrap CI过宽: 0.343),"","",0,0
002422.SZ,科伦药业,化学制药,2.543572,0.16134165381862853,0.40884000000000004,0.7553647411004688,0.05571116589935602,0.16127577486906874,2.8054,88.55271176112126,0.14488078849858776,0.7999999999999999,0.08333333333333333,good,good,good,false,0,false,0,false,0,false,0,0.3230012867859511,0.7819602752058445,0.8334021776845166,stable,false,false,none,0.32819999999999994,0.0,0.30320000000000014,-0.0249999999999998,0.13128939316281618,0.9527452162505253,0.1976775163689373,true,moderate,-0.7547999999999999,1.3612000000000002,27.576170986812205,-21.20105612044267,61.900864029104156,false,化学制药,false,1.0,true,falling,false,false,0.0,0.3230012867859511,0.39173436276209417,化学制药,-5.0,-2.0,3.0,0.3,0.5,0.11289847594460245,0.24857935435745618,-0.04264308340531375,false,false,0.16134165381862853,0.7553647411004688,,,,,,,0.6492985971943889,1,0.0,single_year_drop,0.18174275395911066,false,increasing_vol,11.447288238878734,中度恶化-10分; 波动率飙升预警-6.4分(近期波动是早期的3.2倍),"","",0,0
002436.SZ,兴森科技,元器件,0.265625,-0.0406282469199199,-0.04185000000000001,0.22039212950289291,0.42501170552477935,-0.050825515655045006,0.2224,84.47178468702205,-0.032885466990666565,-0.19999999999999998,0.8166666666666667,has_near_zero,has_near_zero,has_near_zero,false,0,true,5,false,0,true,5,0.5094669115696899,0.14172350546045634,1.2808253648716657,volatile,false,false,none,0.07829999999999998,0.0,-0.10409999999999998,-0.18239999999999995,0.3184355842125076,0.9296758586248658,0.3382441728561965,false,none,0.14809999999999998,-0.35629999999999995,-48.351137947050624,199.32705248990575,-82.74500696702275,false,元器件,true,5.795423956931359,true,rising,false,false,0.0,0.5094669115696899,1.0,元器件,-5.0,-2.0,3.0,0.3,0.5,-0.09884418942570293,0.3277016431315576,-0.1726502938997007,false,true,-0.0406282469199199,0.22039212950289291,,,,,,,0.6067415730337079,0,0.0,none,0.45052683095097945,false,increasing_vol,15.528215312977949,单年巨幅下滑-15.0分(年跌-82.7%); 加速下滑-0.1分(加速度-0.17); 波动率飙升预警-6.4分(近期波动是早期的3.2倍); 峰值明显下跌-8分(从0.4跌至0.2，跌幅-48.4%),"","",0,0
002437.SZ,誉衡药业,化学制药,0.12137,0.0,0.0,0.0,1.0,1.3612497953519878,0.1803,100.0,0.034917240918133315,0.7378647873726218,0.07697417298126674,has_near_zero,has_near_zero,has_near_zero,false,0,true,5,false,0,true,5,0.5757716279174785,0.06385307353604837,1.5734896302975654,moderate,false,false,none,0.1189,0.0,0.017249999999999995,-0.10165000000000002,0.4798104400428169,1.0,0.5948044004281691,false,none,0.05559999999999998,0.005700000000000011,51.5126050420168,44.58700882117079,4.789915966386564,false,化学制药,false,1.0478991596638656,true,rising,false,false,0.0,0.5757716279174785,0.6003371902891649,化学制药,-5.0,-2.0,3.0,0.3,0.5,0.03030811830789857,0.8193413893519622,-0.026152355445975446,false,false,0.03470743682470904,0.7457251388299055,,,,,,,0.07161803713527852,0,0.0,none,0.28969985476238397,false,decreasing_vol,0.0,"","","",0,0
002441.SZ,众业达,电气设备,0.8112100000000001,0.030874206576077347,-0.006500000000000017,0.006436333144489795,0.8979617979716166,,1.2983,110.0,0.07133714544378963,0.0,1.0,has_loss,has_loss,has_loss,true,1,true,3,true,1,true,3,0.94076855496563,0.7649953581558518,2.4751586403659793,high_volatility,false,false,none,-2.0127,0.0,0.45392,2.4666200000000003,0.6823646226588267,1.0,0.8236462265882667,false,none,0.7316,-0.15280000000000005,80.4447533009034,129.09828833598024,-21.236970118137602,false,电气设备,true,4.780730897009967,true,rising,false,false,0.0,0.94076855496563,1.0,电气设备,-5.0,-2.0,3.0,0.3,0.5,0.20442285661919068,0.5307438059102771,0.5323428447016042,false,false,0.030874206576077347,0.006436333144489795,,,,,,,0.07161803713527852,0,0.0,none,0.9406836522626505,false,decreasing_vol,2.0,趋势不可靠-2分(Bootstrap CI过宽: 1.018),cyclical_bottom,"周期底部(mid_up), 近期强势(20.4%)",0,0
002452.SZ,长高电新,电气设备,0.496657,-0.002261524299323947,-0.0044100000000000085,0.0005663918867227716,0.9697010465250442,0.0926905268106597,0.5497,100.0,0.022012385942299036,0.19999999999999998,0.8166666666666667,has_near_zero,has_near_zero,has_near_zero,false,0,true,5,false,0,true,5,0.3481959675980293,0.1733946279444666,0.830153821438612,moderate,false,false,none,0.3945,0.0,-0.06501000000000001,-0.45951000000000003,0.3650560862420237,1.0,0.20226136654127697,false,none,0.14189999999999997,0.04109999999999997,49.90455413144257,34.796468857282974,11.208071993455132,false,电气设备,false,2.127352058903736,true,rising,false,false,0.0,0.3481959675980293,0.5622037152655882,电气设备,-5.0,-2.0,3.0,0.3,0.5,0.08313752408733424,0.9117052165345008,0.09198241375546323,false,false,-0.002261524299323947,0.0005663918867227716,,,,,,,0.07161803713527852,0,0.0,none,0.3479143139779801,false,decreasing_vol,0.0,"","","",0,0
002460.SZ,赣锋锂业,小金属,2.3083530000000003,0.09854461025996925,0.22531,0.0594920938714494,0.6925514775941446,0.46399988797084846,2.5587,82.0,0.1933687283308251,0.19999999999999998,0.8166666666666667,has_near_zero,has_near_zero,has_near_zero,false,0,true,2,false,0,true,2,1.0800621224623899,2.4201600015288247,2.7312161945054356,high_volatility,false,false,none,2.8178,0.0,-1.8169499999999998,-4.63475,0.5213657624076036,0.9081760584997199,0.3484822564628936,false,none,2.4861,-6.119999999999999,-58.68132932855343,3424.3801652892566,-98.82763298130025,false,小金属,true,85.29752066115702,true,rising,true,false,0.0,1.0800621224623899,1.0,小金属,-5.0,-2.0,1.6,0.3,0.24,-0.4270723587237497,0.11789670593706843,-1.4227491993816732,false,false,0.09854461025996926,0.026181939905097183,,,,,,,0.6067415730337079,0,0.0,none,1.068296811368431,false,increasing_vol,18.0,单年巨幅下滑-15.0分(年跌-98.8%); 趋势不可靠-2分(Bootstrap CI过宽: 1.192); 峰值大幅下跌-15分(从6.2跌至2.6，跌幅-58.7%),"","",0,0
002463.SZ,沪电股份,元器件,1.02484,0.0729940905663376,0.10399999999999998,0.5953193300729147,0.1264719508155503,0.07490269503687808,1.2119,96.0,0.06313131691676603,0.6,0.23333333333333334,has_near_zero,has_near_zero,has_near_zero,false,0,true,3,false,0,true,3,0.2160282733727964,0.21016094546799124,0.48137412112988764,stable,false,false,none,-0.1642,0.0,0.17548,0.33968,0.5577736067508315,1.0,0.8983760675083151,false,none,0.03649999999999998,0.3499,46.807995154451845,3.1053258465203317,42.38643246517262,false,元器件,false,1.0,false,rising,false,false,0.0,0.2160282733727964,0.3061559520315704,元器件,-5.0,-2.0,3.0,0.3,0.5,0.1355561443379643,0.8143184039800045,0.16665444137899676,false,false,0.0729940905663376,0.5953193300729147,,,,,,,0.07161803713527852,0,0.0,none,0.13452627859373997,false,increasing_vol,4.0,"趋势不确定预警-4分(Bootstrap CI跨零: [-0.045, 0.168])","","",0,0
002474.SZ,榕基软件,软件服务,0.080878,-0.017877126126817293,-0.01794,0.7209668942734861,0.0687534703441459,-0.16849437624606922,0.0555,48.73584905660377,-0.015470506818414446,-0.6,0.23333333333333334,has_near_zero,has_near_zero,has_near_zero,false,0,true,5,false,0,true,5,0.38723497677490853,0.033402889096603605,0.8242522606074658,moderate,false,false,none,-0.0022999999999999965,0.0,-0.027999999999999997,-0.0257,0.15177552220568952,0.12376199017390598,0.6134185303514376,false,none,0.010500000000000002,-0.0665,-50.224215246636774,23.33333333333334,-59.64125560538117,false,软件服务,false,1.50472334682861,true,rising,false,false,0.0,0.38723497677490853,0.5104177609970749,软件服务,-5.0,-2.0,3.0,0.3,0.5,-0.02789935163789469,0.6131161305543537,-0.025614103447051124,false,false,-0.017877126126817293,0.7209668942734861,,,,,,,0.6067415730337079,0,0.0,none,0.20448961698924542,false,increasing_vol,51.26415094339623,"单年巨幅下滑-15.0分(年跌-59.6%); 相对加权下滑-10.0分(最新为加权68.6%); 波动率飙升预警-7.3分(近期波动是早期的3.6倍); 趋势不确定预警-4分(Bootstrap CI跨零: [-0.034, 0.004]); 峰值大幅下跌-15分(从0.1跌至0.1，跌幅-52.2%)","","",0,0
002475.SZ,立讯精密,元器件,2.531129,0.3482051384828903,0.8354300000000001,0.8933240266193682,0.015289601155282242,0.3976309751776539,3.7466,107.6085770946951,0.3597321707023253,0.7999999999999999,0.08333333333333333,good,good,good,false,0,true,1,false,0,true,1,0.624778096145078,1.4248064482588503,1.2598991449243588,moderate,false,false,none,0.04830000000000001,0.0,1.0215599999999998,0.9732599999999998,0.5332732653435114,1.0,0.8678689358683286,false,none,-0.10850000000000026,2.0664000000000002,109.4593839101023,-2.8144535809706688,115.52524179571758,false,元器件,false,1.0,true,falling,false,false,0.0,0.624778096145078,0.6331558102493957,元器件,-5.0,-2.0,3.0,0.3,0.5,0.3432042104708529,0.7198807663799838,0.10499275565764615,true,false,0.3482051384828903,0.8933240266193682,,,,,,,0.16167664670658682,0,0.0,none,0.23418348187222798,false,increasing_vol,7.39142290530491,波动率飙升预警-5.4分(近期波动是早期的2.7倍); 趋势不可靠-2分(Bootstrap CI过宽: 0.386),high_growth,"高速成长(稳健CAGR=36.0%, MK趋势=0.80)",1,0
002479.SZ,富春环保,新型电力,0.7007670000000001,0.03344910729605554,0.038489999999999996,0.11366237274703404,0.579018271571313,0.07676518316568504,0.574,47.84188374073281,0.03434153234036001,0.19999999999999998,0.8166666666666667,has_near_zero,has_near_zero,has_near_zero,false,0,true,5,false,0,true,5,0.2722042510007495,0.18760861387473657,0.6630683961579757,moderate,false,false,none,0.22849999999999998,0.0,-0.15500000000000003,-0.3835,0.5612650869458844,0.9611213912790781,0.8845294781797656,true,severe,-0.252,-0.05800000000000005,-35.067873303167424,-30.508474576271187,-6.561085972850685,false,新型电力,false,1.0,true,falling,false,false,0.0,0.2722042510007495,0.35109673413393294,新型电力,-5.0,-2.0,3.0,0.3,0.5,-0.12526210200067417,0.8771969530968245,-0.3162325185343868,false,true,0.03344910729605554,0.11366237274703404,,,,,,,0.999190470683474,2,3.6499123319696043,accelerating_decline,0.2574845392375447,false,stable,52.15811625926719,严重恶化-15分; 单年巨幅下滑-15.0分(年跌-30.5%); 加速下滑-0.2分(加速度-0.32); 贝叶斯高置信度恶化-12分(恶化概率99.9%，严重恶化确认); 趋势不可靠-2分(Bootstrap CI过宽: 0.327); 峰值明显下跌-8分(从0.9跌至0.6，跌幅-35.1%),"","",0,0
002483.SZ,润邦股份,专用机械,0.977395,0.15967320369022187,0.19125000000000003,0.3056272909868643,0.3338181445339629,0.2936045392173403,0.9031,40.57650705227447,0.14015212335680982,0.39999999999999997,0.48333333333333334,has_near_zero,has_near_zero,has_near_zero,false,0,true,3,false,0,true,3,0.7156375716230235,0.6584008786446142,1.7455055324884239,high_volatility,false,false,none,0.80295,0.0,-0.5126499999999999,-1.3155999999999999,0.6648548235711884,0.7616261539637579,0.8869220817481266,true,severe,-0.1956,-0.8296999999999999,-53.16842978635138,-17.80285792299991,-43.02530595312176,false,专用机械,false,1.0,true,falling,false,false,0.0,0.7156375716230235,0.7058433906317522,专用机械,-5.0,-2.0,3.0,0.3,0.5,-0.2999896483514133,0.9117172651192581,-0.8469858954510571,false,true,0.15967320369022187,0.3056272909868643,,,,,,,0.9747292418772563,2,-0.5862235600974687,sustained_decline,0.6356934348061486,false,decreasing_vol,59.42349294772553,严重恶化-15分; 单年巨幅下滑-15.0分(年跌-43.0%); 加速下滑-0.4分(加速度-0.85); 贝叶斯高置信度恶化-12分(恶化概率97.5%，严重恶化确认); 趋势不可靠-2分(Bootstrap CI过宽: 0.934); 峰值大幅下跌-15分(从1.9跌至0.9，跌幅-53.2%),"","",0,0
002484.SZ,江海股份,元器件,0.5649120000000001,0.09868198841929261,0.11264000000000003,0.9584599362076409,0.003639071470952184,0.2160274125754864,0.7616,100.0,0.10418525379076632,0.9999999999999999,0.016666666666666666,has_near_zero,has_near_zero,has_near_zero,false,0,true,5,false,0,true,5,0.34296649889655983,0.18215636689394088,0.7781668926043079,ultra_stable,false,false,none,0.026000000000000023,0.0,0.13387000000000002,0.10787,0.5201017414485172,1.0,0.9852774144851726,false,none,0.08750000000000002,0.1768,53.146993766338234,12.980269989615786,35.55198069575709,false,元器件,false,1.0,false,rising,false,false,0.0,0.34296649889655983,0.4077065324505812,元器件,-5.0,-2.0,3.0,0.3,0.5,0.11180289392286871,0.9576535626567914,0.04321339520801987,false,false,0.09868198841929261,0.9584599362076409,,,,,,,0.07161803713527852,0,0.0,none,0.07197959995173789,false,increasing_vol,0.0,"","","",0,0
002487.SZ,大金重工,电气设备,0.7846470000000001,0.35583950172964496,0.45649000000000006,0.8602489670010304,0.023179053995361628,1.7121240012791823,1.6989,105.0,0.3298510383733355,0.9999999999999999,0.016666666666666666,has_near_zero,has_near_zero,has_near_zero,false,0,true,3,false,0,true,3,1.2058365833695317,0.7810203550484457,2.5744943646750036,volatile,false,false,none,0.08524999999999999,0.0,0.7485,0.6632500000000001,0.6049712241806531,0.7798625500722715,0.9433496917342594,false,none,0.43080000000000007,1.0662,741.4561664190194,33.972084220487346,528.0832095096582,false,电气设备,false,1.0,false,rising,false,false,0.0,1.2058365833695317,1.0,电气设备,-5.0,-2.0,3.0,0.3,0.5,0.549854849153047,0.9050680415364138,0.46527583421549656,true,false,0.35583950172964496,0.8602489670010304,,,,,,,0.07161803713527852,0,0.0,none,0.4606875457364478,false,increasing_vol,10.0,波动率飙升预警-8.0分(近期波动是早期的8.8倍); 趋势不可靠-2分(Bootstrap CI过宽: 0.518),high_growth,"高速成长(稳健CAGR=33.0%, MK趋势=1.00)",1,0
002497.SZ,雅化集团,小金属,0.767296,0.07345377876566082,0.08732000000000001,0.3127224963476058,0.32706609153559774,0.1495408271737373,0.8188,96.80847441955332,0.07336279193878378,0.6,0.23333333333333334,has_near_zero,has_near_zero,has_near_zero,false,0,true,4,false,0,true,4,0.36013509933201077,0.26689612211495317,0.9184995277290514,moderate,false,false,none,0.34035,0.0,-0.1654,-0.5057499999999999,0.5185225671620702,0.8352108798651336,0.5419010658493991,false,none,0.09799999999999998,-0.42879999999999996,-28.775226165622826,13.596004439511649,-37.299930410577595,false,小金属,true,1.5948945615982242,true,rising,true,false,0.0,0.36013509933201077,1.0,小金属,-5.0,-2.0,1.6,0.3,0.24,-0.11801114379643417,0.5218160499190038,-0.38305116089335933,false,true,0.07345377876566082,0.3127224963476058,,,,,,,0.435483870967742,0,0.0,none,0.30820536767493917,false,stable,3.1915255804466796,单年巨幅下滑-15.0分(年跌-37.3%); 加速下滑-0.2分(加速度-0.38); 趋势不可靠-2分(Bootstrap CI过宽: 0.434),"","",0,0
002506.SZ,协鑫集成,电气设备,0.10231900000000002,0.0003089465630161853,0.0003299999999999998,0.00009068551004295178,0.9878752580467123,0.01565220772574749,0.1627,86.71557314508321,-0.002857702313844709,0.0,1.0,has_near_zero,has_near_zero,has_near_zero,false,0,true,5,false,0,true,5,0.5050387570270445,0.05162506174330449,1.0878497358638233,volatile,false,false,none,-0.08510000000000001,0.0,0.026000000000000002,0.1111,0.4675890666187025,1.0,0.4536906661870251,false,none,0.11120000000000002,-0.024700000000000007,113.51706036745408,215.92233009708744,-32.414698162729664,false,电气设备,false,1.27745180217938,true,rising,false,false,0.0,0.5050387570270445,0.5743579125788862,电气设备,-5.0,-2.0,3.0,0.3,0.5,0.04293207746151891,0.5476522379582502,0.08102406329452426,true,false,0.0003089465630161853,0.00009068551004295178,,,,,,,0.07161803713527852,0,0.0,none,0.505012961017824,false,stable,13.284426854916793,单年巨幅下滑-15.0分(年跌-32.4%),"","",0,0
002513.SZ,蓝丰生化,新型电力,-0.137895,-0.00557952261603335,-0.00647000000000001,0.001730504217269318,0.9470493688657452,,0.2829,75.13396432471788,-0.23801203609481128,-0.39999999999999997,0.48333333333333334,poor,poor,has_loss,true,2,true,4,true,1,true,5,5.573232309789893,0.5597754531952969,13.961569095977696,high_volatility,false,false,none,-0.2747,0.0,0.22749999999999998,0.5022,0.35426807030357116,0.9800407098676017,0.11740256051548842,false,none,1.3078999999999998,-0.8528999999999999,264.38117373619986,127.60000000000001,-495.58396281231836,false,新型电力,false,1.0,false,rising,false,false,0.0,5.573232309789893,1.0,新型电力,-5.0,-2.0,3.0,0.3,0.5,0.2252589027576859,0.14356534221085737,0.4953283621387615,false,false,-0.11128765022583083,0.12110375198363084,,,,,,,0.07161803713527852,0,0.0,none,5.215180274266866,true,increasing_vol,24.866035675282124,单年巨幅下滑-15.0分(年跌-495.6%); 波动率飙升预警-7.9分(近期波动是早期的3.9倍); 趋势不可靠-2分(Bootstrap CI过宽: 0.519),"","",0,0
002518.SZ,科士达,电气设备,0.9378210000000001,0.04033949445864883,0.05066999999999999,0.7749156071162872,0.048815491653957696,0.07038721528821168,0.8438,76.75251332940937,0.04035051672996759,0.39999999999999997,0.48333333333333334,has_near_zero,has_near_zero,has_near_zero,false,0,true,4,false,0,true,5,0.34864747605746377,0.3216691343601372,0.9019964882616895,moderate,false,false,none,0.41609999999999997,0.0,-0.31560000000000005,-0.7317,0.6118388181935481,0.8643593470817165,0.7906288348537652,false,none,-0.0343,-0.5969000000000001,-42.793220338983055,-3.9061610294955016,-40.46779661016949,false,电气设备,false,1.0,true,falling,false,false,0.0,0.34864747605746377,0.4122513141793044,电气设备,-5.0,-2.0,3.0,0.3,0.5,-0.20715452431286469,0.7968581932016735,-0.4949733411812687,false,true,0.04033949445864883,0.08506596035512397,,,,,,,0.6585365853658537,0,-0.9034748279694109,none,0.33766052921971196,false,stable,23.247486670590632,单年巨幅下滑-15.0分(年跌-40.5%); 加速下滑-0.2分(加速度-0.49); 峰值明显下跌-8分(从1.5跌至0.8，跌幅-42.8%),"","",0,0
002523.SZ,天桥起重,专用机械,0.153641,0.0646513388252543,0.06527,0.9141148504614297,0.010970980655538722,1.3907897257397028,0.2385,100.0,0.06274106933730411,0.9999999999999999,0.016666666666666666,has_near_zero,has_near_zero,has_near_zero,false,0,true,5,false,0,true,5,0.8047308532195192,0.10788221818260875,1.7246009249589733,moderate,false,false,none,0.08185,0.0,0.03374999999999999,-0.04810000000000002,0.3834303041523313,0.8585235240772534,0.9207496813793512,false,none,0.016600000000000004,0.05089999999999997,39.4736842105263,7.4808472284812995,29.766081871345012,false,专用机械,false,1.0,false,rising,false,false,0.0,0.8047308532195192,0.7771180159089487,专用机械,-5.0,-2.0,3.0,0.3,0.5,0.033058755097586684,0.9200252184626174,-0.04837998241555394,false,false,0.0646513388252543,0.9141148504614297,,,,,,,0.07161803713527852,0,0.0,none,0.23448236713620552,false,decreasing_vol,0.0,"","","",0,0
002524.SZ,光正眼科,医疗保健,0.18994400000000003,-0.05278405948514811,-0.053919999999999996,0.7588132318147249,0.054467627279120724,-0.18343529537380232,0.1332,62.321917808219176,-0.044493352980330705,-0.7999999999999999,0.08333333333333333,has_near_zero,has_near_zero,has_near_zero,false,0,true,5,false,0,true,5,0.4737080516327613,0.09764070360254476,1.089171356491364,moderate,false,false,none,-0.02919999999999999,0.0,-0.053999999999999986,-0.024799999999999996,0.1745937440521904,0.954045495742467,0.41042656118560156,false,none,0.05810000000000001,-0.1661,-44.776119402985074,77.36351531291614,-68.86401326699834,false,医疗保健,false,1.0,false,rising,false,false,0.0,0.4737080516327613,0.5122997746395423,医疗保健,-5.0,-2.0,3.0,0.3,0.5,-0.05305561031819602,0.40738255450821087,-0.02487088974297603,false,false,-0.05278405948514811,0.7588132318147249,,,,,,,0.6067415730337079,0,0.0,none,0.23090953461307595,false,increasing_vol,37.678082191780824,单年巨幅下滑-15.0分(年跌-68.9%); 波动率飙升预警-7.7分(近期波动是早期的3.8倍); 峰值大幅下跌-15分(从0.3跌至0.1，跌幅-55.5%),"","",0,0
002530.SZ,金财互联,专用机械,0.024047000000000002,0.019673171427173192,0.019690000000000003,0.49698175834013225,0.18361739732495214,,0.0792,80.0,0.01838645425048835,0.6,0.23333333333333334,poor,poor,poor,true,3,true,5,true,3,true,5,2.4342164786560443,0.04415668692282065,5.810363836824697,high_volatility,false,false,none,-0.0183,0.0,0.02636,0.044660000000000005,0.21562221543835408,1.0,0.49977314738227624,false,none,0.08270000000000001,-0.0526,61.30346232179228,2362.857142857143,-107.12830957230143,false,专用机械,true,inf,true,rising,false,false,0.0,2.4342164786560443,1.0,专用机械,-5.0,-2.0,3.0,0.3,0.5,0.015018570544092318,0.12898142546110283,-0.013471534825584122,false,false,0.019673171427173192,0.49698175834013225,,,,,,,0.07161803713527852,0,0.0,none,1.7262457697135447,false,stable,20.0,单年巨幅下滑-15.0分(年跌-107.1%); 周期顶部预警-5分(警惕景气回落),"","",0,0
002533.SZ,金杯电工,电气设备,0.5894820000000001,0.03298898708290613,0.03434,0.15062326062118242,0.518554588492772,0.16675246100954566,0.4796,49.760023015048695,0.004886208642356185,0.0,1.0,has_near_zero,has_near_zero,has_near_zero,false,0,true,5,false,0,true,5,0.4319192711002018,0.2501590034358148,1.1787354535722923,volatile,false,false,none,0.34135000000000004,0.0,-0.23094999999999996,-0.5723,0.6009744271899913,0.9908070378812505,0.8743372340186619,true,severe,-0.07929999999999993,-0.38260000000000005,-49.06001062134891,-14.188584719985675,-40.637280934678714,false,电气设备,false,1.0,true,falling,false,false,0.0,0.4319192711002018,0.47886875021349473,电气设备,-5.0,-2.0,3.0,0.3,0.5,-0.1882528122413666,0.8844074273992983,-0.4799539699026121,false,true,0.03298898708290613,0.059720311681859935,,,,,,,0.9507042253521126,2,-0.6508480785711837,sustained_decline,0.42162279664157976,false,stable,50.239976984951305,严重恶化-15分; 单年巨幅下滑-15.0分(年跌-40.6%); 加速下滑-0.2分(加速度-0.48); 贝叶斯高置信度恶化-12分(恶化概率95.1%，严重恶化确认); 峰值明显下跌-8分(从0.9跌至0.5，跌幅-49.1%),"","",0,0
002534.SZ,西子洁能,专用机械,0.617201,-0.11102535623818535,-0.14673000000000003,0.13958443876568938,0.5356156789645815,,0.7686,90.0,-0.07673039617752717,-0.39999999999999997,0.48333333333333334,has_loss,has_loss,has_loss,true,1,true,3,true,1,true,3,0.8184722870788559,0.541190245662281,1.9657602613351082,high_volatility,false,false,none,-0.6499,0.0,0.4576,1.1075,0.6754932971910632,0.7723099742571273,0.9826229976535049,false,none,0.35219999999999996,0.563,624.2837653478854,84.5821325648415,384.0381991814461,false,专用机械,false,1.0,false,rising,false,false,0.0,0.8184722870788559,0.788111162996418,专用机械,-5.0,-2.0,3.0,0.3,0.5,0.4270203542451391,0.9725412000590844,0.9928924378528081,true,false,-0.11102535623818535,0.13958443876568938,,,,,,,0.07161803713527852,0,0.0,none,0.7394518216743557,false,stable,10.0,趋势不可靠-2分(Bootstrap CI过宽: 1.077); 峰值明显下跌-8分(从1.2跌至0.8，跌幅-33.4%),"","",0,0
002546.SZ,新联电子,电气设备,0.13342,0.018557715028740384,0.019200000000000005,0.06071848966314895,0.6894640277893116,,0.2963,82.94848003251003,0.003987267417655585,0.0,1.0,has_loss,has_loss,has_loss,true,1,true,5,true,1,true,5,0.9450377267385439,0.12064351619544252,2.3758420805263984,high_volatility,false,false,none,-0.14639999999999997,0.0,0.06457,0.21097,0.3689713635582672,0.9999999999999996,0.38044331072561943,false,none,0.3033,-0.1424,118.8330871491876,4332.857142857143,-105.1698670605613,false,电气设备,true,10.180451127819548,true,rising,false,false,0.0,0.9450377267385439,1.0,电气设备,-5.0,-2.0,3.0,0.3,0.5,0.07856881668311233,0.2757258067296376,0.1005949398272975,false,false,0.018557715028740384,0.06071848966314895,,,,,,,0.07161803713527852,0,0.0,none,0.9146290406279131,false,increasing_vol,17.05151996748997,单年巨幅下滑-15.0分(年跌-105.2%); 周期顶部预警-5分(警惕景气回落),"","",0,0
002550.SZ,千红制药,生物制药,0.237712,0.06179809295927707,0.06444,0.23886000211986405,0.403471994077329,,0.4022,98.0,0.045008936097080746,0.19999999999999998,0.8166666666666667,has_loss,has_loss,has_loss,true,1,true,5,true,1,true,5,0.9386398134206856,0.2049801624548093,2.163659675794487,high_volatility,false,false,none,-0.15185,0.0,0.229,0.38085,0.5484671492938785,0.9966929876165607,0.7262785053222246,false,none,-0.014500000000000013,0.47250000000000003,820.7885304659499,-3.4797216222702216,846.7741935483872,false,生物制药,true,inf,true,falling,false,false,0.0,0.9386398134206856,1.0,生物制药,-5.0,-2.0,3.0,0.3,0.5,0.22392413825378177,0.7275476445875639,0.37452401013965664,true,false,0.06179809295927707,0.23886000211986405,,,,,,,0.16167664670658682,0,0.0,none,0.8144699386119264,false,increasing_vol,2.0,周期回落期-3分(景气下行趋势); 趋势不可靠-2分(Bootstrap CI过宽: 0.409),"","",0,0
002560.SZ,通达股份,电气设备,-0.04403900000000001,0.06535893151458387,0.06607,0.14053429677647988,0.5341173138491836,,0.1734,98.0,0.024971478298934924,0.39999999999999997,0.48333333333333334,poor,poor,poor,true,2,true,5,true,2,true,5,4.395217705539139,0.28067860267572947,9.279674287503912,high_volatility,false,false,none,-0.24930000000000002,0.0,0.2963,0.5456000000000001,0.5759566235795871,0.9012895807782091,0.767076655017661,false,none,0.013500000000000012,0.5791,141.3645038167939,8.44277673545967,138.1440839694656,false,电气设备,false,1.0,false,rising,false,false,0.0,4.395217705539139,1.0,电气设备,-5.0,-2.0,3.0,0.3,0.5,0.290172557714758,0.7671997982346515,0.5337322201888028,true,false,0.06535893151458387,0.14053429677647988,,,,,,,0.07161803713527852,0,0.0,none,4.07944969482404,false,stable,2.0,趋势不可靠-2分(Bootstrap CI过宽: 0.592),"","",0,0
002562.SZ,兄弟科技,化学制药,0.045805,0.03609117057875007,0.03615000000000001,0.3981486697654285,0.2536617613424038,,0.1174,99.0,0.03610469261698149,0.39999999999999997,0.48333333333333334,poor,poor,poor,true,2,true,5,true,2,true,5,2.5930060637851287,0.09065149198992811,5.921052631578947,high_volatility,false,false,none,-0.0377,0.0,0.04122,0.07891999999999999,0.15257086785244497,0.9999999999999996,0.3029656637758934,false,none,0.11,-0.13470000000000001,-17.38212526389866,1486.4864864864865,-94.79239971850811,false,化学制药,true,inf,true,rising,false,false,0.0,2.5930060637851287,1.0,化学制药,-5.0,-2.0,3.0,0.3,0.5,-0.012247046974443648,0.029354447226879143,-0.09665840572207886,false,false,0.03609117057875007,0.3981486697654285,,,,,,,0.435483870967742,0,0.0,none,2.0126075925926656,false,stable,1.0,单年巨幅下滑-15.0分(年跌-94.8%),"","",0,0
002577.SZ,雷柏科技,IT设备,0.189337,-0.005321848378662151,-0.005390000000000001,0.11484921805187058,0.5769145373968052,,0.3481,85.0,0.06303204185689253,0.6,0.23333333333333334,has_loss,has_loss,has_near_zero,true,1,true,5,false,0,true,5,0.7760829558947121,0.13120458452356001,2.1584052998935292,volatile,false,false,none,0.2036,0.0,0.04225000000000001,-0.16135,0.3055670307110752,1.0,0.34757720397851954,false,none,0.21520000000000003,-0.06140000000000001,79.15594441585179,161.92626034612493,-31.600617601646942,false,IT设备,false,1.4620015048908954,true,rising,false,false,0.0,0.7760829558947121,0.8157998987012225,IT设备,-5.0,-2.0,3.0,0.3,0.5,0.07416496535499191,0.4761033826944186,-0.030783521027723512,false,false,0.06632353231642078,0.6621889672940555,,,,,,,0.07161803713527852,0,0.0,none,0.4502298050747126,false,stable,15.0,单年巨幅下滑-15.0分(年跌-31.6%),"","",0,0
002580.SZ,圣阳股份,电气设备,0.136106,-0.011291501899763435,-0.012179999999999996,0.0038192102279269316,0.9213642178900385,,0.2614,87.0,-0.0034957540848383553,0.0,1.0,poor,poor,poor,true,2,true,5,true,2,true,5,2.1034006203860116,0.293971270705149,4.5606754436176296,high_volatility,false,false,none,-0.5958,0.0,0.09176000000000001,0.68756,0.4095816558606659,1.0,0.15129705197882418,false,none,0.38580000000000003,-0.538,-36.79883945841392,310.1286173633441,-130.0773694390716,false,电气设备,true,inf,true,rising,false,false,0.0,2.1034006203860116,1.0,电气设备,-5.0,-2.0,3.0,0.3,0.5,-0.07206086563812711,0.070081653391157,-0.09142014873771834,false,false,-0.011291501899763435,0.0038192102279269316,,,,,,,0.6067415730337079,0,0.0,none,2.098882232400933,true,stable,13.0,单年巨幅下滑-15.0分(年跌-130.1%); 波动聚集提示-2分(大波动后可能跟着大波动); 趋势不可靠-2分(Bootstrap CI过宽: 0.451); 峰值明显下跌-8分(从0.4跌至0.3，跌幅-36.8%),"","",0,0
002594.SZ,比亚迪,汽车整车,41.164346,0.2978900236592654,9.428020000000002,0.7493805273740808,0.057896762457511776,0.2885671961762861,45.872,94.0,0.2770955897978651,0.6,0.23333333333333334,good,good,good,false,0,false,0,false,0,false,0,0.4662993118408585,17.876022440772445,1.0867921850879356,moderate,false,false,none,15.870049999999999,0.0,-1.2533999999999992,-17.12345,0.5919055586937285,0.8826972057086228,0.03635838122866215,true,mild,-12.429900000000004,9.923100000000005,-5.181608473132856,-21.319888374135324,20.511256996866408,true,汽车整车,false,1.0,true,falling,false,false,0.0,0.4662993118408585,0.5063727828060202,汽车整车,-5.0,-2.0,3.0,0.3,0.5,-0.0265974014193846,0.04463256953961429,-0.5598650933750866,false,false,0.2978900236592654,0.7493805273740808,,,,,,,0.7116968698517299,1,0.0,high_level_pullback,0.2573502252383153,false,stable,6.0,"轻度恶化-5分; 贝叶斯中度恶化预警-5分(恶化概率71.2%); 趋势不确定预警-4分(Bootstrap CI跨零: [-0.027, 0.562])","","",0,0
002595.SZ,豪迈科技,专用机械,0.9733430000000001,0.3921086308965678,0.50261,0.8573307921873511,0.02393237441655863,,1.4242,103.56562463411778,0.36919673840047745,0.7999999999999999,0.08333333333333333,has_loss,has_loss,has_loss,true,1,true,3,true,1,true,3,1.0872428208408231,0.8943224547108274,2.6331209881346047,volatile,false,false,none,0.42704999999999993,0.0,0.36494999999999994,-0.06209999999999999,0.1896830488121734,0.974666561809621,0.30828520776902885,true,moderate,-0.5819000000000001,1.3117999999999999,105.12746651303469,-29.0065300832461,188.9384992078352,false,专用机械,false,1.0,true,falling,false,false,0.0,1.0872428208408231,1.0,专用机械,-5.0,-2.0,3.0,0.3,0.5,0.25198863780989955,0.38953859067234853,-0.15157050258495008,false,true,0.3921086308965678,0.8573307921873511,,,,,,,0.6492985971943889,1,0.0,single_year_drop,0.4986967804796787,false,increasing_vol,11.434375365882214,中度恶化-10分; 波动率飙升预警-4.4分(近期波动是早期的2.2倍); 趋势不可靠-2分(Bootstrap CI过宽: 0.416),high_growth,"高速成长(稳健CAGR=36.9%, MK趋势=0.80)",1,0
002600.SZ,领益智造,元器件,0.514726,0.09532585142881886,0.10522000000000001,0.49565928152316346,0.18446553104948246,0.13106394360624551,0.5738,85.0,0.11222101601057373,0.39999999999999997,0.48333333333333334,has_near_zero,has_near_zero,has_near_zero,false,0,true,5,false,0,true,5,0.487279135007263,0.23543378687010919,1.25382895935094,moderate,false,false,none,0.11769999999999997,0.0,-0.006099999999999994,-0.12379999999999997,0.15686072339205,0.29062415298458494,0.0036030458858205858,true,moderate,-0.18180000000000007,0.16960000000000008,-2.081911262798633,-24.06034939121229,28.94197952218432,false,元器件,false,5.044058744993325,true,falling,false,false,0.0,0.487279135007263,1.0,元器件,-5.0,-2.0,3.0,0.3,0.5,-0.00527691325788282,0.0038975799242289616,-0.11177449742259768,false,false,0.09532585142881886,0.49565928152316346,,,,,,,0.9025069637883009,1,0.0,single_year_drop,0.3447846570222976,false,decreasing_vol,15.0,中度恶化-10分; 贝叶斯恶化预警-8分(恶化概率90.3%); 趋势不可靠-2分(Bootstrap CI过宽: 0.319),"","",0,0
002609.SZ,捷顺科技,软件服务,0.309298,0.018905906653477834,0.01968,0.6719587343031778,0.08935301041714004,0.09009239766925936,0.3372,47.0,0.06033261675282468,0.6,0.23333333333333334,has_near_zero,has_near_zero,has_near_zero,false,0,true,5,false,0,true,5,0.5739545871219345,0.16625168570573953,1.5804736587723538,volatile,false,false,none,-0.18930000000000002,0.0,0.10549,0.29479,0.32913222326076375,1.0,0.518431544429264,true,severe,-0.17009999999999997,0.19179999999999997,6.877971473851028,-33.5304553518628,60.79239302694135,false,软件服务,true,10.248484848484848,true,falling,false,false,0.0,0.5739545871219345,1.0,软件服务,-5.0,-2.0,3.0,0.3,0.5,0.010314488681354872,0.01132407558885215,-0.02663578927098484,false,false,0.06273108512353341,0.38704903143562813,,,,,,,0.8810333106730117,1,0.0,cliff_drop,0.44916165835612165,false,stable,53.0,严重恶化-15分; 单年巨幅下滑-15.0分(年跌-33.5%); 周期回落期-3分(景气下行趋势); 贝叶斯高置信度恶化-12分(恶化概率88.1%，严重恶化确认); 峰值明显下跌-8分(从0.5跌至0.3，跌幅-33.5%),"","",0,0
002613.SZ,北玻股份,专用机械,0.091336,0.04244574277387797,0.04272000000000001,0.7318816273424286,0.06448926461614986,0.5936593768233833,0.1948,88.0,0.04484192582089962,0.39999999999999997,0.48333333333333334,has_near_zero,has_near_zero,has_near_zero,false,0,true,5,false,0,true,5,1.0053883523702802,0.07894309342811441,2.312786551197147,volatile,false,false,none,-0.0085,0.0,0.09079999999999999,0.0993,0.5015936189808516,0.836872586872587,0.9804636029359298,false,none,0.0686,0.113,1375.7575757575758,54.358161648177486,856.060606060606,false,专用机械,false,1.0,false,rising,false,false,0.0,1.0053883523702802,0.9376440152295575,专用机械,-5.0,-2.0,3.0,0.3,0.5,0.09019447210822226,0.9797251802482386,0.09869236939805077,true,false,0.04244574277387797,0.7318816273424286,,,,,,,0.07161803713527852,0,0.0,none,0.5203732960772516,false,increasing_vol,12.0,"波动率飙升预警-8.0分(近期波动是早期的10.7倍); 趋势不确定预警-4分(Bootstrap CI跨零: [-0.009, 0.093])","","",0,0
002626.SZ,金达威,医疗保健,1.11741,-0.11030903691879775,-0.17258,0.9782752022708673,0.0013679712683458383,-0.14110436262043102,0.8544,49.0,-0.11225104971574187,-0.9999999999999999,0.016666666666666666,good,good,good,false,0,true,1,false,0,true,1,0.22932208085424588,0.27603498872425575,0.5945002907701255,ultra_stable,false,false,none,-0.21515000000000004,0.0,-0.14264999999999994,0.07250000000000009,0.35601582052597275,0.9972272208569776,0.8989250151558231,true,severe,-0.22550000000000003,-0.05979999999999985,-25.032903395630417,-20.881563107695158,-5.246994823199075,false,医疗保健,false,1.0,false,falling,false,false,0.0,0.22932208085424588,0.31679099801673005,医疗保健,-5.0,-2.0,3.0,0.3,0.5,-0.10110195667969757,0.8915651500437983,0.02699061723313234,false,false,-0.11030903691879775,0.9782752022708673,,,,,,,0.999190470683474,4,2.979718641110406,accelerating_decline,0.03461113317531745,false,decreasing_vol,51.0,严重恶化-15分; 贝叶斯高置信度恶化-12分(恶化概率99.9%，严重恶化确认); 峰值明显下跌-8分(从1.6跌至0.9，跌幅-45.6%); 智能连续下跌-16分(4年实质性下跌，累计跌幅-45.6%),"","",0,0
002635.SZ,安洁科技,元器件,1.0369760000000001,0.1373786702091752,0.18392,0.3836742336922394,0.26516464726329103,0.11269393024389984,1.2991,98.0,0.07912276611060345,0.39999999999999997,0.48333333333333334,has_near_zero,has_near_zero,has_near_zero,false,0,true,2,false,0,true,2,0.4537189000251317,0.4454612160446743,1.0694642493379507,moderate,false,false,none,-0.5887,0.0,0.30069,0.88939,0.48617832718086496,1.0,0.5861955924520431,false,none,0.10429999999999984,-0.11399999999999988,-0.7411369193154067,8.729494476062925,-8.710268948655248,false,元器件,false,1.8007705008255366,true,rising,false,false,0.0,0.4537189000251317,0.6030778534635103,元器件,-5.0,-2.0,3.0,0.3,0.5,-0.0029514637171161873,0.005584959001583105,-0.16018832249443238,false,false,0.1373786702091752,0.3836742336922394,,,,,,,0.2783505154639176,0,0.0,none,0.34370057415262567,false,decreasing_vol,2.0,趋势不可靠-2分(Bootstrap CI过宽: 0.455),"","",0,0
002639.SZ,雪人集团,专用机械,0.11476800000000001,0.07207345053402313,0.07476000000000001,0.21506242802920367,0.4314432475179919,,0.4548,98.0,0.08728942792521426,0.19999999999999998,0.8166666666666667,poor,poor,poor,true,2,true,5,true,2,true,5,2.720956523215247,0.25125312535369587,6.629846220489496,high_volatility,false,false,none,-0.17565,0.0,0.3061,0.48175,0.5767389705990679,0.8129161189553821,0.9909735870352964,false,none,0.35669999999999996,0.2555,388.94536213468865,363.60856269113145,162.32528589580687,false,专用机械,false,1.0,false,rising,false,false,0.0,2.720956523215247,1.0,专用机械,-5.0,-2.0,3.0,0.3,0.5,0.2985900850227867,0.9928495490928083,0.4733212388324487,true,false,0.07207345053402313,0.21506242802920367,,,,,,,0.07161803713527852,0,0.0,none,2.4010220043521397,false,increasing_vol,2.0,趋势不可靠-2分(Bootstrap CI过宽: 0.494),"","",0,0
002653.SZ,海思科,化学制药,0.24553400000000003,0.07487264019601557,0.07758000000000001,0.5074848475105102,0.17696060122467427,0.19756208553088328,0.3947,96.0,0.061003630385961294,0.39999999999999997,0.48333333333333334,has_near_zero,has_near_zero,has_near_zero,false,0,true,5,false,0,true,5,0.7703543037416603,0.1712189475496214,1.6656168451363271,volatile,false,false,none,-0.15859999999999996,0.0,0.13998000000000002,0.29857999999999996,0.5440934818267433,1.0,0.8437748182674334,false,none,-0.00880000000000003,0.3156,349.03299203640495,-2.1809169764560172,359.04436860068256,false,化学制药,true,12.117117117117116,true,falling,false,false,0.0,0.7703543037416603,1.0,化学制药,-5.0,-2.0,3.0,0.3,0.5,0.14866135422873006,0.7293983718076235,0.2001384017453219,true,false,0.07487264019601557,0.5074848475105102,,,,,,,0.16167664670658682,0,0.0,none,0.5374521771800336,false,increasing_vol,4.0,"周期回落期-3分(景气下行趋势); 趋势不确定预警-4分(Bootstrap CI跨零: [-0.067, 0.196])","","",0,0
002681.SZ,奋达科技,元器件,0.17281800000000003,0.019741886231820733,0.02026000000000001,0.06986008523097581,0.6674297762002246,0.05292923844853381,0.3224,100.0,0.03359126604165072,0.39999999999999997,0.48333333333333334,has_near_zero,has_near_zero,has_near_zero,false,0,true,5,false,0,true,5,0.7218278990684383,0.12035758389067139,1.6528727359961617,high_volatility,false,false,none,-0.21549999999999997,0.0,0.08830000000000002,0.30379999999999996,0.5445450035945208,1.0,0.8378500359452086,false,none,0.1932,0.056200000000000014,341.6438356164384,149.53560371517028,76.98630136986304,false,元器件,false,1.0,false,rising,false,false,0.0,0.7218278990684383,0.710795652588084,元器件,-5.0,-2.0,3.0,0.3,0.5,0.12206284074774797,0.9108197431144907,0.21528603901848714,true,false,0.019741886231820733,0.06986008523097581,,,,,,,0.07161803713527852,0,0.0,none,0.6957915776035907,false,stable,0.0,"","","",0,0
002686.SZ,亿利达,专用机械,0.234495,0.0047594680931890565,0.004860000000000001,0.12311515592258199,0.5625928343960962,0.25274110784297554,0.448,100.0,0.08374109932366779,0.6,0.23333333333333334,has_near_zero,has_near_zero,has_near_zero,false,0,true,5,false,0,true,5,0.725124503030693,0.15388592203317367,2.0158326265196496,volatile,false,false,none,-0.1617,0.0,0.13334000000000001,0.29504,0.5540102623713884,1.0,0.950022623713884,false,none,0.2175,0.05000000000000002,148.19944598337952,94.36008676789588,27.700831024930757,false,专用机械,false,1.0,false,rising,false,false,0.0,0.725124503030693,0.7134329357578877,专用机械,-5.0,-2.0,3.0,0.3,0.5,0.12734558464756096,0.8878986076735683,0.1280343683517007,false,false,0.07149348001249349,0.5781412462918787,,,,,,,0.07161803713527852,0,0.0,none,0.4688050242259672,false,stable,0.0,"","","",0,0
002690.SZ,美亚光电,专用机械,0.737333,0.05249407047907939,0.06731000000000002,0.16784306579092692,0.493354246832365,0.12803127925111002,0.9948,98.0,0.05778448541414223,0.39999999999999997,0.48333333333333334,has_near_zero,has_near_zero,has_near_zero,false,0,true,5,false,0,true,5,0.3397416057935875,0.24364229517881333,0.8879716652257579,moderate,false,false,none,-0.12819999999999998,0.0,0.3184,0.4466,0.46631052869550477,0.26808048854366157,0.9746167907701895,false,none,0.22940000000000005,0.4074,177.87709497206706,29.97125685915862,113.79888268156424,false,专用机械,false,2.3829608938547486,true,rising,false,false,0.0,0.3397416057935875,0.5895214038155032,专用机械,-5.0,-2.0,3.0,0.3,0.5,0.2634644455690772,0.9615971894792027,0.3786497233545142,false,false,0.05249407047907939,0.16784306579092692,,,,,,,0.07161803713527852,0,0.0,none,0.3056151293930896,false,stable,2.0,趋势不可靠-2分(Bootstrap CI过宽: 0.429),"","",0,0
002706.SZ,良信股份,电气设备,0.49309500000000006,0.016283088254520506,0.017990000000000006,0.15451272074321626,0.5127187945465956,-0.15764892098590255,0.4064,79.0,-0.03512690201527122,-0.19999999999999998,0.8166666666666667,has_near_zero,has_near_zero,has_near_zero,false,0,true,5,false,0,true,5,0.3517978937643199,0.17998683840770138,0.8449630585199952,moderate,false,false,none,-0.4323,0.0,0.024289999999999996,0.45659,0.505799025141462,1.0,0.14481025141462045,true,moderate,-0.15260000000000007,0.14840000000000003,-1.0228933268387814,-27.29874776386405,36.142230881636635,false,电气设备,false,1.4910642838090158,true,falling,false,false,0.0,0.3517978937643199,0.4802468861859914,电气设备,-5.0,-2.0,3.0,0.3,0.5,-0.0019440502331135312,0.0006177282355433931,0.16726672459531164,false,false,-0.051789888802900474,0.2803917103434368,,,,,,,0.9025069637883009,1,0.0,single_year_drop,0.2955393748177242,false,decreasing_vol,21.0,中度恶化-10分; 贝叶斯恶化预警-8分(恶化概率90.3%); 峰值明显下跌-8分(从0.8跌至0.4，跌幅-49.7%),"","",0,0
002716.SZ,湖南白银,小金属,0.051143,0.08725147135173382,0.08801,0.4234267868465908,0.2343856698553643,,0.2473,80.0,0.09540882334043785,0.6,0.23333333333333334,poor,poor,poor,true,3,true,5,true,3,true,5,8.649198642101876,0.21398117440560044,20.048504446240905,high_volatility,false,false,none,-0.16620000000000001,0.0,0.1224,0.2886,0.25805133525688756,1.0,0.44383495900637665,false,none,0.27549999999999997,-0.264,4.877014418999144,976.950354609929,-111.95928753180662,false,小金属,true,inf,true,rising,true,false,0.0,8.649198642101876,1.0,小金属,-5.0,-2.0,1.6,0.3,0.24,0.005589230734501308,0.0013084611874086321,-0.152448011916193,false,false,0.08725147135173382,0.4234267868465908,,,,,,,0.13366336633663367,0,0.0,none,6.570460782263076,false,stable,20.0,单年巨幅下滑-15.0分(年跌-112.0%); 周期顶部预警-5分(警惕景气回落),"","",0,0
002724.SZ,海洋王,元器件,0.26037600000000005,0.005523827069295062,0.006519999999999998,0.0023899915384803837,0.9377792544873493,,0.4614,98.0,-0.013027062008971094,0.0,1.0,has_loss,has_loss,has_loss,true,1,true,5,true,1,true,5,0.7129116236207614,0.18423062177607716,1.8319015556071512,high_volatility,false,false,none,-0.19785,0.0,0.23669999999999997,0.43455,0.5796673509076166,0.9371436000977729,0.9904299089783928,false,none,0.27699999999999997,0.19640000000000002,3944.9999999999995,150.2169197396963,1636.6666666666667,false,元器件,false,1.0,false,rising,false,false,0.0,0.7129116236207614,0.7036626322299425,元器件,-5.0,-2.0,3.0,0.3,0.5,0.2292115098075487,0.9927863975426484,0.42264084670548574,true,false,0.005523827069295062,0.0023899915384803837,,,,,,,0.07161803713527852,0,0.0,none,0.7117946121559021,false,stable,2.0,趋势不可靠-2分(Bootstrap CI过宽: 0.434),"","",0,0
002730.SZ,电光科技,专用机械,0.432315,0.032822526299103594,0.03585000000000001,0.24535086584874521,0.3961606664749058,0.11887057772624998,0.5272,85.0,0.028879043303115637,0.19999999999999998,0.8166666666666667,has_near_zero,has_near_zero,has_near_zero,false,0,true,5,false,0,true,5,0.2721346097090941,0.11472106606896572,0.5617231236360184,moderate,false,false,none,0.11424999999999999,0.0,-0.018849999999999978,-0.13309999999999997,0.12787353752337877,0.7983607474817782,0.02194786214922238,false,none,0.1991,-0.23679999999999995,-6.673747565940867,60.682718683328254,-41.91892370331032,false,专用机械,false,1.7217311795184393,true,rising,false,false,0.0,0.2721346097090941,0.44727184503640055,专用机械,-5.0,-2.0,3.0,0.3,0.5,-0.016543953752901797,0.020219751581910524,-0.12061234369274343,false,false,0.032822526299103594,0.24535086584874521,,,,,,,0.2783505154639176,0,0.0,none,0.23659501168768715,false,increasing_vol,15.0,单年巨幅下滑-15.0分(年跌-41.9%),"","",0,0
002733.SZ,雄韬股份,电气设备,0.7061630000000001,0.29691814223883606,0.37341,0.577505079981877,0.13599653437904075,,1.4253,111.0,0.33089177272040543,0.6,0.23333333333333334,has_loss,has_loss,has_loss,true,1,true,3,true,1,true,3,1.2601132171620877,0.7486836668446828,2.8656545595314236,high_volatility,false,false,none,-0.6356999999999999,0.0,0.62895,1.26465,0.6910361802443962,1.0,0.9103618024439619,false,none,0.10230000000000006,1.1817,908.7048832271762,7.732426303854879,836.3057324840763,false,电气设备,false,1.0,false,rising,false,false,0.0,1.2601132171620877,1.0,电气设备,-5.0,-2.0,3.0,0.3,0.5,0.5058829637157021,0.7944598217724722,0.6110357357221026,false,false,0.29691814223883606,0.577505079981877,,,,,,,0.07161803713527852,0,0.0,none,0.7748494472676892,false,stable,4.0,"趋势不确定预警-4分(Bootstrap CI跨零: [-0.179, 0.717])",high_growth,"高速成长(稳健CAGR=33.1%, MK趋势=0.60)",1,0
002745.SZ,木林森,元器件,1.253841,0.04068741343307796,0.06176999999999999,0.5332937971851031,0.16118539205402524,0.06197031423710442,1.2565,81.0,-0.0022246958523530064,0.0,1.0,has_near_zero,has_near_zero,good,false,0,true,2,false,0,true,1,0.7292283568106911,0.9324351307195582,2.0264182816385907,high_volatility,false,false,none,1.7135999999999998,0.0,-0.31083999999999995,-2.02444,0.39063889621017694,1.0,0.14326758774180812,true,moderate,-0.08050000000000002,1.2266,1038.1340579710145,-6.020942408376965,1111.050724637681,false,元器件,true,18.290307971014492,true,falling,false,false,0.0,0.7292283568106911,1.0,元器件,-5.0,-2.0,3.0,0.3,0.5,0.4707350716468419,0.7109364895623675,0.852042422710112,false,false,-0.0261051458888812,0.005107092431320288,,,,,,,0.4807121661721069,1,0.0,single_year_drop,0.7220170321970326,false,decreasing_vol,19.0,"中度恶化-10分; 周期回落期-3分(景气下行趋势); 趋势不确定预警-4分(Bootstrap CI跨零: [-0.001, 0.102]); 峰值大幅下跌-15分(从2.7跌至1.3，跌幅-53.5%)","","",0,0
002755.SZ,奥赛康,化学制药,0.28878800000000004,-0.09284571052327911,-0.10044,0.20812806318264004,0.4399649292714875,,0.4432,98.0,-0.04488726678649199,-0.39999999999999997,0.48333333333333334,poor,poor,poor,true,2,true,5,true,2,true,5,1.0598392400931897,0.3380039304505201,2.139094443747648,high_volatility,false,false,none,-0.34109999999999996,0.0,0.25005,0.59115,0.5739653306621291,0.7650553694089616,0.7922979372123288,false,none,0.4718,0.0283,878.9103690685414,1649.6503496503497,49.73637961335676,false,化学制药,false,1.0,false,rising,false,false,0.0,1.0598392400931897,0.9812047254078852,化学制药,-5.0,-2.0,3.0,0.3,0.5,0.24335503691715313,0.7934123560445339,0.5669887416340494,true,false,-0.09284571052327911,0.20812806318264004,,,,,,,0.07161803713527852,0,0.0,none,0.9355717440945905,false,stable,2.0,趋势不可靠-2分(Bootstrap CI过宽: 0.606),"","",0,0
002765.SZ,蓝黛科技,元器件,0.367064,0.06080724453292461,0.06288,0.8801432283654855,0.01828830165400467,0.3390607443908058,0.399,83.75609210038328,0.05252197298549866,0.6,0.23333333333333334,has_near_zero,has_near_zero,has_near_zero,false,0,true,5,false,0,true,5,0.8081929465894111,0.28141278400243297,1.9839172889144168,high_volatility,false,false,none,0.3454,0.0,-0.20794999999999997,-0.55335,0.4642682796405435,0.7910173132976942,0.4920542182198977,false,none,0.15800000000000003,-0.5739,-51.03693704749048,65.56016597510374,-70.4258191189103,false,元器件,true,3.3813278008298755,true,rising,false,false,0.0,0.8081929465894111,1.0,元器件,-5.0,-2.0,3.0,0.3,0.5,-0.17757714071883732,0.4679571346804289,-0.4878157992334251,false,true,0.06080724453292461,0.14533630782846746,,,,,,,0.6067415730337079,0,0.0,none,0.7560738704892437,false,stable,16.243907899616712,单年巨幅下滑-15.0分(年跌-70.4%); 加速下滑-0.2分(加速度-0.49); 峰值大幅下跌-15分(从0.8跌至0.4，跌幅-51.0%),"","",0,0
002771.SZ,真视通,软件服务,0.165271,-0.005132590500576054,-0.0052799999999999965,0.06886677047436253,0.6697460756863558,,0.2205,104.36938309215537,-0.01917082165619285,-0.39999999999999997,0.48333333333333334,has_loss,has_loss,has_near_zero,true,1,true,5,false,0,true,5,0.6455634300535674,0.11239259317232608,1.639862148190695,high_volatility,false,false,none,-0.023849999999999996,0.0,0.021650000000000003,0.0455,0.12887454430300627,0.28363644976472596,0.0288280871849405,false,none,0.2393,-0.196,24.43566591422122,1272.872340425532,-110.60948081264108,false,软件服务,true,inf,true,rising,false,false,0.0,0.6455634300535674,1.0,软件服务,-5.0,-2.0,3.0,0.3,0.5,0.021232841247519785,0.02809185217765352,0.04461307512271903,false,false,-0.029102389559174293,0.17072385413938893,,,,,,,0.07161803713527852,0,0.0,none,0.5876352422926625,true,increasing_vol,7.630616907844631,单年巨幅下滑-15.0分(年跌-110.6%); 波动率飙升预警-6.6分(近期波动是早期的3.3倍),cyclical_bottom,周期底部(mid_up),0,0
002773.SZ,康弘药业,化学制药,1.038093,0.24211242084982854,0.32631,0.9712625099500959,0.0020856837582726123,0.5073995026742708,1.535,100.0,0.23171893196461327,0.9999999999999999,0.016666666666666666,has_near_zero,has_near_zero,has_near_zero,false,0,true,2,false,0,true,2,0.5531401063554614,0.5200623279954047,1.3164220378642841,ultra_stable,false,false,none,0.35445,0.0,0.26439999999999997,-0.09005000000000002,0.40005091243146373,0.9664703024893591,0.9860349924230931,false,none,0.20989999999999998,0.31889999999999996,52.55416418207115,15.840313938570672,31.693500298151456,false,化学制药,false,1.0,false,rising,false,false,0.0,0.5531401063554614,0.5758454184177024,化学制药,-5.0,-2.0,3.0,0.3,0.5,0.16413568021661412,0.976838482109764,-0.1321967712536291,false,true,0.24211242084982854,0.9712625099500959,,,,,,,0.07161803713527852,0,0.0,none,0.06949560085803431,false,stable,0.0,"","","",0,0
002777.SZ,久远银海,软件服务,0.514845,-0.005773901712612373,-0.005849999999999989,0.011472981929278257,0.8638819877183135,0.02276300116072716,0.7236,100.0,-0.0005891831690116311,0.0,1.0,has_near_zero,has_near_zero,has_near_zero,false,0,true,5,false,0,true,5,0.4968205299390955,0.25665748576653674,1.2226093689508324,volatile,false,false,none,-0.28465,0.0,0.3158,0.60045,0.5963334869021749,0.7719812161731833,0.9904536528485652,false,none,0.2621,0.36950000000000005,686.5217391304349,56.79306608884074,401.6304347826088,false,软件服务,false,1.0,false,rising,false,false,0.0,0.4968205299390955,0.5307897572846098,软件服务,-5.0,-2.0,3.0,0.3,0.5,0.29001127319062947,0.9837139908126099,0.554413043792336,true,false,-0.005773901712612373,0.0014873371225803881,,,,,,,0.07161803713527852,0,0.0,none,0.4964977886774246,false,stable,0.0,"","","",0,0
002782.SZ,可立克,元器件,0.44312300000000004,0.206063107458078,0.23241,0.5362656056222702,0.15942080389490912,,0.9667,111.0,0.26988484649217753,0.6,0.23333333333333334,has_loss,has_loss,has_loss,true,1,true,5,true,1,true,5,1.3056953368899038,0.48754663879469007,3.341724692019282,high_volatility,false,false,none,-0.5857,0.0,0.43041999999999997,1.01612,0.6980332931840433,1.0,0.9803329318404328,false,none,0.2479,0.5608,511.8354430379747,34.48803561491375,354.9367088607595,false,元器件,false,1.0,false,rising,false,false,0.0,1.3056953368899038,1.0,元器件,-5.0,-2.0,3.0,0.3,0.5,0.3501399699205121,0.9345367905381021,0.42150314840560565,false,false,0.206063107458078,0.5362656056222702,,,,,,,0.07161803713527852,0,0.0,none,0.8581009499379948,false,stable,4.0,"趋势不确定预警-4分(Bootstrap CI跨零: [-0.144, 0.477])",high_growth,"高速成长(稳健CAGR=27.0%, MK趋势=0.60)",1,0
002786.SZ,银宝山新,专用机械,-0.005775999999999986,0.051693710087762836,0.05191000000000001,0.484974920778474,0.1914005677931561,,0.0903,43.0,0.10784563842732003,0.39999999999999997,0.48333333333333334,poor,poor,has_loss,true,2,true,5,true,1,true,5,7.177368587146272,0.2810657538726481,18.156281920326858,high_volatility,false,false,none,-0.3853,0.0,0.18683999999999998,0.57214,0.41936032645678156,1.0,0.5637565491596842,true,severe,-0.12480000000000001,0.10980000000000001,-14.245014245014243,-58.019525801952575,104.27350427350429,false,专用机械,true,inf,true,falling,false,false,0.0,7.177368587146272,1.0,专用机械,-5.0,-2.0,3.0,0.3,0.5,-0.007464319777028855,0.01230442450972698,-0.1152053786160612,false,false,0.10921235310610625,0.3994952313210654,,,,,,,0.9487554904831625,1,0.0,cliff_drop,5.597037187824468,false,decreasing_vol,57.0,严重恶化-15分; 单年巨幅下滑-15.0分(年跌-58.0%); 周期回落期-3分(景气下行趋势); 贝叶斯高置信度恶化-12分(恶化概率94.9%，严重恶化确认); 峰值大幅下跌-15分(从0.2跌至0.1，跌幅-58.0%),"","",0,0
002801.SZ,微光股份,电气设备,1.106465,0.0891466097693645,0.12912999999999997,0.8116642657115579,0.03687431991499707,0.11388338656554597,1.3256,100.0,0.0855183303361183,0.7999999999999999,0.08333333333333333,has_near_zero,has_near_zero,has_near_zero,false,0,true,2,false,0,true,2,0.2155385134768873,0.22456957719156884,0.5336404645359439,ultra_stable,false,false,none,-0.09150000000000003,0.0,0.16785999999999998,0.25936000000000003,0.45385904411630695,1.0,0.875794861262083,false,none,0.19369999999999998,0.010599999999999943,18.219923303308654,17.11281915363548,0.9453313118701456,false,电气设备,false,1.0,false,rising,false,false,0.0,0.2155385134768873,0.3057641441148432,电气设备,-5.0,-2.0,3.0,0.3,0.5,0.06468221809903701,0.7906683973791543,-0.027781482982775052,false,false,0.0891466097693645,0.8116642657115579,,,,,,,0.07161803713527852,0,0.0,none,0.08975453892242494,false,decreasing_vol,0.0,"","","",0,0
002805.SZ,丰元股份,电气设备,-2.703952,-0.1834270688051139,-0.47703999999999996,0.0438227758238425,0.7354211766576096,,0.1589,98.0,-0.14355548656325356,0.0,1.0,poor,poor,poor,true,3,true,3,true,3,true,3,1.3832964679772972,3.542400927054982,2.9485637525187043,high_volatility,false,false,none,-3.71215,0.0,3.7754,7.48755,0.6719417363563334,0.7825146910239306,0.9369026725394032,false,none,5.4724,2.0783999999999994,102.14965029288817,102.99049590665285,28.11726349111865,false,电气设备,false,1.0,false,rising,false,false,0.0,1.3832964679772972,1.0,电气设备,-5.0,-2.0,3.0,0.3,0.5,1.4281575450847646,0.8343440046453019,2.793392856070869,true,false,-0.1834270688051139,0.0438227758238425,,,,,,,0.07161803713527852,0,0.0,none,1.3515754053815872,false,stable,2.0,趋势不可靠-2分(Bootstrap CI过宽: 2.924),"","",0,0
002833.SZ,弘亚数控,专用机械,1.47474,-0.0698225157299841,-0.13324,0.25837972206121845,0.38186398445979264,-0.08720111672478847,1.3284,85.0,-0.06133000491663532,-0.6,0.23333333333333334,good,good,good,false,0,true,1,false,0,true,1,0.24573813864060584,0.3787709373750842,0.5973945087455234,moderate,false,false,none,-0.4603999999999999,0.0,0.16785,0.62825,0.4169801801392965,0.827490673098085,0.256901028800249,true,moderate,-0.3266,0.6623,33.816863100634635,-19.734138972809667,66.71703435076056,false,专用机械,false,1.6671703435076055,true,falling,false,false,0.0,0.24573813864060584,0.4188798900468321,专用机械,-5.0,-2.0,3.0,0.3,0.5,0.10972325219652317,0.29776572112358174,0.37375636720910854,false,false,-0.0698225157299841,0.25837972206121845,,,,,,,0.6492985971943889,1,0.0,single_year_drop,0.2042209371364752,false,stable,15.0,中度恶化-10分; 趋势不可靠-2分(Bootstrap CI过宽: 0.440); 峰值明显下跌-8分(从1.9跌至1.3，跌幅-30.6%),"","",0,0
002835.SZ,同为股份,IT设备,0.774,0.24688150994831615,0.2994,0.6667041606575899,0.09170423579760827,,1.1698,98.0,0.22056128394654329,0.6,0.23333333333333334,has_loss,has_loss,has_loss,true,1,true,3,true,1,true,3,0.8214664457465664,0.5620309128508858,1.9123622438539565,volatile,false,false,none,-0.42010000000000003,0.0,0.42021,0.84031,0.5468124912906678,1.0,0.7996809748489451,false,none,-0.045500000000000096,0.4134000000000001,45.87853847113107,-3.7439315395375705,51.5525626636738,false,IT设备,true,inf,true,falling,false,false,0.0,0.8214664457465664,1.0,IT设备,-5.0,-2.0,3.0,0.3,0.5,0.1311719216409401,0.667342013331734,-0.07518561792189335,false,false,0.24688150994831615,0.6667041606575899,,,,,,,0.16167664670658682,0,0.0,none,0.44279076858069977,false,decreasing_vol,2.0,周期回落期-3分(景气下行趋势); 趋势不可靠-2分(Bootstrap CI过宽: 0.489),"","",0,0
002841.SZ,视源股份,元器件,2.615073,-0.17808189777045458,-0.48069000000000006,0.566588532161618,0.14200763781710724,-0.11772936765783748,1.8027,42.43836204459091,-0.1828777226345472,-0.39999999999999997,0.48333333333333334,good,good,good,false,0,false,0,false,0,false,0,0.3791489100244982,1.0461780044523974,0.8922255081035634,moderate,false,false,none,1.0780000000000003,0.0,-0.8534200000000002,-1.9314200000000006,0.6843032615638754,1.0,0.8430326156387541,false,none,0.21140000000000003,-1.7827000000000002,-46.57083580320095,13.284735750644131,-52.83639596917605,false,元器件,false,2.5470998554640865,true,rising,false,false,0.0,0.3791489100244982,0.6429324420814768,元器件,-5.0,-2.0,3.0,0.3,0.5,-0.2893828971372978,0.6147672526697863,-0.3493540571753425,false,false,-0.17808189777045458,0.566588532161618,,,,,,,0.6067415730337079,0,0.0,none,0.2605425142363184,false,stable,57.56163795540909,"轻度衰退-3.6分(log斜率-0.178); 持续衰退重罚-10.0分(最新<加权); 单年巨幅下滑-15.0分(年跌-52.8%); 相对加权下滑-10.0分(最新为加权68.9%); 趋势不确定预警-4分(Bootstrap CI跨零: [-0.463, 0.094]); 峰值大幅下跌-15分(从4.1跌至1.8，跌幅-55.5%)","","",0,0
002842.SZ,翔鹭钨业,小金属,0.170663,-0.007627726431439047,-0.00779,0.07397204841698629,0.6580248240407705,-0.09759755149079208,0.1439,54.0,-0.015006066960252255,-0.39999999999999997,0.48333333333333334,has_near_zero,has_near_zero,has_near_zero,false,0,true,5,false,0,true,5,0.25993667577278884,0.04496904490869247,0.607514450867052,moderate,false,false,none,-0.1051,0.0,0.00642,0.11152,0.2608789138996135,1.0,0.03635334088335222,true,severe,-0.0363,-0.031799999999999995,-32.12264150943396,-20.144284128745838,-14.999999999999996,false,小金属,true,1.8945487042001787,true,falling,true,false,0.0,0.25993667577278884,1.0,小金属,-5.0,-2.0,1.6,0.3,0.24,-0.03351765938547306,0.9984149452072806,-0.031073262829665438,false,false,-0.007627726431439047,0.07397204841698629,,,,,,,0.9935602575896965,2,0.3429522752497228,sustained_decline,0.2499961408369317,true,decreasing_vol,46.0,严重恶化-15分; 周期回落期-3分(景气下行趋势); 贝叶斯高置信度恶化-12分(恶化概率99.4%，严重恶化确认); 波动聚集提示-2分(大波动后可能跟着大波动); 峰值明显下跌-8分(从0.2跌至0.1，跌幅-33.7%); 连续下跌警示-6分(2年下跌，累计-33.7%),"","",0,0
002850.SZ,科达利,电气设备,3.363861,0.24331310512721874,0.39207,0.561600822255905,0.14479891379830673,1.1665377304794817,7.9163,113.0,0.5254729190737104,0.9999999999999999,0.016666666666666666,good,good,good,false,0,true,1,false,0,true,1,1.0281240581365059,2.9511272964750264,2.6327341137123743,volatile,false,false,none,0.7540999999999999,0.0,3.0244,2.2703,0.6801388991049585,0.9421345677965938,0.8592544232529911,false,none,5.1445,0.9042999999999999,323.89825970548867,185.6014142434519,48.423025435073626,false,电气设备,false,1.0,false,rising,false,false,0.0,1.0281240581365059,0.955832579842538,电气设备,-5.0,-2.0,3.0,0.3,0.5,0.6916386442826467,0.9291916217603472,0.17625224013330565,true,false,0.541244338120645,0.9425204389561825,,,,,,,0.07161803713527852,0,0.0,none,0.48588683846969655,false,increasing_vol,12.0,"波动率飙升预警-8.0分(近期波动是早期的4.0倍); 趋势不确定预警-4分(Bootstrap CI跨零: [-0.053, 0.557])","high_growth,turnaround","高速成长(稳健CAGR=52.5%, MK趋势=1.00); 底部强力反转(曾跌324%, 近期斜率0.69)",1,1
002859.SZ,洁美科技,元器件,0.7099219999999999,-0.03968296905248591,-0.05006000000000001,0.15454545594582772,0.5126700485031892,-0.00759722091071946,0.5908,74.89602626503361,-0.062207649619397266,-0.39999999999999997,0.48333333333333334,has_near_zero,has_near_zero,has_near_zero,false,0,true,4,false,0,true,4,0.2788708457697426,0.20216463093231715,0.6400529699009575,moderate,false,false,none,0.40670000000000006,0.0,-0.15804,-0.56474,0.598071350709284,1.0,0.8512335070928396,false,none,0.039000000000000035,-0.3054,-31.077928138124122,7.067778180500188,-35.627624825011665,false,元器件,false,1.8408843783979705,true,rising,false,false,0.0,0.2788708457697426,0.46854792706885684,元器件,-5.0,-2.0,3.0,0.3,0.5,-0.1078968433459091,0.6347607845373782,-0.20794746993278262,false,true,-0.03968296905248591,0.15454545594582772,,,,,,,0.6067415730337079,0,0.0,none,0.2566082901036965,false,decreasing_vol,25.10397373496639,单年巨幅下滑-15.0分(年跌-35.6%); 加速下滑-0.1分(加速度-0.21); 趋势不可靠-2分(Bootstrap CI过宽: 0.322); 峰值明显下跌-8分(从1.0跌至0.6，跌幅-41.8%),"","",0,0
002885.SZ,京泉华,元器件,0.15358400000000003,0.050602122719584655,0.05427999999999999,0.024691548777027356,0.8007553554463375,,0.4921,108.0,0.011043863693025117,0.0,1.0,poor,poor,poor,true,2,true,5,true,2,true,5,3.9309586465703,0.5397206221741022,9.39985433357611,high_volatility,false,false,none,-1.2906,0.0,0.32061,1.61121,0.6546545815318378,1.0,0.5465458153183773,false,none,0.5398999999999999,-0.4578,20.02439024390244,1129.4979079497907,-111.65853658536587,false,元器件,true,inf,true,rising,false,false,0.0,3.9309586465703,1.0,元器件,-5.0,-2.0,3.0,0.3,0.5,0.03741535437665969,0.017576407021151822,0.10548596273453828,false,false,0.050602122719584655,0.024691548777027356,,,,,,,0.07161803713527852,0,0.0,none,3.8809411503248374,true,decreasing_vol,4.0,单年巨幅下滑-15.0分(年跌-111.7%); 波动聚集提示-2分(大波动后可能跟着大波动); 趋势不可靠-2分(Bootstrap CI过宽: 0.709),cyclical_bottom,周期底部(mid_up),0,0
002888.SZ,惠威科技,元器件,0.20311300000000004,0.05602378642884618,0.057109999999999994,0.21932883547151313,0.42628681190266693,,0.3338,96.0,0.05604572571986303,0.6,0.23333333333333334,has_loss,has_loss,has_loss,true,1,true,5,true,1,true,5,1.0303131104336587,0.19161763227845185,2.478761157113668,high_volatility,false,false,none,-0.39770000000000005,0.0,0.15648,0.5541800000000001,0.5995921197923181,1.0,0.8875611979231801,false,none,0.01649999999999996,0.18180000000000002,146.34686346863467,5.200126063662136,134.16974169741698,false,元器件,false,1.0,false,rising,false,false,0.0,1.0303131104336587,0.9575838216802603,元器件,-5.0,-2.0,3.0,0.3,0.5,0.09640204248319524,0.8105943667885359,0.16251034144526522,false,false,0.05602378642884618,0.21932883547151313,,,,,,,0.07161803713527852,0,0.0,none,0.9087386233238149,true,decreasing_vol,4.0,波动聚集提示-2分(大波动后可能跟着大波动); 趋势不可靠-2分(Bootstrap CI过宽: 0.339),"","",0,0
002897.SZ,意华股份,元器件,0.9148820000000002,0.17637815328273315,0.39934000000000003,0.029443126564322464,0.7826017162904749,,2.9336,97.0,0.2022568282978823,0.19999999999999998,0.8166666666666667,poor,poor,poor,true,2,false,0,true,2,false,0,3.0827351103404856,2.4510210315295136,6.808245711123408,high_volatility,false,false,none,-4.0837,0.0,1.21394,5.29764,0.4796898392826636,1.0,0.31803830254225485,false,none,4.0143,-4.0357,-0.7241962774957652,371.4536874248173,-136.57191201353638,false,元器件,true,inf,true,rising,false,false,0.0,3.0827351103404856,1.0,元器件,-5.0,-2.0,3.0,0.3,0.5,-0.003441094787199894,4.738620492587142e-6,-0.27426389744677626,false,false,0.17637815328273315,0.029443126564322464,,,,,,,0.2783505154639176,0,0.0,none,2.9786881574508715,false,stable,3.0,单年巨幅下滑-15.0分(年跌-136.6%); 趋势不可靠-2分(Bootstrap CI过宽: 2.782),"","",0,0
002901.SZ,大博医疗,医疗保健,0.856314,-0.15007125270830615,-0.21101999999999999,0.2290902667696003,0.4147265212113688,-0.06228714940965718,1.0683,101.36242247760796,-0.12162149293250463,-0.39999999999999997,0.48333333333333334,has_near_zero,has_near_zero,has_near_zero,false,0,true,2,false,0,true,2,0.7109968649892691,0.6538469369814315,1.6130575672560408,high_volatility,false,false,none,-0.5368999999999999,0.0,0.3801999999999999,0.9170999999999998,0.5580059982763197,0.5643800821162624,0.6253601394107299,false,none,0.8899,-0.1295,246.96329977265344,498.822869955157,-42.05911010068204,false,医疗保健,true,9.315022421524663,true,rising,false,false,0.0,0.7109968649892691,1.0,医疗保健,-5.0,-2.0,3.0,0.3,0.5,0.31281117425862875,0.6041402850579446,0.7248449552159244,true,false,-0.15007125270830615,0.2290902667696003,,,,,,,0.07161803713527852,0,0.0,none,0.6114587714169474,false,decreasing_vol,10.637577522392037,单年巨幅下滑-15.0分(年跌-42.1%); 趋势不可靠-2分(Bootstrap CI过宽: 0.926); 峰值明显下跌-8分(从1.7跌至1.1，跌幅-35.7%),cyclical_bottom,"周期底部(mid_up), 近期强势(31.3%)",0,0
002908.SZ,德生科技,软件服务,0.23834400000000003,0.04217351661814709,0.04381500000000001,0.5114706549928486,0.17447080220353453,,0.3032,88.0,0.06317331655396456,0.6,0.23333333333333334,has_loss,has_loss,has_near_zero,true,1,true,5,false,0,true,5,0.8561156617074345,0.18409911189356673,2.296316964285714,high_volatility,false,false,none,-0.22610000000000002,0.0,0.12869,0.35479000000000005,0.4066251051603999,1.0,0.627250912525131,true,moderate,-0.12619999999999998,0.1841,23.60375050958012,-29.389846297158822,75.05095801059927,false,软件服务,true,inf,true,falling,false,false,0.0,0.8561156617074345,1.0,软件服务,-5.0,-2.0,3.0,0.3,0.5,0.027916227357739742,0.0983875639532999,-0.013034161642966766,false,false,0.07570142712453992,0.44235084697749405,,,,,,,0.6492985971943889,1,0.0,single_year_drop,0.6377358372691546,false,decreasing_vol,12.0,"中度恶化-10分; 周期回落期-3分(景气下行趋势); 趋势不确定预警-4分(Bootstrap CI跨零: [-0.013, 0.088])","","",0,0
002912.SZ,中新赛克,IT设备,0.23667500000000002,0.027578484843027763,-0.0001499999999999724,0.0031379679722941685,0.9287135362163879,,0.7137,90.0,0.051722039164816686,0.0,1.0,poor,poor,poor,true,2,true,4,true,2,true,4,3.685557245553646,0.872445111167459,8.416694829334235,high_volatility,false,false,none,-1.9150999999999998,0.0,0.52479,2.4398899999999997,0.6826522248682219,1.0,0.8265222486822188,false,none,0.19699999999999995,1.2222,201.16229624379872,38.12657247919488,173.2388377037562,false,IT设备,false,1.0,false,rising,false,false,0.0,3.685557245553646,1.0,IT设备,-5.0,-2.0,3.0,0.3,0.5,0.6605102217567528,0.8435144682855813,1.5243127268155798,true,false,0.027578484843027763,0.0031379679722941685,,,,,,,0.07161803713527852,0,0.0,none,3.6855571093717194,false,stable,10.0,趋势不可靠-2分(Bootstrap CI过宽: 1.705); 峰值明显下跌-8分(从1.3跌至0.7，跌幅-44.5%),"","",0,0
002913.SZ,奥士康,元器件,3.192185,0.032994027219961655,0.08952999999999998,0.19634862735864686,0.45486067650260414,0.04015493674769277,2.6787,63.0,-0.08261322568448148,-0.19999999999999998,0.8166666666666667,good,good,good,false,0,false,0,false,0,false,0,0.33413615817512904,1.0804426329056067,0.8593677517519497,moderate,false,false,none,2.7787999999999995,0.0,-0.7482699999999999,-3.5270699999999993,0.6787978393400476,1.0,0.7879783934004753,true,severe,-0.22940000000000005,-0.3171999999999997,-16.94726071993302,-7.888311956260102,-9.834744054816598,false,元器件,false,1.0,true,falling,false,false,0.0,0.33413615817512904,0.4006422598734366,元器件,-5.0,-2.0,3.0,0.3,0.5,-0.0878773017465897,0.995238358140456,-0.2487470025023253,false,false,-0.024458587148142932,0.01806838245361449,,,,,,,0.9747292418772563,3,-0.19791385395568323,chronic_decline,0.3272665637681983,true,decreasing_vol,37.0,严重恶化-15分; 贝叶斯高置信度恶化-12分(恶化概率97.5%，严重恶化确认); 波动聚集提示-2分(大波动后可能跟着大波动); 峰值明显下跌-8分(从5.1跌至2.7，跌幅-47.1%),"","",0,0
002916.SZ,深南电路,元器件,5.332420000000001,0.09465676943860545,0.4534,0.5675206076433444,0.1414891537594777,0.12128016090167515,5.8147,96.0,0.1072800755014017,0.6,0.23333333333333334,good,good,good,false,0,false,0,false,0,false,0,0.19195104522906575,0.9800482906469458,0.49385786921335284,stable,false,false,none,1.26075,0.0,-0.19265,-1.4534,0.6603178050702198,0.9951560805823976,0.10802197011979948,false,none,0.7662000000000004,-1.1515000000000004,-6.2145161290322575,15.176785183717945,-18.572580645161295,false,元器件,false,1.228087550757651,true,rising,false,false,0.0,0.19195104522906575,0.31730584295093944,元器件,-5.0,-2.0,3.0,0.3,0.5,-0.0316438909141894,0.09357053645955841,-0.28689474074061283,false,false,0.09465676943860545,0.5675206076433444,,,,,,,0.2783505154639176,0,0.0,none,0.13088374478736853,false,stable,4.0,"趋势不确定预警-4分(Bootstrap CI跨零: [-0.055, 0.255])","","",0,0
002922.SZ,伊戈尔,电气设备,0.325886,0.1264444197406589,0.13082,0.3811880359701378,0.26717597387410297,,0.4574,98.0,0.08648718961583643,0.39999999999999997,0.48333333333333334,has_loss,has_loss,has_loss,true,1,true,5,true,1,true,5,1.1733379786253817,0.3363255981931794,2.9612056935528885,high_volatility,false,false,none,-0.369,0.0,0.18836999999999995,0.5573699999999999,0.31202367914485457,1.0,0.4168447563854433,false,none,0.012699999999999989,-0.17520000000000002,-26.213905468623977,2.85585788171801,-28.26262300371028,false,电气设备,true,5.745134383688601,true,rising,false,false,0.0,1.1733379786253817,1.0,电气设备,-5.0,-2.0,3.0,0.3,0.5,-0.07151271044906227,0.6896589466030767,-0.2945968367922687,false,true,0.1264444197406589,0.3811880359701378,,,,,,,0.435483870967742,0,0.0,none,0.92519699689555,false,decreasing_vol,2.0,加速下滑-0.1分(加速度-0.29); 趋势不可靠-2分(Bootstrap CI过宽: 0.482),"","",0,0
002923.SZ,润都股份,化学制药,0.772444,-0.1484453377350679,-0.20252,0.7274794503648235,0.06619503307285005,-0.17276511791321836,0.6306,81.0,-0.13910432179401291,-0.6,0.23333333333333334,has_near_zero,has_near_zero,has_near_zero,false,0,true,3,false,0,true,3,0.4465395379070872,0.3720567429841851,0.9973595775324052,moderate,false,false,none,-0.3911,0.0,0.03310000000000002,0.4242,0.5628547075616127,0.9512812262038536,0.3288658494122729,false,none,0.1150000000000001,-0.048800000000000066,11.729270021261524,22.304111714507393,-8.646350106307594,false,化学制药,false,1.0,false,rising,false,false,0.0,0.4465395379070872,0.49056496365900315,化学制药,-5.0,-2.0,3.0,0.3,0.5,0.028413500150704374,0.3223693155095029,0.3126572621798769,true,false,-0.1484453377350679,0.7274794503648235,,,,,,,0.07161803713527852,0,0.0,none,0.22737334408533258,false,decreasing_vol,19.0,"趋势不确定预警-4分(Bootstrap CI跨零: [-0.301, 0.028]); 峰值大幅下跌-15分(从1.3跌至0.6，跌幅-53.2%)","","",0,0
002927.SZ,泰永长征,电气设备,0.390961,0.11553606052094767,0.12347,0.9667084769886852,0.0026042556728296615,0.48801567755747444,0.5942,100.0,0.11101866435388426,0.9999999999999999,0.016666666666666666,has_near_zero,has_near_zero,has_near_zero,false,0,true,5,false,0,true,5,0.5616299530632171,0.1987720729881338,1.3364602169981916,ultra_stable,false,false,none,0.08785,0.0,0.14864999999999998,0.06079999999999998,0.3056795830960963,0.9732008837166877,0.9170205011912602,false,none,0.07119999999999993,0.22610000000000002,100.13472549680024,13.613766730401517,76.15358706635232,false,电气设备,false,1.0,false,rising,false,false,0.0,0.5616299530632171,0.582637295783907,电气设备,-5.0,-2.0,3.0,0.3,0.5,0.1355712791415707,0.9109556910346759,0.04967262669301184,false,false,0.11553606052094767,0.9667084769886852,,,,,,,0.07161803713527852,0,0.0,none,0.10565375588222561,false,increasing_vol,0.0,"","","",0,0
002937.SZ,兴瑞科技,元器件,1.054318,0.028391617407808514,0.039015000000000015,0.26105623431176844,0.3789872573085364,0.027327543205688976,1.0799,92.49409568456727,0.0755397950855578,0.39999999999999997,0.48333333333333334,has_near_zero,has_near_zero,has_near_zero,false,0,true,3,false,0,true,4,0.2575134594382437,0.2644354212279437,0.6756388282954192,moderate,false,false,none,-0.21400000000000008,0.0,0.15423000000000003,0.3682300000000001,0.31728633628245717,1.0,0.43156496161876706,true,moderate,-0.36939999999999995,0.5691,22.688025448761657,-25.488166701166076,64.65576005453306,false,元器件,false,1.9183322303110524,true,falling,false,false,0.0,0.2575134594382437,0.4617883982587353,元器件,-5.0,-2.0,3.0,0.3,0.5,0.07134061187868262,0.1443105323012244,0.1041228482953187,false,false,0.062299898090192624,0.30879457884040573,,,,,,,0.6492985971943889,1,0.0,single_year_drop,0.2155953192946798,false,increasing_vol,7.5059043154327245,中度恶化-10分; 波动率飙升预警-5.5分(近期波动是早期的2.8倍),"","",0,0
002938.SZ,鹏鼎控股,元器件,3.156708,0.1149580074160586,0.32076,0.27792441856356587,0.3613043482177369,0.08031236129967412,3.0547,62.71766008998683,0.1027631275422884,0.19999999999999998,0.8166666666666667,good,good,good,false,0,false,0,false,0,false,0,0.36632654926664593,1.1211350774995847,0.9377287222919277,moderate,false,false,none,1.2388499999999998,0.0,-0.8328499999999999,-2.0717,0.6154931919206286,0.6337947952246001,0.9100748651801314,true,severe,-0.37939999999999996,-1.2862999999999998,-35.28726379120413,-11.048018403657435,-27.249809338191678,false,元器件,false,2.5508781410429613,true,falling,false,false,0.0,0.36632654926664593,0.6331783248857117,元器件,-5.0,-2.0,3.0,0.3,0.5,-0.2102362804783888,0.9319693704719764,-0.5646798200263454,false,true,0.1149580074160586,0.27792441856356587,,,,,,,0.9507042253521126,2,-0.5945652952450863,sustained_decline,0.3267014323383361,false,decreasing_vol,37.28233991001317,严重恶化-15分; 加速下滑-0.3分(加速度-0.56); 贝叶斯高置信度恶化-12分(恶化概率95.1%，严重恶化确认); 趋势不可靠-2分(Bootstrap CI过宽: 0.644); 峰值明显下跌-8分(从4.7跌至3.1，跌幅-35.3%),"","",0,0
002940.SZ,昂利康,化学制药,1.548147,-0.11931166682003756,-0.23130999999999996,0.7992571736529747,0.04075604971985083,-0.11722531567945726,1.2571,82.0,-0.11156074446358238,-0.7999999999999999,0.08333333333333333,good,good,good,false,0,false,0,false,0,false,0,0.25381899308058586,0.41056237406757085,0.5025532598884724,ultra_stable,false,false,none,-0.3710499999999999,0.0,-0.03539999999999999,0.3356499999999999,0.3524748995699792,0.7601045947708299,0.36888314991286886,true,moderate,-0.11559999999999993,0.04479999999999995,-5.3317267866556195,-8.421359364755586,3.373748023194514,false,化学制药,false,1.0337374802319452,true,falling,false,false,0.0,0.25381899308058586,0.34088685849539474,化学制药,-5.0,-2.0,3.0,0.3,0.5,-0.02166367673549785,0.3761115761787139,0.1679169119209095,true,false,-0.11931166682003756,0.7992571736529747,,,,,,,0.8223350253807107,1,0.0,single_year_drop,0.11532907020063266,false,decreasing_vol,18.0,中度恶化-10分; 贝叶斯中度恶化预警-5分(恶化概率82.2%); 峰值明显下跌-8分(从2.1跌至1.3，跌幅-39.3%),"","",0,0
002947.SZ,恒铭达,元器件,0.74617,0.11477586138280643,0.1275,0.11496318356079706,0.5767131758735412,,1.0587,96.0,0.12604680595974807,0.19999999999999998,0.8166666666666667,has_loss,has_loss,has_loss,true,1,true,2,true,1,true,2,0.8650611227589883,0.612394070023543,1.9990959430444117,high_volatility,false,false,none,-1.3832,0.0,0.46543999999999996,1.84864,0.6847100997870446,1.0,0.847100997870446,true,moderate,-0.10210000000000008,0.7151000000000001,137.5364595019071,-8.795658166781536,160.44424500785283,false,元器件,true,inf,true,falling,false,false,0.0,0.8650611227589883,1.0,元器件,-5.0,-2.0,3.0,0.3,0.5,0.24507623081740174,0.6471609259593403,0.5138045195364647,false,false,0.11477586138280643,0.11496318356079706,,,,,,,0.4807121661721069,1,0.0,single_year_drop,0.8168452310791887,true,decreasing_vol,4.0,中度恶化-10分; 周期回落期-3分(景气下行趋势); 波动聚集提示-2分(大波动后可能跟着大波动); 趋势不可靠-2分(Bootstrap CI过宽: 1.035),"","",0,0
002950.SZ,奥美医疗,医疗保健,1.2273870000000002,-0.11179568771660642,-0.2213100000000001,0.16219996310667098,0.5014355833386135,-0.16107487061324977,1.1238,66.0,-0.1238818489051943,-0.19999999999999998,0.8166666666666667,has_near_zero,has_near_zero,has_near_zero,false,0,true,2,false,0,true,2,0.564699687142964,0.7305971612318242,1.2961245343103156,volatile,false,false,none,-1.6769000000000003,0.0,0.04488999999999997,1.7217900000000002,0.5164112924383242,1.0,0.010642161440165455,false,none,0.45499999999999996,-1.1468000000000003,-38.103106411103774,68.03229665071771,-63.16369244326946,false,医疗保健,false,2.880304592686603,true,rising,false,false,0.0,0.564699687142964,0.8358003620725851,医疗保健,-5.0,-2.0,3.0,0.3,0.5,-0.19586480980551757,0.28662181006018295,-0.09597728120043103,false,false,-0.11179568771660642,0.16219996310667098,,,,,,,0.6067415730337079,0,0.0,none,0.49571622575345264,true,decreasing_vol,34.0,单年巨幅下滑-15.0分(年跌-63.2%); 波动聚集提示-2分(大波动后可能跟着大波动); 趋势不可靠-2分(Bootstrap CI过宽: 0.566); 峰值大幅下跌-15分(从2.3跌至1.1，跌幅-50.5%),"","",0,0
002952.SZ,亚世光电,元器件,0.22656500000000002,0.18439243891915313,0.20155000000000003,0.2591424636339548,0.38104214441887846,,0.6519,96.0,0.19986382478559994,0.6,0.23333333333333334,poor,poor,poor,true,2,true,5,true,2,true,5,3.716763443333007,0.6173544079376124,8.866345574954847,high_volatility,false,false,none,-1.1993,0.0,0.5093,1.7086000000000001,0.6883400574040024,1.0,0.8834005740400235,false,none,0.0040000000000000036,0.6749,2514.4444444444443,0.6173792251890728,2499.6296296296296,false,元器件,false,1.0,false,rising,false,false,0.0,3.716763443333007,1.0,元器件,-5.0,-2.0,3.0,0.3,0.5,0.3199066928024449,0.7539314216108027,0.5184049866815742,false,false,0.18439243891915313,0.2591424636339548,,,,,,,0.07161803713527852,0,0.0,none,3.183288549674198,true,decreasing_vol,4.0,波动聚集提示-2分(大波动后可能跟着大波动); 趋势不可靠-2分(Bootstrap CI过宽: 1.015),"","",0,0
002955.SZ,鸿合科技,IT设备,1.73146,0.19842029408227493,0.3546,0.36541730373531384,0.2801854957799421,0.19581327749042732,1.2594,51.971851654215584,0.3197239812223149,0.6,0.23333333333333334,has_near_zero,has_near_zero,has_near_zero,false,0,true,2,false,0,true,2,0.6406261965756509,1.0410688195311586,1.5882910379796689,volatile,false,false,none,0.7496,0.0,-0.42784999999999995,-1.1774499999999999,0.5429900299684627,0.9021886634752309,0.1941539866512071,true,severe,-1.9376,1.0819,-40.456715994515626,-60.606818892711914,51.151245803980906,false,IT设备,false,1.0,true,falling,false,false,0.0,0.6406261965756509,0.645834290593854,IT设备,-5.0,-2.0,3.0,0.3,0.5,-0.22025208113974815,0.2843116788951644,-0.6760244512228951,false,false,0.19842029408227493,0.36541730373531384,,,,,,,0.9866768176627332,1,0.0,cliff_drop,0.53978584550626,false,increasing_vol,63.028148345784416,严重恶化-15分; 单年巨幅下滑-15.0分(年跌-60.6%); 贝叶斯高置信度恶化-12分(恶化概率98.7%，严重恶化确认); 波动率飙升预警-4.0分(近期波动是早期的2.0倍); 趋势不可靠-2分(Bootstrap CI过宽: 0.761); 峰值大幅下跌-15分(从3.2跌至1.3，跌幅-60.6%),high_growth,"高速成长(稳健CAGR=32.0%, MK趋势=0.60)",1,0
002957.SZ,科瑞技术,专用机械,0.49592,0.09651927287786549,0.10840000000000001,0.3612054330591129,0.28373511301717225,0.09605549761335452,0.7027,98.0,0.11765618426036578,0.39999999999999997,0.48333333333333334,has_near_zero,has_near_zero,has_near_zero,false,0,true,5,false,0,true,5,0.6023665903997982,0.2791366779912665,1.4078549848942596,volatile,false,false,none,-0.3825,0.0,0.22854999999999998,0.61105,0.606194982064414,1.0,0.83984982064414,true,moderate,-0.05410000000000004,0.49060000000000004,163.97445529676935,-7.1485200845666,184.29752066115702,false,专用机械,true,7.24904214559387,true,falling,false,false,0.0,0.6023665903997982,1.0,专用机械,-5.0,-2.0,3.0,0.3,0.5,0.1958624002737543,0.6672557070345485,0.2990183756993776,true,false,0.09651927287786549,0.3612054330591129,,,,,,,0.4807121661721069,1,0.0,single_year_drop,0.47544229717733927,false,stable,2.0,中度恶化-10分; 周期回落期-3分(景气下行趋势); 趋势不可靠-2分(Bootstrap CI过宽: 0.455),"","",0,0
002960.SZ,青鸟消防,专用机械,0.8248650000000002,-0.011131554388765253,-0.01422000000000001,0.37944058630193894,0.26859601056425436,-0.11081638287124163,0.7594,71.0,-0.046844745092106205,-0.39999999999999997,0.48333333333333334,has_near_zero,has_near_zero,has_near_zero,false,0,true,4,false,0,true,5,0.2820534803157247,0.23805877845607798,0.7779436506243927,moderate,false,false,none,-0.6566000000000001,0.0,0.057689999999999984,0.7142900000000001,0.5732016870092801,1.0,0.30343687009280107,true,moderate,-0.07110000000000005,-0.026699999999999946,-11.409239384041065,-8.561107766405787,-3.1147923471768486,false,专用机械,false,1.5356503045503402,true,falling,false,false,0.0,0.2820534803157247,0.43039615819262517,专用机械,-5.0,-2.0,3.0,0.3,0.5,-0.03803171824038615,0.9331863199412642,0.0863181981966503,false,false,-0.042587150610764436,0.14401859981004358,,,,,,,0.9678168171785088,1,1.7485324259786723,single_year_drop,0.2554347473415556,true,decreasing_vol,29.0,中度恶化-10分; 贝叶斯恶化预警-8分(恶化概率96.8%); 波动聚集提示-2分(大波动后可能跟着大波动); 峰值明显下跌-8分(从1.2跌至0.8，跌幅-37.5%); 连续下跌警示-6分(2年下跌，累计-37.5%),"","",0,0
002970.SZ,锐明技术,IT设备,1.182508,0.16767438627942394,0.31246,0.8061358938989376,0.03858496068053228,,2.3809,100.0,0.21399181030798725,0.7999999999999999,0.08333333333333333,has_loss,has_loss,good,true,1,true,1,false,0,true,1,1.6574670353754566,1.6313122055572318,4.217248176220764,high_volatility,false,false,none,-2.6494,0.0,1.26961,3.91901,0.6709458562712958,1.0,0.758114964702664,false,none,0.5437000000000001,0.244,49.441375847351246,29.59394731112563,15.315089128797387,false,IT设备,false,1.0,false,rising,false,false,0.0,1.6574670353754566,1.0,IT设备,-5.0,-2.0,3.0,0.3,0.5,0.17834646455815106,0.9688873491487577,-0.04752712766644829,false,false,0.4320925115222135,0.3272872966741278,,,,,,,0.07161803713527852,0,0.0,none,1.272683929575817,false,decreasing_vol,0.0,"","","",0,0
002978.SZ,安宁股份,小金属,2.5761450000000004,0.012997721927972817,0.04068999999999994,0.030475384069095404,0.7788622115037392,0.049232127252009095,2.9522,98.90555093553044,-0.006323069542577479,0.0,1.0,good,good,good,false,0,false,0,false,0,false,0,0.1277231493237702,0.3264348250416919,0.2843336724313327,stable,false,false,none,-0.060850000000000064,0.0,0.31899999999999995,0.37985,0.3256777325700291,0.04670692548394122,0.6474687535451839,false,none,0.7267000000000001,-0.08870000000000022,27.568922305764403,32.65333632891486,-3.8328580070866916,false,小金属,true,1.2811503033026288,true,rising,true,false,0.0,0.1277231493237702,0.639791389638329,小金属,-5.0,-2.0,1.6,0.3,0.24,0.11364780189282686,0.6344630963311572,0.1372640459114456,false,false,0.012997721927972817,0.030475384069095404,,,,,,,0.07161803713527852,0,0.0,none,0.1252179501792652,false,stable,1.0944490644695506,周期顶部预警-5分(警惕景气回落),"","",0,0
002979.SZ,雷赛智能,专用机械,0.5227410000000001,0.015195773670051533,0.018869999999999998,0.020816307439601344,0.8169381468558843,0.05733275546433836,0.6864,79.0,0.012265785499567541,0.0,1.0,has_near_zero,has_near_zero,has_near_zero,false,0,true,5,false,0,true,5,0.3604882275048237,0.1864012526781942,0.8016167710992497,volatile,false,false,none,-0.18030000000000002,0.0,0.0538,0.23410000000000003,0.20237915874429335,1.0,0.10510552930092065,false,none,0.4032,-0.4145,-1.6196072810663578,142.3728813559322,-59.40948831876164,false,专用机械,false,2.139855850329704,true,rising,false,false,0.0,0.3604882275048237,0.5737046953811529,专用机械,-5.0,-2.0,3.0,0.3,0.5,-0.004645945637065163,0.0004816127021943321,-0.06764692454653082,false,false,0.015195773670051533,0.020816307439601344,,,,,,,0.2783505154639176,0,0.0,none,0.3558403351600401,true,increasing_vol,21.0,单年巨幅下滑-15.0分(年跌-59.4%); 波动聚集风险-6分(ARCH效应+波动上升),"","",0,0
002987.SZ,京北方,软件服务,0.27437500000000004,0.006181944400203177,0.006739999999999996,0.03587976334603951,0.7602736359709515,,0.4215,100.0,0.02843207018449733,0.19999999999999998,0.8166666666666667,has_loss,has_loss,has_near_zero,true,1,true,5,false,0,true,5,1.064713599450871,0.2707140797963785,2.549358923936128,high_volatility,false,false,none,-0.5647,0.0,0.17932,0.74402,0.5595642868704743,1.0,0.5682814670609782,false,none,0.12459999999999999,-0.13130000000000003,-1.5646893974778233,41.966992253283934,-30.663241475945824,false,软件服务,true,11.136540962288688,true,rising,false,false,0.0,1.064713599450871,1.0,软件服务,-5.0,-2.0,3.0,0.3,0.5,-0.0030832723946177254,0.0019666773966708754,-0.04202045677215341,false,false,0.065438107803704,0.151843315543679,,,,,,,0.2783505154639176,0,0.0,none,0.9796746039777076,false,decreasing_vol,0.0,单年巨幅下滑-15.0分(年跌-30.7%),"","",0,0
002990.SZ,盛视科技,软件服务,0.19191600000000003,-0.0036309036545230378,-0.0037600000000000025,0.036044226790227105,0.7597315414924338,,0.3128,84.46988331276762,-0.04393733718372042,-0.19999999999999998,0.8166666666666667,has_loss,has_loss,has_near_zero,true,1,true,5,false,0,true,5,2.4322991403162213,0.48568149233834307,6.145833333333333,high_volatility,false,false,none,-0.503,0.0,0.48160000000000003,0.9846,0.5208621174989053,0.5913761998666389,0.6798677236642103,true,moderate,-0.09079999999999999,1.054,148.09348093480935,-22.49752229930624,162.05412054120544,false,软件服务,true,inf,true,falling,false,false,0.0,2.4322991403162213,1.0,软件服务,-5.0,-2.0,3.0,0.3,0.5,0.4597355298549701,0.6808346308991359,0.9397666255352503,true,false,-0.023663604621081188,0.006577238850989664,,,,,,,0.6492985971943889,1,0.0,single_year_drop,2.423650950719615,false,stable,15.530116687232375,中度恶化-10分; 周期回落期-3分(景气下行趋势); 峰值明显下跌-8分(从0.6跌至0.3，跌幅-45.8%),"","",0,0
002992.SZ,宝明科技,元器件,0.07239500000000001,0.1538633676970271,0.16405,0.2366920832672018,0.40594304514811247,,0.5582,78.0,0.09069790653132428,0.6,0.23333333333333334,poor,poor,poor,true,2,true,5,true,2,true,5,22.498170636004296,0.5215075953425798,50.71613459879203,high_volatility,false,false,none,0.8811,0.0,0.007810000000000011,-0.87329,0.42378425942184517,1.0,0.0005304449034110485,false,none,1.0052,-0.8054,55.74776785714287,224.87695749440718,-224.72098214285717,false,元器件,true,inf,true,rising,false,false,0.0,22.498170636004296,1.0,元器件,-5.0,-2.0,3.0,0.3,0.5,0.09075671689432756,0.03125120842746647,-0.3766569961027851,false,false,0.1538633676970271,0.2366920832672018,,,,,,,0.07161803713527852,0,0.0,none,19.517940797429656,false,increasing_vol,22.0,单年巨幅下滑-15.0分(年跌-224.7%); 周期顶部预警-5分(警惕景气回落); 趋势不可靠-2分(Bootstrap CI过宽: 0.923),"","",0,0
002993.SZ,奥海科技,元器件,2.196315,0.013681153334962892,0.028139999999999988,0.020996927764143185,0.8161512497677064,-0.1560518777526747,1.8004,69.0,-0.12591234352869957,-0.39999999999999997,0.48333333333333334,good,good,good,false,0,false,0,false,0,false,0,0.34128975603044304,0.7779973020518773,0.89051491941498,moderate,false,false,none,-2.0300000000000002,0.0,0.07961,2.1096100000000004,0.6077890884772379,1.0,0.07789088477237852,true,moderate,-0.4402999999999999,-0.048100000000000254,-21.33869276476757,-19.650109340830987,-2.1015379238028773,false,元器件,false,1.50678077682686,true,falling,false,false,0.0,0.34128975603044304,0.47393590840126915,元器件,-5.0,-2.0,3.0,0.3,0.5,-0.10758433148137625,0.8171219044719151,0.09906154852002724,false,false,-0.09158030284857109,0.24604890965169335,,,,,,,0.9932937344318835,1,8.350347247254414,single_year_drop,0.2818121142139721,true,decreasing_vol,31.0,中度恶化-10分; 贝叶斯恶化预警-8分(恶化概率99.3%); 波动聚集提示-2分(大波动后可能跟着大波动); 趋势不可靠-2分(Bootstrap CI过宽: 0.318); 峰值明显下跌-8分(从3.5跌至1.8，跌幅-49.3%); 连续下跌警示-6分(2年下跌，累计-49.3%),"","",0,0
002997.SZ,瑞鹄模具,专用机械,0.7784010000000001,0.1489488408053731,0.18667,0.8609128114001675,0.02300895111693568,0.30689935580067096,1.1065,100.0,0.1533854999959007,0.7999999999999999,0.08333333333333333,has_near_zero,has_near_zero,has_near_zero,false,0,true,3,false,0,true,3,0.4405842393926132,0.3182780545372238,1.0066445182724253,stable,false,false,none,0.06949999999999998,0.0,0.29410000000000003,0.22460000000000005,0.3113238033410095,0.3949321032657203,0.8690915810216792,false,none,0.09640000000000004,0.4918,113.48639783908934,9.543609543609548,94.88713100520934,false,专用机械,false,1.15338606984372,true,rising,false,false,0.0,0.4405842393926132,0.5062522008265866,专用机械,-5.0,-2.0,3.0,0.3,0.5,0.22859629382194793,0.8560214825623694,0.1652104516205198,true,false,0.1489488408053731,0.8609128114001675,,,,,,,0.07161803713527852,0,0.0,none,0.16487807973327526,false,increasing_vol,0.0,"","","",0,0
003008.SZ,开普检测,电气设备,1.21367,-0.014926365483030968,-0.022220000000000042,0.07275400362735653,0.6607807243691022,-0.04762762842791968,1.0508,87.0,-0.008975492055983303,-0.19999999999999998,0.8166666666666667,good,good,good,false,0,false,0,false,0,false,0,0.11161175290353942,0.136699842721197,0.24232923463805742,ultra_stable,false,false,none,0.035149999999999904,0.0,-0.14839999999999998,-0.18354999999999988,0.32973940847712807,0.0819662950295027,0.7704526682073152,true,moderate,-0.28869999999999996,-0.008099999999999996,-22.024339566636982,-21.552818215752147,-0.60106856634016,false,电气设备,false,1.2154775863624063,true,falling,false,false,0.0,0.11161175290353942,0.25135308050448574,电气设备,-5.0,-2.0,3.0,0.3,0.5,-0.09515036473907273,0.769047688399872,-0.11645474405423978,false,false,-0.014926365483030968,0.07275400362735653,,,,,,,0.9932937344318835,1,20.951749649411987,single_year_drop,0.10786264377378041,false,stable,13.0,中度恶化-10分; 贝叶斯恶化预警-8分(恶化概率99.3%),"","",0,0
003015.SZ,日久光电,元器件,0.53392,0.007411974002332761,0.0078000000000000074,0.012817128213476001,0.8561615613150363,0.05001449274390146,0.4855,76.88334895576867,0.012452634707106149,0.19999999999999998,0.8166666666666667,has_near_zero,has_near_zero,has_near_zero,false,0,true,5,false,0,true,5,0.22417962098208424,0.1188196827129243,0.5890343760612807,moderate,false,false,none,0.15610000000000002,0.0,-0.11305,-0.26915,0.5264463051212132,0.9953899901402762,0.7307730610718551,false,none,0.005799999999999972,-0.2319,-31.773468240584602,1.209089013967057,-32.58853288364249,false,元器件,false,1.4834271419637273,true,rising,false,false,0.0,0.22417962098208424,0.37713398238083107,元器件,-5.0,-2.0,3.0,0.3,0.5,-0.09696929608416462,0.7298138400091062,-0.23330208846267814,false,true,0.007411974002332761,0.012817128213476001,,,,,,,0.6067415730337079,0,0.0,none,0.2229687634921155,false,stable,23.11665104423134,单年巨幅下滑-15.0分(年跌-32.6%); 加速下滑-0.1分(加速度-0.23); 峰值明显下跌-8分(从0.7跌至0.5，跌幅-31.8%),"","",0,0
003020.SZ,立方制药,化学制药,1.3990449999999999,-0.11977941463618147,-0.20991000000000004,0.9297273543954458,0.008079462335432285,-0.13734705610718723,1.0311,29.505145236633552,-0.12060416930927355,-0.9999999999999999,0.016666666666666666,good,good,good,false,0,false,0,false,0,false,0,0.22685754163267352,0.341193742615541,0.5523936170212768,ultra_stable,false,false,none,-0.11180000000000001,0.0,-0.3036000000000001,-0.19180000000000008,0.5335903263123358,0.964777063770753,0.9875261993526057,true,severe,-0.24450000000000016,-0.3627,-37.06280900933896,-19.167450611476962,-22.13880241713972,false,化学制药,false,1.0,false,falling,false,false,0.0,0.22685754163267352,0.3148193666394722,化学制药,-5.0,-2.0,3.0,0.3,0.5,-0.18295732903154555,0.9949100880781399,-0.12745550168818426,false,true,-0.11977941463618147,0.9297273543954458,,,,,,,0.9872029250457038,2,-0.13421465848407207,sustained_decline,0.05259661434583795,false,increasing_vol,70.49485476336645,复合恶化-14.0分(触发2项恶化信号); 严重恶化-15分; 加速下滑-0.1分(加速度-0.13); 贝叶斯高置信度恶化-12分(恶化概率98.7%，严重恶化确认); 波动率飙升预警-5.4分(近期波动是早期的2.7倍); 峰值明显下跌-8分(从1.9跌至1.0，跌幅-44.6%); 智能连续下跌-16分(4年实质性下跌，累计跌幅-44.6%),"","",0,0
003028.SZ,振邦智能,元器件,2.112563,0.25149089033299943,0.44421,0.269801487053587,0.3697250821512644,0.11127910194051793,1.9094,48.0,0.18264965060396093,0.19999999999999998,0.8166666666666667,good,good,good,false,0,true,1,false,0,true,1,0.7084587672631122,1.402252438043878,1.713939271459607,high_volatility,false,false,none,1.1061,0.0,-0.7774,-1.8835000000000002,0.5180384527471245,0.41251535935892913,0.8735481384886273,true,severe,-1.2897,-0.2650999999999999,-44.88193522313954,-40.3144634428433,-7.652560475723108,false,元器件,true,48.247910863509745,true,falling,false,false,0.0,0.7084587672631122,1.0,元器件,-5.0,-2.0,3.0,0.3,0.5,-0.2767353747571185,0.8510916698881554,-0.7302338126298628,false,false,0.25149089033299943,0.269801487053587,,,,,,,0.999190470683474,2,4.268101254571777,accelerating_decline,0.6131836592225236,false,decreasing_vol,52.0,严重恶化-15分; 单年巨幅下滑-15.0分(年跌-40.3%); 周期回落期-3分(景气下行趋势); 贝叶斯高置信度恶化-12分(恶化概率99.9%，严重恶化确认); 趋势不可靠-2分(Bootstrap CI过宽: 1.349); 峰值明显下跌-8分(从3.5跌至1.9，跌幅-44.9%),"","",0,0
003031.SZ,中瓷电子,元器件,1.023761,0.12649463172962758,0.18486999999999998,0.3710249870880576,0.2755092664605413,0.09482544694923623,1.2004,90.0,0.1111103088598096,0.19999999999999998,0.8166666666666667,has_near_zero,has_near_zero,has_near_zero,false,0,true,3,false,0,true,3,0.4962724327378894,0.4805405966200983,1.1749457812661368,volatile,false,false,none,-0.267,0.0,0.30333999999999994,0.57034,0.3856908849215037,1.0,0.5102698721095005,true,moderate,-0.4870000000000001,1.1377000000000002,118.37365835910497,-28.86096953893565,206.9674367837002,false,元器件,false,3.069674367837002,true,falling,false,false,0.0,0.4962724327378894,0.806307861901912,元器件,-5.0,-2.0,3.0,0.3,0.5,0.2455058080985431,0.3973426071285033,0.36297188981853573,true,false,0.12649463172962758,0.3710249870880576,,,,,,,0.6492985971943889,1,0.0,single_year_drop,0.3939011019284756,false,increasing_vol,10.0,中度恶化-10分; 波动率飙升预警-8.0分(近期波动是早期的5.7倍); 趋势不可靠-2分(Bootstrap CI过宽: 0.557),"","",0,0
003035.SZ,南网能源,新型电力,0.299295,0.03096595982083627,0.03231,0.5190870041182737,0.16976801031643105,0.10045744653476407,0.3769,100.0,0.029721924702638777,0.6,0.23333333333333334,has_near_zero,has_near_zero,has_near_zero,false,0,true,5,false,0,true,5,0.24970361668607455,0.07070108202849515,0.6650420286783923,stable,false,false,none,-0.06840000000000002,0.0,0.051550000000000006,0.11995000000000003,0.38711307099648995,1.0,0.6941850497487064,false,none,0.10500000000000004,-0.0494,17.30469965764085,38.617138653916896,-15.375038904450669,false,新型电力,false,1.3954397394136808,true,rising,false,false,0.0,0.24970361668607455,0.3858215252706838,新型电力,-5.0,-2.0,3.0,0.3,0.5,0.026244587933851565,0.2761158253970128,-0.0046364490250496125,false,false,0.03096595982083627,0.5190870041182737,,,,,,,0.07161803713527852,0,0.0,none,0.17261912761856607,false,stable,0.0,"","","",0,0
003043.SZ,华亚智能,半导体,1.4769050000000001,0.0000696793756730707,-0.012249999999999995,1.474547498588417e-7,0.9995110780994058,-0.04210264609720549,1.4397,75.0,0.0356449321927971,0.0,1.0,good,good,good,false,0,true,1,false,0,true,1,0.34157978830959806,0.5057362029754248,0.9125477853273717,moderate,false,false,none,-0.882,0.0,0.09020999999999998,0.97221,0.3500741410285108,1.0,0.042504835481211416,false,none,0.1936,-0.933,-33.93143958514984,15.536473798250542,-42.81584140241384,false,半导体,false,2.10124873439082,true,rising,false,false,0.0,0.34157978830959806,0.5534303285664546,半导体,-5.0,-2.0,3.0,0.3,0.5,-0.18006761726051357,0.52652728792092,-0.2876167326044142,false,false,0.0000696793756730707,1.474547498588417e-7,,,,,,,0.6067415730337079,0,0.0,none,0.34132918568838727,false,decreasing_vol,25.0,单年巨幅下滑-15.0分(年跌-42.8%); 趋势不可靠-2分(Bootstrap CI过宽: 0.456); 峰值明显下跌-8分(从2.2跌至1.4，跌幅-33.9%),"","",0,0
003816.SZ,中国广核,新型电力,0.67746,0.02287379697355081,0.027600000000000013,0.5078715946196024,0.17671814269502104,0.05963948965834054,0.7528,96.0,0.02293312493319153,0.6,0.23333333333333334,has_near_zero,has_near_zero,has_near_zero,false,0,true,5,false,0,true,5,0.09228189085702368,0.061243799686172336,0.23460808245185796,ultra_stable,false,false,none,0.012050000000000005,0.0,0.06580000000000003,0.05375000000000002,0.2616459166262476,0.060633846633529255,0.9306964036591807,false,none,0.09689999999999999,0.034700000000000064,21.184803605924028,14.773593535599936,5.585962652929824,false,新型电力,false,1.1128461043142306,true,rising,false,false,0.0,0.09228189085702368,0.2222049932608497,新型电力,-5.0,-2.0,3.0,0.3,0.5,0.05423356701175669,0.9339153396452247,0.04394258580947563,false,false,0.02287379697355081,0.5078715946196024,,,,,,,0.07161803713527852,0,0.0,none,0.06474669516717188,false,stable,4.0,"趋势不确定预警-4分(Bootstrap CI跨零: [-0.021, 0.058])","","",0,0
300001.SZ,特锐德,电气设备,0.9324180000000001,0.23942321024695548,0.29986,0.7930513436442197,0.042755133460653225,0.5092656455731306,1.2453,98.0,0.22801187580553792,0.7999999999999999,0.08333333333333333,has_near_zero,has_near_zero,has_near_zero,false,0,true,2,false,0,true,2,0.6301210174671427,0.530851752375369,1.2267644754647107,moderate,false,false,none,0.46399999999999997,0.0,0.03865000000000007,-0.4253499999999999,0.4512809719445916,0.7866799061301335,0.500700807450849,false,none,-0.028200000000000003,0.10550000000000015,6.61815068493152,-2.214369846878681,9.032534246575356,false,电气设备,false,1.0,true,falling,false,false,0.0,0.6301210174671427,0.6374301473070475,电气设备,-5.0,-2.0,3.0,0.3,0.5,0.02466432340075919,0.5061169771281671,-0.3541212669683875,false,true,0.23942321024695548,0.7930513436442197,,,,,,,0.27835051546391754,0,0.0,none,0.283426002288488,false,decreasing_vol,2.0,趋势不可靠-2分(Bootstrap CI过宽: 0.412),"","",0,0
300004.SZ,南风股份,电气设备,-0.03467900000000001,0.07471056970932448,0.07667,0.33436696463461324,0.307138494858311,,0.0913,109.0,0.06567269425391489,0.19999999999999998,0.8166666666666667,poor,poor,poor,true,2,true,5,true,2,true,5,3.6129273012512284,0.2083936467361709,8.776005547850206,high_volatility,false,false,none,0.5062,0.0,-0.017169999999999994,-0.52337,0.5098746718684164,1.0,0.052006718684163865,false,none,0.1971,-0.1231,427.7456647398845,186.29489603024575,-711.5606936416185,false,电气设备,true,inf,true,rising,false,false,0.0,3.6129273012512284,1.0,电气设备,-5.0,-2.0,3.0,0.3,0.5,0.036937247431432466,0.13808427468014653,-0.166126336003103,false,false,0.07471056970932448,0.33436696463461324,,,,,,,0.07161803713527852,0,0.0,none,2.938726107486534,false,decreasing_vol,3.0,单年巨幅下滑-15.0分(年跌-711.6%); 趋势不可靠-2分(Bootstrap CI过宽: 0.353),cyclical_bottom,周期底部(mid_up),0,0
300006.SZ,莱美药业,化学制药,0.130249,-0.022255892503021835,-0.02277,0.15700371467612936,0.5090267699299257,-0.10772440252921944,0.1752,92.0,-0.018634527787880724,-0.19999999999999998,0.8166666666666667,has_near_zero,has_near_zero,has_near_zero,false,0,true,5,false,0,true,5,0.6578694651453124,0.09018074628211943,1.6216807703530782,high_volatility,false,false,none,-0.11114999999999998,0.0,0.06054999999999999,0.17169999999999996,0.5634270951048902,0.9039631316961025,0.8869078193527994,false,none,0.09799999999999999,0.023100000000000002,223.8447319778188,126.94300518134713,42.69870609981516,false,化学制药,false,1.0,false,rising,false,false,0.0,0.6578694651453124,0.6596289054495833,化学制药,-5.0,-2.0,3.0,0.3,0.5,0.06012110947214287,0.8875196179139169,0.16958249023718422,true,false,-0.022255892503021835,0.15700371467612936,,,,,,,0.07161803713527852,0,0.0,none,0.6031691941953524,false,decreasing_vol,8.0,峰值明显下跌-8分(从0.3跌至0.2，跌幅-36.6%),"","",0,0
300009.SZ,安科生物,生物制药,0.436805,0.015261383225241072,0.016300000000000005,0.6331443920924037,0.1073857538044544,0.04747966504032797,0.4098,75.0025873221216,0.027975555823110537,0.6,0.23333333333333334,has_near_zero,has_near_zero,has_near_zero,false,0,true,5,false,0,true,5,0.21277297227665906,0.08926251732950401,0.5432398932112892,stable,false,false,none,0.03865000000000002,0.0,-0.003950000000000009,-0.04260000000000003,0.1973162175552165,0.9350045587409948,0.0019558124074741923,true,moderate,-0.15850000000000003,0.1506,-1.8913095523102745,-27.890198838641567,36.05458463011731,false,生物制药,false,1.0,true,falling,false,false,0.0,0.21277297227665906,0.3035517111546606,生物制药,-5.0,-2.0,3.0,0.3,0.5,-0.0036499175177624466,0.002073633456284594,-0.03978578829873891,false,false,0.03174345786822381,0.3837103016939341,,,,,,,0.9025069637883009,1,0.0,single_year_drop,0.16821537836123523,true,increasing_vol,24.997412677878394,"中度恶化-10分; 贝叶斯恶化预警-8分(恶化概率90.3%); 波动率飙升预警-8.0分(近期波动是早期的4.0倍); 趋势不确定预警-4分(Bootstrap CI跨零: [-0.007, 0.038])","","",0,0
300015.SZ,爱尔眼科,医疗保健,0.6339899999999999,-0.058243534275041225,-0.07018,0.940140150773445,0.006331078568913088,-0.10378324152720342,0.5234,64.0,-0.055824500649870795,-0.7999999999999999,0.08333333333333333,has_near_zero,has_near_zero,has_near_zero,false,0,true,5,false,0,true,5,0.17100810323835708,0.11441810171471996,0.43029234172296293,ultra_stable,false,false,none,-0.0928,0.0,-0.05115000000000003,0.041649999999999965,0.2057073605938055,0.9496774800658128,0.7221777766327744,true,moderate,-0.10609999999999997,0.0037999999999999146,-16.349688349049075,-16.854646544876882,0.6073198018219458,false,医疗保健,false,1.0060731980182194,true,falling,false,false,0.0,0.17100810323835708,0.2709495756597816,医疗保健,-5.0,-2.0,3.0,0.3,0.5,-0.04434715515836457,0.7228178025679608,0.031018136400247198,false,false,-0.058243534275041225,0.940140150773445,,,,,,,0.9487554904831625,1,0.0,single_year_drop,0.041699344072338176,false,decreasing_vol,36.0,中度恶化-10分; 贝叶斯恶化预警-8分(恶化概率94.9%); 高置信度衰退-3分(Bootstrap CI确认下行); 峰值明显下跌-8分(从0.8跌至0.5，跌幅-35.5%); 智能连续下跌-12分(3年实质性下跌，累计跌幅-35.5%),"","",0,0
300016.SZ,北陆药业,化学制药,0.25279300000000005,-0.014676355408541243,-0.015090000000000004,0.06390708309029285,0.6815889156176309,-0.017672891662204093,0.3314,80.94262765347102,-0.02585180961878194,-0.19999999999999998,0.8166666666666667,has_near_zero,has_near_zero,has_near_zero,false,0,true,5,false,0,true,5,0.36734891914599566,0.0945262238746476,0.9214207990051297,volatile,false,false,none,-0.1352,0.0,0.019109999999999995,0.15430999999999997,0.31336357387437364,1.0,0.07739315481731415,false,none,0.21259999999999996,-0.14099999999999996,27.559661277906084,178.95622895622893,-54.27251732101615,false,化学制药,false,1.530486008836524,true,rising,false,false,0.0,0.36734891914599566,0.49794393649499974,化学制药,-5.0,-2.0,3.0,0.3,0.5,0.034326359360790704,0.1058882658207731,0.08023755863943019,false,false,-0.014676355408541243,0.06390708309029285,,,,,,,0.07161803713527852,0,0.0,none,0.35545427817536035,false,increasing_vol,19.05737234652897,单年巨幅下滑-15.0分(年跌-54.3%); 波动率飙升预警-4.1分(近期波动是早期的2.0倍),"","",0,0
300017.SZ,网宿科技,软件服务,0.348075,0.004190182736104842,0.004430000000000001,0.0852356796261031,0.6336261567297197,0.02267160027370574,0.3556,100.0,0.005828157096018381,0.19999999999999998,0.8166666666666667,has_near_zero,has_near_zero,has_near_zero,false,0,true,5,false,0,true,5,0.0695764988456276,0.024063727890748763,0.16625224079107148,ultra_stable,false,false,none,0.028599999999999983,0.0,-0.013349999999999971,-0.04194999999999995,0.294313202861341,0.9428136718509872,0.21525409740366835,false,none,0.03080000000000005,-0.057499999999999996,-6.984043944546155,9.48275862068967,-15.040544075333507,false,软件服务,false,1.1770320197044335,true,rising,false,false,0.0,0.0695764988456276,0.2125988017037599,软件服务,-5.0,-2.0,3.0,0.3,0.5,-0.012524520435723413,0.21312675946212575,-0.0394854392674541,false,false,0.004190182736104842,0.0852356796261031,,,,,,,0.2783505154639176,0,0.0,none,0.06656376902618406,false,increasing_vol,0.0,"","","",0,0
300018.SZ,中元股份,电气设备,0.136334,0.003222409112541795,0.0032400000000000016,0.10582900801502071,0.5932240909180138,0.29932471993581045,0.2511,92.0,0.02755544456281291,0.39999999999999997,0.48333333333333334,has_near_zero,has_near_zero,has_near_zero,false,0,true,5,false,0,true,5,0.5728828439300788,0.07188533925634628,1.3396557220274148,moderate,false,false,none,-0.0025499999999999967,0.0,0.08404999999999999,0.08659999999999998,0.5044724913929893,0.9642857142857139,0.9072391996441797,false,none,0.1306,0.03749999999999999,202.53012048192764,108.38174273858921,45.180722891566255,false,电气设备,false,1.0,false,rising,false,false,0.0,0.5728828439300788,0.5916396084773964,电气设备,-5.0,-2.0,3.0,0.3,0.5,0.08281424181957509,0.9085446989841575,0.08535495858347295,true,false,0.03567053230183005,0.6343672451818728,,,,,,,0.07161803713527852,0,0.0,none,0.3469225288714779,true,increasing_vol,8.0,波动率飙升预警-8.0分(近期波动是早期的33.0倍),"","",0,0
300030.SZ,阳普医疗,医疗保健,0.314219,-0.06370404179137888,-0.06827000000000001,0.4049430695385155,0.2483811511070478,-0.12785095269483193,0.2647,97.0,-0.05385910718079109,-0.19999999999999998,0.8166666666666667,has_near_zero,has_near_zero,has_near_zero,false,0,true,5,false,0,true,5,0.5032418489039343,0.16843504682814678,1.249178368688378,volatile,false,false,none,-0.16005000000000003,0.0,0.06365,0.2237,0.3287046813854769,0.5357583715200339,0.7870216518951314,false,none,0.006299999999999972,0.12100000000000002,92.64919941775837,2.4380804953560262,88.06404657933045,false,医疗保健,true,4.042940320232897,true,rising,false,false,0.0,0.5032418489039343,0.9416521884875337,医疗保健,-5.0,-2.0,3.0,0.3,0.5,0.06236559494276882,0.7865568403165135,0.21531966876546654,true,false,-0.06370404179137888,0.4049430695385155,,,,,,,0.07161803713527852,0,0.0,none,0.3863148648525731,false,decreasing_vol,15.0,峰值大幅下跌-15分(从0.6跌至0.3，跌幅-52.3%),cyclical_bottom,周期底部(mid_up),0,0
300033.SZ,同花顺,软件服务,3.6613050000000005,-0.005698280678815993,-0.006869999999999977,0.003756658434067725,0.9220100182463357,0.028912972102737244,4.3071,95.99413561392792,-0.026288411432951166,0.0,1.0,good,good,good,false,0,false,0,false,0,false,0,0.14907147164651127,0.5463081850018358,0.36728390008568135,stable,false,false,none,-0.2942499999999999,0.0,0.5263,0.8205499999999999,0.5457333545080069,0.6079776691853832,0.5529206076139678,false,none,1.346,-0.2934000000000001,32.34290981717621,45.45608051062106,-9.015209709632819,false,软件服务,false,1.336665428388099,true,rising,false,false,0.0,0.14907147164651127,0.29747923443562224,软件服务,-5.0,-2.0,3.0,0.3,0.5,0.13531453307995855,0.5198684756810396,0.21527414173790294,true,false,-0.005698280678815993,0.003756658434067725,,,,,,,0.07161803713527852,0,0.0,none,0.149042001279668,false,increasing_vol,4.005864386072083,波动率飙升预警-4.0分(近期波动是早期的2.0倍),"","",0,0
300045.SZ,华力创通,IT设备,0.22471400000000002,-0.0016556105221257169,-0.0016799999999999983,0.22005742735300432,0.4254126555876245,0.23429559256716992,0.4143,92.0,0.0198535146050548,0.0,1.0,has_near_zero,has_near_zero,has_near_zero,false,0,true,5,false,0,true,5,0.5498218805667728,0.11596843104914371,1.3877299450028449,volatile,false,false,none,-0.028449999999999996,0.0,0.14635,0.1748,0.49890017196757785,0.7828861462272819,0.8565155734484969,false,none,0.2501,0.04260000000000001,240.70723684210526,152.31425091352008,35.03289473684212,false,IT设备,false,1.0,false,rising,false,false,0.0,0.5498218805667728,0.5731908377867516,IT设备,-5.0,-2.0,3.0,0.3,0.5,0.14098863676781095,0.8592858724137059,0.16912020398349434,true,false,0.04397954315356681,0.3896317021120036,,,,,,,0.07161803713527852,0,0.0,none,0.4283654915146661,false,increasing_vol,8.0,波动率飙升预警-8.0分(近期波动是早期的5.1倍),"","",0,0
300046.SZ,台基股份,半导体,0.23491099999999998,0.02749981080017602,0.028370000000000003,0.11069760046403196,0.5843281730916238,0.033821452761875204,0.3548,100.0,0.03075328992891703,0.19999999999999998,0.8166666666666667,has_near_zero,has_near_zero,has_near_zero,false,0,true,5,false,0,true,5,0.5904931080741882,0.1336876396679962,1.303445229681979,high_volatility,false,false,none,-0.12545,0.0,0.14755000000000001,0.273,0.5309500223040193,0.8823308203230346,0.8811694027171582,false,none,0.053700000000000025,0.24139999999999998,494.30485762144053,17.83460644304219,404.35510887772193,false,半导体,false,1.0,false,rising,false,false,0.0,0.5904931080741882,0.6057278197926839,半导体,-5.0,-2.0,3.0,0.3,0.5,0.14404204021585532,0.8779540454628009,0.26711527602198687,true,false,0.02749981080017602,0.11069760046403196,,,,,,,0.07161803713527852,0,0.0,none,0.5562608467631989,false,stable,0.0,"","","",0,0
300047.SZ,天源迪科,软件服务,0.139859,0.07518963165111914,0.08073,0.18217786788293738,0.47353593499785657,,0.5796,98.0,0.09158776448731723,0.19999999999999998,0.8166666666666667,poor,poor,poor,true,2,true,5,true,2,true,5,2.5081236275235317,0.29003941628682123,6.289346246973365,high_volatility,false,false,none,-0.09265,0.0,0.36365000000000003,0.45630000000000004,0.5023292413617777,0.29555191064421354,0.8151405029735629,false,none,0.6636,0.06369999999999999,492.41706161137444,790.0,43.127962085308056,false,软件服务,true,inf,true,rising,false,false,0.0,2.5081236275235317,1.0,软件服务,-5.0,-2.0,3.0,0.3,0.5,0.34921085187461887,0.8173313529707757,0.4415905172490776,false,false,0.07518963165111914,0.18217786788293738,,,,,,,0.07161803713527852,0,0.0,none,2.252170799321685,false,stable,2.0,周期顶部预警-5分(警惕景气回落); 趋势不可靠-2分(Bootstrap CI过宽: 0.516),"","",0,0
300048.SZ,合康新能,电气设备,0.17834500000000003,0.02105645559367554,0.02155,0.254486893685334,0.386084075785267,0.22732766958259654,0.2741,100.0,0.019317276535312247,0.19999999999999998,0.8166666666666667,has_near_zero,has_near_zero,has_near_zero,false,0,true,5,false,0,true,5,0.39131430924518007,0.06725910347306155,0.949499650919246,moderate,false,false,none,0.015400000000000004,0.0,0.06125,0.045849999999999995,0.21040907348673105,0.14113530326594095,0.5198832574465932,false,none,0.1632,-0.040700000000000014,80.80474934036938,147.15960324616773,-26.846965699208454,false,电气设备,false,1.8214607754733996,true,rising,false,false,0.0,0.39131430924518007,0.5559128841259307,电气设备,-5.0,-2.0,3.0,0.3,0.5,0.059876821936248666,0.5170667476252234,0.04461826302062238,false,false,0.02105645559367554,0.254486893685334,,,,,,,0.07161803713527852,0,0.0,none,0.33738357151258125,false,increasing_vol,0.0,"","","",0,0
300049.SZ,福瑞股份,医疗保健,0.878025,0.00978068452594052,0.01251,0.2306334068418692,0.41292832502048654,0.02233796214877737,0.8312,88.67480114237733,0.019118422062747595,0.39999999999999997,0.48333333333333334,has_near_zero,has_near_zero,has_near_zero,false,0,true,4,false,0,true,5,0.20646606455883232,0.17604122528544275,0.5146368924751362,stable,false,false,none,0.031000000000000028,0.0,0.05567000000000001,0.024669999999999984,0.11981632443984269,1.0,0.1365964656712529,true,moderate,-0.3278,0.4388000000000001,15.412385448486546,-28.283002588438304,60.92752013329632,false,医疗保健,false,1.3544154401555124,true,falling,false,false,0.0,0.20646606455883232,0.3457615770011342,医疗保健,-5.0,-2.0,3.0,0.3,0.5,0.043854939650172065,0.07018851999216563,0.06020886588550872,false,false,0.03731319655281558,0.21402292896382316,,,,,,,0.6492985971943889,1,0.0,single_year_drop,0.1837508502382778,false,increasing_vol,11.325198857622661,中度恶化-10分; 波动率飙升预警-8.0分(近期波动是早期的7.5倍),"","",0,0
300053.SZ,航宇微,半导体,0.12287500000000001,0.01857785742549697,0.018649999999999996,0.08262374485523372,0.6391198308352409,,0.1566,95.52937611460102,0.007036324705874897,0.0,1.0,has_loss,has_loss,has_loss,true,1,true,5,true,1,true,5,0.8769542584165348,0.10284919542709121,2.082196452933151,high_volatility,false,false,none,0.1651,0.0,0.004109999999999997,-0.16099,0.15964767627115511,1.0,0.0022948761134929854,true,moderate,-0.0345,0.2193,655.3191489361702,-18.05337519623234,777.6595744680851,false,半导体,true,inf,true,falling,false,false,0.0,0.8769542584165348,1.0,半导体,-5.0,-2.0,3.0,0.3,0.5,0.09208158043823284,0.615450848679923,0.1316187357326423,false,false,0.01857785742549697,0.08262374485523372,,,,,,,0.6492985971943889,1,0.0,single_year_drop,0.8401365717468419,false,decreasing_vol,4.470623885398981,中度恶化-10分; 周期回落期-3分(景气下行趋势),"","",0,0
300062.SZ,中能电气,电气设备,0.199678,0.00008876703929004692,0.00008999999999999842,0.00011132408389219573,0.9865662696854847,-0.21247990695491747,0.1677,73.0,-0.044117771301376854,-0.39999999999999997,0.48333333333333334,has_near_zero,has_near_zero,has_near_zero,false,0,true,5,false,0,true,5,0.5780858530401314,0.12558337071443815,1.4638188178972564,volatile,false,false,none,-0.2692,0.0,-0.007700000000000004,0.2615,0.5113801608669417,1.0,0.09080160866941732,false,none,0.049699999999999994,-0.0797,-15.174506828528072,42.11864406779661,-40.31360647445625,false,电气设备,false,1.3883426966292134,true,rising,false,false,0.0,0.5780858530401314,0.647581041982667,电气设备,-5.0,-2.0,3.0,0.3,0.5,-0.014755269641146165,0.13771185308110978,0.09865234095042316,false,false,-0.05609597259036539,0.5436795100505715,,,,,,,0.435483870967742,0,0.0,none,0.3906993215658257,false,decreasing_vol,27.0,单年巨幅下滑-15.0分(年跌-40.3%); 峰值大幅下跌-15分(从0.4跌至0.2，跌幅-61.5%),"","",0,0
300073.SZ,当升科技,电气设备,2.293053,0.18089456478119892,0.43050999999999995,0.9329313994836071,0.007525596791749814,0.21300660981930197,3.1548,100.0,0.18593335786823925,0.9999999999999999,0.016666666666666666,good,good,good,false,0,false,0,false,0,false,0,0.32645859832959445,0.7064237609254094,0.7845094505291371,ultra_stable,false,false,none,0.04600000000000004,0.0,0.5076699999999998,0.4616699999999998,0.494803690030302,1.0,0.9393429034184525,false,none,0.7416999999999998,0.12190000000000012,37.692039106145245,30.73639716547179,5.320356145251402,false,电气设备,false,1.0,false,rising,false,false,0.0,0.32645859832959445,0.3945002119970089,电气设备,-5.0,-2.0,3.0,0.3,0.5,0.14976499883955485,0.8659412562776833,-0.048224478704912505,false,false,0.18089456478119892,0.9329313994836071,,,,,,,0.07161803713527852,0,0.0,none,0.08730118610004543,false,stable,0.0,"","","",0,0
300076.SZ,GQY视讯,IT设备,-0.12887700000000002,-0.0159654672067736,-0.01619,0.16041744854839987,0.5040231242306255,,-0.2109,45.93033109948307,-0.015809924392757916,-0.19999999999999998,0.8166666666666667,poor,poor,poor,true,5,true,5,true,5,true,5,0.5126624570442687,0.0635803979226302,1.394936300596678,volatile,false,false,none,0.05385,0.0,-0.0865,-0.14035,0.7558950466653431,0.9965973282683234,0.9992516769381167,true,severe,-0.0824,-0.0906,-456.4643799472295,-64.12451361867704,-239.05013192612134,false,IT设备,false,1.0,true,falling,false,false,0.0,0.5126624570442687,0.5434632989687483,IT设备,-5.0,-2.0,3.0,0.3,0.5,-0.08573806293305178,0.9990744492412102,-0.13933780103386878,false,true,-0.0159654672067736,0.16041744854839987,,,,,,,0.9872029250457038,2,-0.7317528624560861,sustained_decline,0.4692747670745331,true,increasing_vol,54.06966890051693,严重恶化-15分; 单年巨幅下滑-15.0分(年跌-239.1%); 加速下滑-0.1分(加速度-0.14); 贝叶斯高置信度恶化-12分(恶化概率98.7%，严重恶化确认); 波动聚集风险-6分(ARCH效应+波动上升); 连续下跌警示-6分(2年下跌，累计-44.8%),"","",0,0
300086.SZ,康芝药业,化学制药,0.08906900000000001,0.051837051289896935,0.05203,0.9460362112929538,0.005409091249174476,,0.157,100.0,0.04978051654811679,0.7999999999999999,0.08333333333333333,has_loss,has_loss,has_loss,true,1,true,5,true,1,true,5,1.1514225048785711,0.08458349720837983,2.6449768581540973,moderate,false,false,none,0.0624,0.0,0.04873,-0.013669999999999995,0.22714915779295836,1.0,0.8920122588098696,false,none,-0.00009999999999998899,0.0919,140.79754601226998,-0.06365372374283194,140.95092024539878,false,化学制药,false,1.0,true,falling,false,false,0.0,1.1514225048785711,1.0,化学制药,-5.0,-2.0,3.0,0.3,0.5,0.04560408762988862,0.749187663253672,-0.005568571890970889,false,false,0.051837051289896935,0.9460362112929538,,,,,,,0.16167664670658682,0,0.0,none,0.2676460031443116,false,stable,0.0,"","","",0,0
300092.SZ,科新机电,专用机械,0.20506200000000002,0.05879241496458764,0.06014,0.282709223169578,0.3564235010584889,,0.373,78.0,0.03851461819265764,0.6,0.23333333333333334,has_loss,has_loss,has_loss,true,1,true,5,true,1,true,5,0.9516410162724889,0.17797590286328088,2.202438241899262,high_volatility,false,false,none,0.2991,0.0,0.0073200000000000045,-0.29178,0.3128659140759923,1.0,0.004259204971298158,false,none,0.3352,-0.2652,23.102310231023104,886.7724867724867,-87.52475247524752,false,专用机械,true,8.015873015873016,true,rising,false,false,0.0,0.9516410162724889,1.0,专用机械,-5.0,-2.0,3.0,0.3,0.5,0.03315299687274245,0.03676856272370848,-0.13556476971808704,false,false,0.05879241496458764,0.282709223169578,,,,,,,0.07161803713527852,0,0.0,none,0.8044269050587334,false,increasing_vol,22.0,单年巨幅下滑-15.0分(年跌-87.5%); 周期顶部预警-5分(警惕景气回落); 趋势不可靠-2分(Bootstrap CI过宽: 0.316),"","",0,0
300095.SZ,华伍股份,专用机械,0.34594900000000006,-0.032949391007705046,-0.04297,0.03481408339475891,0.7638179265413481,-0.109370376318768,0.515,90.0,0.06403316792134543,0.19999999999999998,0.8166666666666667,has_near_zero,has_near_zero,has_near_zero,false,0,true,5,false,0,true,5,0.8581485741585909,0.30793803435106876,2.1441310890647642,high_volatility,false,false,none,-0.7694000000000001,0.0,0.14389000000000002,0.9132900000000002,0.7027406496185754,1.0,0.8986708682675505,false,none,0.2886,0.04119999999999999,178.07775377969762,127.47349823321557,22.246220302375804,false,专用机械,false,1.0,false,rising,false,false,0.0,0.8581485741585909,0.819852192660206,专用机械,-5.0,-2.0,3.0,0.3,0.5,0.15521525441321918,0.8456328421969619,0.4366612130815357,true,false,-0.032949391007705046,0.03481408339475891,,,,,,,0.07161803713527852,0,0.0,none,0.8370009783743936,false,decreasing_vol,10.0,趋势不可靠-2分(Bootstrap CI过宽: 0.496); 峰值明显下跌-8分(从0.8跌至0.5，跌幅-37.1%),"","",0,0
300098.SZ,高新兴,软件服务,0.04134500000000001,-0.007209286733166661,-0.007220000000000001,0.11174745895256263,0.5824388234959041,,0.0342,43.0,0.018244601197412735,0.0,1.0,has_loss,has_loss,has_near_zero,true,1,true,5,false,0,true,5,2.7583836174826635,0.08942679687878796,6.779765576804441,high_volatility,false,false,none,0.2198,0.0,-0.014410000000000001,-0.23421,0.46904955726933845,1.0,0.22207557269338474,true,severe,-0.0685,0.0665,-5.524861878453043,-66.69912366114899,183.70165745856352,false,软件服务,false,2.8604972375690605,true,falling,false,false,0.0,2.7583836174826635,1.0,软件服务,-5.0,-2.0,3.0,0.3,0.5,-0.0009993808893740477,0.0006605567002695778,-0.07666812480843074,false,false,0.029698649387869893,0.2768309198002103,,,,,,,0.9487554904831625,1,0.0,cliff_drop,2.345955353310512,false,decreasing_vol,57.0,严重恶化-15分; 单年巨幅下滑-15.0分(年跌-66.7%); 贝叶斯高置信度恶化-12分(恶化概率94.9%，严重恶化确认); 峰值大幅下跌-15分(从0.1跌至0.0，跌幅-67.2%),"","",0,0
300102.SZ,乾照光电,半导体,0.484426,0.03524938821801019,0.035219999999999994,0.06609304765119414,0.6763106873145657,0.35682072551544786,0.5931,83.0,0.034676681434085685,0.19999999999999998,0.8166666666666667,has_near_zero,has_near_zero,has_near_zero,false,0,true,5,false,0,true,5,0.5077395882403548,0.24059748128357453,1.2775925378803865,volatile,false,false,none,0.6053999999999999,0.0,-0.07899,-0.6843899999999999,0.5605074898554367,0.9999999999999996,0.26018839515706865,false,none,0.29669999999999996,-0.22799999999999998,13.100686498855833,100.10121457489878,-43.47826086956522,false,半导体,false,2.6329284750337383,true,rising,false,false,0.0,0.5077395882403548,0.7572488005967823,半导体,-5.0,-2.0,3.0,0.3,0.5,0.029985259869426184,0.044489104243779845,-0.1344196494578964,false,false,0.03524938821801019,0.06609304765119414,,,,,,,0.07161803713527852,0,0.0,none,0.49395211974591385,false,decreasing_vol,17.0,单年巨幅下滑-15.0分(年跌-43.5%); 趋势不可靠-2分(Bootstrap CI过宽: 0.431),"","",0,0
300110.SZ,华仁药业,化学制药,0.082765,0.0593082147794223,0.06006499999999999,0.6896948391435552,0.0816219047463459,,0.2727,100.0,0.08030089355492834,0.7999999999999999,0.08333333333333333,poor,poor,has_loss,true,2,true,5,true,1,true,5,7.331627814374338,0.31833927970013376,17.551819438046984,high_volatility,false,false,none,-0.4803,0.0,0.23604000000000003,0.71634,0.5483123424919135,1.0,0.69312349617136,false,none,0.01419999999999999,0.0741,47.885032537960946,5.4932301740812335,40.184381778741866,false,化学制药,false,1.0,false,rising,false,false,0.0,7.331627814374338,1.0,化学制药,-5.0,-2.0,3.0,0.3,0.5,0.043028899910014407,0.8660936947204158,-0.05320635614353966,false,false,0.12844718288458257,0.4298474942772,,,,,,,0.07161803713527852,0,0.0,none,5.562755975601086,false,decreasing_vol,0.0,"","","",0,0
300115.SZ,长盈精密,元器件,1.0745390000000001,0.27337905330442175,0.38193000000000005,0.3952592256909537,0.2559302015083312,,1.6661,111.0,0.2407497002841461,0.39999999999999997,0.48333333333333334,has_loss,has_loss,has_loss,true,1,true,3,true,1,true,3,0.9133450580453366,0.8767747219212013,2.302491770490437,high_volatility,false,false,none,-1.2208,0.0,0.71468,1.93548,0.6833812932627361,1.0,0.8338129326273604,true,moderate,-0.18500000000000005,1.0709,113.54780825429376,-9.99405758738048,137.25967700589592,false,元器件,true,inf,true,falling,false,false,0.0,0.9133450580453366,1.0,元器件,-5.0,-2.0,3.0,0.3,0.5,0.28318589589573484,0.6315127791262316,0.3146450838358706,false,false,0.27337905330442175,0.3952592256909537,,,,,,,0.4807121661721069,1,0.0,single_year_drop,0.6621684789633786,true,decreasing_vol,4.0,中度恶化-10分; 周期回落期-3分(景气下行趋势); 波动聚集提示-2分(大波动后可能跟着大波动); 趋势不可靠-2分(Bootstrap CI过宽: 1.081),high_growth,"高速成长(稳健CAGR=24.1%, MK趋势=0.40)",1,0
300120.SZ,经纬辉开,元器件,0.036328,0.010420072613660243,0.009959999999999997,0.00642370400266433,0.8980617397638158,,0.1594,95.0,0.008827407724317593,0.0,1.0,poor,poor,poor,true,3,true,5,true,3,true,5,6.241364857761443,0.20808710435776648,13.923215356928615,high_volatility,false,false,none,0.4624,0.0,-0.05799999999999998,-0.5204,0.3499527394668761,1.0,0.11775137713805904,false,none,0.28369999999999995,-0.03849999999999999,285.78088578088574,228.23813354786805,-44.87179487179486,false,元器件,true,inf,true,rising,false,false,0.0,6.241364857761443,1.0,元器件,-5.0,-2.0,3.0,0.3,0.5,0.12221383177700512,0.634960660053573,0.10396353315266013,false,false,0.010420072613660243,0.00642370400266433,,,,,,,0.07161803713527852,0,0.0,none,6.2234653483700075,false,decreasing_vol,17.0,单年巨幅下滑-15.0分(年跌-44.9%); 趋势不可靠-2分(Bootstrap CI过宽: 0.401); 峰值大幅下跌-15分(从0.3跌至0.2，跌幅-53.1%),cyclical_bottom,"周期底部(mid_up), 近期强势(12.2%)",0,0
300129.SZ,泰胜风能,电气设备,-0.23773700000000003,-0.07935477165275055,-0.08159,0.6730435509178936,0.08887106831640675,,-0.4065,66.0,-0.0876739665877358,-0.6,0.23333333333333334,poor,poor,poor,true,5,true,5,true,5,true,5,0.7360673988162754,0.15697373347155888,1.8184375879208476,volatile,false,false,none,0.08230000000000001,0.0,-0.10705,-0.18935000000000002,0.3083655472804954,1.0,0.6919263890760222,true,severe,-0.18289999999999998,0.09290000000000001,-28.43601895734596,-81.79785330948121,29.3522906793049,false,电气设备,true,inf,true,falling,false,false,0.0,0.7360673988162754,1.0,电气设备,-5.0,-2.0,3.0,0.3,0.5,-0.042311413419254706,0.23568301649091952,0.06299445655367798,false,false,-0.07935477165275055,0.6730435509178936,,,,,,,0.9737039819684448,1,0.0,cliff_drop,0.41936583267847727,false,stable,34.0,严重恶化-15分; 单年巨幅下滑-15.0分(年跌-81.8%); 贝叶斯高置信度恶化-12分(恶化概率97.4%，严重恶化确认),"","",0,0
300131.SZ,英唐智控,元器件,0.22806700000000002,0.025351527795072794,0.026290000000000004,0.12765278093985555,0.5549629880500269,0.30045070923737205,0.3638,87.98646921611555,0.01856982421630572,0.19999999999999998,0.8166666666666667,has_near_zero,has_near_zero,has_near_zero,false,0,true,5,false,0,true,5,0.5246357229896556,0.11551429348786235,1.1440639476791716,volatile,false,false,none,0.0243,0.0,0.094,0.0697,0.18328524088630344,0.05731065326516116,0.5153147107497782,false,none,0.2519,-0.06390000000000001,106.93970420932877,225.1117068811439,-36.3481228668942,false,元器件,false,2.879356568364611,true,rising,false,false,0.0,0.5246357229896556,0.8036227875070059,元器件,-5.0,-2.0,3.0,0.3,0.5,0.09065585043207587,0.5100519908267145,0.06663216515725826,false,false,0.025351527795072794,0.12765278093985555,,,,,,,0.07161803713527852,0,0.0,none,0.4894899022689454,false,stable,12.013530783884445,单年巨幅下滑-15.0分(年跌-36.3%),"","",0,0
300136.SZ,信维通信,元器件,1.410545,-0.026317555079214607,-0.037349999999999973,0.061407603953089494,0.6877437358255267,-0.0804557060409451,1.112,42.0,-0.05996260073146695,-0.39999999999999997,0.48333333333333334,good,good,good,false,0,false,0,false,0,false,0,0.2103278376490528,0.3006047521247792,0.5368662627167265,moderate,false,false,none,-0.16099999999999992,0.0,-0.06064999999999998,0.10034999999999994,0.1414763008627289,0.9899480106389845,0.021621267122879036,true,severe,-0.7672999999999999,0.6459999999999999,-9.835400956782612,-40.82903208641515,52.37979404848778,false,元器件,false,1.5237979404848778,true,falling,false,false,0.0,0.2103278376490528,0.3714353288505593,元器件,-5.0,-2.0,3.0,0.3,0.5,-0.03936150113664155,0.029570181364730653,0.05460542939695018,false,false,-0.026317555079214607,0.061407603953089494,,,,,,,0.9487554904831625,1,0.0,cliff_drop,0.20622911374269123,true,increasing_vol,58.0,严重恶化-15分; 单年巨幅下滑-15.0分(年跌-40.8%); 贝叶斯高置信度恶化-12分(恶化概率94.9%，严重恶化确认); 波动率飙升预警-8.0分(近期波动是早期的4.4倍); 峰值明显下跌-8分(从1.9跌至1.1，跌幅-40.8%),"","",0,0
300141.SZ,和顺电气,电气设备,0.316346,0.05925022453766465,0.06102000000000001,0.35815215582140986,0.28632863020052146,0.5416406709163577,0.3937,85.0,0.06774037640848375,0.39999999999999997,0.48333333333333334,has_near_zero,has_near_zero,has_near_zero,false,0,true,5,false,0,true,5,0.5490453952224058,0.16363748959208582,1.4571869547711718,volatile,false,false,none,0.21714999999999998,0.0,-0.055150000000000005,-0.2723,0.46874481835545745,0.9996968134119668,0.17647397567232034,false,none,0.1512,-0.2615,-21.884920634920636,62.35051546391753,-51.88492063492064,false,电气设备,false,2.0783505154639177,true,rising,false,false,0.0,0.5490453952224058,0.7163497182397804,电气设备,-5.0,-2.0,3.0,0.3,0.5,-0.05030354299311493,0.16741854391865846,-0.2578750332007326,false,false,0.05925022453766465,0.35815215582140986,,,,,,,0.435483870967742,0,0.0,none,0.44346038641155355,false,stable,15.0,单年巨幅下滑-15.0分(年跌-51.9%),"","",0,0
300142.SZ,沃森生物,生物制药,0.5654620000000001,0.1301400610828307,0.14134000000000002,0.6518995253175762,0.09847952307447465,0.7208752787282677,0.6481,52.052292879847535,0.12442602324385708,0.39999999999999997,0.48333333333333334,has_near_zero,has_near_zero,has_near_zero,false,0,true,5,false,0,true,5,0.5303669899626619,0.2774137577698699,1.2878063702060951,moderate,false,true,growth_to_decline,0.3368,0.0,-0.04970000000000002,-0.3865,0.8120498738198992,0.9974146269876435,0.992265697914979,true,severe,-0.05730000000000002,-0.042100000000000026,-13.297658862876261,-8.123050751346755,-5.632107023411375,false,生物制药,false,1.0,true,falling,false,false,0.0,0.5303669899626619,0.5576269253034628,生物制药,-5.0,-2.0,3.0,0.3,0.5,-0.040757700510317574,0.991081984690238,-0.34941424030492796,false,true,0.1301400610828307,0.6518995253175762,,,,,,,0.9507042253521126,2,0.44227563815479704,sustained_decline,0.31423766768247113,true,decreasing_vol,47.947707120152465,"复合恶化-14.0分(触发2项恶化信号); 严重恶化-15分; 增长转衰退-0.8分(斜率变化-0.39); 加速下滑-0.2分(加速度-0.35); 贝叶斯高置信度恶化-12分(恶化概率95.1%，严重恶化确认); 波动聚集提示-2分(大波动后可能跟着大波动); 趋势不确定预警-4分(Bootstrap CI跨零: [-0.041, 0.315])","","",0,0
300143.SZ,盈康生命,医疗保健,0.26049100000000003,0.050252221270931145,0.05177000000000001,0.9971786226265043,0.0000636573603326715,0.2600828845173131,0.3459,100.0,0.04966451513456163,0.9999999999999999,0.016666666666666666,has_near_zero,has_near_zero,has_near_zero,false,0,true,5,false,0,true,5,0.334523505120414,0.08194487781429662,0.8519758327890268,ultra_stable,false,false,none,0.056499999999999995,0.0,0.04785,-0.008649999999999998,0.5016250676093323,0.9996231874376328,0.9993274886556899,false,none,0.04999999999999999,0.04570000000000002,38.24940047961631,16.897600540723214,18.26538768984813,false,医疗保健,false,1.0,false,rising,false,false,0.0,0.334523505120414,0.4009521374296645,医疗保健,-5.0,-2.0,3.0,0.3,0.5,0.04584439164080406,0.9995083304372588,-0.009599267442080214,false,false,0.050252221270931145,0.9971786226265043,,,,,,,0.07161803713527852,0,0.0,none,0.015614860956214808,false,stable,0.0,"","","",0,0
300149.SZ,睿智医药,生物制药,0.4871310000000001,-0.10208335129952902,-0.11523000000000001,0.810147030175408,0.03734075062533671,-0.16249200508596917,0.3378,60.0,-0.10031647681292627,-0.6,0.23333333333333334,has_near_zero,has_near_zero,has_near_zero,false,0,true,5,false,0,true,5,0.38873893710193785,0.20280510348608097,0.8715737013609356,stable,false,false,none,0.07020000000000004,0.0,-0.14801000000000003,-0.21821000000000007,0.39682745400823793,1.0,0.8391566159950926,false,none,0.03570000000000001,-0.22310000000000002,-35.681645087585686,11.817279046673292,-42.47905559786748,false,生物制药,false,2.5051307514068193,true,rising,false,false,0.0,0.38873893710193785,0.6450085832024595,生物制药,-5.0,-2.0,3.0,0.3,0.5,-0.08597615086566646,0.6063874236994724,-0.01696752454442846,false,false,-0.10208335129952902,0.810147030175408,,,,,,,0.6067415730337079,0,0.0,none,0.17074712042154722,false,stable,40.0,单年巨幅下滑-15.0分(年跌-42.5%); 相对加权下滑-10.0分(最新为加权69.3%); 峰值大幅下跌-15分(从0.8跌至0.3，跌幅-55.4%),"","",0,0
300150.SZ,世纪瑞尔,软件服务,0.06226500000000001,-0.019426385210277466,-0.01943,0.21002235115487647,0.4376193844520772,,0.3603,75.89730134932535,0.039980363321656116,0.19999999999999998,0.8166666666666667,poor,poor,poor,true,2,true,5,true,3,true,5,4.332112672217339,0.1892266815224534,10.654761904761905,high_volatility,false,false,none,-0.1615,0.0,0.13026,0.29176,0.44019210703559564,1.0,0.5931726338177951,false,none,0.4537,-0.0936,180050.0,485.7601713062099,-46800.0,false,软件服务,true,inf,true,rising,false,false,0.0,4.332112672217339,1.0,软件服务,-5.0,-2.0,3.0,0.3,0.5,0.17636379149076575,0.5617178204661188,0.20444886233964066,false,false,0.0604757615212297,0.26405157596172985,,,,,,,0.07161803713527852,0,0.0,none,3.70654572040049,false,increasing_vol,24.10269865067466,单年巨幅下滑-15.0分(年跌-46800.0%); 周期顶部预警-5分(警惕景气回落); 波动率飙升预警-4.1分(近期波动是早期的2.1倍),"","",0,0
300151.SZ,昌红科技,专用机械,0.35291300000000003,-0.009010320788963938,-0.010289999999999997,0.020040523354526725,0.8203582687329567,-0.08350046299078884,0.3266,65.0,-0.031243173336489988,-0.39999999999999997,0.48333333333333334,has_near_zero,has_near_zero,has_near_zero,false,0,true,5,false,0,true,5,0.2979050781946997,0.10605420783731308,0.7575842696629213,moderate,false,false,none,-0.26969999999999994,0.0,0.032869999999999996,0.30256999999999995,0.39011954426077705,1.0,0.17593558866999823,true,severe,-0.0363,-0.07150000000000001,-24.8158379373849,-10.0027555800496,-16.459484346224677,false,专用机械,false,2.248447204968944,true,falling,false,false,0.0,0.2979050781946997,0.5381170232182857,专用机械,-5.0,-2.0,3.0,0.3,0.5,-0.05036324130894853,0.9672688832257536,-0.037361981934825116,false,false,-0.009010320788963938,0.020040523354526725,,,,,,,0.9060402684563759,2,-0.3922801365071963,sustained_decline,0.29437860167731145,true,decreasing_vol,35.0,严重恶化-15分; 贝叶斯高置信度恶化-12分(恶化概率90.6%，严重恶化确认); 波动聚集提示-2分(大波动后可能跟着大波动); 连续下跌警示-6分(2年下跌，累计-29.4%),"","",0,0
300153.SZ,科泰电源,电气设备,0.289356,0.06702411984556426,0.06652000000000001,0.19943438149185716,0.4509056608995195,,0.3127,83.0,0.08288799073917236,0.19999999999999998,0.8166666666666667,has_loss,has_loss,has_loss,true,1,true,5,true,1,true,5,0.9128862114089831,0.24593154535358003,2.4168522642910175,high_volatility,false,false,none,0.6511,0.0,-0.05041000000000001,-0.7015100000000001,0.5575513580707112,1.0,0.17249358070711246,true,moderate,-0.0857,0.2186,73.9154616240267,-21.51104417670683,121.57953281423804,false,电气设备,false,2.6473859844271415,true,falling,false,false,0.0,0.9128862114089831,1.0,电气设备,-5.0,-2.0,3.0,0.3,0.5,0.06448544685517978,0.3716856289395309,-0.07361017553597028,false,false,0.06702411984556426,0.19943438149185716,,,,,,,0.6492985971943889,1,0.0,single_year_drop,0.8251900723512797,true,decreasing_vol,17.0,中度恶化-10分; 波动聚集提示-2分(大波动后可能跟着大波动); 趋势不可靠-2分(Bootstrap CI过宽: 0.318); 峰值明显下跌-8分(从0.6跌至0.3，跌幅-43.5%),"","",0,0
300162.SZ,雷曼光电,元器件,0.158639,0.004299678274299773,0.004339999999999999,0.41210847877414586,0.24289225845178722,,0.1495,38.4273607748184,0.06343765096441643,0.7999999999999999,0.08333333333333333,has_loss,has_loss,has_near_zero,true,1,true,5,false,0,true,5,0.906213921735489,0.1282836427608758,2.5480361684091553,high_volatility,false,false,none,0.1484,0.0,0.028579999999999994,-0.11982000000000001,0.2580838005774265,1.0,0.13861552883613484,true,severe,-0.1822,0.1955,9.765051395007347,-54.92915284895991,143.53891336270192,false,元器件,false,1.0,true,falling,false,false,0.0,0.906213921735489,0.8583044707217246,元器件,-5.0,-2.0,3.0,0.3,0.5,0.0065831260189542495,0.003844819839246259,-0.07580603326061625,false,false,0.05626712929933297,0.49738783304352624,,,,,,,0.8810333106730117,1,0.0,cliff_drop,0.6456692150055795,false,increasing_vol,61.5726392251816,严重恶化-15分; 单年巨幅下滑-15.0分(年跌-54.9%); 贝叶斯高置信度恶化-12分(恶化概率88.1%，严重恶化确认); 波动率飙升预警-4.6分(近期波动是早期的2.3倍); 峰值大幅下跌-15分(从0.3跌至0.1，跌幅-54.9%),"","",0,0
300166.SZ,东方国信,软件服务,0.286584,-0.015234970157937828,-0.016205000000000004,0.22141229196595674,0.42379202594195625,-0.04038953280640312,0.3486,98.0,0.0129660633567409,0.0,1.0,has_near_zero,has_near_zero,has_near_zero,false,0,true,5,false,0,true,5,0.40622116584464,0.11577303226572241,1.0859649122807016,volatile,false,false,none,-0.3095,0.0,0.07361000000000001,0.38311,0.5569258393897158,1.0,0.803038393897158,false,none,0.06920000000000004,-0.0049000000000000155,22.61695392191348,24.767358625626358,-1.7235314808301145,false,软件服务,false,1.4923884514435695,true,rising,false,false,0.0,0.40622116584464,0.5239620595348546,软件服务,-5.0,-2.0,3.0,0.3,0.5,0.030648374657549077,0.692609545248086,0.09050760748429032,false,false,0.005761742364973389,0.006611130498865182,,,,,,,0.07161803713527852,0,0.0,none,0.40516363933397365,true,decreasing_vol,2.0,波动聚集提示-2分(大波动后可能跟着大波动),"","",0,0
300170.SZ,汉得信息,软件服务,0.258748,-0.03040244844221203,-0.03304000000000001,0.09373330161890073,0.6163647001974931,-0.09615211522997857,0.3371,90.0,-0.01797590426274919,0.0,1.0,has_near_zero,has_near_zero,has_near_zero,false,0,true,5,false,0,true,5,0.6115547466487955,0.1643002982346654,1.6474354202337527,high_volatility,false,false,none,-0.2213,0.0,0.1373,0.35860000000000003,0.5891445870081458,0.9700938974327956,0.9912834375322079,false,none,0.11500000000000002,0.1596,439.36,51.77847816298965,255.35999999999999,false,软件服务,false,1.0,false,rising,false,false,0.0,0.6115547466487955,0.6225771306523697,软件服务,-5.0,-2.0,3.0,0.3,0.5,0.13428105923716965,0.9898319146164127,0.3459357409313805,true,false,-0.03040244844221203,0.09373330161890073,,,,,,,0.07161803713527852,0,0.0,none,0.5798176997623455,false,decreasing_vol,10.0,趋势不可靠-2分(Bootstrap CI过宽: 0.358); 峰值明显下跌-8分(从0.5跌至0.3，跌幅-33.3%),"","",0,0
300171.SZ,东富龙,医疗保健,0.897831,-0.26449469641969586,-0.3856300000000001,0.281391041373931,0.35776237502627434,,1.1499,101.0,-0.3292578996709299,-0.39999999999999997,0.48333333333333334,has_loss,has_loss,has_loss,true,1,true,2,true,1,true,2,1.0370478580937326,1.0510687451351601,2.569756886889257,high_volatility,false,false,none,-0.6934,0.0,0.3804499999999999,1.07385,0.478789550510607,0.5454824361420707,0.23309810289149707,false,none,1.5756999999999999,-0.8148,195.60411311053983,370.05636449037104,-209.46015424164523,false,医疗保健,true,inf,true,rising,false,false,0.0,1.0370478580937326,1.0,医疗保健,-5.0,-2.0,3.0,0.3,0.5,0.30184886141658746,0.1854985841087816,0.7812611854258998,false,false,-0.26449469641969586,0.281391041373931,,,,,,,0.07161803713527852,0,0.0,none,0.8447156858595017,false,stable,11.0,单年巨幅下滑-15.0分(年跌-209.5%); 趋势不可靠-2分(Bootstrap CI过宽: 1.294); 峰值明显下跌-8分(从2.2跌至1.1，跌幅-47.2%),cyclical_bottom,"周期底部(mid_up), 近期强势(30.2%)",0,0
300193.SZ,佳士科技,专用机械,0.428979,0.01658806120882314,0.018805000000000006,0.09084518228833395,0.6221311379166881,0.009334096147221915,0.4797,97.62515448906137,0.05334790095705991,0.39999999999999997,0.48333333333333334,has_near_zero,has_near_zero,has_near_zero,false,0,true,5,false,0,true,5,0.4246467958993962,0.1757018582713342,1.1414829853054909,volatile,false,false,none,-0.3105,0.0,0.12568000000000001,0.43618,0.5400918285602495,1.0,0.6551332197940581,true,moderate,-0.14429999999999998,0.2728,36.58883826879271,-23.125,77.6765375854214,false,专用机械,false,4.113381674357284,true,falling,false,false,0.0,0.4246467958993962,0.8881683266338216,专用机械,-5.0,-2.0,3.0,0.3,0.5,0.05931383720472008,0.2344793914811613,0.11071165207905115,false,false,0.04698354846437104,0.20620184472499886,,,,,,,0.6492985971943889,1,0.0,single_year_drop,0.3778141354841979,false,stable,2.3748455109386235,中度恶化-10分,"","",0,0
300194.SZ,福安药业,化学制药,0.24288800000000002,0.029129912108626244,0.029759999999999998,0.6033431211698628,0.12229535858499663,0.16911570001110499,0.2552,80.95634118598932,0.02920126022337486,0.39999999999999997,0.48333333333333334,has_near_zero,has_near_zero,has_near_zero,false,0,true,5,false,0,true,5,0.25915412732866344,0.0606316996298141,0.6360061548982732,stable,false,false,none,0.0744,0.0,-0.015100000000000002,-0.0895,0.7338514987306846,0.9984361556485081,0.946793638490179,true,moderate,-0.02130000000000004,-0.008899999999999963,-10.581639803784165,-7.703435804701641,-3.118430273300618,false,化学制药,false,1.0,true,falling,false,false,0.0,0.25915412732866344,0.3406566351962641,化学制药,-5.0,-2.0,3.0,0.3,0.5,-0.014576467311891992,0.9464027488471171,-0.08731762802137166,false,true,0.029129912108626244,0.6033431211698628,,,,,,,0.9649078783500389,1,1.470292785013323,single_year_drop,0.1634334078596922,true,decreasing_vol,19.043658814010683,"中度恶化-10分; 加速下滑-0.0分(加速度-0.09); 贝叶斯恶化预警-8分(恶化概率96.5%); 波动聚集提示-2分(大波动后可能跟着大波动); 趋势不确定预警-4分(Bootstrap CI跨零: [-0.015, 0.074])","","",0,0
300199.SZ,翰宇药业,化学制药,0.08740200000000001,0.00921410903187403,0.00934,0.027450606258996518,0.7900159596440779,,0.1865,82.88321154747271,-0.006226255092784702,0.0,1.0,has_loss,has_loss,has_loss,true,1,true,5,true,1,true,5,1.0453574188193813,0.08843723763211965,2.25177304964539,high_volatility,false,false,none,-0.017550000000000003,0.0,0.08465,0.10220000000000001,0.2646434287775589,0.047414007646729525,0.6573746471447894,false,none,0.1905,-0.0212,984.3023255813954,4762.5,-123.25581395348837,false,化学制药,true,inf,true,rising,false,false,0.0,1.0453574188193813,1.0,化学制药,-5.0,-2.0,3.0,0.3,0.5,0.08411813978611962,0.656808009634823,0.10165665711128431,false,false,0.00921410903187403,0.027450606258996518,,,,,,,0.07161803713527852,0,0.0,none,1.030679721882674,false,stable,17.116788452527285,单年巨幅下滑-15.0分(年跌-123.3%); 周期顶部预警-5分(警惕景气回落),"","",0,0
300204.SZ,舒泰神,生物制药,-0.31003800000000004,0.008393557136300545,0.007740000000000003,0.01126567225508671,0.8651126925303202,,-0.1333,92.95881895881897,-0.04437781940230207,-0.19999999999999998,0.8166666666666667,poor,poor,poor,true,5,true,5,true,5,true,5,0.41939568155932727,0.13100243509187148,1.1032142399795108,volatile,false,false,none,-0.06435,0.0,0.11804999999999999,0.1824,0.41461042477325727,0.9081322229589305,0.4489033666189532,false,none,0.3446,-0.10849999999999999,63.91445587439091,72.10713538397154,-29.371954520844607,false,生物制药,false,1.0,false,rising,false,false,0.0,0.41939568155932727,0.4688498785807952,生物制药,-5.0,-2.0,3.0,0.3,0.5,0.11428399558121449,0.46070233545157285,0.17580498710952286,true,false,0.008393557136300545,0.01126567225508671,,,,,,,0.07161803713527852,0,0.0,none,0.41756164585612415,false,increasing_vol,7.041181041181041,波动率飙升预警-7.0分(近期波动是早期的3.5倍),"","",0,0
300206.SZ,理邦仪器,医疗保健,0.576174,0.011416740225761453,0.014439999999999998,0.017815498578088687,0.8305606863697201,-0.14332489103575508,0.6384,80.31860370880922,-0.0858039234585212,-0.19999999999999998,0.8166666666666667,has_near_zero,has_near_zero,has_near_zero,false,0,true,4,false,0,true,5,0.5743602429812398,0.3523355474544117,1.5091940532081376,volatile,false,false,none,-0.7774000000000001,0.0,0.03749,0.8148900000000001,0.5709836712387467,1.0,0.08005671238746673,false,none,0.37889999999999996,-0.31659999999999994,10.814094775212642,146.0115606936416,-54.9557368512411,false,医疗保健,false,1.72640095894516,true,rising,false,false,0.0,0.5743602429812398,0.6896749889110132,医疗保健,-5.0,-2.0,3.0,0.3,0.5,0.026624761359082816,0.0205745701997045,0.25577736771123366,false,false,-0.0950799228813289,0.2827848269284706,,,,,,,0.07161803713527852,0,0.0,none,0.4768403344365196,false,stable,19.68139629119078,单年巨幅下滑-15.0分(年跌-55.0%); 峰值明显下跌-8分(从1.2跌至0.6，跌幅-46.1%),"","",0,0
300207.SZ,欣旺达,电气设备,1.153685,0.29469161668131677,0.42475000000000007,0.6441803152894935,0.10210112671103139,0.8415374321667255,1.7826,111.0,0.2913890754879676,0.6,0.23333333333333334,has_near_zero,has_near_zero,has_near_zero,false,0,true,3,false,0,true,3,0.801260443972238,0.8223015432309488,1.7422485529982656,volatile,false,false,none,0.07250000000000001,0.0,0.7413,0.6688,0.2091387425896954,0.0292671320812702,0.669706820163904,true,moderate,-0.1604000000000001,1.643,494.20000000000005,-8.25527534740093,547.6666666666666,false,电气设备,true,4.8228333333333335,true,falling,false,false,0.0,0.801260443972238,1.0,电气设备,-5.0,-2.0,3.0,0.3,0.5,0.5231430826933318,0.6958655788858119,0.452499543766231,false,false,0.29469161668131677,0.6441803152894935,,,,,,,0.4807121661721069,1,0.0,single_year_drop,0.4623565894554094,false,stable,4.0,"中度恶化-10分; 周期回落期-3分(景气下行趋势); 趋势不确定预警-4分(Bootstrap CI跨零: [-0.050, 0.609])",high_growth,"高速成长(稳健CAGR=29.1%, MK趋势=0.60)",1,0
300215.SZ,电科院,电气设备,0.555069,-0.05448579545014906,-0.06317,0.26884743048206805,0.3707254940345091,-0.10327410032042417,0.4104,50.0,-0.06171052007595724,-0.19999999999999998,0.8166666666666667,has_near_zero,has_near_zero,has_near_zero,false,0,true,5,false,0,true,5,0.3349331626417556,0.19225833401962059,0.8243615205045118,moderate,false,false,none,0.1923999999999999,0.0,-0.09599999999999999,-0.2883999999999999,0.23976975845838497,1.0,0.3216742923532059,true,severe,-0.23360000000000003,0.2901,15.96496185363097,-36.27329192546584,81.97230856174062,false,电气设备,false,2.0784119807855324,true,falling,false,false,0.0,0.3349331626417556,0.5450681275514755,电气设备,-5.0,-2.0,3.0,0.3,0.5,0.02638685843595492,0.03708080947118154,0.1521123416044637,false,false,-0.05448579545014906,0.26884743048206805,,,,,,,0.7873633049817741,1,0.0,cliff_drop,0.2861880166444839,false,stable,50.0,严重恶化-15分; 单年巨幅下滑-15.0分(年跌-36.3%); 贝叶斯中度恶化预警-5分(恶化概率78.7%); 峰值大幅下跌-15分(从0.8跌至0.4，跌幅-50.4%),"","",0,0
300219.SZ,鸿利智汇,元器件,0.66064,0.06510733629814235,0.07640000000000001,0.8748773281067429,0.01954078203322998,0.1467146526315557,0.7634,100.0,0.06369053304308317,0.7999999999999999,0.08333333333333333,has_near_zero,has_near_zero,has_near_zero,false,0,true,5,false,0,true,5,0.20688730089111873,0.12877493156666792,0.5171582803161751,ultra_stable,false,false,none,0.16569999999999996,0.0,0.06233000000000001,-0.10336999999999995,0.32144077837126295,1.0,0.7645338626452812,false,none,0.03599999999999992,0.15470000000000006,33.29841103544613,4.9491339015672144,27.012397415749966,false,元器件,false,1.0602409638554215,true,rising,false,false,0.0,0.20688730089111873,0.3068753025602845,元器件,-5.0,-2.0,3.0,0.3,0.5,0.07927894074952524,0.8812132084126814,0.020784543608589418,false,false,0.06510733629814235,0.8748773281067429,,,,,,,0.07161803713527852,0,0.0,none,0.07167911776674027,false,stable,0.0,"","","",0,0
300220.SZ,金运激光,专用机械,-0.058067999999999995,0.12655266569454557,0.12824,0.7515180711851419,0.05711204400458,,0.1084,95.0,0.1140196718468412,0.6,0.23333333333333334,poor,poor,poor,true,3,true,5,true,3,true,5,2.4325105155688527,0.23483456517301707,5.641185001035839,high_volatility,false,false,none,-0.14379999999999998,0.0,0.17450000000000002,0.3183,0.43569791369323946,1.0,0.8142409873621745,true,moderate,-0.03190000000000001,0.20690000000000003,262.7627627627627,-22.73699215965788,310.6606606606607,false,专用机械,true,inf,true,falling,false,false,0.0,2.4325105155688527,1.0,专用机械,-5.0,-2.0,3.0,0.3,0.5,0.08736984230651755,0.6178067558359177,-0.008174841188803003,false,false,0.12655266569454557,0.7515180711851419,,,,,,,0.6492985971943889,1,0.0,single_year_drop,1.2270892564384097,false,decreasing_vol,5.0,中度恶化-10分; 周期回落期-3分(景气下行趋势),"","",0,0
300222.SZ,科大智能,电气设备,0.006314999999999994,0.05191574653409037,0.05205,0.584205714631217,0.13237288386858764,,0.1525,96.0,0.0553769309970107,0.6,0.23333333333333334,poor,poor,poor,true,3,true,5,true,3,true,5,11.582414676961962,0.10771645649574628,29.860215053763433,high_volatility,false,false,none,-0.02305,0.0,0.13885,0.1619,0.4534047452791926,0.2156047224773527,0.9946427303145735,false,none,0.1212,0.1565,221.80511182108626,387.220447284345,125.0,false,电气设备,true,inf,true,rising,false,false,0.0,11.582414676961962,1.0,电气设备,-5.0,-2.0,3.0,0.3,0.5,0.13839510270324593,0.9945314210669272,0.1613238298445271,false,false,0.05191574653409037,0.584205714631217,,,,,,,0.07161803713527852,0,0.0,none,7.4727924041271825,false,increasing_vol,4.0,"周期顶部预警-5分(警惕景气回落); 趋势不确定预警-4分(Bootstrap CI跨零: [-0.032, 0.141])","","",0,0
300227.SZ,光韵达,专用机械,0.19969499999999998,-0.02133037364882106,-0.021810000000000003,0.8383854687770073,0.029041030692161456,-0.08237259051017531,0.1735,83.0,-0.01917463968222754,-0.7999999999999999,0.08333333333333333,has_near_zero,has_near_zero,has_near_zero,false,0,true,5,false,0,true,5,0.17894431942311367,0.037685673670507736,0.39268755935422606,ultra_stable,false,false,none,0.011499999999999982,0.0,-0.02657,-0.03806999999999998,0.3137097217701488,1.0,0.8350014282073014,false,none,-0.007000000000000006,-0.017600000000000005,-12.417970721857653,-3.8781163434903085,-8.884401817264012,false,专用机械,false,1.0,true,falling,false,false,0.0,0.17894431942311367,0.27648878887182426,专用机械,-5.0,-2.0,3.0,0.3,0.5,-0.012092770098582018,0.9419441315931718,0.010654655566841602,false,false,-0.02133037364882106,0.8383854687770073,,,,,,,0.32530120481927716,0,-0.563491563837824,none,0.07217157581663083,false,decreasing_vol,17.0,峰值明显下跌-8分(从0.3跌至0.2，跌幅-32.3%); 连续下跌警示-9分(3年下跌，累计-29.1%),"","",0,0
300231.SZ,银信科技,软件服务,0.41584699999999997,0.1782868020226718,0.19589000000000004,0.3030306267847508,0.33631749667462024,,0.8272,98.0,0.1358531384103896,0.6,0.23333333333333334,poor,poor,poor,true,2,true,5,true,2,true,5,1.532604004344652,0.5472622378713884,3.3726335835106975,high_volatility,false,false,none,-0.15225,0.0,0.60215,0.7544,0.31449215999420155,0.08795920472191669,0.7771158270393723,false,none,0.04360000000000008,1.1606999999999998,319.35826040837975,5.5640632976008275,307.79634049323784,false,软件服务,true,inf,true,rising,false,false,0.0,1.532604004344652,1.0,软件服务,-5.0,-2.0,3.0,0.3,0.5,0.5612287428617952,0.772667581763859,0.7093056635285373,false,false,0.1782868020226718,0.3030306267847508,,,,,,,0.07161803713527852,0,0.0,none,1.2635274183046938,false,stable,2.0,周期顶部预警-5分(警惕景气回落); 趋势不可靠-2分(Bootstrap CI过宽: 0.886),"","",0,0
300232.SZ,洲明科技,元器件,0.578198,0.040950201231815336,0.04913500000000001,0.7647027583394777,0.05237080830459653,0.08816967193012615,0.7657,98.0,0.05325577928957083,0.7999999999999999,0.08333333333333333,has_near_zero,has_near_zero,has_near_zero,false,0,true,5,false,0,true,5,0.5686682148893957,0.3087982140492396,1.3850318588633939,volatile,false,false,none,-0.5325,0.0,0.23606000000000002,0.76856,0.6160590057416008,1.0,0.7304975448036722,false,none,0.01870000000000005,0.10429999999999995,19.138011513925623,2.503346720214197,16.228411389450745,false,元器件,false,1.0,false,rising,false,false,0.0,0.5686682148893957,0.5882679052448498,元器件,-5.0,-2.0,3.0,0.3,0.5,0.050283205837351796,0.8584281750126357,0.008766667194943678,false,false,0.10443448495054337,0.33402397207335965,,,,,,,0.07161803713527852,0,0.0,none,0.45476126734204136,true,decreasing_vol,2.0,波动聚集提示-2分(大波动后可能跟着大波动),"","",0,0
300236.SZ,上海新阳,半导体,0.46319600000000005,0.005341932128973765,0.007119999999999982,0.013995460968410544,0.8497247803610659,,0.7171,100.0,0.007213601997825225,0.0,1.0,has_loss,has_loss,has_near_zero,true,1,true,5,false,0,true,5,0.7309450925589508,0.33700954437522984,1.8225393658092222,high_volatility,false,false,none,-0.37050000000000005,0.0,0.42014999999999997,0.7906500000000001,0.6277273571104212,0.7573879398112637,0.938585631292947,false,none,0.23399999999999999,0.6063,682.0616883116882,48.43717656799834,492.12662337662334,false,半导体,false,1.0,false,rising,false,false,0.0,0.7309450925589508,0.718089407380494,半导体,-5.0,-2.0,3.0,0.3,0.5,0.394754804383716,0.9253638898232093,0.7482141419880268,true,false,0.005341932128973765,0.0006986399690128885,,,,,,,0.07161803713527852,0,0.0,none,0.7305371570042337,false,stable,0.0,"","","",0,0
300241.SZ,瑞丰光电,半导体,0.12505100000000002,0.040247472258949694,0.04097,0.2414152913418317,0.4005782552310468,,0.2908,100.0,0.04846033131521053,0.39999999999999997,0.48333333333333334,has_loss,has_loss,has_loss,true,1,true,5,true,1,true,5,1.1613753430137463,0.13095668367823005,3.1145796381695634,high_volatility,false,false,none,-0.05725,0.0,0.17559999999999998,0.23284999999999997,0.47088820826902883,0.24377369357022421,0.9994083891200639,false,none,0.183,0.16820000000000002,581.4569536423841,169.75881261595546,278.476821192053,false,半导体,true,inf,true,rising,false,false,0.0,1.1613753430137463,1.0,半导体,-5.0,-2.0,3.0,0.3,0.5,0.17360665548135307,0.9996469413300905,0.23082514546918065,false,false,0.040247472258949694,0.2414152913418317,,,,,,,0.07161803713527852,0,0.0,none,1.0093345912229033,false,stable,0.0,周期顶部预警-5分(警惕景气回落),"","",0,0
300244.SZ,迪安诊断,医疗保健,2.4367799999999997,-0.012328397075070607,-0.018279999999999987,0.013682293189103334,0.8514077943410006,-0.06182229239031378,1.9319,48.0,-0.0031165076632081457,0.0,1.0,good,good,good,false,0,false,0,false,0,false,0,0.18074793155339847,0.4420949807450884,0.46322038333224314,stable,false,false,none,0.060650000000000086,0.0,-0.34155000000000013,-0.4022000000000002,0.27442137001538763,0.056259234944952774,0.35844194712923744,true,severe,-1.1330000000000002,0.44989999999999997,-26.122370936902495,-36.96694835068029,17.204588910133843,false,医疗保健,false,1.4429170001412364,true,falling,false,false,0.0,0.18074793155339847,0.33698727859488364,医疗保健,-5.0,-2.0,3.0,0.3,0.5,-0.1381778001622025,0.4087621304084031,-0.16029055050097574,false,false,-0.012328397075070607,0.013682293189103334,,,,,,,0.9737039819684448,1,0.0,cliff_drop,0.18036123581927882,false,increasing_vol,52.0,严重恶化-15分; 单年巨幅下滑-15.0分(年跌-37.0%); 贝叶斯高置信度恶化-12分(恶化概率97.4%，严重恶化确认); 趋势不可靠-2分(Bootstrap CI过宽: 0.321); 峰值明显下跌-8分(从3.1跌至1.9，跌幅-37.0%),"","",0,0
300248.SZ,新开普,软件服务,0.35829500000000003,0.021075612369712633,0.024050000000000002,0.05802380724769781,0.6962927309795564,0.08694904110487411,0.5709,100.0,-0.0018110941104084108,0.0,1.0,has_near_zero,has_near_zero,has_near_zero,false,0,true,5,false,0,true,5,0.4230289173231494,0.14851699229381127,1.0894952717329385,volatile,false,false,none,-0.11029999999999997,0.0,0.19124999999999998,0.30154999999999993,0.5438410540687583,0.9647837248866789,0.870526815800904,false,none,0.31899999999999995,0.0635,203.02547770700633,126.63755458515283,33.70488322717622,false,软件服务,false,1.0,false,rising,false,false,0.0,0.4230289173231494,0.4717564671918528,软件服务,-5.0,-2.0,3.0,0.3,0.5,0.17820467408590668,0.8758693216082257,0.2837425147922267,true,false,0.021075612369712633,0.05802380724769781,,,,,,,0.07161803713527852,0,0.0,none,0.40892767673287356,false,increasing_vol,0.0,"","","",0,0
300249.SZ,依米康,IT设备,0.014308000000000001,0.05747731402248292,0.0579,0.8097607623877309,0.037459866033705866,,0.2342,74.6351924680807,0.06570694756372084,0.39999999999999997,0.48333333333333334,poor,poor,has_loss,true,2,true,5,true,1,true,5,27.215867077276485,0.18724516549166229,73.96802325581393,high_volatility,false,false,none,0.06440000000000001,0.0,0.07194999999999999,0.007549999999999973,0.1344095306317641,0.9993702770780857,0.07522391848595514,false,none,0.5089,-0.365,159.35769656699884,185.25664361121224,-404.2081949058693,false,IT设备,true,inf,true,rising,false,false,0.0,27.215867077276485,1.0,IT设备,-5.0,-2.0,3.0,0.3,0.5,0.07096624363840846,0.07473369905493338,0.006632131486287288,false,false,0.024674598926147026,0.04430974271531358,,,,,,,0.07161803713527852,0,0.0,none,26.614363558430902,true,increasing_vol,25.3648075319193,单年巨幅下滑-15.0分(年跌-404.2%); 周期顶部预警-5分(警惕景气回落); 波动率飙升预警-8.0分(近期波动是早期的6.8倍),"","",0,0
300253.SZ,卫宁健康,软件服务,0.13219599999999998,-0.00781881544399976,-0.007880000000000003,0.03788587786526998,0.7537467727189592,0.004622828844306648,0.186,100.0,-0.005047020485015891,0.0,1.0,has_near_zero,has_near_zero,has_near_zero,false,0,true,5,false,0,true,5,0.47568364810150404,0.0640079916885384,1.0344827586206895,volatile,false,false,none,-0.0679,0.0,0.0696,0.1375,0.5025699792358139,0.8108605789721454,0.9398392133859934,false,none,0.1001,0.0391,297.4358974358974,116.53084982537834,83.54700854700855,false,软件服务,false,1.0,false,rising,false,false,0.0,0.47568364810150404,0.5138802518145366,软件服务,-5.0,-2.0,3.0,0.3,0.5,0.06908047582107554,0.9405979514247498,0.13648910858083135,true,false,-0.00781881544399976,0.03788587786526998,,,,,,,0.07161803713527852,0,0.0,none,0.4665848122089898,false,stable,0.0,"","","",0,0
300254.SZ,仟源医药,化学制药,0.23170000000000002,-0.028060130545480302,-0.029279999999999997,0.23513588712208355,0.4077259962530065,,0.2857,77.0,0.03542516437690069,0.0,1.0,has_loss,has_loss,has_near_zero,true,1,true,5,false,0,true,5,0.9082490861266631,0.19719904157982107,2.37978997789241,high_volatility,false,false,none,0.5166999999999999,0.0,-0.05715999999999999,-0.5738599999999999,0.5596337814734668,1.0,0.44861781473466816,false,none,0.1292,-0.1534,-7.808970635688932,82.55591054313099,-49.49983865763149,false,化学制药,false,2.7162939297124598,true,rising,false,false,0.0,0.9082490861266631,1.0,化学制药,-5.0,-2.0,3.0,0.3,0.5,-0.011596499867177118,0.020840121064405397,-0.20990394397506668,false,false,0.048947385118453694,0.16046443100781294,,,,,,,0.2783505154639176,0,0.0,none,0.8364545799014482,false,decreasing_vol,23.0,单年巨幅下滑-15.0分(年跌-49.5%); 峰值明显下跌-8分(从0.4跌至0.3，跌幅-32.8%),"","",0,0
300255.SZ,常山药业,生物制药,-0.001956000000000003,0.01159181591817139,0.0116,0.5552993249822875,0.14836608432825465,,0.0612,96.0,0.031161352937893537,0.9999999999999999,0.016666666666666666,has_loss,has_loss,has_near_zero,true,1,true,5,false,0,true,5,5.562240169648625,0.10245646392492766,13.984799131378937,high_volatility,false,false,none,0.1995,0.0,0.020770000000000004,-0.17873,0.6642705021412842,1.0,0.9012860355819546,false,none,0.024499999999999994,0.033400000000000006,1754.5454545454547,66.75749318801087,1012.1212121212122,false,生物制药,false,1.0,false,rising,false,false,0.0,5.562240169648625,1.0,生物制药,-5.0,-2.0,3.0,0.3,0.5,0.028930933374137553,0.9921375326101265,-0.07029846586052402,false,true,0.054623310191252064,0.7182424385419902,,,,,,,0.07161803713527852,0,0.0,none,2.9575155100918327,false,decreasing_vol,4.0,"趋势不确定预警-4分(Bootstrap CI跨零: [-0.010, 0.030])","","",0,0
300264.SZ,佳创视讯,软件服务,-0.07403100000000001,-0.00020951541019699761,-0.0002099999999999991,0.02160338100275156,0.8135341397042339,,-0.1026,58.0,-0.013233324298971547,-0.7999999999999999,0.08333333333333333,poor,poor,poor,true,5,true,5,true,5,true,5,0.32324502617756135,0.022672406136094156,0.909609352723125,stable,false,false,none,-0.028200000000000003,0.0,-0.010269999999999998,0.017930000000000005,0.2647207832890711,1.0,0.6366003446371499,true,severe,-0.0335,0.004100000000000006,-40.1639344262295,-48.48046309696093,5.6010928961748725,false,软件服务,false,inf,true,falling,false,false,0.0,0.32324502617756135,1.0,软件服务,-5.0,-2.0,3.0,0.3,0.5,-0.014643026604751967,0.6470280341954886,0.0025292309865156785,false,false,-0.012935629088604845,0.8181716052777174,,,,,,,0.9866768176627332,1,0.0,cliff_drop,0.13785005595767486,false,stable,42.0,严重恶化-15分; 单年巨幅下滑-15.0分(年跌-48.5%); 贝叶斯高置信度恶化-12分(恶化概率98.7%，严重恶化确认),"","",0,0
300265.SZ,通光线缆,电气设备,0.183558,0.030542914292069352,0.03141499999999999,0.8201527946194578,0.03430744420204162,,0.3132,100.0,0.03828610575376776,0.7999999999999999,0.08333333333333333,has_loss,has_loss,has_near_zero,true,1,true,5,false,0,true,5,1.1780604525385958,0.19049237517549095,2.955473098330241,high_volatility,false,false,none,-0.32520000000000004,0.0,0.14512,0.47032000000000007,0.5501918077057003,1.0,0.725462126202862,false,none,0.05469999999999997,0.017500000000000016,29.958506224066383,21.16054158607349,7.261410788381749,false,电气设备,false,1.0,false,rising,false,false,0.0,1.1780604525385958,1.0,电气设备,-5.0,-2.0,3.0,0.3,0.5,0.03478355538306502,0.9196733512170149,-0.004670067160936986,false,false,0.07166173957127904,0.36088457576387223,,,,,,,0.07161803713527852,0,0.0,none,0.9382183512001815,false,decreasing_vol,0.0,"","","",0,0
300267.SZ,尔康制药,化学制药,0.084565,-0.002033396510739366,-0.00204,0.38071897378361746,0.2675566329779377,-0.017181399523394036,0.0808,77.0,0.003664728083958709,0.0,1.0,has_near_zero,has_near_zero,has_near_zero,false,0,true,5,false,0,true,5,0.3950205487882892,0.03322122815309512,1.0856123662306778,volatile,false,false,none,0.024799999999999996,0.0,-0.027699999999999995,-0.05249999999999999,0.166397813669327,0.2944010007387469,0.6334050609225893,false,none,0.008800000000000002,-0.0642,-40.67547723935389,12.222222222222227,-47.136563876651984,false,化学制药,false,2.330196749358426,true,rising,false,false,0.0,0.3950205487882892,0.6267093389450882,化学制药,-5.0,-2.0,3.0,0.3,0.5,-0.027535021788334904,0.633061916161174,-0.052180152701230643,false,false,0.0015493445975561203,0.005488153517602737,,,,,,,0.6067415730337079,0,0.0,none,0.3939441980444694,false,decreasing_vol,23.0,单年巨幅下滑-15.0分(年跌-47.1%); 峰值明显下跌-8分(从0.1跌至0.1，跌幅-40.7%),"","",0,0
300269.SZ,联建光电,元器件,0.15552,0.021164905303915134,0.021555,0.8436928796525945,0.027572113955726053,0.14845039720201192,0.2425,72.0,0.01875555802103203,0.39999999999999997,0.48333333333333334,has_near_zero,has_near_zero,has_near_zero,false,0,true,5,false,0,true,5,0.5982576589526203,0.09261028560586561,1.547157622739018,high_volatility,false,false,none,0.03225,0.0,0.019299999999999998,-0.012950000000000003,0.12558243160954913,0.9444267038764567,0.02252713458646025,false,none,0.2395,-0.2009,18.93084845512506,7983.333333333333,-98.52869053457577,false,元器件,true,67.96666666666667,true,rising,false,false,0.0,0.5982576589526203,1.0,元器件,-5.0,-2.0,3.0,0.3,0.5,0.018835546590966742,0.02183678389044069,-0.01294470752900119,false,false,0.0021305880861227588,0.0013462934948529812,,,,,,,0.07161803713527852,0,0.0,none,0.5977552183547334,true,increasing_vol,28.0,单年巨幅下滑-15.0分(年跌-98.5%); 周期顶部预警-5分(警惕景气回落); 波动率飙升预警-8.0分(近期波动是早期的6.8倍),"","",0,0
300270.SZ,中威电子,IT设备,0.06318400000000002,0.04005440283858022,0.04070500000000001,0.40778197735019656,0.24619673130461892,,0.279,76.6415913892348,0.008278505168272714,0.0,1.0,has_loss,has_loss,has_near_zero,true,1,true,5,false,0,true,5,2.911319187873129,0.17497028319117505,7.9101497504159735,high_volatility,false,false,none,-0.1261,0.0,0.05466000000000001,0.18076,0.23007748650284465,0.9999999999999996,0.12806945214234552,false,none,0.47540000000000004,-0.2838,219.22196796338676,242.05702647657844,-324.7139588100686,false,IT设备,true,inf,true,rising,false,false,0.0,2.911319187873129,1.0,IT设备,-5.0,-2.0,3.0,0.3,0.5,0.09410624648039119,0.15780351771081091,0.11443698841615797,false,false,0.009774321549436665,0.007944974792474255,,,,,,,0.07161803713527852,0,0.0,none,2.898730006678407,true,increasing_vol,23.358408610765192,单年巨幅下滑-15.0分(年跌-324.7%); 周期顶部预警-5分(警惕景气回落); 波动率飙升预警-7.2分(近期波动是早期的3.6倍),"","",0,0
300274.SZ,阳光电源,电气设备,2.8669080000000005,0.5136831397754584,1.3207600000000004,0.3459231091102455,0.29689130168566785,,5.8211,108.0,0.5554377878368395,0.6,0.23333333333333334,has_loss,has_loss,has_loss,true,1,true,1,true,1,true,1,1.14189602001636,2.82125965873402,2.802629235676008,high_volatility,false,false,none,-3.2228,0.0,2.46593,5.68873,0.6959606847753673,1.0,0.9596068477536734,false,none,1.12,3.8861000000000003,614.2453987730062,23.824211354789306,476.8220858895706,false,电气设备,false,1.0,false,rising,false,false,0.0,1.14189602001636,1.0,电气设备,-5.0,-2.0,3.0,0.3,0.5,0.8587977301900507,0.840106729909758,1.2345459654325452,false,false,0.5136831397754584,0.3459231091102455,,,,,,,0.07161803713527852,0,0.0,none,0.767791972315973,false,stable,2.0,趋势不可靠-2分(Bootstrap CI过宽: 2.288),turnaround,扭亏为盈(曾亏损1年 -> 最新5.8),0,1
300277.SZ,海联讯,软件服务,0.059836,0.02302844409228573,0.02312,0.23786043699317103,0.4046094888791502,,0.1345,100.0,0.02371176611760974,0.39999999999999997,0.48333333333333334,has_loss,has_loss,has_loss,true,1,true,5,true,1,true,5,1.414212930668896,0.0748118640323846,3.5935727788279768,high_volatility,false,false,none,-0.05879999999999999,0.0,0.09505000000000001,0.15385,0.51485825133257,0.9773617512063525,0.8635207621193475,false,none,0.029600000000000015,0.16049999999999998,341.90647482014384,28.217349857006692,288.6690647482014,false,软件服务,false,1.0,false,rising,false,false,0.0,1.414212930668896,1.0,软件服务,-5.0,-2.0,3.0,0.3,0.5,0.09483456808077718,0.8630017195249174,0.1536004382780848,true,false,0.02302844409228573,0.23786043699317103,,,,,,,0.07161803713527852,0,0.0,none,1.2338817548774073,false,increasing_vol,0.0,"","","",0,0
300279.SZ,和晶科技,元器件,0.14172600000000002,0.016023627899072284,0.01608,0.18975414875477897,0.46344419057060293,,0.5584,100.0,0.18193052553267403,0.9999999999999999,0.016666666666666666,poor,poor,has_loss,true,2,true,5,true,1,true,5,3.8044465917808363,0.3191169801185766,10.53528850739151,high_volatility,false,false,none,0.1856,0.0,0.25625,0.07064999999999999,0.3170967296178816,0.8603786139191535,0.8955835365032276,false,none,0.4078,0.10470000000000002,1116.557734204793,270.78353253652057,228.10457516339872,false,元器件,false,1.0,false,rising,false,false,0.0,3.8044465917808363,1.0,元器件,-5.0,-2.0,3.0,0.3,0.5,0.2434718450936186,0.9015953944474059,0.06061993119224715,true,false,0.18655313149706831,0.9179855362075456,,,,,,,0.07161803713527852,0,0.0,none,1.1238631994213908,false,stable,0.0,"","","",0,0
300281.SZ,金明精机,专用机械,0.09570100000000001,-0.011444370469887633,-0.011530000000000002,0.08352342645799149,0.6372169727044275,0.007009293077816503,0.1234,104.0,-0.008673935184124999,0.0,1.0,has_near_zero,has_near_zero,has_near_zero,false,0,true,5,false,0,true,5,0.6348871001550099,0.06295540485137079,1.626663977410246,high_volatility,false,false,none,-0.05135,0.0,0.05305,0.10439999999999999,0.37636294613068205,0.39553385664720114,0.9777847714983561,false,none,0.06689999999999999,0.0392,613.2947976878613,118.40707964601766,226.58959537572255,false,专用机械,true,10.323699421965319,true,rising,false,false,0.0,0.6348871001550099,1.0,专用机械,-5.0,-2.0,3.0,0.3,0.5,0.05289490473493967,0.9780528292293957,0.10410226135264392,true,false,-0.011444370469887633,0.08352342645799149,,,,,,,0.07161803713527852,0,0.0,none,0.6076849005039051,false,decreasing_vol,8.0,峰值明显下跌-8分(从0.2跌至0.1，跌幅-30.9%),cyclical_bottom,周期底部(mid_up),0,0
300293.SZ,蓝英装备,专用机械,0.04032599999999999,0.035840287838121675,0.03642000000000001,0.07554491622024602,0.6545021214249342,,0.2802,98.0,0.08369715078694795,0.39999999999999997,0.48333333333333334,poor,poor,poor,true,2,true,5,true,2,true,5,7.0736234090261325,0.2079645282253683,16.3843537414966,high_volatility,false,false,none,-0.4017,0.0,0.15824,0.55994,0.6036882899996909,1.0,0.917002899996909,false,none,0.2775,0.1373,308.17236255572067,10277.77777777778,102.00594353640417,false,专用机械,false,1.0,false,rising,false,false,0.0,7.0736234090261325,1.0,专用机械,-5.0,-2.0,3.0,0.3,0.5,0.205427064538796,0.9642308458199996,0.3719686008494345,true,false,0.035840287838121675,0.07554491622024602,,,,,,,0.07161803713527852,0,0.0,none,6.797038783251058,false,stable,2.0,趋势不可靠-2分(Bootstrap CI过宽: 0.405),"","",0,0
300296.SZ,利亚德,元器件,0.282932,-0.018896781049926318,-0.020360000000000003,0.09065119298248143,0.6225220517916864,-0.13069510260587092,0.2495,87.0,-0.006477822550751215,0.0,1.0,has_near_zero,has_near_zero,has_near_zero,false,0,true,5,false,0,true,5,0.36011020168343544,0.10408625269458019,0.8808469415997787,moderate,false,false,none,-0.25460000000000005,0.0,0.03321,0.28781000000000007,0.4920114596071514,1.0,0.3444945960715143,true,moderate,-0.10399999999999998,0.13049999999999998,11.883408071748876,-29.420084865629413,58.5201793721973,false,元器件,false,1.9391113549094898,true,falling,false,false,0.0,0.36011020168343544,0.546636342001347,元器件,-5.0,-2.0,3.0,0.3,0.5,0.012894723393364933,0.037959724358824595,0.11433594500120615,false,false,-0.018896781049926318,0.09065119298248143,,,,,,,0.6492985971943889,1,0.0,single_year_drop,0.34245415176589794,false,stable,13.0,中度恶化-10分; 峰值明显下跌-8分(从0.4跌至0.2，跌幅-42.9%),"","",0,0
300298.SZ,三诺生物,医疗保健,1.04627,0.0627926052641277,0.0905,0.505663619232062,0.1781048859644216,0.05806349497100838,1.1188,87.49227285263872,0.05188736507720769,0.19999999999999998,0.8166666666666667,has_near_zero,has_near_zero,has_near_zero,false,0,true,3,false,0,true,3,0.2029886749317628,0.2031957233801932,0.46152924017502145,stable,false,false,none,-0.025950000000000025,0.0,0.139,0.16495000000000004,0.23766144683757584,0.8780571287003914,0.35715253986641377,true,moderate,-0.18399999999999994,0.46199999999999997,33.06374881065652,-14.123426466073068,54.947668886774494,false,医疗保健,false,1.549476688867745,true,falling,false,false,0.0,0.2029886749317628,0.36898783179444294,医疗保健,-5.0,-2.0,3.0,0.3,0.5,0.09936128108151869,0.38702829137190603,0.11897096435483771,true,false,0.0627926052641277,0.505663619232062,,,,,,,0.4807121661721069,1,0.0,single_year_drop,0.1441196849977026,false,increasing_vol,12.507727147361276,"中度恶化-10分; 波动率飙升预警-8.0分(近期波动是早期的12.4倍); 趋势不确定预警-4分(Bootstrap CI跨零: [-0.021, 0.175])","","",0,0
300303.SZ,聚飞光电,半导体,0.256899,0.005464037995542601,0.005584999999999999,0.09667830973260783,0.6105847558695374,0.04299144566477042,0.2278,90.0,-0.007790758737518185,0.0,1.0,has_near_zero,has_near_zero,has_near_zero,false,0,true,5,false,0,true,5,0.3667782081671292,0.09594917925652098,0.8910550458715597,volatile,false,false,none,0.23309999999999997,0.0,-0.06588999999999999,-0.29899,0.5301477913362895,1.0,0.7034979133628955,false,none,0.0295,-0.06549999999999997,-13.646702047005299,14.876449823499746,-24.829416224412427,false,半导体,false,2.1462430660615226,true,rising,false,false,0.0,0.3667782081671292,0.5795883086752398,半导体,-5.0,-2.0,3.0,0.3,0.5,-0.01747896443821295,0.299224261156921,-0.05222989197555572,false,false,-0.014758742994188362,0.06512853820391268,,,,,,,0.2783505154639176,0,0.0,none,0.35433888553886755,true,decreasing_vol,10.0,波动聚集提示-2分(大波动后可能跟着大波动); 峰值明显下跌-8分(从0.4跌至0.2，跌幅-46.5%),"","",0,0
300314.SZ,戴维医疗,医疗保健,0.36752000000000007,-0.0006661198847716072,-0.0013999999999999985,0.00008191268034119741,0.9884766233316102,-0.09140844234337675,0.3259,48.0,-0.01580562318525944,-0.19999999999999998,0.8166666666666667,has_near_zero,has_near_zero,has_near_zero,false,0,true,5,false,0,true,5,0.3338939847596549,0.12285295275246745,0.8137196282002499,moderate,false,false,none,-0.2994,0.0,0.05233000000000001,0.35173,0.4398289995961375,1.0,0.30309248135700423,true,severe,-0.14349999999999996,0.08199999999999996,-15.875064532782652,-30.570941627609706,21.16675271037686,false,医疗保健,false,2.6252796420581657,true,falling,false,false,0.0,0.3338939847596549,0.6171524734154794,医疗保健,-5.0,-2.0,3.0,0.3,0.5,-0.028960403946686943,0.1877710357119976,0.012698372054951477,false,false,-0.0006661198847716072,0.00008191268034119741,,,,,,,0.9737039819684448,1,0.0,cliff_drop,0.33383977983629765,true,decreasing_vol,52.0,严重恶化-15分; 单年巨幅下滑-15.0分(年跌-30.6%); 贝叶斯高置信度恶化-12分(恶化概率97.4%，严重恶化确认); 波动聚集提示-2分(大波动后可能跟着大波动); 峰值明显下跌-8分(从0.5跌至0.3，跌幅-31.8%),"","",0,0
300316.SZ,晶盛机电,专用机械,1.428614,0.07407754881512996,0.10508000000000002,0.4323320054546673,0.22783002332392738,0.16220798373195033,1.3543,55.96167914513054,0.10980464395250111,0.6,0.23333333333333334,good,good,good,false,0,true,1,false,0,true,1,0.4503876436682561,0.6132748388773177,1.186492957125861,volatile,false,false,none,0.6078000000000001,0.0,0.13667999999999997,-0.47112000000000015,0.24051352929325026,1.0,0.09113639406015478,true,severe,-1.0035999999999998,1.3541999999999998,34.93075620205241,-42.56329784978158,134.92079306565705,false,专用机械,false,1.8471654876955266,true,falling,false,false,0.0,0.4503876436682561,0.6065988466273418,专用机械,-5.0,-2.0,3.0,0.3,0.5,0.11357091366370918,0.09836238028954898,0.01506507884483231,false,false,0.13327985131715173,0.3879164172465569,,,,,,,0.7873633049817741,1,0.0,cliff_drop,0.3683593920733048,false,increasing_vol,44.03832085486946,严重恶化-15分; 单年巨幅下滑-15.0分(年跌-42.6%); 贝叶斯中度恶化预警-5分(恶化概率78.7%); 波动率飙升预警-4.9分(近期波动是早期的2.5倍); 峰值明显下跌-8分(从2.4跌至1.4，跌幅-42.6%),"","",0,0
300319.SZ,麦捷科技,元器件,0.597245,-0.02386288053640663,-0.02755000000000002,0.1104473834564701,0.5847799549147467,-0.020709850379626915,0.5005,76.88117796323367,-0.010285079263281028,-0.39999999999999997,0.48333333333333334,has_near_zero,has_near_zero,has_near_zero,false,0,true,5,false,0,true,5,0.22145730741232553,0.13531484397507912,0.5027658669110668,moderate,false,false,none,0.13174999999999998,0.0,-0.15360000000000001,-0.28535,0.5330080959471418,0.9927877113174228,0.7665932481539953,false,none,-0.006800000000000028,-0.3004,-38.03392348644299,-1.3404297260004,-37.19202674260245,false,元器件,false,1.0,true,falling,false,false,0.0,0.22145730741232553,0.31049917926319376,元器件,-5.0,-2.0,3.0,0.3,0.5,-0.12850533305866357,0.7677107286997563,-0.23764407353266082,false,true,-0.02386288053640663,0.1104473834564701,,,,,,,0.6585365853658537,0,-0.963959218052912,none,0.20966854270797192,false,stable,23.118822036766332,单年巨幅下滑-15.0分(年跌-37.2%); 加速下滑-0.1分(加速度-0.24); 峰值明显下跌-8分(从0.8跌至0.5，跌幅-38.0%),"","",0,0
300327.SZ,中颖电子,半导体,0.231708,-0.0489602019042629,-0.056640000000000024,0.047122746227926914,0.7257943667722946,,0.5375,75.30118839968128,-0.048842221326145026,-0.39999999999999997,0.48333333333333334,has_loss,has_loss,has_loss,true,1,true,5,true,1,true,5,1.535574513488172,0.38189738150450836,3.453156413349417,high_volatility,false,false,none,-0.7614000000000001,0.0,0.14836999999999997,0.9097700000000001,0.6276105537676675,1.0,0.4565655376766753,false,none,0.6243,-0.097,5169.607843137254,719.2396313364055,-950.9803921568628,false,半导体,false,1.0,false,rising,false,false,0.0,1.535574513488172,1.0,半导体,-5.0,-2.0,3.0,0.3,0.5,0.25214954405827983,0.6102301329977721,0.6023767993625759,true,false,-0.0489602019042629,0.047122746227926914,,,,,,,0.07161803713527852,0,0.0,none,1.4927559931034744,false,stable,24.698811600318713,单年巨幅下滑-15.0分(年跌-951.0%); 趋势不可靠-2分(Bootstrap CI过宽: 0.652); 峰值明显下跌-8分(从0.8跌至0.5，跌幅-30.4%),"","",0,0
300328.SZ,宜安科技,小金属,0.256179,0.011656174334772102,0.012249999999999995,0.20463844500619643,0.44432135869316175,,0.3459,94.98226214722189,0.03221318775494639,0.6,0.23333333333333334,has_loss,has_loss,has_near_zero,true,1,true,5,false,0,true,5,0.6189180215043187,0.1500628634939371,1.489317825620721,volatile,false,false,none,-0.3115,0.0,0.11838,0.42988,0.5670257221464576,1.0,0.8104972214645766,false,none,0.0030000000000000027,0.10049999999999998,42.698019801980195,0.8748906386701669,41.46039603960395,false,小金属,true,1.0,false,rising,true,false,0.0,0.6189180215043187,1.0,小金属,-5.0,-2.0,1.6,0.3,0.24,0.049631213682023986,0.7714137636298282,0.07565143868859728,false,false,0.044615614635654034,0.22874964474989742,,,,,,,0.07161803713527852,0,0.0,none,0.5423344608571657,true,decreasing_vol,5.017737852778105,周期顶部预警-5分(警惕景气回落); 波动聚集提示-2分(大波动后可能跟着大波动),"","",0,0
300331.SZ,苏大维格,元器件,0.388371,0.09315798165478406,0.10577000000000002,0.16072229931976584,0.503579385110079,,0.788,72.0,0.06512731941194615,0.19999999999999998,0.8166666666666667,has_loss,has_loss,has_loss,true,1,true,5,true,1,true,5,1.1249866678550011,0.4012152452238076,2.3309219380888293,high_volatility,false,false,none,-0.1745,0.0,0.14147000000000004,0.31597000000000003,0.1913289811307654,1.0,0.16157181643641677,false,none,0.8313,-0.8233,1.0256410256410264,1919.86143187067,-105.55128205128206,false,元器件,true,inf,true,rising,false,false,0.0,1.1249866678550011,1.0,元器件,-5.0,-2.0,3.0,0.3,0.5,0.003147893913121591,0.000051006410529236656,-0.24791770199529822,false,false,0.09315798165478406,0.16072229931976584,,,,,,,0.13366336633663367,0,0.0,none,1.0225973247076903,true,increasing_vol,28.0,单年巨幅下滑-15.0分(年跌-105.6%); 周期顶部预警-5分(警惕景气回落); 波动聚集风险-6分(ARCH效应+波动上升); 趋势不可靠-2分(Bootstrap CI过宽: 0.657),"","",0,0
300341.SZ,麦克奥迪,电气设备,0.47468499999999997,-0.0052440233266476625,-0.00573999999999999,0.422565973434135,0.23502571434832728,0.06571140415171617,0.4307,82.44796380090497,0.04206533748432763,0.39999999999999997,0.48333333333333334,has_near_zero,has_near_zero,has_near_zero,false,0,true,5,false,0,true,5,0.20783273826065882,0.09518739412338172,0.5799126637554588,stable,false,false,none,0.1255,0.0,0.004690000000000016,-0.12080999999999999,0.28861670905623177,1.0,0.006472659420809125,true,moderate,-0.1688,0.133,-7.674169346195068,-28.156797331109257,28.510182207931408,false,电气设备,false,1.0,true,falling,false,false,0.0,0.20783273826065882,0.2995995239418604,电气设备,-5.0,-2.0,3.0,0.3,0.5,-0.01633157913598507,0.04285818426595456,-0.07786255549375026,false,false,0.030458709106775107,0.3132007356793421,,,,,,,0.9025069637883009,1,0.0,single_year_drop,0.17298237668320496,false,increasing_vol,17.55203619909502,中度恶化-10分; 贝叶斯恶化预警-8分(恶化概率90.3%); 波动率飙升预警-4.6分(近期波动是早期的2.3倍),"","",0,0
300346.SZ,南大光电,半导体,0.7406200000000001,0.15449056635950656,0.19039999999999999,0.7820300413192404,0.04639941120881739,0.36540700901157797,1.0893,100.0,0.1482341151361966,0.7999999999999999,0.08333333333333333,has_near_zero,has_near_zero,has_near_zero,false,0,true,4,false,0,true,4,0.4949834471880614,0.33832118615304,1.1351865398683245,moderate,false,false,none,0.054099999999999974,0.0,0.33385,0.27975,0.2667682524346334,0.12062781642884121,0.8763053246782074,false,none,0.11659999999999993,0.5511,158.37286527514232,11.987251979027441,130.71631878557878,false,半导体,false,1.4717741935483872,true,rising,false,false,0.0,0.4949834471880614,0.5922233168902342,半导体,-5.0,-2.0,3.0,0.3,0.5,0.266557583516829,0.8611820471067595,0.21579209935023166,false,false,0.15449056635950656,0.7820300413192404,,,,,,,0.07161803713527852,0,0.0,none,0.225855681458657,false,stable,0.0,"","","",0,0
300347.SZ,泰格医药,医疗保健,1.380625,-0.0018108787542609806,-0.006590000000000007,0.0005800919075881043,0.9693368669114238,0.025987483672539113,1.2683,99.89703287456753,-0.035609588131222725,-0.19999999999999998,0.8166666666666667,good,good,good,false,0,false,0,false,0,false,0,0.1472243501597119,0.20374672267302849,0.35218798774495624,stable,false,false,none,0.48739999999999983,0.0,-0.13283999999999999,-0.6202399999999998,0.6266235735365652,1.0,0.9340873165976997,false,none,-0.0504,-0.23730000000000007,-18.48971722365039,-3.8219458557670434,-15.250642673521856,false,医疗保健,false,1.0,true,falling,false,false,0.0,0.1472243501597119,0.2511128134611028,医疗保健,-5.0,-2.0,3.0,0.3,0.5,-0.08322810875161835,0.8832873954965029,-0.2059342508649475,false,true,-0.0018108787542609806,0.0005800919075881043,,,,,,,0.49090909090909096,0,-0.7493911609113562,none,0.1470317026224243,false,decreasing_vol,0.10296712543247374,加速下滑-0.1分(加速度-0.21),"","",0,0
300348.SZ,长亮科技,软件服务,0.084266,0.00031130703749172596,0.00022000000000000077,0.00008240783088486993,0.9884418481710628,,0.148,100.0,-0.004119334346674209,0.0,1.0,has_loss,has_loss,has_near_zero,true,1,true,5,false,0,true,5,1.4638052687372658,0.1232524036276778,3.6769596199524934,high_volatility,false,false,none,-0.1548,0.0,0.13085,0.28564999999999996,0.5331224589837781,0.9996094119891467,0.7603151778486342,false,none,0.003599999999999992,0.2581,230.1671064204046,2.4930747922437617,227.00087950747582,false,软件服务,false,1.0,false,rising,false,false,0.0,1.4638052687372658,1.0,软件服务,-5.0,-2.0,3.0,0.3,0.5,0.13046069654763542,0.7602371557571962,0.2845229909392225,true,false,0.00031130703749172596,0.000016080339261698363,,,,,,,0.07161803713527852,0,0.0,none,1.4637994390031137,false,stable,0.0,"","","",0,0
300357.SZ,我武生物,生物制药,0.62265,0.005459138298097799,0.00646,0.007727822123751427,0.8882163446071663,0.005974041838652244,0.5012,49.91705370466097,0.009682586361563737,0.19999999999999998,0.8166666666666667,has_near_zero,has_near_zero,has_near_zero,false,0,true,5,false,0,true,5,0.18505909162842757,0.11462930253648063,0.38794356010461395,stable,false,false,none,0.19929999999999998,0.0,-0.052090000000000004,-0.25139,0.49344599434389846,1.0,0.43167994343898497,true,severe,-0.22850000000000004,0.04159999999999997,-27.161749745676506,-31.314238728244487,6.045632902194444,false,生物制药,false,1.0306641476529574,true,falling,false,false,0.0,0.18505909162842757,0.2854691596564697,生物制药,-5.0,-2.0,3.0,0.3,0.5,-0.08030278908324345,0.5971519250903378,-0.16589259067806125,false,true,0.005459138298097799,0.007727822123751427,,,,,,,0.9737039819684448,1,0.0,cliff_drop,0.1843229543445231,false,stable,50.08294629533903,严重恶化-15分; 单年巨幅下滑-15.0分(年跌-31.3%); 加速下滑-0.1分(加速度-0.17); 贝叶斯高置信度恶化-12分(恶化概率97.4%，严重恶化确认); 峰值明显下跌-8分(从0.7跌至0.5，跌幅-31.3%),"","",0,0
300369.SZ,绿盟科技,软件服务,0.09542899999999999,0.014866790906276198,0.015000000000000003,0.4146239376056759,0.24098454103411268,,0.17,74.00293352117461,-0.1317932053709966,-0.39999999999999997,0.48333333333333334,has_loss,has_loss,has_near_zero,true,1,true,5,false,0,true,5,2.2446301505467092,0.29000621545063476,6.283281733746131,high_volatility,false,false,none,-0.4639,0.0,-0.010289999999999997,0.45360999999999996,0.4406624693444136,1.0,0.005012891195901553,false,none,0.42290000000000005,-0.3279,126.66666666666669,167.22024515618824,-437.2000000000001,false,软件服务,false,1.0,false,rising,false,false,0.0,2.2446301505467092,1.0,软件服务,-5.0,-2.0,3.0,0.3,0.5,0.04713088552515908,0.04586321471669097,0.27629799925459114,false,false,-0.10732815060968054,0.36817037671983566,,,,,,,0.07161803713527852,0,0.0,none,1.7721516234472952,false,increasing_vol,25.99706647882538,单年巨幅下滑-15.0分(年跌-437.2%); 峰值大幅下跌-15分(从0.6跌至0.2，跌幅-69.6%),"","",0,0
300373.SZ,扬杰科技,半导体,1.7432050000000001,0.06818690070846592,0.11266000000000001,0.5805793811781192,0.13432778477941792,0.25104849836445764,2.5618,96.0,0.16724506431538655,0.9999999999999999,0.016666666666666666,good,good,good,false,0,false,0,false,0,false,0,0.3426515514280261,0.5634150929820747,0.921984090300922,stable,false,false,none,0.25564999999999993,0.0,0.50235,0.24670000000000003,0.421489526675463,0.9567461735060468,0.826718159399283,false,none,0.9006999999999998,0.10400000000000009,64.5237942328688,54.22310517127203,6.679082910538828,false,半导体,false,1.0,false,rising,false,false,0.0,0.3426515514280261,0.4074545744757543,半导体,-5.0,-2.0,3.0,0.3,0.5,0.22195839653869928,0.8411679378655958,0.06564151911712493,true,false,0.16586072762689644,0.9043379647190833,,,,,,,0.07161803713527852,0,0.0,none,0.12986779294594428,false,increasing_vol,4.0,"趋势不确定预警-4分(Bootstrap CI跨零: [-0.022, 0.166])","","",0,0
300377.SZ,赢时胜,软件服务,0.12001300000000001,-0.0005448100432987269,-0.0005500000000000005,0.19146603903933265,0.46119843109462816,-0.07419363103210286,0.1376,100.0,-0.0074935714180933005,-0.39999999999999997,0.48333333333333334,has_near_zero,has_near_zero,has_near_zero,false,0,true,5,false,0,true,5,0.5241860683972487,0.06455875618380515,1.4054887950633321,volatile,false,false,none,-0.08654999999999999,0.0,0.06169999999999999,0.14825,0.49910977231468895,0.9324453763625566,0.7621523467843327,false,none,0.0020000000000000018,0.1214,869.0140845070422,1.474926253687317,854.9295774647886,false,软件服务,false,1.0,false,rising,false,false,0.0,0.5241860683972487,0.5526821880511323,软件服务,-5.0,-2.0,3.0,0.3,0.5,0.06148496068289915,0.7620826767191906,0.14749610660518425,true,false,-0.010355284139053102,0.06501116998250155,,,,,,,0.07161803713527852,0,0.0,none,0.506591168294663,false,stable,0.0,"","","",0,0
300380.SZ,安硕信息,软件服务,-0.175963,0.021986582037513625,0.02258999999999999,0.0031223312112049783,0.9288911856990502,,0.2383,83.0,0.025114302733914656,0.0,1.0,poor,poor,poor,true,2,true,4,true,2,true,4,3.763175259992118,0.6876826470109596,8.971763160774872,high_volatility,false,false,none,-0.81975,0.0,0.67435,1.4941,0.6743098735787411,0.9269968164223813,0.8161019193650291,false,none,0.1199,1.2288000000000001,121.46073487031698,101.26689189189189,110.6628242074928,false,软件服务,false,1.0,false,rising,false,false,0.0,3.763175259992118,1.0,软件服务,-5.0,-2.0,3.0,0.3,0.5,0.5967125146719634,0.8233454037898607,1.3289183679193384,true,false,0.021986582037513625,0.0031223312112049783,,,,,,,0.07161803713527852,0,0.0,none,3.7580958416089723,false,stable,17.0,趋势不可靠-2分(Bootstrap CI过宽: 1.453); 峰值大幅下跌-15分(从0.5跌至0.2，跌幅-55.0%),"","",0,0
300383.SZ,光环新网,软件服务,0.82243,-0.02430063137450067,-0.03153999999999999,0.35922299849698813,0.2854170757715306,-0.06097421615195009,0.7297,87.0,-0.026780157444759152,-0.39999999999999997,0.48333333333333334,has_near_zero,has_near_zero,has_near_zero,false,0,true,5,false,0,true,5,0.09972854184580221,0.08359246377515141,0.24910522548317823,ultra_stable,false,false,none,-0.13660000000000005,0.0,-0.012929999999999974,0.12367000000000009,0.226357545306353,1.0,0.054366642142017835,true,moderate,-0.1744,0.08730000000000004,-10.663565132223306,-19.289901559561994,10.688050930460339,false,软件服务,false,1.127447312632498,true,falling,false,false,0.0,0.09972854184580221,0.23010914182764153,软件服务,-5.0,-2.0,3.0,0.3,0.5,-0.03445257795403861,0.26016025035099344,0.011286451904877759,false,false,-0.02430063137450067,0.35922299849698813,,,,,,,0.9025069637883009,1,0.0,single_year_drop,0.0800379214669135,false,increasing_vol,13.0,中度恶化-10分; 贝叶斯恶化预警-8分(恶化概率90.3%),"","",0,0
300400.SZ,劲拓股份,专用机械,0.496682,-0.008349295547767439,-0.009189999999999993,0.10243849022477788,0.5995553112163403,-0.17311761701500694,0.5055,83.0,-0.05938878184987573,-0.19999999999999998,0.8166666666666667,has_near_zero,has_near_zero,has_near_zero,false,0,true,4,false,0,true,5,0.696617177974025,0.36293754972446707,1.9360844529750478,high_volatility,false,false,none,-1.0087,0.0,0.11803,1.12673,0.6517982070175771,1.0,0.5179820701757705,false,none,0.09189999999999993,-0.1184,-4.981203007518811,22.21953578336555,-22.25563909774436,false,专用机械,false,2.188399835458659,true,rising,false,false,0.0,0.696617177974025,0.8490803871070413,专用机械,-5.0,-2.0,3.0,0.3,0.5,-0.01176153607402569,0.04373765292322832,0.20226864783126397,false,false,-0.057307045453870546,0.08587860450568971,,,,,,,0.2783505154639176,0,0.0,none,0.6517349469384442,true,decreasing_vol,17.0,波动聚集提示-2分(大波动后可能跟着大波动); 峰值大幅下跌-15分(从1.1跌至0.5，跌幅-53.3%),"","",0,0
300401.SZ,花园生物,化学制药,0.6880999999999999,0.007751419723301279,0.009679999999999989,0.030905668987187697,0.7773227528507087,0.03220671175986012,0.8582,82.5674460806585,-0.021592567331676683,-0.19999999999999998,0.8166666666666667,has_near_zero,has_near_zero,has_near_zero,false,0,true,5,false,0,true,5,0.35129023931332987,0.24614907068685024,0.891108891108891,moderate,false,false,none,-0.03584999999999999,0.0,0.08694999999999997,0.12279999999999996,0.1434739433655688,0.09245014490939657,0.08929708759437872,false,none,0.5679,-0.394,25.412830629840705,195.6252152945229,-57.57708607335964,false,化学制药,false,3.1508784016534617,true,rising,false,false,0.0,0.35129023931332987,0.7011493116711254,化学制药,-5.0,-2.0,3.0,0.3,0.5,0.06885775345483319,0.07388599506686813,0.0979492892089382,false,false,-0.03743187996565998,0.07804485545173953,,,,,,,0.07161803713527852,0,0.0,none,0.3382644014270074,true,increasing_vol,17.432553919341505,单年巨幅下滑-15.0分(年跌-57.6%); 波动率飙升预警-4.9分(近期波动是早期的2.5倍),"","",0,0
300402.SZ,宝色股份,专用机械,0.455674,-0.0217123939608362,-0.022180000000000002,0.27421516953703884,0.3651282609448704,0.46201933087960434,1.2432,77.0,0.02192942520681173,0.0,1.0,has_near_zero,has_near_zero,has_near_zero,false,0,true,4,false,0,true,5,1.1932888172883809,0.47645635896690475,2.8724203566419555,high_volatility,false,false,none,-0.023000000000000007,0.0,0.5085500000000001,0.5315500000000001,0.438344214967598,0.16261645469487135,0.6556494117010189,false,none,1.1469,-0.1298,449.84520123839013,1190.9657320872275,-57.40822644847413,false,专用机械,false,1.7733333333333332,true,rising,false,false,0.0,1.1932888172883809,1.0,专用机械,-5.0,-2.0,3.0,0.3,0.5,0.4095607174623158,0.6351692692272699,0.43187718531240826,false,false,0.14870874962612232,0.3660810062373543,,,,,,,0.07161803713527852,0,0.0,none,0.9326374636244527,true,increasing_vol,23.0,单年巨幅下滑-15.0分(年跌-57.4%); 波动率飙升预警-8.0分(近期波动是早期的7.1倍),"","",0,0
300406.SZ,九强生物,医疗保健,0.7623040000000001,0.17355751463197855,0.20848000000000005,0.9258022409882267,0.00877669351091871,0.4950623707922224,1.0437,100.0,0.16969528063903944,0.9999999999999999,0.016666666666666666,has_near_zero,has_near_zero,has_near_zero,false,0,true,4,false,0,true,4,0.4852908971345443,0.33958715817886875,1.1929804504401509,ultra_stable,false,false,none,0.3702,0.0,0.17153000000000004,-0.19866999999999993,0.48788644501595074,1.0,0.9188897023299638,false,none,0.04940000000000011,0.3215,55.127824019025,4.9683194206979895,47.78537455410226,false,医疗保健,false,1.0,false,rising,false,false,0.0,0.4852908971345443,0.5215660510409688,医疗保健,-5.0,-2.0,3.0,0.3,0.5,0.14084896356437066,0.840566754125557,-0.07056674745913455,false,true,0.17355751463197855,0.9258022409882267,,,,,,,0.07161803713527852,0,0.0,none,0.11662105889393318,false,stable,0.0,"","","",0,0
300407.SZ,凯发电气,电气设备,0.5817330000000001,0.06750079369156896,0.07951,0.4885592703293694,0.18905748249474452,0.10598312417627809,0.7906,94.54772876892693,0.07095806052927092,0.39999999999999997,0.48333333333333334,has_near_zero,has_near_zero,has_near_zero,false,0,true,5,false,0,true,5,0.3166244278244508,0.17663843579470465,0.7422743242274323,moderate,false,false,none,-0.07594999999999999,0.0,0.20704999999999998,0.283,0.5407572530683495,0.9120518258473599,0.9295207048361358,false,none,0.10829999999999995,0.3058,109.98671978751659,15.872783233181877,81.22177954847278,false,电气设备,false,1.0,false,rising,false,false,0.0,0.3166244278244508,0.38663287559289405,电气设备,-5.0,-2.0,3.0,0.3,0.5,0.17859124907766946,0.9197259690157688,0.24776098781535033,true,false,0.06750079369156896,0.4885592703293694,,,,,,,0.07161803713527852,0,0.0,none,0.22241840869615848,false,increasing_vol,5.452271231073075,波动率飙升预警-5.5分(近期波动是早期的2.7倍),"","",0,0
300408.SZ,三环集团,元器件,0.941636,0.11190760484360714,0.15092000000000005,0.7332533871868374,0.06396162003259498,0.1800673663513892,1.2539,100.0,0.1141481559566598,0.6,0.23333333333333334,has_near_zero,has_near_zero,has_near_zero,false,0,true,3,false,0,true,3,0.3111698025399858,0.27892016420474164,0.7269400687223885,stable,false,false,none,-0.044300000000000006,0.0,0.17696000000000003,0.22126000000000004,0.2520344108444209,1.0,0.6713850081359883,false,none,0.357,-0.18520000000000003,15.876536364476475,39.80376853606868,-17.11486923574531,false,元器件,false,1.4435699039487726,true,rising,false,false,0.0,0.3111698025399858,0.4414118292251583,元器件,-5.0,-2.0,3.0,0.3,0.5,0.055887373217047454,0.21030173232243196,-0.10905306176904911,false,false,0.11190760484360714,0.7332533871868374,,,,,,,0.07161803713527852,0,0.0,none,0.1611075071574181,false,stable,0.0,"","","",0,0
300409.SZ,道氏技术,电气设备,0.6498210000000001,-0.042559603478487446,-0.057730000000000004,0.1556591231375301,0.5110153103200413,,0.9764,100.0,-0.059106926947363456,-0.19999999999999998,0.8166666666666667,has_loss,has_loss,has_near_zero,true,1,true,4,false,0,true,4,0.7500383999308079,0.5003806181298392,1.9396228677638876,high_volatility,false,false,none,-0.647,0.0,0.55475,1.20175,0.6929629068245184,0.9504027280921292,0.9792263401530558,false,none,0.41480000000000006,0.6947,833.5837716003006,73.86039886039887,521.938392186326,false,电气设备,false,1.0,false,rising,false,false,0.0,0.7500383999308079,0.7333640532779797,电气设备,-5.0,-2.0,3.0,0.3,0.5,0.4986485673567168,0.9628370994941897,1.0603532437119072,true,false,-0.042559603478487446,0.023362075745614472,,,,,,,0.07161803713527852,0,0.0,none,0.7374533601172231,false,stable,0.0,"","","",0,0
300412.SZ,迦南科技,医疗保健,0.134623,0.001997760832534251,0.0020399999999999975,0.004914721887031568,0.9108126122102442,,0.24,104.05915670232851,-0.021744795189311415,-0.19999999999999998,0.8166666666666667,has_loss,has_loss,has_near_zero,true,1,true,5,false,0,true,5,1.0939021392613408,0.15822200542276035,2.6458794247787605,high_volatility,false,false,none,-0.03885000000000001,0.0,0.05105,0.08990000000000001,0.17064716108203748,0.41769877503051156,0.07284566578347801,false,none,0.3665,-0.26439999999999997,74.03915881073242,289.72332015810275,-191.7331399564902,false,医疗保健,true,inf,true,rising,false,false,0.0,1.0939021392613408,1.0,医疗保健,-5.0,-2.0,3.0,0.3,0.5,0.050143555671232125,0.07116292130414821,0.08839208644706081,false,false,-0.03320618541993789,0.11171824693542234,,,,,,,0.07161803713527852,0,0.0,none,1.0312098395432225,true,increasing_vol,7.940843297671494,单年巨幅下滑-15.0分(年跌-191.7%); 波动率飙升预警-7.9分(近期波动是早期的4.0倍),cyclical_bottom,周期底部(mid_up),0,0
300415.SZ,伊之密,专用机械,0.7219590000000001,0.009006052528702823,0.011129999999999996,0.2673138391797562,0.3723386976616941,-0.1149829919401747,0.7641,79.23515269292784,-0.10933154931685801,-0.19999999999999998,0.8166666666666667,has_near_zero,has_near_zero,has_near_zero,false,0,true,4,false,0,true,5,0.41251913715394856,0.3134732923232855,1.148177391762074,moderate,false,false,none,-0.5706,0.0,-0.010140000000000015,0.56046,0.5028718221625392,1.0,0.005229738068551862,false,none,0.3911,-0.369,2.9784366576819417,104.85254691689008,-49.73045822102426,false,专用机械,false,1.4161656646626586,true,rising,false,false,0.0,0.41251913715394856,0.5188373983448467,专用机械,-5.0,-2.0,3.0,0.3,0.5,0.008827070201126053,0.002132705549652054,0.18784902383312707,false,false,-0.0947910847560057,0.38217029623114646,,,,,,,0.13366336633663367,0,0.0,none,0.3176867139107718,false,stable,20.764847307072152,单年巨幅下滑-15.0分(年跌-49.7%); 峰值明显下跌-8分(从1.2跌至0.8，跌幅-38.7%),"","",0,0
300433.SZ,蓝思科技,元器件,1.825885,0.09881669711789853,0.19745,0.6686863656585968,0.09081399410904582,0.09426976742969528,2.1853,100.0,0.08055273125491016,0.7999999999999999,0.08333333333333333,good,good,good,false,0,false,0,false,0,false,0,0.21424655296508177,0.37003807641917064,0.5622524838463141,ultra_stable,false,false,none,-0.30990000000000006,0.0,0.29336999999999996,0.60327,0.5988247818033058,1.0,0.8673013497266865,false,none,0.31899999999999973,0.020399999999999974,18.386694837206765,17.092643197770975,1.1051519583942777,false,元器件,false,1.0,false,rising,false,false,0.0,0.21424655296508177,0.30473057570539874,元器件,-5.0,-2.0,3.0,0.3,0.5,0.07552187914941177,0.797835435373598,-0.006707802807331187,false,false,0.09881669711789853,0.6686863656585968,,,,,,,0.07161803713527852,0,0.0,none,0.1150155456420185,false,decreasing_vol,0.0,"","","",0,0
300434.SZ,金石亚药,化学制药,0.453763,0.015244064873793917,0.016209999999999992,0.9869641757990852,0.0006341669798785033,0.04432182728839096,0.3937,69.80942053248296,0.01553377762230776,0.6,0.23333333333333334,has_near_zero,has_near_zero,has_near_zero,false,0,true,5,false,0,true,5,0.4460457903795911,0.20022995530139842,1.0539095566941414,volatile,false,false,none,0.23655,0.0,-0.20520000000000002,-0.44175000000000003,0.5218014837338023,0.7634705246187927,0.7180746810374311,false,none,0.017500000000000016,-0.42790000000000006,-51.03842805621191,4.651780967570446,-53.21477428180575,false,化学制药,false,2.1374269005847957,true,rising,false,false,0.0,0.4460457903795911,0.641826885714979,化学制药,-5.0,-2.0,3.0,0.3,0.5,-0.1758435174543476,0.7152432057379458,-0.38115893503407217,false,true,0.015244064873793917,0.019390717377797316,,,,,,,0.6067415730337079,0,0.0,none,0.4423764550440685,false,stable,30.190579467517036,单年巨幅下滑-15.0分(年跌-53.2%); 加速下滑-0.2分(加速度-0.38); 峰值大幅下跌-15分(从0.8跌至0.4，跌幅-51.0%),"","",0,0
300436.SZ,广生堂,化学制药,-0.372033,-0.07991891266948567,-0.09471000000000002,0.06624447439104489,0.6759485356654037,,0.13,83.40733526614183,-0.2381800968124856,-0.19999999999999998,0.8166666666666667,poor,poor,poor,true,3,true,4,true,3,true,4,1.605699604099902,0.5517504979608084,3.568476805773819,high_volatility,false,false,none,-0.43139999999999995,0.0,0.4406999999999999,0.8720999999999999,0.6157897698755668,0.9280187513954951,0.485678947360173,false,none,1.2262,-0.3448000000000001,117.30103806228374,111.85914979018425,-45.88767633750334,false,化学制药,false,1.0,false,rising,false,false,0.0,1.605699604099902,1.0,化学制药,-5.0,-2.0,3.0,0.3,0.5,0.4119516972975747,0.5348005461567191,0.8146705322836573,true,false,-0.07991891266948567,0.06624447439104489,,,,,,,0.07161803713527852,0,0.0,none,1.5454285553939822,false,increasing_vol,16.59266473385817,单年巨幅下滑-15.0分(年跌-45.9%); 趋势不可靠-2分(Bootstrap CI过宽: 0.854),"","",0,0
300440.SZ,运达科技,软件服务,0.16526900000000003,0.06349417634830568,0.06523000000000001,0.20185421884671353,0.4478308020312268,,0.3642,98.0,0.03464536497649704,0.39999999999999997,0.48333333333333334,poor,poor,poor,true,2,true,5,true,2,true,5,1.556108205504142,0.22672496554195348,3.514070006863418,high_volatility,false,false,none,-0.1839,0.0,0.256,0.4399,0.5633932211949839,0.9513885899906072,0.802743621959232,false,none,0.03620000000000001,0.4758,346.4140730717186,11.03658536585366,321.9215155615697,false,软件服务,false,1.0,false,rising,false,false,0.0,1.556108205504142,1.0,软件服务,-5.0,-2.0,3.0,0.3,0.5,0.25193075832221934,0.8006680993638774,0.43469576740638793,true,false,0.06349417634830568,0.20185421884671353,,,,,,,0.07161803713527852,0,0.0,none,1.385778781848737,false,stable,2.0,趋势不可靠-2分(Bootstrap CI过宽: 0.474),"","",0,0
300442.SZ,润泽科技,软件服务,0.983257,0.2561598301133136,0.29739,0.41659522098739,0.23949641966867696,,1.2166,88.45406480575777,0.28922328108878276,0.6,0.23333333333333334,has_loss,has_loss,has_loss,true,1,true,3,true,1,true,3,0.9775549247984812,0.8739732049668342,2.6266162587803676,high_volatility,false,false,none,1.17415,0.0,-0.48145000000000004,-1.6556000000000002,0.6368533001259878,0.9460919128944296,0.42244108836544864,false,none,0.4935999999999999,-1.4565000000000001,-44.17985776554256,68.2710926694329,-66.82725395732967,false,软件服务,true,3.0145228215767634,true,rising,false,false,0.0,0.9775549247984812,1.0,软件服务,-5.0,-2.0,3.0,0.3,0.5,-0.24729382875151285,0.3357656208882889,-1.0918703884844694,false,true,0.2561598301133136,0.41659522098739,,,,,,,0.6067415730337079,0,0.0,none,0.824012532722216,false,stable,11.545935194242235,单年巨幅下滑-15.0分(年跌-66.8%); 加速下滑-0.5分(加速度-1.09); 趋势不可靠-2分(Bootstrap CI过宽: 1.195); 峰值明显下跌-8分(从2.2跌至1.2，跌幅-44.2%),"","",0,0
300443.SZ,金雷股份,电气设备,0.711497,0.06622316898081965,0.08718999999999998,0.3943427261274082,0.2566525927647291,,1.0247,100.0,0.05161596297962413,0.19999999999999998,0.8166666666666667,has_loss,has_loss,good,true,1,true,2,false,0,true,1,1.0632719949296339,0.7287028290050753,2.572737619283859,high_volatility,false,false,none,-0.59385,0.0,0.7908999999999998,1.38475,0.4680999808041023,0.47302558606355477,0.6649933294724373,true,moderate,-0.1814,1.7631999999999999,283.934661640639,-15.040212254373603,316.4961407287739,false,电气设备,true,inf,true,falling,false,false,0.0,1.0632719949296339,1.0,电气设备,-5.0,-2.0,3.0,0.3,0.5,0.7152119829905215,0.6869007308568604,1.278501353351143,true,false,0.06622316898081965,0.026116732782767483,,,,,,,0.6492985971943889,1,0.0,single_year_drop,1.0440708999349078,false,stable,0.0,中度恶化-10分; 周期回落期-3分(景气下行趋势),"","",0,0
300451.SZ,创业慧康,软件服务,0.112582,-0.005875772235232964,-0.005900000000000002,0.41625827077837324,0.2397503556525919,-0.24454395314697153,0.0741,57.0,-0.023892124963013683,-0.7999999999999999,0.08333333333333333,has_near_zero,has_near_zero,has_near_zero,false,0,true,5,false,0,true,5,0.49649419326034866,0.06064180076481898,1.2559358113640087,moderate,false,false,none,-0.11380000000000001,0.0,-0.011039999999999998,0.10276000000000002,0.5436400307028064,1.0,0.7308803070280643,true,moderate,-0.027800000000000005,0.008400000000000005,-20.74866310160428,-27.281648675171745,8.98395721925134,false,软件服务,false,1.0898395721925134,true,falling,false,false,0.0,0.49649419326034866,0.5425072975672807,软件服务,-5.0,-2.0,3.0,0.3,0.5,-0.009665972135839425,0.46311450250956177,0.0564428383348534,true,false,-0.031483109434705434,0.6915160117712266,,,,,,,0.9487554904831625,1,0.0,single_year_drop,0.2764091464392568,false,decreasing_vol,43.0,中度恶化-10分; 相对加权下滑-10.0分(最新为加权65.8%); 贝叶斯恶化预警-8分(恶化概率94.9%); 峰值大幅下跌-15分(从0.2跌至0.1，跌幅-67.4%),"","",0,0
300452.SZ,山河药辅,化学制药,0.5394500000000001,0.004541194229148316,0.005020000000000003,0.032624475761179404,0.7712809961852647,0.015759370310395315,0.5047,86.96597793876867,-0.0032598726492743813,-0.19999999999999998,0.8166666666666667,has_near_zero,has_near_zero,has_near_zero,false,0,true,5,false,0,true,5,0.08365472668415883,0.04491756894579225,0.18847543487168025,ultra_stable,false,false,none,0.10120000000000001,0.0,-0.02138,-0.12258000000000001,0.4974363929463639,1.0,0.7292039294636392,true,moderate,-0.059599999999999986,-0.0020000000000000018,-10.87762669962917,-10.561757930178981,-0.3531696980399085,false,化学制药,false,1.0,true,falling,false,false,0.0,0.08365472668415883,0.20025711468066038,化学制药,-5.0,-2.0,3.0,0.3,0.5,-0.027150898121046735,0.7740215372751794,-0.06804412246265387,false,true,0.004541194229148316,0.032624475761179404,,,,,,,0.9737039819684448,1,10.208588232139073,single_year_drop,0.08233827126269812,false,decreasing_vol,13.034022061231328,中度恶化-10分; 加速下滑-0.0分(加速度-0.07); 贝叶斯恶化预警-8分(恶化概率97.4%),"","",0,0
300453.SZ,三鑫医疗,医疗保健,0.81907,-0.05842330235843736,-0.07689999999999998,0.5314864305113515,0.16226372643339623,-0.07952465965659405,0.7458,81.0,-0.063996816259044,-0.6,0.23333333333333334,has_near_zero,has_near_zero,has_near_zero,false,0,true,3,false,0,true,3,0.19437085318072708,0.16667689401953706,0.44885250489784495,stable,false,false,none,-0.20209999999999995,0.0,-0.06310999999999999,0.13898999999999995,0.17453553291146368,1.0,0.28448530666204475,false,none,0.09179999999999999,-0.3581,-26.31162928564371,14.036697247706421,-35.3818792609426,false,医疗保健,false,1.3577944727662998,true,rising,false,false,0.0,0.19437085318072708,0.33653594558008837,医疗保健,-5.0,-2.0,3.0,0.3,0.5,-0.10005997821925777,0.49437795160017434,-0.09070470358911636,false,false,-0.05842330235843736,0.5314864305113515,,,,,,,0.435483870967742,0,0.0,none,0.13294744889601542,false,stable,19.0,"单年巨幅下滑-15.0分(年跌-35.4%); 趋势不确定预警-4分(Bootstrap CI跨零: [-0.125, 0.046])","","",0,0
300454.SZ,深信服,软件服务,2.1761150000000002,-0.019880949576272445,-0.046029999999999974,0.0918227816689601,0.6201681002101944,-0.11830579089142057,1.9246,85.0,-0.11208704407541051,-0.6,0.23333333333333334,good,good,good,false,0,false,0,false,0,false,0,0.23612321753625767,0.5451187824685552,0.6024378199963614,stable,false,false,none,-0.6953999999999999,0.0,0.06535000000000002,0.7607499999999999,0.608966057433991,0.9925430757078795,0.07561749863203047,true,moderate,-0.3303999999999998,0.46109999999999984,7.285801884162998,-14.65188470066518,25.703773900440375,false,软件服务,false,1.2570377390044036,true,falling,false,false,0.0,0.23612321753625767,0.35650360589625996,软件服务,-5.0,-2.0,3.0,0.3,0.5,0.03096175235351628,0.08697650612833933,0.2948695189599956,false,false,-0.09832118916499484,0.5713722410438618,,,,,,,0.6492985971943889,1,0.0,single_year_drop,0.1510345686490977,true,decreasing_vol,15.0,中度恶化-10分; 波动聚集提示-2分(大波动后可能跟着大波动); 峰值明显下跌-8分(从3.2跌至1.9，跌幅-39.6%),"","",0,0
300455.SZ,航天智装,IT设备,0.042576,0.04781334826366055,0.04792,0.22844765413813167,0.4154776652187684,,0.151,110.0,0.07078143314648841,0.39999999999999997,0.48333333333333334,poor,poor,poor,true,2,true,5,true,2,true,5,5.631694692666933,0.15881379033320753,11.75177304964539,high_volatility,false,false,none,0.33140000000000003,0.0,0.01064,-0.32076000000000005,0.25420485540272303,1.0,0.00876342734279497,false,none,0.06899999999999999,0.22100000000000003,208.63309352517985,84.14634146341461,158.9928057553957,false,IT设备,true,inf,true,rising,false,false,0.0,5.631694692666933,1.0,IT设备,-5.0,-2.0,3.0,0.3,0.5,0.14449411408484927,0.9156299094471482,0.14290969872134934,false,false,0.04781334826366055,0.22844765413813167,,,,,,,0.07161803713527852,0,0.0,none,4.94944564802213,true,decreasing_vol,2.0,波动聚集提示-2分(大波动后可能跟着大波动),cyclical_bottom,"周期底部(mid_up), 近期强势(14.4%)",0,0
300456.SZ,赛微电子,半导体,0.23149000000000003,0.02114837953152243,0.022699999999999988,0.02237689934801828,0.8102499714227941,,0.4856,98.0,0.023384240627933553,0.19999999999999998,0.8166666666666667,has_loss,has_loss,has_loss,true,1,true,5,true,1,true,5,1.0249051887391518,0.23027569780591264,2.6090439736514153,high_volatility,false,true,deterioration_to_recovery,-0.2501,0.0,0.29309999999999997,0.5431999999999999,0.8849593203863343,0.9996922876775652,0.9999248861818081,false,none,0.28869999999999996,0.2975,582.7037773359841,146.62265109192484,295.72564612326045,false,半导体,false,1.0,false,rising,false,false,0.0,1.0249051887391518,0.9532574843246548,半导体,-5.0,-2.0,3.0,0.3,0.5,0.28436310440040014,0.9994343496014811,0.5294105978663036,true,false,0.02114837953152243,0.02237689934801828,,,,,,,0.07161803713527852,0,0.0,none,1.0123792226819326,false,stable,2.0,趋势不可靠-2分(Bootstrap CI过宽: 0.531),"","",0,0
300463.SZ,迈克生物,医疗保健,1.6517410000000001,-0.10160711663953735,-0.18104000000000003,0.7493687676971776,0.05790109196519734,-0.14799961485587543,1.0348,53.0,-0.14093600041481852,-0.6,0.23333333333333334,good,good,good,false,0,false,0,false,0,false,0,0.41475281409139797,0.7260165060107103,1.068506923815182,moderate,false,false,none,0.9413999999999998,0.0,-0.5515999999999999,-1.4929999999999997,0.6155526222123116,1.0,0.7415546601395065,true,moderate,-0.43710000000000004,0.09519999999999995,-24.83474976392824,-29.696310890685513,6.91508680177235,false,医疗保健,false,1.589707271010387,true,falling,false,false,0.0,0.41475281409139797,0.54376322074117,医疗保健,-5.0,-2.0,3.0,0.3,0.5,-0.10929804374493463,0.5712457677442977,0.04218394222651184,false,false,-0.1652079730258259,0.6009950450429521,,,,,,,0.9487554904831625,1,0.0,single_year_drop,0.2892032927945398,false,decreasing_vol,47.0,"中度恶化-10分; 相对加权下滑-10.0分(最新为加权62.6%); 贝叶斯恶化预警-8分(恶化概率94.9%); 趋势不确定预警-4分(Bootstrap CI跨零: [-0.169, 0.019]); 峰值大幅下跌-15分(从2.9跌至1.0，跌幅-64.4%)","","",0,0
300465.SZ,高伟达,软件服务,0.159858,0.027528700921639268,0.026459999999999997,0.016222368294464124,0.8382707543418004,,0.4547,98.0,0.09086621732761158,0.0,1.0,poor,poor,poor,true,2,true,5,true,2,true,5,2.311643281584151,0.35118484733826427,4.941416535018431,high_volatility,false,false,none,-0.7101,0.0,0.23701,0.9471099999999999,0.6761426457094715,1.0,0.8672064570947143,false,none,0.2493,0.436,297.18126626192543,121.37293086660175,189.071986123157,false,软件服务,false,1.0,false,rising,false,false,0.0,2.311643281584151,1.0,软件服务,-5.0,-2.0,3.0,0.3,0.5,0.3344677954623907,0.9721139037765658,0.6983282109561326,true,false,0.027528700921639268,0.016222368294464124,,,,,,,0.07161803713527852,0,0.0,none,2.295181071832796,false,stable,2.0,趋势不可靠-2分(Bootstrap CI过宽: 0.758),"","",0,0
300468.SZ,四方精创,软件服务,0.211519,0.06890964133836294,0.07013000000000001,0.8717795743536294,0.02029184439862574,0.6771751953230887,0.3165,100.0,0.07047980374189305,0.7999999999999999,0.08333333333333333,has_near_zero,has_near_zero,has_near_zero,false,0,true,5,false,0,true,5,0.6232126674707331,0.11870954889982524,1.4515959680806387,moderate,false,false,none,0.11259999999999999,0.0,0.025650000000000006,-0.08694999999999999,0.35397946742914943,0.9098230312029972,0.42809434367402016,false,none,0.07700000000000001,-0.0257,19.343891402714938,32.15031315240084,-9.69079939668175,false,软件服务,false,1.1073068893528184,true,rising,false,false,0.0,0.6232126674707331,0.6462110525569623,软件服务,-5.0,-2.0,3.0,0.3,0.5,0.024627492446902516,0.4256906332379786,-0.08647074791154734,false,true,0.06890964133836294,0.8717795743536294,,,,,,,0.07161803713527852,0,0.0,none,0.2225122492336725,false,decreasing_vol,0.0,"","","",0,0
300471.SZ,厚普股份,专用机械,0.093408,0.11017831606140603,0.11136,0.7091565964511777,0.0734996776547887,,0.2872,88.0,0.1061343294193636,0.39999999999999997,0.48333333333333334,poor,poor,poor,true,3,true,5,true,3,true,5,3.4843425571484152,0.2090605534289049,6.735,high_volatility,false,false,none,-0.0138,0.0,0.20075,0.21455000000000002,0.39099752332840176,0.4876533199040604,0.7451434153014576,false,none,-0.002599999999999991,0.4041,351.26859142607174,-0.8971704623878507,353.5433070866142,false,专用机械,true,inf,true,falling,false,false,0.0,3.4843425571484152,1.0,专用机械,-5.0,-2.0,3.0,0.3,0.5,0.19872204085489303,0.7452860969163219,0.212452454170214,true,false,0.11017831606140603,0.7091565964511777,,,,,,,0.16167664670658682,0,0.0,none,1.8785108611758294,false,increasing_vol,12.0,"周期回落期-3分(景气下行趋势); 波动率飙升预警-8.0分(近期波动是早期的8.3倍); 趋势不确定预警-4分(Bootstrap CI跨零: [-0.017, 0.226])","","",0,0
300476.SZ,胜宏科技,元器件,1.3923800000000002,0.07522317267874484,0.12356,0.5174260214083543,0.17078749560236534,0.06161066873127341,1.5745,100.0,0.04919622327721415,0.7999999999999999,0.08333333333333333,good,good,good,false,0,true,1,false,0,true,1,0.19637494232254446,0.2612964982543777,0.4936119044040283,stable,false,false,none,-0.3219000000000001,0.0,0.20162000000000005,0.5235200000000001,0.5350373888052803,1.0,0.7735544354549436,false,none,0.09099999999999997,0.04580000000000006,9.515197885511583,6.1341422312099745,3.1856437365236183,false,元器件,false,1.0,false,rising,false,false,0.0,0.19637494232254446,0.2904332871913689,元器件,-5.0,-2.0,3.0,0.3,0.5,0.03784467303914907,0.9677286522659371,-0.021466036346813204,false,false,0.07522317267874484,0.5174260214083543,,,,,,,0.13366336633663367,0,0.0,none,0.13040513826047392,false,decreasing_vol,0.0,"","","",0,0
300485.SZ,赛升药业,生物制药,0.27071300000000004,-0.08171037426860517,-0.08669,0.5311547139582123,0.16246206487823123,-0.15261321155628926,0.2823,71.0,-0.14625451197839945,-0.6,0.23333333333333334,has_near_zero,has_near_zero,has_near_zero,false,0,true,5,false,0,true,5,0.6271852931972426,0.18609842019748582,1.6968859530870855,volatile,false,false,none,-0.1591,0.0,0.026499999999999996,0.1856,0.40526392170114783,0.99917882486562,0.04485692732123819,false,none,0.2383,-0.18530000000000002,23.11382468382032,541.5909090909092,-80.8111644134322,false,生物制药,false,1.0,false,rising,false,false,0.0,0.6271852931972426,0.6350815678911274,生物制药,-5.0,-2.0,3.0,0.3,0.5,0.02567105735703898,0.04329167927109489,0.17364706802994795,false,false,-0.08171037426860517,0.5311547139582123,,,,,,,0.07161803713527852,0,0.0,none,0.4242243815301919,true,stable,29.0,"单年巨幅下滑-15.0分(年跌-80.8%); 波动聚集提示-2分(大波动后可能跟着大波动); 趋势不确定预警-4分(Bootstrap CI跨零: [-0.166, 0.026]); 峰值明显下跌-8分(从0.5跌至0.3，跌幅-48.4%)","","",0,0
300491.SZ,通合科技,电气设备,0.09734899999999999,0.011569011877411087,0.01158,0.14406645595298465,0.5285966133678498,,0.3342,92.0,0.06619321957393556,0.6,0.23333333333333334,poor,poor,poor,true,2,true,5,true,3,true,5,2.095714593523174,0.15344822253776677,5.008194482381864,high_volatility,false,false,none,-0.0005999999999999998,0.0,0.18335,0.18395,0.4326655347838615,0.0005810543985279953,0.9581742934400872,false,none,0.24969999999999998,0.117,1128.3076923076924,295.50295857988164,360.0,false,电气设备,true,inf,true,rising,false,false,0.0,2.095714593523174,1.0,电气设备,-5.0,-2.0,3.0,0.3,0.5,0.1803832584213374,0.9603436395767102,0.1809829533352988,false,false,0.07923342513893517,0.6890140536830028,,,,,,,0.07161803713527852,0,0.0,none,1.1727859182079552,true,increasing_vol,8.0,周期顶部预警-5分(警惕景气回落); 波动率飙升预警-8.0分(近期波动是早期的4.3倍),"","",0,0
300496.SZ,中科创达,软件服务,1.188818,0.20101249635574417,0.29746,0.6361361145661637,0.10594065242444449,0.19358746086565892,1.6371,98.0,0.17062914429016546,0.6,0.23333333333333334,has_near_zero,has_near_zero,has_near_zero,false,0,true,2,false,0,true,2,0.5113182058761981,0.56223527281735,1.1946379526728388,moderate,false,false,none,-0.4794,0.0,0.44843,0.9278299999999999,0.6724569187433731,1.0,0.8689091874337315,false,none,-0.0037000000000000366,0.5546,50.718099797459026,-0.225499756216482,51.058736880869084,false,软件服务,true,5.014669926650367,true,falling,false,false,0.0,0.5113182058761981,1.0,软件服务,-5.0,-2.0,3.0,0.3,0.5,0.16372586753999357,0.7455861873338477,0.0621166771085403,false,false,0.20101249635574417,0.6361361145661637,,,,,,,0.16167664670658682,0,0.0,none,0.2801635965849641,false,decreasing_vol,2.0,周期回落期-3分(景气下行趋势); 趋势不可靠-2分(Bootstrap CI过宽: 0.467),"","",0,0
300497.SZ,富祥药业,化学制药,0.137384,-0.08762049520408614,-0.09572000000000001,0.1566724628081225,0.5095157242026238,,0.3412,83.0,-0.10136665741409459,-0.19999999999999998,0.8166666666666667,poor,poor,poor,true,2,true,5,true,2,true,5,2.214493832438433,0.36782742556802367,5.508127633955449,high_volatility,false,false,none,-0.45745,0.0,0.28045000000000003,0.7379,0.6839224497819878,0.9823351863942038,0.8810893114256739,false,none,0.4589,0.10200000000000001,255.30268548020024,389.88954970263376,46.42694583522986,false,化学制药,false,1.0,false,rising,false,false,0.0,2.214493832438433,1.0,化学制药,-5.0,-2.0,3.0,0.3,0.5,0.27643708794940863,0.881088693009903,0.7097869500269782,true,false,-0.08762049520408614,0.1566724628081225,,,,,,,0.07161803713527852,0,0.0,none,2.0183503688467868,false,decreasing_vol,17.0,趋势不可靠-2分(Bootstrap CI过宽: 0.722); 峰值大幅下跌-15分(从0.7跌至0.3，跌幅-50.9%),"","",0,0
300509.SZ,新美星,专用机械,0.360919,0.03425124451626463,0.03873000000000002,0.022151933450642286,0.8111990524035954,,0.7969,98.0,0.05432025710616395,0.19999999999999998,0.8166666666666667,has_loss,has_loss,has_loss,true,1,true,5,true,1,true,5,1.1242446149462197,0.3926986440007146,2.6716289722301743,high_volatility,false,false,none,-0.41455,0.0,0.4666,0.88115,0.6913358941827676,0.9461781078082512,0.9970178002660721,false,none,0.5108,0.4224,684.6661775495231,178.53897238727717,309.9046221570066,false,专用机械,false,1.0,false,rising,false,false,0.0,1.1242446149462197,1.0,专用机械,-5.0,-2.0,3.0,0.3,0.5,0.4330635992167245,0.9996083091364657,0.8243833928541189,true,false,0.03425124451626463,0.022151933450642286,,,,,,,0.07161803713527852,0,0.0,none,1.1104911650740417,false,stable,2.0,趋势不可靠-2分(Bootstrap CI过宽: 0.846),"","",0,0
300510.SZ,金冠股份,电气设备,-0.008391999999999983,-0.029006666651574267,-0.02904,0.4429691779009536,0.22015364724928527,,0.4771,72.17863811865983,-0.03193401619868046,0.0,1.0,poor,poor,poor,true,3,true,5,true,4,true,5,13.361982475873653,0.3300409671540792,36.72874493927126,high_volatility,false,false,none,-0.0755,0.0,0.2902,0.3657,0.36364431950201365,0.6926981475390446,0.3989156991145569,false,none,0.9072,-0.3268,561.8586640851888,210.92769123459664,-316.3601161665053,false,电气设备,true,inf,true,rising,false,false,0.0,13.361982475873653,1.0,电气设备,-5.0,-2.0,3.0,0.3,0.5,0.281876692613532,0.40109013794612974,0.35727623731965924,true,false,0.05227218987173369,0.06671131568161394,,,,,,,0.07161803713527852,0,0.0,none,12.900917299318722,true,increasing_vol,27.82136188134017,单年巨幅下滑-15.0分(年跌-316.4%); 周期顶部预警-5分(警惕景气回落); 波动率飙升预警-8.0分(近期波动是早期的7.1倍),"","",0,0
300525.SZ,博思软件,软件服务,0.5460050000000001,-0.0632674003577582,-0.07325000000000001,0.6539338305405613,0.09753527877776201,-0.08511085990735323,0.4624,92.0,-0.062058734733192865,-0.6,0.23333333333333334,has_near_zero,has_near_zero,has_near_zero,false,0,true,5,false,0,true,5,0.2545935031599955,0.14460401792481425,0.5938589386950244,stable,false,false,none,0.11549999999999994,0.0,-0.10049,-0.21598999999999993,0.33603908945485794,1.0,0.6911235949481009,false,none,0.0242,-0.06560000000000005,-8.217546645494252,5.52259242355089,-13.021040095275913,false,软件服务,false,1.769739844819717,true,rising,false,false,0.0,0.2545935031599955,0.43964011517062535,软件服务,-5.0,-2.0,3.0,0.3,0.5,-0.01863846031686736,0.3861324158546882,0.04885230020635953,false,false,-0.0632674003577582,0.6539338305405613,,,,,,,0.2783505154639176,0,0.0,none,0.15243819188783478,false,decreasing_vol,8.0,峰值明显下跌-8分(从0.8跌至0.5，跌幅-40.4%),"","",0,0
300529.SZ,健帆生物,医疗保健,1.2499250000000002,-0.010226206194879251,-0.01802999999999997,0.021310635134180415,0.8147927139304012,0.02372107371126031,1.316,100.0,0.0023350240909487214,0.0,1.0,good,good,good,false,0,false,0,false,0,false,0,0.14579244463056354,0.18354394024320167,0.3629243649419352,stable,false,false,none,0.3529,0.0,-0.06642999999999996,-0.41933,0.2898892597209768,1.0,0.1695436811043704,false,none,0.18080000000000007,0.040999999999999925,20.270517272893436,15.926708949964771,3.7470297934563996,false,医疗保健,false,1.4175653445439589,true,rising,false,false,0.0,0.14579244463056354,0.30564266831031206,医疗保健,-5.0,-2.0,3.0,0.3,0.5,0.07086453113948032,0.8884798106439898,0.10505478230621568,false,false,-0.010226206194879251,0.021310635134180415,,,,,,,0.07161803713527852,0,0.0,none,0.14402315210290106,false,decreasing_vol,0.0,"","","",0,0
300540.SZ,蜀道装备,专用机械,0.12659199999999993,0.33078448285875056,0.41003999999999996,0.333900726736713,0.30755750155462724,,1.7548,70.0,0.47997297273022765,0.39999999999999997,0.48333333333333334,poor,poor,poor,true,3,true,3,true,3,true,3,310.6645972160715,1.112179258033524,791.2290502793384,high_volatility,false,false,none,0.50475,0.0,0.6880999999999999,0.1833499999999999,0.17358224215689044,0.9065756210863019,0.23598074719699302,false,none,2.8326000000000002,-1.4564000000000001,363.4970945589012,262.8131378734459,-384.6804014791337,false,专用机械,true,inf,true,rising,false,false,0.0,310.6645972160715,1.0,专用机械,-5.0,-2.0,3.0,0.3,0.5,0.4790916920386544,0.1777876963852369,-0.0035251227662932427,false,false,0.33078448285875056,0.333900726736713,,,,,,,0.07161803713527852,0,0.0,none,252.42043213797191,true,increasing_vol,30.0,单年巨幅下滑-15.0分(年跌-384.7%); 周期顶部预警-5分(警惕景气回落); 波动率飙升预警-8.0分(近期波动是早期的4.2倍); 趋势不可靠-2分(Bootstrap CI过宽: 1.151),"","",0,0
300541.SZ,先进数通,软件服务,0.521147,-0.18600227804189773,-0.23331000000000005,0.24807380185581254,0.3931316299482144,,0.8339,75.45870989466361,-0.2728297016022494,-0.6,0.23333333333333334,has_loss,has_loss,has_loss,true,1,true,4,true,1,true,4,1.1595579892492585,0.6854611097648065,2.7786987853977068,high_volatility,false,false,none,-0.6776500000000001,0.0,0.40424999999999994,1.0819,0.6454324709558086,0.9481229337709604,0.5062017757871256,false,none,1.0958,-0.2873,3183.070866141732,418.40397098129057,-1131.1023622047244,false,软件服务,false,1.0,false,rising,false,false,0.0,1.1595579892492585,1.0,软件服务,-5.0,-2.0,3.0,0.3,0.5,0.36676206615664686,0.48763907023270014,0.9174197893272258,true,false,-0.18600227804189773,0.24807380185581254,,,,,,,0.07161803713527852,0,0.0,none,0.9773166140282338,false,stable,24.541290105336387,单年巨幅下滑-15.0分(年跌-1131.1%); 趋势不可靠-2分(Bootstrap CI过宽: 0.969); 峰值明显下跌-8分(从1.4跌至0.8，跌幅-39.6%),"","",0,0
300545.SZ,联得装备,专用机械,0.39237299999999997,0.2154037839289237,0.22271000000000002,0.449265642426866,0.2156871741213144,,0.3959,43.58424358475631,0.1774009362291759,0.39999999999999997,0.48333333333333334,poor,poor,poor,true,2,true,4,true,2,true,4,1.6999589484623394,0.5534386352613991,3.95625998279887,high_volatility,false,false,none,0.644,0.0,-0.3046500000000001,-0.9486500000000001,0.6706261253849624,0.8093916988210011,0.9995695550286218,true,severe,-0.2937,-0.3156000000000001,-60.61480302427379,-42.58990719257541,-31.396736967767612,false,专用机械,false,1.0,true,falling,false,false,0.0,1.6999589484623394,1.0,专用机械,-5.0,-2.0,3.0,0.3,0.5,-0.24940994331093314,0.9996139081844919,-0.8315128304873798,false,true,0.2154037839289237,0.449265642426866,,,,,,,0.9967697277341947,2,0.35650743694476544,sustained_decline,1.3114637605206219,false,decreasing_vol,56.41575641524369,严重恶化-15分; 单年巨幅下滑-15.0分(年跌-42.6%); 加速下滑-0.4分(加速度-0.83); 贝叶斯高置信度恶化-12分(恶化概率99.7%，严重恶化确认); 趋势不可靠-2分(Bootstrap CI过宽: 0.892); 峰值大幅下跌-15分(从1.0跌至0.4，跌幅-60.6%),"","",0,0
300558.SZ,贝达药业,化学制药,1.6499460000000001,0.10459941415414725,0.21441999999999997,0.22001560334172043,0.4254627853403982,0.08629593081179254,2.1773,98.0,0.0852930307044994,0.19999999999999998,0.8166666666666667,good,good,good,false,0,true,1,false,0,true,1,0.3905882270667537,0.6193245046015861,0.9143426546082921,moderate,false,false,none,-0.4144,0.0,0.72125,1.13565,0.6719627347999255,0.9734227452216921,0.7462046027775624,false,none,-0.007300000000000306,1.4498000000000002,196.3119216113228,-0.3341572827977802,197.3053892215569,false,化学制药,false,2.973053892215569,true,falling,false,false,0.0,0.3905882270667537,0.7088777672821456,化学制药,-5.0,-2.0,3.0,0.3,0.5,0.4196420000620191,0.7472811273405146,0.6939366850886385,true,false,0.10459941415414725,0.22001560334172043,,,,,,,0.16167664670658682,0,0.0,none,0.32686805832846566,false,increasing_vol,2.0,趋势不可靠-2分(Bootstrap CI过宽: 0.764),"","",0,0
300562.SZ,乐心医疗,医疗保健,0.356267,-0.007839811140976661,-0.008389999999999998,0.2562571379753842,0.3841596679106261,,0.5465,100.0,0.04980683116523586,0.19999999999999998,0.8166666666666667,has_loss,has_loss,has_near_zero,true,1,true,5,false,0,true,5,0.6084406257861447,0.20547039932798106,1.6304412200177671,volatile,false,false,none,-0.41409999999999997,0.0,0.15993,0.5740299999999999,0.5935847488316638,1.0,0.7877874883166381,false,none,0.2047,-0.05249999999999999,38.6000507227999,59.8888238736103,-13.314734973370529,false,医疗保健,false,2.335208765176192,true,rising,false,false,0.0,0.6084406257861447,0.7981136693190747,医疗保健,-5.0,-2.0,3.0,0.3,0.5,0.06883680570815903,0.5047455681183743,0.07611989817169268,false,false,0.05857869160649797,0.2193405590998848,,,,,,,0.07161803713527852,0,0.0,none,0.535005626066396,false,decreasing_vol,0.0,"","","",0,0
300566.SZ,激智科技,元器件,0.653741,0.10480423669893844,0.13127,0.12391951525425414,0.5612287584166311,,1.3193,113.0,0.22717434914284734,0.39999999999999997,0.48333333333333334,has_loss,has_loss,has_loss,true,1,true,4,true,1,true,4,0.9133276201950603,0.5611119567430372,2.166807734878573,high_volatility,false,false,none,-1.0008,0.0,0.44981,1.45061,0.6933220805884537,1.0,0.9332208058845374,false,none,0.6792999999999999,0.5045,873.6531365313652,106.14062499999999,372.32472324723244,false,元器件,false,1.0,false,rising,false,false,0.0,0.9133276201950603,0.8639954294893816,元器件,-5.0,-2.0,3.0,0.3,0.5,0.4775375426673751,0.9998594768939689,0.8467446065797946,true,false,0.10480423669893844,0.12391951525425414,,,,,,,0.07161803713527852,0,0.0,none,0.8485462234531281,false,stable,2.0,趋势不可靠-2分(Bootstrap CI过宽: 0.920),high_growth,"高速成长(稳健CAGR=22.7%, MK趋势=0.40)",1,0
300569.SZ,天能重工,电气设备,0.01482700000000002,-0.08104802708630499,-0.09910999999999999,0.04605013850750936,0.7288835193093791,,0.4532,94.38976162268672,-0.0497077560373033,0.0,1.0,poor,poor,poor,true,3,true,5,true,3,true,5,14.481933144966188,0.6453149409396934,33.14407540394973,high_volatility,false,false,none,-1.4769,0.0,0.25529999999999997,1.7322000000000002,0.6511342245415884,1.0,0.511342245415884,false,none,0.9727999999999999,-0.38249999999999995,430.5616338439096,187.22093918398767,-278.99343544857766,false,电气设备,true,inf,true,rising,false,false,0.0,14.481933144966188,1.0,电气设备,-5.0,-2.0,3.0,0.3,0.5,0.2878200815677472,0.37049219196047756,0.77952324537344,true,false,-0.08104802708630499,0.04605013850750936,,,,,,,0.07161803713527852,0,0.0,none,14.048445158273726,false,stable,17.61023837731328,单年巨幅下滑-15.0分(年跌-279.0%); 趋势不可靠-2分(Bootstrap CI过宽: 0.981); 峰值大幅下跌-15分(从1.0跌至0.5，跌幅-52.4%),cyclical_bottom,"周期底部(mid_up), 近期强势(28.8%)",0,0
300573.SZ,兴齐眼药,化学制药,2.692839,0.04709156368033678,0.061329999999999975,0.05345054321425873,0.7082787588850747,0.1254449469050658,2.3794,65.75193820741507,-0.10040232944378125,-0.19999999999999998,0.8166666666666667,good,good,good,false,0,false,0,false,0,false,0,0.32078195409849525,0.8579120893191796,0.8394654581893779,moderate,false,false,none,2.2451,0.0,-0.47301000000000004,-2.71811,0.7964409521439278,0.9999999999999996,0.95619722668971,true,severe,-0.1695000000000002,-0.6837,-26.393615046711627,-6.649927419671238,-21.150157767741135,false,化学制药,false,1.0,true,falling,false,false,0.0,0.32078195409849525,0.38995889661212957,化学制药,-5.0,-2.0,3.0,0.3,0.5,-0.14402837824953585,0.9061709654287012,-0.4961235851698762,false,true,0.04709156368033678,0.05345054321425873,,,,,,,0.9507042253521126,3,-0.6855849732802509,chronic_decline,0.3187261859022059,false,decreasing_vol,34.248061792584934,严重恶化-15分; 加速下滑-0.2分(加速度-0.50); 贝叶斯高置信度恶化-12分(恶化概率95.1%，严重恶化确认); 趋势不可靠-2分(Bootstrap CI过宽: 0.608); 峰值明显下跌-8分(从3.7跌至2.4，跌幅-36.2%),"","",0,0
300579.SZ,数字认证,软件服务,0.11746200000000001,0.03012265555796207,0.030279999999999998,0.2999246381664477,0.33932734325554126,,0.1658,85.0,-0.016737304293181935,0.0,1.0,has_loss,has_loss,has_loss,true,1,true,5,true,1,true,5,1.5390161264355804,0.20490460707363314,4.010064593660809,high_volatility,false,false,none,-0.4504,0.0,0.061309999999999996,0.51171,0.614073584128733,1.0,0.6173158412873301,false,none,0.076,0.15889999999999999,339.94211287988423,84.63251670378618,229.95658465991315,false,软件服务,false,1.0,false,rising,false,false,0.0,1.5390161264355804,1.0,软件服务,-5.0,-2.0,3.0,0.3,0.5,0.11704737174184578,0.9594508754633806,0.3763242023531014,true,false,-0.04936375937809573,0.15430250474045704,,,,,,,0.07161803713527852,0,0.0,none,1.4083296575012547,false,decreasing_vol,15.0,峰值大幅下跌-15分(从0.5跌至0.2，跌幅-64.3%),"","",0,0
300582.SZ,英飞特,元器件,0.6913690000000001,0.022977763220405168,0.07143000000000002,0.001742599185005506,0.9468647550400223,,1.5729,92.77434207747223,0.04167879689111527,0.0,1.0,has_loss,has_loss,has_loss,true,1,true,3,true,1,true,3,1.6055085042169652,1.0755943673151138,3.8779592202286763,high_volatility,false,false,none,-0.6801999999999999,0.0,0.18803999999999996,0.8682399999999999,0.2923328047670517,1.0,0.038288852439233086,false,none,2.4036999999999997,-2.598,-10.994794024445458,289.32354357246027,-147.01222272521503,false,元器件,true,inf,true,rising,false,false,0.0,1.6055085042169652,1.0,元器件,-5.0,-2.0,3.0,0.3,0.5,-0.04993377981847235,0.0017924329536658165,-0.3664503068383505,false,false,0.022977763220405168,0.001742599185005506,,,,,,,0.2783505154639176,0,0.0,none,1.5966330832701157,true,increasing_vol,7.225657922527773,单年巨幅下滑-15.0分(年跌-147.0%); 波动率飙升预警-4.2分(近期波动是早期的2.1倍); 趋势不可靠-2分(Bootstrap CI过宽: 1.520),"","",0,0
300583.SZ,赛托生物,化学制药,1.117906,-0.33648603309219666,-0.5297800000000001,0.409395685834479,0.24496076396137778,,1.0251,44.611136679013406,-0.22036912000073144,-0.7999999999999999,0.08333333333333333,has_loss,has_loss,has_loss,true,1,true,1,true,1,true,1,0.8838222437489344,1.1284995937083895,2.2389649447072455,high_volatility,false,false,none,-0.5050500000000001,0.0,-0.16710000000000003,0.3379500000000001,0.24101558500374506,0.921425431768649,0.028770706711090412,false,none,1.5145,-1.8487,-24.586184065327746,309.4605639558643,-136.0038254984183,false,化学制药,false,1.0,false,rising,false,false,0.0,0.8838222437489344,0.8403911283324809,化学制药,-5.0,-2.0,3.0,0.3,0.5,-0.1075423532404368,0.01562913399400955,0.13421192343899657,false,false,-0.33648603309219666,0.409395685834479,,,,,,,0.435483870967742,0,0.0,none,0.592246339745813,true,increasing_vol,55.388863320986594,轻度衰退-6.7分(log斜率-0.336); 持续衰退重罚-10.0分(最新<加权); 单年巨幅下滑-15.0分(年跌-136.0%); 波动率飙升预警-6.7分(近期波动是早期的3.3倍); 趋势不可靠-2分(Bootstrap CI过宽: 0.957); 峰值大幅下跌-15分(从2.4跌至1.0，跌幅-56.7%),"","",0,0
300584.SZ,海辰药业,化学制药,0.336623,-0.04782685401943269,-0.052390000000000006,0.08544271912130098,0.6331946484243349,,0.4997,98.0,-0.06121623873893941,-0.19999999999999998,0.8166666666666667,has_loss,has_loss,has_loss,true,1,true,5,true,1,true,5,0.7703026187870657,0.27140842470343474,1.8734744848725664,high_volatility,false,false,none,-0.33005,0.0,0.2741,0.60415,0.6078354687119225,0.8730909726420601,0.9969637144771648,false,none,0.3003,0.2479,1130.3092783505156,150.60180541624874,511.13402061855663,false,化学制药,false,1.0,false,rising,false,false,0.0,0.7703026187870657,0.749575428362986,化学制药,-5.0,-2.0,3.0,0.3,0.5,0.2647122434407564,0.9984389231206052,0.5783259122505878,true,false,-0.04782685401943269,0.08544271912130098,,,,,,,0.07161803713527852,0,0.0,none,0.733548322361625,false,stable,2.0,趋势不可靠-2分(Bootstrap CI过宽: 0.605),"","",0,0
300595.SZ,欧普康视,医疗保健,0.7501749999999999,0.007013818992050125,0.008850000000000014,0.21892129941628954,0.42677658048678635,0.05066113255709914,0.7638,95.0,0.027012458555750324,0.6,0.23333333333333334,has_near_zero,has_near_zero,has_near_zero,false,0,true,5,false,0,true,5,0.09068215608312481,0.0664881568401471,0.2448172394980906,ultra_stable,false,false,none,0.11399999999999999,0.0,0.014700000000000013,-0.09929999999999997,0.5004546481665015,1.0,0.30594648166501504,true,moderate,-0.04249999999999998,0.07800000000000007,4.874364959494725,-5.270990946297902,10.709872305368677,false,医疗保健,false,1.062130989976658,true,falling,false,false,0.0,0.09068215608312481,0.21416319019672092,医疗保健,-5.0,-2.0,3.0,0.3,0.5,0.01422696355907177,0.21096010444368013,-0.027786657945370385,false,false,0.027677158941354307,0.6520712880753833,,,,,,,0.6492985971943889,1,0.0,single_year_drop,0.05350823950547839,false,stable,5.0,中度恶化-10分,"","",0,0
300604.SZ,长川科技,半导体,0.04298000000000002,0.015752540045017895,0.015800000000000005,0.09282447214639784,0.618168586181983,,0.9981,80.0,0.1076446113799912,0.19999999999999998,0.8166666666666667,poor,poor,has_loss,true,2,true,4,true,1,true,5,29.207386445718623,0.7874311385765742,81.30563798219583,high_volatility,false,false,none,0.031149999999999994,0.0,0.3968499999999999,0.3656999999999999,0.15044194244903925,0.07524078742392154,0.12786617343304096,false,none,2.192,-1.3982999999999999,388.30724070450094,183.5999664963565,-684.0998043052837,false,半导体,true,inf,true,rising,false,false,0.0,29.207386445718623,1.0,半导体,-5.0,-2.0,3.0,0.3,0.5,0.3385133088267701,0.12467410133566433,0.30782492992903854,false,false,0.048064393701960986,0.012470608681063105,,,,,,,0.07161803713527852,0,0.0,none,29.03899742202703,true,increasing_vol,20.0,单年巨幅下滑-15.0分(年跌-684.1%); 周期顶部预警-5分(警惕景气回落); 波动率飙升预警-8.0分(近期波动是早期的9.5倍),"","",0,0
300609.SZ,汇纳科技,软件服务,0.283322,0.04987584546029554,0.05114000000000001,0.1387945575570347,0.5368662055506902,,0.3386,96.61862745520428,0.03215929682665073,0.19999999999999998,0.8166666666666667,has_loss,has_loss,has_loss,true,1,true,5,true,1,true,5,0.8167499021012937,0.21887263876510468,1.776625121277707,high_volatility,false,false,none,0.37420000000000003,0.0,0.011189999999999995,-0.36301000000000005,0.22124595735136304,1.0,0.004170145017962702,true,moderate,-0.12719999999999998,0.47609999999999997,3387.3786407766984,-27.30785744954916,4622.330097087378,false,软件服务,true,inf,true,falling,false,false,0.0,0.8167499021012937,1.0,软件服务,-5.0,-2.0,3.0,0.3,0.5,0.17137120259132177,0.5127584810156858,0.21936864941719275,false,false,0.04987584546029554,0.1387945575570347,,,,,,,0.6492985971943889,1,0.0,single_year_drop,0.7589698800645285,false,stable,3.3813725447957266,中度恶化-10分; 周期回落期-3分(景气下行趋势); 趋势不可靠-2分(Bootstrap CI过宽: 0.325),"","",0,0
300613.SZ,富瀚微,半导体,1.6198910000000002,0.043043851555000394,-0.02122999999999997,0.008015765482959493,0.886158310865081,,1.2233,35.0,-0.10114322079532982,-0.19999999999999998,0.8166666666666667,has_loss,has_loss,has_loss,true,1,true,1,true,1,true,1,0.6996717289017279,1.137848145843724,1.756299730670373,high_volatility,false,false,none,-2.5379,0.0,0.33811,2.87601,0.437607307583066,1.0,0.1283142203417139,true,severe,-0.7421,-0.7403000000000002,-54.7880400635695,-37.75821715681286,-27.360756920575085,false,半导体,true,inf,true,falling,false,false,0.0,0.6996717289017279,1.0,半导体,-5.0,-2.0,3.0,0.3,0.5,-0.345112656763227,0.9924498476603599,-0.4033370657073627,false,false,0.043043851555000394,0.008015765482959493,,,,,,,0.9967697277341947,2,0.3800136182789214,sustained_decline,0.6993671987926181,false,decreasing_vol,65.0,严重恶化-15分; 单年巨幅下滑-15.0分(年跌-37.8%); 周期回落期-3分(景气下行趋势); 贝叶斯高置信度恶化-12分(恶化概率99.7%，严重恶化确认); 趋势不可靠-2分(Bootstrap CI过宽: 1.296); 峰值大幅下跌-15分(从2.7跌至1.2，跌幅-54.8%); 连续下跌警示-6分(2年下跌，累计-48.8%),"","",0,0
300617.SZ,安靠智电,电气设备,0.6233219999999999,0.05069400986209495,0.054220000000000004,0.3977943931069767,0.25393916053187077,0.4426360289027902,1.0391,100.0,0.15826842321489884,0.7999999999999999,0.08333333333333333,has_near_zero,has_near_zero,has_near_zero,false,0,true,4,false,0,true,5,0.5122404858654898,0.2940055492673565,1.3924315283295001,moderate,false,false,none,0.18795,0.0,0.21164999999999992,0.023699999999999916,0.21008345837340575,0.9878188581298913,0.5730117482462737,false,none,0.5280999999999999,-0.1048,68.7398506008444,103.34637964774949,-17.01851250405976,false,电气设备,false,1.2050880626223093,true,rising,false,false,0.0,0.5122404858654898,0.5704707970420331,电气设备,-5.0,-2.0,3.0,0.3,0.5,0.16321350239732718,0.5523190634237889,-0.00912123549782945,false,false,0.1384438819937446,0.7996033160541436,,,,,,,0.07161803713527852,0,0.0,none,0.238608222495327,false,increasing_vol,0.0,"","","",0,0
300618.SZ,寒锐钴业,小金属,1.40603,0.12578050178020042,0.20789000000000002,0.35568433890820095,0.28843746519168667,,1.8524,97.0,0.5062226588696004,0.19999999999999998,0.8166666666666667,has_loss,has_loss,has_near_zero,true,1,true,2,false,0,true,4,2.1066666737834594,2.6525461422942294,5.8177933795031445,high_volatility,false,false,none,2.2535999999999996,0.0,-1.6923999999999995,-3.945999999999999,0.3383100924151927,0.3719916697077632,0.4916485827372818,false,none,1.2883,-4.6731,-64.62995493775298,228.38149264314836,-89.22897731612312,false,小金属,true,inf,true,rising,true,false,0.0,2.1066666737834594,1.0,小金属,-5.0,-2.0,1.6,0.3,0.24,-0.4911589113808812,0.29066209216225225,-1.331587105152717,false,false,0.341723012796298,0.14606969122869984,,,,,,,0.6067415730337079,0,0.0,none,2.0149175786062457,false,decreasing_vol,18.0,单年巨幅下滑-15.0分(年跌-89.2%); 趋势不可靠-2分(Bootstrap CI过宽: 0.428); 峰值大幅下跌-15分(从5.2跌至1.9，跌幅-64.6%),high_growth,"高速成长(稳健CAGR=50.6%, MK趋势=0.20)",1,0
300632.SZ,光莆股份,半导体,0.333946,-0.047199870888502714,-0.05718000000000001,0.07783945056032714,0.6494335545135981,-0.24576538971512518,0.2508,45.0,-0.026321787247596547,0.0,1.0,has_near_zero,has_near_zero,has_near_zero,false,0,true,5,false,0,true,5,0.8313819709425734,0.29189820999793753,2.134149814867559,high_volatility,false,false,none,-0.7493000000000001,0.0,0.09759000000000001,0.8468900000000001,0.6103567434835375,1.0,0.40978743483537483,true,severe,-0.25149999999999995,0.3006,24.343083787803685,-50.06967947441767,149.0332176499752,false,半导体,true,19.54474708171206,true,falling,false,false,0.0,0.8313819709425734,1.0,半导体,-5.0,-2.0,3.0,0.3,0.5,0.023942839055011655,0.02500244808300476,0.28027807757498857,false,false,-0.047199870888502714,0.07783945056032714,,,,,,,0.7873633049817741,1,0.0,cliff_drop,0.7904984953958701,false,decreasing_vol,55.0,严重恶化-15分; 单年巨幅下滑-15.0分(年跌-50.1%); 周期回落期-3分(景气下行趋势); 贝叶斯中度恶化预警-5分(恶化概率78.7%); 趋势不可靠-2分(Bootstrap CI过宽: 0.553); 峰值大幅下跌-15分(从0.8跌至0.3，跌幅-67.6%),"","",0,0
300633.SZ,开立医疗,医疗保健,0.8890590000000002,0.03398801111182017,0.04573000000000001,0.10263128530578536,0.5991921921268433,0.01360857032099072,0.7087,47.844992619887826,0.04374258550369353,0.39999999999999997,0.48333333333333334,has_near_zero,has_near_zero,has_near_zero,false,0,true,3,false,0,true,3,0.2590124748828354,0.22672397976394118,0.5314506363241712,moderate,false,false,none,0.21735000000000004,0.0,-0.19870000000000002,-0.41605000000000003,0.541113258341622,0.8862810545765839,0.6927515288396366,true,severe,-0.42790000000000006,0.03049999999999997,-35.92803543983366,-37.64736934717579,2.757436036524724,false,医疗保健,false,1.0,true,falling,false,false,0.0,0.2590124748828354,0.34054331323960163,医疗保健,-5.0,-2.0,3.0,0.3,0.5,-0.14733234718712457,0.6985592659709868,-0.3100147602243467,false,true,0.03398801111182017,0.10263128530578536,,,,,,,0.9866768176627332,1,0.0,cliff_drop,0.2454877801312049,false,stable,52.155007380112174,严重恶化-15分; 单年巨幅下滑-15.0分(年跌-37.6%); 加速下滑-0.2分(加速度-0.31); 贝叶斯高置信度恶化-12分(恶化概率98.7%，严重恶化确认); 趋势不可靠-2分(Bootstrap CI过宽: 0.322); 峰值明显下跌-8分(从1.1跌至0.7，跌幅-37.6%),"","",0,0
300636.SZ,同和药业,化学制药,0.569605,0.008423439849667735,0.010049999999999993,0.13725432389713813,0.5393166116625472,0.021052703153814578,0.6766,78.93020314619609,-0.008125035522452573,0.0,1.0,has_near_zero,has_near_zero,has_near_zero,false,0,true,5,false,0,true,5,0.19787966836740914,0.11412511993421956,0.5021326767694281,stable,false,false,none,-0.03140000000000004,0.0,0.058449999999999995,0.08985000000000004,0.22117483274530597,0.5745553716696586,0.16094979815334692,false,none,0.28959999999999997,-0.17269999999999996,20.886189029837414,74.83204134366925,-30.855815615508302,false,化学制药,false,1.6483204134366924,true,rising,false,false,0.0,0.19787966836740914,0.3780797898188196,化学制药,-5.0,-2.0,3.0,0.3,0.5,0.04971444599785923,0.14905798804602477,0.07674454292455483,false,false,-0.013237548049075693,0.04292857742269043,,,,,,,0.07161803713527852,0,0.0,none,0.19397392253744472,true,increasing_vol,21.06979685380391,单年巨幅下滑-15.0分(年跌-30.9%); 波动率飙升预警-8.0分(近期波动是早期的4.9倍),"","",0,0
300642.SZ,透景生命,医疗保健,0.875932,0.01441270946751243,0.015039999999999987,0.01516449798422096,0.8436050994269485,-0.013841934795687627,1.0098,98.0,-0.004244828445225543,0.0,1.0,has_near_zero,has_near_zero,has_near_zero,false,0,true,2,false,0,true,2,0.2696555236532779,0.2349832164219394,0.646875215166051,moderate,false,false,none,-0.5637000000000001,0.0,0.12822,0.6919200000000001,0.578964698713258,1.0,0.4759498272115029,false,none,0.23960000000000004,-0.23520000000000008,0.4376367614879609,31.1088029083355,-23.393674159538495,false,医疗保健,false,1.5780882122115838,true,rising,false,false,0.0,0.2696555236532779,0.42613618055083347,医疗保健,-5.0,-2.0,3.0,0.3,0.5,0.0015497350969674861,0.00022861396132619255,0.023178254168772117,false,false,0.01441270946751243,0.01516449798422096,,,,,,,0.13366336633663367,0,0.0,none,0.2682711364828705,true,decreasing_vol,2.0,波动聚集提示-2分(大波动后可能跟着大波动),"","",0,0
300645.SZ,正元智慧,软件服务,0.8160050000000001,0.14537110870074949,0.19555,0.366749953726336,0.27906908946897513,0.14746289628860598,1.3576,93.93561904761904,0.13703404737270863,0.6,0.23333333333333334,has_near_zero,has_near_zero,has_near_zero,false,0,true,3,false,0,true,3,0.6320930786257869,0.4787093721664534,1.4302690997438403,volatile,false,false,none,-0.2462,0.0,0.53345,0.77965,0.6212817103955697,0.7251989305505088,0.9283181734051886,false,none,0.27669999999999995,0.7902,367.0106639146887,25.599037838838,271.8266253869969,false,软件服务,false,1.0,false,rising,false,false,0.0,0.6320930786257869,0.6390077962339629,软件服务,-5.0,-2.0,3.0,0.3,0.5,0.4131670057971196,0.9007727942848547,0.6294985869049536,true,false,0.14537110870074949,0.366749953726336,,,,,,,0.07161803713527852,0,0.0,none,0.4825612470635755,false,increasing_vol,6.064380952380951,波动率飙升预警-4.1分(近期波动是早期的2.0倍); 趋势不可靠-2分(Bootstrap CI过宽: 0.695),"","",0,0
300648.SZ,星云股份,电气设备,-0.10838200000000006,0.07780110781579996,0.09586000000000001,0.07274509572663253,0.6608009703518883,,0.9461,98.0,0.03433548261769122,0.0,1.0,poor,poor,poor,true,3,true,4,true,2,true,5,6.972972573991693,0.9562734587972208,18.57955374070293,high_volatility,false,false,none,-1.0148000000000001,0.0,1.274,2.2888,0.734399199549993,0.9513680039576969,0.9992612093018675,false,none,1.214,1.334,159.06111492602534,453.15416200074645,83.27610961982646,false,电气设备,false,1.0,false,rising,false,false,0.0,6.972972573991693,1.0,电气设备,-5.0,-2.0,3.0,0.3,0.5,1.0463661703019458,0.9988620894279728,1.87917595804148,true,false,0.07780110781579996,0.024101062626249867,,,,,,,0.07161803713527852,0,0.0,none,6.884828678664498,false,stable,2.0,趋势不可靠-2分(Bootstrap CI过宽: 0.593),"","",0,0
300650.SZ,太龙股份,元器件,2.271026,0.0639462589362678,0.10382000000000002,0.08455401709935426,0.6350509284988148,0.11392472848333868,1.7666,47.76285473728272,0.027773639795567878,0.0,1.0,good,good,good,false,0,false,0,false,0,false,0,0.3451984995637418,0.7732032152028341,0.8328124720967194,moderate,false,false,none,1.8654,0.0,-0.33859999999999996,-2.2039999999999997,0.6637310916761261,1.0,0.6373109167612614,true,severe,-1.0460000000000003,0.35260000000000025,-28.1869918699187,-37.189788807509075,14.333333333333343,false,元器件,false,1.1840243902439025,true,falling,false,false,0.0,0.3451984995637418,0.43402871835018053,元器件,-5.0,-2.0,3.0,0.3,0.5,-0.14908392435387674,0.469887679461519,-0.47429052543455563,false,true,0.0639462589362678,0.08455401709935426,,,,,,,0.9737039819684448,1,0.0,cliff_drop,0.33732926976019134,false,decreasing_vol,52.23714526271728,严重恶化-15分; 单年巨幅下滑-15.0分(年跌-37.2%); 加速下滑-0.2分(加速度-0.47); 贝叶斯高置信度恶化-12分(恶化概率97.4%，严重恶化确认); 趋势不可靠-2分(Bootstrap CI过宽: 0.588); 峰值明显下跌-8分(从3.0跌至1.8，跌幅-41.4%),"","",0,0
300653.SZ,正海生物,医疗保健,1.01804,0.0022402803147751004,0.0031599999999999853,0.05710805530664624,0.6986516023652896,-0.039205050033090716,0.841,82.0,-0.05111858851507359,-0.39999999999999997,0.48333333333333334,has_near_zero,has_near_zero,good,false,0,true,2,false,0,true,1,0.19124177245635812,0.20113279692780095,0.5167725250066558,stable,false,false,none,0.39760000000000006,0.0,-0.16713000000000006,-0.5647300000000002,0.6021496395550382,1.0,0.8920363955503819,true,moderate,-0.16169999999999995,-0.04080000000000017,-19.405845711547688,-16.126458561882913,-3.909918543363696,false,医疗保健,false,1.0,true,falling,false,false,0.0,0.19124177245635812,0.28632675129841983,医疗保健,-5.0,-2.0,3.0,0.3,0.5,-0.07371797539562769,0.8886441269700179,-0.09357827699982518,false,false,-0.046108891825906655,0.29827563613465674,,,,,,,0.9932937344318835,1,3.1244998797364585,single_year_drop,0.16222891562967182,false,decreasing_vol,18.0,中度恶化-10分; 贝叶斯恶化预警-8分(恶化概率99.3%); 峰值明显下跌-8分(从1.4跌至0.8，跌幅-39.3%),"","",0,0
300655.SZ,晶瑞电材,半导体,0.357692,-0.050491187255756846,-0.052959999999999986,0.18670382678100866,0.4674769598271862,-0.07619383647376277,0.2461,71.83854651301561,-0.04234156276715553,-0.19999999999999998,0.8166666666666667,has_near_zero,has_near_zero,has_near_zero,false,0,true,5,false,0,true,5,0.5349230773088715,0.1998365632210482,1.3517854274854113,volatile,false,false,none,0.1557,0.0,-0.2016,-0.3573,0.4953996654482977,0.9998502853240028,0.5698107909907523,false,none,0.1018,-0.505,-62.09764361620207,70.54747054747055,-77.77606653318959,false,半导体,true,4.499653499653499,true,rising,false,false,0.0,0.5349230773088715,1.0,半导体,-5.0,-2.0,3.0,0.3,0.5,-0.18347806605371758,0.5570995058655808,-0.32290697396877815,false,true,-0.050491187255756846,0.18670382678100866,,,,,,,0.6067415730337079,0,0.0,none,0.485695881814963,false,increasing_vol,28.16145348698439,单年巨幅下滑-15.0分(年跌-77.8%); 相对加权下滑-10.0分(最新为加权68.8%); 加速下滑-0.2分(加速度-0.32); 趋势不可靠-2分(Bootstrap CI过宽: 0.361); 峰值大幅下跌-15分(从0.6跌至0.2，跌幅-62.1%),"","",0,0
300656.SZ,民德电子,IT设备,0.492466,0.10157522319219177,0.11082000000000002,0.9225245800273,0.009374419679350298,0.3787759485673694,0.6505,98.0,0.08454798009114262,0.9999999999999999,0.016666666666666666,has_near_zero,has_near_zero,has_near_zero,false,0,true,5,false,0,true,5,0.39461538707695615,0.1812152780534798,1.02456339009625,ultra_stable,false,false,none,0.21850000000000003,0.0,0.08202999999999998,-0.13647000000000004,0.6166346555219325,1.0,0.9924326160346043,false,none,0.08479999999999999,0.06430000000000002,29.736737136019155,14.990277532260915,12.824092540885527,false,IT设备,false,1.0,false,rising,false,false,0.0,0.39461538707695615,0.4490256429948982,IT设备,-5.0,-2.0,3.0,0.3,0.5,0.06458990764932157,0.9950852029071503,-0.08712097637425684,false,true,0.10157522319219177,0.9225245800273,,,,,,,0.07161803713527852,0,0.0,none,0.1006491054732329,true,decreasing_vol,2.0,波动聚集提示-2分(大波动后可能跟着大波动),"","",0,0
300657.SZ,弘信电子,元器件,0.352882,0.037785310717418696,0.03970000000000001,0.5518809379184646,0.15032031021960468,-0.12668267102985242,0.4148,88.0,0.013371645086657474,0.0,1.0,has_near_zero,has_near_zero,has_near_zero,false,0,true,5,false,0,true,5,0.5696684696320644,0.20992283105941573,1.3761194029850747,volatile,false,false,none,-0.49679999999999996,0.0,0.06817999999999999,0.5649799999999999,0.6833375842654814,1.0,0.8350442068367633,false,none,0.1225,0.08630000000000002,101.3592233009709,41.908997605200135,41.893203883495154,false,元器件,false,1.0,false,rising,false,false,0.0,0.5696684696320644,0.5890681090389849,元器件,-5.0,-2.0,3.0,0.3,0.5,0.09958564527903975,0.9916102325180615,0.32898329952598426,true,false,-0.04456059420704939,0.1376597940372977,,,,,,,0.07161803713527852,0,0.0,none,0.5240470300792389,false,decreasing_vol,12.0,"趋势不确定预警-4分(Bootstrap CI跨零: [-0.025, 0.100]); 峰值明显下跌-8分(从0.7跌至0.4，跌幅-41.8%)","","",0,0
300661.SZ,圣邦股份,半导体,1.753818,-0.25037258239461757,-0.46914,0.4114441252542997,0.24339775709392172,-0.1350234337256503,1.1602,56.99254835210765,-0.2439710552551857,-0.39999999999999997,0.48333333333333334,good,good,good,false,0,true,1,false,0,true,1,0.6055304627467357,1.1472137935014555,1.5130689975508826,volatile,false,false,none,1.1574,0.0,-0.8492599999999999,-2.00666,0.6048503732941073,1.0,0.6902139583939798,false,none,0.7968,-2.2832,-56.162623743671126,219.26252063841494,-86.26917554598353,false,半导体,true,8.888277380297193,true,rising,false,false,0.0,0.6055304627467357,1.0,半导体,-5.0,-2.0,3.0,0.3,0.5,-0.35504995577290477,0.27864989175503363,-0.46740125958287493,false,false,-0.25037258239461757,0.4114441252542997,,,,,,,0.6067415730337079,0,0.0,none,0.46192214087258515,false,increasing_vol,43.00745164789235,轻度衰退-5.0分(log斜率-0.250); 持续衰退重罚-10.0分(最新<加权); 单年巨幅下滑-15.0分(年跌-86.3%); 相对加权下滑-10.0分(最新为加权66.2%); 趋势不可靠-2分(Bootstrap CI过宽: 0.994); 峰值大幅下跌-15分(从3.2跌至1.2，跌幅-64.1%),"","",0,0
300663.SZ,科蓝软件,软件服务,-0.06342500000000001,0.08692789768186937,0.08745000000000001,0.8410623584900255,0.02829651121539088,,0.1056,94.4475138121547,0.086291624702406,0.7999999999999999,0.08333333333333333,poor,poor,poor,true,3,true,5,true,3,true,5,1.6810795048504237,0.15072558840488898,3.782065581084096,high_volatility,false,false,none,0.01880000000000001,0.0,0.15075,0.13194999999999998,0.42370264798071455,0.26449744437875594,0.9121140802712769,false,none,0.0697,0.2318,153.90505359877488,194.150417827298,118.3256763654926,false,软件服务,true,inf,true,rising,false,false,0.0,1.6810795048504237,1.0,软件服务,-5.0,-2.0,3.0,0.3,0.5,0.15003643433510488,0.9123968221628895,0.13165620868401043,false,false,0.08692789768186937,0.8410623584900255,,,,,,,0.07161803713527852,0,0.0,none,0.6691433125829452,false,increasing_vol,5.552486187845302,周期顶部预警-5分(警惕景气回落); 波动率飙升预警-5.6分(近期波动是早期的2.8倍),"","",0,0
300674.SZ,宇信科技,软件服务,0.694636,0.10278400773972668,0.13612000000000002,0.1780146693684068,0.4791910900264151,0.10962084153777973,1.3362,98.0,0.14245244845794255,0.39999999999999997,0.48333333333333334,has_near_zero,has_near_zero,has_near_zero,false,0,true,4,false,0,true,4,0.7302489449528715,0.47743676021018744,1.7733251758947688,high_volatility,false,false,none,-0.7045999999999999,0.0,0.38604000000000005,1.09064,0.6879701211492506,1.0,0.8797012114925065,false,none,0.7078000000000001,0.3822,442.7294882209586,112.63526416295355,155.23964256701868,false,软件服务,false,1.0,false,rising,false,false,0.0,0.7302489449528715,0.7175324892956305,软件服务,-5.0,-2.0,3.0,0.3,0.5,0.4282764136252235,0.9887768987412645,0.7038760660619482,true,false,0.10278400773972668,0.1780146693684068,,,,,,,0.07161803713527852,0,0.0,none,0.6518414443587937,false,stable,2.0,趋势不可靠-2分(Bootstrap CI过宽: 0.753),"","",0,0
300679.SZ,电连技术,元器件,1.072823,-0.07556311063273122,-0.11919,0.27314263637852093,0.3662405938148329,-0.06368476942912471,1.2059,98.0,-0.10914779074233585,-0.6,0.23333333333333334,has_near_zero,has_near_zero,has_near_zero,false,0,true,2,false,0,true,2,0.30862542834439904,0.34213597735403384,0.7245304804344296,moderate,false,false,none,-0.39914999999999995,0.0,0.21759999999999993,0.6167499999999999,0.6467167467738242,0.9921108026813773,0.7415566650568634,false,none,0.44009999999999994,-0.0049000000000000155,56.468145841442826,57.46931313658917,-0.6357856494096296,false,元器件,false,1.0,false,rising,false,false,0.0,0.30862542834439904,0.3802336760088526,元器件,-5.0,-2.0,3.0,0.3,0.5,0.15505988574341267,0.7406042032942362,0.4164664192728149,true,false,-0.07556311063273122,0.27314263637852093,,,,,,,0.07161803713527852,0,0.0,none,0.25758585307649845,false,decreasing_vol,2.0,趋势不可靠-2分(Bootstrap CI过宽: 0.425),"","",0,0
300682.SZ,朗新集团,软件服务,0.41005900000000006,0.06502219562155158,0.07033,0.40112624260192414,0.25133839766803806,0.07631492724934308,0.5101,99.63811125946482,0.08202972451355173,0.39999999999999997,0.48333333333333334,has_near_zero,has_near_zero,has_near_zero,false,0,true,5,false,0,true,5,0.4481290324205998,0.1743042684503165,1.1397058823529411,moderate,false,false,none,-0.2234,0.0,0.13623000000000002,0.35963,0.5483430525292239,1.0,0.7641705252922394,true,moderate,-0.08989999999999998,0.3021,71.23195703256127,-14.983333333333333,101.4098690835851,false,软件服务,false,3.8289725590299932,true,falling,false,false,0.0,0.4481290324205998,0.8690329004738123,软件服务,-5.0,-2.0,3.0,0.3,0.5,0.09828310553953815,0.48085059650566286,0.1372005236243032,false,false,0.06502219562155158,0.40112624260192414,,,,,,,0.4807121661721069,1,0.0,single_year_drop,0.34508551091814804,false,stable,0.36188874053517317,中度恶化-10分,"","",0,0
300683.SZ,海特生物,生物制药,0.13140200000000002,0.00889600126460542,0.00902,0.09030371000502674,0.6232234270239538,,0.1733,83.78489956313302,0.08358077829735322,0.39999999999999997,0.48333333333333334,has_loss,has_loss,has_near_zero,true,1,true,5,false,0,true,5,2.030989925722857,0.22608979853146846,5.613546532518865,high_volatility,false,false,none,0.31245,0.0,-0.1305,-0.44295,0.5308585627680196,0.998220423969382,0.4244652037108132,false,none,0.1327,-0.39370000000000005,-60.09670734515312,326.84729064039414,-90.65162330186509,false,生物制药,true,10.69704433497537,true,rising,false,false,0.0,2.030989925722857,1.0,生物制药,-5.0,-2.0,3.0,0.3,0.5,-0.12462331065603324,0.41462304222339036,-0.4302008737339603,false,true,0.0665566871441254,0.22639700570543525,,,,,,,0.6067415730337079,0,0.0,none,1.794694168331075,false,stable,16.21510043686698,单年巨幅下滑-15.0分(年跌-90.7%); 加速下滑-0.2分(加速度-0.43); 峰值大幅下跌-15分(从0.4跌至0.2，跌幅-60.1%),"","",0,0
300684.SZ,中石科技,元器件,0.775553,0.04734866244009809,0.05690999999999999,0.8047045638491779,0.039032836283591596,0.09801095640027602,0.8009,76.79326282544815,0.04074125427813907,0.6,0.23333333333333334,has_near_zero,has_near_zero,has_near_zero,false,0,true,4,false,0,true,5,0.3805740919205138,0.2886578372398713,0.9126147030903913,volatile,false,false,none,0.3461,0.0,-0.22115000000000004,-0.56725,0.44879292424612915,0.7640804629717121,0.49260598163771363,false,none,0.16759999999999997,-0.6099000000000001,-35.577541827541836,26.464550765829774,-49.05888030888031,false,元器件,false,1.963050686878257,true,rising,false,false,0.0,0.3805740919205138,0.5661993651201787,元器件,-5.0,-2.0,3.0,0.3,0.5,-0.15498357333711765,0.45942178163980174,-0.41347434910371017,false,true,0.04734866244009809,0.12099490709435881,,,,,,,0.6067415730337079,0,0.0,none,0.36161066231668215,false,stable,23.206737174551854,单年巨幅下滑-15.0分(年跌-49.1%); 加速下滑-0.2分(加速度-0.41); 峰值明显下跌-8分(从1.2跌至0.8，跌幅-35.6%),"","",0,0
300685.SZ,艾德生物,医疗保健,0.7385300000000001,-0.020821193393295745,-0.028300000000000006,0.1906477677067946,0.4622703337878732,-0.0363572645257948,0.858,100.0,-0.014360719463950206,-0.19999999999999998,0.8166666666666667,has_near_zero,has_near_zero,has_near_zero,false,0,true,5,false,0,true,5,0.30880969952823156,0.23068702174157954,0.830901448421729,moderate,false,false,none,-0.31035,0.0,0.24184999999999998,0.5522,0.5994036013093343,0.9815243229883529,0.9081116901049904,false,none,0.10860000000000003,0.37509999999999993,129.22789206518834,14.491593274619701,100.21373230029387,false,医疗保健,false,1.0,false,rising,false,false,0.0,0.30880969952823156,0.3803810929559186,医疗保健,-5.0,-2.0,3.0,0.3,0.5,0.2056259137764277,0.896563344874242,0.46150817957857426,true,false,-0.020821193393295745,0.029355711557798116,,,,,,,0.07161803713527852,0,0.0,none,0.30294465448276336,false,stable,0.0,"","","",0,0
300686.SZ,智动力,元器件,0.43943699999999997,0.0012382488353795851,0.0014100000000000002,0.09731375596337201,0.6093504369209866,,0.5517,84.31072410632447,-0.11981136707411001,-0.39999999999999997,0.48333333333333334,has_loss,has_loss,has_near_zero,true,1,true,5,false,0,true,5,0.8436844804433934,0.4092207203942635,2.331354115124526,high_volatility,false,false,none,-0.4175,0.0,-0.06899,0.34851,0.25428779296027443,1.0,0.06045483766374082,false,none,0.7273999999999999,-0.7322,-0.8625336927223768,414.00113830392706,-131.57232704402514,false,元器件,true,3.0754352030947776,true,rising,false,false,0.0,0.8436844804433934,1.0,元器件,-5.0,-2.0,3.0,0.3,0.5,-0.0020992729005460675,0.00002668417620565182,0.15694945889808526,false,false,-0.13339873517796405,0.3141363566336593,,,,,,,0.2783505154639176,0,0.0,none,0.6828320180043266,false,increasing_vol,15.689275893675527,单年巨幅下滑-15.0分(年跌-131.6%); 波动率飙升预警-6.7分(近期波动是早期的3.3倍); 峰值明显下跌-8分(从1.0跌至0.6，跌幅-42.2%),"","",0,0
300693.SZ,盛弘股份,电气设备,1.030167,0.11457699868218829,0.15969,0.5353945292611509,0.1599369365784932,0.09259812251750099,1.169,96.55170894517178,0.09788270581691567,0.6,0.23333333333333334,has_near_zero,has_near_zero,has_near_zero,false,0,true,3,false,0,true,3,0.3475062511958854,0.3413414902996704,0.9157453220125016,moderate,false,false,none,-0.30180000000000007,0.0,0.23840000000000003,0.5402000000000001,0.42040278970918443,1.0,0.6558834068349272,true,moderate,-0.2489999999999999,0.4324999999999999,18.619989852866563,-17.55994358251057,43.88635210553017,false,电气设备,false,2.7348119575699132,true,falling,false,false,0.0,0.3475062511958854,0.6426465952993634,电气设备,-5.0,-2.0,3.0,0.3,0.5,0.06244592500058598,0.2021582621312964,0.0011250471516291924,false,false,0.11457699868218829,0.5353945292611509,,,,,,,0.6492985971943889,1,0.0,single_year_drop,0.2338477688435845,false,stable,3.448291054828222,中度恶化-10分; 趋势不可靠-2分(Bootstrap CI过宽: 0.315),"","",0,0
300705.SZ,九典制药,化学制药,1.063046,0.14941918344272154,0.21662,0.899044924005806,0.014050043531828203,0.23860888687812376,1.5042,92.91186607582472,0.1493460465187792,0.7999999999999999,0.08333333333333333,has_near_zero,has_near_zero,has_near_zero,false,0,true,3,false,0,true,3,0.3640030045158046,0.3632968386870439,0.866781556219065,stable,false,false,none,0.07264999999999999,0.0,0.3599,0.28725,0.5152501555786575,0.6055910224209996,0.9724105333655749,false,none,0.2548999999999999,0.4649000000000001,91.76440591534931,20.40342591851436,59.2682304946456,false,化学制药,false,1.0368434472208057,true,rising,false,false,0.0,0.3640030045158046,0.4294481965754178,化学制药,-5.0,-2.0,3.0,0.3,0.5,0.23832519932024138,0.9561593660570011,0.17913631431986093,true,false,0.14941918344272154,0.899044924005806,,,,,,,0.07161803713527852,0,0.0,none,0.12137188041439079,false,increasing_vol,7.088133924175281,波动率飙升预警-7.1分(近期波动是早期的3.5倍),"","",0,0
300706.SZ,阿石创,元器件,0.12146200000000001,0.028001431066091355,0.029740000000000003,0.05200734294616412,0.712173062960745,,0.3955,85.9676997565087,0.009754667785438216,0.0,1.0,poor,poor,poor,true,2,true,5,true,2,true,5,1.757512684610745,0.19779047752609324,4.3104673893726675,high_volatility,false,false,none,-0.0736,0.0,0.2224,0.296,0.4277462836987587,0.3245626281079183,0.6825557551344991,false,none,0.48510000000000003,-0.0403,902.2312373225153,541.40625,-81.74442190669372,false,元器件,true,inf,true,rising,false,false,0.0,1.757512684610745,1.0,元器件,-5.0,-2.0,3.0,0.3,0.5,0.21756699572032762,0.6812473414570628,0.29107916388383903,true,false,0.028001431066091355,0.05200734294616412,,,,,,,0.07161803713527852,0,0.0,none,1.7071219519791176,false,stable,14.032300243491312,单年巨幅下滑-15.0分(年跌-81.7%); 周期顶部预警-5分(警惕景气回落); 趋势不可靠-2分(Bootstrap CI过宽: 0.381),"","",0,0
300708.SZ,聚灿光电,半导体,0.720655,-0.016780437717572105,-0.021830000000000006,0.4841907536239718,0.1919154219715233,-0.03497482653957418,0.7756,77.0,-0.02576327286518372,-0.39999999999999997,0.48333333333333334,has_near_zero,has_near_zero,has_near_zero,false,0,true,5,false,0,true,5,0.340141693193975,0.2532218849151866,0.800983263036295,moderate,false,false,none,0.0010000000000000009,0.0,-0.060350000000000015,-0.061350000000000016,0.018717445761941023,0.0019485074432984356,0.03664490919018785,false,none,0.47559999999999997,-0.5963,-13.46647327903604,158.53333333333333,-66.5290639294879,false,半导体,false,1.5505579102153795,true,rising,false,false,0.0,0.340141693193975,0.478854409250564,半导体,-5.0,-2.0,3.0,0.3,0.5,-0.04630636737255417,0.02899582764798108,-0.04705140017816395,false,false,-0.06624505629046408,0.23163368851720303,,,,,,,0.2783505154639176,0,0.0,none,0.29545596423222037,false,increasing_vol,23.0,单年巨幅下滑-15.0分(年跌-66.5%); 波动率飙升预警-8.0分(近期波动是早期的13.7倍),"","",0,0
300709.SZ,精研科技,元器件,1.4969670000000002,0.055220102840881996,0.10714999999999997,0.251844464426595,0.3889733912879999,,1.9344,91.0,0.25270691209847274,0.7999999999999999,0.08333333333333333,has_loss,has_loss,good,true,1,true,1,false,0,false,0,0.678990606108482,0.912970768973465,1.6636174326937379,moderate,false,false,none,1.3921999999999999,0.0,0.2521299999999999,-1.14007,0.7259935948301505,0.9999999999999998,0.7599359483015047,true,moderate,-0.1197999999999999,0.3465999999999998,13.28179901616303,-5.831954045370456,20.29749355821034,false,元器件,false,1.0,true,falling,false,false,0.0,0.678990606108482,0.6765258182201189,元器件,-5.0,-2.0,3.0,0.3,0.5,0.05461999578052278,0.4326843099444798,-0.6885629859108767,false,true,0.36367861885548075,0.7036860152974436,,,,,,,0.4807121661721069,1,0.0,single_year_drop,0.3230115302599754,true,decreasing_vol,9.0,中度恶化-10分; 波动聚集提示-2分(大波动后可能跟着大波动); 趋势不可靠-2分(Bootstrap CI过宽: 0.304),"","",0,0
300724.SZ,捷佳伟创,专用机械,6.167654000000001,0.47970514706150613,2.11218,0.8379027908764852,0.029176064461727193,0.6905003262498861,8.4863,113.17308614351926,0.47690009006104145,0.7999999999999999,0.08333333333333333,good,good,good,false,0,false,0,false,0,false,0,0.6664457599402149,3.68811083550915,1.6377123238164075,moderate,false,false,none,2.8357,0.0,1.9769099999999997,-0.8587900000000004,0.34812542963488824,1.0,0.6702753824826105,true,moderate,-1.6159,5.9346,103.62558786831748,-15.995525727069351,142.39850273538727,false,专用机械,false,1.0,true,falling,false,false,0.0,0.6664457599402149,0.6664899412855053,专用机械,-5.0,-2.0,3.0,0.3,0.5,0.35023692513312876,0.5731378252299811,-0.26267651985737417,false,true,0.47970514706150613,0.8379027908764852,,,,,,,0.6492985971943889,1,0.0,single_year_drop,0.28277852758383343,false,increasing_vol,11.82691385648074,中度恶化-10分; 波动率飙升预警-4.8分(近期波动是早期的2.4倍); 趋势不可靠-2分(Bootstrap CI过宽: 0.551),"high_growth,turnaround","高速成长(稳健CAGR=47.7%, MK趋势=0.80); 底部强力反转(曾跌104%, 近期斜率0.35)",1,1
300725.SZ,药石科技,化学制药,1.36648,-0.023333622774002662,-0.04580000000000002,0.06975525450798664,0.6676733909292163,-0.0376004518888059,1.5162,100.0,0.007434622109297184,0.19999999999999998,0.8166666666666667,good,good,good,false,0,false,0,false,0,false,0,0.1782066408821089,0.24759674270878446,0.41421353409434436,stable,false,false,none,-0.5755000000000001,0.0,0.09741,0.6729100000000001,0.605826369736542,1.0,0.7124436973654201,false,none,0.27990000000000004,0.0011999999999998678,22.7592907456886,22.64013588934725,0.09715812484817972,false,化学制药,false,1.0,false,rising,false,false,0.0,0.1782066408821089,0.2758986460390205,化学制药,-5.0,-2.0,3.0,0.3,0.5,0.0827323887832282,0.753421599447158,0.23085601259119815,true,false,-0.023333622774002662,0.06975525450798664,,,,,,,0.07161803713527852,0,0.0,none,0.17041416299049206,false,decreasing_vol,0.0,"","","",0,0
300726.SZ,宏达电子,元器件,1.21341,-0.002950742043740129,-0.00472999999999999,0.18589177254822967,0.4685573841001104,0.17766061847554182,1.2337,87.0,0.08279590498234882,0.19999999999999998,0.8166666666666667,good,good,good,false,0,true,1,false,0,false,0,0.26629640070456934,0.31211003348178346,0.7073137435582403,stable,false,false,none,0.6346,0.0,0.01048,-0.62412,0.576281518848279,1.0,0.014575188482789856,true,moderate,-0.2366999999999999,0.23170000000000002,-0.40364898684103445,-16.097660500544066,18.705094050213937,false,元器件,false,1.1085815774602406,true,falling,false,false,0.0,0.26629640070456934,0.3608479975583542,元器件,-5.0,-2.0,3.0,0.3,0.5,-0.0015722994475666496,0.0003821133938584718,-0.2198297577341558,false,false,0.09812390964464629,0.4949707211141853,,,,,,,0.9025069637883009,1,0.0,single_year_drop,0.1905392388728932,false,stable,13.0,中度恶化-10分; 贝叶斯恶化预警-8分(恶化概率90.3%),"","",0,0
300735.SZ,光弘科技,元器件,1.1714660000000001,0.25248668573374705,0.36002,0.4970319596355709,0.18358524629517436,,1.8812,98.0,0.23548279487506307,0.6,0.23333333333333334,has_loss,has_loss,has_loss,true,1,true,2,true,1,true,2,0.7087341294465654,0.7537103973012446,1.8008199650198409,volatile,false,false,none,-0.7355,0.0,0.53911,1.27461,0.5331967652032731,1.0,0.6891638979605343,false,none,0.6740999999999999,-0.35419999999999985,20.48933580990201,55.84458619832656,-22.6862230192788,false,元器件,false,2.6616092737811115,true,rising,false,false,0.0,0.7087341294465654,0.9218685400614006,元器件,-5.0,-2.0,3.0,0.3,0.5,0.08045797045107017,0.18946301329149812,-0.20669976589865718,false,false,0.25248668573374705,0.4970319596355709,,,,,,,0.07161803713527852,0,0.0,none,0.46452847437685185,false,decreasing_vol,2.0,趋势不可靠-2分(Bootstrap CI过宽: 0.593),"","",0,0
300738.SZ,奥飞数据,软件服务,0.742918,-0.05264341419755667,-0.06853999999999998,0.24971098641401152,0.3913210249061508,-0.05382477968894006,0.7315,98.0,-0.04688161148272044,-0.19999999999999998,0.8166666666666667,has_near_zero,has_near_zero,has_near_zero,false,0,true,4,false,0,true,4,0.2719517673630759,0.2076297353463612,0.6991669722848013,moderate,false,false,none,-0.21824999999999994,0.0,0.12765,0.3459,0.4328096835325975,0.5893455027341618,0.8760890050789022,false,none,0.044499999999999984,0.21080000000000004,53.611927761444775,6.4774381368267795,44.267114657706855,false,软件服务,false,2.120957580848383,true,rising,false,false,0.0,0.2719517673630759,0.5003557580035785,软件服务,-5.0,-2.0,3.0,0.3,0.5,0.10922881672088222,0.8706212651962151,0.2884554255574665,true,false,-0.05264341419755667,0.24971098641401152,,,,,,,0.07161803713527852,0,0.0,none,0.23196922274665832,false,decreasing_vol,2.0,趋势不可靠-2分(Bootstrap CI过宽: 0.329),"","",0,0
300743.SZ,天地数码,IT设备,0.505795,0.03744335242786456,0.043704999999999994,0.5222554461582877,0.16783265138561165,,0.6404,86.0,0.0673983302629147,0.6,0.23333333333333334,has_loss,has_loss,has_near_zero,true,1,true,5,false,0,true,5,0.7728225256311159,0.3625465032240691,1.9468366302864937,high_volatility,false,false,none,-0.6418999999999999,0.0,0.25284,0.8947399999999999,0.5663763230189817,0.9999999999999996,0.6083611970177543,true,moderate,-0.11680000000000001,0.13890000000000002,3.5743166747533577,-15.425250924458533,22.46482290150413,false,IT设备,true,inf,true,falling,false,false,0.0,0.7728225256311159,1.0,IT设备,-5.0,-2.0,3.0,0.3,0.5,0.009352031507820158,0.02320597107359109,-0.048637228374774605,false,false,0.11237352941806678,0.2687261184841396,,,,,,,0.7873633049817741,1,0.0,single_year_drop,0.6538204475474221,false,decreasing_vol,14.0,"中度恶化-10分; 周期回落期-3分(景气下行趋势); 贝叶斯中度恶化预警-5分(恶化概率78.7%); 趋势不确定预警-4分(Bootstrap CI跨零: [-0.008, 0.077])","","",0,0
300747.SZ,锐科激光,专用机械,0.508545,0.1560959203821266,0.17615,0.8742114367045726,0.01970134211346672,0.47177695970416633,0.9037,100.0,0.15767009273782373,0.6,0.23333333333333334,has_near_zero,has_near_zero,has_near_zero,false,0,true,5,false,0,true,5,0.6569790329882231,0.2993853453327333,1.616194865042791,moderate,false,false,none,-0.025400000000000006,0.0,0.22074999999999995,0.24614999999999995,0.444989818162249,1.0,0.895784613658649,false,none,0.3972,-0.0020000000000000018,77.71878072763029,78.42053307008885,-0.3933136676499512,false,专用机械,false,1.5095739943595072,true,rising,false,false,0.0,0.6569790329882231,0.7268597589718462,专用机械,-5.0,-2.0,3.0,0.3,0.5,0.1614065462642359,0.7458565394956335,0.012720148238481443,false,false,0.1560959203821266,0.8742114367045726,,,,,,,0.07161803713527852,0,0.0,none,0.2409828520749402,false,stable,0.0,"","","",0,0
300750.SZ,宁德时代,电气设备,19.829119,0.017871551171514222,0.3617199999999997,0.06599268509195966,0.6765509588909547,0.2917168812391213,22.0259,100.0,0.1616392220192011,0.6,0.23333333333333334,good,good,good,false,0,false,0,false,0,false,0,0.3484837716980706,6.586859041075647,0.9072411260917135,moderate,false,false,none,8.5741,0.0,-1.5169499999999996,-10.09105,0.7020151385989878,0.983509314756422,0.5366420712334555,false,none,0.9244999999999983,-3.9583999999999975,-12.10664091493148,4.381225890225285,-15.795816407154078,false,电气设备,false,1.1875894490412957,true,rising,false,false,0.0,0.3484837716980706,0.4371322772306293,电气设备,-5.0,-2.0,3.0,0.3,0.5,-0.06446443683652636,0.5198943527248855,-0.6391456744621378,false,true,0.21772072904440598,0.5617296442907715,,,,,,,0.09326424870466322,0,0.0,none,0.23352756287782422,true,decreasing_vol,0.0,加速下滑-0.3分(加速度-0.64); 波动聚集提示-2分(大波动后可能跟着大波动),"","",0,0
300752.SZ,隆利科技,元器件,0.5502870000000001,0.1726935143634159,0.23700500000000002,0.6545405740620754,0.0972544725101322,,1.5435,78.0,0.14885232239905927,0.19999999999999998,0.8166666666666667,has_loss,has_loss,has_near_zero,true,1,true,4,false,0,true,4,1.5487335392821673,0.8053724150975127,4.241183031421868,high_volatility,false,false,none,-0.22760000000000008,0.0,0.21572000000000005,0.44332000000000016,0.22408436811644383,1.0,0.08971395554507546,false,none,2.2055000000000002,-1.5124,81.50282220131703,333.1570996978852,-177.84571966133583,false,元器件,true,inf,true,rising,false,false,0.0,1.5487335392821673,1.0,元器件,-5.0,-2.0,3.0,0.3,0.5,0.2235553896537857,0.054272961865874186,0.0996040896729686,false,false,0.04537070286548324,0.011037047417316183,,,,,,,0.07161803713527852,0,0.0,none,1.5180494588900677,true,increasing_vol,22.0,单年巨幅下滑-15.0分(年跌-177.8%); 周期顶部预警-5分(警惕景气回落); 波动率飙升预警-8.0分(近期波动是早期的4.9倍); 趋势不可靠-2分(Bootstrap CI过宽: 0.347),"","",0,0
300756.SZ,金马游乐,专用机械,0.430423,0.06126195747300561,0.060210000000000014,0.024271538643401706,0.8024432382870019,,0.9834,110.0,0.08775171174732482,0.0,1.0,has_loss,has_loss,has_loss,true,1,true,4,true,1,true,4,1.6741163770123617,0.6903386292248174,4.0796876515665925,high_volatility,false,false,none,-1.6823,0.0,0.44379,2.12609,0.6711816715092026,1.0,0.7118167150920258,false,none,0.8531000000000001,-0.3819,91.99531433033972,654.7198772064468,-74.56071846934792,false,专用机械,true,inf,true,rising,false,false,0.0,1.6741163770123617,1.0,专用机械,-5.0,-2.0,3.0,0.3,0.5,0.18874482075616272,0.2604307405111763,0.4039724360353517,false,false,0.06126195747300561,0.024271538643401706,,,,,,,0.07161803713527852,0,0.0,none,1.6581212298640529,false,decreasing_vol,2.0,单年巨幅下滑-15.0分(年跌-74.6%); 趋势不可靠-2分(Bootstrap CI过宽: 1.034),cyclical_bottom,"周期底部(mid_up), 近期强势(18.9%)",0,0
300759.SZ,康龙化成,化学制药,1.776155,-0.10842014623841978,-0.23021000000000003,0.6804804253392002,0.0855990529288313,-0.08583025757989649,1.4494,53.0,-0.08915415067731117,-0.7999999999999999,0.08333333333333333,good,good,good,false,0,false,0,false,0,false,0,0.24379993332268196,0.4610890618958555,0.603830250732316,stable,false,false,none,0.5161000000000002,0.0,-0.3684,-0.8845000000000003,0.6588436570780732,1.0,0.8397655714960491,true,severe,-0.09169999999999989,-0.258,-19.437496526040793,-5.950295243657122,-14.340503585125896,false,化学制药,false,1.0,true,falling,false,false,0.0,0.24379993332268196,0.3283732799914789,化学制药,-5.0,-2.0,3.0,0.3,0.5,-0.0918199673953759,0.938145919289589,-0.028415616954866496,false,false,-0.10842014623841978,0.6804804253392002,,,,,,,0.9507042253521126,3,-0.5850706909742819,chronic_decline,0.14965672217564163,false,decreasing_vol,47.0,严重恶化-15分; 贝叶斯高置信度恶化-12分(恶化概率95.1%，严重恶化确认); 峰值明显下跌-8分(从2.6跌至1.4，跌幅-44.1%); 智能连续下跌-12分(3年实质性下跌，累计跌幅-30.2%),"","",0,0
300760.SZ,迈瑞医疗,医疗保健,9.199774999999999,0.08835079943671915,0.76363,0.7461675930297424,0.05908469467868148,0.08878716606531878,10.2537,96.0,0.09414060456537632,0.7999999999999999,0.08333333333333333,good,good,good,false,0,false,0,false,0,false,0,0.15942090359450842,1.4057671510602316,0.33537235369631974,ultra_stable,false,false,none,1.3586999999999998,0.0,0.11995000000000022,-1.2387499999999996,0.36558956177976676,0.7791272531298461,0.04059961369423498,false,none,1.129900000000001,-0.8900000000000006,2.3956939423595482,12.38409434665382,-8.887734925802398,false,医疗保健,false,1.097547074683794,true,rising,false,false,0.0,0.15942090359450842,0.2738763328334459,医疗保健,-5.0,-2.0,3.0,0.3,0.5,0.011780007377255375,0.03682294125839893,-0.14542184394738467,false,false,0.08835079943671915,0.7461675930297424,,,,,,,0.13366336633663367,0,0.0,none,0.08164794255012325,false,stable,4.0,"趋势不确定预警-4分(Bootstrap CI跨零: [-0.002, 0.175])","","",0,0
300763.SZ,锦浪科技,电气设备,2.84924,0.0031519135442176216,0.00855999999999999,0.41289831854255077,0.24229217990843369,0.19660040789814137,5.1335,95.0,0.013543484354358593,0.19999999999999998,0.8166666666666667,good,good,good,false,0,true,1,false,0,false,0,0.5487512002012932,1.5032709878794308,1.5250927196799342,volatile,false,false,none,0.022750000000000048,0.0,1.29205,1.2692999999999999,0.4431906971748286,0.6620958078725475,0.37552963835873937,false,none,4.177899999999999,-1.5937999999999999,101.36110457362517,437.20175805776466,-62.51667058915823,false,电气设备,false,2.673503557974048,true,rising,false,false,0.0,0.5487512002012932,0.795468101224241,电气设备,-5.0,-2.0,3.0,0.3,0.5,0.336433051160139,0.2036725404495449,0.3280607505671542,false,false,0.05614551641007775,0.02830791217125294,,,,,,,0.07161803713527852,0,0.0,none,0.5064610964831554,true,increasing_vol,15.0,单年巨幅下滑-15.0分(年跌-62.5%); 波动率飙升预警-8.0分(近期波动是早期的102.5倍),turnaround,"底部强力反转(曾跌101%, 近期斜率0.34)",0,1
300768.SZ,迪普科技,软件服务,0.45202,-0.08042771439465092,-0.091,0.35485497320999687,0.28914873812677455,-0.08105687384622773,0.5098,83.14993569580601,-0.06809942285647141,-0.6,0.23333333333333334,has_near_zero,has_near_zero,has_near_zero,false,0,true,5,false,0,true,5,0.492513656647696,0.23607164590437368,1.083618459484269,volatile,false,false,none,-0.21689999999999998,0.0,0.11435000000000001,0.33125,0.49415657954551007,0.783814287932543,0.4952515075225574,false,none,0.3143,-0.08560000000000001,81.35894699395233,160.76726342710998,-30.451796513696195,false,软件服务,false,1.0,false,rising,false,false,0.0,0.492513656647696,0.5273442586514901,软件服务,-5.0,-2.0,3.0,0.3,0.5,0.1062180933842812,0.48529897537722794,0.29987139161202303,true,false,-0.08042771439465092,0.35485497320999687,,,,,,,0.07161803713527852,0,0.0,none,0.3904612288454047,false,stable,16.85006430419399,单年巨幅下滑-15.0分(年跌-30.5%); 趋势不可靠-2分(Bootstrap CI过宽: 0.354),"","",0,0
300772.SZ,运达股份,电气设备,2.166715,0.6042824214635312,0.69125,0.31732511441579286,0.3227453857477352,,2.9049,93.0,0.8167587619390294,0.39999999999999997,0.48333333333333334,has_loss,has_loss,has_loss,true,1,true,1,true,1,true,1,1.7827588730927515,3.4930307704055514,4.827952269641819,high_volatility,false,false,none,9.459599999999998,0.0,-0.9376199999999999,-10.397219999999997,0.6200804099929726,0.9999999999999996,0.20080409992972678,false,none,0.3853,2.2452,958.6370262390672,15.29210985870773,818.2215743440235,false,电气设备,true,24.70371720116618,true,rising,false,false,0.0,1.7827588730927515,1.0,电气设备,-5.0,-2.0,3.0,0.3,0.5,0.7584340781480261,0.8154279440196632,-0.23329873516401312,false,false,0.6042824214635312,0.31732511441579286,,,,,,,0.07161803713527852,0,0.0,none,1.6932407501402595,true,decreasing_vol,19.0,波动聚集提示-2分(大波动后可能跟着大波动); 趋势不可靠-2分(Bootstrap CI过宽: 2.213); 峰值大幅下跌-15分(从6.8跌至2.9，跌幅-57.1%),cyclical_bottom,"周期底部(mid_up), 近期强势(75.8%)",0,0
300773.SZ,拉卡拉,软件服务,0.8998120000000001,-0.17412207234080324,-0.28496,0.1285914366144514,0.5534041427387805,,1.1243,102.0,-0.1257174723249766,-0.19999999999999998,0.8166666666666667,has_loss,has_loss,has_loss,true,1,true,2,true,1,true,2,1.0119635407352672,0.9970876766864587,2.4622957474880747,high_volatility,false,false,none,-1.1208,0.0,0.7852000000000001,1.9060000000000001,0.6679081499597157,0.6886535257405939,0.9904279738565636,false,none,0.6515000000000001,0.9189,352.0286931181349,137.79610829103217,205.9852051109617,false,软件服务,true,inf,true,rising,false,false,0.0,1.0119635407352672,1.0,软件服务,-5.0,-2.0,3.0,0.3,0.5,0.6995425395956286,0.9760740934479502,1.5899144599962478,true,false,-0.17412207234080324,0.1285914366144514,,,,,,,0.07161803713527852,0,0.0,none,0.902752519757167,false,decreasing_vol,10.0,趋势不可靠-2分(Bootstrap CI过宽: 1.738); 峰值明显下跌-8分(从2.0跌至1.1，跌幅-43.2%),cyclical_bottom,"周期底部(mid_up), 近期强势(70.0%)",0,0
300790.SZ,宇瞳光学,元器件,1.104449,-0.03907411404885504,-0.05358000000000001,0.13688024858847403,0.539914143205886,0.5606958460947571,0.903,50.0,0.11514152868635238,0.19999999999999998,0.8166666666666667,has_near_zero,has_near_zero,good,false,0,true,2,false,0,true,1,0.5410676424611878,0.5693654801619079,1.4022617124394183,volatile,false,false,none,1.2389000000000001,0.0,-0.10239000000000001,-1.34129,0.6184583323264515,1.0,0.1845833232645155,true,severe,-0.7247999999999999,0.4403999999999999,-23.951490651844367,-44.526354589015845,37.08943911066194,false,元器件,false,1.2712228398180898,true,falling,false,false,0.0,0.5410676424611878,0.6023504926113622,元器件,-5.0,-2.0,3.0,0.3,0.5,-0.09839329771765565,0.18803755973441905,-0.5265249594749337,false,false,0.1449781206864277,0.2756546850822877,,,,,,,0.9737039819684448,1,0.0,cliff_drop,0.4738506215773454,false,stable,50.0,严重恶化-15分; 单年巨幅下滑-15.0分(年跌-44.5%); 贝叶斯高置信度恶化-12分(恶化概率97.4%，严重恶化确认); 峰值明显下跌-8分(从1.6跌至0.9，跌幅-44.5%),"","",0,0
300791.SZ,仙乐健康,医疗保健,2.29616,-0.008739521981926957,-0.028719999999999992,0.012772837512044211,0.8564092331763009,-0.025294992546757267,2.4037,98.0,-0.01769804125081037,-0.19999999999999998,0.8166666666666667,good,good,good,false,0,false,0,false,0,false,0,0.13046320712029164,0.3014378493155762,0.3325225490365805,stable,false,false,none,-0.7683,0.0,0.11885000000000004,0.88715,0.611373958182479,1.0,0.33943958182478934,false,none,0.2773000000000003,-0.33820000000000006,-2.470989207173567,13.040820165538014,-13.722307879574783,false,医疗保健,false,1.2258032428130905,true,rising,false,false,0.0,0.13046320712029164,0.26781099807131203,医疗保健,-5.0,-2.0,3.0,0.3,0.5,-0.011571506110401364,0.025598044507114753,0.024506140561636025,false,false,-0.008739521981926957,0.012772837512044211,,,,,,,0.2783505154639176,0,0.0,none,0.1289743377700838,true,decreasing_vol,2.0,波动聚集提示-2分(大波动后可能跟着大波动),"","",0,0
300793.SZ,佳禾智能,IT设备,0.49723,0.1158751457196141,0.14037,0.6243701172046049,0.11167797349545365,,0.9214,94.0,0.19020198369698693,0.6,0.23333333333333334,has_loss,has_loss,has_near_zero,true,1,true,5,false,0,true,5,1.476037646384023,0.6173379852236537,3.660577658760521,high_volatility,false,false,none,-0.9376,0.0,0.50268,1.44028,0.6830353490506005,1.0,0.8303534905060053,false,none,-0.04239999999999999,0.5609999999999999,128.74875868917576,-4.39925295704503,139.27507447864943,false,IT设备,true,inf,true,falling,false,false,0.0,1.476037646384023,1.0,IT设备,-5.0,-2.0,3.0,0.3,0.5,0.21602761840600562,0.696694163811554,0.2009178403087344,false,false,0.23205893391065957,0.4234705457312139,,,,,,,0.16167664670658682,0,0.0,none,1.0898975389911267,true,decreasing_vol,6.0,"周期回落期-3分(景气下行趋势); 波动聚集提示-2分(大波动后可能跟着大波动); 趋势不确定预警-4分(Bootstrap CI跨零: [-0.026, 0.251])","","",0,0
300803.SZ,指南针,软件服务,4.056135,0.17289017230893552,0.33235000000000015,0.2425191626127306,0.3993344149870657,1.0895855565832528,10.8538,115.0,0.6034957714948702,0.9999999999999999,0.016666666666666666,has_near_zero,has_near_zero,has_near_zero,false,0,true,3,false,0,true,4,1.2945620916926388,4.351359776322799,3.059715701849901,high_volatility,false,false,none,0.1891,0.0,4.95315,4.76405,0.6730281669155749,0.8020804392030011,0.9282012299527478,false,none,7.3392,2.5671,1045.5197889182057,208.82034939964717,270.93403693931396,false,软件服务,false,1.0,false,rising,false,false,0.0,1.2945620916926388,1.0,软件服务,-5.0,-2.0,3.0,0.3,0.5,1.1180093953973236,0.9999831233906239,0.9672909969435086,true,false,0.6220166467532897,0.8580787410521964,,,,,,,0.07161803713527852,0,0.0,none,0.6990980664646863,true,increasing_vol,10.0,波动率飙升预警-8.0分(近期波动是早期的26.2倍); 趋势不可靠-2分(Bootstrap CI过宽: 0.672),"high_growth,turnaround","高速成长(稳健CAGR=60.3%, MK趋势=1.00); 底部强力反转(曾跌1046%, 近期斜率1.12)",1,1
300807.SZ,天迈科技,软件服务,-0.35916600000000004,0.19406453537140528,0.22178,0.2871825942828795,0.3519121425233917,,0.124,82.0,0.2241852443948027,0.39999999999999997,0.48333333333333334,poor,poor,poor,true,3,true,4,true,3,true,4,1.5527653480428398,0.6610122086618371,3.8813718581160437,high_volatility,false,false,none,-0.7502000000000001,0.0,0.35441,1.10461,0.4068029817875901,1.0,0.36769823350223785,false,none,0.7164,-0.8905000000000001,-58.403220395840314,120.93180283592166,-298.72525997987253,false,软件服务,true,inf,true,rising,false,false,0.0,1.5527653480428398,1.0,软件服务,-5.0,-2.0,3.0,0.3,0.5,-0.08508414720192106,0.03524151067729512,-0.5181364197821227,false,false,0.19406453537140528,0.2871825942828795,,,,,,,0.6067415730337079,0,0.0,none,1.3162587444394713,false,decreasing_vol,18.0,单年巨幅下滑-15.0分(年跌-298.7%); 趋势不可靠-2分(Bootstrap CI过宽: 0.830); 峰值大幅下跌-15分(从0.3跌至0.1，跌幅-58.4%),"","",0,0
300812.SZ,易天股份,专用机械,-0.309761,0.054340445201203846,0.047929999999999987,0.03624154348072331,0.7590828483901092,,0.104,71.26832888097358,0.0760899794168091,0.39999999999999997,0.48333333333333334,poor,poor,poor,true,3,true,4,true,3,true,4,1.5637274407076451,0.5068666126309761,3.6021472203368923,high_volatility,false,false,none,0.5764,0.0,-0.06062000000000001,-0.63702,0.28807470646037203,1.0,0.02029762762875223,false,none,1.1676000000000002,-1.1003,183.37874659400543,109.7781120722076,-2998.0926430517707,false,专用机械,true,inf,true,rising,false,false,0.0,1.5637274407076451,1.0,专用机械,-5.0,-2.0,3.0,0.3,0.5,0.03356083140618529,0.003395361980011508,-0.28497332085252536,false,false,0.054340445201203846,0.03624154348072331,,,,,,,0.07161803713527852,0,0.0,none,1.5461503787231967,false,increasing_vol,28.731671119026416,单年巨幅下滑-15.0分(年跌-2998.1%); 周期顶部预警-5分(警惕景气回落); 波动率飙升预警-6.7分(近期波动是早期的3.4倍); 趋势不可靠-2分(Bootstrap CI过宽: 0.849),"","",0,0
300814.SZ,中富电路,元器件,0.42501500000000003,-0.027608911692468194,-0.03017,0.5414197029457761,0.15638531978454967,-0.09095196544556472,0.3551,55.0,-0.031764257292985126,-0.6,0.23333333333333334,has_near_zero,has_near_zero,has_near_zero,false,0,true,5,false,0,true,5,0.14725127307040614,0.06480528527828575,0.37468757100658934,ultra_stable,false,false,none,-0.01755000000000001,0.0,-0.06489999999999999,-0.047349999999999975,0.20687243440165407,0.09069504822797654,0.984074632491519,true,severe,-0.07919999999999999,-0.05059999999999998,-26.768405856877703,-18.236242228874048,-10.435141266240459,false,元器件,false,1.1937469226981783,true,falling,false,false,0.0,0.14725127307040614,0.276967274816082,元器件,-5.0,-2.0,3.0,0.3,0.5,-0.05981698094246001,0.9824626764112876,-0.04413543610568734,false,false,-0.027608911692468194,0.5414197029457761,,,,,,,0.9942655529028687,2,0.7475798135930886,accelerating_decline,0.09967090562255997,false,stable,45.0,"严重恶化-15分; 贝叶斯高置信度恶化-12分(恶化概率99.4%，严重恶化确认); 趋势不确定预警-4分(Bootstrap CI跨零: [-0.062, 0.021]); 峰值明显下跌-8分(从0.5跌至0.4，跌幅-31.7%); 连续下跌警示-6分(2年下跌，累计-31.7%)","","",0,0
300820.SZ,英杰电气,电气设备,1.00872,0.02972563325625076,0.03101,0.05737910147683542,0.6979513411440793,0.49279943809264837,2.7159,105.8822568671121,0.26752207912392084,0.6,0.23333333333333334,has_near_zero,has_near_zero,has_near_zero,false,0,true,4,false,0,true,5,1.2256511549142066,1.0570505820442084,3.0375446407866056,high_volatility,false,false,none,-0.11395000000000002,0.0,1.19845,1.3124,0.6102380876019838,0.2556789641150432,0.846701911904795,false,none,2.0817,0.3152,751.3793103448276,328.24030274361405,98.80877742946707,false,电气设备,false,1.0,false,rising,false,false,0.0,1.2256511549142066,1.0,电气设备,-5.0,-2.0,3.0,0.3,0.5,0.7053682394306693,0.8937413148297793,0.8098377314861407,false,false,0.2905471883479646,0.529780104861108,,,,,,,0.07161803713527852,0,0.0,none,0.8385136442905067,false,increasing_vol,9.117743132887899,波动率飙升预警-7.1分(近期波动是早期的3.6倍); 趋势不可靠-2分(Bootstrap CI过宽: 0.406),high_growth,"高速成长(稳健CAGR=26.8%, MK趋势=0.60)",1,0
300823.SZ,建科智能,专用机械,0.7479180000000001,-0.0430708067723817,-0.05094,0.7319513114270672,0.06446241623961256,-0.05747376504958501,0.5439,69.7573593639757,-0.0364652990485923,-0.19999999999999998,0.8166666666666667,has_near_zero,has_near_zero,has_near_zero,false,0,true,4,false,0,true,5,0.3994209428304294,0.3048380635681837,0.9702568134171908,volatile,false,false,none,0.29625,0.0,-0.3689,-0.66515,0.5915745507850538,0.8381901174739366,0.747255390376602,false,none,0.0027000000000000357,-0.7405,-57.56417258328782,0.4988913525498957,-57.774830303503165,false,专用机械,false,2.3682557280118255,true,rising,false,false,0.0,0.3994209428304294,0.6353041846659202,专用机械,-5.0,-2.0,3.0,0.3,0.5,-0.2735575766872357,0.7467468020528675,-0.4852812720486188,false,true,-0.0430708067723817,0.09134078544981153,,,,,,,0.6067415730337079,0,0.0,none,0.3852268910114884,false,stable,30.24264063602431,单年巨幅下滑-15.0分(年跌-57.8%); 加速下滑-0.2分(加速度-0.49); 峰值大幅下跌-15分(从1.3跌至0.5，跌幅-57.6%),"","",0,0
300827.SZ,上能电气,电气设备,0.398207,-0.1073420532921718,-0.11671000000000001,0.26641969306932534,0.37328217832641314,,0.3381,82.0,-0.13941803290525168,-0.39999999999999997,0.48333333333333334,has_loss,has_loss,has_loss,true,1,true,5,true,1,true,5,0.8221738151599098,0.3561821402035762,2.192188726282258,high_volatility,false,false,none,0.40180000000000005,0.0,-0.22662999999999997,-0.62843,0.439040563663896,1.0,0.5062882636837351,false,none,0.43920000000000003,-0.7348,-46.64667823891431,434.4213649851633,-115.95392141391825,false,电气设备,true,inf,true,rising,false,false,0.0,0.8221738151599098,1.0,电气设备,-5.0,-2.0,3.0,0.3,0.5,-0.13276893697188116,0.14182960148649987,-0.21495746815885472,false,false,-0.1073420532921718,0.26641969306932534,,,,,,,0.6067415730337079,0,0.0,none,0.7032262994205161,false,increasing_vol,18.0,单年巨幅下滑-15.0分(年跌-116.0%); 趋势不可靠-2分(Bootstrap CI过宽: 0.587); 峰值大幅下跌-15分(从0.8跌至0.3，跌幅-60.2%),"","",0,0
300830.SZ,金现代,软件服务,0.006039999999999997,0.03367972990567902,0.033800000000000004,0.15960968065586076,0.505201340001546,,0.1444,100.0,0.0276664661250748,0.6,0.23333333333333334,poor,poor,poor,true,3,true,5,true,3,true,5,32.60106237981641,0.13366435575724742,66.29268292682922,high_volatility,false,false,none,0.011150000000000007,0.0,0.12475,0.11359999999999999,0.21031559867551614,0.005799878362997974,0.8559243753633368,false,none,0.2134,0.03609999999999999,237.3929590865842,309.27536231884056,34.34823977164604,false,软件服务,true,inf,true,rising,false,false,0.0,32.60106237981641,1.0,软件服务,-5.0,-2.0,3.0,0.3,0.5,0.12440514726483773,0.8558180554732593,0.11332995040022219,false,false,0.03367972990567902,0.15960968065586076,,,,,,,0.07161803713527852,0,0.0,none,29.881841471574347,false,decreasing_vol,0.0,周期顶部预警-5分(警惕景气回落),"","",0,0
300832.SZ,新产业,医疗保健,1.60756,-0.00825659539665472,-0.04620000000000003,0.0020871496916839297,0.9418518675374445,-0.07601055629276587,1.7264,98.0,0.0512958827897228,0.0,1.0,good,good,good,false,0,true,1,false,0,true,1,0.3333238464961848,0.5404579511858439,0.8545595835748914,moderate,false,false,none,-1.3856000000000002,0.0,0.28114,1.66674,0.6839564352820358,1.0,0.8395643528203572,false,none,-0.07869999999999999,0.5809,41.022708707727496,-4.359869259320813,47.451396830583235,false,医疗保健,false,1.8365042221996133,true,falling,false,false,0.0,0.3333238464961848,0.5115263068235629,医疗保健,-5.0,-2.0,3.0,0.3,0.5,0.14137757510653037,0.6487962818917197,0.42431779316216556,true,false,-0.00825659539665472,0.0020871496916839297,,,,,,,0.16167664670658682,0,0.0,none,0.33026516877265083,false,decreasing_vol,2.0,趋势不可靠-2分(Bootstrap CI过宽: 0.598),"","",0,0
300833.SZ,浩洋股份,专用机械,2.697936,0.33478095914279593,0.6931200000000001,0.4639639179377841,0.20547909406634823,0.3426005924392781,2.1481,40.458038518104004,0.2495916474591435,0.6,0.23333333333333334,has_near_zero,has_near_zero,has_near_zero,false,0,true,2,false,0,true,2,0.7620029712865591,1.897387398503532,1.6163855421686748,high_volatility,false,false,none,1.7825500000000003,0.0,-1.0390500000000003,-2.8216000000000006,0.635469915258649,0.7642159899263166,0.5904831626601735,true,severe,-2.5378000000000003,0.4596999999999998,-49.171832852207665,-54.158219338867674,10.87738393828971,false,专用机械,false,1.0,true,falling,false,false,0.0,0.7620029712865591,0.7429357103625807,专用机械,-5.0,-2.0,3.0,0.3,0.5,-0.3200954138030365,0.6344542737424954,-1.0839229637919945,false,true,0.33478095914279593,0.4639639179377841,,,,,,,0.9866768176627332,1,0.0,cliff_drop,0.6220416320499417,false,stable,59.541961481895996,严重恶化-15分; 单年巨幅下滑-15.0分(年跌-54.2%); 加速下滑-0.5分(加速度-1.08); 贝叶斯高置信度恶化-12分(恶化概率98.7%，严重恶化确认); 趋势不可靠-2分(Bootstrap CI过宽: 1.204); 峰值大幅下跌-15分(从4.7跌至2.1，跌幅-54.2%),"","",0,0
300836.SZ,佰奥智能,专用机械,0.986804,0.04824837934467312,0.05034000000000001,0.07240991444015034,0.6615637480483819,,5.0809,111.0,0.6429283109768462,0.6,0.23333333333333334,poor,poor,poor,true,3,true,3,true,4,true,5,4.3368314741016265,2.6313291285964207,11.40455549329202,high_volatility,false,false,none,-1.4221,0.0,2.02209,3.44419,0.6223517457229464,1.0,0.7747980248788567,false,none,5.2458,-0.5379,1262.171581769437,3181.200727713766,-144.20911528150134,false,专用机械,true,inf,true,rising,false,false,0.0,4.3368314741016265,1.0,专用机械,-5.0,-2.0,3.0,0.3,0.5,0.9816653143546961,0.558847265811705,0.5965378644467634,false,false,0.6672091536695273,0.5931291543380033,,,,,,,0.07161803713527852,0,0.0,none,2.8122284495153407,false,increasing_vol,14.0,单年巨幅下滑-15.0分(年跌-144.2%); 周期顶部预警-5分(警惕景气回落); 趋势不可靠-2分(Bootstrap CI过宽: 0.703),"high_growth,turnaround","高速成长(稳健CAGR=64.3%, MK趋势=0.60); 扭亏为盈(曾亏损3年 -> 最新5.1)",1,1
300837.SZ,浙矿股份,专用机械,0.691467,-0.21325939904476754,-0.28631,0.5457412108429732,0.15386435507567206,-0.20920213331631377,0.5154,93.0,-0.19342327075460222,-0.19999999999999998,0.8166666666666667,has_near_zero,has_near_zero,has_near_zero,false,0,true,3,false,0,true,3,0.7749737366100695,0.6024335838912037,1.6333487701965623,volatile,false,false,none,-0.53025,0.0,0.12899999999999998,0.65925,0.4752133096338936,0.6067082051851241,0.7836497045165147,false,none,0.24639999999999995,0.0116,100.23310023310022,91.59851301115239,4.506604506604505,false,专用机械,true,5.932789432789432,true,rising,false,false,0.0,0.7749737366100695,1.0,专用机械,-5.0,-2.0,3.0,0.3,0.5,0.12015209681482356,0.7849317129391059,0.5374914229407926,true,false,-0.21325939904476754,0.5457412108429732,,,,,,,0.07161803713527852,0,0.0,none,0.5113241405659869,false,decreasing_vol,19.0,"轻度衰退-4.3分(log斜率-0.213); 持续衰退重罚-10.0分(最新<加权); 趋势不确定预警-4分(Bootstrap CI跨零: [-0.541, 0.120]); 峰值大幅下跌-15分(从1.5跌至0.5，跌幅-66.2%)",cyclical_bottom,"周期底部(mid_up), 近期强势(12.0%)",0,0
300841.SZ,康华生物,生物制药,3.497675,0.028760712882143238,-0.08954999999999998,0.005251630029002487,0.9078115341507376,-0.08569513406518514,4.3043,90.0,0.004717305993926502,0.10540925533894598,0.8005421074231263,good,good,good,false,0,false,0,false,0,false,0,0.5800553297026478,2.0444282117501706,1.3367134434564507,high_volatility,false,false,none,-4.7113,0.0,1.1383299999999998,5.849629999999999,0.6805778855296912,1.0,0.8057788552969118,false,none,0.041499999999999204,2.8147,197.23775982321658,0.9735385192830814,194.3719356398039,false,生物制药,false,1.0,false,rising,false,false,0.0,0.5800553297026478,0.5973775970954516,生物制药,-5.0,-2.0,3.0,0.3,0.5,0.5001825756685975,0.7570727410498841,1.1761960039691723,true,false,0.028760712882143238,0.005251630029002487,,,,,,,0.07161803713527852,0,0.0,none,0.5786625302079654,false,decreasing_vol,10.0,趋势不可靠-2分(Bootstrap CI过宽: 1.341); 峰值明显下跌-8分(从6.2跌至4.3，跌幅-30.1%),"","",0,0
300842.SZ,帝科股份,电气设备,-2.240189000000001,0.13409421446549205,0.5224000000000001,0.376171644082272,0.27126666100507946,,6.6717,103.77593072448477,0.5658514032657714,0.39999999999999997,0.48333333333333334,poor,poor,poor,true,4,false,0,true,5,false,0,2.2935889400968588,6.229754535533483,6.316049128180961,high_volatility,false,false,none,1.6186000000000003,0.0,4.320250000000001,2.7016500000000003,0.3894882598787395,0.8884473981212498,0.25366952298651213,false,none,17.1554,-8.5149,438.87139374238114,163.63879164798686,-432.4918732222674,false,电气设备,true,inf,true,rising,false,false,0.0,2.2935889400968588,1.0,电气设备,-5.0,-2.0,3.0,0.3,0.5,2.0130931831735994,0.48005792852278034,1.5518614489695168,true,false,0.8533651012304303,0.3748106914170591,,,,,,,0.07161803713527852,0,0.0,none,2.0994172217511298,true,increasing_vol,21.22406927551524,单年巨幅下滑-15.0分(年跌-432.5%); 周期顶部预警-5分(警惕景气回落); 波动率飙升预警-8.0分(近期波动是早期的7.9倍); 趋势不可靠-2分(Bootstrap CI过宽: 0.634),"high_growth,turnaround","高速成长(稳健CAGR=56.6%, MK趋势=0.40); 扭亏为盈(曾亏损4年 -> 最新6.7)",1,1
300843.SZ,胜蓝股份,元器件,0.710305,-0.0042186412610143,-0.005030000000000013,0.06643622984699066,0.6754905695145657,0.09273848614020697,0.7035,84.86253643316009,0.04213536618450828,0.39999999999999997,0.48333333333333334,has_near_zero,has_near_zero,has_near_zero,false,0,true,5,false,0,true,5,0.235624406715704,0.16320288906756522,0.6488218988218988,moderate,false,false,none,0.22469999999999998,0.0,-0.11964999999999998,-0.34434999999999993,0.5216034289586882,0.9965498134539974,0.5307844761328848,false,none,0.07520000000000004,-0.3145,-25.381841323716586,11.968804711125266,-33.35808230801867,false,元器件,false,1.5005570587299062,true,rising,false,false,0.0,0.235624406715704,0.38857379986988405,元器件,-5.0,-2.0,3.0,0.3,0.5,-0.09240589353874679,0.5160387453470393,-0.27492713367982313,false,true,0.030467157153853477,0.13305856561750465,,,,,,,0.435483870967742,0,0.0,none,0.2213919320367003,false,stable,15.137463566839912,单年巨幅下滑-15.0分(年跌-33.4%); 加速下滑-0.1分(加速度-0.27),"","",0,0
300846.SZ,首都在线,软件服务,0.42339499999999997,0.025566399753066422,0.027509999999999993,0.3617948074940573,0.28323646092062044,0.11694436509829353,0.4814,100.0,0.023401219767646503,0.6,0.23333333333333334,has_near_zero,has_near_zero,has_near_zero,false,0,true,5,false,0,true,5,0.176539193358776,0.072317515167489,0.4201249877941607,stable,false,false,none,0.12190000000000001,0.0,0.004849999999999988,-0.11705000000000002,0.31711557526893386,1.0,0.014112121245754216,false,none,0.11930000000000002,-0.10210000000000002,3.705299439896595,32.94669980668324,-21.994829814735034,false,软件服务,false,1.2819663076498207,true,rising,false,false,0.0,0.176539193358776,0.31216019570699693,软件服务,-5.0,-2.0,3.0,0.3,0.5,0.007774767604736693,0.017092243644727074,-0.06442274680357421,false,false,0.025566399753066422,0.3617948074940573,,,,,,,0.13366336633663367,0,0.0,none,0.14103577122746555,false,stable,0.0,"","","",0,0
300852.SZ,四会富仕,元器件,2.148605,0.0032851068774116367,0.007549999999999946,0.0004251991853904072,0.9737472048039655,-0.04630496642422177,1.7096,62.76730236738379,-0.004694651751945184,0.0,1.0,good,good,good,false,0,false,0,false,0,false,0,0.2903625924557258,0.6232168466914225,0.741820960332473,moderate,false,false,none,0.5250999999999999,0.0,-0.7036,-1.2287,0.594907318626144,0.42077074674543213,0.9934308070767166,true,severe,-0.6044999999999998,-0.8027000000000002,-45.148870636550306,-26.122466617691536,-25.753978439425058,false,元器件,false,2.0443394988849537,true,falling,false,false,0.0,0.2903625924557258,0.5048686738159078,元器件,-5.0,-2.0,3.0,0.3,0.5,-0.2745355367991654,0.999917200677418,-0.46539526523241515,false,true,0.0032851068774116367,0.0004251991853904072,,,,,,,0.9872029250457038,2,0.0143080098918769,sustained_decline,0.29030931959065714,false,decreasing_vol,37.23269763261621,严重恶化-15分; 加速下滑-0.2分(加速度-0.47); 贝叶斯高置信度恶化-12分(恶化概率98.7%，严重恶化确认); 趋势不可靠-2分(Bootstrap CI过宽: 0.525); 峰值明显下跌-8分(从3.1跌至1.7，跌幅-45.1%),"","",0,0
300853.SZ,申昊科技,专用机械,-0.323863,0.07775944452360041,0.08159000000000001,0.7644983650226519,0.05244300747688004,,-0.1407,90.13169446883231,0.07815085111056952,0.6,0.23333333333333334,poor,poor,poor,true,5,true,5,true,5,true,5,0.42418021310216153,0.14775893543200697,0.9594074754550151,moderate,false,false,none,-0.0046499999999999875,0.0,0.1671,0.17174999999999999,0.43211094482918533,0.01960827285175782,0.9580011754400954,false,none,0.10650000000000001,0.22769999999999999,70.37271004421983,43.08252427184466,47.946936197094125,false,专用机械,false,inf,true,rising,false,false,0.0,0.42418021310216153,1.0,专用机械,-5.0,-2.0,3.0,0.3,0.5,0.15920496307535864,0.9621459702813154,0.16341291255280863,false,false,0.07775944452360041,0.7644983650226519,,,,,,,0.07161803713527852,0,0.0,none,0.2068218149440066,false,increasing_vol,9.86830553116769,"波动率飙升预警-5.9分(近期波动是早期的2.9倍); 趋势不确定预警-4分(Bootstrap CI跨零: [-0.011, 0.167])","","",0,0
300855.SZ,图南股份,小金属,0.632259,-0.0025448319367470107,-0.0022700000000000055,0.0002960630176277635,0.9780931079552482,0.13940478992330485,0.7603,97.0,-0.02619208063244439,-0.19999999999999998,0.8166666666666667,has_near_zero,has_near_zero,has_near_zero,false,0,true,5,false,0,true,5,0.42670602066934715,0.27007930872245656,1.0128922172717794,volatile,false,false,none,0.4431,0.0,-0.09546,-0.53856,0.37475317003441216,1.0,0.18193268543130847,false,none,0.5072,-0.5529000000000001,-5.669975186104227,200.39510075069146,-68.59801488833747,false,小金属,true,3.532990912682734,true,rising,true,false,0.0,0.42670602066934715,1.0,小金属,-5.0,-2.0,1.6,0.3,0.24,-0.017989898153677186,0.004396775491733249,-0.1681369179019548,false,false,-0.0025448319367470107,0.0002960630176277635,,,,,,,0.2783505154639176,0,0.0,none,0.4266683392678304,false,increasing_vol,3.0,单年巨幅下滑-15.0分(年跌-68.6%); 趋势不可靠-2分(Bootstrap CI过宽: 0.484),"","",0,0
300857.SZ,协创数据,IT设备,0.21032500000000004,0.04883880274952923,0.05059,0.32365605033222095,0.316876647863211,,0.4036,91.0,0.014847138370875562,0.0,1.0,has_loss,has_loss,has_near_zero,true,1,true,5,false,0,true,5,1.6919889820594332,0.3720345373752281,4.084500636710934,high_volatility,false,false,none,0.3137,0.0,-0.10439000000000001,-0.41808999999999996,0.24201831301680324,1.0,0.09990890381971852,false,none,0.8001,-0.8981000000000001,-19.537480063795858,201.7906683480454,-179.0470494417863,false,IT设备,true,inf,true,rising,false,false,0.0,1.6919889820594332,1.0,IT设备,-5.0,-2.0,3.0,0.3,0.5,-0.04463334643299062,0.008708668174084992,-0.21692407723450063,false,false,-0.031420922588732254,0.018940567959164243,,,,,,,0.435483870967742,0,0.0,none,1.6764163119300917,false,increasing_vol,9.0,单年巨幅下滑-15.0分(年跌-179.0%); 波动率飙升预警-8.0分(近期波动是早期的4.7倍),"","",0,0
300866.SZ,安克创新,元器件,3.1057000000000006,0.48121002824005843,1.1822000000000001,0.9069567583572424,0.012399318957657645,0.8285759975585116,5.1664,113.0,0.4904778126195932,0.9999999999999999,0.016666666666666666,good,good,good,false,0,true,1,false,0,true,1,0.7024532937755011,1.9324771093081543,1.7100078515761314,stable,false,false,none,0.6428,0.0,1.2199300000000002,0.5771300000000001,0.31152887512060157,1.0,0.8870320318787476,false,none,1.6481000000000003,0.014800000000000146,47.46396460682177,46.843646079072286,0.42243470814899803,false,元器件,false,1.0,false,rising,false,false,0.0,0.7024532937755011,0.6952959683537342,元器件,-5.0,-2.0,3.0,0.3,0.5,0.18893952298322603,0.7580456926382126,-0.5708718387080852,false,true,0.48121002824005843,0.9069567583572424,,,,,,,0.07161803713527852,0,0.0,none,0.17825374951392922,false,decreasing_vol,2.0,趋势不可靠-2分(Bootstrap CI过宽: 0.627),high_growth,"高速成长(稳健CAGR=49.0%, MK趋势=1.00)",1,0
300868.SZ,杰美特,元器件,-0.005051,-0.10255693770036332,-0.11236999999999997,0.06829380424920987,0.6710903354501525,,0.524,90.0,-0.177946940388502,-0.19999999999999998,0.8166666666666667,poor,poor,poor,true,2,true,5,true,2,true,5,23.260322621539277,0.6666408463333161,55.205861828332125,high_volatility,false,false,none,-0.7910999999999998,0.0,0.6664,1.4574999999999998,0.6905948462839475,0.9869600280684063,0.9189884347710686,false,none,1.0091,0.3237,164.78733926805145,208.01896516182234,40.02225519287833,false,元器件,false,1.0,false,rising,false,false,0.0,23.260322621539277,1.0,元器件,-5.0,-2.0,3.0,0.3,0.5,0.6210497829138032,0.9045791004828653,1.3466934376441482,true,false,-0.10255693770036332,0.06829380424920987,,,,,,,0.07161803713527852,0,0.0,none,22.418987809723774,false,stable,10.0,趋势不可靠-2分(Bootstrap CI过宽: 1.366); 峰值明显下跌-8分(从0.8跌至0.5，跌幅-32.2%),"","",0,0
300870.SZ,欧陆通,电气设备,2.7245410000000003,0.21402052494245832,0.6256700000000001,0.5449858883095031,0.15430339263036477,0.1935040777329773,3.9236,88.0,0.19128768994163997,0.39999999999999997,0.48333333333333334,good,good,good,false,0,false,0,false,0,false,0,0.49746894157539306,1.2619991097461203,1.0147269831759196,moderate,false,false,none,-0.29215,0.0,1.2871000000000001,1.57925,0.6665331347826771,0.9933985642957577,0.7635142917033331,false,none,0.046399999999999775,2.5278,190.7662664888099,1.1967399154028622,187.3277012005336,false,电气设备,false,1.0,false,rising,false,false,0.0,0.49746894157539306,0.5313084865936478,电气设备,-5.0,-2.0,3.0,0.3,0.5,0.4838995318407971,0.7589289994492923,0.6365848457859595,true,false,0.21402052494245832,0.5449858883095031,,,,,,,0.07161803713527852,0,0.0,none,0.3088770101097133,false,increasing_vol,12.0,"波动率飙升预警-8.0分(近期波动是早期的4.4倍); 趋势不确定预警-4分(Bootstrap CI跨零: [-0.154, 0.548])","","",0,0
300889.SZ,爱克股份,电气设备,-0.013487000000000027,0.06196657808815001,0.06171,0.024208115670605976,0.8026994114299189,,0.5779,110.0,0.09376482207004193,0.0,1.0,poor,poor,poor,true,3,true,5,true,3,true,5,21.165234198370563,0.6772874943478582,50.04374999999999,high_volatility,false,false,none,-0.2723,0.0,0.7086,0.9809,0.4658324580074622,0.11183891884027894,0.9645477316735471,false,none,0.9439,0.47330000000000005,168.85499821279637,257.89617486338796,56.39223162158943,false,电气设备,true,inf,true,rising,false,false,0.0,21.165234198370563,1.0,电气设备,-5.0,-2.0,3.0,0.3,0.5,0.6564226522157037,0.9532999896403289,0.8926577791014069,false,false,0.06196657808815001,0.024208115670605976,,,,,,,0.07161803713527852,0,0.0,none,20.944449400577692,false,decreasing_vol,2.0,趋势不可靠-2分(Bootstrap CI过宽: 1.357),cyclical_bottom,"周期底部(mid_up), 近期强势(65.6%)",0,0
300896.SZ,爱美客,医疗保健,6.073413,0.186626591609261,1.03291,0.6995218436012411,0.07747368250921903,0.15803680310464086,6.3689,86.75183367899237,0.2085374150857981,0.7999999999999999,0.08333333333333333,good,good,good,false,0,false,0,false,0,false,0,0.3682801064129257,2.1225971245151536,0.9525742859423202,moderate,false,false,none,0.98845,0.0,0.42529999999999996,-0.56315,0.28335972017629485,0.9899674158856129,0.053841990488024946,true,moderate,-2.662699999999999,3.513299999999999,15.414167406628854,-29.482040834403644,63.666346519761504,false,医疗保健,false,1.0,true,falling,false,false,0.0,0.3682801064129257,0.42795741846367386,医疗保健,-5.0,-2.0,3.0,0.3,0.5,0.07067677058767563,0.07936847956317361,-0.14547087906743758,false,false,0.186626591609261,0.6995218436012411,,,,,,,0.6492985971943889,1,0.0,single_year_drop,0.23523527546133138,false,increasing_vol,13.248166321007636,中度恶化-10分; 波动率飙升预警-6.2分(近期波动是早期的3.1倍); 趋势不可靠-2分(Bootstrap CI过宽: 0.305),"","",0,0
300907.SZ,康平科技,电气设备,0.687497,0.23869012029568681,0.29578999999999994,0.31699805028073413,0.3230509001933152,,1.2499,113.0,0.28630425895925427,0.39999999999999997,0.48333333333333334,has_loss,has_loss,has_loss,true,1,true,3,true,1,true,3,1.3016586093887597,0.7793811089576138,3.141325405838733,high_volatility,false,false,none,-1.2373,0.0,0.6479000000000001,1.8852000000000002,0.6869501425990557,1.0,0.869501425990557,true,moderate,-0.10509999999999997,1.1516,514.5034414945919,-7.756457564575643,566.1750245821042,false,电气设备,true,inf,true,falling,false,false,0.0,1.3016586093887597,1.0,电气设备,-5.0,-2.0,3.0,0.3,0.5,0.4227537761912922,0.6935174998704706,0.6527326814579675,false,false,0.23869012029568681,0.31699805028073413,,,,,,,0.4807121661721069,1,0.0,single_year_drop,1.0412562484127035,false,decreasing_vol,2.0,中度恶化-10分; 周期回落期-3分(景气下行趋势); 趋势不可靠-2分(Bootstrap CI过宽: 1.184),high_growth,"高速成长(稳健CAGR=28.6%, MK趋势=0.40)",1,0
300909.SZ,汇创达,元器件,0.7974760000000001,-0.03484361865542093,-0.046280000000000016,0.03376922592552974,0.7673479601501605,-0.04999288733016538,0.8599,75.0,-0.034063814888294394,-0.19999999999999998,0.8166666666666667,has_near_zero,has_near_zero,has_near_zero,false,0,true,3,false,0,true,3,0.47512274147528266,0.3854955875233853,1.1125764149083022,volatile,false,false,none,-0.5954000000000002,0.0,0.02960999999999999,0.6250100000000002,0.2761001684027993,1.0,0.008433554802072151,false,none,0.4708,-0.9027000000000001,-33.433968106518044,120.99717296324852,-69.87923827217836,false,元器件,false,3.041676477513539,true,rising,false,false,0.0,0.47512274147528266,0.7856550568486981,元器件,-5.0,-2.0,3.0,0.3,0.5,-0.14733964009109518,0.17918208369911706,-0.22395230451517978,false,false,-0.03484361865542093,0.03376922592552974,,,,,,,0.6067415730337079,0,0.0,none,0.46648441181712186,false,stable,25.0,单年巨幅下滑-15.0分(年跌-69.9%); 趋势不可靠-2分(Bootstrap CI过宽: 0.515); 峰值明显下跌-8分(从1.3跌至0.9，跌幅-33.4%),"","",0,0
300916.SZ,朗特智能,元器件,1.8078210000000001,-0.19171302139985286,-0.41633,0.5793459968055027,0.13499600951942892,-0.15693182826071617,1.5247,59.16573957200294,-0.16272839900600317,-0.6,0.23333333333333334,good,good,good,false,0,true,1,false,0,true,1,0.42010270401062844,0.8119408980954217,1.1240634960056295,moderate,false,false,none,-0.996,0.0,-0.28997,0.7060299999999999,0.36565358643492923,1.0,0.36104620964486883,false,none,0.6790999999999999,-1.4074999999999998,-32.32879144290089,80.30983916745505,-62.46948648528693,false,元器件,false,1.5713638107193917,true,rising,false,false,0.0,0.42010270401062844,0.5455973379710883,元器件,-5.0,-2.0,3.0,0.3,0.5,-0.17151479326111452,0.19068285181634614,-0.03514557702044541,false,false,-0.19171302139985286,0.5793459968055027,,,,,,,0.6067415730337079,0,0.0,none,0.24592897302239888,false,increasing_vol,40.83426042799706,"轻度衰退-3.8分(log斜率-0.192); 持续衰退重罚-10.0分(最新<加权); 单年巨幅下滑-15.0分(年跌-62.5%); 趋势不确定预警-4分(Bootstrap CI跨零: [-0.398, 0.024]); 峰值明显下跌-8分(从3.0跌至1.5，跌幅-49.5%)","","",0,0
300922.SZ,天秦装备,专用机械,0.512668,0.026429928189864574,0.025560000000000006,0.039229659117526766,0.7494747724601769,0.1665071485991685,0.4829,87.89085049464646,0.03545139019127293,0.19999999999999998,0.8166666666666667,has_near_zero,has_near_zero,has_near_zero,false,0,true,5,false,0,true,5,0.47576885597241714,0.24026327226607067,1.136831683168317,volatile,false,false,none,0.5741,0.0,-0.07098,-0.6450800000000001,0.45281597776733434,1.0,0.16110389041037715,true,moderate,-0.1634,0.3462,60.91302899033656,-25.282376605291656,115.36154615128291,false,专用机械,false,2.4678440519826723,true,falling,false,false,0.0,0.47576885597241714,0.7096609583756234,专用机械,-5.0,-2.0,3.0,0.3,0.5,0.08504811400198423,0.29577123553195256,0.0661289650809484,false,false,0.026429928189864574,0.039229659117526766,,,,,,,0.6492985971943889,1,0.0,single_year_drop,0.4689899752684107,true,decreasing_vol,12.10914950535354,中度恶化-10分; 波动聚集提示-2分(大波动后可能跟着大波动); 峰值明显下跌-8分(从0.8跌至0.5，跌幅-42.2%),"","",0,0
300925.SZ,法本信息,软件服务,0.17654999999999998,0.026443927623408817,0.024500000000000008,0.01805112713299121,0.8294506156658299,,0.3551,88.0,0.12750729153753942,0.19999999999999998,0.8166666666666667,poor,poor,poor,true,2,true,5,true,2,true,5,1.8877732375887142,0.3194112318000104,4.755910165484634,high_volatility,false,false,none,-0.8047,0.0,0.22195,1.02665,0.7337044799215758,1.0,0.9527082007295102,false,none,0.07970000000000005,0.2854,3651.0000000000005,28.939724037763277,2854.0,false,软件服务,false,1.0,false,rising,false,false,0.0,1.8877732375887142,1.0,软件服务,-5.0,-2.0,3.0,0.3,0.5,0.17901561311938521,0.9005881942619555,0.43135389350901177,true,false,0.026443927623408817,0.01805112713299121,,,,,,,0.07161803713527852,0,0.0,none,1.873838541920704,true,decreasing_vol,12.0,波动聚集提示-2分(大波动后可能跟着大波动); 趋势不可靠-2分(Bootstrap CI过宽: 0.607); 峰值明显下跌-8分(从0.5跌至0.4，跌幅-31.1%),"","",0,0
300932.SZ,三友联众,电气设备,0.888879,-0.002908220518323046,-0.00391999999999999,0.09231306185908668,0.619187939276999,-0.00540709468580991,0.894,87.0,0.031847114283070924,0.19999999999999998,0.8166666666666667,has_near_zero,has_near_zero,has_near_zero,false,0,true,4,false,0,true,5,0.281908571830682,0.24529428652131302,0.7636877672045236,moderate,false,false,none,-0.4497,0.0,0.14679999999999999,0.5965,0.4406607422114358,1.0,0.45213959515011287,true,moderate,-0.23440000000000005,0.17770000000000008,-5.964026506784472,-20.77277561148529,18.69149048069844,false,电气设备,false,2.432420780340591,true,falling,false,false,0.0,0.281908571830682,0.5498496281766244,电气设备,-5.0,-2.0,3.0,0.3,0.5,-0.020839797454026865,0.05905896659362326,-0.034409043612246115,false,false,0.04915421123993294,0.15890155920568397,,,,,,,0.9025069637883009,1,0.0,single_year_drop,0.25799512018126125,false,decreasing_vol,13.0,中度恶化-10分; 贝叶斯恶化预警-8分(恶化概率90.3%),"","",0,0
300933.SZ,中辰股份,电气设备,-0.14055700000000002,0.06731447677820002,0.06801,0.09559395236899591,0.6127014718647268,,0.19,98.0,0.07866322941919222,0.39999999999999997,0.48333333333333334,poor,poor,poor,true,3,true,5,true,3,true,5,2.275413097352386,0.36625049214984,5.779696819085487,high_volatility,false,false,none,-0.24544999999999995,0.0,0.46515,0.7105999999999999,0.5133634867401928,0.34050789749248295,0.955801562408681,false,none,0.2919,0.6384,125.66527083614749,286.45731108930323,86.23531000945562,false,电气设备,true,inf,true,rising,false,false,0.0,2.275413097352386,1.0,电气设备,-5.0,-2.0,3.0,0.3,0.5,0.4371220619771971,0.9638994258191371,0.6563644491733069,true,false,0.06731447677820002,0.09559395236899591,,,,,,,0.07161803713527852,0,0.0,none,2.1751279018642182,false,stable,2.0,周期顶部预警-5分(警惕景气回落); 趋势不可靠-2分(Bootstrap CI过宽: 0.746),"","",0,0
300939.SZ,秋田微,元器件,1.117495,-0.03643775500913983,-0.05393000000000003,0.206845909403494,0.4415601787321691,-0.0838079519947339,0.9057,59.0,-0.04172863973633084,-0.39999999999999997,0.48333333333333334,has_near_zero,has_near_zero,has_near_zero,false,0,true,2,false,0,true,2,0.16581817289444237,0.18977226615077353,0.3793929014557085,stable,false,false,none,0.027249999999999996,0.0,-0.21710000000000007,-0.24435000000000007,0.31623394309763064,0.020402050968505267,0.953649243364994,true,severe,-0.30000000000000004,-0.1342000000000001,-32.40540338831257,-24.881811395869626,-10.015672811403844,false,元器件,false,1.3594764610389611,true,falling,false,false,0.0,0.16581817289444237,0.31391806645408205,元器件,-5.0,-2.0,3.0,0.3,0.5,-0.144724188001915,0.9427093851336874,-0.16123834563571515,false,false,-0.03643775500913983,0.206845909403494,,,,,,,0.9978328378466964,2,1.4842875625428975,accelerating_decline,0.14813609836205335,false,decreasing_vol,41.0,严重恶化-15分; 贝叶斯高置信度恶化-12分(恶化概率99.8%，严重恶化确认); 峰值明显下跌-8分(从1.3跌至0.9，跌幅-32.4%); 连续下跌警示-6分(2年下跌，累计-29.5%),"","",0,0
300951.SZ,博硕科技,元器件,2.224526,0.19923253014169395,0.27002000000000004,0.18404101686772242,0.4710306573320895,0.5894893242044306,1.5696,41.0,0.13270122564515077,0.39999999999999997,0.48333333333333334,good,good,good,false,0,true,1,false,0,true,1,0.7068678376726285,1.5151853474080323,1.6234511457789058,high_volatility,false,false,none,3.4271000000000003,0.0,-0.40876999999999997,-3.8358700000000003,0.5903507587290058,1.0,0.17844392864960867,true,severe,-2.1562,2.2225,4.4102973458391554,-57.87213484352354,147.84141555245128,false,元器件,false,2.4608527905275057,true,falling,false,false,0.0,0.7068678376726285,0.8936079755417703,元器件,-5.0,-2.0,3.0,0.3,0.5,0.018084072914269056,0.0014883683931081837,-0.45846861092352686,false,false,0.19923253014169395,0.18404101686772242,,,,,,,0.8810333106730117,1,0.0,cliff_drop,0.678226220995355,false,stable,59.0,严重恶化-15分; 单年巨幅下滑-15.0分(年跌-57.9%); 贝叶斯高置信度恶化-12分(恶化概率88.1%，严重恶化确认); 趋势不可靠-2分(Bootstrap CI过宽: 1.222); 峰值大幅下跌-15分(从3.7跌至1.6，跌幅-57.9%),"","",0,0
300953.SZ,震裕科技,电气设备,-5.129708,-0.29840009787198135,-0.90276,0.7116794510700775,0.07247425895373294,,-4.6284,92.71346427349867,-0.2724952501569372,-0.39999999999999997,0.48333333333333334,poor,poor,poor,true,5,false,0,true,5,false,0,0.6498681552912237,3.1576313823814206,1.763616306638567,high_volatility,false,false,none,-4.2846,0.0,2.53825,6.822850000000001,0.6795999477677755,0.9304664272892648,0.8655330503884909,false,none,0.8053999999999997,4.271100000000001,52.308627600490475,14.822039824800317,44.00972704510093,false,电气设备,false,1.0,false,rising,false,false,0.0,0.6498681552912237,0.6532278575663123,电气设备,-5.0,-2.0,3.0,0.3,0.5,0.36579623458961885,0.9023043772086724,1.3629324618765928,true,false,-0.2984000978719814,0.4133859319869403,,,,,,,0.07161803713527852,0,0.0,none,0.5796795017863929,false,decreasing_vol,7.286535726501331,轻度衰退-6.0分(log斜率-0.298); 趋势不可靠-2分(Bootstrap CI过宽: 0.549),"","",0,0
300956.SZ,英力股份,元器件,0.7318460000000001,0.12692816980366267,0.14022,0.25654770031255003,0.38384465569974546,,0.842,81.56360783140228,0.2032706758688248,0.19999999999999998,0.8166666666666667,has_loss,has_loss,has_loss,true,1,true,4,true,1,true,5,1.292462144886562,0.8915145382998529,3.5028559830670645,high_volatility,false,false,none,0.80935,0.0,-0.6271,-1.43645,0.3641388738180009,0.43217397810057867,0.4865010954822011,false,none,0.48879999999999996,-1.743,-59.83207709188054,138.39184597961494,-83.15046274210476,false,元器件,true,126.27710843373491,true,rising,false,false,0.0,1.292462144886562,1.0,元器件,-5.0,-2.0,3.0,0.3,0.5,-0.3603590028374988,0.39082489379045365,-0.87278433719544,false,true,0.1269281698036627,0.09370205042297351,,,,,,,0.6067415730337079,0,0.0,none,1.25185832179795,false,stable,18.43639216859772,单年巨幅下滑-15.0分(年跌-83.2%); 加速下滑-0.4分(加速度-0.87); 趋势不可靠-2分(Bootstrap CI过宽: 0.539); 峰值大幅下跌-15分(从2.1跌至0.8，跌幅-59.8%),"","",0,0
300962.SZ,中金辐照,医疗保健,0.71007,0.0003177516865012331,0.00039000000000000146,0.022891460329981565,0.8080973369618549,0.008761178927508162,0.7349,100.0,0.011168397308778999,0.6,0.23333333333333334,has_near_zero,has_near_zero,has_near_zero,false,0,true,5,false,0,true,5,0.036134485388891295,0.025479148337415033,0.09913206262763778,ultra_stable,false,false,none,-0.04469999999999996,0.0,0.022089999999999988,0.06678999999999995,0.5082739462406063,1.0,0.9491594624060624,false,none,0.021299999999999986,0.011199999999999988,4.626993166287012,2.9848654708520157,1.5945330296127542,false,医疗保健,false,1.0,false,rising,false,false,0.0,0.036134485388891295,0.16224092164444637,医疗保健,-5.0,-2.0,3.0,0.3,0.5,0.013195883417438381,0.9694846395812637,0.016177580584992024,false,false,0.008087143700957767,0.37452392907048077,,,,,,,0.13366336633663367,0,0.0,none,0.02851114808678741,false,decreasing_vol,0.0,"","","",0,0
300963.SZ,中洲特材,小金属,-0.07891400000000001,-0.014015875917541276,-0.014179999999999993,0.0023789742629445,0.9379227172255671,,0.184,108.0,0.23394072242606656,0.19999999999999998,0.8166666666666667,poor,poor,poor,true,3,true,5,true,3,true,5,6.4142013678085394,0.47888427412058543,16.83632467184571,high_volatility,false,false,none,-1.2570000000000001,0.0,0.28757,1.5445700000000002,0.8904679732342945,1.0,0.9885735599776039,false,none,0.2792,0.2243,157.58998435054775,293.2773109243697,70.2034428794992,false,小金属,true,1.0,false,rising,true,false,0.0,6.4142013678085394,1.0,小金属,-5.0,-2.0,1.6,0.3,0.24,0.24863849454334178,0.9953624747807053,0.6716781611079364,true,false,-0.014015875917541276,0.0023789742629445,,,,,,,0.07161803713527852,0,0.0,none,6.407167696042515,true,decreasing_vol,19.0,波动聚集提示-2分(大波动后可能跟着大波动); 趋势不可靠-2分(Bootstrap CI过宽: 0.819); 峰值大幅下跌-15分(从0.6跌至0.2，跌幅-67.0%),"high_growth,cyclical_bottom","高速成长(稳健CAGR=23.4%, MK趋势=0.20); 周期底部(mid_up), 近期强势(24.9%)",1,0
300996.SZ,普联软件,软件服务,0.5442950000000001,-0.246858968272194,-0.31134999999999996,0.47281190929374706,0.19947806361580586,,0.5714,63.06282063455612,-0.2747131232819189,-0.6,0.23333333333333334,has_loss,has_loss,has_loss,true,1,true,3,true,1,true,3,1.055710761001704,0.6732267522907865,2.6532852438450685,high_volatility,false,false,none,-0.5276,0.0,0.1133,0.6408999999999999,0.46932349780859717,0.9074144806540463,0.06406052704578086,false,none,0.8634,-0.6368,65.71925754060327,295.6849315068493,-184.68677494199537,false,软件服务,false,1.0,false,rising,false,false,0.0,1.055710761001704,0.9779019421346966,软件服务,-5.0,-2.0,3.0,0.3,0.5,0.1029184506202775,0.056386211609664526,0.5027547107542679,false,false,-0.246858968272194,0.47281190929374706,,,,,,,0.07161803713527852,0,0.0,none,0.7201263413609992,false,stable,36.93717936544388,轻度衰退-4.9分(log斜率-0.247); 单年巨幅下滑-15.0分(年跌-184.7%); 趋势不可靠-2分(Bootstrap CI过宽: 0.745); 峰值大幅下跌-15分(从1.4跌至0.6，跌幅-59.2%),"","",0,0
300998.SZ,宁波方正,专用机械,-0.014051999999999981,-0.10743112414051957,-0.12344,0.06157532708174514,0.6873265929077736,,0.647,98.0,-0.22080133653893017,-0.39999999999999997,0.48333333333333334,poor,poor,poor,true,3,true,5,true,3,true,5,32.31439547220424,0.7425848079512535,71.93646649260226,high_volatility,false,false,none,-0.76715,0.0,0.6456500000000001,1.4128,0.6670927927142425,0.9893974545051248,0.6815304726373005,false,none,1.4101,-0.11880000000000002,200.41905944435823,184.78574236666228,-18.438615551761607,false,专用机械,false,1.0,false,rising,false,false,0.0,32.31439547220424,1.0,专用机械,-5.0,-2.0,3.0,0.3,0.5,0.6075731112833003,0.6903876823254084,1.311500338610074,true,false,-0.10743112414051957,0.06157532708174514,,,,,,,0.07161803713527852,0,0.0,none,31.178264859973932,false,stable,2.0,趋势不可靠-2分(Bootstrap CI过宽: 1.328),"","",0,0
301018.SZ,申菱环境,专用机械,0.37564700000000006,0.045719544639350046,0.04930000000000001,0.1989063697499046,0.4515796944379557,-0.17351026410565318,0.5086,77.83231945835209,-0.08325622866970507,-0.19999999999999998,0.8166666666666667,has_near_zero,has_near_zero,has_near_zero,false,0,true,4,false,0,true,5,1.0010518237882875,0.41415516053769036,2.5087015372715844,high_volatility,false,false,none,-0.9316000000000001,0.0,0.08432,1.0159200000000002,0.6810732995299407,1.0,0.31073299529940596,false,none,0.4565000000000001,-0.2074,95.9922928709056,876.1996161228408,-79.92292870905587,false,专用机械,false,2.4655581947743466,true,rising,false,false,0.0,1.0010518237882875,1.0,专用机械,-5.0,-2.0,3.0,0.3,0.5,0.11610911538575666,0.28224137090393575,0.45957462578499486,false,false,-0.10150940997192648,0.20540674854533483,,,,,,,0.07161803713527852,0,0.0,none,0.8757058265190385,false,decreasing_vol,22.16768054164792,单年巨幅下滑-15.0分(年跌-79.9%); 峰值大幅下跌-15分(从1.1跌至0.5，跌幅-53.3%),"","",0,0
301022.SZ,海泰科,专用机械,0.39116,-0.1044888964640925,-0.1064,0.06585254859834024,0.6768867781838191,,1.0176,78.48561051957657,-0.16354004625233234,0.0,1.0,poor,poor,poor,true,2,true,4,true,2,true,4,1.668047208546644,0.7057174129919142,3.623191831332136,high_volatility,false,false,none,-0.48539999999999994,0.0,0.5842,1.0695999999999999,0.5932514321584178,0.6556429632416049,0.532183894884258,false,none,1.5329000000000002,-0.3645,774.8010610079577,297.4771977488842,-241.710875331565,false,专用机械,true,inf,true,rising,false,false,0.0,1.668047208546644,1.0,专用机械,-5.0,-2.0,3.0,0.3,0.5,0.5219991462228365,0.5211734061571719,0.9712210391531447,true,false,-0.1044888964640925,0.06585254859834024,,,,,,,0.07161803713527852,0,0.0,none,1.61995820823942,false,increasing_vol,21.51438948042343,单年巨幅下滑-15.0分(年跌-241.7%); 周期顶部预警-5分(警惕景气回落); 趋势不可靠-2分(Bootstrap CI过宽: 1.236),"","",0,0
301023.SZ,江南奕帆,电气设备,1.248008,-0.2869235263532139,-0.51824,0.7331760369517636,0.06399132349758041,-0.24005259844659443,0.9072,50.26152947293572,-0.3534073904958076,-0.7999999999999999,0.08333333333333333,has_near_zero,has_near_zero,has_near_zero,false,0,true,2,false,0,true,2,0.6587421276438196,0.9245314013055479,1.6704192435944938,moderate,false,false,none,-0.8189000000000001,0.0,-0.08750000000000002,0.7314,0.6018851229228038,0.9995132631361223,0.056537966091915616,false,none,0.5316000000000001,-0.7066000000000001,-16.17076326002588,141.53354632587863,-65.29292182591018,false,电气设备,false,1.0,false,rising,false,false,0.0,0.6587421276438196,0.660327035448389,电气设备,-5.0,-2.0,3.0,0.3,0.5,-0.062055523511156285,0.04269095214076528,0.33177221467841356,false,false,-0.2869235263532139,0.7331760369517636,,,,,,,0.435483870967742,0,0.0,none,0.30507489882910194,true,stable,49.73847052706428,轻度衰退-5.7分(log斜率-0.287); 持续衰退重罚-10.0分(最新<加权); 单年巨幅下滑-15.0分(年跌-65.3%); 波动聚集提示-2分(大波动后可能跟着大波动); 趋势不可靠-2分(Bootstrap CI过宽: 0.467); 峰值大幅下跌-15分(从2.7跌至0.9，跌幅-66.6%),"","",0,0
301028.SZ,东亚机械,专用机械,0.63091,0.00203933897203476,0.0017399999999999972,0.001290418706119629,0.9542720205552062,-0.04451740016718175,0.6001,85.0,-0.005617724222073017,0.0,1.0,has_near_zero,has_near_zero,has_near_zero,false,0,true,5,false,0,true,5,0.16638595156192237,0.10482980492207356,0.4082280490127611,stable,false,false,none,-0.24929999999999997,0.0,0.04845999999999999,0.29775999999999997,0.44270261744208306,1.0,0.34696982815300303,true,moderate,-0.12780000000000002,0.09640000000000004,-4.972288202692001,-17.557356779777443,15.265241488519408,false,专用机械,false,1.5464202251965158,true,falling,false,false,0.0,0.16638595156192237,0.3392981246090734,专用机械,-5.0,-2.0,3.0,0.3,0.5,-0.01336848655581191,0.05826012029594422,0.023294817198881823,false,false,0.00203933897203476,0.001290418706119629,,,,,,,0.9025069637883009,1,0.0,single_year_drop,0.1663286415617464,true,decreasing_vol,15.0,中度恶化-10分; 贝叶斯恶化预警-8分(恶化概率90.3%); 波动聚集提示-2分(大波动后可能跟着大波动),"","",0,0
301029.SZ,怡合达,专用机械,0.748577,-0.004700342185525397,-0.005700000000000005,0.021513892139015167,0.8139179407116556,0.14007619743838395,1.1488,92.0,0.05785064439373945,0.19999999999999998,0.8166666666666667,has_near_zero,has_near_zero,has_near_zero,false,0,true,4,false,0,true,5,0.3448742115614258,0.2477576335857283,0.8634465478841872,moderate,false,false,none,-0.07575000000000004,0.0,0.31015000000000004,0.3859000000000001,0.5638470954320528,0.9749054073416704,0.891765546978857,false,none,0.4973000000000001,0.123,117.3699148533586,76.33154259401384,23.27341532639546,false,专用机械,false,1.0,false,rising,false,false,0.0,0.3448742115614258,0.409232702582474,专用机械,-5.0,-2.0,3.0,0.3,0.5,0.23811093128054817,0.9068414864299832,0.302935094779974,true,false,0.07512628809183249,0.3982976618622913,,,,,,,0.07161803713527852,0,0.0,none,0.2644325612047319,true,increasing_vol,8.0,波动率飙升预警-8.0分(近期波动是早期的4.1倍),"","",0,0
301031.SZ,中熔电气,电气设备,1.015177,0.256637203197792,0.36879,0.8547537332023761,0.02460515514942606,0.42279715634071513,1.8441,105.0,0.2702979185872757,0.7999999999999999,0.08333333333333333,has_near_zero,has_near_zero,has_near_zero,false,0,true,3,false,0,true,3,0.7027242372664838,0.6356421815770253,1.6204921838724653,moderate,false,false,none,0.06115000000000001,0.0,0.6359,0.57475,0.5534107390313759,0.3886074938623882,0.9959998964513717,false,none,0.5661,0.7057,222.22610518958587,44.29577464788733,123.30945308404682,false,电气设备,false,1.0,false,rising,false,false,0.0,0.7027242372664838,0.6955127231465204,电气设备,-5.0,-2.0,3.0,0.3,0.5,0.413365753328025,0.9782840876409016,0.3589267356451769,true,false,0.256637203197792,0.8547537332023761,,,,,,,0.07161803713527852,0,0.0,none,0.2797369318740325,true,increasing_vol,10.0,波动率飙升预警-8.0分(近期波动是早期的4.8倍); 趋势不可靠-2分(Bootstrap CI过宽: 0.391),high_growth,"高速成长(稳健CAGR=27.0%, MK趋势=0.80)",1,0
301033.SZ,迈普医学,医疗保健,1.2424350000000002,0.1757644069008455,0.27625000000000005,0.7419266751403151,0.06066820104804247,0.26650662044152473,1.7496,96.0,0.18085064559060082,0.7999999999999999,0.08333333333333333,has_near_zero,has_near_zero,has_near_zero,false,0,true,2,false,0,true,2,0.432548837155083,0.501566329611548,0.9224188485287522,moderate,false,false,none,0.02564999999999995,0.0,0.50915,0.48350000000000004,0.3500074967270751,0.021300011687249137,0.8366621821698401,false,none,0.11949999999999994,0.8988000000000002,139.24517981676468,7.3308385988589615,122.90441679201425,false,医疗保健,false,1.3767263776835772,true,rising,false,false,0.0,0.432548837155083,0.5296025867485434,医疗保健,-5.0,-2.0,3.0,0.3,0.5,0.32378964710909286,0.8198164556728371,0.30283213200283526,false,false,0.1757644069008455,0.7419266751403151,,,,,,,0.07161803713527852,0,0.0,none,0.21261802471167734,false,increasing_vol,4.0,"趋势不确定预警-4分(Bootstrap CI跨零: [-0.008, 0.359])","","",0,0
301039.SZ,中集车辆,汽车整车,0.8556080000000001,0.025029308339462666,0.001959999999999984,0.008115885006166324,0.8854514759067185,-0.06951447216394269,1.1694,111.0,0.21133259211358799,0.19999999999999998,0.8166666666666667,has_near_zero,has_near_zero,has_near_zero,false,0,true,3,false,0,true,3,0.6584063519870597,0.5629505990759758,1.7233515005496949,high_volatility,false,false,none,-1.4735,0.0,0.35641,1.82991,0.8568395231411366,1.0,0.9825697151266453,false,none,0.2821,0.3154,104.47630704668649,31.793080130733692,55.14950166112958,false,汽车整车,false,1.0,false,rising,false,false,0.0,0.6584063519870597,0.660058414922981,汽车整车,-5.0,-2.0,3.0,0.3,0.5,0.22582730779874421,0.9945370629402017,0.5673325332767026,true,false,0.025029308339462666,0.008115885006166324,,,,,,,0.07161803713527852,0,0.0,none,0.6583963754714389,true,decreasing_vol,4.0,波动聚集提示-2分(大波动后可能跟着大波动); 趋势不可靠-2分(Bootstrap CI过宽: 0.827),high_growth,"高速成长(稳健CAGR=21.1%, MK趋势=0.20)",1,0
301063.SZ,海锅股份,电气设备,-0.428253,0.20331099269478564,0.21233999999999997,0.40085569040260405,0.2515489114778876,,0.3255,108.0,0.5267172262079064,0.7999999999999999,0.08333333333333333,poor,poor,poor,true,3,true,4,true,3,true,5,1.8777465035917142,1.1967254016690714,4.656844285445302,high_volatility,false,false,none,1.7499999999999998,0.0,0.43743999999999994,-1.31256,0.7327886845806242,1.0,0.8278868458062419,true,moderate,-0.09239999999999998,0.9979,156.12068965517244,-22.11055276381909,172.05172413793105,false,电气设备,false,1.0,true,falling,false,false,0.0,1.8777465035917142,1.0,电气设备,-5.0,-2.0,3.0,0.3,0.5,0.4358048378273765,0.6761515697784477,-0.12121651784070647,false,true,0.5110576350288295,0.9023154252896726,,,,,,,0.6492985971943889,1,0.0,single_year_drop,0.7326273995211112,false,decreasing_vol,7.0,中度恶化-10分; 趋势不可靠-2分(Bootstrap CI过宽: 0.887),high_growth,"高速成长(稳健CAGR=52.7%, MK趋势=0.80)",1,0
301065.SZ,本立科技,化学制药,1.245838,0.06171530807778983,0.10905999999999996,0.04157841873664703,0.7421869522856236,0.046001518797400553,2.2266,98.0,0.11413858874213796,0.39999999999999997,0.48333333333333334,has_near_zero,has_near_zero,has_near_zero,false,0,true,3,false,0,true,3,0.6429323847178753,0.7799541345489489,1.4153587443946187,high_volatility,false,false,none,-1.3504,0.0,0.5415599999999999,1.89196,0.6767668497508783,1.0,0.7676684975087824,false,none,1.3596,0.26459999999999995,269.62151394422307,156.81660899653977,43.924302788844614,false,化学制药,false,1.0,false,rising,false,false,0.0,0.6429323847178753,0.6476792411076335,化学制药,-5.0,-2.0,3.0,0.3,0.5,0.4848655205234906,0.9053051602165634,0.889031362832809,true,false,0.06171530807778983,0.04157841873664703,,,,,,,0.07161803713527852,0,0.0,none,0.6270221978575335,false,stable,2.0,趋势不可靠-2分(Bootstrap CI过宽: 0.958),"","",0,0
301085.SZ,亚康股份,软件服务,-0.7858480000000001,0.2788387988470995,0.4074400000000001,0.2181485246488029,0.4277068903589216,,2.2932,78.06646341463414,-0.07130682139470385,0.0,1.0,poor,poor,has_loss,true,2,true,1,true,1,true,2,4.963617001053871,3.4233073732868338,12.609616053822064,high_volatility,false,false,none,-2.3314,0.0,0.32371999999999995,2.6551199999999997,0.3465092617417137,1.0,0.012410088277483688,false,none,8.6966,-6.916600000000001,346.84333593141076,135.81222475559858,-1347.739672642245,false,软件服务,true,inf,true,rising,false,false,0.0,4.963617001053871,1.0,软件服务,-5.0,-2.0,3.0,0.3,0.5,0.5372884212889707,0.06308753060561754,0.8114603235782327,false,false,-0.05590026808692521,0.002795457982854011,,,,,,,0.07161803713527852,0,0.0,none,4.908910992442853,true,increasing_vol,21.933536585365854,单年巨幅下滑-15.0分(年跌-1347.7%); 周期顶部预警-5分(警惕景气回落); 波动率飙升预警-7.9分(近期波动是早期的4.0倍); 趋势不可靠-2分(Bootstrap CI过宽: 1.468),"","",0,0
301086.SZ,鸿富瀚,元器件,1.7008320000000001,-0.19719949051683,-0.38715999999999995,0.6038292736125432,0.12204454137073474,-0.16365573505053788,1.2574,47.36486892868974,-0.18133647249946902,-0.6,0.23333333333333334,good,good,good,false,0,true,1,false,0,true,1,0.4181508094764538,0.7597716578025269,0.9726028905106275,moderate,false,false,none,-0.5207999999999999,0.0,-0.39780999999999994,0.12298999999999999,0.17474548343335905,1.0,0.49447416480239,false,none,0.4546000000000001,-1.6027,-47.728123051340674,56.6268061783757,-66.62648098108501,false,元器件,false,1.6868863955119215,true,rising,false,false,0.0,0.4181508094764538,0.5594388336494193,元器件,-5.0,-2.0,3.0,0.3,0.5,-0.27967190401054465,0.39697742973082356,-0.24898786650716487,false,false,-0.19719949051683,0.6038292736125432,,,,,,,0.6067415730337079,0,0.0,none,0.2476764297934504,false,increasing_vol,52.63513107131026,"轻度衰退-3.9分(log斜率-0.197); 持续衰退重罚-10.0分(最新<加权); 单年巨幅下滑-15.0分(年跌-66.6%); 波动率飙升预警-4.7分(近期波动是早期的2.3倍); 趋势不确定预警-4分(Bootstrap CI跨零: [-0.429, 0.078]); 峰值大幅下跌-15分(从2.6跌至1.3，跌幅-51.1%)","","",0,0
301087.SZ,可孚医疗,医疗保健,2.1858709999999997,-0.031319102722714744,-0.15323000000000003,0.005845034028093901,0.9027521553567781,-0.06379762348224671,3.1727,98.0,0.016982397230592278,0.0,1.0,good,good,good,false,0,true,1,false,0,true,1,0.642885604834951,1.434817808294837,1.6379310344827585,high_volatility,false,false,none,-1.8277999999999999,0.0,1.3491499999999998,3.1769499999999997,0.6939022575351322,0.9396521117024793,0.9993704636488427,false,none,1.2904999999999998,1.4078000000000002,568.7816188870152,68.56338327489107,296.75379426644184,false,医疗保健,false,1.0,false,rising,false,false,0.0,0.642885604834951,0.6476418172012942,医疗保健,-5.0,-2.0,3.0,0.3,0.5,0.7067453950370587,0.9673942593873386,1.5405309954572894,true,false,-0.031319102722714744,0.005845034028093901,,,,,,,0.07161803713527852,0,0.0,none,0.6336542141406957,false,stable,2.0,趋势不可靠-2分(Bootstrap CI过宽: 1.585),"","",0,0
301089.SZ,拓新药业,化学制药,0.9429910000000001,-0.08725727725521566,-0.11663000000000001,0.07359927109799078,0.6588656376559314,-0.10598575507314012,0.8113,82.0,-0.09868376957803307,-0.19999999999999998,0.8166666666666667,has_near_zero,has_near_zero,has_near_zero,false,0,true,3,false,0,true,3,0.7754081184907188,0.7583336317215531,1.9639460929671364,high_volatility,false,false,none,0.43185000000000007,0.0,-0.6612,-1.09305,0.29081673997332136,0.26680693111411746,0.4525890722179915,false,none,0.5983,-1.9207,-61.97684772929652,280.8920187793428,-90.01734076955523,false,化学制药,true,6.323010816417248,true,rising,false,false,0.0,0.7754081184907188,1.0,化学制药,-5.0,-2.0,3.0,0.3,0.5,-0.38020489262428514,0.3435737800677647,-0.6011305538352288,false,false,-0.08725727725521566,0.07359927109799078,,,,,,,0.6067415730337079,0,0.0,none,0.7521321399482632,false,stable,18.0,单年巨幅下滑-15.0分(年跌-90.0%); 趋势不可靠-2分(Bootstrap CI过宽: 0.955); 峰值大幅下跌-15分(从2.1跌至0.8，跌幅-62.0%),"","",0,0
301097.SZ,天益医疗,医疗保健,1.60976,-0.24969353438994438,-0.5279999999999999,0.6404345759128689,0.10388064177736603,-0.2237654491827783,0.9984,32.00612931220111,-0.22364657969682844,-0.39999999999999997,0.48333333333333334,has_near_zero,has_near_zero,has_near_zero,false,0,true,2,false,0,true,2,0.5811997984492192,1.0276542356259715,1.2203646728802824,moderate,false,false,none,-0.9494,0.0,0.0736,1.0230000000000001,0.41882989511812085,0.6493464739829127,0.14674058500181134,true,moderate,-0.2338,0.381,17.29323308270677,-18.974192501217335,44.76033834586467,false,医疗保健,false,2.491306390977444,true,falling,false,false,0.0,0.5811997984492192,0.7971340242230347,医疗保健,-5.0,-2.0,3.0,0.3,0.5,0.05404513682088752,0.16546193152955674,0.5361081851223264,false,false,-0.24969353438994438,0.6404345759128689,,,,,,,0.6492985971943889,1,0.0,single_year_drop,0.33891761362087974,false,decreasing_vol,67.99387068779889,"复合恶化-14.0分(触发2项恶化信号); 轻度衰退-5.0分(log斜率-0.250); 中度恶化-10分; 持续衰退重罚-10.0分(最新<加权); 相对加权下滑-10.0分(最新为加权62.0%); 趋势不确定预警-4分(Bootstrap CI跨零: [-0.553, 0.084]); 峰值大幅下跌-15分(从3.0跌至1.0，跌幅-66.8%)","","",0,0
301099.SZ,雅创电子,元器件,-2.637264,0.5839493121645223,1.5071200000000002,0.9068483708597044,0.012421426875976088,,-0.0686,113.0,0.5393747576652945,0.9999999999999999,0.016666666666666666,poor,poor,poor,true,5,true,1,true,5,true,1,0.780820265940576,2.4122661295968153,2.0429209555253447,stable,false,false,none,2.3804,0.0,1.36894,-1.0114599999999998,0.5660621866084425,1.0,0.9619068364046673,false,none,1.4826,1.8964,98.01021000116023,95.57761732851986,55.00638125072514,false,元器件,false,1.0,false,rising,false,false,0.0,0.780820265940576,0.7579895460857942,元器件,-5.0,-2.0,3.0,0.3,0.5,0.9413391292667164,0.9832280481314112,0.640750764548621,true,false,0.5839493121645223,0.9068483708597044,,,,,,,0.07161803713527852,0,0.0,none,0.12132932682347101,false,stable,2.0,趋势不可靠-2分(Bootstrap CI过宽: 0.660),high_growth,"高速成长(稳健CAGR=53.9%, MK趋势=1.00)",1,0
301103.SZ,何氏眼科,医疗保健,1.3598180000000002,-0.1642703095480285,-0.29774000000000006,0.5943353250239252,0.12698896458927703,-0.1469592101790127,0.9849,43.71459380903943,-0.13297179098162254,-0.39999999999999997,0.48333333333333334,has_near_zero,has_near_zero,has_near_zero,false,0,true,2,false,0,true,2,0.4310118029411359,0.6245964441141176,0.9725768386767326,moderate,false,false,none,0.4858,0.0,-0.39005,-0.87585,0.39475362682394577,1.0,0.5636968156102743,true,moderate,-0.13370000000000004,0.18220000000000003,5.179410508329772,-11.952440550688364,19.457496796240925,false,医疗保健,false,1.8498504912430587,true,falling,false,false,0.0,0.4310118029411359,0.59145617451865,医疗保健,-5.0,-2.0,3.0,0.3,0.5,0.017488354588048927,0.0709226659474588,0.28925551399551686,false,false,-0.1642703095480285,0.5943353250239252,,,,,,,0.6492985971943889,1,0.0,single_year_drop,0.2832611181658997,false,decreasing_vol,56.28540619096057,"复合恶化-14.0分(触发2项恶化信号); 轻度衰退-3.3分(log斜率-0.164); 中度恶化-10分; 持续衰退重罚-10.0分(最新<加权); 趋势不确定预警-4分(Bootstrap CI跨零: [-0.376, 0.033]); 峰值大幅下跌-15分(从2.3跌至1.0，跌幅-58.0%)","","",0,0
301106.SZ,骏成科技,元器件,0.934035,-0.010392572855591132,-0.014169999999999995,0.2007972452131358,0.44917103380124146,-0.023165017239078378,0.8923,90.69565217391305,-0.01586707602248766,-0.19999999999999998,0.8166666666666667,has_near_zero,has_near_zero,has_near_zero,false,0,true,5,false,0,true,5,0.05334934630096409,0.05020813679076332,0.11518191091465493,ultra_stable,false,false,none,-0.04830000000000001,0.0,0.0044500000000000095,0.05275000000000002,0.1272499201358983,0.909434315319214,0.005467781437844993,true,moderate,-0.09950000000000003,0.10840000000000005,1.0074711342540208,-10.032264569469653,12.270772017206255,false,元器件,false,1.1227077201720626,true,falling,false,false,0.0,0.05334934630096409,0.1923738397303796,元器件,-5.0,-2.0,3.0,0.3,0.5,0.0033276895152904995,0.005754898085891616,0.03866933070295775,false,false,-0.010392572855591132,0.2007972452131358,,,,,,,0.6492985971943889,1,0.0,single_year_drop,0.047743116076715754,true,increasing_vol,9.304347826086957,中度恶化-10分; 波动率飙升预警-4.3分(近期波动是早期的2.2倍),"","",0,0
301120.SZ,新特电气,电气设备,0.170474,-0.009516592396192031,-0.009620000000000004,0.7208733737190165,0.06879051349085352,-0.06685099139975847,0.1289,77.0,-0.013407875590436637,-0.6,0.23333333333333334,has_near_zero,has_near_zero,has_near_zero,false,0,true,5,false,0,true,5,0.4243316119589011,0.07570075957346796,1.0201793721973094,volatile,false,false,none,0.13999999999999999,0.0,-0.05704,-0.19704,0.5047074823872768,1.0,0.7124310793186717,false,none,0.0008999999999999841,-0.027099999999999985,-16.892327530625405,0.7031249999999876,-17.472598323662144,false,电气设备,false,2.421875,true,rising,false,false,0.0,0.4243316119589011,0.6623819562337876,电气设备,-5.0,-2.0,3.0,0.3,0.5,-0.012969548133219974,0.7242190802017581,-0.005616124631509193,false,false,-0.025887687967271575,0.30747725579774404,,,,,,,0.435483870967742,0,0.0,none,0.3538751314218369,true,decreasing_vol,23.0,波动聚集提示-2分(大波动后可能跟着大波动); 峰值大幅下跌-15分(从0.3跌至0.1，跌幅-58.4%); 连续下跌警示-6分(2年下跌，累计-24.2%),"","",0,0
301121.SZ,紫建电子,电气设备,1.0630830000000002,0.015213851148413294,0.021030000000000007,0.1785177618144877,0.47850345325850524,0.1900831866904802,2.0059,95.84626913606681,0.1086467952650962,0.39999999999999997,0.48333333333333334,has_near_zero,has_near_zero,good,false,0,true,2,false,0,true,1,0.6935780876726461,0.6910950781187781,1.9469701531482704,high_volatility,false,false,none,-0.46705,0.0,0.97,1.43705,0.686663639102423,0.8668472651709573,0.9997891258532724,false,none,0.9456,0.9944000000000001,2943.854324734446,89.1823068942752,1508.9529590288316,false,电气设备,false,1.0,false,rising,false,false,0.0,0.6935780876726461,0.6881958034714502,电气设备,-5.0,-2.0,3.0,0.3,0.5,0.6902092658632947,0.9807886168880485,1.0979698621503375,true,false,0.12819331897891403,0.1680737856190962,,,,,,,0.07161803713527852,0,0.0,none,0.5972593498758448,true,increasing_vol,4.153730863933197,波动率飙升预警-4.2分(近期波动是早期的2.1倍),"","",0,0
301122.SZ,采纳股份,医疗保健,1.406637,-0.2560396088985967,-0.4652100000000001,0.8676175995495294,0.021317417988033435,-0.22652175561815524,0.8626,42.879207822028064,-0.2373825305421812,-0.7999999999999999,0.08333333333333333,has_near_zero,has_near_zero,has_near_zero,false,0,true,2,false,0,true,2,0.5048151289881958,0.7805451524415484,1.0981114991592291,stable,false,false,none,-0.46655,0.0,-0.30715000000000003,0.1594,0.2896199148487819,0.8600679787850145,0.5747053725784487,false,none,0.15050000000000008,-0.7648000000000001,-41.59387907102715,21.134672096615656,-51.78414246055929,false,医疗保健,false,1.0,false,rising,false,false,0.0,0.5048151289881958,0.53718543652389,医疗保健,-5.0,-2.0,3.0,0.3,0.5,-0.2005364482593107,0.5427746264075722,0.015161699672655599,false,false,-0.2560396088985967,0.8676175995495294,,,,,,,0.6067415730337079,0,0.0,none,0.16889862717655088,false,stable,57.120792177971936,轻度衰退-5.1分(log斜率-0.256); 持续衰退重罚-10.0分(最新<加权); 单年巨幅下滑-15.0分(年跌-51.8%); 相对加权下滑-10.0分(最新为加权61.3%); 趋势不可靠-2分(Bootstrap CI过宽: 0.302); 峰值大幅下跌-15分(从2.4跌至0.9，跌幅-64.2%),"","",0,0
301123.SZ,奕东电子,元器件,0.619376,-0.1418346679086668,-0.16828000000000004,0.7832358091304193,0.04599487108568915,-0.20007298388795636,0.3726,51.92166487006534,-0.13399754266947508,-0.6,0.23333333333333334,has_near_zero,has_near_zero,has_near_zero,false,0,true,5,false,0,true,5,0.44607507983128986,0.2988078529757878,0.9076523452661751,moderate,false,false,none,0.018100000000000005,0.0,-0.21649000000000002,-0.23459000000000002,0.3862444558315649,1.0,0.8220696811184903,false,none,0.05249999999999999,-0.4984,-54.4777031154551,16.401124648547327,-60.89187538179597,false,元器件,false,2.8994064354889098,true,rising,false,false,0.0,0.44607507983128986,0.7434475885968865,元器件,-5.0,-2.0,3.0,0.3,0.5,-0.19128635299168226,0.6541792401770641,-0.15667025986932545,false,true,-0.1418346679086668,0.7832358091304193,,,,,,,0.6067415730337079,0,0.0,none,0.202998610692756,false,increasing_vol,48.07833512993466,单年巨幅下滑-15.0分(年跌-60.9%); 相对加权下滑-10.0分(最新为加权60.2%); 加速下滑-0.1分(加速度-0.16); 波动率飙升预警-8.0分(近期波动是早期的4.3倍); 峰值大幅下跌-15分(从0.9跌至0.4，跌幅-59.9%),"","",0,0
301128.SZ,强瑞技术,专用机械,0.5360130000000001,0.008770526648127363,0.010299999999999998,0.6608430462951054,0.09435986422404061,0.021142054062424975,0.6415,77.0,0.009949973767962167,0.19999999999999998,0.8166666666666667,has_near_zero,has_near_zero,has_near_zero,false,0,true,5,false,0,true,5,0.428632715243336,0.23429064215200746,1.1198316867910723,volatile,false,false,none,0.010400000000000076,0.0,-0.048880000000000035,-0.05928000000000011,0.12181436877946485,1.0,0.054997714925978346,false,none,0.497,-0.6121000000000001,-15.21279407877347,343.9446366782007,-80.90140100449379,false,专用机械,false,5.235986159169551,true,rising,false,false,0.0,0.428632715243336,1.0,专用机械,-5.0,-2.0,3.0,0.3,0.5,-0.047167554710316965,0.025283835406173964,-0.11626142604095235,false,false,-0.03374607980942009,0.061824702290533176,,,,,,,0.435483870967742,0,0.0,none,0.416299330237236,true,increasing_vol,23.0,单年巨幅下滑-15.0分(年跌-80.9%); 波动率飙升预警-8.0分(近期波动是早期的6.7倍),"","",0,0
301130.SZ,西点药业,化学制药,0.788135,-0.08205833595154625,-0.10781000000000002,0.946834226331815,0.00528823070672224,-0.10792227454714387,0.6713,80.0,-0.08038203986651485,-0.9999999999999999,0.016666666666666666,has_near_zero,has_near_zero,has_near_zero,false,0,true,4,false,0,true,4,0.2079650773117044,0.1751149136995476,0.46161702531946225,ultra_stable,false,false,none,-0.11400000000000005,0.0,-0.08034999999999998,0.03365000000000007,0.3207561481704197,0.9805627848908626,0.7583996809519131,false,none,-0.0018000000000000238,-0.15889999999999993,-19.31490384615384,-0.26741940276333737,-19.098557692307686,false,化学制药,false,1.0,false,falling,false,false,0.0,0.2079650773117044,0.2997053951826969,化学制药,-5.0,-2.0,3.0,0.3,0.5,-0.06423267271969035,0.7587202124168216,0.018621621205303196,false,false,-0.08205833595154625,0.946834226331815,,,,,,,0.49090909090909096,0,-0.9859979268030776,none,0.04761848316857624,false,stable,20.0,峰值明显下跌-8分(从1.1跌至0.7，跌幅-36.7%); 智能连续下跌-12分(3年实质性下跌，累计跌幅-36.7%),"","",0,0
301132.SZ,满坤科技,元器件,0.80693,-0.040385001683359505,-0.05338000000000002,0.37258116757085097,0.27422151573489295,-0.039555831066990454,0.7403,87.0,-0.030636560372156937,-0.39999999999999997,0.48333333333333334,has_near_zero,has_near_zero,has_near_zero,false,0,true,4,false,0,true,4,0.16786591678120463,0.13993638554714782,0.417216477531729,stable,false,false,none,0.19000000000000006,0.0,-0.08857000000000004,-0.2785700000000001,0.3311143765612343,1.0,0.5115557590857837,true,moderate,-0.04530000000000001,0.07339999999999991,3.9455209210895674,-5.766293279022404,10.30609379387811,false,元器件,false,1.295703454085931,true,falling,false,false,0.0,0.16786591678120463,0.3070531939697545,元器件,-5.0,-2.0,3.0,0.3,0.5,0.01136827873208579,0.14725722435476857,0.07325259142576995,false,false,-0.040385001683359505,0.37258116757085097,,,,,,,0.6492985971943889,1,0.0,single_year_drop,0.13389582514466747,false,decreasing_vol,13.0,中度恶化-10分; 峰值明显下跌-8分(从1.1跌至0.7，跌幅-30.2%),"","",0,0
301138.SZ,华研精机,专用机械,0.8977029999999999,0.02758972583682634,0.03640999999999999,0.026529096500069377,0.7935384889220524,0.05644824469256626,0.9716,98.0,0.01490909762917847,0.0,1.0,has_near_zero,has_near_zero,has_near_zero,false,0,true,3,false,0,true,3,0.37987471803358464,0.33686530245782215,0.9216491125194526,volatile,false,false,none,-0.2122,0.0,0.308,0.5202,0.22646862707471732,0.2695086849211482,0.542195627090303,true,moderate,-0.18219999999999992,0.7981999999999999,173.2283464566929,-15.791298318599404,224.46569178852639,false,专用机械,false,3.271512935883014,true,falling,false,false,0.0,0.37987471803358464,0.7401014992112696,专用机械,-5.0,-2.0,3.0,0.3,0.5,0.2563229875972349,0.5755846920950427,0.44055901924395324,true,false,0.02758972583682634,0.026529096500069377,,,,,,,0.6492985971943889,1,0.0,single_year_drop,0.3742863437994718,false,stable,2.0,中度恶化-10分; 趋势不可靠-2分(Bootstrap CI过宽: 0.550),"","",0,0
301150.SZ,中一科技,电气设备,-0.5923430000000001,0.44136899073235764,0.51499,0.3182405276825752,0.32189151215575273,,0.7897,98.0,0.40061353685680634,0.39999999999999997,0.48333333333333334,poor,poor,poor,true,2,true,3,true,2,true,3,2.686988319348245,2.0067503564220437,6.351293449734881,high_volatility,false,false,none,-1.2667,0.0,2.37155,3.63825,0.48777494842544145,0.38960002570124097,0.7499525626701736,false,none,-0.000300000000000078,4.743399999999999,119.97521121060355,-0.037974683544313666,119.9827996155208,false,电气设备,true,inf,true,falling,false,false,0.0,2.686988319348245,1.0,电气设备,-5.0,-2.0,3.0,0.3,0.5,1.4039765349571631,0.7499371192122245,1.870874483282209,false,false,0.44136899073235764,0.3182405276825752,,,,,,,0.16167664670658682,0,0.0,none,2.4558457436306003,false,stable,2.0,周期回落期-3分(景气下行趋势); 趋势不可靠-2分(Bootstrap CI过宽: 2.270),"","",0,0
301157.SZ,华塑科技,电气设备,-0.0011319999999999941,0.02101902517430393,0.022005000000000004,0.12582176718739185,0.558022802539926,,0.4341,74.04030147153554,-0.016196815704920833,0.0,1.0,has_loss,has_loss,has_near_zero,true,1,true,4,false,0,true,5,17.606754917556007,0.6944104139484084,41.194219066937144,high_volatility,false,false,none,-0.03814999999999999,0.0,0.04519999999999996,0.08334999999999995,0.04417966305718215,0.10604766169030973,0.0024507173449896703,false,none,1.6247,-1.5343,26.302007564736684,136.46060809675794,-446.40675007273785,false,电气设备,true,inf,true,rising,false,false,0.0,17.606754917556007,1.0,电气设备,-5.0,-2.0,3.0,0.3,0.5,0.04211890275951566,0.002749595911619445,0.07775429128591532,false,false,-0.11728824206463312,0.09232560606185676,,,,,,,0.07161803713527852,0,0.0,none,16.751197327240856,true,increasing_vol,25.959698528464454,单年巨幅下滑-15.0分(年跌-446.4%); 周期顶部预警-5分(警惕景气回落); 波动率飙升预警-8.0分(近期波动是早期的8.2倍),"","",0,0
301158.SZ,德石股份,专用机械,0.6014670000000001,0.19985499938087614,0.24869,0.5924239572767356,0.1279962505781116,0.5131808020233637,1.3107,89.54676077640534,0.18557811999026022,0.6,0.23333333333333334,has_near_zero,has_near_zero,has_near_zero,false,0,true,4,false,0,true,4,0.9509551155280987,0.501020212167134,2.429487909501576,high_volatility,false,false,none,-0.10965,0.0,0.64,0.74965,0.5976684425787911,0.47829688183950364,0.999087543948408,false,none,0.6064999999999999,0.6735000000000001,4169.381107491857,86.12610053961942,2193.8110749185666,false,专用机械,true,11.03257328990228,true,rising,false,false,0.0,0.9509551155280987,1.0,专用机械,-5.0,-2.0,3.0,0.3,0.5,0.5271314789043875,0.9885463424900559,0.6355171198595351,true,false,0.19985499938087614,0.5924239572767356,,,,,,,0.07161803713527852,0,0.0,none,0.5893229332592859,true,increasing_vol,10.453239223594657,"周期顶部预警-5分(警惕景气回落); 波动率飙升预警-6.5分(近期波动是早期的3.2倍); 趋势不确定预警-4分(Bootstrap CI跨零: [-0.133, 0.540])","","",0,0
301162.SZ,国能日新,软件服务,0.7380049999999999,-0.017790506216151514,-0.022149999999999993,0.18257766426234023,0.4729970334212723,-0.010589558994581139,0.6804,99.94357861576603,-0.007460927881281197,-0.39999999999999997,0.48333333333333334,has_near_zero,has_near_zero,has_near_zero,false,0,true,5,false,0,true,5,0.11046532885435467,0.08274736853822,0.21666577668606826,ultra_stable,false,false,none,0.13,0.0,-0.06384,-0.19384,0.518745110965896,1.0,0.7997711096589601,false,none,0.0027000000000000357,-0.15960000000000008,-18.73880329630957,0.39840637450199734,-19.06126836259406,false,软件服务,false,1.239486498450642,true,rising,false,false,0.0,0.11046532885435467,0.2536371295435694,软件服务,-5.0,-2.0,3.0,0.3,0.5,-0.06249736702253639,0.7366015124035608,-0.11284276846793756,false,true,-0.017790506216151514,0.18257766426234023,,,,,,,0.435483870967742,0,0.0,none,0.10008339009392925,false,stable,0.05642138423396878,加速下滑-0.1分(加速度-0.11),"","",0,0
301163.SZ,宏德股份,电气设备,0.6691929999999999,0.028683846472969912,0.038110000000000005,0.17540056864132245,0.4827832461261606,,0.9899,100.0,0.009219402442877672,0.19999999999999998,0.8166666666666667,has_loss,has_loss,has_near_zero,true,1,true,4,false,0,true,4,0.9423522060028365,0.6198415870204257,2.240482850887862,high_volatility,false,false,none,-0.7012,0.0,0.70615,1.40735,0.6614610660742046,0.8971580929232741,0.717452567818772,true,moderate,-0.0613999999999999,1.4737,334.35132575757575,-5.840388090935024,348.8873106060606,false,电气设备,true,inf,true,falling,false,false,0.0,0.9423522060028365,1.0,电气设备,-5.0,-2.0,3.0,0.3,0.5,0.6424828805951398,0.7249447857606036,1.2814391419551987,true,false,0.028683846472969912,0.006486365688270341,,,,,,,0.4807121661721069,1,0.0,single_year_drop,0.9378887683297013,false,stable,0.0,中度恶化-10分; 周期回落期-3分(景气下行趋势),"","",0,0
301185.SZ,鸥玛软件,软件服务,0.5123040000000001,-0.02512262216231284,-0.03032,0.06573916636983898,0.6771587643231498,-0.11759913999666083,0.4547,55.0,-0.022376212963340324,-0.19999999999999998,0.8166666666666667,has_near_zero,has_near_zero,has_near_zero,false,0,true,5,false,0,true,5,0.3395884192158743,0.17706140177915686,0.7558496355964711,moderate,false,false,none,-0.3705,0.0,0.053660000000000006,0.42416,0.5087948092371386,1.0,0.23962809237138635,true,severe,-0.21220000000000006,0.31100000000000005,27.760606912053948,-31.81886339781077,87.38409665636416,false,软件服务,false,1.8738409665636417,true,falling,false,false,0.0,0.3395884192158743,0.5215161975811851,软件服务,-5.0,-2.0,3.0,0.3,0.5,0.04577337320104946,0.10555998848555762,0.2179543745530694,false,false,-0.02512262216231284,0.06573916636983898,,,,,,,0.7873633049817741,1,0.0,cliff_drop,0.3269042814168869,false,stable,45.0,严重恶化-15分; 单年巨幅下滑-15.0分(年跌-31.8%); 贝叶斯中度恶化预警-5分(恶化概率78.7%); 趋势不可靠-2分(Bootstrap CI过宽: 0.339); 峰值明显下跌-8分(从0.8跌至0.5，跌幅-39.4%),"","",0,0
301186.SZ,超达装备,专用机械,1.062677,-0.043288667084752125,-0.07703,0.16644867732117402,0.49533578119705046,,1.2485,88.0,0.030699461067389106,0.0,1.0,has_loss,has_loss,good,true,1,true,2,false,0,true,1,0.7407201694326693,0.7681268157016782,1.8756027000964317,high_volatility,false,false,none,-1.9449999999999998,0.0,0.50268,2.44768,0.669779419187846,0.9999999999999998,0.6977941918784598,true,moderate,-0.2654000000000001,0.5463,29.03059115336915,-17.530880507299035,56.45928069450186,false,专用机械,true,inf,true,falling,false,false,0.0,0.7407201694326693,1.0,专用机械,-5.0,-2.0,3.0,0.3,0.5,0.09418943116783313,0.2986876026266914,0.3154612621841123,false,false,0.09367322117447725,0.05629917717707062,,,,,,,0.6492985971943889,1,0.0,single_year_drop,0.729133612109433,true,decreasing_vol,12.0,中度恶化-10分; 周期回落期-3分(景气下行趋势); 波动聚集提示-2分(大波动后可能跟着大波动); 趋势不可靠-2分(Bootstrap CI过宽: 0.355),"","",0,0
301196.SZ,唯科科技,专用机械,1.989014,-0.013684273469581032,-0.009019999999999962,0.007489878917118923,0.8899463549082983,0.05893312358361347,2.5651,98.0,-0.029962874360812596,0.0,1.0,good,good,good,false,0,false,0,false,0,false,0,0.2658374041084237,0.5294736745108297,0.6565179844556464,moderate,false,false,none,-0.17095000000000005,0.0,0.43350000000000005,0.6044500000000002,0.3767331132332057,0.2386572634033715,0.42458148392012524,false,none,1.3076,-0.4405999999999999,51.057063777162725,103.98409542743539,-25.94664625169306,false,专用机械,false,1.9068787276341947,true,rising,false,false,0.0,0.2658374041084237,0.46692042030463166,专用机械,-5.0,-2.0,3.0,0.3,0.5,0.18564215198437017,0.35519532273810955,0.2664049252200418,false,false,-0.013684273469581032,0.007489878917118923,,,,,,,0.07161803713527852,0,0.0,none,0.26574094811275994,false,increasing_vol,2.0,趋势不可靠-2分(Bootstrap CI过宽: 0.468),"","",0,0
301197.SZ,工大科雅,软件服务,0.06278900000000001,-0.06992372095050735,-0.07557000000000001,0.05222567825996542,0.7115802821062379,,0.2941,95.0,-0.05173174885252349,0.0,1.0,poor,poor,poor,true,2,true,5,true,2,true,5,6.008580324621233,0.5134932745421307,15.71378422653873,high_volatility,false,false,none,-0.37145,0.0,0.4335,0.80495,0.4716046545078677,0.3048858184031219,0.9844066757814341,false,none,0.528,0.33899999999999997,151.3353115727003,225.73749465583583,59.17263047652295,false,软件服务,true,inf,true,rising,false,false,0.0,6.008580324621233,1.0,软件服务,-5.0,-2.0,3.0,0.3,0.5,0.4177328470089254,0.9797182421906399,0.7750528585533467,true,false,-0.06992372095050735,0.05222567825996542,,,,,,,0.07161803713527852,0,0.0,none,5.843645193629339,false,decreasing_vol,17.0,趋势不可靠-2分(Bootstrap CI过宽: 1.015); 峰值大幅下跌-15分(从0.8跌至0.3，跌幅-61.8%),cyclical_bottom,"周期底部(mid_up), 近期强势(41.8%)",0,0
301199.SZ,迈赫股份,专用机械,0.209115,0.03249878188656854,0.032650000000000005,0.18112292856536644,0.474961409260073,,1.268,110.22725667882781,0.20236063134531931,0.39999999999999997,0.48333333333333334,poor,poor,has_loss,true,2,true,4,true,1,true,5,5.71855639772194,0.7356350950029504,15.762593283582092,high_volatility,false,false,none,-0.42485,0.0,1.01385,1.4386999999999999,0.7837021816001642,0.9349813787657753,0.9984828837376118,false,none,1.0823,0.9454,266.90798999605107,582.8217555196554,124.44385941819138,false,专用机械,false,1.0,false,rising,false,false,0.0,5.71855639772194,1.0,专用机械,-5.0,-2.0,3.0,0.3,0.5,0.8798387378048269,0.9999860133897804,1.275222769094062,true,false,0.22628066449280532,0.3149561132476116,,,,,,,0.07161803713527852,0,0.0,none,4.67235909947824,true,increasing_vol,4.772743321172179,波动率飙升预警-4.8分(近期波动是早期的2.4倍),high_growth,"高速成长(稳健CAGR=20.2%, MK趋势=0.40)",1,0
301208.SZ,中亦科技,软件服务,1.429634,-0.25477561048472464,-0.4844200000000001,0.8104015239945767,0.03726235272323134,-0.22507686856726028,0.8907,51.90448779030551,-0.2453140273112569,-0.6,0.23333333333333334,has_near_zero,has_near_zero,has_near_zero,false,0,true,2,false,0,true,2,0.5476379185480698,0.8625078161964679,1.0702494031594454,moderate,false,false,none,-0.69515,0.0,-0.09450000000000003,0.60065,0.4257029711460527,0.701639661358641,0.6857573541513776,false,none,0.016300000000000092,-0.20530000000000015,-17.504862461794946,1.8641354071363327,-19.014541076224887,false,软件服务,false,2.92772186642269,true,rising,false,false,0.0,0.5476379185480698,0.8284732503614812,软件服务,-5.0,-2.0,3.0,0.3,0.5,-0.06734205757625722,0.6824551581632154,0.28236244994092385,true,false,-0.25477561048472464,0.8104015239945767,,,,,,,0.435483870967742,0,0.0,none,0.2517929700717817,false,decreasing_vol,48.09551220969449,轻度衰退-5.1分(log斜率-0.255); 持续衰退重罚-10.0分(最新<加权); 相对加权下滑-10.0分(最新为加权62.3%); 趋势不可靠-2分(Bootstrap CI过宽: 0.426); 峰值大幅下跌-15分(从2.6跌至0.9，跌幅-65.2%); 连续下跌警示-6分(2年下跌，累计-63.9%),"","",0,0
301210.SZ,金杨股份,电气设备,0.546438,0.050724328334064386,0.09345999999999999,0.017661874395506705,0.8312884553302019,,1.4626,86.0,-0.036518060405242886,0.0,1.0,poor,poor,poor,true,2,true,3,true,2,true,3,1.3909872212904353,0.7210877755169616,3.2469135802469133,high_volatility,false,false,none,-0.21,0.0,0.7613,0.9712999999999999,0.49777999805604256,0.14040114613180513,0.6716801048806971,false,none,1.6831999999999998,-0.1606,2537.6666666666665,763.0099728014505,-267.6666666666667,false,电气设备,true,inf,true,rising,false,false,0.0,1.3909872212904353,1.0,电气设备,-5.0,-2.0,3.0,0.3,0.5,0.616900412328057,0.6548158736982389,0.823205106552074,false,false,0.050724328334064386,0.017661874395506705,,,,,,,0.07161803713527852,0,0.0,none,1.3614654977567477,false,stable,14.0,单年巨幅下滑-15.0分(年跌-267.7%); 周期顶部预警-5分(警惕景气回落); 趋势不可靠-2分(Bootstrap CI过宽: 1.243),"","",0,0
301213.SZ,观想科技,软件服务,-0.346311,-0.034986946174185095,-0.04417,0.015799367967758184,0.8403818995790505,,0.1747,98.0,-0.21560252908591784,-0.19999999999999998,0.8166666666666667,poor,poor,poor,true,3,true,5,true,3,true,5,1.4424062314950967,0.48040781946175687,3.2825917252146763,high_volatility,false,false,none,-0.39695,0.0,0.4542999999999999,0.85125,0.6288457279191999,0.9833552128115041,0.6026020663804945,false,none,1.0933,-0.18469999999999998,123.80433301539719,119.01807097757458,-25.166916473634004,false,软件服务,false,1.0,false,rising,false,false,0.0,1.4424062314950967,1.0,软件服务,-5.0,-2.0,3.0,0.3,0.5,0.42702036520871645,0.6278487741199527,0.7971110874345194,true,false,-0.034986946174185095,0.015799367967758184,,,,,,,0.07161803713527852,0,0.0,none,1.4270831812718663,false,increasing_vol,2.0,趋势不可靠-2分(Bootstrap CI过宽: 0.805),"","",0,0
301218.SZ,华是科技,软件服务,0.25193,0.006038061427622679,0.006399999999999998,0.04860068179081353,0.721597696213961,,0.3291,90.0,-0.04173178027212203,-0.19999999999999998,0.8166666666666667,has_loss,has_loss,has_near_zero,true,1,true,5,false,0,true,5,0.782295739440117,0.20940492353333054,2.1611625821876865,high_volatility,false,false,none,-0.28925,0.0,0.1738,0.46305,0.7895789913867199,0.9998901998512094,0.9762033827607782,false,none,0.1268,0.2208,1878.9189189189192,62.679189322787934,1193.5135135135135,false,软件服务,false,1.0,false,rising,false,false,0.0,0.782295739440117,0.7591699248854269,软件服务,-5.0,-2.0,3.0,0.3,0.5,0.17096522993226543,0.9738977620266187,0.44732673935492584,true,false,-0.048311595955967304,0.14562411241909912,,,,,,,0.07161803713527852,0,0.0,none,0.7182057288239981,true,decreasing_vol,10.0,波动聚集提示-2分(大波动后可能跟着大波动); 峰值明显下跌-8分(从0.6跌至0.3，跌幅-41.2%),"","",0,0
301221.SZ,光庭信息,软件服务,0.27508400000000005,0.040647949086625085,0.044680000000000004,0.3751154564964228,0.27213352237909927,,0.5834,85.0,-0.011417838069492342,0.0,1.0,has_loss,has_loss,has_near_zero,true,1,true,4,false,0,true,5,2.5702885856738646,0.78440067057595,7.004063175830658,high_volatility,false,false,none,-1.06875,0.0,0.7704500000000001,1.8392000000000002,0.6805174843717563,0.9931487308237831,0.8120261128937796,false,none,0.12840000000000001,1.4125,160.92950391644908,28.219780219780223,147.51958224543083,false,软件服务,false,1.0,false,rising,false,false,0.0,2.5702885856738646,1.0,软件服务,-5.0,-2.0,3.0,0.3,0.5,0.7027692594512814,0.8103636645461096,1.6298223745049942,true,false,-0.0718522919085264,0.02712218531617526,,,,,,,0.07161803713527852,0,0.0,none,2.5171878537509658,false,stable,15.0,峰值大幅下跌-15分(从1.2跌至0.6，跌幅-50.6%),"","",0,0
301222.SZ,浙江恒威,电气设备,1.039965,-0.027270679737255388,-0.03843,0.08571990238352545,0.6326178416457368,-0.09499627051612203,0.8251,50.0,-0.018985313707282587,-0.19999999999999998,0.8166666666666667,has_near_zero,has_near_zero,has_near_zero,false,0,true,2,false,0,true,2,0.1998219267366496,0.21164738836092453,0.4194754432674334,stable,false,false,none,-0.05125000000000002,0.0,-0.1512,-0.09994999999999998,0.16944861541463072,0.06566175886662648,0.44393464435326796,true,severe,-0.44430000000000014,0.14190000000000014,-26.820399113082043,-35.000787773751384,12.585365853658551,false,电气设备,false,1.5042066595568198,true,falling,false,false,0.0,0.1998219267366496,0.36041842933022905,电气设备,-5.0,-2.0,3.0,0.3,0.5,-0.10828560514783564,0.46986812857439003,-0.07512641229530809,false,false,-0.027270679737255388,0.08571990238352545,,,,,,,0.9737039819684448,1,0.0,cliff_drop,0.19140977306136633,false,stable,50.0,严重恶化-15分; 单年巨幅下滑-15.0分(年跌-35.0%); 贝叶斯高置信度恶化-12分(恶化概率97.4%，严重恶化确认); 峰值明显下跌-8分(从1.3跌至0.8，跌幅-35.0%),"","",0,0
301226.SZ,祥明智能,电气设备,0.6491310000000001,-0.06354052337896955,-0.08563000000000003,0.07326919169070926,0.6596120652579716,-0.15571296359968578,0.5386,82.0,-0.021140273401533183,0.0,1.0,has_near_zero,has_near_zero,has_near_zero,false,0,true,3,false,0,true,3,0.6785377120773846,0.4578908188640607,1.5829406360214575,high_volatility,false,false,none,-0.8864000000000001,0.0,0.021329999999999995,0.90773,0.3566360458142672,1.0,0.0034826077606753053,false,none,0.1785,-0.8817,-56.6274762441617,49.56956400999722,-71.00177162183927,false,电气设备,true,4.6535506839048155,true,rising,false,false,0.0,0.6785377120773846,1.0,电气设备,-5.0,-2.0,3.0,0.3,0.5,-0.26349632693271596,0.5341364909640505,-0.3231414047082437,false,false,-0.06354052337896955,0.07326919169070926,,,,,,,0.6067415730337079,0,0.0,none,0.6481965606820314,false,decreasing_vol,18.0,单年巨幅下滑-15.0分(年跌-71.0%); 趋势不可靠-2分(Bootstrap CI过宽: 0.526); 峰值大幅下跌-15分(从1.2跌至0.5，跌幅-56.6%),"","",0,0
301230.SZ,泓博医药,生物制药,0.8945320000000001,-0.17421268967164483,-0.23476,0.36975607450752845,0.2765624831138175,-0.11397919728498074,0.5793,62.0,-0.23821286179945786,-0.39999999999999997,0.48333333333333334,has_near_zero,has_near_zero,has_near_zero,false,0,true,3,false,0,true,3,0.6517030726583511,0.6288673969924026,1.6852512021223676,volatile,false,false,none,0.8800000000000001,0.0,-0.48200000000000004,-1.362,0.6699813877730367,1.0,0.734682646025813,false,none,0.38550000000000006,-1.0979,-55.15212510644887,198.9164086687307,-84.99651621893629,false,生物制药,true,9.391124871001033,true,rising,false,false,0.0,0.6517030726583511,1.0,生物制药,-5.0,-2.0,3.0,0.3,0.5,-0.26119317166383454,0.3477483184487866,-0.37873102980888834,false,false,-0.17421268967164483,0.36975607450752845,,,,,,,0.6067415730337079,0,0.0,none,0.5260687093533283,false,stable,38.0,持续衰退重罚-10.0分(最新<加权); 单年巨幅下滑-15.0分(年跌-85.0%); 相对加权下滑-10.0分(最新为加权64.8%); 趋势不可靠-2分(Bootstrap CI过宽: 0.796); 峰值大幅下跌-15分(从1.8跌至0.6，跌幅-68.2%),"","",0,0
301234.SZ,五洲医疗,医疗保健,1.313145,0.02747983055197094,0.04272999999999998,0.6775213044297025,0.08689432153030738,0.04890915602123669,1.3073,95.8702192196775,0.03173752128902669,0.39999999999999997,0.48333333333333334,good,good,good,false,0,false,0,false,0,false,0,0.1629970853193338,0.21055637487380902,0.43265881187199057,stable,false,false,none,0.27945,0.0,-0.16580000000000006,-0.44525000000000003,0.5353803674830462,0.9332469367422073,0.5300567380882542,false,none,0.1045999999999998,-0.4361999999999999,-20.23308316553787,8.697098195726266,-26.615412776862524,false,医疗保健,false,1.362683961087553,true,rising,false,false,0.0,0.1629970853193338,0.3120888630671408,医疗保健,-5.0,-2.0,3.0,0.3,0.5,-0.09326381574759701,0.509624965803424,-0.2595615606450114,false,true,0.02747983055197094,0.1225581168044859,,,,,,,0.435483870967742,0,0.0,none,0.15437810870517066,false,stable,4.1297807803225055,"加速下滑-0.1分(加速度-0.26); 趋势不确定预警-4分(Bootstrap CI跨零: [-0.009, 0.052])","","",0,0
301235.SZ,华康洁净,医疗保健,-0.4471520000000001,-0.1461772639736037,-0.16824,0.027627351600473662,0.7893473219552566,,1.3974,98.0,-0.1707808064657883,0.0,1.0,poor,poor,poor,true,2,true,1,true,2,true,1,5.084305953587581,2.0168424856691214,11.68952304124231,high_volatility,false,false,none,-2.1548,0.0,2.3185,4.4733,0.6793689492526814,0.8368706374926043,0.9568188550342104,false,none,3.1715999999999998,1.4653999999999998,143.13495493270773,178.7622590463307,45.23397950364242,false,医疗保健,false,1.0,false,rising,false,false,0.0,5.084305953587581,1.0,医疗保健,-5.0,-2.0,3.0,0.3,0.5,1.514039530573168,0.8817649810078609,2.9248517143682644,true,false,-0.1461772639736037,0.027627351600473662,,,,,,,0.07161803713527852,0,0.0,none,5.039888111314551,false,stable,2.0,趋势不可靠-2分(Bootstrap CI过宽: 3.052),"","",0,0
301239.SZ,普瑞眼科,医疗保健,2.8641439999999996,0.0662148742693568,0.19588000000000003,0.1437250203407261,0.5291267995291883,0.059293245125055405,2.556,58.58566979389002,0.06780314563433223,0.39999999999999997,0.48333333333333334,good,good,good,false,0,false,0,false,0,false,0,0.3068148678746007,0.8607322940380475,0.7402918677683592,moderate,false,false,none,1.1700000000000004,0.0,0.00406999999999993,-1.1659300000000004,0.3713111730285078,1.0,0.000037444573431900335,true,severe,-1.5507999999999997,1.9726999999999997,19.769457851084763,-37.7617609817863,92.43709291973195,false,医疗保健,false,1.7119160301766552,true,falling,false,false,0.0,0.3068148678746007,0.4737073649899013,医疗保健,-5.0,-2.0,3.0,0.3,0.5,0.08289163556460288,0.06709562614375149,0.060353959721082595,false,false,0.0662148742693568,0.1437250203407261,,,,,,,0.7873633049817741,1,0.0,cliff_drop,0.2862642848268075,false,increasing_vol,41.41433020610998,严重恶化-15分; 单年巨幅下滑-15.0分(年跌-37.8%); 贝叶斯中度恶化预警-5分(恶化概率78.7%); 趋势不可靠-2分(Bootstrap CI过宽: 0.466); 峰值明显下跌-8分(从4.1跌至2.6，跌幅-37.8%),"","",0,0
301266.SZ,宇邦新材,电气设备,-2.220894,-0.2730828791437113,-0.5251800000000001,0.6397214359434958,0.10422108340720682,,-3.0059,35.538342417125776,-0.3002174384778321,-0.6,0.23333333333333334,poor,poor,poor,true,5,true,1,true,5,true,1,0.5311017444104066,1.0958434733117683,1.2944061570075702,moderate,false,false,none,-1.3354000000000001,0.0,0.12745000000000006,1.4628500000000002,0.541459338150112,0.970195439701608,0.03308665136720899,true,severe,-1.0659,1.3208000000000002,7.81710009813543,-54.943298969072174,40.5053974484789,false,电气设备,true,inf,true,falling,false,false,0.0,0.5311017444104066,1.0,电气设备,-5.0,-2.0,3.0,0.3,0.5,0.03876644865685008,0.02249711085782981,0.7075726359613786,false,false,-0.2730828791437113,0.6397214359434958,,,,,,,0.8810333106730117,1,0.0,cliff_drop,0.3465637765174048,false,stable,64.46165758287422,"轻度衰退-5.5分(log斜率-0.273); 严重恶化-15分; 持续衰退重罚-10.0分(最新<加权); 单年巨幅下滑-15.0分(年跌-54.9%); 周期回落期-3分(景气下行趋势); 贝叶斯高置信度恶化-12分(恶化概率88.1%，严重恶化确认); 趋势不确定预警-4分(Bootstrap CI跨零: [-0.672, 0.098])","","",0,0
301267.SZ,华厦眼科,医疗保健,1.2120250000000001,-0.05460579451164826,-0.08626999999999999,0.3456287338229544,0.29714908058920103,-0.046221430374525085,0.9765,63.0,-0.12039036429857425,-0.6,0.23333333333333334,good,good,good,false,0,true,1,false,0,true,1,0.19057333501219884,0.2392000271739115,0.49674941840084136,stable,false,false,none,0.42000000000000015,0.0,-0.21012,-0.6301200000000001,0.8016761416145637,1.0,0.9952514306126004,true,severe,-0.16780000000000006,-0.2306999999999999,-28.98181818181818,-14.663986716770081,-16.77818181818181,false,医疗保健,false,1.0,true,falling,false,false,0.0,0.19057333501219884,0.2857920013430924,医疗保健,-5.0,-2.0,3.0,0.3,0.5,-0.12935305120427998,0.9960041336299335,-0.18948228540983825,false,false,-0.05460579451164826,0.3456287338229544,,,,,,,0.9747292418772563,3,-0.12600859403732678,chronic_decline,0.15654993637082162,true,decreasing_vol,37.0,严重恶化-15分; 贝叶斯高置信度恶化-12分(恶化概率97.5%，严重恶化确认); 波动聚集提示-2分(大波动后可能跟着大波动); 峰值明显下跌-8分(从1.6跌至1.0，跌幅-39.0%),"","",0,0
301272.SZ,英华特,专用机械,1.1380199999999998,-0.04904968573637474,-0.07224,0.24635396549826985,0.39504221949575524,-0.11195956813477059,0.8769,44.681714285714285,-0.058227283263427174,-0.39999999999999997,0.48333333333333334,good,good,good,false,0,true,1,false,0,true,1,0.20489775701324897,0.24057865241953613,0.47430459740746417,stable,false,false,none,-0.17499999999999993,0.0,-0.09155000000000002,0.08344999999999991,0.16686261102989325,0.8137732506643044,0.1040328727759713,true,severe,-0.5569,0.3737999999999999,-17.273584905660382,-38.84084251639001,35.26415094339622,false,专用机械,false,1.352641509433962,true,falling,false,false,0.0,0.20489775701324897,0.34427040686846083,专用机械,-5.0,-2.0,3.0,0.3,0.5,-0.06578607301970563,0.12600825815396657,0.044519237406650314,false,false,-0.04904968573637474,0.24635396549826985,,,,,,,0.9737039819684448,1,0.0,cliff_drop,0.18033165335384052,false,increasing_vol,55.318285714285715,严重恶化-15分; 单年巨幅下滑-15.0分(年跌-38.8%); 贝叶斯高置信度恶化-12分(恶化概率97.4%，严重恶化确认); 波动率飙升预警-5.3分(近期波动是早期的2.7倍); 峰值明显下跌-8分(从1.4跌至0.9，跌幅-38.8%),"","",0,0
301275.SZ,汉朔科技,元器件,1.377984,0.521087609874916,0.75768,0.855149239967903,0.024501445318620984,,2.7134,113.0,0.4761833466357869,0.7378647873726218,0.07697417298126674,poor,poor,poor,true,2,true,2,true,2,true,2,1.1025670225851758,1.26870182154831,2.4971321305662744,volatile,false,false,none,0.0,0.0,0.8600200000000001,0.8600200000000001,0.3332520518611457,0.0,0.8618308709852189,false,none,1.0434,-0.020000000000000018,60.55621301775148,62.479041916167674,-1.1834319526627228,false,元器件,false,1.0119760479041917,true,rising,false,false,0.0,1.1025670225851758,1.0,元器件,-5.0,-2.0,3.0,0.3,0.5,0.21397830764869208,0.7320822504743919,-0.5135537922763913,false,true,0.521087609874916,0.855149239967903,,,,,,,0.07161803713527852,0,0.0,none,0.36293362954688907,false,decreasing_vol,2.0,趋势不可靠-2分(Bootstrap CI过宽: 0.645),high_growth,"高速成长(稳健CAGR=47.6%, MK趋势=0.74)",1,0
301282.SZ,金禄电子,元器件,0.441533,-0.11102396225638518,-0.12489,0.48684001770936713,0.19017925851514297,-0.12923613889492458,0.3277,82.0,-0.09787102574710117,-0.6,0.23333333333333334,has_near_zero,has_near_zero,has_near_zero,false,0,true,5,false,0,true,5,0.6027868205644833,0.28873488705038747,1.595615866388309,volatile,false,false,none,0.3500000000000001,0.0,-0.20428000000000002,-0.5542800000000001,0.45297666581309254,1.0,0.6457400776287233,false,none,0.172,-0.26589999999999997,-22.272296015180263,110.46885035324341,-63.06925996204933,false,元器件,true,5.908798972382788,true,rising,false,false,0.0,0.6027868205644833,1.0,元器件,-5.0,-2.0,3.0,0.3,0.5,-0.043956777290765,0.11521899171090949,0.022500996652735583,false,false,-0.11102396225638518,0.48684001770936713,,,,,,,0.435483870967742,0,0.0,none,0.4397734879055032,false,decreasing_vol,18.0,单年巨幅下滑-15.0分(年跌-63.1%); 趋势不可靠-2分(Bootstrap CI过宽: 0.332); 峰值大幅下跌-15分(从0.9跌至0.3，跌幅-64.4%),"","",0,0
301290.SZ,东星医疗,医疗保健,1.475197,-0.01695600680326881,-0.02774500000000002,0.02665556884185671,0.7930513586047686,-0.04530609895809512,1.2627,85.0,-0.08312824077209921,-0.19999999999999998,0.8166666666666667,good,good,good,false,0,true,1,false,0,true,1,0.3047228695227017,0.45927221448722555,0.8196101328308497,moderate,false,false,none,0.6600000000000001,0.0,-0.20681000000000008,-0.8668100000000002,0.367475457478824,1.0,0.2535236617578222,true,moderate,-0.3658000000000001,0.6838000000000001,33.66147983486821,-22.462388701258835,72.38276701598392,false,医疗保健,false,2.0157192759606226,true,falling,false,false,0.0,0.3047228695227017,0.5125408657462445,医疗保健,-5.0,-2.0,3.0,0.3,0.5,0.10688851121098292,0.25628597884478455,0.2889290867237977,false,false,-0.05579691559938924,0.12250066470419765,,,,,,,0.6492985971943889,1,0.0,single_year_drop,0.2834563726303329,false,decreasing_vol,15.0,中度恶化-10分; 趋势不可靠-2分(Bootstrap CI过宽: 0.353); 峰值明显下跌-8分(从2.2跌至1.3，跌幅-42.1%),"","",0,0
301291.SZ,明阳电气,电气设备,0.867798,0.2881693456556797,0.33946,0.761675151495891,0.05344446261791571,,1.2348,96.0,0.2640092772994834,0.7999999999999999,0.08333333333333333,has_loss,has_loss,has_loss,true,1,true,2,true,1,true,2,0.7967292506920943,0.6102627368601166,1.847093843020523,volatile,false,false,none,0.7050000000000001,0.0,0.0023999999999999577,-0.7026000000000001,0.5904927899270674,0.9991791194799976,0.0005487797906760597,false,none,0.17979999999999996,-0.17500000000000004,0.3902439024390175,17.042654028436015,-14.227642276422767,false,电气设备,false,1.1658767772511849,true,rising,false,false,0.0,0.7967292506920943,0.7928336375205002,电气设备,-5.0,-2.0,3.0,0.3,0.5,0.0015122155232508705,0.0005024931126644632,-0.6055276847397859,false,false,0.2881693456556797,0.761675151495891,,,,,,,0.13366336633663367,0,0.0,none,0.37914492479522577,false,decreasing_vol,4.0,"趋势不确定预警-4分(Bootstrap CI跨零: [-0.014, 0.613])","","",0,0
301297.SZ,富乐德,半导体,0.48636500000000005,0.007784921163565367,0.009090000000000015,0.03549651707703893,0.7615418906035347,0.05361676833011875,0.5792,100.0,-0.0025455473816839713,0.0,1.0,has_near_zero,has_near_zero,has_near_zero,false,0,true,5,false,0,true,5,0.15108567265072048,0.07279609879657015,0.3667344651529617,stable,false,false,none,-0.021299999999999986,0.0,0.07590000000000002,0.09720000000000001,0.325073658083798,0.1707578700149042,0.629755708818292,false,none,0.17670000000000002,-0.024899999999999978,35.51708001871784,43.900621118012424,-5.8259241927936305,false,半导体,false,1.3167701863354038,true,rising,false,false,0.0,0.15108567265072048,0.29643789629863027,半导体,-5.0,-2.0,3.0,0.3,0.5,0.06777679128949166,0.6258096345896063,0.08720955378374656,false,false,0.007784921163565367,0.03549651707703893,,,,,,,0.07161803713527852,0,0.0,none,0.14811167660339075,false,stable,0.0,"","","",0,0
301301.SZ,川宁生物,化学制药,0.518812,0.09942998033512293,0.11384000000000001,0.744472864104583,0.05971537044435737,0.2543062588453515,0.8042,90.09934171154997,0.09238556862961042,0.6,0.23333333333333334,has_near_zero,has_near_zero,has_near_zero,false,0,true,5,false,0,true,5,0.4303048973706319,0.20855157155965046,1.0172079395865143,moderate,false,false,none,-0.006850000000000023,0.0,0.2465,0.25335,0.45233950244369786,0.01976691282716681,0.996928111609812,false,none,0.2228,0.27020000000000005,158.4190231362468,38.321293429652556,86.82519280205658,false,化学制药,false,1.2904884318766068,true,rising,false,false,0.0,0.4303048973706319,0.5163090421467198,化学制药,-5.0,-2.0,3.0,0.3,0.5,0.21478026619286059,0.9928155252857316,0.22130802277479197,false,false,0.09942998033512293,0.744472864104583,,,,,,,0.07161803713527852,0,0.0,none,0.21733236235211137,false,increasing_vol,9.900658288450028,"波动率飙升预警-5.9分(近期波动是早期的3.0倍); 趋势不确定预警-4分(Bootstrap CI跨零: [-0.016, 0.219])","","",0,0
301316.SZ,慧博云通,软件服务,0.197595,-0.02267830557340802,-0.023950000000000006,0.09609135781060127,0.6117288732777411,-0.18494415447546797,0.1677,47.0,-0.009169770651594817,0.0,1.0,has_near_zero,has_near_zero,has_near_zero,false,0,true,5,false,0,true,5,0.58147176505313,0.11907378804757998,1.4649868151186638,high_volatility,false,false,none,-0.30000000000000004,0.0,0.03971,0.33971000000000007,0.5109400164105251,1.0,0.42998016410525164,true,severe,-0.09740000000000001,0.134,27.91762013729977,-36.74085250848737,102.21205186880245,false,软件服务,true,3.3137499999999998,true,falling,false,false,0.0,0.58147176505313,0.9070107453758374,软件服务,-5.0,-2.0,3.0,0.3,0.5,0.018098201908730502,0.07114724226051986,0.13843573033430673,false,false,-0.02267830557340802,0.09609135781060127,,,,,,,0.7873633049817741,1,0.0,cliff_drop,0.5512833769568691,false,decreasing_vol,53.0,严重恶化-15分; 单年巨幅下滑-15.0分(年跌-36.7%); 周期回落期-3分(景气下行趋势); 贝叶斯中度恶化预警-5分(恶化概率78.7%); 峰值大幅下跌-15分(从0.4跌至0.2，跌幅-55.9%),"","",0,0
301321.SZ,翰博高新,元器件,1.90759,-0.2100200244962691,-0.5874999999999999,0.21100076041472415,0.4364131383194708,-0.15322421139961961,2.2776,90.0,-0.2877730815305516,-0.39999999999999997,0.48333333333333334,has_near_zero,has_near_zero,has_near_zero,false,0,true,2,false,0,true,2,0.7596241524648949,1.5829351938724465,1.942663544226044,high_volatility,false,false,none,-2.0241,0.0,0.9479000000000001,2.972,0.8270180570051812,0.9998417938794983,0.9301541490710871,false,none,1.3978000000000002,0.49800000000000005,496.5426925091672,158.87701750397818,130.43478260869568,false,元器件,false,1.0,false,rising,false,false,0.0,0.7596241524648949,0.7410326553052493,元器件,-5.0,-2.0,3.0,0.3,0.5,0.5941129102249085,0.9723828120818713,1.5045951267299786,true,false,-0.2100200244962691,0.21100076041472415,,,,,,,0.07161803713527852,0,0.0,none,0.6150735882208352,false,decreasing_vol,10.0,趋势不可靠-2分(Bootstrap CI过宽: 1.548); 峰值明显下跌-8分(从4.4跌至2.3，跌幅-48.6%),"","",0,0
301327.SZ,华宝新能,电气设备,2.3056099999999997,-0.043221326445817665,-0.10200000000000001,0.11048117667170475,0.5847189056550913,,6.1158,85.0,-0.2509129465555111,-0.19999999999999998,0.8166666666666667,has_loss,has_loss,good,true,1,true,1,false,0,false,0,1.1672073121388034,2.5258132793221275,3.2053900683000767,high_volatility,false,false,none,-0.58265,0.0,2.44055,3.0232,0.5570437053028284,0.9948442768723263,0.46922635563130294,false,none,6.9364,-2.0553,395.3268000323966,845.2839385815256,-166.4614886207176,false,电气设备,false,1.0,false,rising,false,false,0.0,1.1672073121388034,1.0,电气设备,-5.0,-2.0,3.0,0.3,0.5,0.736320647889513,0.20351654101095296,1.022039908771447,false,false,-0.03395991877014226,0.002009687131754325,,,,,,,0.07161803713527852,0,0.0,none,1.1150719075295046,true,increasing_vol,25.0,单年巨幅下滑-15.0分(年跌-166.5%); 波动率飙升预警-8.0分(近期波动是早期的7.7倍); 趋势不可靠-2分(Bootstrap CI过宽: 0.496),turnaround,扭亏为盈(曾亏损1年 -> 最新6.1),0,1
301328.SZ,维峰电子,元器件,1.182115,0.02800328425924531,0.04167000000000001,0.16781873652930882,0.4933887356956727,0.014740935739547822,1.1345,75.90853974111968,0.02477432892096862,0.19999999999999998,0.8166666666666667,good,good,good,false,0,true,1,false,0,true,1,0.14363075616586357,0.16679552452029406,0.3738977679801599,stable,false,false,none,0.16210000000000002,0.0,-0.12985000000000002,-0.29195000000000004,0.4456543019410425,0.5156698304494004,0.9945493330848094,true,severe,-0.11319999999999997,-0.14650000000000007,-18.627169703055518,-9.07269375651198,-10.507818103571944,false,元器件,false,1.4522916666666668,true,falling,false,false,0.0,0.14363075616586357,0.30854349382157975,元器件,-5.0,-2.0,3.0,0.3,0.5,-0.08062500235526543,0.9968693270054679,-0.182920517760643,false,true,0.02800328425924531,0.16781873652930882,,,,,,,0.9507042253521126,2,-0.1365768167010923,sustained_decline,0.13195018899484817,false,decreasing_vol,24.09146025888032,严重恶化-15分; 加速下滑-0.1分(加速度-0.18); 贝叶斯高置信度恶化-12分(恶化概率95.1%，严重恶化确认),"","",0,0
301330.SZ,熵基科技,IT设备,1.081875,0.005791502218888467,0.005949999999999978,0.004125406182118917,0.9182769472186738,-0.027330965509264393,1.1636,98.0,-0.0198534231962837,-0.19999999999999998,0.8166666666666667,has_near_zero,has_near_zero,has_near_zero,false,0,true,2,false,0,true,2,0.1917300356998763,0.20685753551659652,0.42765779961071465,stable,false,false,none,-0.42000000000000004,0.0,0.12244999999999999,0.54245,0.5766113337340774,1.0,0.6812133373407729,false,none,-0.048699999999999966,0.3736999999999999,38.7550679704269,-4.01715746927328,44.562365847841626,false,IT设备,false,1.4456236584784163,true,falling,false,false,0.0,0.1917300356998763,0.34613384969035654,IT设备,-5.0,-2.0,3.0,0.3,0.5,0.11496667763062213,0.6493462476300231,0.2729287744598017,true,false,0.005791502218888467,0.004125406182118917,,,,,,,0.16167664670658682,0,0.0,none,0.19153164735622463,false,stable,2.0,趋势不可靠-2分(Bootstrap CI过宽: 0.312),"","",0,0
301333.SZ,诺思格,医疗保健,1.883561,0.05468169190724051,0.07007000000000004,0.07857340105803158,0.6478294089615493,0.13080108142351254,1.6024,65.76984590499126,-0.09121525524964841,-0.19999999999999998,0.8166666666666667,good,good,good,false,0,true,1,false,0,true,1,0.32180047872718476,0.5993662636485306,0.8429349168340009,moderate,false,false,none,1.5699999999999998,0.0,-0.30112999999999995,-1.8711299999999997,0.8707314647474623,1.0,0.9784894134138493,true,severe,-0.40349999999999997,-0.16849999999999987,-26.30610743193524,-20.115658806520763,-7.749264164827073,false,医疗保健,false,1.0,true,falling,false,false,0.0,0.32180047872718476,0.3907737163150812,医疗保健,-5.0,-2.0,3.0,0.3,0.5,-0.13438056178201951,0.9344705571159352,-0.4603081900174995,false,true,0.05468169190724051,0.07857340105803158,,,,,,,0.9979107474717138,3,1.5958153417744083,accelerating_decline,0.316255057435902,false,decreasing_vol,34.23015409500875,严重恶化-15分; 加速下滑-0.2分(加速度-0.46); 贝叶斯高置信度恶化-12分(恶化概率99.8%，严重恶化确认); 趋势不可靠-2分(Bootstrap CI过宽: 0.539); 峰值明显下跌-8分(从2.5跌至1.6，跌幅-37.2%),"","",0,0
301348.SZ,蓝箭电子,半导体,0.517242,0.07630226320010935,0.08534000000000001,0.6278622057851675,0.10996003835739276,0.19579769404610903,0.6952,96.0,0.07264510763970225,0.6,0.23333333333333334,has_near_zero,has_near_zero,has_near_zero,false,0,true,5,false,0,true,5,0.34745635223822197,0.17082344101439945,0.7631600357985519,moderate,false,false,none,-0.020000000000000018,0.0,0.09486000000000001,0.11486000000000003,0.18443536683320771,1.0,0.5113945416435219,false,none,0.23220000000000002,-0.177,8.625000000000004,50.15118790496761,-27.65625,false,半导体,false,1.6347381864623243,true,rising,false,false,0.0,0.34745635223822197,0.49593017331888756,半导体,-5.0,-2.0,3.0,0.3,0.5,0.022954543231286206,0.04757089099493641,-0.11157164735152245,false,false,0.07630226320010935,0.6278622057851675,,,,,,,0.13366336633663367,0,0.0,none,0.21307013636057903,false,stable,4.0,"趋势不确定预警-4分(Bootstrap CI跨零: [-0.002, 0.181])","","",0,0
301360.SZ,荣旗科技,专用机械,0.5293080000000001,-0.21006219924833808,-0.32524,0.06624304306431505,0.6759519567450113,,1.2432,89.0,-0.1765005296612684,-0.19999999999999998,0.8166666666666667,poor,poor,poor,true,2,true,1,true,2,true,1,2.9200229090232535,1.8305039612084975,7.383869321082184,high_volatility,false,false,none,-1.78,0.0,-0.08392,1.69608,0.3238847528437549,1.0,0.002984637134065281,false,none,3.482,-4.6288,-47.98326359832636,155.52974807932821,-193.67364016736403,false,专用机械,true,inf,true,rising,false,false,0.0,2.9200229090232535,1.0,专用机械,-5.0,-2.0,3.0,0.3,0.5,-0.28112344295910086,0.027977529974111744,-0.41849165319132986,false,false,-0.21006219924833808,0.06624304306431505,,,,,,,0.6067415730337079,0,0.0,none,2.8024256532537013,false,increasing_vol,11.0,单年巨幅下滑-15.0分(年跌-193.7%); 趋势不可靠-2分(Bootstrap CI过宽: 2.187); 峰值明显下跌-8分(从2.4跌至1.2，跌幅-48.0%),"","",0,0
301361.SZ,众智科技,电气设备,0.5546,-0.04228924151801778,-0.048999999999999995,0.4755353248858681,0.19765228914060726,-0.040032720689936574,0.552,100.0,-0.04560757151757654,-0.39999999999999997,0.48333333333333334,has_near_zero,has_near_zero,has_near_zero,false,0,true,5,false,0,true,5,0.1931648161368151,0.11186174502482964,0.5076843377654982,stable,false,false,none,-0.05125000000000002,0.0,0.0022500000000000298,0.05350000000000005,0.16150176779786346,0.34894824245779155,0.0009907529722589423,false,none,0.12600000000000006,-0.1215,0.8219178082191889,29.57746478873241,-22.19178082191781,false,电气设备,false,1.6901408450704225,true,rising,false,false,0.0,0.1931648161368151,0.37988396558550847,电气设备,-5.0,-2.0,3.0,0.3,0.5,0.0019716935144227232,0.0009423791450670944,0.04593947414298044,false,false,-0.04228924151801778,0.4755353248858681,,,,,,,0.13366336633663367,0,0.0,none,0.1393334126717402,false,stable,0.0,"","","",0,0
301362.SZ,民爆光电,电气设备,2.59171,-0.011685380262307766,-0.031259999999999975,0.7975393871257493,0.04130557355594317,-0.015626135413507103,2.4037,91.84409028686858,-0.01182312953808996,-0.19999999999999998,0.8166666666666667,good,good,good,false,0,false,0,false,0,false,0,0.203922459508569,0.5269397138193325,0.5534012894637038,moderate,false,false,none,0.44500000000000006,0.0,-0.52315,-0.9681500000000001,0.462341758266635,0.37977050437895543,0.8088808987171392,false,none,-0.0827,-0.9636,-30.327536231884057,-3.326093951093951,-27.930434782608693,false,电气设备,false,1.7079207920792079,true,falling,false,false,0.0,0.203922459508569,0.3908607398840829,电气设备,-5.0,-2.0,3.0,0.3,0.5,-0.17051643845930664,0.8182201772343535,-0.31181942626284387,false,true,0.007277041661660322,0.0040450095321255715,,,,,,,0.6585365853658537,0,-0.8809150671308205,none,0.2037051907400876,false,decreasing_vol,8.155909713131422,加速下滑-0.2分(加速度-0.31); 峰值明显下跌-8分(从3.5跌至2.4，跌幅-30.3%),"","",0,0
301363.SZ,美好医疗,医疗保健,0.89882,0.0034114779412741437,0.004480000000000018,0.037207614902050413,0.7559329553304609,0.07027475127301952,1.1022,100.0,0.05230966888216704,0.6,0.23333333333333334,has_near_zero,has_near_zero,has_near_zero,false,0,true,4,false,0,true,5,0.23889390214809378,0.20460784931179937,0.6564076218942649,stable,false,false,none,-0.29999999999999993,0.0,0.16112,0.46112,0.5698926365322706,1.0,0.7766863653227063,false,none,0.2398,-0.07539999999999991,17.530390275111976,27.806122448979593,-8.040093836638933,false,医疗保健,false,1.3374215630347974,true,rising,false,false,0.0,0.23889390214809378,0.3694379967897814,医疗保健,-5.0,-2.0,3.0,0.3,0.5,0.057562643178478916,0.43508696317693357,0.021011897185247534,false,false,0.06404103443247504,0.40277422165620635,,,,,,,0.07161803713527852,0,0.0,none,0.18064386715864122,false,decreasing_vol,0.0,"","","",0,0
301379.SZ,天山电子,元器件,0.857745,0.08112546491036832,0.09634999999999999,0.7532977982024659,0.05646210112506849,0.13861787267093972,0.8572,83.65927264174798,0.09534785111074802,0.39999999999999997,0.48333333333333334,has_near_zero,has_near_zero,has_near_zero,false,0,true,4,false,0,true,5,0.641880284745986,0.532016055208863,1.6141836783938999,high_volatility,false,false,none,0.60895,0.0,-0.43535,-1.0443,0.5271902849850538,0.6767496538765867,0.5862660977196451,false,none,0.19809999999999994,-1.0688,-50.3906476069217,30.056137156728862,-61.8554314485792,false,元器件,true,3.294061576589457,true,rising,false,false,0.0,0.641880284745986,0.9527124380087164,元器件,-5.0,-2.0,3.0,0.3,0.5,-0.26908348414190847,0.5437082319324483,-0.6814547165040472,false,true,0.08112546491036832,0.1229696003279677,,,,,,,0.6067415730337079,0,0.0,none,0.6150016276933751,false,stable,16.340727358252025,单年巨幅下滑-15.0分(年跌-61.9%); 加速下滑-0.3分(加速度-0.68); 峰值大幅下跌-15分(从1.7跌至0.9，跌幅-50.4%),"","",0,0
301383.SZ,天键股份,元器件,1.204228,-0.21225920617844857,-0.3500400000000001,0.25295845391090765,0.3877528574621795,-0.07279777504469487,1.4634,101.39829465948516,-0.3076109992164315,-0.39999999999999997,0.48333333333333334,has_near_zero,has_near_zero,has_near_zero,false,0,true,2,false,0,true,2,0.7756896717146092,1.0155639457956351,1.8844520485166965,high_volatility,false,false,none,-0.725,0.0,0.4667,1.1917,0.505620823260376,0.49632526517893677,0.4231013477125111,false,none,1.4106,-0.4772,176.11320754716982,2671.5909090909095,-90.0377358490566,false,元器件,true,47.72727272727273,true,rising,false,false,0.0,0.7756896717146092,1.0,元器件,-5.0,-2.0,3.0,0.3,0.5,0.33320289637375655,0.3489479424345756,0.796589318970318,true,false,-0.21225920617844857,0.25295845391090765,,,,,,,0.07161803713527852,0,0.0,none,0.6503763646190784,false,stable,10.60170534051484,单年巨幅下滑-15.0分(年跌-90.0%); 趋势不可靠-2分(Bootstrap CI过宽: 1.184); 峰值明显下跌-8分(从2.5跌至1.5，跌幅-41.9%),cyclical_bottom,"周期底部(mid_up), 近期强势(33.3%)",0,0
301388.SZ,欣灵电气,电气设备,0.7767010000000002,-0.0037073375163930835,-0.004449999999999998,0.040760233947075966,0.744700696675086,-0.15648403753713314,0.6632,87.0,-0.05712542881408916,-0.39999999999999997,0.48333333333333334,has_near_zero,has_near_zero,has_near_zero,false,0,true,4,false,0,true,5,0.3421226696176614,0.27887787291214056,0.8094315086978924,moderate,false,false,none,-0.5900000000000001,0.0,-0.008829999999999994,0.5811700000000001,0.6088224537362907,1.0,0.07822787337480726,true,moderate,-0.06909999999999994,0.08209999999999995,1.9993848046754863,-9.43602348764167,12.626884035681321,false,电气设备,false,1.1262688403568133,true,falling,false,false,0.0,0.3421226696176614,0.42386731440837094,电气设备,-5.0,-2.0,3.0,0.3,0.5,0.0054331870841981544,0.02244720336713662,0.2420039232617766,false,false,-0.09145974284384341,0.5305952578683818,,,,,,,0.6492985971943889,1,0.0,single_year_drop,0.2351126770696818,false,decreasing_vol,13.0,中度恶化-10分; 峰值明显下跌-8分(从1.3跌至0.7，跌幅-49.4%),"","",0,0
301396.SZ,宏景科技,软件服务,-0.22949600000000003,-0.06205586951792744,-0.06432,0.16714907999121303,0.4943392141016312,,0.3452,100.0,-0.10842799938708407,-0.19999999999999998,0.8166666666666667,poor,poor,has_loss,true,2,true,4,true,1,true,5,4.648289427134626,0.9770704375836985,11.334919124643196,high_volatility,false,false,none,-1.1913,0.0,1.1239000000000001,2.3152,0.6748671837939898,0.8367809056363223,0.9118909323035752,false,none,0.5188,1.729,118.14359297803007,298.84792626728114,90.87564385577632,false,软件服务,false,1.0,false,rising,false,false,0.0,4.648289427134626,1.0,软件服务,-5.0,-2.0,3.0,0.3,0.5,0.868948156271984,0.9465861481021703,1.800178545087614,true,false,-0.06205586951792744,0.016807979924111247,,,,,,,0.07161803713527852,0,0.0,none,4.623041567287559,false,stable,0.0,"","","",0,0
301458.SZ,钧崴电子,元器件,0.843492,-0.07361733760821579,-0.10116000000000001,0.35290415560843746,0.2908268708524837,-0.059164218718229744,0.7992,90.0,-0.06225693371044378,-0.19999999999999998,0.8166666666666667,has_near_zero,has_near_zero,has_near_zero,false,0,true,3,false,0,true,3,0.3053779974258507,0.2668515092706054,0.755287009063444,moderate,false,false,none,-0.21000000000000002,0.0,0.09960000000000002,0.30960000000000004,0.3311071322372262,0.3951612903225808,0.9969128358496937,false,none,0.10920000000000007,0.08999999999999997,33.20000000000001,15.82608695652175,14.999999999999996,false,元器件,false,2.1,true,rising,false,false,0.0,0.3053779974258507,0.5243023979406806,元器件,-5.0,-2.0,3.0,0.3,0.5,0.08160927018348396,0.9982139059880863,0.24491944551221978,true,false,-0.07361733760821579,0.35290415560843746,,,,,,,0.07161803713527852,0,0.0,none,0.24444210209142478,false,decreasing_vol,10.0,趋势不可靠-2分(Bootstrap CI过宽: 0.327); 峰值明显下跌-8分(从1.3跌至0.8，跌幅-36.6%),"","",0,0
301468.SZ,博盈特焊,专用机械,0.956852,0.09014785869043102,0.11306,0.7063504198772035,0.07464764331353542,0.2295679527175032,1.0514,86.0,0.08130549812688109,0.19999999999999998,0.8166666666666667,has_near_zero,has_near_zero,has_near_zero,false,0,true,3,false,0,true,4,0.5473935612368014,0.5229798084056401,1.4130207243039565,volatile,false,false,none,1.35,0.0,-0.23802000000000004,-1.5880200000000002,0.6055973647106423,1.0,0.35981680245006237,false,none,0.3757999999999999,-0.10440000000000005,34.79487179487178,55.624629958555346,-13.384615384615389,false,专用机械,false,2.679100059206631,true,rising,false,false,0.0,0.5473935612368014,0.795128190216992,专用机械,-5.0,-2.0,3.0,0.3,0.5,0.10014065878866056,0.46901378759255,-0.035770758685000945,false,false,0.022148419084122718,0.01017671573848654,,,,,,,0.07161803713527852,0,0.0,none,0.5473349536516022,true,decreasing_vol,14.0,"波动聚集提示-2分(大波动后可能跟着大波动); 趋势不确定预警-4分(Bootstrap CI跨零: [-0.029, 0.149]); 峰值明显下跌-8分(从1.8跌至1.1，跌幅-41.9%)","","",0,0
301479.SZ,弘景光电,元器件,2.282204,0.4692486811152387,1.06708,0.5697263998372609,0.14026605698837924,,4.7404,96.0,0.541545979283935,0.6,0.23333333333333334,has_loss,has_loss,has_loss,true,1,true,2,true,1,true,2,1.0183736311844955,1.9981305342744753,2.5434233058794744,volatile,false,false,none,-1.4,0.0,1.7281199999999999,3.12812,0.6985886053502345,1.0,0.9858860535023448,false,none,1.5004,2.31,409.72043010752685,46.30864197530864,248.38709677419354,false,元器件,false,1.0,false,rising,false,false,0.0,1.0183736311844955,0.9480322382809298,元器件,-5.0,-2.0,3.0,0.3,0.5,0.7146063346218517,0.9274727278168142,0.7908893659534058,false,false,0.4692486811152387,0.5697263998372609,,,,,,,0.07161803713527852,0,0.0,none,0.545572109807033,false,stable,4.0,"趋势不确定预警-4分(Bootstrap CI跨零: [-0.241, 1.071])","","",0,0
301486.SZ,致尚科技,元器件,0.8354590000000001,0.039601168611073614,0.05068500000000001,0.08857297361452764,0.6267391063669239,,0.8544,63.0,0.07132211893470722,0.19999999999999998,0.8166666666666667,has_loss,has_loss,has_near_zero,true,1,true,3,false,0,true,3,0.7341703441839105,0.5792457181542217,1.9899110243605669,high_volatility,false,false,none,0.4149999999999999,0.0,-0.31279999999999997,-0.7277999999999999,0.36143374096197667,0.27917814880855885,0.9556605182457676,true,severe,-0.19609999999999994,-0.4295,-42.27027027027027,-18.66730128510233,-29.02027027027027,false,元器件,true,inf,true,falling,false,false,0.0,0.7341703441839105,1.0,元器件,-5.0,-2.0,3.0,0.3,0.5,-0.2045157180477012,0.9698407488659841,-0.49071244340135145,false,false,0.13332384863798266,0.19404984773255207,,,,,,,0.9747292418772563,2,-0.3567495715494424,sustained_decline,0.6652861370555752,false,decreasing_vol,37.0,严重恶化-15分; 周期回落期-3分(景气下行趋势); 贝叶斯高置信度恶化-12分(恶化概率97.5%，严重恶化确认); 趋势不可靠-2分(Bootstrap CI过宽: 0.505); 峰值明显下跌-8分(从1.5跌至0.9，跌幅-42.3%),"","",0,0
301491.SZ,汉桑科技,IT设备,2.0327,0.2782185250343702,0.4690000000000001,0.12810380478372094,0.5542131457396068,,3.25,97.0,0.24008195969079862,0.19999999999999998,0.8166666666666667,has_loss,has_loss,has_loss,true,1,false,0,true,1,false,0,1.0911170049506431,2.0643933733666167,2.8276955602536997,high_volatility,false,false,none,-3.05,0.0,0.977,4.027,0.4149158841608733,1.0,0.2800967177300678,false,none,2.2,-3.2199999999999998,-23.887587822014044,209.52380952380955,-75.40983606557377,false,IT设备,true,inf,true,rising,false,false,0.0,1.0911170049506431,1.0,IT设备,-5.0,-2.0,3.0,0.3,0.5,-0.13176331911925965,0.04054844111379364,-0.4957937050800777,false,false,0.2782185250343702,0.12810380478372094,,,,,,,0.435483870967742,0,0.0,none,1.018291633271347,false,decreasing_vol,3.0,单年巨幅下滑-15.0分(年跌-75.4%); 趋势不可靠-2分(Bootstrap CI过宽: 1.527),"","",0,0
301507.SZ,民生健康,化学制药,0.302769,-0.016843410836364894,-0.01777999999999999,0.7038983839386268,0.07565711376779174,-0.05329215459202552,0.3042,98.0,-0.013197060868328267,-0.19999999999999998,0.8166666666666667,has_near_zero,has_near_zero,has_near_zero,false,0,true,5,false,0,true,5,0.26927302061739705,0.08165435077201948,0.6882337422503626,moderate,false,false,none,-0.20869999999999997,0.0,0.03459000000000001,0.24328999999999998,0.4246185219490689,1.0,0.30597127884955855,false,none,0.0009000000000000119,-0.05669999999999997,-15.49999999999999,0.2967359050445143,-15.749999999999991,false,化学制药,false,1.5212338897105429,true,rising,false,false,0.0,0.26927302061739705,0.4182496017886567,化学制药,-5.0,-2.0,3.0,0.3,0.5,-0.02647587278758101,0.7378059871423476,-0.017705082559003656,false,false,-0.001134585306669353,0.0005192302507609277,,,,,,,0.435483870967742,0,0.0,none,0.26914855658084774,true,decreasing_vol,2.0,波动聚集提示-2分(大波动后可能跟着大波动),"","",0,0
301511.SZ,德福科技,电气设备,-1.0372249999999998,-0.010915744837673925,-0.01510999999999998,0.06216592753026325,0.685862514647567,,-0.8724,100.0,0.07934039608324192,0.19999999999999998,0.8166666666666667,poor,poor,poor,true,5,true,3,true,5,true,4,0.3241236589199921,0.3494766115207139,0.8068854222700376,moderate,false,false,none,0.8699999999999999,0.0,-0.02758999999999997,-0.8975899999999999,0.590131122277776,1.0,0.10613122277775983,false,none,0.18630000000000002,-0.0887,10.061855670103096,17.597052989515447,-9.144329896907216,false,电气设备,false,inf,true,rising,false,false,0.0,0.3241236589199921,1.0,电气设备,-5.0,-2.0,3.0,0.3,0.5,0.03589486666746056,0.2862549528533875,-0.17942263143137102,false,false,0.08230296534072921,0.3554313927077188,,,,,,,0.07161803713527852,0,0.0,none,0.2547561475409919,false,decreasing_vol,0.0,"","","",0,0
301522.SZ,上大股份,小金属,0.009924000000000002,0.050787015838822884,0.05148,0.8015374215340058,0.040031125850916886,,0.2224,100.0,0.04186816237451452,0.39999999999999997,0.48333333333333334,has_loss,has_loss,has_near_zero,true,1,true,5,false,0,true,5,70.2684563273691,0.38788187892707754,173.91304347826082,high_volatility,false,false,none,-0.37000000000000005,0.0,0.45120000000000005,0.8212000000000002,0.5637375752750222,0.7196425442439112,0.7023103009749894,true,moderate,-0.05760000000000004,0.9600000000000001,132.7058823529412,-20.571428571428584,141.1764705882353,false,小金属,true,inf,true,falling,true,false,0.0,70.2684563273691,1.0,小金属,-5.0,-2.0,1.6,0.3,0.24,0.4284056159371651,0.7012992755459764,0.7764901299327016,true,false,0.050787015838822884,0.047632222257881614,,,,,,,0.6492985971943889,1,0.0,single_year_drop,68.70382965912356,false,stable,0.0,中度恶化-10分; 周期回落期-3分(景气下行趋势),"","",0,0
301536.SZ,星宸科技,半导体,1.230826,-0.08608510137608077,-0.15858000000000003,0.27731841379011923,0.36192666597664663,-0.15390930698586625,0.9946,55.0,-0.1271206678735093,-0.39999999999999997,0.48333333333333334,has_near_zero,has_near_zero,has_near_zero,false,0,true,2,false,0,true,2,0.34221740560887876,0.4374907313303906,0.8610763454317898,moderate,false,false,none,-1.1008,0.0,0.01404000000000003,1.11484,0.5902488591815458,0.9999999999999996,0.00453934998656999,true,severe,-0.15200000000000002,-0.3233999999999999,-32.34013605442176,-13.256584685156113,-21.999999999999993,false,半导体,false,1.75,true,falling,false,false,0.0,0.34221740560887876,0.5071072578204364,半导体,-5.0,-2.0,3.0,0.3,0.5,-0.15022806134926814,0.9691233123809287,-0.030809857967678433,false,false,-0.08608510137608077,0.27731841379011923,,,,,,,0.9507042253521126,2,-0.3974279688565401,sustained_decline,0.2804361328019378,true,decreasing_vol,45.0,严重恶化-15分; 贝叶斯高置信度恶化-12分(恶化概率95.1%，严重恶化确认); 波动聚集提示-2分(大波动后可能跟着大波动); 趋势不可靠-2分(Bootstrap CI过宽: 0.348); 峰值明显下跌-8分(从1.9跌至1.0，跌幅-48.8%); 连续下跌警示-6分(2年下跌，累计-48.8%),"","",0,0
301556.SZ,托普云农,软件服务,1.49702,-0.04581243147143419,-0.07532000000000001,0.17549666494108596,0.4826506225663685,-0.06868333265196913,1.1134,50.0,-0.03944480457823535,-0.39999999999999997,0.48333333333333334,good,good,good,false,0,false,0,false,0,false,0,0.20221867808280958,0.31034096088012625,0.4799697656840514,stable,false,false,none,0.3700000000000001,0.0,-0.17798000000000003,-0.5479800000000001,0.4115160559216056,1.0,0.41515282470513704,true,severe,-0.7166000000000001,0.43000000000000016,-20.47142857142857,-39.15846994535519,30.714285714285726,false,软件服务,false,1.3142857142857145,true,falling,false,false,0.0,0.20221867808280958,0.337013037704343,软件服务,-5.0,-2.0,3.0,0.3,0.5,-0.08932564104789575,0.19310656637358825,-0.06650778195954721,false,false,-0.04581243147143419,0.17549666494108596,,,,,,,0.9737039819684448,1,0.0,cliff_drop,0.18673674695097736,false,stable,50.0,严重恶化-15分; 单年巨幅下滑-15.0分(年跌-39.2%); 贝叶斯高置信度恶化-12分(恶化概率97.4%，严重恶化确认); 峰值明显下跌-8分(从1.9跌至1.1，跌幅-39.8%),"","",0,0
301557.SZ,常友科技,电气设备,0.3751959999999999,0.7607682575014709,1.01092,0.6469303934812105,0.10080384915550046,,1.1096,60.13336627094796,0.71909409747469,0.19999999999999998,0.8166666666666667,poor,poor,poor,true,2,false,0,true,2,false,0,28.522920315939604,2.0513684291223746,58.81535038932152,high_volatility,false,false,none,2.08,0.0,-0.47019999999999995,-2.5502000000000002,0.6391249578242685,0.7373833209292285,0.9879879312674742,true,severe,-0.38040000000000007,-0.5599999999999998,-45.87317073170732,-25.530201342281885,-27.317073170731703,false,电气设备,true,inf,true,falling,false,false,0.0,28.522920315939604,1.0,电气设备,-5.0,-2.0,3.0,0.3,0.5,-0.254492969938923,0.9974974146105793,-1.7332674581040806,false,true,0.7607682575014709,0.6469303934812105,,,,,,,0.9872029250457038,2,-0.06541227229146658,sustained_decline,17.87783398113516,false,decreasing_vol,39.86663372905204,"严重恶化-15分; 周期回落期-3分(景气下行趋势); 加速下滑-0.9分(加速度-1.73); 贝叶斯高置信度恶化-12分(恶化概率98.7%，严重恶化确认); 趋势不确定预警-4分(Bootstrap CI跨零: [-0.257, 1.667]); 峰值明显下跌-8分(从2.0跌至1.1，跌幅-45.9%)","","",0,0
301567.SZ,贝隆精密,元器件,1.162833,-0.13271827256191748,-0.21449,0.4936960163220275,0.18572876121164286,-0.087839330443647,0.9692,83.0,-0.13830690047482044,-0.6,0.23333333333333334,has_near_zero,has_near_zero,has_near_zero,false,0,true,2,false,0,true,2,0.41002166807093965,0.5031703906232957,1.0457308626281394,moderate,false,false,none,0.6200000000000001,0.0,-0.34257,-0.9625700000000001,0.5010850126281217,1.0,0.6015768365856317,false,none,0.23249999999999993,-0.2733,-4.039603960396045,31.55965793403012,-27.059405940594054,false,元器件,false,2.741957377494231,true,rising,false,false,0.0,0.41002166807093965,0.6936116514559826,元器件,-5.0,-2.0,3.0,0.3,0.5,-0.014500428259103748,0.016917907324067137,0.11027709152072074,false,false,-0.13271827256191748,0.4936960163220275,,,,,,,0.2783505154639176,0,0.0,none,0.30289465061830406,false,decreasing_vol,17.0,趋势不可靠-2分(Bootstrap CI过宽: 0.423); 峰值大幅下跌-15分(从2.0跌至1.0，跌幅-52.0%),"","",0,0
301571.SZ,国科天成,元器件,-2.237984,0.12652426430687433,0.14331999999999998,0.29118917536073596,0.3479131858143277,,-0.1634,111.0,0.529132895954642,0.7999999999999999,0.08333333333333333,poor,poor,poor,true,5,true,3,true,5,true,4,1.6177473203231911,4.708744770318306,3.8226806107163958,high_volatility,false,false,none,10.41,0.0,0.29498,-10.11502,0.8281033247720376,1.0,0.47143501153870754,false,none,0.5466,0.8,89.17880794701986,76.98591549295774,52.980132450331126,false,元器件,true,inf,true,rising,false,false,0.0,1.6177473203231911,1.0,元器件,-5.0,-2.0,3.0,0.3,0.5,0.518807983634513,0.9994722005915199,-0.44055336685605007,false,true,0.6045764645302635,0.7010946041116607,,,,,,,0.07161803713527852,0,0.0,none,1.0646153356965482,false,decreasing_vol,4.0,周期顶部预警-5分(警惕景气回落); 趋势不可靠-2分(Bootstrap CI过宽: 0.779),high_growth,"高速成长(稳健CAGR=52.9%, MK趋势=0.80)",1,0
301577.SZ,美信科技,元器件,1.1924780000000001,0.040564473085645085,0.07266000000000002,0.2875949221493755,0.3514987959987551,0.08281996770294686,1.6772,100.0,0.07956960156631193,0.39999999999999997,0.48333333333333334,good,good,good,false,0,true,1,false,0,false,0,0.5789464451783316,0.6541400094780933,1.466704428788898,volatile,false,false,none,-1.2,0.0,0.46238,1.66238,0.6150353091120793,1.0,0.6282757183412009,false,none,0.4850000000000001,-0.3478000000000001,8.909090909090908,40.68109377621206,-22.58441558441559,false,元器件,false,2.5408348457350276,true,rising,false,false,0.0,0.5789464451783316,0.8019351355740023,元器件,-5.0,-2.0,3.0,0.3,0.5,0.036227048168332554,0.06299135740845065,-0.05779007119730584,false,false,0.1511948105527505,0.21683938680999373,,,,,,,0.13366336633663367,0,0.0,none,0.49991732183588994,false,decreasing_vol,0.0,"","","",0,0
301580.SZ,爱迪特,医疗保健,1.9788940000000002,0.3037969148219159,0.4883800000000001,0.471295048660999,0.20049929782500964,0.4022604259757545,1.9719,44.46546156973019,0.27739876835433896,0.19999999999999998,0.8166666666666667,has_near_zero,has_near_zero,has_near_zero,false,0,true,2,false,0,true,2,0.7517833845534592,1.3775528381880675,1.7736495705039346,high_volatility,false,false,none,1.615,0.0,-0.8840500000000001,-2.49905,0.6679685725669531,0.7453562140999628,0.9343295115695678,true,severe,-0.4781000000000002,-1.29,-47.27540106951872,-19.51428571428572,-34.49197860962567,false,医疗保健,true,7.632653061224491,true,falling,false,false,0.0,0.7517833845534592,1.0,医疗保健,-5.0,-2.0,3.0,0.3,0.5,-0.29932355002464117,0.9628602917540668,-1.06907686053962,false,true,0.3037969148219159,0.471295048660999,,,,,,,0.9747292418772563,2,-0.434236987818383,sustained_decline,0.6225638438786435,false,decreasing_vol,55.53453843026981,严重恶化-15分; 单年巨幅下滑-15.0分(年跌-34.5%); 周期回落期-3分(景气下行趋势); 加速下滑-0.5分(加速度-1.07); 贝叶斯高置信度恶化-12分(恶化概率97.5%，严重恶化确认); 趋势不可靠-2分(Bootstrap CI过宽: 1.181); 峰值明显下跌-8分(从3.7跌至2.0，跌幅-47.3%),"","",0,0
301590.SZ,优优绿能,电气设备,4.303022,0.6247241047154883,1.55834,0.6469288590708308,0.10080457080077014,,3.6,39.0,0.6365930869855141,0.6,0.23333333333333334,has_loss,has_loss,has_loss,true,1,true,2,true,1,true,2,0.9720657826608717,3.728377750711427,2.380641998998832,high_volatility,false,false,none,2.8905000000000003,0.0,-1.07,-3.9605000000000006,0.5473281638107012,0.8551013816135968,0.14952266108283893,true,severe,-5.49,3.3499999999999996,-37.282229965156795,-60.396039603960396,58.36236933797908,false,电气设备,false,1.0,true,falling,false,false,0.0,0.9720657826608717,0.9109859594620308,电气设备,-5.0,-2.0,3.0,0.3,0.5,-0.2276367488388776,0.2500267475272535,-1.4721856410712242,false,false,0.6247241047154883,0.6469288590708308,,,,,,,0.9866768176627332,1,0.0,cliff_drop,0.7295406026715384,false,increasing_vol,61.0,"严重恶化-15分; 单年巨幅下滑-15.0分(年跌-60.4%); 贝叶斯高置信度恶化-12分(恶化概率98.7%，严重恶化确认); 趋势不确定预警-4分(Bootstrap CI跨零: [-0.228, 1.305]); 峰值大幅下跌-15分(从9.1跌至3.6，跌幅-60.4%)","","",0,0
301598.SZ,博科测试,专用机械,2.223826,0.26139054118204386,0.44601999999999997,0.20636943298122126,0.4421545973429628,,1.8001,41.0,0.16989975509755886,0.19999999999999998,0.8166666666666667,has_loss,has_loss,has_loss,true,1,true,1,true,1,true,1,0.8201422091278489,1.7141136199213867,2.0908890824011253,high_volatility,false,false,none,1.4350000000000003,0.0,-1.1949500000000002,-2.6299500000000005,0.5416540732633948,0.4176390456939271,0.9759432516007801,true,severe,-1.5198999999999998,-0.8700000000000006,-57.0381861575179,-45.7801204819277,-20.763723150358008,false,专用机械,true,inf,true,falling,false,false,0.0,0.8201422091278489,1.0,专用机械,-5.0,-2.0,3.0,0.3,0.5,-0.39465189307654636,0.9418051314427204,-0.9192551328811934,false,false,0.26139054118204386,0.20636943298122126,,,,,,,0.9988032951295951,2,1.204812699072149,accelerating_decline,0.7475154678963787,false,decreasing_vol,59.0,严重恶化-15分; 单年巨幅下滑-15.0分(年跌-45.8%); 周期回落期-3分(景气下行趋势); 贝叶斯高置信度恶化-12分(恶化概率99.9%，严重恶化确认); 趋势不可靠-2分(Bootstrap CI过宽: 1.648); 峰值大幅下跌-15分(从4.2跌至1.8，跌幅-57.0%),"","",0,0
301601.SZ,惠通科技,专用机械,0.7877540000000001,-0.014743508216325486,-0.022419999999999995,0.3597732842379305,0.2849494695344596,,1.0829,91.0,-0.026575041363539924,-0.39999999999999997,0.48333333333333334,has_loss,has_loss,good,true,1,true,1,false,0,false,0,0.8795079648519676,0.7428148369546748,2.0365151909825,high_volatility,false,false,none,0.020000000000000018,0.0,-0.06355,-0.08355000000000001,0.07207033369801433,0.32432432432432423,0.004559176215867344,false,none,1.5629,-1.69,-10.504132231404958,325.60416666666663,-139.6694214876033,false,专用机械,true,inf,true,rising,false,false,0.0,0.8795079648519676,1.0,专用机械,-5.0,-2.0,3.0,0.3,0.5,-0.04178207934637693,0.002505993502453382,-0.05464920758915817,false,false,-0.16202427166306035,0.15277544996646178,,,,,,,0.2783505154639176,0,0.0,none,0.8048500817107197,true,increasing_vol,9.0,单年巨幅下滑-15.0分(年跌-139.7%); 波动率飙升预警-8.0分(近期波动是早期的32.5倍),"","",0,0
301602.SZ,超研股份,医疗保健,0.280936,0.01980640274400513,0.020719999999999995,0.14214568714649,0.5315888257405867,0.07724634092452631,0.3636,85.0,0.016063040342904858,0.39999999999999997,0.48333333333333334,has_near_zero,has_near_zero,has_near_zero,false,0,true,5,false,0,true,5,0.313920775328735,0.08624031539831008,0.6683168316831684,moderate,false,false,none,-0.09000000000000002,0.0,0.03908,0.12908000000000003,0.21771767601619282,1.0,0.25692429644044823,false,none,0.16359999999999997,-0.15999999999999998,0.9999999999999978,81.79999999999998,-44.44444444444444,false,医疗保健,false,1.894736842105263,true,rising,false,false,0.0,0.313920775328735,0.5037681992103564,医疗保健,-5.0,-2.0,3.0,0.3,0.5,0.0016926236847644438,0.000354651511528691,-0.04121870798661506,false,false,0.01980640274400513,0.14214568714649,,,,,,,0.13366336633663367,0,0.0,none,0.29038761063300855,false,stable,15.0,单年巨幅下滑-15.0分(年跌-44.4%),"","",0,0
301609.SZ,山大电力,电气设备,0.9465000000000001,0.10629648409784426,0.15500000000000003,0.20144183103155627,0.4483531816552433,0.09900758516723407,1.24,93.23809523809524,0.09717686170099005,0.19999999999999998,0.8166666666666667,has_near_zero,has_near_zero,has_near_zero,false,0,true,3,false,0,true,3,0.5423428827495902,0.48810859447463123,1.4,volatile,false,false,none,-0.315,0.0,0.51,0.825,0.5363935103858246,0.9067164179104479,0.5810991957104557,true,moderate,-0.24,1.26,463.6363636363637,-16.216216216216218,572.7272727272727,false,电气设备,true,6.7272727272727275,true,falling,false,false,0.0,0.5423428827495902,1.0,电气设备,-5.0,-2.0,3.0,0.3,0.5,0.4115339422844539,0.623566154538524,0.6880212052444166,true,false,0.10629648409784426,0.20144183103155627,,,,,,,0.6492985971943889,1,0.0,single_year_drop,0.4690251250212877,false,increasing_vol,6.761904761904762,中度恶化-10分; 周期回落期-3分(景气下行趋势); 波动率飙升预警-4.8分(近期波动是早期的2.4倍); 趋势不可靠-2分(Bootstrap CI过宽: 0.783),"","",0,0
301611.SZ,珂玛科技,半导体,0.30149800000000004,-0.020732082720047243,-0.026539999999999998,0.013814229814470662,0.8506963896004351,-0.07491568231357981,0.5273,98.0,0.015064944484381584,0.0,1.0,has_near_zero,has_near_zero,has_near_zero,false,0,true,5,false,0,true,5,0.9697238725764707,0.3000907496075146,2.2943191365604605,high_volatility,false,false,none,-0.71,0.0,0.15219,0.86219,0.6498820150524646,1.0,0.774440150524645,false,none,0.3973,-0.03,229.56249999999997,305.6153846153846,-18.75,false,半导体,false,2.2857142857142856,true,rising,false,false,0.0,0.9697238725764707,1.0,半导体,-5.0,-2.0,3.0,0.3,0.5,0.17308517739548962,0.6861108086646281,0.4279097508399717,true,false,-0.020732082720047243,0.013814229814470662,,,,,,,0.07161803713527852,0,0.0,none,0.9601960532481013,false,decreasing_vol,2.0,趋势不可靠-2分(Bootstrap CI过宽: 0.486),"","",0,0
301628.SZ,强达电路,元器件,1.739732,0.07978977144719697,0.14364,0.21636406629064406,0.4298632004185377,0.09605318913568084,1.4432,48.0,0.0939254229143749,0.19999999999999998,0.8166666666666667,good,good,good,false,0,false,0,false,0,false,0,0.30576323215993423,0.5187701302118308,0.8251603168615617,moderate,false,false,none,0.8500000000000001,0.0,-0.061040000000000025,-0.9110400000000001,0.5268967389181305,1.0,0.03964921313710631,true,severe,-0.9567999999999999,0.6099999999999999,-19.374301675977655,-39.86666666666666,34.07821229050278,false,元器件,false,1.1871508379888267,true,falling,false,false,0.0,0.30576323215993423,0.4028973641264576,元器件,-5.0,-2.0,3.0,0.3,0.5,-0.09136818777652267,0.16560024770155482,-0.3234683831578687,false,false,0.07978977144719697,0.21636406629064406,,,,,,,0.9737039819684448,1,0.0,cliff_drop,0.2749040777823476,false,increasing_vol,52.0,严重恶化-15分; 单年巨幅下滑-15.0分(年跌-39.9%); 贝叶斯高置信度恶化-12分(恶化概率97.4%，严重恶化确认); 趋势不可靠-2分(Bootstrap CI过宽: 0.361); 峰值明显下跌-8分(从2.4跌至1.4，跌幅-39.9%),"","",0,0
301631.SZ,壹连科技,元器件,3.9408320000000003,0.308068044423317,1.25064,0.1907532028891845,0.46213205854746925,0.19443320337776848,6.7982,103.89134146341463,0.19789406497065715,0.39999999999999997,0.48333333333333334,good,good,good,false,0,true,1,false,0,true,1,0.8705198452985875,3.1039603811904555,1.8897589212595778,high_volatility,false,false,none,-1.64,0.0,3.3691,5.0091,0.6716729883163277,0.9457989497374345,0.7709309334258423,false,none,0.18819999999999926,6.550000000000001,11230.333333333334,2.847201210287432,10916.666666666668,false,元器件,false,1.0,false,rising,false,false,0.0,0.8705198452985875,0.8297492095722033,元器件,-5.0,-2.0,3.0,0.3,0.5,1.2776035293459187,0.7581491255033356,2.2080266848682895,true,false,0.308068044423317,0.1907532028891845,,,,,,,0.07161803713527852,0,0.0,none,0.6710029379203182,false,increasing_vol,6.1086585365853665,波动率飙升预警-4.1分(近期波动是早期的2.1倍); 趋势不可靠-2分(Bootstrap CI过宽: 2.390),turnaround,"底部强力反转(曾跌11230%, 近期斜率1.28)",0,1
301633.SZ,港迪技术,专用机械,0.9354040000000001,-0.025977059007251536,-0.032920000000000026,0.04618928988798335,0.7284806433038191,,0.7654,47.55622796579996,0.15231530341544933,0.19999999999999998,0.8166666666666667,has_loss,has_loss,has_near_zero,true,1,true,3,false,0,true,2,0.692971878121462,0.6064058311065289,1.8169767335557894,high_volatility,false,false,none,0.7949999999999999,0.0,-0.3723,-1.1673,0.7570218169831189,0.9762008958451321,0.9705641598796882,true,severe,-0.48460000000000003,-0.26,-49.3112582781457,-38.768,-17.218543046357617,false,专用机械,false,1.0,true,falling,false,false,0.0,0.692971878121462,0.687710835830503,专用机械,-5.0,-2.0,3.0,0.3,0.5,-0.24743788812064135,0.9534161302361743,-0.8875440684000685,false,true,0.17872660901381543,0.32323961679057805,,,,,,,0.9988235880331259,2,1.2515261538461537,accelerating_decline,0.5900910919338255,false,decreasing_vol,52.44377203420004,严重恶化-15分; 单年巨幅下滑-15.0分(年跌-38.8%); 加速下滑-0.4分(加速度-0.89); 贝叶斯高置信度恶化-12分(恶化概率99.9%，严重恶化确认); 趋势不可靠-2分(Bootstrap CI过宽: 0.406); 峰值明显下跌-8分(从1.5跌至0.8，跌幅-49.3%),"","",0,0
301662.SZ,宏工科技,专用机械,0.5965320000000001,0.06606721295677274,0.12964000000000006,0.008613181017517004,0.8820040215047357,,2.1682,98.0,0.07439597981664749,0.19999999999999998,0.8166666666666667,poor,poor,poor,true,2,true,3,true,2,true,3,2.67592536109156,1.4922030183590973,5.484183344092965,high_volatility,false,false,none,-0.5,0.0,1.5291000000000001,2.0291,0.48228062376999403,0.10714285714285716,0.7939817200345766,false,none,2.8782,0.18000000000000005,343.6179775280899,405.38028169014086,20.2247191011236,false,专用机械,true,inf,true,rising,false,false,0.0,2.67592536109156,1.0,专用机械,-5.0,-2.0,3.0,0.3,0.5,1.1589188329718403,0.7953097482558757,1.6145162615588524,false,false,0.06606721295677274,0.008613181017517004,,,,,,,0.07161803713527852,0,0.0,none,2.6505583315541403,false,decreasing_vol,2.0,周期顶部预警-5分(警惕景气回落); 趋势不可靠-2分(Bootstrap CI过宽: 2.555),"","",0,0
301668.SZ,C昊创,电气设备,0.8021,0.21859701795126274,0.267,0.6927364436987733,0.08032769711330195,1.026263828767469,1.18,98.0,0.19655632657093208,0.6,0.23333333333333334,has_near_zero,has_near_zero,has_near_zero,false,0,true,3,false,0,true,3,0.6956577151831611,0.5022648703622422,1.5927977839335181,volatile,false,false,none,0.7,0.0,0.20799999999999996,-0.492,0.3024466070374193,0.9999999999999998,0.4528365082687878,false,none,-0.040000000000000036,0.85,218.9189189189189,-3.2786885245901667,229.72972972972974,false,电气设备,false,2.689189189189189,true,falling,false,false,0.0,0.6956577151831611,0.9150847307050874,电气设备,-5.0,-2.0,3.0,0.3,0.5,0.3205335432988483,0.7200865747825453,0.17448546218806368,false,false,0.21859701795126274,0.6927364436987733,,,,,,,0.16167664670658682,0,0.0,none,0.3768929403119194,false,stable,2.0,趋势不可靠-2分(Bootstrap CI过宽: 0.350),"","",0,0
301678.SZ,新恒汇,半导体,0.7192000000000001,0.0,0.0,0.0,1.0,0.30085672710460276,1.26,92.0,0.0738975497099356,0.7378647873726218,0.07697417298126674,has_near_zero,has_near_zero,has_near_zero,false,0,true,4,false,0,true,5,0.49771140300098715,0.33346664001066134,1.2238805970149256,moderate,false,false,none,0.04500000000000001,0.0,0.365,0.31999999999999995,0.4705959977436113,0.519230769230769,0.7807677280718889,false,none,0.7,0.030000000000000027,137.73584905660377,124.99999999999997,5.660377358490571,false,半导体,false,1.0566037735849056,true,rising,false,false,0.0,0.49771140300098715,0.5390496255454438,半导体,-5.0,-2.0,3.0,0.3,0.5,0.27297117351765865,0.7860991197075917,0.23248669392533325,true,false,0.12538226124399363,0.6228414781203807,,,,,,,0.07161803713527852,0,0.0,none,0.31293492790394933,false,increasing_vol,8.0,波动率飙升预警-8.0分(近期波动是早期的4.9倍),"","",0,0
430017.BJ,星昊医药,化学制药,0.9077750000000001,0.0740519758057676,0.07805000000000001,0.11495769608349465,0.5767228689132827,0.31065232815638044,0.6787,36.75764178714891,0.022748042356295323,0.0,1.0,has_near_zero,has_near_zero,has_near_zero,false,0,true,2,false,0,true,2,0.4882722867801976,0.4318084795369355,1.1986069021665384,volatile,false,false,none,1.06,0.0,-0.17108000000000004,-1.2310800000000002,0.6694878877062442,1.0,0.6948788770624417,true,severe,-0.49440000000000006,0.12309999999999999,-35.36190476190477,-42.14474469354702,11.723809523809523,false,化学制药,false,1.1729047619047617,true,falling,false,false,0.0,0.4882722867801976,0.5470051310114596,化学制药,-5.0,-2.0,3.0,0.3,0.5,-0.14058054571638845,0.5440060934070103,-0.484716425702175,false,true,0.0740519758057676,0.11495769608349465,,,,,,,0.9866768176627332,1,0.0,cliff_drop,0.46790710637907396,false,decreasing_vol,63.24235821285109,复合恶化-14.0分(触发2项恶化信号); 严重恶化-15分; 单年巨幅下滑-15.0分(年跌-42.1%); 加速下滑-0.2分(加速度-0.48); 贝叶斯高置信度恶化-12分(恶化概率98.7%，严重恶化确认); 趋势不可靠-2分(Bootstrap CI过宽: 0.572); 峰值明显下跌-8分(从1.3跌至0.7，跌幅-47.4%),"","",0,0
430047.BJ,诺思兰德,生物制药,-0.113456,-0.024789821037540797,-0.02492,0.8311088342493164,0.03110215137832588,,-0.145,85.0,-0.025597235935671415,-0.6,0.23333333333333334,poor,poor,poor,true,5,true,5,true,5,true,5,0.4077061976513738,0.0432087028270926,0.9869786752217399,stable,false,false,none,-0.0638,0.0,-0.017249999999999998,0.046549999999999994,0.4121093424351029,1.0,0.6896234056532606,false,none,0.00040000000000001146,-0.0513,-54.09139213602548,0.2751031636863903,-54.516471838469705,false,生物制药,false,inf,true,rising,false,false,0.0,0.4077061976513738,1.0,生物制药,-5.0,-2.0,3.0,0.3,0.5,-0.025267483146374305,0.7441254811648265,0.0013190111571884273,false,false,-0.024789821037540797,0.8311088342493164,,,,,,,0.6067415730337079,0,0.0,none,0.1673284693093897,false,stable,15.0,单年巨幅下滑-15.0分(年跌-54.5%),"","",0,0
430139.BJ,华岭股份,半导体,0.5868150000000001,-0.0003659258160025991,-0.0006099999999999994,0.0000891199829498231,0.9879803667852447,0.006616730457688069,0.5339,87.0,-0.0032268311150352863,0.0,1.0,has_near_zero,has_near_zero,has_near_zero,false,0,true,5,false,0,true,5,0.12174309808008903,0.07147780774478188,0.2725166916473634,stable,false,false,none,0.16000000000000003,0.0,-0.03478,-0.19478000000000004,0.4655262085300633,1.0,0.4085286397648352,true,moderate,-0.11219999999999997,0.09050000000000002,-3.9056875449963897,-17.3657328586906,16.288696904247665,false,半导体,false,1.193394528437725,true,falling,false,false,0.0,0.12174309808008903,0.2565137489224346,半导体,-5.0,-2.0,3.0,0.3,0.5,-0.00952794234983878,0.034656551772095506,-0.025204444939213977,false,false,-0.0003659258160025991,0.0000891199829498231,,,,,,,0.9025069637883009,1,0.0,single_year_drop,0.12173201421184748,false,stable,13.0,中度恶化-10分; 贝叶斯恶化预警-8分(恶化概率90.3%),"","",0,0
430425.BJ,乐创技术,专用机械,0.62066,-0.03891402188748741,-0.0456,0.4989075755420884,0.18238633311657634,-0.06409081047505982,0.5294,81.19427558044639,-0.037668625430435254,-0.6,0.23333333333333334,has_near_zero,has_near_zero,has_near_zero,false,0,true,5,false,0,true,5,0.16088637820539678,0.1035239489200446,0.37811208155907144,ultra_stable,false,false,none,0.04135000000000005,0.0,-0.12165000000000004,-0.1630000000000001,0.4694984056256871,0.6604784910169472,0.7984866203276635,false,none,-0.015800000000000036,-0.22750000000000004,-31.486993658599722,-2.8980190755686053,-29.442215607609683,false,专用机械,false,1.1363235294117646,true,falling,false,false,0.0,0.16088637820539678,0.28021890648588604,专用机械,-5.0,-2.0,3.0,0.3,0.5,-0.10192806529414805,0.8009508736124665,-0.13530473005171306,false,true,-0.03891402188748741,0.4989075755420884,,,,,,,0.6585365853658537,0,-0.9015692597937643,none,0.11545190091159294,false,increasing_vol,18.805724419553613,加速下滑-0.1分(加速度-0.14); 波动率飙升预警-4.7分(近期波动是早期的2.4倍); 峰值明显下跌-8分(从0.8跌至0.5，跌幅-31.5%); 连续下跌警示-6分(2年下跌，累计-23.3%),"","",0,0
600032.SH,浙江新能,新型电力,1.006229,0.11420600049165636,0.15142999999999998,0.49312889421512857,0.18609459088006014,0.15935496449976694,1.1743,97.83384341342253,0.09945992079758424,0.39999999999999997,0.48333333333333334,has_near_zero,has_near_zero,has_near_zero,false,0,true,2,false,0,true,2,0.3684304464607976,0.35398797295953427,0.8764571190674438,moderate,false,false,none,0.3747,0.0,-0.11255000000000004,-0.48725,0.34546595306425065,0.6584721177336135,0.35311971836286304,false,none,0.1513,-0.37640000000000007,-16.085465199371164,14.789833822091886,-26.89724167500358,false,新型电力,false,1.7710561285831805,true,rising,false,false,0.0,0.3684304464607976,0.5308851743130621,新型电力,-5.0,-2.0,3.0,0.3,0.5,-0.0691087030931457,0.328908193655559,-0.33231317315494874,false,true,0.11420600049165636,0.49312889421512857,,,,,,,0.435483870967742,0,0.0,none,0.2713670910822069,false,decreasing_vol,2.1661565865774746,加速下滑-0.2分(加速度-0.33); 趋势不可靠-2分(Bootstrap CI过宽: 0.398),"","",0,0
600055.SH,万东医疗,医疗保健,0.364397,0.0027177301692801526,0.0028399999999999983,0.06706266688549234,0.6739993757183542,-0.24624220839112698,0.3104,83.0,0.01801542267445852,0.19999999999999998,0.8166666666666667,has_near_zero,has_near_zero,has_near_zero,false,0,true,5,false,0,true,5,0.7989004576591483,0.3192086668622893,1.9914405846431076,high_volatility,false,true,deterioration_to_recovery,-0.7957000000000001,0.0,0.04660000000000001,0.8423,0.8794735481972115,1.0,0.8539033887014973,false,none,0.01419999999999999,0.03250000000000003,17.709518392112255,4.7940580688723795,12.324611300720527,false,医疗保健,false,1.0,false,rising,false,false,0.0,0.7989004576591483,0.772453699460652,医疗保健,-5.0,-2.0,3.0,0.3,0.5,0.022442194502516277,0.9506806847956669,0.31905354626197835,true,false,-0.09697934866211395,0.3154013245388606,,,,,,,0.07161803713527852,0,0.0,none,0.6504688956821925,true,decreasing_vol,17.0,波动聚集提示-2分(大波动后可能跟着大波动); 峰值大幅下跌-15分(从1.0跌至0.3，跌幅-67.7%),"","",0,0
600062.SH,华润双鹤,化学制药,1.4995800000000001,0.0659714401066389,0.11891999999999997,0.7721244827467851,0.04977696733162481,0.07740214665903822,1.7568,88.0,0.07174082117605057,0.6,0.23333333333333334,good,good,good,false,0,false,0,false,0,false,0,0.14852870001872598,0.21389915147096766,0.3274032719495596,ultra_stable,false,false,none,-0.00880000000000003,0.0,0.23529999999999995,0.24409999999999998,0.530479389635924,0.7117429000337046,0.9868751955872136,false,none,0.1882999999999999,0.2823,36.58839993780127,12.005100414408664,21.948375058311303,false,化学制药,false,1.0,false,rising,false,false,0.0,0.14852870001872598,0.25215629334831413,化学制药,-5.0,-2.0,3.0,0.3,0.5,0.12962883653932178,0.9794381709321538,0.1350073009579147,true,false,0.0659714401066389,0.7721244827467851,,,,,,,0.07161803713527852,0,0.0,none,0.0708067700331864,false,increasing_vol,12.0,"波动率飙升预警-8.0分(近期波动是早期的24.3倍); 趋势不确定预警-4分(Bootstrap CI跨零: [-0.006, 0.134])","","",0,0
600066.SH,宇通客车,汽车整车,1.9101860000000002,0.024529794812485163,0.05187000000000002,0.09940262159206306,0.6053241109807079,0.19226643618227612,3.2569,115.0,0.34109832871521406,0.6,0.23333333333333334,good,good,good,false,0,true,1,false,0,false,0,0.608195021763379,1.0686351449395626,1.6734772859207996,volatile,false,false,none,-1.2953,0.0,0.9482100000000001,2.24351,0.7692509389528703,1.0,0.9898629982930777,false,none,1.1263999999999998,0.6609,121.61812738160043,52.870218258624725,44.97142079477409,false,汽车整车,false,1.0,false,rising,false,false,0.0,0.608195021763379,0.6198893507440366,汽车整车,-5.0,-2.0,3.0,0.3,0.5,0.35945909762138717,0.9965333233768376,0.39817890346348184,false,false,0.24720350874992303,0.44776516496372576,,,,,,,0.07161803713527852,0,0.0,none,0.3986608352882368,false,stable,0.0,"",high_growth,"高速成长(稳健CAGR=34.1%, MK趋势=0.60)",1,0
600071.SH,凤凰光学,元器件,0.262534,0.08523536258304978,0.08818000000000001,0.45031564112496336,0.21494786211342104,0.3318672971980625,0.2511,38.0,0.09109572993001763,0.39999999999999997,0.48333333333333334,has_near_zero,has_near_zero,has_near_zero,false,0,true,5,false,0,true,5,0.8903486565647045,0.21019351084179547,2.2839715350728564,high_volatility,false,false,none,0.10475,0.0,-0.019100000000000006,-0.12385,0.21308070770747967,0.5207581058956584,0.013815999761660348,true,severe,-0.2986,0.26039999999999996,-13.204286208088492,-54.32053847553211,90.0103698582786,false,元器件,true,52.35238095238095,true,falling,false,false,0.0,0.8903486565647045,1.0,元器件,-5.0,-2.0,3.0,0.3,0.5,-0.018437935621649665,0.015062149580427354,-0.12128483782968039,false,false,0.08523536258304978,0.45031564112496336,,,,,,,0.9487554904831625,1,0.0,cliff_drop,0.6662826077681644,false,increasing_vol,62.0,严重恶化-15分; 单年巨幅下滑-15.0分(年跌-54.3%); 周期回落期-3分(景气下行趋势); 贝叶斯高置信度恶化-12分(恶化概率94.9%，严重恶化确认); 趋势不可靠-2分(Bootstrap CI过宽: 0.315); 峰值大幅下跌-15分(从0.5跌至0.3，跌幅-54.3%),"","",0,0
600079.SH,人福医药,化学制药,1.3336000000000001,-0.003289892853544219,-0.005499999999999972,0.7296473370458794,0.06535263516051762,-0.005118589722166611,1.326,95.3969249867849,-0.00781709070206374,-0.39999999999999997,0.48333333333333334,good,good,good,false,0,false,0,false,0,false,0,0.07685323374757366,0.10319852227624192,0.21589216562406915,ultra_stable,false,false,none,0.07080000000000009,0.0,-0.08455000000000001,-0.1553500000000001,0.20227123860535923,0.6494198246410322,0.3371248687214424,false,none,0.12080000000000002,-0.28990000000000005,-11.31028024881279,10.023232658479921,-19.390007357367402,false,化学制药,false,1.1775222493502402,true,rising,false,false,0.0,0.07685323374757366,0.21848555357809096,化学制药,-5.0,-2.0,3.0,0.3,0.5,-0.04891878882698375,0.3189044870856506,-0.08961284552010695,false,true,-0.011273326797070294,0.08424545481876482,,,,,,,0.2783505154639176,0,0.0,none,0.07373607551574583,false,increasing_vol,4.603075013215106,加速下滑-0.0分(加速度-0.09); 波动率飙升预警-4.6分(近期波动是早期的2.3倍),"","",0,0
600099.SH,林海股份,汽车整车,0.35715399999999997,0.14118812166905217,0.15058,0.6225798624067831,0.11256366503977691,,0.5357,95.53544284808237,0.16617930278202997,0.6,0.23333333333333334,has_loss,has_loss,has_loss,true,1,true,5,true,1,true,5,0.9718207343498978,0.3031886327024811,2.3809218539649977,high_volatility,false,false,none,-0.1849,0.0,0.22226999999999997,0.40717,0.43714097662242135,1.0,0.7339214069163779,true,moderate,-0.1764,0.5235,184.04029692470834,-24.771801713242525,277.5715800636267,false,汽车整车,true,inf,true,falling,false,false,0.0,0.9718207343498978,1.0,汽车整车,-5.0,-2.0,3.0,0.3,0.5,0.16270669416042885,0.44875412304345835,0.14575465314927435,false,false,0.14118812166905217,0.6225798624067831,,,,,,,0.6492985971943889,1,0.0,single_year_drop,0.6016942034985375,false,increasing_vol,4.464557151917636,"中度恶化-10分; 周期回落期-3分(景气下行趋势); 趋势不确定预警-4分(Bootstrap CI跨零: [-0.012, 0.363])","","",0,0
600100.SH,同方股份,IT设备,-0.014069000000000005,0.11508053159301015,0.11617,0.9636272171319458,0.002976874216777034,,0.1741,100.0,0.11405469394841423,0.9999999999999999,0.016666666666666666,poor,poor,poor,true,2,true,5,true,2,true,5,3.8252355129728137,0.18713052129463006,9.566639411283727,high_volatility,false,false,none,0.15410000000000001,0.0,0.0799,-0.07420000000000002,0.4134308432376913,0.9751590544080445,0.8808430729380338,false,none,0.1308,0.028999999999999998,1117.4825174825176,302.0785219399538,202.7972027972028,false,IT设备,false,1.0,false,rising,false,false,0.0,3.8252355129728137,1.0,IT设备,-5.0,-2.0,3.0,0.3,0.5,0.07946637654642594,0.8814412033929316,-0.07259609361929628,false,true,0.11508053159301015,0.9636272171319458,,,,,,,0.07161803713527852,0,0.0,none,0.7310985867025945,false,decreasing_vol,0.0,"","","",0,0
600104.SH,上汽集团,汽车整车,3.316033,0.18364911970860878,0.7319100000000001,0.1908479903045083,0.46200778785435453,0.1683766575222445,5.9841,118.68703340701505,0.23188645521304715,0.39999999999999997,0.48333333333333334,good,good,good,false,0,true,1,false,0,true,1,0.6335617534299555,1.96179862702572,1.6698423360870154,volatile,false,false,none,-1.19885,0.0,2.5853,3.7841500000000003,0.8920334292316703,0.9939315894500157,0.9974905119602677,false,none,2.3606999999999996,2.8099000000000003,635.59926244622,65.15151515151514,345.4087277197296,false,汽车整车,false,1.0,false,rising,false,false,0.0,0.6335617534299555,0.6401827360772977,汽车整车,-5.0,-2.0,3.0,0.3,0.5,0.8729936122092001,0.9397360062406791,1.443005432340434,true,false,0.18364911970860878,0.1908479903045083,,,,,,,0.07161803713527852,0,0.0,none,0.5115893359473062,false,increasing_vol,6.312966592984945,波动率飙升预警-4.3分(近期波动是早期的2.2倍); 趋势不可靠-2分(Bootstrap CI过宽: 1.502),"high_growth,turnaround","高速成长(稳健CAGR=23.2%, MK趋势=0.40); 底部强力反转(曾跌636%, 近期斜率0.87)",1,1
600110.SH,诺德股份,电气设备,0.22100999999999998,-0.002707578395489874,-0.0028799999999999937,0.013158997567576321,0.8542642491508707,,0.3553,77.90426327599103,-0.08018933402677822,-0.39999999999999997,0.48333333333333334,has_loss,has_loss,has_near_zero,true,1,true,5,false,0,true,5,1.9588617288583656,0.5145537989365155,5.178163544997716,high_volatility,false,false,none,0.04275000000000001,0.0,-0.049949999999999994,-0.0927,0.08151600189975212,0.04677831505706846,0.007160380412214986,false,none,0.9688000000000001,-1.0687,-21.946397188049207,157.91361043194786,-234.77592267135324,false,电气设备,true,inf,true,rising,false,false,0.0,1.9588617288583656,1.0,电气设备,-5.0,-2.0,3.0,0.3,0.5,-0.046283590566564003,0.006716686678780868,-0.08579823514440332,false,false,-0.1297947402208809,0.17882687360742036,,,,,,,0.435483870967742,0,0.0,none,1.7714733560669136,false,increasing_vol,22.095736724008976,单年巨幅下滑-15.0分(年跌-234.8%); 波动率飙升预警-6.1分(近期波动是早期的3.0倍); 峰值大幅下跌-15分(从0.7跌至0.4，跌幅-52.4%),"","",0,0
600163.SH,中闽能源,新型电力,0.504635,0.0027523364220814585,0.003190000000000004,0.0021953203044698484,0.9403651567998554,-0.024580279926719406,0.4194,64.89990933330847,-0.0052966822444593525,-0.19999999999999998,0.8166666666666667,has_near_zero,has_near_zero,has_near_zero,false,0,true,5,false,0,true,5,0.2101823758420997,0.10573014234360985,0.4989662849872773,moderate,false,false,none,0.10355,0.0,-0.1255,-0.22905,0.5060361064838712,0.6025995691784436,0.9996614956602686,true,severe,-0.12150000000000005,-0.12949999999999995,-37.440334128878284,-22.462562396006664,-19.31682577565632,false,新型电力,false,1.5916429249762583,true,falling,false,false,0.0,0.2101823758420997,0.3803649573371809,新型电力,-5.0,-2.0,3.0,0.3,0.5,-0.11013090121373195,0.9999892209580109,-0.20018133338307387,false,true,0.0027523364220814585,0.0021953203044698484,,,,,,,0.9935602575896965,2,0.16284956218400554,sustained_decline,0.20994307879511387,false,stable,35.100090666691536,严重恶化-15分; 加速下滑-0.1分(加速度-0.20); 贝叶斯高置信度恶化-12分(恶化概率99.4%，严重恶化确认); 峰值明显下跌-8分(从0.7跌至0.4，跌幅-37.4%),"","",0,0
600192.SH,长城电工,电气设备,-0.137347,0.14108820020295268,0.14631,0.5108146834614486,0.17487920164768783,,0.1428,96.0,0.13805012300470365,0.7999999999999999,0.08333333333333333,poor,poor,poor,true,3,true,5,true,3,true,5,1.7894994533316038,0.32432888092181983,3.871110130214081,high_volatility,false,false,none,0.534,0.0,0.10384,-0.43016000000000004,0.2518911274175625,1.0,0.22226283040036907,false,none,0.10770000000000002,0.5356,128.53146853146856,306.8376068376069,107.01298701298703,false,电气设备,true,inf,true,rising,false,false,0.0,1.7894994533316038,1.0,电气设备,-5.0,-2.0,3.0,0.3,0.5,0.31198903416342455,0.8744448717884559,0.28623013163754435,false,false,0.14108820020295268,0.5108146834614486,,,,,,,0.07161803713527852,0,0.0,none,1.254227883010686,false,decreasing_vol,4.0,"周期顶部预警-5分(警惕景气回落); 趋势不确定预警-4分(Bootstrap CI跨零: [-0.040, 0.341])","","",0,0
600196.SH,复星医药,化学制药,1.469595,0.06525971531194741,0.10755000000000002,0.39557108841688576,0.2556847048551797,0.13592012435845757,1.6759,100.0,0.042558709720656215,0.6,0.23333333333333334,good,good,good,false,0,false,0,false,0,false,0,0.19220118600832817,0.2721222831743112,0.47272958426918676,stable,false,false,none,0.5341,0.0,0.01049,-0.52361,0.4662685404757643,1.0,0.006333178466809909,false,none,0.3982999999999999,-0.30069999999999997,6.183868719508326,31.17564182842829,-19.052144712665523,false,化学制药,false,1.235363180964308,true,rising,false,false,0.0,0.19220118600832817,0.3184760396019036,化学制药,-5.0,-2.0,3.0,0.3,0.5,0.025555273213220597,0.04747653295482621,-0.1501413133308619,false,false,0.06525971531194741,0.39557108841688576,,,,,,,0.13366336633663367,0,0.0,none,0.15005110780019362,false,stable,0.0,"","","",0,0
600211.SH,西藏药业,生物制药,2.957514,0.20419601779581448,0.55298,0.5920960884702264,0.1281694377281718,0.15623538225463207,3.0864,83.0,0.22599011130115892,0.39999999999999997,0.48333333333333334,good,good,good,false,0,false,0,false,0,false,0,0.42122322562812203,1.175895181127978,1.0068705626123902,moderate,false,false,none,0.82525,0.0,-0.14550000000000018,-0.9707500000000002,0.45737236043055485,0.639218501056722,0.05376878269091327,true,moderate,-1.2027000000000005,0.9117000000000002,-8.616095221176064,-28.040847730293077,26.994137502220646,false,生物制药,false,2.901373198944734,true,falling,false,false,0.0,0.42122322562812203,0.7238283403617956,生物制药,-5.0,-2.0,3.0,0.3,0.5,-0.043031305160109556,0.06885132203100863,-0.3515828642519344,false,false,0.20419601779581448,0.5920960884702264,,,,,,,0.9025069637883009,1,0.0,single_year_drop,0.2816631766809657,false,stable,17.0,"中度恶化-10分; 贝叶斯恶化预警-8分(恶化概率90.3%); 趋势不确定预警-4分(Bootstrap CI跨零: [-0.082, 0.527])","","",0,0
600216.SH,浙江医药,化学制药,0.972308,-0.04210957879367292,-0.05804000000000001,0.06203098847486036,0.6861963682542476,-0.00581037101435633,1.2721,98.0,-0.041356979265501304,-0.19999999999999998,0.8166666666666667,has_near_zero,has_near_zero,has_near_zero,false,0,true,2,false,0,true,2,0.36637750509295636,0.36261114434060077,0.7706219940993413,volatile,false,false,none,-0.38134999999999997,0.0,0.36635,0.7477,0.6231030990936751,0.8685597996220513,0.8670711913146996,false,none,0.6148,0.1179,135.83611420096403,93.53415487600792,21.85761957730812,false,化学制药,false,1.0,false,rising,false,false,0.0,0.36637750509295636,0.42643533740769846,化学制药,-5.0,-2.0,3.0,0.3,0.5,0.27257645296318944,0.8835301225465688,0.5543559468659789,true,false,-0.04210957879367292,0.06203098847486036,,,,,,,0.07161803713527852,0,0.0,none,0.3544503026417318,false,stable,2.0,趋势不可靠-2分(Bootstrap CI过宽: 0.580),"","",0,0
600237.SH,铜峰电子,元器件,0.26683,0.03414520129064933,0.034899999999999994,0.2385394229133282,0.40383646891426545,0.2561462610090335,0.3045,95.88287412239076,0.028120196325421513,0.19999999999999998,0.8166666666666667,has_near_zero,has_near_zero,has_near_zero,false,0,true,5,false,0,true,5,0.44411524336128205,0.11385338378809828,0.9357934155094397,volatile,false,false,none,0.2399,0.0,0.002769999999999992,-0.23713,0.2776712306982756,1.0,0.0013055691938145455,true,moderate,-0.042300000000000004,0.2008,108.56164383561644,-12.197231833910035,137.53424657534248,false,元器件,false,2.428082191780822,true,falling,false,false,0.0,0.44411524336128205,0.6790364869264687,元器件,-5.0,-2.0,3.0,0.3,0.5,0.07724718142750175,0.5647174577420034,0.06550264680277365,false,false,0.03414520129064933,0.2385394229133282,,,,,,,0.4807121661721069,1,0.0,single_year_drop,0.38846538891297117,true,decreasing_vol,4.117125877609242,中度恶化-10分; 波动聚集提示-2分(大波动后可能跟着大波动),"","",0,0
600262.SH,北方股份,专用机械,1.1495000000000002,0.06951269609307469,0.08603,0.4215911347644646,0.2357519051246774,0.40897564438296663,2.14,108.20110192837465,0.21518420037259361,0.9999999999999999,0.016666666666666666,has_near_zero,has_near_zero,has_near_zero,false,0,true,3,false,0,true,4,0.6266680411318877,0.6514339621174199,1.5362859781437586,moderate,false,false,none,0.1815,0.0,0.617,0.4355,0.507648309951465,0.8020011979693437,0.8305541400480406,false,none,1.0997000000000001,0.13429999999999997,136.20309050772624,105.70989137748728,14.823399558498892,false,专用机械,false,1.0,false,rising,false,false,0.0,0.6266680411318877,0.6346677662388435,专用机械,-5.0,-2.0,3.0,0.3,0.5,0.345613915900098,0.852148051600679,0.19862283121195828,true,false,0.23385518032550878,0.857754120683782,,,,,,,0.07161803713527852,0,0.0,none,0.2859812318066223,false,increasing_vol,6.798898071625344,波动率飙升预警-6.8分(近期波动是早期的3.4倍),high_growth,"高速成长(稳健CAGR=21.5%, MK趋势=1.00)",1,0
600267.SH,海正药业,化学制药,1.5897050000000001,0.0027340667917444827,0.01049,0.0009221227257911812,0.9613421477833837,0.02563146294041707,1.8218,80.52338530066815,0.014053467878468173,0.19999999999999998,0.8166666666666667,good,good,good,false,0,false,0,false,0,false,0,0.16269347208426546,0.25778129877863526,0.3886497608017874,stable,false,false,none,-0.19450000000000012,0.0,0.05195000000000003,0.24645000000000014,0.1869288306545314,1.0,0.05169939724799816,false,none,0.6158000000000001,-0.5902000000000001,1.425231043313666,51.061359867330026,-32.85825631889545,false,化学制药,false,1.3515933631814592,true,rising,false,false,0.0,0.16269347208426546,0.31036722609160694,化学制药,-5.0,-2.0,3.0,0.3,0.5,0.006192606752648655,0.0010242148810661446,-0.03144344450327807,false,false,0.0027340667917444827,0.0009221227257911812,,,,,,,0.13366336633663367,0,0.0,none,0.1623563567685338,true,increasing_vol,19.476614699331847,单年巨幅下滑-15.0分(年跌-32.9%); 波动率飙升预警-4.5分(近期波动是早期的2.2倍),"","",0,0
600268.SH,国电南自,电气设备,0.9709299999999998,-0.001055870645393131,-0.0015400000000000082,0.01829875024646508,0.8282919598861086,0.0038598797064790524,1.0594,100.0,-0.00003892631494069321,0.0,1.0,good,good,good,false,0,true,1,false,0,false,0,0.18799412345360386,0.18267388975986687,0.4446845734280128,stable,false,false,none,-0.19834999999999997,0.0,0.20644999999999997,0.40479999999999994,0.5140070483941335,0.68355858549419,0.8016832049670638,false,none,0.02859999999999996,0.3843,63.866976024748645,2.7745440434613853,59.443155452436194,false,电气设备,false,1.6683681361175562,true,rising,false,false,0.0,0.18799412345360386,0.37284438357855726,电气设备,-5.0,-2.0,3.0,0.3,0.5,0.15723544262451183,0.7969588500920711,0.30888828710988,true,false,-0.001055870645393131,0.00014386075590870718,,,,,,,0.07161803713527852,0,0.0,none,0.18797742170018197,false,stable,0.0,"","","",0,0
600276.SH,恒瑞医药,化学制药,0.8200550000000001,0.11686800599968512,0.15785,0.3021398279624983,0.3371784539729761,0.15952482420666025,1.1636,93.66345347862531,0.11051646461196574,0.39999999999999997,0.48333333333333334,has_near_zero,has_near_zero,has_near_zero,false,0,true,3,false,0,true,3,0.5387925912759508,0.4163250352789272,1.2941633234114143,volatile,false,false,none,-0.2227,0.0,0.48264999999999997,0.7053499999999999,0.5421005761124673,0.7232592163665771,0.7230730575594357,false,none,-0.03469999999999995,0.9999999999999999,486.7876954109934,-2.89576900609196,504.2864346949067,false,化学制药,true,4.684568835098336,true,falling,false,false,0.0,0.5387925912759508,1.0,化学制药,-5.0,-2.0,3.0,0.3,0.5,0.3977186845810004,0.7288731079718479,0.6021745182424738,true,false,0.11686800599968512,0.3021398279624983,,,,,,,0.16167664670658682,0,0.0,none,0.4312399575812107,false,increasing_vol,6.336546521374687,周期回落期-3分(景气下行趋势); 波动率飙升预警-4.3分(近期波动是早期的2.2倍); 趋势不可靠-2分(Bootstrap CI过宽: 0.686),"","",0,0
600288.SH,大恒科技,元器件,0.03452500000000001,-0.003030368735137018,-0.003249999999999992,0.000592802133364189,0.9690028272835827,,0.2061,98.0,0.00854621799183906,0.0,1.0,poor,poor,poor,true,2,true,5,true,2,true,5,5.592686938584822,0.19854038631976115,13.743661971830987,high_volatility,false,false,none,-0.24395,0.0,0.22189999999999996,0.46585,0.7081028409169872,0.9835467222795677,0.9964006663229288,false,none,0.1988,0.245,186.70593184686578,2723.2876712328766,103.07109802271772,false,元器件,false,1.0,false,rising,false,false,0.0,5.592686938584822,1.0,元器件,-5.0,-2.0,3.0,0.3,0.5,0.22009239443418477,0.9964591621817291,0.46168097530794494,true,false,-0.003030368735137018,0.000592802133364189,,,,,,,0.07161803713527852,0,0.0,none,5.59081335845914,false,stable,2.0,趋势不可靠-2分(Bootstrap CI过宽: 0.473),"","",0,0
600301.SH,华锡有色,小金属,0.8847550000000001,0.30282989899269,0.42605000000000004,0.39668432989472824,0.25480967155521006,,1.9552,98.0,0.39417876323812556,0.6,0.23333333333333334,has_loss,has_loss,has_loss,true,1,true,3,true,1,true,3,1.2817978521440294,0.9702440662019016,3.166829603403176,high_volatility,false,false,none,-1.2001,0.0,0.85273,2.05283,0.6965542368474016,1.0,0.9655423684740158,false,none,0.5306,1.336,2106.7720090293456,37.24554260845149,1507.9006772009031,false,小金属,true,1.0,false,rising,true,false,0.0,1.2817978521440294,1.0,小金属,-5.0,-2.0,1.6,0.3,0.24,0.6674672032479015,0.8948738578181442,0.9730720955369605,false,false,0.30282989899269,0.39668432989472824,,,,,,,0.07161803713527852,0,0.0,none,0.9224868163289007,false,stable,2.0,周期顶部预警-5分(警惕景气回落); 趋势不可靠-2分(Bootstrap CI过宽: 1.248),"","",0,0
600312.SH,平高电气,电气设备,1.494518,0.19096553089711377,0.34285999999999994,0.8118524528526846,0.03681662805633222,0.22517686011797644,2.2169,90.0,0.16705069151139681,0.7999999999999999,0.08333333333333333,has_near_zero,has_near_zero,has_near_zero,false,0,true,2,false,0,true,2,0.4316303323393091,0.600682668303323,0.9587111794547517,stable,false,false,none,0.022800000000000042,0.0,0.5936999999999999,0.5708999999999999,0.5189315942097796,0.09208574640755081,0.9554301956902459,false,none,0.37159999999999993,0.8157999999999999,115.33754249635741,20.13764699506855,79.24235065565807,false,电气设备,false,1.0,false,rising,false,false,0.0,0.4316303323393091,0.47863759920478066,电气设备,-5.0,-2.0,3.0,0.3,0.5,0.3172757132867875,0.9281698525739097,0.3012072441768175,false,false,0.19096553089711377,0.8118524528526846,,,,,,,0.07161803713527852,0,0.0,none,0.18590911688712164,false,increasing_vol,10.0,波动率飙升预警-8.0分(近期波动是早期的4.8倍); 趋势不可靠-2分(Bootstrap CI过宽: 0.335),"","",0,0
600320.SH,振华重工,专用机械,0.6743450000000001,0.19328108139014588,0.22735000000000005,0.9334060395696844,0.007444732991040095,0.5930129211003776,1.0014,100.0,0.19402528262469088,0.9999999999999999,0.016666666666666666,has_near_zero,has_near_zero,has_near_zero,false,0,true,4,false,0,true,4,0.6160298590732104,0.3734003387786358,1.3955521826640709,stable,false,false,none,0.2468,0.0,0.22938000000000006,-0.017419999999999936,0.1905649967364494,1.0,0.8657636823420766,false,none,0.017400000000000082,0.4965,105.41538461538462,1.7682926829268377,101.84615384615385,false,专用机械,false,1.0,false,rising,false,false,0.0,0.6160298590732104,0.6261572205919017,专用机械,-5.0,-2.0,3.0,0.3,0.5,0.20617978043301705,0.7724390593824143,0.04861799123330468,false,false,0.19328108139014588,0.9334060395696844,,,,,,,0.07161803713527852,0,0.0,none,0.16668334662022627,false,increasing_vol,0.0,"","","",0,0
600353.SH,旭光电子,元器件,0.023812,-0.005360636734794719,-0.005360000000000001,0.01729000561138073,0.8330635739887229,,0.0831,100.0,-0.014672388067472819,0.0,1.0,poor,poor,poor,true,2,true,5,true,2,true,5,2.5380374709430282,0.06451691251137177,5.861526357199056,high_volatility,false,false,none,-0.0728,0.0,0.0745,0.1473,0.517709595001635,0.91512874350757,0.9673672065087809,false,none,0.0982,0.0508,226.10015174506825,650.3311258278145,77.0864946889226,false,元器件,false,1.0,false,rising,false,false,0.0,2.5380374709430282,1.0,元器件,-5.0,-2.0,3.0,0.3,0.5,0.07442852387150697,0.9673717562329851,0.1471626527690326,true,false,-0.005360636734794719,0.01729000561138073,,,,,,,0.07161803713527852,0,0.0,none,2.5160448909309294,false,stable,0.0,"","","",0,0
600363.SH,联创光电,元器件,0.5226970000000001,-0.0005939231170097814,-0.0005000000000000004,0.0006379978062712688,0.9678431481618014,-0.22963981679674328,0.3854,67.0,-0.058162541571493115,-0.6,0.23333333333333334,has_near_zero,has_near_zero,has_near_zero,false,0,true,4,false,0,true,5,0.5319114515961536,0.2996044442260495,1.2585662038845296,volatile,false,false,none,-0.6649,0.0,-0.004899999999999999,0.66,0.5973848682026467,1.0,0.018336810784885763,true,moderate,-0.10969999999999996,0.08299999999999996,-6.479009949041495,-22.157139971722877,20.14074253821887,false,元器件,false,1.2014074253821887,true,falling,false,false,0.0,0.5319114515961536,0.5857168179945481,元器件,-5.0,-2.0,3.0,0.3,0.5,-0.012400314650986233,0.05624567333068722,0.26023015361739177,false,false,-0.10804905271742163,0.5098392066016484,,,,,,,0.9025069637883009,1,0.0,single_year_drop,0.37265397593826355,false,decreasing_vol,33.0,中度恶化-10分; 贝叶斯恶化预警-8分(恶化概率90.3%); 峰值大幅下跌-15分(从1.1跌至0.4，跌幅-64.8%),"","",0,0
600380.SH,健康元,化学制药,1.8773999999999997,0.07751523649293518,0.15448000000000003,0.522899618688815,0.16744067634724996,0.057893044164409435,1.9402,88.92407534524801,0.06909393990130619,0.39999999999999997,0.48333333333333334,good,good,good,false,0,false,0,false,0,false,0,0.1870018523062539,0.33663325444762593,0.4236290107545998,stable,false,false,none,0.2564000000000001,0.0,-0.060850000000000064,-0.31725000000000014,0.31303665290330784,0.48025026999985987,0.5016407623487886,true,moderate,-0.16590000000000016,0.04420000000000002,-5.902323100053356,-7.877118845259017,2.143653911440905,false,化学制药,false,1.5676218831410496,true,falling,false,false,0.0,0.1870018523062539,0.3586177329304764,化学制药,-5.0,-2.0,3.0,0.3,0.5,-0.02720622056566191,0.5084977149135235,-0.15184930950396847,false,true,0.07751523649293518,0.522899618688815,,,,,,,0.8223350253807107,1,0.0,single_year_drop,0.12868306530652515,false,decreasing_vol,11.075924654751985,"中度恶化-10分; 加速下滑-0.1分(加速度-0.15); 贝叶斯中度恶化预警-5分(恶化概率82.2%); 趋势不确定预警-4分(Bootstrap CI跨零: [-0.034, 0.217])","","",0,0
600406.SH,国电南瑞,电气设备,1.280145,0.02433304625035997,0.04021000000000002,0.6679192710528584,0.09115803757473816,0.031475460970054714,1.3801,94.0,0.03451917751260536,0.6,0.23333333333333334,good,good,good,false,0,true,1,false,0,false,0,0.1885476895177091,0.23284508369299964,0.4715208836056813,stable,false,false,none,-0.3769,0.0,0.17295000000000002,0.5498500000000001,0.5311212258241883,1.0,0.690617552538753,false,none,-0.044499999999999984,0.11610000000000009,5.471914405808185,-3.123683841078196,8.8727550630493,false,电气设备,false,1.6913213819304287,true,falling,false,false,0.0,0.1885476895177091,0.37634766920489116,电气设备,-5.0,-2.0,3.0,0.3,0.5,0.021368870605037227,0.3807048891258808,-0.006339177132369311,false,false,0.058314613057255354,0.3501276866717511,,,,,,,0.27835051546391754,0,0.0,none,0.1488319802507108,true,decreasing_vol,6.0,"波动聚集提示-2分(大波动后可能跟着大波动); 趋势不确定预警-4分(Bootstrap CI跨零: [-0.009, 0.041])","","",0,0
600410.SH,华胜天成,软件服务,0.31528100000000003,0.05917227080673888,0.06467,0.17908319465947659,0.47773201474947274,0.11869428346465849,0.6412,98.0,0.07102478014482842,0.39999999999999997,0.48333333333333334,has_near_zero,has_near_zero,has_near_zero,false,0,true,5,false,0,true,5,0.7966515196794424,0.23571325164275342,2.0711099094227388,high_volatility,false,false,none,-0.381,0.0,0.1861,0.5670999999999999,0.5974263568216591,1.0,0.8400635682165905,false,none,0.42969999999999997,0.02259999999999998,239.43885653785068,203.1678486997636,11.964002117522487,false,软件服务,false,1.0,false,rising,false,false,0.0,0.7966515196794424,0.7706545490768872,软件服务,-5.0,-2.0,3.0,0.3,0.5,0.20801847212892446,0.789828785636454,0.31349574842849054,true,false,0.05917227080673888,0.17908319465947659,,,,,,,0.07161803713527852,0,0.0,none,0.7177906012925179,false,stable,2.0,趋势不可靠-2分(Bootstrap CI过宽: 0.351),"","",0,0
600416.SH,湘电股份,电气设备,0.21482700000000005,0.07156423143437614,0.07289,0.36486415506170433,0.28064982993629684,,0.2142,47.91181796493661,0.08092268909923159,0.39999999999999997,0.48333333333333334,has_loss,has_loss,has_loss,true,1,true,5,true,1,true,5,0.9911058197750217,0.19124377898378814,2.4725331674958544,high_volatility,false,false,none,0.12215,0.0,-0.059199999999999996,-0.18134999999999998,0.2609479985729341,0.35665948543577697,0.38352486619936155,true,severe,-0.18919999999999998,0.07079999999999997,-35.59831629585087,-46.90133862171542,21.286831028262167,false,电气设备,true,inf,true,falling,false,false,0.0,0.9911058197750217,1.0,电气设备,-5.0,-2.0,3.0,0.3,0.5,-0.0570797120456408,0.3904965275802654,-0.1763640701267816,false,true,0.07156423143437614,0.36486415506170433,,,,,,,0.9866768176627332,1,0.0,cliff_drop,0.7909231025992316,false,decreasing_vol,52.08818203506339,严重恶化-15分; 单年巨幅下滑-15.0分(年跌-46.9%); 周期回落期-3分(景气下行趋势); 加速下滑-0.1分(加速度-0.18); 贝叶斯高置信度恶化-12分(恶化概率98.7%，严重恶化确认); 趋势不可靠-2分(Bootstrap CI过宽: 0.332); 峰值明显下跌-8分(从0.4跌至0.2，跌幅-46.9%),"","",0,0
600418.SH,江淮汽车,汽车整车,0.856472,0.08001596216259127,0.12172000000000001,0.2948059130974311,0.3443365219046491,,1.2415,108.0,0.33725896571452324,0.6,0.23333333333333334,has_loss,has_loss,has_near_zero,true,1,true,3,false,0,true,2,1.2080058507858107,0.8659469140773006,3.1500753306177107,high_volatility,false,false,none,1.4927,0.0,0.22096,-1.2717399999999999,0.7009080893101954,1.0,0.509080893101954,true,moderate,-0.3135999999999999,0.8542,77.12940505064918,-20.165905729535073,121.87187901269796,false,汽车整车,false,1.672706520188329,true,falling,false,false,0.0,1.2080058507858107,1.0,汽车整车,-5.0,-2.0,3.0,0.3,0.5,0.19443417838388805,0.4436771498170345,-0.45982894602458596,false,true,0.38951277712351795,0.6960119651736014,,,,,,,0.6492985971943889,1,0.0,single_year_drop,0.636648243689378,false,stable,7.0,中度恶化-10分; 趋势不可靠-2分(Bootstrap CI过宽: 0.417),high_growth,"高速成长(稳健CAGR=33.7%, MK趋势=0.60)",1,0
600420.SH,国药现代,化学制药,1.7792270000000001,-0.0027157584755658883,-0.002710000000000035,0.0023883297247820094,0.937800872729083,0.025791780402043996,1.6821,76.75092697560683,0.014794075206176826,0.19999999999999998,0.8166666666666667,good,good,good,false,0,false,0,false,0,false,0,0.3260000003521768,0.5802930406268888,0.8414979438664301,moderate,false,false,none,0.6307,0.0,-0.5492500000000001,-1.1799500000000003,0.5438165762384738,0.8185656038765416,0.5014099634069613,false,none,0.3994,-1.4979000000000002,-39.50586204416314,31.137444453106728,-53.86966841688845,false,化学制药,false,2.1677711078194437,true,rising,false,false,0.0,0.3260000003521768,0.5498361479910006,化学制药,-5.0,-2.0,3.0,0.3,0.5,-0.227487367708295,0.43250699754090577,-0.49814604878633484,false,true,-0.0027157584755658883,0.00028126003885601083,,,,,,,0.6067415730337079,0,0.0,none,0.32599111289766525,false,increasing_vol,23.24907302439317,单年巨幅下滑-15.0分(年跌-53.9%); 加速下滑-0.2分(加速度-0.50); 峰值明显下跌-8分(从2.8跌至1.7，跌幅-39.5%),"","",0,0
600446.SH,金证股份,软件服务,0.311156,-0.010378501045757169,-0.010659999999999998,0.29540362388745456,0.3437484296501094,,0.8141,95.0,0.14922868501779407,0.19999999999999998,0.8166666666666667,has_loss,has_loss,has_near_zero,true,1,true,5,false,0,true,5,1.3227342119643632,0.35399012980590294,3.6932964651371347,high_volatility,false,false,none,-0.4426,0.0,0.29058,0.7331799999999999,0.6308646125521005,1.0,0.8422861255210052,false,none,0.6288,-0.05940000000000001,232.69309358398039,339.34160820291424,-24.274621986105437,false,软件服务,true,44.49090909090916,true,rising,false,false,0.0,1.3227342119643632,1.0,软件服务,-5.0,-2.0,3.0,0.3,0.5,0.2506595809667289,0.6641624132233036,0.26208936497256796,false,false,0.13146041309538456,0.4042000730641479,,,,,,,0.07161803713527852,0,0.0,none,1.0072274762009026,false,stable,5.0,周期顶部预警-5分(警惕景气回落),"","",0,0
600456.SH,宝钛股份,小金属,0.319384,-0.022090051274011358,-0.02671999999999999,0.023706242759039372,0.8047387837746404,,0.8632,110.0,-0.03410758633119801,-0.19999999999999998,0.8166666666666667,has_loss,has_loss,has_near_zero,true,1,true,5,false,0,true,5,2.268585405757665,0.7427348618450597,5.651802076970067,high_volatility,false,false,none,-0.9252,0.0,0.8872999999999999,1.8125,0.6890048767415762,0.9365517488522153,0.9534970185635459,false,none,0.5478999999999999,1.2267000000000001,194.7114329602809,173.77101173485565,134.59512837393024,false,小金属,true,1.0,false,rising,true,false,0.0,2.268585405757665,1.0,小金属,-5.0,-2.0,1.6,0.3,0.24,0.7992894140703346,0.9467510881543963,1.6267355506124432,true,false,-0.02209005127401137,0.002736828483483602,,,,,,,0.07161803713527852,0,0.0,none,2.264912395368917,false,stable,2.0,趋势不可靠-2分(Bootstrap CI过宽: 0.344),cyclical_bottom,"周期底部(mid_up), 近期强势(79.9%)",0,0
600459.SH,贵研铂业,小金属,0.42439499999999997,0.1648254623523654,0.19440000000000002,0.646143594680782,0.10117420493612028,,1.065,96.0,0.22235510307202372,0.7999999999999999,0.08333333333333333,has_loss,has_loss,has_near_zero,true,1,true,3,false,0,true,4,3.7155464720341405,1.0879120070115964,8.891393442622949,high_volatility,false,false,none,-1.6676,0.0,0.7955000000000001,2.4631,0.5938917576520941,1.0,0.673105057270877,false,none,0.08849999999999991,0.14480000000000004,28.05097992064446,9.062980030721956,17.41012384273176,false,小金属,true,1.0,false,rising,true,false,0.0,3.7155464720341405,1.0,小金属,-5.0,-2.0,1.6,0.3,0.24,0.0846830234405081,0.9765184849500571,-0.22951079974909833,false,false,0.3676042634719811,0.41612608556642133,,,,,,,0.07161803713527852,0,0.0,none,2.8625801088335234,false,decreasing_vol,4.0,周期顶部预警-5分(警惕景气回落); 趋势不可靠-2分(Bootstrap CI过宽: 0.352),"","",0,0
600460.SH,士兰微,半导体,0.27240200000000003,0.03280587199332487,0.03340500000000001,0.8163556033512758,0.035446722600306284,0.24548647220312048,0.2659,95.0,0.03223852164116899,0.39999999999999997,0.48333333333333334,has_near_zero,has_near_zero,has_near_zero,false,0,true,5,false,0,true,5,0.8323293067341703,0.2311378484800791,2.0428519985595965,high_volatility,false,false,none,0.5672999999999999,0.0,-0.11892,-0.6862199999999999,0.520261607401135,0.9999999999999996,0.3955705835314921,false,none,0.07550000000000001,0.046500000000000014,84.78109798471162,39.65336134453782,32.31410701876304,false,半导体,true,4.710215427380125,true,rising,false,false,0.0,0.8323293067341703,1.0,半导体,-5.0,-2.0,3.0,0.3,0.5,0.05972721517853824,0.9823486981116965,0.043161420699565245,false,false,-0.013994479245996512,0.010828394362445913,,,,,,,0.07161803713527852,0,0.0,none,0.8262334079182279,true,decreasing_vol,17.0,波动聚集提示-2分(大波动后可能跟着大波动); 峰值大幅下跌-15分(从0.7跌至0.3，跌幅-60.8%),cyclical_bottom,周期底部(mid_up),0,0
600468.SH,百利电气,电气设备,0.178425,-0.0014179951218256217,-0.0014399999999999968,0.06686611846331406,0.6744664403147151,0.06103004219999053,0.1749,90.0,0.005121460371517592,0.19999999999999998,0.8166666666666667,has_near_zero,has_near_zero,has_near_zero,false,0,true,5,false,0,true,5,0.1276348496615972,0.022287597447908102,0.31897835299507504,ultra_stable,false,false,none,0.053399999999999975,0.0,-0.0030899999999999955,-0.05648999999999997,0.42666507251321745,1.0,0.1536707251321747,true,moderate,-0.01880000000000001,0.018600000000000005,-0.11422044545974057,-9.705730511099645,10.622501427755571,false,电气设备,false,1.0996573386636208,true,falling,false,false,0.0,0.1276348496615972,0.24872885821776053,电气设备,-5.0,-2.0,3.0,0.3,0.5,-0.00009850304657046949,0.00008606472539377271,-0.018424334729459826,false,false,0.0075167827395027035,0.29219095111671695,,,,,,,0.8223350253807107,1,0.0,single_year_drop,0.10743620654858227,false,decreasing_vol,10.0,中度恶化-10分; 贝叶斯中度恶化预警-5分(恶化概率82.2%),"","",0,0
600475.SH,华光环能,电气设备,0.9827700000000001,-0.13040701585384967,-0.1933,0.4008949838869021,0.25151833027290027,-0.09405911956910018,1.0758,75.0,-0.20968969559767917,-0.6,0.23333333333333334,has_near_zero,has_near_zero,has_near_zero,false,0,true,2,false,0,true,2,0.43658301508388564,0.45437813877870487,1.1336907644413696,moderate,false,false,none,-0.3954999999999999,0.0,0.13485000000000003,0.5303499999999999,0.5098253003981827,0.9766158668086722,0.16588305604902495,false,none,0.6586000000000001,-0.3889,33.45738742091552,157.86193672099714,-48.24463466071207,false,电气设备,false,1.0,false,rising,false,false,0.0,0.43658301508388564,0.4825997454004418,电气设备,-5.0,-2.0,3.0,0.3,0.5,0.09827263780639212,0.13560823607920924,0.353283066106414,false,false,-0.13040701585384967,0.4008949838869021,,,,,,,0.07161803713527852,0,0.0,none,0.32305721380371194,false,stable,25.0,单年巨幅下滑-15.0分(年跌-48.2%); 趋势不可靠-2分(Bootstrap CI过宽: 0.438); 峰值明显下跌-8分(从1.6跌至1.1，跌幅-32.6%),"","",0,0
600478.SH,科力远,电气设备,0.22002400000000003,0.011034962539784896,0.011280000000000007,0.04137793676435472,0.742800498023163,0.010601017377205757,0.3099,100.0,0.022994309845754367,0.19999999999999998,0.8166666666666667,has_near_zero,has_near_zero,has_near_zero,false,0,true,5,false,0,true,5,0.4054636432311065,0.08783964366958691,0.8590288035450517,volatile,false,false,none,-0.16449999999999998,0.0,0.06279000000000001,0.22729,0.5320284885578432,1.0,0.8657048855784331,false,none,0.09010000000000001,0.096,150.32310177705978,40.991810737033674,77.54442649434571,false,电气设备,false,1.0,false,rising,false,false,0.0,0.4054636432311065,0.4577042479182185,电气设备,-5.0,-2.0,3.0,0.3,0.5,0.09082828851762059,0.9994311080110302,0.1755324483636307,true,false,0.011034962539784896,0.04137793676435472,,,,,,,0.07161803713527852,0,0.0,none,0.3970177430115893,false,stable,0.0,"","","",0,0
600483.SH,福能股份,新型电力,1.60199,0.08035195320858886,0.14382000000000003,0.6632583947848744,0.09326126259219344,0.07018885331214841,1.6853,94.0,0.08370768942996665,0.6,0.23333333333333334,good,good,good,false,0,false,0,false,0,false,0,0.1820504713031986,0.2785517851315981,0.41644881313395377,ultra_stable,false,false,none,0.19595000000000007,0.0,0.0042999999999999705,-0.1916500000000001,0.24750735892187153,0.5654145969465441,0.0028463918250518023,true,moderate,-0.1351,0.14369999999999994,0.512912268145759,-7.4214458360799815,8.570406154947213,false,新型电力,false,1.5385395537525355,true,falling,false,false,0.0,0.1820504713031986,0.3507789842095636,新型电力,-5.0,-2.0,3.0,0.3,0.5,0.002198416440026718,0.0030221221525818334,-0.10770012031511556,false,false,0.08035195320858886,0.6632583947848744,,,,,,,0.6492985971943889,1,0.0,single_year_drop,0.10514125729658762,false,decreasing_vol,6.0,"中度恶化-10分; 趋势不确定预警-4分(Bootstrap CI跨零: [-0.008, 0.193])","","",0,0
600488.SH,津药药业,化学制药,0.512535,0.07618120839899979,0.08405,0.5362180886262667,0.15944893550100653,0.1342309071687744,0.5215,83.0,0.08605936463133343,0.39999999999999997,0.48333333333333334,has_near_zero,has_near_zero,has_near_zero,false,0,true,5,false,0,true,5,0.3763588662355257,0.18340720269389638,0.8776573914470984,moderate,false,false,none,0.14049999999999999,0.0,-0.0373,-0.17779999999999999,0.3429965785949448,0.6785378736666018,0.1448110476160077,true,moderate,-0.19430000000000003,0.11970000000000003,-12.514678745176985,-27.144453758032977,20.080523402113744,false,化学制药,false,2.484553974314474,true,falling,false,false,0.0,0.3763588662355257,0.6323609562303505,化学制药,-5.0,-2.0,3.0,0.3,0.5,-0.0325594698186526,0.15308723704133326,-0.1602454726241098,false,false,0.07618120839899979,0.5362180886262667,,,,,,,0.9025069637883009,1,0.0,single_year_drop,0.25937973518825336,false,stable,17.0,"中度恶化-10分; 贝叶斯恶化预警-8分(恶化概率90.3%); 趋势不确定预警-4分(Bootstrap CI跨零: [-0.033, 0.204])","","",0,0
600520.SH,三佳科技,半导体,0.385476,0.005491168035707417,0.005820000000000003,0.12453610839090934,0.5601865241932694,0.020945859507641496,0.3657,50.0,0.057334339202202135,0.39999999999999997,0.48333333333333334,has_near_zero,has_near_zero,has_near_zero,false,0,true,5,false,0,true,5,0.48172300860484796,0.17766908003364004,1.3475408058131335,volatile,false,false,none,0.03669999999999998,0.0,-0.022149999999999975,-0.05884999999999996,0.11240263647727285,0.05811782960721734,0.02787798382363159,true,severe,-0.24869999999999992,0.20439999999999997,-10.804878048780477,-40.478515624999986,49.85365853658536,false,半导体,false,5.2333901192504255,true,falling,false,false,0.0,0.48172300860484796,1.0,半导体,-5.0,-2.0,3.0,0.3,0.5,-0.020650250261070258,0.030259664823774308,-0.05502842061140906,false,false,0.051891321599916884,0.24420873431650506,,,,,,,0.9487554904831625,1,0.0,cliff_drop,0.41881468676109107,false,stable,50.0,严重恶化-15分; 单年巨幅下滑-15.0分(年跌-40.5%); 贝叶斯高置信度恶化-12分(恶化概率94.9%，严重恶化确认); 峰值明显下跌-8分(从0.6跌至0.4，跌幅-40.5%),"","",0,0
600521.SH,华海药业,化学制药,1.153292,0.11082636025877811,0.16904000000000005,0.44683133011608694,0.21740723930382855,0.08489039445735003,1.4813,98.0,0.1278977999827143,0.39999999999999997,0.48333333333333334,has_near_zero,has_near_zero,has_near_zero,false,0,true,2,false,0,true,2,0.34928913811724593,0.38511921790531306,0.7857933211195559,moderate,false,false,none,-0.4401999999999999,0.0,0.32144000000000006,0.76164,0.6396118960686137,1.0,0.872838960686136,false,none,-0.01419999999999999,0.6578,76.82941387131433,-0.9495152123035767,78.5245314551749,false,化学制药,false,2.3772055317119696,true,falling,false,false,0.0,0.34928913811724593,0.5963920480553927,化学制药,-5.0,-2.0,3.0,0.3,0.5,0.21125412842393326,0.7359475257749595,0.29510415546328855,false,false,0.11082636025877811,0.44683133011608694,,,,,,,0.16167664670658682,0,0.0,none,0.2514768500018313,false,stable,2.0,趋势不可靠-2分(Bootstrap CI过宽: 0.436),"","",0,0
600529.SH,山东药玻,医疗保健,1.243355,0.11475907186684445,0.19265,0.22679635783416305,0.41741414866303495,0.16553956054644425,1.7556,98.0,0.10608846422100053,0.6,0.23333333333333334,has_near_zero,has_near_zero,has_near_zero,false,0,true,2,false,0,true,2,0.45983279964312584,0.5451593739449043,1.159958163230878,volatile,false,false,none,-0.28545,0.0,0.6876,0.97305,0.5687823477889965,0.40808470204988473,0.8444219833805274,false,none,0.1764000000000001,1.1987999999999999,361.5141955835962,11.170212765957455,315.1419558359621,false,医疗保健,false,3.315720294426919,true,rising,false,false,0.0,0.45983279964312584,0.8099622789714233,医疗保健,-5.0,-2.0,3.0,0.3,0.5,0.47844825912518496,0.820440140769482,0.7158175643222224,true,false,0.11475907186684445,0.22679635783416305,,,,,,,0.07161803713527852,0,0.0,none,0.38135675851010453,false,stable,2.0,趋势不可靠-2分(Bootstrap CI过宽: 0.824),"","",0,0
600530.SH,交大昂立,医疗保健,0.097691,-0.006993862071084077,-0.007029999999999999,0.15867322346636997,0.5065717117238213,-0.012726368052985437,0.0818,77.0,-0.006061802806638088,-0.39999999999999997,0.48333333333333334,has_near_zero,has_near_zero,has_near_zero,false,0,true,5,false,0,true,5,0.27969645601903576,0.027913706310699764,0.6182364729458918,moderate,false,false,none,0.047299999999999995,0.0,-0.02091,-0.06820999999999999,0.48949467622860166,1.0,0.7585267622860169,false,none,0.010099999999999998,-0.0543,-35.07936507936508,14.086471408647139,-43.095238095238095,false,医疗保健,false,1.8605299860529985,true,rising,false,false,0.0,0.27969645601903576,0.4718278296222951,医疗保健,-5.0,-2.0,3.0,0.3,0.5,-0.021979956946776055,0.585225263643257,-0.04181745185921881,false,false,-0.006993862071084077,0.15867322346636997,,,,,,,0.6067415730337079,0,0.0,none,0.25656444210090845,false,stable,23.0,单年巨幅下滑-15.0分(年跌-43.1%); 峰值明显下跌-8分(从0.1跌至0.1，跌幅-38.7%),"","",0,0
600536.SH,中国软件,软件服务,0.23658799999999996,-0.1145960786758335,-0.14303999999999997,0.04905445194553078,0.7203226839910275,,0.7366,95.0,-0.053612155793601395,0.0,1.0,poor,poor,poor,true,2,true,4,true,2,true,4,3.4388757285877056,0.9611657661402636,8.313416815742398,high_volatility,false,false,none,-0.54595,0.0,0.7315,1.27745,0.47077404543314927,0.22055620682285335,0.826500689661564,false,none,1.312,0.15100000000000002,201.4041850220264,228.01529370872436,20.787444933920707,false,软件服务,true,inf,true,rising,false,false,0.0,3.4388757285877056,1.0,软件服务,-5.0,-2.0,3.0,0.3,0.5,0.6782764279775872,0.8192974213867853,1.1942643413450313,false,false,-0.1145960786758335,0.04905445194553078,,,,,,,0.07161803713527852,0,0.0,none,3.342318407215863,false,decreasing_vol,17.0,趋势不可靠-2分(Bootstrap CI过宽: 1.801); 峰值大幅下跌-15分(从1.6跌至0.7，跌幅-53.9%),cyclical_bottom,"周期底部(mid_up), 近期强势(67.8%)",0,0
600563.SH,法拉电子,元器件,4.436002,0.05040559899821369,0.2523900000000001,0.4695265784403933,0.2016938607596072,0.3723323047623459,5.5926,98.0,0.12191361602395223,0.9999999999999999,0.016666666666666666,good,good,good,false,0,false,0,false,0,false,0,0.3731066572160148,1.554392182494495,0.9639277210231202,stable,false,true,worsening,2.4571,0.0,0.50484,-1.95226,0.9309461261113365,1.0,0.9923996339844466,false,none,0.5929000000000002,0.3723000000000001,20.85836538877124,11.858711522691365,8.045554739162384,false,元器件,false,1.0,false,rising,false,false,0.0,0.3731066572160148,0.43181865910614525,元器件,-5.0,-2.0,3.0,0.3,0.5,0.09293604992529447,0.9887441611703368,-0.4070616359565017,false,true,0.25812125661329305,0.7353482160956328,,,,,,,0.07161803713527852,0,0.0,none,0.15034336081457828,true,decreasing_vol,2.0,波动聚集提示-2分(大波动后可能跟着大波动),"","",0,0
600580.SH,卧龙电驱,电气设备,1.109345,0.04145315266886086,0.061049999999999986,0.4043751081329378,0.24881971936652061,0.05988307924829561,1.1804,98.77602414302103,0.04047697426134633,0.39999999999999997,0.48333333333333334,has_near_zero,has_near_zero,has_near_zero,false,0,true,2,false,0,true,2,0.13950877538837012,0.15050485706448144,0.31441760441964367,ultra_stable,false,false,none,0.19009999999999994,0.0,0.050389999999999976,-0.13970999999999995,0.15815831350449594,1.0,0.19563473292392716,true,moderate,-0.0656000000000001,0.33919999999999995,30.172033524481673,-5.264847512038531,37.40626378473753,false,电气设备,false,1.3076202029113366,true,falling,false,false,0.0,0.13950877538837012,0.2859563806988743,电气设备,-5.0,-2.0,3.0,0.3,0.5,0.09472599637803059,0.5911276079609856,0.10524411620832008,false,false,0.04145315266886086,0.4043751081329378,,,,,,,0.4807121661721069,1,0.0,single_year_drop,0.10703615890482014,false,stable,1.2239758569789707,中度恶化-10分,"","",0,0
600582.SH,天地科技,专用机械,1.1279590000000002,0.030215291694691573,0.047360000000000006,0.30389442022249363,0.3354843722441077,0.18882188427028912,1.2338,95.0,0.11523890019159412,0.7999999999999999,0.08333333333333333,good,good,good,false,0,true,1,false,0,false,0,0.2703852184588918,0.292010628231234,0.7189022018926274,stable,false,false,none,0.4092999999999999,0.0,0.08872000000000002,-0.32057999999999987,0.5645547254880293,1.0,0.5321832591346347,true,moderate,-0.1602999999999999,0.2667999999999999,9.447352080191612,-11.498457786385474,23.667169342677187,false,专用机械,false,1.0,true,falling,false,false,0.0,0.2703852184588918,0.3496415081004468,专用机械,-5.0,-2.0,3.0,0.3,0.5,0.03442301352752303,0.17043736752553734,-0.15789880968896058,false,false,0.11411901109983964,0.7425703864033169,,,,,,,0.6492985971943889,1,0.0,single_year_drop,0.13522001273532272,false,stable,5.0,中度恶化-10分,"","",0,0
600584.SH,长电科技,半导体,3.239095,-0.007505338248070048,-0.026060000000000017,0.5705129639404287,0.13983124146284429,-0.009749086810035834,3.2603,96.0,-0.0482802485240863,-0.6,0.23333333333333334,good,good,good,false,0,false,0,false,0,false,0,0.18018497899816455,0.6012484453202354,0.5077558408554201,stable,false,false,none,0.7839,0.0,-0.36410000000000003,-1.1480000000000001,0.4795718487954829,1.0,0.4595468924721334,false,none,0.7801,-0.8984000000000001,-3.5014503048600027,31.45310862027256,-26.5908956372462,false,半导体,false,1.6831303927102654,true,rising,false,false,0.0,0.18018497899816455,0.36856536889323366,半导体,-5.0,-2.0,3.0,0.3,0.5,-0.01706326022617266,0.01142564719523174,-0.015363174832170201,false,false,-0.05713895338937276,0.2603808781530753,,,,,,,0.2783505154639176,0,0.0,none,0.1545510053053514,false,stable,4.0,"趋势不确定预警-4分(Bootstrap CI跨零: [-0.017, 0.000])","","",0,0
600601.SH,方正科技,元器件,0.11708999999999999,-0.0017892034387700221,-0.0018000000000000004,0.46746870329938295,0.2030892596906005,,0.1055,70.0,-0.007057225168603531,-0.19999999999999998,0.8166666666666667,has_loss,has_loss,has_near_zero,true,1,true,5,false,0,true,5,0.871008835004843,0.1087541631387047,2.428319718084254,high_volatility,false,false,none,-0.30319999999999997,0.0,0.033819999999999996,0.33702,0.5210731895138397,1.0,0.5366918951383969,true,moderate,-0.009599999999999997,0.0003999999999999976,-8.020924149956409,-8.34057341442224,0.34873583260679825,false,元器件,true,inf,true,falling,false,false,0.0,0.871008835004843,1.0,元器件,-5.0,-2.0,3.0,0.3,0.5,-0.00457235496070104,0.7174674536065191,0.08417042001924824,true,false,-0.02513132171577159,0.13755807993826402,,,,,,,0.8223350253807107,1,0.0,single_year_drop,0.8068989824294838,true,decreasing_vol,30.0,中度恶化-10分; 周期回落期-3分(景气下行趋势); 贝叶斯中度恶化预警-5分(恶化概率82.2%); 波动聚集提示-2分(大波动后可能跟着大波动); 峰值大幅下跌-15分(从0.3跌至0.1，跌幅-64.4%),"","",0,0
600602.SH,云赛智联,软件服务,0.24200500000000003,0.005280380709993424,0.005150000000000008,0.006916442472032089,0.8942330296625207,-0.07017115916300576,0.2543,97.4404774526665,0.020333642701628896,0.0,1.0,has_near_zero,has_near_zero,has_near_zero,false,0,true,5,false,0,true,5,0.42924597058256553,0.10321648608628373,0.9398652582550111,volatile,false,false,none,-0.226,0.0,0.060170000000000015,0.28617000000000004,0.5172156166527015,1.0,0.5998161665270161,true,moderate,-0.0832,0.18140000000000003,62.908392056374154,-24.65185185185185,116.20755925688664,false,软件服务,false,2.9553415061295976,true,falling,false,false,0.0,0.42924597058256553,0.7374423106166654,软件服务,-5.0,-2.0,3.0,0.3,0.5,0.04808152766044434,0.2979150826580794,0.13732392852577438,false,false,0.005280380709993424,0.006916442472032089,,,,,,,0.6492985971943889,1,0.0,single_year_drop,0.4279081130053501,false,stable,2.5595225473335006,中度恶化-10分,"","",0,0
600645.SH,中源协和,医疗保健,0.609615,0.01126794454936454,0.012750000000000018,0.10424557062002278,0.5961665812808635,0.03936094941482038,0.6094,98.0,0.017731860698138924,0.19999999999999998,0.8166666666666667,has_near_zero,has_near_zero,has_near_zero,false,0,true,5,false,0,true,5,0.10683137890931525,0.06444496101325532,0.271367946422651,ultra_stable,false,false,none,0.16369999999999996,0.0,-0.015019999999999967,-0.17871999999999993,0.4064482187180478,1.0,0.1342338568603132,false,none,-0.02959999999999996,0.07930000000000004,8.879757012685381,-4.6322378716744845,14.168304448811872,false,医疗保健,false,1.1835804895479722,true,falling,false,false,0.0,0.10683137890931525,0.24327583506718184,医疗保健,-5.0,-2.0,3.0,0.3,0.5,0.021453147879786083,0.38906371815811014,0.0049617162421962124,false,false,0.01126794454936454,0.10424557062002278,,,,,,,0.27835051546391754,0,0.0,none,0.10146985466988037,true,decreasing_vol,2.0,波动聚集提示-2分(大波动后可能跟着大波动),"","",0,0
600664.SH,哈药股份,化学制药,0.16608799999999999,0.16253436026597165,0.16516,0.8463101922075418,0.026858489092103956,,0.3147,98.0,0.18272859005753414,0.7999999999999999,0.08333333333333333,poor,poor,poor,true,2,true,5,true,2,true,5,2.4355009010201414,0.2838332750048873,5.725072936330873,high_volatility,false,false,none,0.26839999999999997,0.0,0.034199999999999994,-0.23419999999999996,0.5235071456090854,0.9917501187627528,0.27492133732810153,true,moderate,-0.062,0.1304,27.771010962241167,-16.45872046721529,52.94356475842468,false,化学制药,false,1.0,true,falling,false,false,0.0,2.4355009010201414,1.0,化学制药,-5.0,-2.0,3.0,0.3,0.5,0.03292444322322355,0.27969262417358914,-0.23229419436341278,false,false,0.16253436026597165,0.8463101922075418,,,,,,,0.6492985971943889,1,0.0,single_year_drop,0.9542299045654833,false,decreasing_vol,2.0,中度恶化-10分,"","",0,0
600667.SH,太极实业,半导体,0.83657,0.005586862800432324,0.010179999999999979,0.004776265988841363,0.9120758320318407,0.03412518950840693,1.0326,81.62531693689574,0.005516107971174522,0.0,1.0,has_near_zero,has_near_zero,has_near_zero,false,0,true,4,false,0,true,4,0.19750131965186318,0.16421839726413115,0.5237648530331459,stable,false,false,none,-0.1482,0.0,0.056069999999999974,0.20426999999999998,0.2549004331921068,1.0,0.15487728264057501,false,none,0.4355,-0.273,18.676014251235486,72.93585664042874,-31.375703942075628,false,半导体,false,1.287320609557627,true,rising,false,false,0.0,0.19750131965186318,0.32964380366250756,半导体,-5.0,-2.0,3.0,0.3,0.5,0.05888090493526499,0.11785226113287262,0.07115306261878729,false,false,0.005586862800432324,0.004776265988841363,,,,,,,0.07161803713527852,0,0.0,none,0.1965503233957222,true,increasing_vol,18.374683063104253,单年巨幅下滑-15.0分(年跌-31.4%); 波动率飙升预警-5.4分(近期波动是早期的2.7倍),"","",0,0
600682.SH,南京新百,生物制药,1.0650300000000001,-0.14786363891142973,-0.22270000000000004,0.855107602604815,0.024512355683279367,-0.14866842963151994,0.8019,77.0,-0.13616087480864678,-0.7999999999999999,0.08333333333333333,has_near_zero,has_near_zero,has_near_zero,false,0,true,2,false,0,true,2,0.33348381856843445,0.3774503252084968,0.7251024879841674,stable,false,false,none,-0.19265,0.0,-0.16970000000000002,0.02294999999999997,0.22370675769114612,0.8327300938834512,0.5503143624503762,false,none,0.09599999999999997,-0.4354,-29.738018049592576,13.599660008499784,-38.14947866468063,false,生物制药,false,1.0,false,rising,false,false,0.0,0.33348381856843445,0.40012038818808093,生物制药,-5.0,-2.0,3.0,0.3,0.5,-0.12184693072957446,0.5305909347586486,-0.00605534930899769,false,false,-0.14786363891142973,0.855107602604815,,,,,,,0.435483870967742,0,0.0,none,0.12010804297112448,false,stable,23.0,单年巨幅下滑-15.0分(年跌-38.1%); 峰值明显下跌-8分(从1.5跌至0.8，跌幅-47.5%),"","",0,0
600707.SH,彩虹股份,元器件,1.153443,0.004320571096104664,0.008334999999999993,0.0028315432720975252,0.9322800497123914,0.02341661753660329,1.21,92.0,-0.022494366140533188,0.0,1.0,has_near_zero,has_near_zero,has_near_zero,false,0,true,2,false,0,true,3,0.4066921563154243,0.4803441058241477,1.019727372788079,volatile,false,false,none,0.8746,0.0,-0.22343000000000002,-1.09803,0.43004683314538344,1.0,0.27270354342862424,false,none,0.36829999999999996,0.0685,56.49249870667356,43.75668290364737,8.859286083807554,false,元器件,false,2.5576823590274187,true,rising,false,false,0.0,0.4066921563154243,0.6663780395893286,元器件,-5.0,-2.0,3.0,0.3,0.5,0.15537766770502975,0.8742193777745468,0.275757421800871,false,false,-0.052868074656695865,0.08559427123023083,,,,,,,0.07161803713527852,0,0.0,none,0.3875142626273585,false,decreasing_vol,8.0,峰值明显下跌-8分(从2.0跌至1.2，跌幅-38.8%),"","",0,0
600711.SH,盛屯矿业,小金属,0.467028,0.03913642534413308,0.05156000000000001,0.04966110903172868,0.7186277364736848,0.22389004384615152,0.8939,98.0,0.0238950393220422,0.0,1.0,has_near_zero,has_near_zero,has_near_zero,false,0,true,5,false,0,true,5,0.6941187577482909,0.31343626624881815,1.634112853219949,high_volatility,false,false,none,-0.11014999999999998,0.0,0.3579,0.46804999999999997,0.4514059052217024,0.23612607028991509,0.7268654827445469,false,none,0.7379,-0.02210000000000001,401.9090398652442,473.0128205128205,-12.408759124087595,false,小金属,true,4.047435897435897,true,rising,true,false,0.0,0.6941187577482909,1.0,小金属,-5.0,-2.0,1.6,0.3,0.24,0.3135771562469986,0.7239631837115299,0.4192660063948038,false,false,0.03913642534413308,0.04966110903172868,,,,,,,0.07161803713527852,0,0.0,none,0.6702291080594919,false,stable,2.0,周期顶部预警-5分(警惕景气回落); 趋势不可靠-2分(Bootstrap CI过宽: 0.562),"","",0,0
600718.SH,东软集团,软件服务,0.627225,0.047271958220398716,0.05477000000000001,0.7221775358217676,0.06827471669045813,0.12053545335786886,0.7107,100.0,0.05021042736391805,0.7999999999999999,0.08333333333333333,has_near_zero,has_near_zero,has_near_zero,false,0,true,5,false,0,true,5,0.16937278244862913,0.10159656982398571,0.43328220858895705,ultra_stable,false,false,none,0.17920000000000003,0.0,0.03502000000000001,-0.14418000000000003,0.3469347618230121,1.0,0.4535068373603129,false,none,0.05279999999999996,0.10810000000000008,29.265187340851227,8.025535795713628,19.661695161877063,false,软件服务,false,1.1458712259003274,true,rising,false,false,0.0,0.16937278244862913,0.288281056078947,软件服务,-5.0,-2.0,3.0,0.3,0.5,0.06805255859117931,0.9586557527749622,0.023789508303015017,false,false,0.047271958220398716,0.7221775358217676,,,,,,,0.07161803713527852,0,0.0,none,0.08856865942134723,false,decreasing_vol,0.0,"","","",0,0
600721.SH,百花医药,生物制药,0.126972,0.018238649269680617,0.018480000000000003,0.484770879539447,0.1915344556905319,,0.2091,100.0,0.04679214643716857,0.9999999999999999,0.016666666666666666,has_loss,has_loss,has_near_zero,true,1,true,5,false,0,true,5,0.9596723339452362,0.10422041546645264,2.4972375690607738,volatile,false,false,none,0.1547,0.0,0.03713,-0.11757000000000001,0.6487252572284893,1.0,0.9813106118008234,false,none,0.046500000000000014,0.021799999999999986,48.50852272727273,28.597785977859786,15.482954545454536,false,生物制药,false,1.0,false,rising,false,false,0.0,0.9596723339452362,0.9010712004895223,生物制药,-5.0,-2.0,3.0,0.3,0.5,0.033633299298556976,0.9587704586925136,-0.06756622018868069,false,true,0.060875500644522185,0.8611577476957696,,,,,,,0.07161803713527852,0,0.0,none,0.35496622495883434,false,decreasing_vol,0.0,"","","",0,0
600739.SH,辽宁成大,生物制药,0.41416200000000003,-0.032201207245329176,-0.03426000000000001,0.03072104602120327,0.777981927569567,-0.05809553089104336,0.3989,81.80244067162073,-0.04365107750071512,-0.19999999999999998,0.8166666666666667,has_near_zero,has_near_zero,has_near_zero,false,0,true,5,false,0,true,5,0.7761493281499159,0.3294288208399503,2.013947790029215,high_volatility,false,false,none,0.21315,0.0,-0.2671,-0.48025,0.18647633870215075,0.33958444478898714,0.38258874589993896,false,none,0.3206,-0.8548,-57.25002679241239,409.4508301404853,-91.60861643982425,false,生物制药,true,6.585038814396613,true,rising,false,false,0.0,0.7761493281499159,1.0,生物制药,-5.0,-2.0,3.0,0.3,0.5,-0.22212728878766816,0.34262175906519454,-0.39511865675852587,false,true,-0.032201207245329176,0.03072104602120327,,,,,,,0.6067415730337079,0,0.0,none,0.7655842483070577,false,stable,18.197559328379263,单年巨幅下滑-15.0分(年跌-91.6%); 加速下滑-0.2分(加速度-0.40); 趋势不可靠-2分(Bootstrap CI过宽: 0.572); 峰值大幅下跌-15分(从0.9跌至0.4，跌幅-57.3%),"","",0,0
600745.SH,闻泰科技,半导体,3.26573,0.0355396235018969,-0.01250000000000009,0.00848363429904347,0.8828922052464354,-0.09214656805941057,3.6092,90.0,-0.0407101069528157,-0.19999999999999998,0.8166666666666667,good,good,good,false,0,false,0,false,0,false,0,0.5623729879413877,1.8386672366146084,1.2167072439654014,high_volatility,false,false,none,-3.9095000000000004,0.0,0.99681,4.90631,0.6598405818707492,1.0,0.5984058187074919,true,moderate,-1.0772,3.3513,170.33181035128453,-22.98566063502902,251.01490525054305,false,半导体,true,3.5101490525054304,true,falling,false,false,0.0,0.5623729879413877,0.917918264020501,半导体,-5.0,-2.0,3.0,0.3,0.5,0.44781166629389774,0.5500452579635817,1.0840074449829797,true,false,0.0355396235018969,0.00848363429904347,,,,,,,0.6492985971943889,1,0.0,single_year_drop,0.5623404971146423,false,stable,10.0,中度恶化-10分; 周期回落期-3分(景气下行趋势); 趋势不可靠-2分(Bootstrap CI过宽: 1.350); 峰值明显下跌-8分(从5.3跌至3.6，跌幅-32.1%),"","",0,0
600763.SH,通策医疗,医疗保健,2.24531,-0.056397981758328934,-0.13158,0.2196560172939475,0.42589403303282364,-0.06250870623869054,1.7068,48.0,-0.0549839094726948,-0.39999999999999997,0.48333333333333334,good,good,good,false,0,false,0,false,0,false,0,0.2055253524262594,0.4749896419923281,0.5291852364674831,stable,false,false,none,0.7202000000000002,0.0,-0.31391,-1.03411,0.5832953251430034,1.0,0.5538522386775726,true,severe,-0.9128000000000001,0.5299,-18.323204287696797,-34.84501450603146,25.3577068478729,false,医疗保健,false,1.3277982485524238,true,falling,false,false,0.0,0.2055253524262594,0.34146004841466404,医疗保健,-5.0,-2.0,3.0,0.3,0.5,-0.08939129901578147,0.2135781523111171,-0.06410120480072623,false,false,-0.056397981758328934,0.2196560172939475,,,,,,,0.9737039819684448,1,0.0,cliff_drop,0.184761982613953,false,stable,52.0,严重恶化-15分; 单年巨幅下滑-15.0分(年跌-34.8%); 贝叶斯高置信度恶化-12分(恶化概率97.4%，严重恶化确认); 趋势不可靠-2分(Bootstrap CI过宽: 0.301); 峰值明显下跌-8分(从2.9跌至1.7，跌幅-41.7%),"","",0,0
600774.SH,汉商集团,化学制药,0.7510490000000001,-0.025781592680373912,-0.03196000000000001,0.4305693629361261,0.22911816357843826,0.29713695201120394,0.6534,76.83607195552554,-0.027493743945971982,0.0,1.0,has_near_zero,has_near_zero,has_near_zero,false,0,true,4,false,0,true,5,0.448460132944791,0.32935809083731343,1.2225974238174342,volatile,false,false,none,0.8979,0.0,-0.14095000000000002,-1.03885,0.6849989125331142,1.0,0.8499891253311416,true,moderate,-0.1844,0.01639999999999997,-20.452885317750187,-22.01002625925042,1.9965911857803713,false,化学制药,false,1.1970416362308254,true,falling,false,false,0.0,0.448460132944791,0.5183736578532762,化学制药,-5.0,-2.0,3.0,0.3,0.5,-0.06760947963726505,0.6805448848874792,-0.32785608894891327,false,true,0.05629467558705825,0.10490482397676718,,,,,,,0.9487554904831625,1,0.0,single_year_drop,0.43229096840573933,true,decreasing_vol,23.163928044474456,中度恶化-10分; 加速下滑-0.2分(加速度-0.33); 贝叶斯恶化预警-8分(恶化概率94.9%); 波动聚集提示-2分(大波动后可能跟着大波动); 峰值明显下跌-8分(从1.1跌至0.7，跌幅-42.1%),"","",0,0
600783.SH,鲁信创投,专用机械,-0.15807200000000002,-0.009147480973219364,-0.009239999999999996,0.12819364333118616,0.5540639670072912,,-0.1482,100.0,-0.006478543359351965,-0.19999999999999998,0.8166666666666667,poor,poor,poor,true,5,true,5,true,5,true,5,0.2630698176866918,0.04085474268674324,0.6806181584030908,moderate,false,false,none,-0.027349999999999996,0.0,0.02655,0.053899999999999997,0.27578240482336996,0.26769935785102567,0.9544152890044275,false,none,0.036599999999999994,0.016500000000000015,26.378539493293594,19.8051948051948,8.196721311475416,false,专用机械,false,inf,true,rising,false,false,0.0,0.2630698176866918,1.0,专用机械,-5.0,-2.0,3.0,0.3,0.5,0.026150952486595422,0.9539634829973607,0.053093353291235504,false,false,-0.009147480973219364,0.12819364333118616,,,,,,,0.07161803713527852,0,0.0,none,0.24567412244985926,false,decreasing_vol,0.0,"","","",0,0
600789.SH,鲁抗医药,化学制药,0.437937,0.08044530825070755,0.08678999999999999,0.48485185315347196,0.19148131583291084,0.13879003898101683,0.4482,50.0,0.09895672025695512,0.39999999999999997,0.48333333333333334,has_near_zero,has_near_zero,has_near_zero,false,0,true,5,false,0,true,5,0.4823174736433873,0.19866656739371122,1.2248118475358099,moderate,false,false,none,0.11729999999999999,0.0,-0.02645,-0.14375,0.2352154060035278,0.4735899731423457,0.05011585728541031,true,severe,-0.22590000000000005,0.17300000000000004,-10.55677509479146,-33.5113484646195,34.52404709638795,false,化学制药,false,3.9746462264150946,true,falling,false,false,0.0,0.4823174736433873,0.9158068091033891,化学制药,-5.0,-2.0,3.0,0.3,0.5,-0.023893910393770118,0.054119078139011,-0.1332705585434972,false,false,0.08044530825070755,0.48485185315347196,,,,,,,0.9487554904831625,1,0.0,cliff_drop,0.3487650947636417,false,stable,50.0,严重恶化-15分; 单年巨幅下滑-15.0分(年跌-33.5%); 贝叶斯高置信度恶化-12分(恶化概率94.9%，严重恶化确认); 峰值明显下跌-8分(从0.7跌至0.4，跌幅-33.5%),"","",0,0
600812.SH,华北制药,化学制药,0.619245,-0.0012922114010188502,-0.0015100000000000003,0.06301984729560971,0.683758729169667,0.1164695331637422,0.7166,100.0,0.04748838652450191,0.6,0.23333333333333334,has_near_zero,has_near_zero,has_near_zero,false,0,true,5,false,0,true,5,0.15296941087388216,0.090934195988088,0.42963361706422637,ultra_stable,false,false,none,0.15089999999999998,0.0,0.032510000000000004,-0.11838999999999997,0.34337254201087186,1.0,0.48578244219986955,false,none,0.11960000000000004,0.011599999999999944,22.41202596515203,20.033500837520947,1.9815510761872126,false,化学制药,false,1.0456098394260334,true,rising,false,false,0.0,0.15296941087388216,0.2617901739559102,化学制药,-5.0,-2.0,3.0,0.3,0.5,0.05497376674140475,0.8175028076745646,-0.000038009732963049936,false,false,0.042702005885290176,0.7411625553630311,,,,,,,0.07161803713527852,0,0.0,none,0.07756498421965934,false,stable,0.0,"","","",0,0
600817.SH,宇通重工,专用机械,0.410528,0.015920223583809425,0.025760000000000005,0.002760856356555422,0.9331298868494181,,1.0646,98.0,-0.00681573493006082,0.0,1.0,has_loss,has_loss,has_loss,true,1,true,4,true,1,true,4,1.3435377236257997,0.5411769950764722,3.0506454816286,high_volatility,false,false,none,-0.5275000000000001,0.0,0.6144,1.1419000000000001,0.6836119437362168,0.9512206436372102,0.884898793724958,false,none,0.9982,0.23060000000000003,748.3556638246042,1503.313253012048,140.43848964677224,false,专用机械,false,1.0,false,rising,false,false,0.0,1.3435377236257997,1.0,专用机械,-5.0,-2.0,3.0,0.3,0.5,0.5448970240332703,0.8997262014481321,1.0276389895470948,true,false,0.015920223583809425,0.002760856356555422,,,,,,,0.07161803713527852,0,0.0,none,1.3397271596682683,false,stable,2.0,趋势不可靠-2分(Bootstrap CI过宽: 1.051),"","",0,0
600821.SH,金开新能,新型电力,0.9820580000000001,0.0897208110884502,0.11485999999999999,0.2724822477674901,0.3669269837817426,0.1092671422601812,0.9419,62.752622041022235,0.08094583283149269,0.19999999999999998,0.8166666666666667,has_near_zero,has_near_zero,has_near_zero,false,0,true,3,false,0,true,3,0.40835417764322507,0.38695641873472003,1.0074926129168424,volatile,false,false,none,0.4513499999999999,0.0,-0.29145,-0.7427999999999999,0.6107136031830969,0.7069314094526588,0.9146046223783106,true,severe,-0.1372,-0.4457,-38.22796432318993,-12.714298952831063,-29.2300629590766,false,新型电力,false,2.6746184879845636,true,falling,false,false,0.0,0.40835417764322507,0.6832991405125219,新型电力,-5.0,-2.0,3.0,0.3,0.5,-0.18437660328744304,0.9296486932599423,-0.4947559179555226,false,true,0.0897208110884502,0.2724822477674901,,,,,,,0.9507042253521126,2,-0.5650266312928696,sustained_decline,0.36058643373896443,false,decreasing_vol,37.247377958977765,严重恶化-15分; 加速下滑-0.2分(加速度-0.49); 贝叶斯高置信度恶化-12分(恶化概率95.1%，严重恶化确认); 趋势不可靠-2分(Bootstrap CI过宽: 0.551); 峰值明显下跌-8分(从1.5跌至0.9，跌幅-38.2%),"","",0,0
600847.SH,万里股份,电气设备,0.082737,0.01866106206533262,0.01879,0.04292379725028216,0.738108968013921,,0.1764,99.0,0.02431422526184738,0.19999999999999998,0.8166666666666667,poor,poor,poor,true,2,true,5,true,2,true,5,1.8562563479266647,0.14311736442514583,4.403372243839171,high_volatility,false,false,none,-0.2609,0.0,0.06713,0.32803000000000004,0.3436840725676083,1.0,0.2904968177534493,false,none,0.1936,-0.23199999999999998,-17.877094972067034,1125.5813953488373,-108.0074487895717,false,电气设备,true,inf,true,rising,false,false,0.0,1.8562563479266647,1.0,电气设备,-5.0,-2.0,3.0,0.3,0.5,-0.018841932539465117,0.023247512998217083,-0.05754154373508333,false,false,0.01866106206533262,0.04292379725028216,,,,,,,0.435483870967742,0,0.0,none,1.8158198883601013,false,stable,1.0,单年巨幅下滑-15.0分(年跌-108.0%),"","",0,0
600851.SH,海欣股份,化学制药,0.067191,-0.007434108652989421,-0.007460000000000003,0.4752153592770251,0.19786627715866598,,0.0642,96.0,-0.02959168402754385,-0.39999999999999997,0.48333333333333334,has_loss,has_loss,has_near_zero,true,1,true,5,false,0,true,5,1.0098622475595087,0.07652736112005955,2.7936130905252052,high_volatility,false,false,none,-0.020300000000000002,0.0,0.0016499999999999952,0.021949999999999997,0.1066671935389453,0.1084741390429512,0.0009588259532790211,false,none,0.0939,-0.0906,5.418719211822644,316.1616161616161,-148.76847290640393,false,化学制药,true,inf,true,rising,false,false,0.0,1.0098622475595087,1.0,化学制药,-5.0,-2.0,3.0,0.3,0.5,0.0016467808906739934,0.0009560268965470547,0.02187883341382154,false,false,-0.02850466485611859,0.3500953763204558,,,,,,,0.13366336633663367,0,0.0,none,0.8142369323098047,false,stable,16.0,单年巨幅下滑-15.0分(年跌-148.8%); 峰值大幅下跌-15分(从0.2跌至0.1，跌幅-64.7%),cyclical_bottom,周期底部(mid_up),0,0
600875.SH,东方电气,电气设备,0.756163,0.5548755989176144,0.85121,0.331169142726926,0.31002122218562916,,3.2268,78.0,0.3812216793785399,0.39999999999999997,0.48333333333333334,poor,poor,poor,true,3,true,1,true,3,true,1,4.517327955114866,2.262277839921525,9.273362619808307,high_volatility,false,false,none,-0.5362,0.0,1.01147,1.54767,0.33799516991595757,1.0,0.28285798294504605,false,none,4.347799999999999,-3.8176,19.661796336126965,387.85013380909896,-141.57086701772604,false,电气设备,true,inf,true,rising,false,false,0.0,4.517327955114866,1.0,电气设备,-5.0,-2.0,3.0,0.3,0.5,0.08497833853640674,0.0028210747240003755,-1.1713330801478479,false,false,0.5548755989176144,0.331169142726926,,,,,,,0.07161803713527852,0,0.0,none,3.6309499523262643,false,increasing_vol,22.0,单年巨幅下滑-15.0分(年跌-141.6%); 周期顶部预警-5分(警惕景气回落); 趋势不可靠-2分(Bootstrap CI过宽: 2.548),"","",0,0
600884.SH,杉杉股份,电气设备,0.238604,-0.02056502548395578,-0.02076,0.0354640106272917,0.7616497882106672,,0.8255,80.0,0.08936454592887792,0.39999999999999997,0.48333333333333334,poor,poor,poor,true,2,true,5,true,2,true,5,1.967443795556205,0.3910097799288402,5.009560229445507,high_volatility,false,false,none,-0.3724,0.0,0.26754,0.63994,0.4949473308691025,1.0,0.5852258062142424,false,none,0.9132,-0.3114,269.0210102816271,1041.2770809578108,-139.20429146177918,false,电气设备,true,inf,true,rising,false,false,0.0,1.967443795556205,1.0,电气设备,-5.0,-2.0,3.0,0.3,0.5,0.26529086084681586,0.38992725252561433,0.2548257923794328,false,false,0.11847259716581082,0.2681453911302363,,,,,,,0.07161803713527852,0,0.0,none,1.6592857536931098,false,increasing_vol,20.0,单年巨幅下滑-15.0分(年跌-139.2%); 周期顶部预警-5分(警惕景气回落),"","",0,0
600885.SH,宏发股份,电气设备,1.793419,0.19320404638059208,0.36813000000000007,0.8441395653690799,0.02744981820010405,0.22037654120204397,2.1431,89.91922598970353,0.17551991172044007,0.7999999999999999,0.08333333333333333,good,good,good,false,0,true,1,false,0,true,1,0.38898367468606526,0.6546517448231541,0.9421383498318459,stable,false,false,none,0.28165000000000007,0.0,0.30679999999999996,0.025149999999999895,0.1645974372651331,0.9976749615999378,0.3554978927420051,true,moderate,-0.40870000000000006,1.0223,40.117685518143176,-16.01614546594561,66.83883622098725,false,电气设备,false,1.0,true,falling,false,false,0.0,0.38898367468606526,0.44452027308218556,电气设备,-5.0,-2.0,3.0,0.3,0.5,0.14742161472265303,0.4075522397550053,-0.029451364729717766,false,false,0.19320404638059208,0.8441395653690799,,,,,,,0.6492985971943889,1,0.0,single_year_drop,0.17802698901945904,false,increasing_vol,10.080774010296466,中度恶化-10分; 波动率飙升预警-5.1分(近期波动是早期的2.5倍),"","",0,0
600905.SH,三峡能源,新型电力,0.520891,0.054819877994866234,0.06157000000000001,0.5103711674060056,0.17515563294225153,0.10060681049592146,0.6603,100.0,0.05391146650742794,0.6,0.23333333333333334,has_near_zero,has_near_zero,has_near_zero,false,0,true,5,false,0,true,5,0.26856070055990605,0.134930267175308,0.700011942199753,stable,false,false,none,-0.14140000000000003,0.0,0.09693,0.23833000000000004,0.39441417343525753,1.0,0.6770024594722106,false,none,0.15659999999999996,-0.08579999999999999,12.01017811704834,31.089934484812375,-14.554707379134857,false,新型电力,false,1.4514341991874924,true,rising,false,false,0.0,0.26856070055990605,0.4083731203395905,新型电力,-5.0,-2.0,3.0,0.3,0.5,0.030019777305318907,0.19602457646818824,-0.03185558560281204,false,false,0.054819877994866234,0.5103711674060056,,,,,,,0.07161803713527852,0,0.0,none,0.18595835447192635,false,decreasing_vol,0.0,"","","",0,0
600930.SH,华电新能,新型电力,0.5485,0.08590303992235435,0.09500000000000001,0.4354512167621405,0.22556180418592925,0.21249031203876045,0.67,83.0,0.09375317558970392,0.39999999999999997,0.48333333333333334,has_near_zero,has_near_zero,has_near_zero,false,0,true,5,false,0,true,5,0.4514113305502116,0.23473389188611005,1.0576923076923075,moderate,false,false,none,0.26,0.0,-0.07999999999999996,-0.33999999999999997,0.3007720646664275,0.7068665040083656,0.24999999999999978,false,none,0.16000000000000003,-0.31999999999999995,-19.27710843373493,31.37254901960785,-38.554216867469876,false,新型电力,false,2.10126582278481,true,rising,false,false,0.0,0.4514113305502116,0.6412978408114773,新型电力,-5.0,-2.0,3.0,0.3,0.5,-0.06400340774455043,0.23185110686672203,-0.2893460477773434,false,false,0.08590303992235435,0.4354512167621405,,,,,,,0.435483870967742,0,0.0,none,0.34688757706822004,false,stable,17.0,单年巨幅下滑-15.0分(年跌-38.6%); 趋势不可靠-2分(Bootstrap CI过宽: 0.348),"","",0,0
600980.SH,北矿科技,专用机械,0.5721630000000001,0.18185388055736254,0.20481000000000005,0.9330438954841155,0.007506403181127541,0.617572140873573,0.8373,100.0,0.1756941340015737,0.7999999999999999,0.08333333333333333,has_near_zero,has_near_zero,has_near_zero,false,0,true,5,false,0,true,5,0.6581105556712069,0.33611022299239873,1.442277568922306,stable,false,false,none,0.186,0.0,0.1715,-0.014499999999999985,0.2386159004084698,0.9579465453865805,0.7029452291172807,false,none,-0.021599999999999953,0.3646,69.39105806190572,-2.5148445686342944,73.76087396318025,false,专用机械,false,1.0,true,falling,false,false,0.0,0.6581105556712069,0.6598217778702988,专用机械,-5.0,-2.0,3.0,0.3,0.5,0.14271132834374026,0.7068491123746847,-0.03434398787137302,false,false,0.18185388055736254,0.9330438954841155,,,,,,,0.16167664670658682,0,0.0,none,0.17624618833232378,false,stable,0.0,"","","",0,0
601016.SH,节能风电,新型电力,0.503243,0.05250378930672548,0.056810000000000006,0.8458140584982825,0.026993214792349347,0.16610153043181808,0.5181,100.0,0.04850267395690584,0.6,0.23333333333333334,has_near_zero,has_near_zero,has_near_zero,false,0,true,5,false,0,true,5,0.31706535640573064,0.15415717628446624,0.8671328671328671,moderate,false,false,none,0.2108,0.0,-0.09184999999999999,-0.30265,0.5791662690950272,0.9628684729255104,0.7234942180247608,false,none,0.00649999999999995,-0.19019999999999992,-26.17554858934169,1.2705238467552677,-27.101738387004836,false,新型电力,false,1.3717748240813132,true,rising,false,false,0.0,0.31706535640573064,0.43655559500209296,新型电力,-5.0,-2.0,3.0,0.3,0.5,-0.07839924135436555,0.7223938039052687,-0.2671408817886082,false,true,0.05250378930672548,0.3614877790783211,,,,,,,0.435483870967742,0,0.0,none,0.2576792619384509,false,decreasing_vol,0.0,加速下滑-0.1分(加速度-0.27),"","",0,0
601089.SH,福元医药,化学制药,1.323655,0.027183445614765323,0.042629999999999994,0.15184448644151277,0.5167127711278483,0.07690352585966576,1.4391,100.0,0.019166646860643156,0.19999999999999998,0.8166666666666667,good,good,good,false,0,false,0,false,0,false,0,0.13671549485394716,0.17805005756808956,0.30713945667030107,stable,false,false,none,0.3999999999999999,0.0,-0.030909999999999993,-0.4309099999999999,0.44314877635834965,1.0,0.08051819867192694,false,none,0.28100000000000014,-0.21640000000000015,4.6998908694070565,24.263880493912456,-15.743906875227365,false,化学制药,false,1.2693204386495123,true,rising,false,false,0.0,0.13671549485394716,0.27861512103642605,化学制药,-5.0,-2.0,3.0,0.3,0.5,0.018714841466464294,0.043003581155906946,-0.07781283441063741,false,false,0.027183445614765323,0.15184448644151277,,,,,,,0.13366336633663367,0,0.0,none,0.12654026977451788,false,stable,0.0,"","","",0,0
601126.SH,四方股份,电气设备,1.215842,0.07825446526685978,0.12454000000000001,0.3397744276189144,0.30231067381290083,0.0556305703251434,1.5048,98.0,0.04852767405354018,0.6,0.23333333333333334,has_near_zero,has_near_zero,has_near_zero,false,0,true,2,false,0,true,2,0.274891074967824,0.32395363402808125,0.5796449663973932,moderate,false,false,none,-0.3901,0.0,0.26574,0.65584,0.6155590304602541,1.0,0.843910304602541,false,none,0.023699999999999832,0.6081000000000001,72.37113402061854,1.600162041725733,69.65635738831615,false,电气设备,false,1.0,false,rising,false,false,0.0,0.274891074967824,0.35324619330759255,电气设备,-5.0,-2.0,3.0,0.3,0.5,0.2043800031902996,0.7741741000940371,0.32180131320910765,true,false,0.07825446526685978,0.3397744276189144,,,,,,,0.07161803713527852,0,0.0,none,0.21827789420712151,false,stable,2.0,趋势不可靠-2分(Bootstrap CI过宽: 0.379),"","",0,0
601127.SH,赛力斯,汽车整车,4.691579000000001,0.14054762289391362,0.33864000000000005,0.03474025570724075,0.764065535371022,,14.9129,115.0,0.9509410124740796,0.39999999999999997,0.48333333333333334,poor,poor,poor,true,2,true,3,true,2,true,4,1.7820262154169682,6.591643689778749,4.242624954041135,high_volatility,false,false,none,-0.8156999999999998,0.0,7.8466499999999995,8.66235,0.6733409539725637,0.774934646973111,0.9584748927525261,false,none,10.6755,5.0178,2010.9302921578678,251.93514891206868,642.9779600205023,false,汽车整车,false,1.0,false,rising,false,false,0.0,1.7820262154169682,1.0,汽车整车,-5.0,-2.0,3.0,0.3,0.5,2.056892996247072,0.9507174372368703,2.801537570810637,true,false,0.8073649327975227,0.5065013921129307,,,,,,,0.07161803713527852,0,0.0,none,1.0841030290627072,true,increasing_vol,10.0,波动率飙升预警-8.0分(近期波动是早期的9.6倍); 趋势不可靠-2分(Bootstrap CI过宽: 2.439),"high_growth,turnaround","高速成长(稳健CAGR=95.1%, MK趋势=0.40); 扭亏为盈(曾亏损2年 -> 最新14.9)",1,1
601137.SH,博威合金,小金属,1.0475150000000002,0.28913126924932436,0.40085,0.7516384485036538,0.0570679852229764,0.4063246394678637,1.5556,113.0,0.3136569572130252,0.6,0.23333333333333334,has_near_zero,has_near_zero,has_near_zero,false,0,true,3,false,0,true,3,0.797198961966748,0.7392107094732868,1.8254858400017255,volatile,false,false,none,-0.2382,0.0,0.5369200000000001,0.77512,0.4934767009592455,1.0,0.7854321774669749,true,moderate,-0.2966,1.1809,131.72948011321319,-16.013389482777235,175.91240875912408,false,小金属,true,11.612539184952979,true,falling,true,false,0.0,0.797198961966748,1.0,小金属,-5.0,-2.0,1.6,0.3,0.24,0.298108945348883,0.5700658364876754,0.1775603536794691,false,false,0.28913126924932436,0.7516384485036538,,,,,,,0.6492985971943889,1,0.0,single_year_drop,0.4102784968972187,false,increasing_vol,2.0,中度恶化-10分; 周期回落期-3分(景气下行趋势); 趋势不可靠-2分(Bootstrap CI过宽: 0.555),high_growth,"高速成长(稳健CAGR=31.4%, MK趋势=0.60)",1,0
601179.SH,中国西电,电气设备,0.305971,0.024580178441975874,0.02447,0.1123412405501832,0.5813746610582012,1.99355222763345,0.6826,100.0,0.1231793279009529,0.6,0.23333333333333334,has_near_zero,has_near_zero,has_near_zero,false,0,true,5,false,0,true,5,0.9713416257470365,0.2600864337100265,2.5175530325664774,high_volatility,false,false,none,0.045349999999999994,0.0,0.29169999999999996,0.24634999999999996,0.37218771025059594,0.08503899679946038,0.91509212986842,false,none,0.4456,0.13779999999999998,588.1048387096774,188.01687763713082,138.91129032258064,false,电气设备,true,3.1401209677419355,true,rising,false,false,0.0,0.9713416257470365,1.0,电气设备,-5.0,-2.0,3.0,0.3,0.5,0.26965783063278603,0.9240946485754608,0.22438877060601875,false,false,0.11878727087214772,0.6002077825356762,,,,,,,0.07161803713527852,0,0.0,none,0.6146615449166668,false,stable,0.0,周期顶部预警-5分(警惕景气回落),"","",0,0
601218.SH,吉鑫科技,电气设备,0.391996,0.02037005738763046,0.020919999999999994,0.059967773024808525,0.691349973022042,-0.19299638899946747,0.3167,47.0,-0.07756793373741673,-0.39999999999999997,0.48333333333333334,has_near_zero,has_near_zero,has_near_zero,false,0,true,5,false,0,true,5,0.5691677246330574,0.23265299912100856,1.56375379195616,volatile,false,false,none,-0.6392,0.0,0.05721,0.69641,0.5614701078688951,1.0,0.22188107868895093,true,severe,-0.09200000000000003,-0.055499999999999994,-31.775096940973725,-22.510398825544414,-11.956053425247736,false,电气设备,true,4.318139534883721,true,falling,false,false,0.0,0.5691677246330574,1.0,电气设备,-5.0,-2.0,3.0,0.3,0.5,-0.06866644687332726,0.9780845153393667,0.05210391161300351,false,false,-0.046694034201156115,0.12119586372294906,,,,,,,0.9972872239718235,2,0.8827616459131024,accelerating_decline,0.5265268084029061,true,decreasing_vol,53.0,严重恶化-15分; 周期回落期-3分(景气下行趋势); 贝叶斯高置信度恶化-12分(恶化概率99.7%，严重恶化确认); 波动聚集提示-2分(大波动后可能跟着大波动); 峰值大幅下跌-15分(从0.7跌至0.3，跌幅-57.6%); 连续下跌警示-6分(2年下跌，累计-57.6%),"","",0,0
601222.SH,林洋能源,新型电力,0.443926,-0.005192518394155294,-0.005780000000000002,0.42082997753657536,0.2363199272261496,-0.09331135194669593,0.4724,70.9443911792905,-0.06924165650431358,-0.7999999999999999,0.08333333333333333,has_near_zero,has_near_zero,has_near_zero,false,0,true,5,false,0,true,5,0.4100836719556006,0.19188635178146463,1.1399384510172679,moderate,false,false,none,-0.18679999999999997,0.0,-0.04442,0.14237999999999995,0.21661521910057221,1.0,0.12250326973578748,false,none,0.30679999999999996,-0.3248,-3.6704730831973933,185.26570048309176,-66.23164763458401,false,新型电力,false,1.0,false,rising,false,false,0.0,0.4100836719556006,0.46140027089781377,新型电力,-5.0,-2.0,3.0,0.3,0.5,-0.008109234565110285,0.0021923352248413024,0.08150989591893773,false,false,-0.07181582807037865,0.41477161987953226,,,,,,,0.2783505154639176,0,0.0,none,0.30842959532983827,false,increasing_vol,29.055608820709494,单年巨幅下滑-15.0分(年跌-66.2%); 波动率飙升预警-6.1分(近期波动是早期的3.0倍); 峰值明显下跌-8分(从0.7跌至0.5，跌幅-32.4%),"","",0,0
601231.SH,环旭电子,元器件,1.5273970000000001,0.3919510534076316,0.6129899999999999,0.4735020059007784,0.19901448001687333,,1.922,52.0,0.3593185244271362,0.6,0.23333333333333334,has_loss,has_loss,has_loss,true,1,true,2,true,1,true,2,1.005275238831202,1.35058728336972,2.6693710457759585,high_volatility,false,false,none,-1.149,0.0,0.8793299999999998,2.02833,0.4579698823056247,1.0,0.5774174863618017,true,severe,-1.1655,1.5309,23.47423872542721,-37.74898785425101,98.3489656944623,false,元器件,true,inf,true,falling,false,false,0.0,1.005275238831202,1.0,元器件,-5.0,-2.0,3.0,0.3,0.5,0.09122194939072636,0.08196441208744387,-0.21595939081837912,false,false,0.3919510534076316,0.4735020059007784,,,,,,,0.7873633049817741,1,0.0,cliff_drop,0.7000981167147229,false,stable,48.0,严重恶化-15分; 单年巨幅下滑-15.0分(年跌-37.7%); 周期回落期-3分(景气下行趋势); 贝叶斯中度恶化预警-5分(恶化概率78.7%); 趋势不可靠-2分(Bootstrap CI过宽: 1.225); 峰值明显下跌-8分(从3.1跌至1.9，跌幅-37.7%),"","",0,0
601238.SH,广汽集团,汽车整车,0.18931699999999999,0.35113081916353706,0.38499,0.6918557572836391,0.08070148222199536,,1.0558,88.0,0.3076581096325989,0.6,0.23333333333333334,poor,poor,poor,true,3,true,4,true,3,true,4,9.878694402046978,0.7292452207591079,21.60390138173937,high_volatility,false,false,none,-0.11549999999999998,0.0,0.7829,0.8984,0.6385209271876988,0.6571443818656506,0.931264890011338,false,none,0.4145000000000001,1.1513,307.01960784313724,64.63433650397631,225.74509803921566,false,汽车整车,false,1.0,false,rising,false,false,0.0,9.878694402046978,1.0,汽车整车,-5.0,-2.0,3.0,0.3,0.5,0.7052115531644907,0.9079838028571645,0.8125298326583502,true,false,0.35113081916353706,0.6918557572836391,,,,,,,0.07161803713527852,0,0.0,none,5.439801020139782,false,increasing_vol,12.0,"波动率飙升预警-8.0分(近期波动是早期的5.4倍); 趋势不确定预警-4分(Bootstrap CI跨零: [-0.126, 0.758])","","",0,0
601311.SH,骆驼股份,电气设备,0.5500689999999999,-0.016082288107501296,-0.018590000000000006,0.4492669896310703,0.2156862245393813,-0.12247101172171948,0.5277,87.22275006823412,-0.0636966398685786,-0.6,0.23333333333333334,has_near_zero,has_near_zero,has_near_zero,false,0,true,5,false,0,true,5,0.42792249332059623,0.245499134418026,1.1858113996862474,volatile,false,false,none,-0.34015,0.0,0.15904999999999997,0.4992,0.5578827444986425,0.9705932919725957,0.6098341530138294,true,moderate,-0.06130000000000002,0.37939999999999996,151.7652671755725,-10.407470288624792,181.01145038167937,false,电气设备,false,2.8101145038167936,true,falling,false,false,0.0,0.42792249332059623,0.7170199284987162,电气设备,-5.0,-2.0,3.0,0.3,0.5,0.14887717808951131,0.6187834447804805,0.44550013646822895,true,false,-0.06447652230467305,0.22432314504863063,,,,,,,0.4807121661721069,1,0.0,single_year_drop,0.36876584797132966,false,decreasing_vol,12.777249931765885,中度恶化-10分; 峰值明显下跌-8分(从0.9跌至0.5，跌幅-40.7%),"","",0,0
601567.SH,三星医疗,电气设备,0.9703379999999999,0.07193058836873238,0.10797000000000001,0.5697751782409599,0.14023907181079642,0.10040427015450426,1.3013,94.0,0.12468809767524355,0.39999999999999997,0.48333333333333334,has_near_zero,has_near_zero,has_near_zero,false,0,true,3,false,0,true,2,0.5311810543940899,0.4830666744870733,1.3228211387477733,volatile,false,false,none,-0.744,0.0,0.39516,1.13916,0.6836992081500062,1.0,0.8369920815000613,false,none,-0.04520000000000013,0.47820000000000007,49.86755729586548,-3.3568510954326127,55.073131406196026,false,电气设备,true,9.383275261324043,true,falling,false,false,0.0,0.5311810543940899,1.0,电气设备,-5.0,-2.0,3.0,0.3,0.5,0.14706267495504222,0.6810709657847143,0.15427705239431427,false,false,0.15228685796585092,0.38506675050257183,,,,,,,0.16167664670658682,0,0.0,none,0.39687862607449226,true,decreasing_vol,6.0,"周期回落期-3分(景气下行趋势); 波动聚集提示-2分(大波动后可能跟着大波动); 趋势不确定预警-4分(Bootstrap CI跨零: [-0.027, 0.171])","","",0,0
601606.SH,长城军工,专用机械,0.023116999999999985,0.06015633935744768,0.060790000000000004,0.326194502219995,0.3145473004600219,,0.2608,83.94673118373542,0.043572536504164844,0.39999999999999997,0.48333333333333334,poor,poor,poor,true,3,true,5,true,3,true,5,34.382251989670806,0.167785389709593,82.13114754098387,high_volatility,false,false,none,0.030650000000000007,0.0,0.16974999999999998,0.13909999999999997,0.26147455225908467,0.06747870061479284,0.6907008866951779,false,none,0.3665,-0.026999999999999996,431.3850063532401,346.7360454115421,-34.30749682337992,false,专用机械,true,inf,true,rising,false,false,0.0,34.382251989670806,1.0,专用机械,-5.0,-2.0,3.0,0.3,0.5,0.16827475803185157,0.6904384119912284,0.13781092359494393,false,false,0.06015633935744768,0.326194502219995,,,,,,,0.07161803713527852,0,0.0,none,28.181539551800217,false,stable,16.053268816264577,单年巨幅下滑-15.0分(年跌-34.3%); 周期顶部预警-5分(警惕景气回落); 趋势不可靠-2分(Bootstrap CI过宽: 0.303),"","",0,0
601608.SH,中信重工,专用机械,0.21207500000000004,0.019277350783590184,0.01965,0.21659541733765603,0.42958300044206793,0.06297347624727156,0.1781,49.94101603545197,0.013519112373489284,0.39999999999999997,0.48333333333333334,has_near_zero,has_near_zero,has_near_zero,false,0,true,5,false,0,true,5,0.32507772510422794,0.0670245253619897,0.679503346590358,moderate,false,false,none,0.07005,0.0,-0.05075,-0.1208,0.4857538086223111,0.8430537014797672,0.7728843847433433,true,severe,-0.09840000000000002,-0.0030999999999999917,-36.301859799713874,-35.5877034358047,-1.1087267525035736,false,专用机械,false,1.0,true,falling,false,false,0.0,0.32507772510422794,0.39339551341671575,专用机械,-5.0,-2.0,3.0,0.3,0.5,-0.04945391924144208,0.772626285534858,-0.11796792909605644,false,true,0.019277350783590184,0.21659541733765603,,,,,,,0.9983149583553994,1,31.0978125182291,cliff_drop,0.2880414638505642,false,stable,50.05898396454803,严重恶化-15分; 单年巨幅下滑-15.0分(年跌-35.6%); 加速下滑-0.1分(加速度-0.12); 贝叶斯高置信度恶化-12分(恶化概率99.8%，严重恶化确认); 峰值明显下跌-8分(从0.3跌至0.2，跌幅-36.3%),"","",0,0
601616.SH,广电电气,电气设备,0.160795,-0.006439079398671086,-0.00653,0.571451101922962,0.1393135471319522,-0.03066486425398518,0.1613,96.0,-0.007411295846562881,-0.6,0.23333333333333334,has_near_zero,has_near_zero,has_near_zero,false,0,true,5,false,0,true,5,0.0832214715096464,0.013653314615872587,0.1962696574423992,ultra_stable,false,false,none,-0.014950000000000003,0.0,0.004250000000000004,0.01920000000000001,0.505703231821324,0.9605161373501226,0.558116180863117,false,none,0.010800000000000004,-0.0022999999999999965,5.562827225130896,7.176079734219272,-1.5052356020942386,false,电气设备,false,1.0,false,rising,false,false,0.0,0.0832214715096464,0.19991051054105047,电气设备,-5.0,-2.0,3.0,0.3,0.5,0.004198526109431583,0.5579747006379141,0.01894202663373931,false,false,-0.006439079398671086,0.571451101922962,,,,,,,0.13366336633663367,0,0.0,none,0.0544537745291226,false,decreasing_vol,4.0,"趋势不确定预警-4分(Bootstrap CI跨零: [-0.015, 0.004])","","",0,0
601619.SH,嘉泽新能,新型电力,0.507367,0.11007026990858555,0.12289,0.8525809300780266,0.025177853915611236,0.2374516497165251,0.7337,100.0,0.10704841573794717,0.7999999999999999,0.08333333333333333,has_near_zero,has_near_zero,has_near_zero,false,0,true,5,false,0,true,5,0.4448355252091912,0.20929511461092445,1.0882040382571732,stable,false,false,none,-0.0912,0.0,0.16698,0.25817999999999997,0.5483350643999629,1.0,0.9669906439996285,false,none,0.12470000000000003,0.13379999999999997,54.39814814814815,20.47619047619048,28.15656565656565,false,新型电力,false,1.0,false,rising,false,false,0.0,0.4448355252091912,0.4892017535006863,新型电力,-5.0,-2.0,3.0,0.3,0.5,0.11056768861879997,0.998651031168068,0.035110725480323665,false,false,0.11007026990858555,0.8525809300780266,,,,,,,0.07161803713527852,0,0.0,none,0.16531126033417326,false,stable,0.0,"","","",0,0
601633.SH,长城汽车,汽车整车,2.334829,0.21428018935890894,0.3630300000000001,0.3098130430555257,0.32982127866662525,0.5485294492212722,3.2471,111.0,0.3268626463499724,0.39999999999999997,0.48333333333333334,good,good,good,false,0,true,1,false,0,true,1,0.5963709135999536,1.3274739440004086,1.4641586400230018,volatile,false,false,none,3.2591,0.0,-0.10454999999999992,-3.36365,0.49226805445335964,1.0,0.0151849755926339,false,none,1.1578,0.6846000000000001,131.15967822310813,55.415689465371166,48.736384993236996,false,汽车整车,false,2.722147077667829,true,rising,false,false,0.0,0.5963709135999536,0.8400496745690069,汽车整车,-5.0,-2.0,3.0,0.3,0.5,0.37655405295711925,0.9972271211148411,0.07535900693403325,false,false,0.21428018935890894,0.3098130430555257,,,,,,,0.07161803713527852,0,0.0,none,0.5377366194314264,true,decreasing_vol,4.0,波动聚集提示-2分(大波动后可能跟着大波动); 趋势不可靠-2分(Bootstrap CI过宽: 0.848),high_growth,"高速成长(稳健CAGR=32.7%, MK趋势=0.40)",1,0
601700.SH,风范股份,电气设备,0.073403,0.017724625808327916,0.01781,0.2902790043556248,0.34881820929200075,,0.1382,83.76088202301395,0.11367040920398255,0.39999999999999997,0.48333333333333334,has_loss,has_loss,has_near_zero,true,1,true,5,false,0,true,5,5.717566966651458,0.26255067510863495,15.838414634146345,high_volatility,false,false,none,0.36365000000000003,0.0,-0.12675,-0.49040000000000006,0.5891289835077823,0.9999278580638882,0.4105619770139342,false,none,0.13629999999999998,-0.3898,-64.71789634924687,7173.684210526315,-99.51493489915751,false,电气设备,true,206.1578947368421,true,rising,false,false,0.0,5.717566966651458,1.0,电气设备,-5.0,-2.0,3.0,0.3,0.5,-0.12227708045357259,0.40231713973556416,-0.47823595397208546,false,true,0.09032333779519237,0.30820282976785296,,,,,,,0.6067415730337079,0,0.0,none,4.7687101409289046,false,stable,16.239117976986044,单年巨幅下滑-15.0分(年跌-99.5%); 加速下滑-0.2分(加速度-0.48); 峰值大幅下跌-15分(从0.4跌至0.1，跌幅-64.7%),"","",0,0
601717.SH,中创智领,专用机械,1.73348,0.01799444281558147,0.03236999999999999,0.07582358537622848,0.6538821429132524,0.12223599428138288,2.2082,98.0,0.09200549742625069,0.6,0.23333333333333334,good,good,good,false,0,false,0,false,0,false,0,0.2203034646638275,0.3633068496464112,0.569758416610071,stable,false,false,none,-0.06180000000000008,0.0,0.46980000000000005,0.5316000000000001,0.5157476808034609,0.09504079479869136,0.9992360132359176,false,none,0.4923000000000002,0.44730000000000003,74.06589941667983,28.690483128387445,35.25934100583321,false,专用机械,false,1.3090808765568345,true,rising,false,false,0.0,0.2203034646638275,0.3507868886053066,专用机械,-5.0,-2.0,3.0,0.3,0.5,0.23694430143782175,0.9990357547084824,0.2740843839934408,false,false,0.08273492291073357,0.5120509610670136,,,,,,,0.07161803713527852,0,0.0,none,0.1495517683282223,true,stable,2.0,波动聚集提示-2分(大波动后可能跟着大波动),"","",0,0
601727.SH,上海电气,电气设备,0.4474,0.03540004473231356,0.03821999999999999,0.4313407602504152,0.2285538563777786,,1.1321,100.0,0.19617803133912337,0.6,0.23333333333333334,has_loss,has_loss,has_near_zero,true,1,true,4,false,0,true,5,1.8058108277182514,0.6552565169458447,4.971889985118227,high_volatility,false,false,none,-0.9813000000000001,0.0,0.53682,1.5181200000000001,0.684072197509273,1.0,0.8407219750927288,false,none,0.6317000000000002,-0.04410000000000003,107.91551882460976,126.23900879296568,-8.099173553719014,false,电气设备,true,inf,true,rising,false,false,0.0,1.8058108277182514,1.0,电气设备,-5.0,-2.0,3.0,0.3,0.5,0.22555632072373413,0.6854630254857812,0.1175131575384432,false,false,0.24455447590229623,0.4294545399360304,,,,,,,0.07161803713527852,0,0.0,none,1.324066673296694,false,decreasing_vol,0.0,周期顶部预警-5分(警惕景气回落),"","",0,0
601877.SH,正泰电器,电气设备,3.6298570000000003,-0.044335416754453585,-0.12346000000000001,0.145886391961951,0.5257829058279138,0.3337938220435128,7.0741,102.37363522012579,0.1378517829460541,0.19999999999999998,0.8166666666666667,good,good,good,false,0,false,0,false,0,false,0,0.6291493339341825,2.126914821284576,1.52262011110388,volatile,false,false,none,0.06764999999999999,0.0,2.3518,2.28415,0.5071951025906921,0.013712171827454524,0.6798060798828264,false,none,5.147399999999999,-0.44379999999999975,198.42227378190256,267.1614677946748,-18.721788652183076,false,电气设备,false,1.7110084600612447,true,rising,false,false,0.0,0.6291493339341825,0.7314539284888453,电气设备,-5.0,-2.0,3.0,0.3,0.5,0.5282570677605154,0.620255419816802,0.5013063596108986,false,false,0.17229093833291015,0.29761887079224936,,,,,,,0.07161803713527852,0,0.0,none,0.49481842164367373,false,increasing_vol,7.62636477987421,波动率飙升预警-5.6分(近期波动是早期的2.8倍); 趋势不可靠-2分(Bootstrap CI过宽: 0.333),turnaround,"底部强力反转(曾跌198%, 近期斜率0.53)",0,1
601958.SH,金钼股份,小金属,0.770632,0.23431179859468954,0.28144,0.943391252769714,0.005816423198044179,0.7156119296522949,1.1522,95.0,0.22787560024007092,0.9999999999999999,0.016666666666666666,has_near_zero,has_near_zero,has_near_zero,false,0,true,3,false,0,true,3,0.6642878664261433,0.4558343339416196,1.4852812591081315,stable,false,false,none,0.318,0.0,0.19159999999999994,-0.12640000000000007,0.3994426231728295,0.93043951591088,0.8914562350475128,false,none,0.07579999999999987,0.3074,49.83094928478542,7.041991824600507,39.9739921976593,false,小金属,true,1.0,false,rising,true,false,0.0,0.6642878664261433,1.0,小金属,-5.0,-2.0,1.6,0.3,0.24,0.13836552046536893,0.88181947649456,-0.14946794832324406,false,true,0.23431179859468954,0.943391252769714,,,,,,,0.07161803713527852,0,0.0,none,0.14399842604582536,false,decreasing_vol,5.0,周期顶部预警-5分(警惕景气回落),"","",0,0
601985.SH,中国核电,新型电力,2.1961850000000003,0.04443330771751124,0.09981000000000005,0.39539772567100234,0.25582115530596156,0.04865423942000224,2.1564,82.89430882016279,0.047627147143358306,0.39999999999999997,0.48333333333333334,good,good,good,false,0,false,0,false,0,false,0,0.12161549888889851,0.2610209129552651,0.32274446950071767,ultra_stable,false,false,none,0.34635000000000016,0.0,-0.15975000000000006,-0.5061000000000002,0.6473005154200685,0.9742901028604077,0.9865150513402768,true,severe,-0.12739999999999974,-0.19210000000000038,-12.90439840058161,-5.578421928364994,-7.758794781695561,false,新型电力,false,1.0,true,falling,false,false,0.0,0.12161549888889851,0.23062573244445214,新型电力,-5.0,-2.0,3.0,0.3,0.5,-0.06338709840359003,0.9899606767402431,-0.21138235967440644,false,true,0.04443330771751124,0.39539772567100234,,,,,,,0.8282208588957055,2,-0.2810195287642446,sustained_decline,0.09687022290801861,false,decreasing_vol,17.1056911798372,严重恶化-15分; 加速下滑-0.1分(加速度-0.21); 贝叶斯中度恶化预警-5分(恶化概率82.8%),"","",0,0
603005.SH,晶方科技,半导体,0.8244,-0.2007142675200723,-0.2796,0.7584896414602628,0.05458381946097106,-0.21369839141831615,0.5451,72.98571464959855,-0.19146261808815054,-0.6,0.23333333333333334,has_near_zero,has_near_zero,has_near_zero,false,0,true,3,false,0,true,3,0.5618796814523921,0.5103440770695786,1.1386356630114063,moderate,false,false,none,-0.41314999999999996,0.0,-0.02729999999999999,0.38584999999999997,0.34124279536365176,0.6811931656185999,0.1707616979709794,false,none,0.07690000000000002,-0.1315,-9.104552276138065,16.424604869713804,-21.92763048190762,false,半导体,true,3.2088850918410934,true,rising,false,false,0.0,0.5618796814523921,0.8773550907407262,半导体,-5.0,-2.0,3.0,0.3,0.5,-0.023692540779883586,0.16508935957130008,0.2685245850693518,false,false,-0.2007142675200723,0.7584896414602628,,,,,,,0.2783505154639176,0,0.0,none,0.280719507354095,false,decreasing_vol,27.014285350401444,轻度衰退-4.0分(log斜率-0.201); 持续衰退重罚-10.0分(最新<加权); 相对加权下滑-10.0分(最新为加权66.1%); 趋势不可靠-2分(Bootstrap CI过宽: 0.398); 峰值大幅下跌-15分(从1.5跌至0.5，跌幅-63.7%),"","",0,0
603011.SH,合锻智能,专用机械,0.11981800000000001,0.09127888359443757,0.09366000000000002,0.37490236589954257,0.27230865237323326,,0.4157,93.6533795493934,0.10540378684627694,0.39999999999999997,0.48333333333333334,poor,poor,poor,true,2,true,5,true,2,true,5,2.618429405711022,0.24016234509181494,6.836022677714785,high_volatility,false,false,none,-0.14425,0.0,0.3135,0.45775,0.5861272352075445,0.9894897542688894,0.9562825978065551,false,none,0.19740000000000002,0.4296,296.73450070989117,90.42601923957857,203.31282536677708,false,专用机械,false,1.0,false,rising,false,false,0.0,2.618429405711022,1.0,专用机械,-5.0,-2.0,3.0,0.3,0.5,0.3071655401785165,0.952205067806202,0.4506065175039437,true,false,0.09127888359443757,0.37490236589954257,,,,,,,0.07161803713527852,0,0.0,none,2.061382413600151,false,increasing_vol,6.346620450606586,波动率飙升预警-4.3分(近期波动是早期的2.2倍); 趋势不可靠-2分(Bootstrap CI过宽: 0.470),"","",0,0
603012.SH,创力集团,专用机械,0.515755,-0.011334682629686716,-0.01235,0.30377424886547993,0.335600175019065,-0.044438393791943365,0.4022,49.86285415243409,-0.01751297477259018,-0.19999999999999998,0.8166666666666667,has_near_zero,has_near_zero,has_near_zero,false,0,true,5,false,0,true,5,0.2701128516868861,0.14031282193726985,0.6934123897893966,moderate,false,false,none,0.13999999999999999,0.0,-0.18009999999999998,-0.32009999999999994,0.5247082643213663,0.6816878358950152,0.9251948073186474,true,severe,-0.09139999999999998,-0.2688,-47.245540398740815,-18.51701782820097,-35.257082896117524,false,专用机械,false,1.6693671994744907,true,falling,false,false,0.0,0.2701128516868861,0.4386725746127743,专用机械,-5.0,-2.0,3.0,0.3,0.5,-0.15548023982875347,0.9331536078538332,-0.27429169513181967,false,true,-0.011334682629686716,0.02218145727995571,,,,,,,0.9747292418772563,2,-0.4748000598132284,sustained_decline,0.2674843229834068,false,stable,50.13714584756591,严重恶化-15分; 单年巨幅下滑-15.0分(年跌-35.3%); 加速下滑-0.1分(加速度-0.27); 贝叶斯高置信度恶化-12分(恶化概率97.5%，严重恶化确认); 峰值明显下跌-8分(从0.8跌至0.4，跌幅-47.2%),"","",0,0
603014.SH,威高血净,医疗保健,1.4642,-0.00932561392245026,-0.018999999999999996,0.021309741863674486,0.8147965677555423,-0.02988456969579112,1.55,80.3012048192771,-0.06381958672008833,-0.19999999999999998,0.8166666666666667,good,good,good,false,0,true,1,false,0,false,0,0.2986629220744485,0.446799731423375,0.7887700534759358,moderate,false,false,none,-0.31000000000000005,0.0,-0.08499999999999996,0.2250000000000001,0.15324574933049576,1.0,0.05032213129026637,false,none,0.77,-1.18,-20.918367346938773,98.71794871794872,-60.204081632653065,false,医疗保健,false,1.765765765765766,true,rising,false,false,0.0,0.2986629220744485,0.4743657730949943,医疗保健,-5.0,-2.0,3.0,0.3,0.5,-0.10171023377959008,0.07770696656688744,-0.15156258823800706,false,false,-0.06514706260284585,0.14257776934614416,,,,,,,0.435483870967742,0,0.0,none,0.2768541955415345,false,increasing_vol,19.69879518072289,单年巨幅下滑-15.0分(年跌-60.2%); 波动率飙升预警-4.7分(近期波动是早期的2.3倍),"","",0,0
603015.SH,弘讯科技,电气设备,0.23404699999999998,0.017568342942070856,0.017854999999999996,0.41306181147823345,0.2421680887043356,0.15449821844115563,0.2377,95.95061675809025,0.02663675843084317,0.39999999999999997,0.48333333333333334,has_near_zero,has_near_zero,has_near_zero,false,0,true,5,false,0,true,5,0.33276502691845183,0.07485882045557492,0.8886024182076814,moderate,false,false,none,0.1048,0.0,0.014999999999999996,-0.0898,0.2155969231427295,1.0,0.09353416990294888,true,moderate,-0.096,0.1527,31.325966850828728,-28.768354809709322,84.3646408839779,false,电气设备,false,1.5809392265193372,true,falling,false,false,0.0,0.33276502691845183,0.47700391840400647,电气设备,-5.0,-2.0,3.0,0.3,0.5,0.02774533727470937,0.1381573343401202,0.004434315375464817,false,false,0.029563122730684184,0.4124064721311555,,,,,,,0.6492985971943889,1,0.0,single_year_drop,0.25575103634755403,false,increasing_vol,4.049383241909748,中度恶化-10分,"","",0,0
603016.SH,新宏泰,电气设备,0.5971190000000001,0.07331690982099841,0.08453,0.5622769259387856,0.14441888520920096,0.08618595725154843,0.6794,97.48564973269256,0.06566943094995661,0.6,0.23333333333333334,has_near_zero,has_near_zero,has_near_zero,false,0,true,5,false,0,true,5,0.31028198731654105,0.17740682906810548,0.8092556317335945,moderate,false,false,none,-0.15909999999999996,0.0,0.12723,0.28633,0.3938183428076454,1.0,0.690922054364933,true,moderate,-0.11229999999999996,0.22109999999999996,19.06764808973011,-14.184665908803835,38.74868559411146,false,电气设备,false,2.406382978723404,true,falling,false,false,0.0,0.31028198731654105,0.5690766536830201,电气设备,-5.0,-2.0,3.0,0.3,0.5,0.04612852007388196,0.2549191274675376,0.009674113479496427,false,false,0.07331690982099841,0.5622769259387856,,,,,,,0.4807121661721069,1,0.0,single_year_drop,0.20403909607406887,false,stable,2.514350267307428,中度恶化-10分,"","",0,0
603019.SH,中科曙光,IT设备,1.354776,0.2206054467697663,0.32652,0.20231733211425032,0.4472449638687867,,1.8602,113.0,0.22819291703943742,0.39999999999999997,0.48333333333333334,has_loss,has_loss,has_loss,true,1,true,2,true,1,true,2,0.8500119898689948,1.06831206910715,2.1774001050269733,high_volatility,false,false,none,-1.9344000000000001,0.0,0.82258,2.75698,0.6765177518885714,1.0,0.765177518885715,true,moderate,-0.5378999999999998,1.6297,142.0874544508069,-22.430257287018883,212.0900572618428,false,IT设备,true,inf,true,falling,false,false,0.0,0.8500119898689948,1.0,IT设备,-5.0,-2.0,3.0,0.3,0.5,0.33575297793048886,0.5142899410789649,0.6052560301547049,false,false,0.2206054467697663,0.20231733211425032,,,,,,,0.6492985971943889,1,0.0,single_year_drop,0.7441654255160679,false,stable,2.0,中度恶化-10分; 周期回落期-3分(景气下行趋势); 趋势不可靠-2分(Bootstrap CI过宽: 1.437),high_growth,"高速成长(稳健CAGR=22.8%, MK趋势=0.40)",1,0
603031.SH,安孚科技,电气设备,4.48714,0.5166306128987594,1.2990000000000002,0.5281408504402675,0.1642701642991948,0.5897863562648451,4.4287,35.2631907861508,0.49084590176134035,0.19999999999999998,0.8166666666666667,has_near_zero,has_near_zero,has_near_zero,false,0,true,2,false,0,true,2,0.8858986574995786,3.6299165951850743,2.0953815065016204,high_volatility,false,false,none,4.15625,0.0,-2.2885500000000003,-6.444800000000001,0.6688286936383429,0.7253761279045852,0.9629108084788437,true,severe,-1.5106000000000002,-3.0665000000000004,-50.82391347798087,-25.43397370060445,-34.05027870927624,false,电气设备,true,21.437276838847897,true,falling,false,false,0.0,0.8858986574995786,1.0,电气设备,-5.0,-2.0,3.0,0.3,0.5,-0.35016082230815027,0.9896009354826406,-1.4736184276983826,false,true,0.5166306128987594,0.5281408504402675,,,,,,,0.9747292418772563,2,-0.25304653398694416,sustained_decline,0.7304456109609486,false,decreasing_vol,64.7368092138492,"严重恶化-15分; 单年巨幅下滑-15.0分(年跌-34.1%); 周期回落期-3分(景气下行趋势); 加速下滑-0.7分(加速度-1.47); 贝叶斯高置信度恶化-12分(恶化概率97.5%，严重恶化确认); 趋势不确定预警-4分(Bootstrap CI跨零: [-0.359, 1.294]); 峰值大幅下跌-15分(从9.0跌至4.4，跌幅-50.8%)","","",0,0
603036.SH,如通股份,专用机械,0.26693,0.012212132899115009,0.012660000000000003,0.5167666981546096,0.1711931190433316,0.042258631405644564,0.3041,91.76897689768977,0.013779765794638042,0.6,0.23333333333333334,has_near_zero,has_near_zero,has_near_zero,false,0,true,5,false,0,true,5,0.10676106597590992,0.027821933793322127,0.27014581734458937,ultra_stable,false,false,none,-0.008849999999999997,0.0,0.032049999999999995,0.04089999999999999,0.4580988014039761,0.5058612671962797,0.9933267468434812,false,none,0.036599999999999966,0.027500000000000024,26.70833333333333,13.682242990654192,11.458333333333345,false,专用机械,false,1.0,false,rising,false,false,0.0,0.10676106597590992,0.21874218611406127,专用机械,-5.0,-2.0,3.0,0.3,0.5,0.030922081433381387,0.9936913186975067,0.03951007426256348,false,false,0.012212132899115009,0.5167666981546096,,,,,,,0.07161803713527852,0,0.0,none,0.0741473919977138,false,increasing_vol,8.231023102310232,"波动率飙升预警-4.2分(近期波动是早期的2.1倍); 趋势不确定预警-4分(Bootstrap CI跨零: [-0.011, 0.031])","","",0,0
603039.SH,泛微网络,软件服务,1.10353,-0.07035382650139735,-0.11121999999999999,0.43039678370883944,0.22924453356064325,-0.05799918601643528,1.1227,100.0,-0.05497072119919848,-0.19999999999999998,0.8166666666666667,has_near_zero,has_near_zero,has_near_zero,false,0,true,2,false,0,true,2,0.2245161327593018,0.2602456301266171,0.46103145435409004,stable,false,false,none,-0.26549999999999996,0.0,0.11394999999999998,0.37944999999999995,0.5345930879676318,0.7451979357382088,0.8418329439381093,false,none,0.1995,0.02839999999999998,25.469378632096557,21.609618717504333,3.173893607510056,false,软件服务,false,1.597228430934287,true,rising,false,false,0.0,0.2245161327593018,0.3925766969986797,软件服务,-5.0,-2.0,3.0,0.3,0.5,0.08026695779412318,0.8462834221674472,0.2542120793337645,true,false,-0.07035382650139735,0.43039678370883944,,,,,,,0.07161803713527852,0,0.0,none,0.16550309254042345,false,decreasing_vol,0.0,"","","",0,0
603061.SH,金海通,半导体,0.758026,-0.023155805262006404,-0.035380000000000016,0.07445845358486392,0.6569311514021666,,0.9831,83.0,-0.05319987395560077,-0.19999999999999998,0.8166666666666667,has_loss,has_loss,good,true,1,true,2,false,0,true,1,1.131301346160304,0.9390027433399756,2.7698127755957693,high_volatility,false,false,none,0.2065,0.0,-0.25495000000000007,-0.46145,0.2141989553844422,0.9085125950755991,0.04459005568153793,false,none,1.7891,-2.2990000000000004,-34.15271265907569,221.97270471464017,-153.98526456798393,false,半导体,true,inf,true,rising,false,false,0.0,1.131301346160304,1.0,半导体,-5.0,-2.0,3.0,0.3,0.5,-0.16075059054017793,0.02421456162300017,-0.28777448149648416,false,false,-0.20102354600876524,0.15654282537713707,,,,,,,0.6067415730337079,0,0.0,none,1.0348230561442895,false,increasing_vol,17.0,单年巨幅下滑-15.0分(年跌-154.0%); 波动率飙升预警-8.0分(近期波动是早期的9.9倍); 峰值明显下跌-8分(从1.5跌至1.0，跌幅-34.2%),"","",0,0
603063.SH,禾望电气,电气设备,0.628475,0.15610031460293114,0.17664999999999997,0.3511355471690356,0.29235447040292933,,0.6132,47.81069796364582,0.1669160276856277,0.39999999999999997,0.48333333333333334,has_loss,has_loss,has_loss,true,1,true,4,true,1,true,4,0.825882557020016,0.4752788939138788,2.0659275735038576,high_volatility,false,false,none,0.30084999999999995,0.0,-0.15645000000000003,-0.4573,0.3179739137289887,0.3482577835788498,0.40033363313456183,true,severe,-0.4881,0.1751999999999999,-33.786848072562364,-44.3203486788341,18.918043407839317,false,电气设备,true,inf,true,falling,false,false,0.0,0.825882557020016,1.0,电气设备,-5.0,-2.0,3.0,0.3,0.5,-0.12401532683021715,0.4304235948707028,-0.37860407270836144,false,true,0.15610031460293114,0.3511355471690356,,,,,,,0.9866768176627332,1,0.0,cliff_drop,0.6682208735935672,false,decreasing_vol,52.18930203635418,严重恶化-15分; 单年巨幅下滑-15.0分(年跌-44.3%); 周期回落期-3分(景气下行趋势); 加速下滑-0.2分(加速度-0.38); 贝叶斯高置信度恶化-12分(恶化概率98.7%，严重恶化确认); 趋势不可靠-2分(Bootstrap CI过宽: 0.735); 峰值明显下跌-8分(从1.1跌至0.6，跌幅-44.3%),"","",0,0
603070.SH,万控智造,电气设备,0.595681,0.09542256635095808,0.11027,0.31077108188061897,0.32891197138076494,0.06246518558057845,0.7773,97.53934195668774,0.11657800498216342,0.39999999999999997,0.48333333333333334,has_near_zero,has_near_zero,has_near_zero,false,0,true,5,false,0,true,5,0.5425569695994752,0.30524255109666476,1.3652683967294703,volatile,false,false,none,-0.486,0.0,0.24424,0.73024,0.6266857681887554,1.0,0.8063776818875539,true,moderate,-0.11480000000000001,0.4825,89.77050781249999,-12.868512498598813,117.7978515625,false,电气设备,true,7.194354838709677,true,falling,false,false,0.0,0.5425569695994752,1.0,电气设备,-5.0,-2.0,3.0,0.3,0.5,0.15795518476705533,0.5527542614233135,0.2471786934327469,false,false,0.09542256635095808,0.31077108188061897,,,,,,,0.4807121661721069,1,0.0,single_year_drop,0.44533961029160946,false,stable,2.4606580433122627,中度恶化-10分; 周期回落期-3分(景气下行趋势); 趋势不可靠-2分(Bootstrap CI过宽: 0.489),"","",0,0
603076.SH,乐惠国际,专用机械,0.374016,0.19646268303501044,0.32871999999999996,0.043049612900994,0.7377310419734764,,2.7634,113.0,0.5190336652434427,0.39999999999999997,0.48333333333333334,poor,poor,poor,true,2,true,1,true,2,true,1,7.873507037919462,2.1683638382430197,17.636165577342048,high_volatility,false,false,none,-4.2857,0.0,1.61579,5.901490000000001,0.691831558321051,1.0,0.9183155832105102,false,none,2.7123999999999997,1.5869,279.9205677452959,5318.431372549019,103.32052868025261,false,专用机械,false,1.0,false,rising,false,false,0.0,7.873507037919462,1.0,专用机械,-5.0,-2.0,3.0,0.3,0.5,1.4776802511583729,0.9931736506113604,2.848130233775497,true,false,0.19646268303501044,0.043049612900994,,,,,,,0.07161803713527852,0,0.0,none,7.6439750915337905,false,stable,2.0,趋势不可靠-2分(Bootstrap CI过宽: 3.083),high_growth,"高速成长(稳健CAGR=51.9%, MK趋势=0.40)",1,0
603078.SH,江化微,半导体,0.187948,0.13097009663036263,0.13276000000000002,0.5113481206566001,0.17454704979642022,,0.2755,60.848677131428765,0.11701886135879772,0.19999999999999998,0.8166666666666667,poor,poor,poor,true,2,true,5,true,2,true,5,1.9911203620648956,0.29492474802905233,4.485552254928436,high_volatility,false,false,none,0.24325,0.0,-0.06864999999999999,-0.31189999999999996,0.3584988626400867,0.5002034003081783,0.926664785608529,true,severe,-0.10209999999999997,-0.03520000000000001,-33.26065891472867,-27.039194915254228,-8.52713178294574,false,半导体,true,inf,true,falling,false,false,0.0,1.9911203620648956,1.0,半导体,-5.0,-2.0,3.0,0.3,0.5,-0.06488229965215841,0.9243610106570355,-0.3026457371424714,false,true,0.13097009663036263,0.5113481206566001,,,,,,,0.9982375025453744,2,2.1709601309707223,accelerating_decline,1.3986331684794195,false,decreasing_vol,39.151322868571235,"严重恶化-15分; 周期回落期-3分(景气下行趋势); 加速下滑-0.2分(加速度-0.30); 贝叶斯高置信度恶化-12分(恶化概率99.8%，严重恶化确认); 趋势不确定预警-4分(Bootstrap CI跨零: [-0.069, 0.358]); 峰值明显下跌-8分(从0.4跌至0.3，跌幅-33.3%)","","",0,0
603087.SH,甘李药业,生物制药,1.0155640000000001,-0.26835253528803965,-0.43692,0.537815922642737,0.1585044388002962,-0.20256610233250671,0.8939,50.63294929423921,-0.2604131651784192,-0.6,0.23333333333333334,has_near_zero,has_near_zero,has_near_zero,false,0,true,3,false,0,true,3,0.7686632487706696,0.8813800275704005,1.7672504011721202,volatile,false,false,none,-0.84305,0.0,0.18470000000000003,1.02775,0.614555443329013,0.8747842419981702,0.27077019129196034,false,none,0.7097,-0.34029999999999994,70.42897998093423,385.2877307274701,-64.88083889418493,false,生物制药,false,1.0,false,rising,false,false,0.0,0.7686632487706696,0.748263932349869,生物制药,-5.0,-2.0,3.0,0.3,0.5,0.15065436023353063,0.23523326601460515,0.6661647753581417,false,false,-0.26835253528803965,0.537815922642737,,,,,,,0.07161803713527852,0,0.0,none,0.4773440589492451,false,decreasing_vol,49.36705070576079,"轻度衰退-5.4分(log斜率-0.268); 持续衰退重罚-10.0分(最新<加权); 单年巨幅下滑-15.0分(年跌-64.9%); 趋势不确定预警-4分(Bootstrap CI跨零: [-0.654, 0.151]); 峰值大幅下跌-15分(从2.2跌至0.9，跌幅-59.6%)","","",0,0
603090.SH,宏盛股份,专用机械,0.534641,0.2385239227575621,0.27927,0.39084917142791703,0.2594189928786019,,1.0399,113.0,0.2728564565924012,0.39999999999999997,0.48333333333333334,has_loss,has_loss,has_loss,true,1,true,3,true,1,true,3,1.50136411545899,0.6769050250958402,3.6470301202147013,high_volatility,false,false,none,-0.9932,0.0,0.56596,1.5591599999999999,0.6873959378821927,1.0,0.8739593788219265,true,moderate,-0.07689999999999997,0.9574,552.3839397741532,-6.885744985673349,600.6273525721456,false,专用机械,true,inf,true,falling,false,false,0.0,1.50136411545899,1.0,专用机械,-5.0,-2.0,3.0,0.3,0.5,0.37528751381247666,0.6979829851285413,0.5210834901961789,false,false,0.2385239227575621,0.39084917142791703,,,,,,,0.4807121661721069,1,0.0,single_year_drop,1.1379380704737196,false,decreasing_vol,2.0,中度恶化-10分; 周期回落期-3分(景气下行趋势); 趋势不可靠-2分(Bootstrap CI过宽: 1.004),high_growth,"高速成长(稳健CAGR=27.3%, MK趋势=0.40)",1,0
603097.SH,江苏华辰,电气设备,0.026618000000000003,-0.02041143667401726,-0.01794,0.00484241432988865,0.9114700560452187,,0.5777,98.0,-0.1094010899311348,0.0,1.0,poor,poor,poor,true,2,true,5,true,2,true,5,15.044844586529054,0.48143502676892963,33.456250000000004,high_volatility,false,false,none,-0.44145,0.0,0.5353,0.97675,0.6696202654839285,0.9521275332723885,0.7905751215668957,false,none,1.0125,0.058099999999999985,217.2043010752688,232.8656853725851,11.787380807466015,false,电气设备,false,1.0,false,rising,false,false,0.0,15.044844586529054,1.0,电气设备,-5.0,-2.0,3.0,0.3,0.5,0.5122306944049466,0.7884761870290288,0.9400242020480177,true,false,-0.02041143667401726,0.00484241432988865,,,,,,,0.07161803713527852,0,0.0,none,15.018708255247855,false,stable,2.0,趋势不可靠-2分(Bootstrap CI过宽: 0.961),"","",0,0
603102.SH,百合股份,医疗保健,2.673995,-0.0973852464201279,-0.27461,0.5197376642151662,0.16936956887189894,-0.10583048023888109,1.9945,50.0,-0.09283519188183775,-0.6,0.23333333333333334,good,good,good,false,0,false,0,false,0,false,0,0.2175348650300543,0.6115557660589916,0.5440543520791093,stable,false,false,none,0.4039999999999999,0.0,-0.39487,-0.79887,0.41386525111107353,1.0,0.5662151636889389,true,severe,-1.0344000000000002,0.6398000000000001,-16.516679921309283,-34.15101191851828,26.779958980369184,false,医疗保健,false,1.3714160143987275,true,falling,false,false,0.0,0.2175348650300543,0.3568833606105405,医疗保健,-5.0,-2.0,3.0,0.3,0.5,-0.08203219127889638,0.17895255457466333,0.04321200241176548,false,false,-0.0973852464201279,0.5197376642151662,,,,,,,0.9737039819684448,1,0.0,cliff_drop,0.1531913069401974,false,stable,50.0,严重恶化-15分; 单年巨幅下滑-15.0分(年跌-34.2%); 贝叶斯高置信度恶化-12分(恶化概率97.4%，严重恶化确认); 峰值明显下跌-8分(从3.5跌至2.0，跌幅-43.4%),"","",0,0
603105.SH,芯能科技,电气设备,0.796841,0.00024952141687824004,0.0003699999999999704,0.0005188908378682219,0.9709991613746839,0.11010569532896852,0.7777,76.81138836941791,0.05175819351897148,0.39999999999999997,0.48333333333333334,has_near_zero,has_near_zero,has_near_zero,false,0,true,4,false,0,true,5,0.2929415209941512,0.2290978459086859,0.8102958852261974,moderate,false,false,none,0.31684999999999997,0.0,-0.18405,-0.5008999999999999,0.5615961975405946,0.982916957515542,0.6312450178904048,false,none,0.059599999999999986,-0.42769999999999997,-32.12602548437773,8.299679710346746,-37.32763134927561,false,电气设备,false,1.5955994986770645,true,rising,false,false,0.0,0.2929415209941512,0.4470998166189296,电气设备,-5.0,-2.0,3.0,0.3,0.5,-0.1328236538894827,0.6188378958672106,-0.3772232611641806,false,true,0.041531661136689796,0.14043161652246805,,,,,,,0.6067415730337079,0,0.0,none,0.2754852920031157,false,stable,23.188611630582088,单年巨幅下滑-15.0分(年跌-37.3%); 加速下滑-0.2分(加速度-0.38); 峰值明显下跌-8分(从1.1跌至0.8，跌幅-32.1%),"","",0,0
603106.SH,恒银科技,IT设备,0.014089,0.04354125439002604,0.04363,0.592874996430805,0.12775819434161528,,0.1221,94.83228009613013,0.04791184417918158,0.7999999999999999,0.08333333333333333,poor,poor,poor,true,2,true,5,true,2,true,5,89.57086579909804,0.08957086579909787,217.00000000000043,high_volatility,false,false,none,0.007199999999999998,0.0,0.1013,0.0941,0.27560061889756354,0.011484262675924764,0.997076953372467,false,none,0.09179999999999999,0.11080000000000001,251.67701863354037,302.9702970297029,137.63975155279505,false,IT设备,true,inf,true,rising,false,false,0.0,89.57086579909804,1.0,IT设备,-5.0,-2.0,3.0,0.3,0.5,0.10110597026848082,0.9970021605415225,0.09393356029599928,false,false,0.04354125439002604,0.592874996430805,,,,,,,0.07161803713527852,0,0.0,none,57.13140773690083,false,stable,5.16771990386987,"周期顶部预警-5分(警惕景气回落); 趋势不确定预警-4分(Bootstrap CI跨零: [-0.015, 0.102])","","",0,0
603109.SH,神驰机电,电气设备,0.962269,0.026892588657816588,0.04491999999999996,0.10027481751122022,0.6036568409478127,,1.3555,92.0,0.18443336268801425,0.19999999999999998,0.8166666666666667,has_loss,has_loss,good,true,1,true,2,false,0,true,1,1.2808194004656597,1.140723374442726,3.4917248658238074,high_volatility,false,false,none,-1.9391,0.0,0.5429999999999999,2.4821,0.42825401938661867,1.0,0.2844027345512608,false,none,0.5533999999999999,-1.3899000000000001,-38.16149635036497,68.9938910360304,-63.40784671532846,false,电气设备,true,inf,true,rising,false,false,0.0,1.2808194004656597,1.0,电气设备,-5.0,-2.0,3.0,0.3,0.5,-0.20725159073154806,0.27368350032709143,-0.5222466045594164,false,false,0.19873200876980693,0.12310344512339783,,,,,,,0.6067415730337079,0,0.0,none,1.2086032657873784,false,decreasing_vol,8.0,单年巨幅下滑-15.0分(年跌-63.4%); 峰值明显下跌-8分(从2.2跌至1.4，跌幅-38.2%),"","",0,0
603131.SH,上海沪工,专用机械,0.373524,0.004677290716993676,0.005949999999999994,0.004918566664772735,0.9107777907717902,0.033815822291410225,0.5941,100.0,0.07242314715352564,0.39999999999999997,0.48333333333333334,has_near_zero,has_near_zero,has_near_zero,false,0,true,5,false,0,true,5,0.620698150042276,0.22304167323619145,1.6023821450436913,high_volatility,false,false,none,-0.5018,0.0,0.17493999999999998,0.67674,0.627149565617864,1.0,0.9180156561786398,false,none,0.25099999999999995,0.02200000000000002,85.02024291497975,73.15651413582044,6.851448146994713,false,专用机械,false,1.0,false,rising,false,false,0.0,0.620698150042276,0.6298918533671541,专用机械,-5.0,-2.0,3.0,0.3,0.5,0.12396781569658469,0.8126716700269631,0.2156146582665062,false,false,0.04476868715585861,0.11181466791865274,,,,,,,0.07161803713527852,0,0.0,none,0.5847961488794349,false,decreasing_vol,0.0,"","","",0,0
603159.SH,上海亚虹,专用机械,0.3667600000000001,-0.08217044153879641,-0.08880000000000002,0.8976566858600725,0.014347328169597962,-0.19980804247698658,0.2437,48.0,-0.0844259994273009,-0.7999999999999999,0.08333333333333333,has_near_zero,has_near_zero,has_near_zero,false,0,true,5,false,0,true,5,0.37684288654879655,0.14824999156829657,0.891459074733096,stable,false,false,none,-0.15850000000000003,0.0,-0.0771,0.08140000000000003,0.2712917492554582,1.0,0.7944737629236757,false,none,-0.005599999999999994,-0.1944,-45.075501464953796,-2.246289610910547,-43.81338742393509,false,专用机械,false,1.0178940123881624,true,falling,false,false,0.0,0.37684288654879655,0.4371935108907923,专用机械,-5.0,-2.0,3.0,0.3,0.5,-0.09447387078906512,0.7715639335369916,-0.027614269018543455,false,false,-0.08217044153879641,0.8976566858600725,,,,,,,0.6585365853658537,0,-0.9487305195287548,none,0.12096172490726285,false,stable,52.0,单年巨幅下滑-15.0分(年跌-43.8%); 相对加权下滑-10.0分(最新为加权66.4%); 峰值大幅下跌-15分(从0.6跌至0.2，跌幅-59.0%); 智能连续下跌-12分(3年实质性下跌，累计跌幅-59.0%),"","",0,0
603169.SH,兰石重装,专用机械,0.27899700000000005,0.02744604057996133,0.02817,0.3470991032846263,0.29586317645685284,-0.16402317790724452,0.3095,83.0,-0.0014047783194686206,0.0,1.0,has_near_zero,has_near_zero,has_near_zero,false,0,true,5,false,0,true,5,0.6883246707056746,0.2034412396737692,1.8023413181756665,high_volatility,false,false,none,-0.5327,0.0,0.058649999999999994,0.5913499999999999,0.5942712885534496,0.9999999999999996,0.7600128855344959,false,none,0.1122,-0.03900000000000001,30.977570884468893,56.86771414090217,-16.504443504020315,false,专用机械,false,1.5843110962118672,true,rising,false,false,0.0,0.6883246707056746,0.7619012160594554,专用机械,-5.0,-2.0,3.0,0.3,0.5,0.03530299765139609,0.40957476853011604,0.2169792101573137,true,false,-0.04902800681738606,0.1687371754581009,,,,,,,0.07161803713527852,0,0.0,none,0.621737222332741,true,decreasing_vol,17.0,波动聚集提示-2分(大波动后可能跟着大波动); 峰值大幅下跌-15分(从0.6跌至0.3，跌幅-51.2%),"","",0,0
603171.SH,税友股份,软件服务,0.5504180000000001,-0.018851072422785272,-0.02734,0.016198615088357293,0.8383885570809938,-0.07514650773670895,0.6731,98.0,0.006857943875763051,0.0,1.0,has_near_zero,has_near_zero,has_near_zero,false,0,true,5,false,0,true,5,0.48318831785039784,0.26991865811758925,1.2509398159750815,volatile,false,false,none,-0.34940000000000004,0.0,0.22595,0.57535,0.5928017866850501,0.9090686779702214,0.8682491888802805,false,none,0.07350000000000001,0.3784,204.29475587703436,12.258172114743163,171.06690777576853,false,软件服务,false,1.0,false,rising,false,false,0.0,0.48318831785039784,0.5198839876136516,软件服务,-5.0,-2.0,3.0,0.3,0.5,0.20552764615826233,0.8601855194707964,0.5076398248693215,true,false,-0.018851072422785272,0.016198615088357293,,,,,,,0.07161803713527852,0,0.0,none,0.4769514056519629,false,decreasing_vol,2.0,趋势不可靠-2分(Bootstrap CI过宽: 0.549),"","",0,0
603189.SH,网达软件,软件服务,0.15056,-0.023745218145835953,-0.024675,0.15913857707675325,0.5058901336325656,,0.2597,98.0,0.055567121044322994,0.19999999999999998,0.8166666666666667,has_loss,has_loss,has_near_zero,true,1,true,5,false,0,true,5,1.2412296368903564,0.1836026878888215,3.2875878853434286,high_volatility,false,false,none,-0.48629999999999995,0.0,0.12108999999999999,0.60739,0.611667376130901,1.0,0.9018937613090106,false,none,0.1127,0.037599999999999995,137.3857404021938,76.66666666666667,34.36928702010968,false,软件服务,false,1.0,false,rising,false,false,0.0,1.2412296368903564,1.0,软件服务,-5.0,-2.0,3.0,0.3,0.5,0.07384152363133767,0.9245026070871615,0.1931715101495607,false,false,0.00955465943445786,0.0069618988457146695,,,,,,,0.07161803713527852,0,0.0,none,1.2376602442653286,true,decreasing_vol,2.0,波动聚集提示-2分(大波动后可能跟着大波动),"","",0,0
603228.SH,景旺电子,元器件,2.1115500000000003,0.11211330841814185,0.2507,0.604974635015476,0.12145462986597065,0.08237966624099169,2.4553,96.0,0.11690528919452417,0.6,0.23333333333333334,good,good,good,false,0,false,0,false,0,false,0,0.24900542735667364,0.4945745798158251,0.5911791360386668,stable,false,false,none,-0.4502999999999999,0.0,0.40275,0.8530499999999999,0.65784116451894,1.0,0.8723116451894004,false,none,-0.05750000000000011,0.6774,33.77465402637027,-2.2882839859917268,36.90748610657077,false,元器件,false,1.8771851187808157,true,falling,false,false,0.0,0.24900542735667364,0.44949569105611437,元器件,-5.0,-2.0,3.0,0.3,0.5,0.13149820661002287,0.6891375996970702,0.12026468840996052,false,false,0.11211330841814185,0.604974635015476,,,,,,,0.16167664670658682,0,0.0,none,0.1489107063842468,false,stable,4.0,"趋势不确定预警-4分(Bootstrap CI跨零: [-0.025, 0.276])","","",0,0
603259.SH,药明康德,化学制药,3.3629990000000003,0.2788966803146182,0.8293299999999999,0.8160321031261729,0.03554445488695377,0.27462752170741145,4.2959,98.0,0.26932684104002186,0.6,0.23333333333333334,good,good,good,false,0,false,0,false,0,false,0,0.46013843759063155,1.4329631223447448,0.9493609915869244,stable,false,false,none,0.9792000000000001,0.0,0.35499999999999976,-0.6242000000000003,0.3930424567532034,0.7213562245111266,0.5393934174871234,false,none,-0.2132000000000005,0.9232,19.799771326584665,-4.728216273757523,25.745280124933767,false,化学制药,false,2.9042251706814377,true,falling,false,false,0.0,0.46013843759063155,0.7553407728300303,化学制药,-5.0,-2.0,3.0,0.3,0.5,0.08751626451312244,0.5585899535764743,-0.27527687871340045,false,true,0.2788966803146182,0.8160321031261729,,,,,,,0.16167664670658682,0,0.0,none,0.18555384593456978,false,decreasing_vol,2.0,趋势不可靠-2分(Bootstrap CI过宽: 0.464),"","",0,0
603267.SH,鸿远电子,元器件,1.764987,-0.013056234213253016,-0.03079000000000001,0.026420053982373935,0.7939594436351107,0.3159911331013985,1.9846,98.0,0.15720476109839612,0.19999999999999998,0.8166666666666667,good,good,good,false,0,true,1,false,0,false,0,0.3759700904116218,0.6370888376043015,0.9623964308476737,moderate,false,false,none,1.6308,0.0,-0.04663000000000002,-1.67743,0.603747181619889,1.0,0.037471816198890597,false,none,-0.01100000000000012,0.45740000000000003,29.020933558704975,-0.5512126678693186,29.736055129371998,false,元器件,false,1.3938694578078272,true,falling,false,false,0.0,0.3759700904116218,0.4866253333703411,元器件,-5.0,-2.0,3.0,0.3,0.5,0.11047971422809133,0.7332441215210129,-0.18690018748121917,false,true,0.15058204754394625,0.39860037409394455,,,,,,,0.16167664670658682,0,0.0,none,0.3054775477764757,true,decreasing_vol,2.0,波动聚集提示-2分(大波动后可能跟着大波动),"","",0,0
603273.SH,天元智能,专用机械,0.426747,-0.045995785552444546,-0.05671000000000001,0.06596644767377703,0.6766138044628562,-0.15430173465594454,0.4041,87.0,-0.05534171200280522,-0.19999999999999998,0.8166666666666667,has_near_zero,has_near_zero,has_near_zero,false,0,true,5,false,0,true,5,0.7023404184938989,0.3116705841108526,1.6675680548043987,high_volatility,false,false,none,-0.74,0.0,0.05970000000000002,0.7997,0.45752226364779336,0.9999999999999998,0.07465578144154415,false,none,0.14940000000000003,-0.4653,-43.875,58.657243816254436,-64.625,false,专用机械,true,4.725959960617001,true,rising,false,false,0.0,0.7023404184938989,1.0,专用机械,-5.0,-2.0,3.0,0.3,0.5,-0.1375674244498493,0.4210832644763995,-0.10963428326272542,false,false,-0.045995785552444546,0.06596644767377703,,,,,,,0.6067415730337079,0,0.0,none,0.6726467153023333,true,decreasing_vol,13.0,单年巨幅下滑-15.0分(年跌-64.6%); 波动聚集提示-2分(大波动后可能跟着大波动); 趋势不可靠-2分(Bootstrap CI过宽: 0.352); 峰值明显下跌-8分(从0.8跌至0.4，跌幅-48.8%),"","",0,0
603277.SH,银都股份,专用机械,1.247468,0.2341964417687474,0.33996000000000004,0.5595862097461486,0.14593439794230187,0.2164721849316409,1.4974,83.0,0.25342008941687877,0.6,0.23333333333333334,has_near_zero,has_near_zero,has_near_zero,false,0,true,2,false,0,true,2,0.6126736592315347,0.7018054231765383,1.5472989489122466,volatile,false,false,none,0.3478,0.0,0.05900000000000005,-0.28879999999999995,0.19513331047290172,0.34263846060270453,0.03568835708615693,true,moderate,-0.47219999999999995,0.5902000000000001,8.554443961142534,-23.974411047928513,42.78671886327389,false,专用机械,true,9.987829614604463,true,falling,false,false,0.0,0.6126736592315347,1.0,专用机械,-5.0,-2.0,3.0,0.3,0.5,0.03368510233428945,0.04451030103555105,-0.20961760374823105,false,false,0.2341964417687474,0.5595862097461486,,,,,,,0.7873633049817741,1,0.0,single_year_drop,0.3939128490831588,false,decreasing_vol,17.0,"中度恶化-10分; 周期回落期-3分(景气下行趋势); 贝叶斯中度恶化预警-5分(恶化概率78.7%); 趋势不确定预警-4分(Bootstrap CI跨零: [-0.005, 0.662])","","",0,0
603282.SH,亚光股份,专用机械,0.727814,-0.011419784264625144,-0.017799999999999993,0.022646611163799797,0.8091185271566423,,0.8948,93.21714285714286,-0.06528624869477123,-0.19999999999999998,0.8166666666666667,has_loss,has_loss,has_near_zero,true,1,true,3,false,0,true,2,0.6581082335970123,0.503979285288592,1.6267955079655263,high_volatility,false,false,none,-0.3600000000000001,0.0,-0.08113999999999998,0.2788600000000001,0.17165177672477866,1.0,0.03792941219414572,false,none,0.9806,-1.2458,-22.86206896551723,1142.890442890443,-107.39655172413794,false,专用机械,true,3.49292381812707,true,rising,false,false,0.0,0.6581082335970123,0.9922097626278858,专用机械,-5.0,-2.0,3.0,0.3,0.5,-0.09255746144521859,0.025895386339469396,-0.10908485100178944,false,false,-0.1082962543878751,0.15139066499051007,,,,,,,0.435483870967742,0,0.0,none,0.6039539064430984,false,increasing_vol,6.782857142857143,单年巨幅下滑-15.0分(年跌-107.4%); 波动率飙升预警-5.8分(近期波动是早期的2.9倍),"","",0,0
603289.SH,泰瑞机器,专用机械,0.45908800000000005,-0.03918157792880907,-0.044839999999999984,0.054728583657160365,0.7048762376170459,-0.017987489134046575,0.6135,110.0,-0.018256586465837152,-0.19999999999999998,0.8166666666666667,has_near_zero,has_near_zero,has_near_zero,false,0,true,5,false,0,true,5,0.6030097149734011,0.284946210713531,1.4472848859355818,high_volatility,false,false,none,-0.31689999999999996,0.0,0.29380000000000006,0.6107,0.590798574772778,0.691056062811161,0.9955296849166186,false,none,0.25970000000000004,0.3279,2268.7258687258686,73.40305257207463,1266.0231660231661,false,专用机械,true,27.405405405405407,true,rising,false,false,0.0,0.6030097149734011,1.0,专用机械,-5.0,-2.0,3.0,0.3,0.5,0.2772347118021651,0.9917954090702943,0.5739557510144602,true,false,-0.03918157792880907,0.054728583657160365,,,,,,,0.07161803713527852,0,0.0,none,0.5840460204050785,false,stable,2.0,趋势不可靠-2分(Bootstrap CI过宽: 0.622),cyclical_bottom,"周期底部(mid_up), 近期强势(27.7%)",0,0
603290.SH,斯达半导,半导体,2.588273,0.05766240714875479,0.20355999999999994,0.10049871528485456,0.6032301438829707,,4.0199,96.0,0.5720110572884191,0.7999999999999999,0.08333333333333333,has_loss,has_loss,good,true,1,true,1,false,0,false,0,0.8470765468983197,1.9445150379979068,2.0930404781404097,volatile,false,false,none,2.3491,0.0,0.0532499999999998,-2.29585,0.6486371537198337,0.9835312495105306,0.0028402876878060443,false,none,1.7813999999999997,-1.6749,2.721418715183717,79.58007594371227,-42.79910052639649,false,半导体,false,1.7482242573151663,true,rising,false,false,0.0,0.8470765468983197,0.910757805160678,半导体,-5.0,-2.0,3.0,0.3,0.5,0.013017812458460343,0.001733791412159177,-1.3841057460644193,false,false,0.5702522485579908,0.6005473497498381,,,,,,,0.13366336633663367,0,0.0,none,0.5156417156677712,true,stable,19.0,单年巨幅下滑-15.0分(年跌-42.8%); 波动聚集提示-2分(大波动后可能跟着大波动); 趋势不可靠-2分(Bootstrap CI过宽: 0.501),high_growth,"高速成长(稳健CAGR=57.2%, MK趋势=0.80)",1,0
603297.SH,永新光学,元器件,2.00029,0.03204707027393985,0.06503999999999997,0.36517195137160774,0.28039138557520815,0.08525997774771654,2.3689,100.0,0.08000456852800217,0.7999999999999999,0.08333333333333333,good,good,good,false,0,false,0,false,0,false,0,0.15980464680482107,0.3058756822632358,0.4185344242082275,ultra_stable,false,false,none,-0.1398999999999999,0.0,0.24173999999999998,0.38163999999999987,0.5673506763927024,1.0,0.9102267639270242,false,none,0.39890000000000003,0.014100000000000001,21.115598957001893,20.248730964467008,0.7208957513165295,false,元器件,false,1.0,false,rising,false,false,0.0,0.15980464680482107,0.2611770507771902,元器件,-5.0,-2.0,3.0,0.3,0.5,0.08683614566532072,0.7776010758276781,0.027326308549274203,false,false,0.07837290234396127,0.7896529787175495,,,,,,,0.07161803713527852,0,0.0,none,0.0723999197665364,false,stable,0.0,"","","",0,0
603309.SH,维力医疗,医疗保健,0.956836,0.028038487750688425,0.038320000000000014,0.062456541478650165,0.685144814452286,0.044489256590664494,1.0457,83.0,0.024928803529296828,0.19999999999999998,0.8166666666666667,has_near_zero,has_near_zero,has_near_zero,false,0,true,3,false,0,true,3,0.2672040846877464,0.25259870941871415,0.6594452789472571,moderate,false,false,none,0.22739999999999994,0.0,-0.14384999999999992,-0.37124999999999986,0.1748716569823831,0.4973012834050567,0.25087097780710943,false,none,0.28670000000000007,-0.5743999999999999,-21.576421178941043,37.77338603425561,-43.07784610769461,false,医疗保健,false,1.8153846153846154,true,rising,false,false,0.0,0.2672040846877464,0.4558145498014792,医疗保健,-5.0,-2.0,3.0,0.3,0.5,-0.09266513001211352,0.2161371876215963,-0.245553481154126,false,false,0.028038487750688425,0.062456541478650165,,,,,,,0.435483870967742,0,0.0,none,0.2594034877050236,false,stable,17.0,单年巨幅下滑-15.0分(年跌-43.1%); 趋势不可靠-2分(Bootstrap CI过宽: 0.339),"","",0,0
603312.SH,西典新能,电气设备,0.605696,0.26654892924891777,0.30852000000000007,0.6054403582589273,0.12121516580376142,,0.9495,98.0,0.24091155140281195,0.6,0.23333333333333334,has_loss,has_loss,has_loss,true,1,true,4,true,1,true,4,1.213715608972297,0.6228060275880445,3.0911642047004713,high_volatility,false,false,none,-0.52,0.0,0.46046999999999993,0.98047,0.5627860926235584,1.0,0.7419027329113527,true,moderate,-0.3167,0.7962,102.0212765957447,-25.011846469752015,169.40425531914894,false,电气设备,true,inf,true,falling,false,false,0.0,1.213715608972297,1.0,电气设备,-5.0,-2.0,3.0,0.3,0.5,0.19549539657684786,0.40790209370257186,0.06773077229499122,false,false,0.26654892924891777,0.6054403582589273,,,,,,,0.6492985971943889,1,0.0,single_year_drop,0.754575016482931,false,stable,2.0,中度恶化-10分; 周期回落期-3分(景气下行趋势); 趋势不可靠-2分(Bootstrap CI过宽: 0.662),"","",0,0
603320.SH,迪贝电气,电气设备,0.6496810000000001,0.03689485537608643,0.04167000000000001,0.060141197304483786,0.690913186975583,0.024777507261278142,0.8074,83.0,0.043295629368219735,0.19999999999999998,0.8166666666666667,has_near_zero,has_near_zero,has_near_zero,false,0,true,5,false,0,true,5,0.4306426133977518,0.27439686040477945,1.0777174424809317,volatile,false,false,none,-0.5008999999999999,0.0,0.13080000000000003,0.6316999999999999,0.3958018039011407,0.9999999999999996,0.2950657938647582,false,none,0.3101,-0.42060000000000003,-12.038348403965578,62.356726322139544,-45.82198496568254,false,电气设备,false,2.5199725463280713,true,rising,false,false,0.0,0.4306426133977518,0.6805104302286109,电气设备,-5.0,-2.0,3.0,0.3,0.5,-0.04183828253466371,0.05462114197530935,-0.11351188253717792,false,false,0.03689485537608643,0.060141197304483786,,,,,,,0.2783505154639176,0,0.0,none,0.41804421680883747,false,decreasing_vol,17.0,单年巨幅下滑-15.0分(年跌-45.8%); 趋势不可靠-2分(Bootstrap CI过宽: 0.314),"","",0,0
603327.SH,福蓉科技,元器件,0.575414,-0.01084736506485099,-0.012020000000000003,0.08193366392493708,0.6405870427361791,0.012300396779965306,0.4044,83.68721430358549,0.0010604254420872432,0.0,1.0,has_near_zero,has_near_zero,has_near_zero,false,0,true,4,false,0,true,5,0.6020170047828044,0.3485798861093394,1.4063417498532003,high_volatility,false,false,none,0.40335,0.0,-0.39369999999999994,-0.7970499999999999,0.6203253716848951,0.884747134382177,0.7244065824667737,false,none,0.02689999999999998,-0.8143,-66.06813223695252,7.125827814569531,-68.32522235274375,false,元器件,true,3.1570860927152316,true,rising,false,false,0.0,0.6020170047828044,0.9025584161882745,元器件,-5.0,-2.0,3.0,0.3,0.5,-0.30829775352990324,0.7195748285633862,-0.6255713928290219,false,true,-0.01084736506485099,0.003930667884072078,,,,,,,0.6067415730337079,0,0.0,none,0.6011215448219256,false,stable,16.31278569641451,单年巨幅下滑-15.0分(年跌-68.3%); 加速下滑-0.3分(加速度-0.63); 峰值大幅下跌-15分(从1.2跌至0.4，跌幅-66.1%),"","",0,0
603328.SH,依顿电子,元器件,0.495798,0.011383013309298862,0.013659999999999985,0.0142129607441044,0.8485671142923352,-0.08079431510239121,0.3646,48.0,0.023791434315269762,0.19999999999999998,0.8166666666666667,has_near_zero,has_near_zero,has_near_zero,false,0,true,5,false,0,true,5,0.34443484563449706,0.1693586135984822,0.8720764693919056,moderate,false,false,none,0.028449999999999975,0.0,-0.1015,-0.12994999999999998,0.1898119984667786,0.038652633097038556,0.32029724969314144,true,severe,-0.3576,0.15459999999999996,-35.764622973925306,-49.515369703683184,27.237491190979558,false,元器件,false,2.461486025903204,true,falling,false,false,0.0,0.34443484563449706,0.6037460132946915,元器件,-5.0,-2.0,3.0,0.3,0.5,-0.09193706646912769,0.34002238049049993,-0.1169784194978086,false,false,0.011383013309298862,0.0142129607441044,,,,,,,0.9866768176627332,1,0.0,cliff_drop,0.3416224227637607,false,stable,52.0,严重恶化-15分; 单年巨幅下滑-15.0分(年跌-49.5%); 贝叶斯高置信度恶化-12分(恶化概率98.7%，严重恶化确认); 趋势不可靠-2分(Bootstrap CI过宽: 0.323); 峰值明显下跌-8分(从0.7跌至0.4，跌幅-49.5%),"","",0,0
603331.SH,百达精工,专用机械,0.75934,0.2659497085356781,0.31000000000000005,0.6385201914452121,0.10479573025124209,,0.8831,43.0,0.2647061359802626,0.39999999999999997,0.48333333333333334,has_loss,has_loss,has_loss,true,1,true,3,true,1,true,3,0.9428766790521533,0.6282764463196118,2.1583575952216587,high_volatility,false,false,none,0.47969999999999996,0.0,-0.06425000000000003,-0.5439499999999999,0.3985585683683272,0.6887038833944618,0.054359668037065025,true,severe,-0.5284,0.3998999999999999,-12.702649268485573,-37.43535246191994,39.53143534994068,false,专用机械,true,inf,true,falling,false,false,0.0,0.9428766790521533,1.0,专用机械,-5.0,-2.0,3.0,0.3,0.5,-0.046649955800429355,0.06690621744741229,-0.4653379367412941,false,false,0.2659497085356781,0.6385201914452121,,,,,,,0.9487554904831625,1,0.0,cliff_drop,0.5898506514607794,false,stable,57.0,"严重恶化-15分; 单年巨幅下滑-15.0分(年跌-37.4%); 周期回落期-3分(景气下行趋势); 贝叶斯高置信度恶化-12分(恶化概率94.9%，严重恶化确认); 趋势不确定预警-4分(Bootstrap CI跨零: [-0.079, 0.633]); 峰值明显下跌-8分(从1.4跌至0.9，跌幅-37.4%)","","",0,0
603333.SH,尚纬股份,电气设备,0.18388100000000002,0.0026471428241524823,0.00272,0.1826552361673199,0.47289255476441083,,0.243,83.0,0.01353882062135111,0.19999999999999998,0.8166666666666667,has_loss,has_loss,has_near_zero,true,1,true,5,false,0,true,5,1.8968874927525345,0.3586634871296492,5.300401946266131,high_volatility,false,false,none,-1.0022,0.0,0.18595,1.18815,0.6637455777446549,1.0,0.637455777446549,false,none,0.013600000000000001,0.01479999999999998,13.233923578751156,5.9285091543156065,6.896551724137921,false,电气设备,false,1.0,false,rising,false,false,0.0,1.8968874927525345,1.0,电气设备,-5.0,-2.0,3.0,0.3,0.5,0.01384192712193981,0.9993610622541071,0.20466525772671829,false,false,-0.01166709062200386,0.0028678086401823814,,,,,,,0.07161803713527852,0,0.0,none,1.8913436682364093,true,decreasing_vol,17.0,波动聚集提示-2分(大波动后可能跟着大波动); 峰值大幅下跌-15分(从0.6跌至0.2，跌幅-61.4%),"","",0,0
603344.SH,星德胜,电气设备,1.221892,0.11410506235045924,0.16024000000000005,0.1283473098209864,0.5538089396102546,0.0015747403934702753,0.8766,26.657396197566044,0.09440992467035446,0.19999999999999998,0.8166666666666667,has_near_zero,has_near_zero,has_near_zero,false,0,true,3,false,0,true,3,0.6450545620795672,0.7571779460602375,1.5675316488047573,high_volatility,false,false,none,0.5994499999999999,0.0,-0.5966999999999999,-1.1961499999999998,0.5592749356099449,0.4119323652960194,0.8981157550811038,true,severe,-0.9447999999999999,-0.24859999999999993,-57.65217391304347,-51.87218623037224,-12.00966183574879,false,电气设备,true,8.999999999999998,true,falling,false,false,0.0,0.6450545620795672,1.0,电气设备,-5.0,-2.0,3.0,0.3,0.5,-0.3415684194006902,0.870835988829831,-0.6852076048679066,false,true,0.11410506235045924,0.1283473098209864,,,,,,,0.999190470683474,2,3.3192045654412934,accelerating_decline,0.607870769697773,false,decreasing_vol,73.34260380243396,复合恶化-14.0分(触发2项恶化信号); 严重恶化-15分; 单年巨幅下滑-15.0分(年跌-51.9%); 周期回落期-3分(景气下行趋势); 加速下滑-0.3分(加速度-0.69); 贝叶斯高置信度恶化-12分(恶化概率99.9%，严重恶化确认); 趋势不可靠-2分(Bootstrap CI过宽: 1.038); 峰值大幅下跌-15分(从2.1跌至0.9，跌幅-57.7%),"","",0,0
603351.SH,威尔药业,化学制药,0.87636,0.020759055792439265,0.026410000000000013,0.46771198337905284,0.20292399621865426,,1.6376,115.0,0.2087121471142483,0.7999999999999999,0.08333333333333333,has_loss,has_loss,has_near_zero,true,1,true,4,false,0,true,5,0.7734115804681334,0.6123563529514493,2.175911892492674,volatile,false,false,none,-0.7992999999999999,0.0,0.5251699999999999,1.3244699999999998,0.6924037749662035,1.0,0.924037749662035,false,none,0.7497999999999999,0.08330000000000004,103.55500310752019,84.45595854922279,10.354257302672472,false,化学制药,false,1.0,false,rising,false,false,0.0,0.7734115804681334,0.7520625977078401,化学制药,-5.0,-2.0,3.0,0.3,0.5,0.2662830571219185,0.8381293566682687,0.23028364003068091,false,false,0.20939983535137016,0.46171035860767384,,,,,,,0.07161803713527852,0,0.0,none,0.5301182960941533,false,decreasing_vol,0.0,"",high_growth,"高速成长(稳健CAGR=20.9%, MK趋势=0.80)",1,0
603367.SH,辰欣药业,化学制药,0.8917050000000001,0.08005966240832046,0.11015,0.2841248249832091,0.3549905151493404,0.07312589956356375,1.2608,98.0,0.11370754048633867,0.6,0.23333333333333334,has_near_zero,has_near_zero,has_near_zero,false,0,true,4,false,0,true,4,0.36387804298957155,0.31244752039342544,0.8682132625253303,moderate,false,false,none,-0.4354,0.0,0.26632,0.70172,0.6336915674327827,1.0,0.9334756743278266,false,none,0.2641999999999999,0.4267000000000001,121.23179505176347,26.51013445715431,74.87278469907002,false,化学制药,false,1.0,false,rising,false,false,0.0,0.36387804298957155,0.4244357677249906,化学制药,-5.0,-2.0,3.0,0.3,0.5,0.2557391819611483,0.9681171229097263,0.40735742300856576,true,false,0.08005966240832046,0.2841248249832091,,,,,,,0.07161803713527852,0,0.0,none,0.30210431323586373,false,stable,2.0,趋势不可靠-2分(Bootstrap CI过宽: 0.447),"","",0,0
603380.SH,易德龙,元器件,1.193447,0.1287871050259882,0.21148999999999996,0.1759484137906017,0.482027748489995,0.08020194308577122,1.7204,98.0,0.08202697963520991,0.19999999999999998,0.8166666666666667,has_near_zero,has_near_zero,has_near_zero,false,0,true,2,false,0,true,2,0.6087709836878822,0.6879112115673068,1.3919469026548674,volatile,false,false,none,-0.5115500000000001,0.0,0.73995,1.2515,0.6678701474100549,0.9756585618984263,0.7030429122021229,true,moderate,-0.09299999999999997,1.5729,615.3430353430354,-5.128487923238115,654.012474012474,false,元器件,true,7.54012474012474,true,falling,false,false,0.0,0.6087709836878822,1.0,元器件,-5.0,-2.0,3.0,0.3,0.5,0.5364389211144636,0.7180307186099806,0.9453493478415529,true,false,0.1287871050259882,0.1759484137906017,,,,,,,0.4807121661721069,1,0.0,single_year_drop,0.5320062115166825,false,increasing_vol,2.0,中度恶化-10分; 周期回落期-3分(景气下行趋势); 趋势不可靠-2分(Bootstrap CI过宽: 1.034),"","",0,0
603381.SH,永臻股份,电气设备,-8.36536,-0.17406984635278536,-0.8109999999999999,0.5919586413766967,0.12824207513153718,,-15.841,24.03930132730838,-0.3937212044421391,-0.9999999999999999,0.016666666666666666,poor,poor,poor,true,5,false,0,true,5,false,0,0.6550538723694872,4.933996777461452,1.724728498977722,moderate,false,false,none,-2.005,0.0,-4.490499999999999,-2.485499999999999,0.5546818079450269,0.9923455743801988,0.757515104496946,true,severe,-8.890999999999998,-0.08999999999999986,-130.91836734693874,-127.92805755395679,-1.3119533527696772,false,电气设备,false,1.0,false,falling,false,false,0.0,0.6550538723694872,0.6573764312289231,电气设备,-5.0,-2.0,3.0,0.3,0.5,-0.4163091403375944,0.7616168093349945,0.010796527623312568,false,false,-0.36673403928188447,0.905575369784353,,,,,,,0.9983149583553994,1,96.50960831334945,cliff_drop,0.29870938094682253,false,increasing_vol,75.96069867269162,"轻度衰退-3.5分(log斜率-0.174); 严重恶化-15分; 持续衰退重罚-10.0分(最新<加权); 单年巨幅下滑-15.0分(年跌-127.9%); 贝叶斯高置信度恶化-12分(恶化概率99.8%，严重恶化确认); 波动率飙升预警-4.5分(近期波动是早期的2.2倍); 趋势不确定预警-4分(Bootstrap CI跨零: [-0.448, 0.065]); 智能连续下跌-12分(3年实质性下跌，累计跌幅-455.8%)","","",0,0
603383.SH,顶点软件,软件服务,1.074055,0.029743788660606355,0.044550000000000006,0.1260559778555635,0.557629996777934,-0.0060006115118308445,0.9398,50.0,0.04160439127672897,0.19999999999999998,0.8166666666666667,has_near_zero,has_near_zero,has_near_zero,false,0,true,3,false,0,true,3,0.18763459604592975,0.19735031542918802,0.4671128943315142,stable,false,false,none,0.09190000000000004,0.0,-0.10335000000000005,-0.1952500000000001,0.2789754425092153,0.39913769799486193,0.25317119089901613,true,severe,-0.41080000000000005,0.20409999999999995,-18.02878325337986,-30.416111357915003,17.802006105538588,false,软件服务,false,1.5717444431514025,true,falling,false,false,0.0,0.18763459604592975,0.35967360259026415,软件服务,-5.0,-2.0,3.0,0.3,0.5,-0.07155434739620736,0.27903449130085844,-0.13481259084382424,false,false,0.029743788660606355,0.1260559778555635,,,,,,,0.9737039819684448,1,0.0,cliff_drop,0.17527550438146539,false,increasing_vol,50.0,严重恶化-15分; 单年巨幅下滑-15.0分(年跌-30.4%); 贝叶斯高置信度恶化-12分(恶化概率97.4%，严重恶化确认); 峰值明显下跌-8分(从1.4跌至0.9，跌幅-30.4%),"","",0,0
603386.SH,骏亚科技,元器件,0.8749330000000002,0.060695061485918494,0.08591000000000001,0.2900660044923901,0.3490302932092857,0.16135929159056372,1.2412,98.0,0.03770196825335725,0.19999999999999998,0.8166666666666667,has_near_zero,has_near_zero,has_near_zero,false,0,true,4,false,0,true,4,0.28846384732719227,0.2449519605963586,0.6591219558151586,moderate,false,false,none,0.009149999999999991,0.0,0.27030000000000004,0.26115000000000005,0.3329129801255687,0.004042759972076874,0.7235335751006733,false,none,0.5597000000000001,-0.019100000000000006,77.16243220097061,82.1276595744681,-2.7262346560091357,false,元器件,false,1.3796038151137198,true,rising,false,false,0.0,0.28846384732719227,0.4147182532102498,元器件,-5.0,-2.0,3.0,0.3,0.5,0.19446291909510002,0.719746490030578,0.1869368429461569,false,false,0.060695061485918494,0.2900660044923901,,,,,,,0.07161803713527852,0,0.0,none,0.24004724817621653,false,stable,2.0,趋势不可靠-2分(Bootstrap CI过宽: 0.313),"","",0,0
603387.SH,基蛋生物,医疗保健,0.85444,-0.019888264202046393,-0.028800000000000006,0.04058686064977611,0.7452367275062832,0.04021605519604976,0.8341,83.0,-0.029659631070638987,-0.19999999999999998,0.8166666666666667,has_near_zero,has_near_zero,has_near_zero,false,0,true,4,false,0,true,4,0.24391165729281258,0.21192020432228728,0.611620091156024,moderate,false,false,none,0.47599999999999987,0.0,-0.13582,-0.6118199999999998,0.5842466391481719,1.0,0.618826391481719,false,none,0.17709999999999992,-0.2953,-12.412055024677105,26.95585996955859,-31.009135776541008,false,医疗保健,false,1.8088280060882798,true,rising,false,false,0.0,0.24391165729281258,0.4363063933126874,医疗保健,-5.0,-2.0,3.0,0.3,0.5,-0.04408212134928885,0.14411083206832753,-0.13630401487522398,false,false,-0.019888264202046393,0.04058686064977611,,,,,,,0.2783505154639176,0,0.0,none,0.23821414865234974,false,decreasing_vol,17.0,单年巨幅下滑-15.0分(年跌-31.0%); 趋势不可靠-2分(Bootstrap CI过宽: 0.328),"","",0,0
603391.SH,力聚热能,专用机械,3.32125,0.004866073361964762,0.015979999999999973,0.7585212605751185,0.05457246140134757,0.006406343950398741,3.1681,76.82007579701315,0.00728759473591839,0.39999999999999997,0.48333333333333334,good,good,good,false,0,false,0,false,0,false,0,0.23268594061680287,0.763037697627057,0.6342894433500241,moderate,false,false,none,0.7259,0.0,-0.6859500000000001,-1.41185,0.473872334346093,0.4629809165545418,0.7346444060534068,false,none,0.028099999999999792,-1.4,-30.218061674008812,0.8949044585987195,-30.83700440528634,false,专用机械,false,1.6214285714285714,true,rising,false,false,0.0,0.23268594061680287,0.40233922868391847,专用机械,-5.0,-2.0,3.0,0.3,0.5,-0.17384161128440356,0.7316909749808407,-0.35984840597371903,false,true,0.027820109830597795,0.0437198204864283,,,,,,,0.6067415730337079,0,0.0,none,0.22913563427560799,false,decreasing_vol,23.17992420298686,单年巨幅下滑-15.0分(年跌-30.8%); 加速下滑-0.2分(加速度-0.36); 峰值明显下跌-8分(从4.5跌至3.2，跌幅-30.2%),"","",0,0
603456.SH,九洲药业,医疗保健,1.1376279999999999,0.1411857416612854,0.19196,0.5351489497601823,0.16008261144320615,0.22172302534484656,1.1077,85.76974946436125,0.17416038959988517,0.6,0.23333333333333334,has_near_zero,has_near_zero,has_near_zero,false,0,true,2,false,0,true,2,0.40086312058287954,0.43294820475433315,0.9398725973112106,moderate,false,false,none,0.48605000000000004,0.0,-0.18080000000000007,-0.6668500000000002,0.6456645880103986,0.9610197386641861,0.6619261414397991,true,moderate,-0.40460000000000007,0.04299999999999993,-24.610358674198608,-26.75395093566092,2.9265636697747177,false,医疗保健,false,1.0,true,falling,false,false,0.0,0.40086312058287954,0.45402382979963696,医疗保健,-5.0,-2.0,3.0,0.3,0.5,-0.11104789260319797,0.6699486612651081,-0.4605010712775003,false,true,0.1411857416612854,0.5351489497601823,,,,,,,0.9487554904831625,1,0.0,single_year_drop,0.28586301640597367,false,decreasing_vol,14.230250535638751,"中度恶化-10分; 加速下滑-0.2分(加速度-0.46); 贝叶斯恶化预警-8分(恶化概率94.9%); 趋势不确定预警-4分(Bootstrap CI跨零: [-0.111, 0.360])","","",0,0
603507.SH,振江股份,电气设备,2.303119,-0.007885118427131998,-0.022950000000000026,0.28228769640696755,0.3568511709626297,-0.03911667937189656,2.657,100.0,-0.03030603659498421,-0.6,0.23333333333333334,good,good,good,false,0,true,1,false,0,false,0,0.4798206568882378,1.1202660768763821,1.1822628450033408,volatile,false,false,none,-1.38015,0.0,1.15025,2.5304,0.6559179993296875,0.8245616075903228,0.734618385706552,false,none,-0.04720000000000013,2.3477,645.3015427769986,-1.7454330301013283,658.5413744740533,false,电气设备,false,7.585413744740534,true,falling,false,false,0.0,0.4798206568882378,1.0,电气设备,-5.0,-2.0,3.0,0.3,0.5,0.6773307235096869,0.7408674678514653,1.4300298811925893,true,false,-0.03473294488995833,0.007498470670371831,,,,,,,0.16167664670658682,0,0.0,none,0.4744746362560662,false,stable,0.0,"","","",0,0
603508.SH,思维列控,IT设备,0.8297950000000001,0.014227726574503163,0.000050000000000027805,0.004003701777055821,0.9194897991098588,-0.04917405682191289,1.1509,98.0,0.17100209182614165,0.19999999999999998,0.8166666666666667,has_near_zero,has_near_zero,has_near_zero,false,0,true,3,false,0,true,3,0.5542918440328853,0.45994028634160755,1.4078430427342188,high_volatility,false,false,none,-1.1682,0.0,0.28926,1.45746,0.8366581699063144,1.0,0.9772116055224145,false,none,0.3961,0.15960000000000008,93.36357526881723,52.47747747747747,26.814516129032274,false,IT设备,false,1.0,false,rising,false,false,0.0,0.5542918440328853,0.5767668085596416,IT设备,-5.0,-2.0,3.0,0.3,0.5,0.20972600302868621,0.9565202750993561,0.4987142517049657,true,false,0.014227726574503163,0.004003701777055821,,,,,,,0.07161803713527852,0,0.0,none,0.5542918358447388,false,decreasing_vol,2.0,趋势不可靠-2分(Bootstrap CI过宽: 0.648),"","",0,0
603530.SH,神马电力,电气设备,0.177661,0.037148066679092304,0.038470000000000004,0.414956071275563,0.24073339011889447,,0.3704,100.0,0.04823602324848819,0.19999999999999998,0.8166666666666667,has_loss,has_loss,has_near_zero,true,1,true,5,false,0,true,5,1.1488371321893869,0.19084482439930092,3.0189019985552616,high_volatility,false,false,none,-0.18844999999999998,0.0,0.25075000000000003,0.43920000000000003,0.5785670758852007,0.9791332849251173,0.9281374739268899,false,none,0.12990000000000002,0.3716,382.5324180015256,54.01247401247402,283.4477498093059,false,电气设备,false,1.0,false,rising,false,false,0.0,1.1488371321893869,1.0,电气设备,-5.0,-2.0,3.0,0.3,0.5,0.24657078808346627,0.9240983171813699,0.4336293849012758,true,false,0.037148066679092304,0.09749075450747742,,,,,,,0.07161803713527852,0,0.0,none,1.0889233216471041,false,stable,0.0,"","","",0,0
603577.SH,汇金通,电气设备,-0.02431300000000003,0.2860184890180797,0.30369,0.5308475948477249,0.16264581393757457,,0.5406,111.0,0.27641805359110366,0.39999999999999997,0.48333333333333334,poor,poor,poor,true,3,true,5,true,3,true,5,5.782962507693707,0.6674695326380073,13.074857043839897,high_volatility,false,false,none,-0.6995,0.0,0.5534399999999999,1.25294,0.6866459088948222,1.0,0.8664590889482227,true,moderate,-0.045700000000000074,1.1442,196.8990858576806,-7.794644380010246,205.09051801398104,false,电气设备,true,inf,true,falling,false,false,0.0,5.782962507693707,1.0,电气设备,-5.0,-2.0,3.0,0.3,0.5,0.5248093461240462,0.7215904083904066,0.680262485112596,false,false,0.2860184890180797,0.5308475948477249,,,,,,,0.4807121661721069,1,0.0,single_year_drop,4.016836512608395,false,stable,4.0,"中度恶化-10分; 周期回落期-3分(景气下行趋势); 趋势不确定预警-4分(Bootstrap CI跨零: [-0.220, 0.741])",high_growth,"高速成长(稳健CAGR=27.6%, MK趋势=0.40)",1,0
603583.SH,捷昌驱动,电气设备,1.230717,0.045018849382502196,0.04219,0.028258325742774808,0.7869780802079496,-0.07503252599696186,1.3271,98.0,0.07986625757458667,0.0,1.0,has_near_zero,has_near_zero,has_near_zero,false,0,true,2,false,0,true,2,0.5088969909642805,0.6198670688139515,1.1907459402656684,volatile,false,false,none,-1.4504,0.0,0.38184999999999997,1.83225,0.6666101379729562,1.0,0.6661013797295623,true,moderate,-0.4292,0.9249999999999999,59.64152532178514,-24.437738427375734,111.27150246601707,false,电气设备,true,4.843629343629344,true,falling,false,false,0.0,0.5088969909642805,1.0,电气设备,-5.0,-2.0,3.0,0.3,0.5,0.16897168975727633,0.34515277816251866,0.4688784022875704,true,false,0.045018849382502196,0.028258325742774808,,,,,,,0.6492985971943889,1,0.0,single_year_drop,0.5059415332418726,false,stable,2.0,中度恶化-10分; 周期回落期-3分(景气下行趋势); 趋势不可靠-2分(Bootstrap CI过宽: 0.898),"","",0,0
603590.SH,康辰药业,生物制药,0.8436779999999999,0.1775434206790996,0.22346000000000005,0.8621098793818515,0.02270340601076807,0.31181672336906363,1.0809,95.0,0.1681695946851931,0.7999999999999999,0.08333333333333333,has_near_zero,has_near_zero,has_near_zero,false,0,true,3,false,0,true,3,0.496317288742952,0.3854598591293262,1.1343737124021427,stable,false,false,none,0.19154999999999997,0.0,0.1664,-0.025149999999999978,0.20683813919537275,0.8954769890247045,0.4304895031398618,true,moderate,-0.16510000000000002,0.4979,44.48603127924074,-13.25040128410915,66.55527335917658,false,生物制药,false,1.0,true,falling,false,false,0.0,0.496317288742952,0.530387164327695,生物制药,-5.0,-2.0,3.0,0.3,0.5,0.12290554689390992,0.4601905459762885,-0.044234692923574015,false,false,0.1775434206790996,0.8621098793818515,,,,,,,0.4807121661721069,1,0.0,single_year_drop,0.1984044743921085,false,increasing_vol,5.0,中度恶化-10分,"","",0,0
603595.SH,东尼电子,元器件,0.6030359999999999,-0.2831665721561007,-0.31647000000000003,0.4792095951047553,0.19520480576243424,,3.8179,70.30088417759022,-0.4316315911551337,-0.19999999999999998,0.8166666666666667,poor,poor,poor,true,2,true,3,true,3,true,4,4.498229282491113,2.0287913709891416,11.703693849496698,high_volatility,false,false,none,-0.605,0.0,2.26695,2.87195,0.6394864280288242,0.953695256344157,0.6296012880044616,false,none,5.2786,-0.7447000000000001,633.2262569832403,361.37468337098653,-104.0083798882682,false,元器件,false,1.0,false,rising,false,false,0.0,4.498229282491113,1.0,元器件,-5.0,-2.0,3.0,0.3,0.5,1.3576493198410746,0.6139470314607587,1.928431241424461,true,false,0.18550911081671637,0.056140179707204176,,,,,,,0.07161803713527852,0,0.0,none,4.1326079095769135,false,increasing_vol,29.699115822409784,轻度衰退-5.7分(log斜率-0.283); 单年巨幅下滑-15.0分(年跌-104.0%); 波动率飙升预警-8.0分(近期波动是早期的5.0倍); 趋势不可靠-2分(Bootstrap CI过宽: 0.852),"","",0,0
603606.SH,东方电缆,电气设备,1.300458,0.12126458330841605,0.19926,0.5936441548517739,0.12735274906875643,0.11124308832802932,1.6179,89.92806722689076,0.10725972973952604,0.39999999999999997,0.48333333333333334,has_near_zero,has_near_zero,has_near_zero,false,0,true,2,false,0,true,2,0.3263290950116319,0.40486998159903137,0.7083212431892191,moderate,false,false,none,-0.2087,0.0,0.30868,0.51738,0.5123630972170101,1.0,0.7742550819027182,true,moderate,-0.11320000000000019,0.79,71.9158431622569,-6.539194731673513,83.94432047603868,false,电气设备,false,2.0310923383785053,true,falling,false,false,0.0,0.3263290950116319,0.5318755877931063,电气设备,-5.0,-2.0,3.0,0.3,0.5,0.20966323335221385,0.6478915477510145,0.2520383823665041,true,false,0.12126458330841605,0.5936441548517739,,,,,,,0.4807121661721069,1,0.0,single_year_drop,0.20495214616864038,false,increasing_vol,10.071932773109243,"中度恶化-10分; 波动率飙升预警-6.1分(近期波动是早期的3.0倍); 趋势不确定预警-4分(Bootstrap CI跨零: [-0.058, 0.297])","","",0,0
603611.SH,诺力股份,专用机械,1.5385470000000003,0.14540467891241315,0.34689000000000003,0.16761083456373146,0.4936835775648545,0.3135838789225738,2.972,71.14822477861458,0.21382217091130012,0.19999999999999998,0.8166666666666667,has_near_zero,has_near_zero,has_near_zero,false,0,true,3,false,0,true,3,0.7168547778181165,1.0283138416845317,1.8006525012548102,high_volatility,false,false,none,-0.13049999999999995,0.0,0.47564,0.6061399999999999,0.2769520096300456,1.0,0.2833732346679085,false,none,2.583,-1.5565,52.76278591621691,664.0102827763496,-80.00514006682087,false,专用机械,true,3.096204344712342,true,rising,false,false,0.0,0.7168547778181165,0.9863110682161389,专用机械,-5.0,-2.0,3.0,0.3,0.5,0.19528072339045421,0.06982975986622578,-0.0741657900833837,false,false,0.14540467891241315,0.16761083456373146,,,,,,,0.07161803713527852,0,0.0,none,0.6063704155181293,true,increasing_vol,28.851775221385417,单年巨幅下滑-15.0分(年跌-80.0%); 周期顶部预警-5分(警惕景气回落); 波动率飙升预警-6.9分(近期波动是早期的3.4倍); 趋势不可靠-2分(Bootstrap CI过宽: 0.824),"","",0,0
603628.SH,清源股份,电气设备,0.522803,-0.08602480802014148,-0.11739,0.154632643466915,0.5125402472072752,-0.14197689654342638,0.6724,75.0,-0.06063770918490033,-0.19999999999999998,0.8166666666666667,has_near_zero,has_near_zero,has_near_zero,false,0,true,4,false,0,true,4,0.7636061020258146,0.426107477052445,1.8694670441919643,high_volatility,false,false,none,-1.0057,0.0,0.10651,1.1122100000000001,0.6394241552053076,1.0,0.39424155205307587,false,none,0.475,-0.24739999999999998,51.16906474820144,240.62816616008104,-55.62050359712231,false,电气设备,false,2.057830210501966,true,rising,false,false,0.0,0.7636061020258146,0.8852622430209138,电气设备,-5.0,-2.0,3.0,0.3,0.5,0.09930307695955241,0.20914180666647736,0.40450523507304265,false,false,-0.08602480802014148,0.154632643466915,,,,,,,0.07161803713527852,0,0.0,none,0.6873548536420713,false,decreasing_vol,25.0,单年巨幅下滑-15.0分(年跌-55.6%); 趋势不可靠-2分(Bootstrap CI过宽: 0.553); 峰值明显下跌-8分(从1.2跌至0.7，跌幅-45.8%),"","",0,0
603636.SH,南威软件,软件服务,0.122582,0.07225676086371283,0.08054000000000001,0.08777486030954937,0.628373030143281,,0.6876,86.0,0.03897426405157036,0.0,1.0,poor,poor,poor,true,2,true,5,true,2,true,5,4.103007517237,0.4038179998464655,9.931924405608617,high_volatility,false,false,none,-0.5235,0.0,0.24577,0.7692699999999999,0.5352339325639562,1.0,0.48995399199509476,false,none,0.9775,-0.3722,735.4799513973268,337.18523628837534,-452.24787363304984,false,软件服务,true,inf,true,rising,false,false,0.0,4.103007517237,1.0,软件服务,-5.0,-2.0,3.0,0.3,0.5,0.2801355647289476,0.35901640396784806,0.3713809453142795,false,false,0.07225676086371283,0.08777486030954937,,,,,,,0.07161803713527852,0,0.0,none,3.8936502563769904,false,increasing_vol,14.0,单年巨幅下滑-15.0分(年跌-452.2%); 周期顶部预警-5分(警惕景气回落); 趋势不可靠-2分(Bootstrap CI过宽: 0.519),"","",0,0
603638.SH,艾迪精密,专用机械,0.21004,-0.006118884471131656,-0.006260000000000002,0.1504758198854851,0.5187775484835307,-0.2393158844268114,0.1871,70.0,-0.10093645057684994,-0.7999999999999999,0.08333333333333333,has_near_zero,has_near_zero,has_near_zero,false,0,true,5,false,0,true,5,0.8306273773844512,0.19878574395564685,2.276867792077553,volatile,false,false,none,-0.31229999999999997,0.0,-0.03546,0.27684,0.525995676659968,1.0,0.2062767665996801,false,none,0.1732,-0.1764,-1.6815554387808769,1246.043165467626,-92.69574356279558,false,专用机械,false,1.0,false,rising,false,false,0.0,0.8306273773844512,0.7978352352408944,专用机械,-5.0,-2.0,3.0,0.3,0.5,-0.001572252119470263,0.00024573646997861606,0.17043128046983608,false,false,-0.09244731564337294,0.6003403557392448,,,,,,,0.2783505154639176,0,0.0,none,0.5235881481607848,false,stable,30.0,单年巨幅下滑-15.0分(年跌-92.7%); 峰值大幅下跌-15分(从0.6跌至0.2，跌幅-66.5%),"","",0,0
603656.SH,泰禾智能,专用机械,0.25239,0.09003513235812466,0.09530000000000001,0.3440302382074293,0.29855178742636596,,0.5694,78.0,0.08976982748286674,0.39999999999999997,0.48333333333333334,has_loss,has_loss,has_loss,true,1,true,5,true,1,true,5,1.1313147464175108,0.253188240248239,2.8529937444146554,high_volatility,false,false,none,-0.2331,0.0,0.1607,0.39380000000000004,0.3591540644987219,1.0,0.5124982789045113,false,none,0.4963,-0.3085,49.21383647798743,678.9329685362518,-80.84381551362684,false,专用机械,true,190.79999999999984,true,rising,false,false,0.0,1.1313147464175108,1.0,专用机械,-5.0,-2.0,3.0,0.3,0.5,0.0847557621424779,0.12715586689307476,-0.02005626136155532,false,false,0.09003513235812466,0.3440302382074293,,,,,,,0.07161803713527852,0,0.0,none,0.9091491937295183,false,stable,22.0,单年巨幅下滑-15.0分(年跌-80.8%); 周期顶部预警-5分(警惕景气回落); 趋势不可靠-2分(Bootstrap CI过宽: 0.368),"","",0,0
603658.SH,安图生物,医疗保健,2.428895,0.004458367680817888,0.011029999999999918,0.009475823038964503,0.8762539957223355,0.00537430109968029,2.2535,72.91868156733793,0.0038102156214372684,0.19999999999999998,0.8166666666666667,good,good,good,false,0,false,0,false,0,false,0,0.07806472278160961,0.18918048789449712,0.18672267659219752,ultra_stable,false,false,none,0.2262499999999998,0.0,-0.20235000000000003,-0.42859999999999987,0.6236708268954831,0.9767575995861631,0.9790650647724156,true,severe,-0.25360000000000005,-0.1511,-15.224588067113087,-10.115272625742893,-5.684297645022948,false,医疗保健,false,1.0,true,falling,false,false,0.0,0.07806472278160961,0.19578511155862102,医疗保健,-5.0,-2.0,3.0,0.3,0.5,-0.07642796360833015,0.9734585304240831,-0.1626368653241369,false,true,0.004458367680817888,0.009475823038964503,,,,,,,0.988754443546527,2,0.7795114291032269,accelerating_decline,0.07773230148704696,false,stable,27.08131843266207,严重恶化-15分; 加速下滑-0.1分(加速度-0.16); 贝叶斯高置信度恶化-12分(恶化概率98.9%，严重恶化确认),"","",0,0
603676.SH,卫信康,化学制药,0.5741080000000001,0.04383233282929991,0.0476,0.5061162909543429,0.1778200811565825,0.28303467464234755,0.8566,96.0,0.11518279760305578,0.7999999999999999,0.08333333333333333,has_near_zero,has_near_zero,has_near_zero,false,0,true,5,false,0,true,5,0.3876728970370699,0.20810281112949916,1.0068926974664678,stable,false,false,none,0.07540000000000002,0.0,0.13837000000000002,0.06297,0.25064863016711764,1.0,0.8521452723072994,false,none,0.3025,-0.011599999999999944,51.423015732720536,54.59303374842086,-2.050556832243229,false,化学制药,false,1.0209348493051795,true,rising,false,false,0.0,0.3876728970370699,0.4462629642036799,化学制药,-5.0,-2.0,3.0,0.3,0.5,0.11853336960076359,0.7180348700643043,0.004467429330277092,false,false,0.10773353101526409,0.9067123274807549,,,,,,,0.07161803713527852,0,0.0,none,0.12694009153377905,false,stable,4.0,"趋势不确定预警-4分(Bootstrap CI跨零: [-0.041, 0.119])","","",0,0
603678.SH,火炬电子,元器件,1.4354630000000002,0.006768431811987586,0.013480000000000004,0.004609763982041455,0.9136195547288825,1.2538879345301543,1.4271,73.57755368745457,0.21705077948922927,0.39999999999999997,0.48333333333333334,good,good,good,false,0,true,1,false,0,false,0,0.5818041594712828,0.7768598219756252,1.4660066204334736,volatile,false,false,none,0.97875,0.0,-0.29284999999999994,-1.2715999999999998,0.7377561106062109,0.9773195104551523,0.9002415956069568,true,severe,-0.4617,-0.12399999999999989,-29.098767885532588,-24.444091486658195,-6.16057233704292,false,元器件,false,1.0,true,falling,false,false,0.0,0.5818041594712828,0.5987766609103596,元器件,-5.0,-2.0,3.0,0.3,0.5,-0.14785595247419958,0.887275708307806,-0.8448926250908662,false,true,0.2515745278384318,0.4965384856224461,,,,,,,0.9967697277341947,2,2.9678280116407785,accelerating_decline,0.4266889709642464,false,decreasing_vol,26.422446312545432,严重恶化-15分; 加速下滑-0.4分(加速度-0.84); 贝叶斯高置信度恶化-12分(恶化概率99.7%，严重恶化确认); 趋势不可靠-2分(Bootstrap CI过宽: 0.351),"","",0,0
603685.SH,晨丰科技,电气设备,0.7980150000000001,0.29897820407818937,0.33985000000000004,0.5192119260672399,0.16969147220857447,,1.1966,88.0,0.3178407813123668,0.6,0.23333333333333334,poor,poor,poor,true,2,true,3,true,2,true,3,1.1964533932945296,0.8328033489365902,2.796597994425768,high_volatility,false,false,none,0.9732999999999999,0.0,-0.30889999999999995,-1.2822,0.49249206492976944,0.7740548278134665,0.29141149879836814,false,none,0.5254000000000001,-1.1432,-34.04982363315696,78.27771156138262,-63.00705467372134,false,电气设备,false,2.703218116805721,true,rising,false,false,0.0,1.1964533932945296,1.0,电气设备,-5.0,-2.0,3.0,0.3,0.5,-0.17180900511417363,0.22224348781714806,-0.9164243154058224,false,false,0.29897820407818937,0.5192119260672399,,,,,,,0.6067415730337079,0,0.0,none,0.9140760952700374,false,stable,27.0,"单年巨幅下滑-15.0分(年跌-63.0%); 趋势不确定预警-4分(Bootstrap CI跨零: [-0.247, 0.830]); 峰值明显下跌-8分(从1.8跌至1.2，跌幅-34.0%)",high_growth,"高速成长(稳健CAGR=31.8%, MK趋势=0.60)",1,0
603690.SH,至纯科技,半导体,-1.527002,-0.13127243975550765,-0.20714000000000002,0.2089072288112129,0.43899852389097016,,-1.1989,110.0,-0.09920281684802054,-0.19999999999999998,0.8166666666666667,poor,poor,poor,true,5,true,2,true,5,true,2,0.5536901725795053,0.811078586204814,1.3088622803544365,volatile,false,false,none,-0.8016999999999999,0.0,0.6585999999999999,1.4602999999999997,0.6565241388515288,0.6077313343100077,0.9575100542052807,false,none,0.8988999999999998,0.4182999999999999,52.35086045864631,42.849652016398124,16.624935415921463,false,半导体,true,inf,true,rising,false,false,0.0,0.5536901725795053,1.0,半导体,-5.0,-2.0,3.0,0.3,0.5,0.31896262690394994,0.9293657504922715,0.7364211172430961,true,false,-0.13127243975550765,0.2089072288112129,,,,,,,0.07161803713527852,0,0.0,none,0.5065408787252266,false,decreasing_vol,2.0,趋势不可靠-2分(Bootstrap CI过宽: 0.868),cyclical_bottom,"周期底部(mid_up), 近期强势(31.9%)",0,0
603693.SH,江苏新能,新型电力,1.195285,-0.03132618265615216,-0.04859,0.15605353971449634,0.5104309491658472,-0.04093667005700263,1.11,85.0,-0.03005690130112497,-0.39999999999999997,0.48333333333333334,good,good,good,false,0,false,0,false,0,false,0,0.16695466247300583,0.20361456725882848,0.4117811049705636,stable,false,false,none,0.11039999999999994,0.0,-0.21139999999999992,-0.32179999999999986,0.2299788157684211,0.27574504822646984,0.6132146012441215,false,none,0.07940000000000014,-0.5022,-27.583507306889345,7.704249951484586,-32.76356993736952,false,新型电力,false,1.4304512155289066,true,rising,false,false,0.0,0.16695466247300583,0.32429055871559226,新型电力,-5.0,-2.0,3.0,0.3,0.5,-0.12788189695109803,0.596715308606477,-0.1914190534498555,false,false,-0.03132618265615216,0.15605353971449634,,,,,,,0.435483870967742,0,0.0,none,0.15461396968406718,false,stable,15.0,单年巨幅下滑-15.0分(年跌-32.8%),"","",0,0
603698.SH,航天工程,专用机械,0.787383,0.10772647165831853,0.13860999999999998,0.7840626909420708,0.04571827763721487,0.21638363209303324,1.1456,100.0,0.11833775865960841,0.7999999999999999,0.08333333333333333,has_near_zero,has_near_zero,has_near_zero,false,0,true,4,false,0,true,4,0.3355758400770045,0.25027246152942995,0.8344060069723785,stable,false,false,none,0.03390000000000004,0.0,0.16596999999999998,0.13206999999999994,0.26348774938530406,1.0,0.730035232376646,false,none,0.44689999999999996,-0.10550000000000004,42.45212633673214,63.96164305138113,-13.118627207162401,false,专用机械,false,1.1509947044511235,true,rising,false,false,0.0,0.3355758400770045,0.42192663265508673,专用机械,-5.0,-2.0,3.0,0.3,0.5,0.12236563653420966,0.5125013907641996,0.005370503832801687,false,false,0.10772647165831853,0.7840626909420708,,,,,,,0.07161803713527852,0,0.0,none,0.1620393871877482,false,increasing_vol,0.0,"","","",0,0
603707.SH,健友股份,生物制药,0.554251,0.06487436469388633,0.08314000000000003,0.22499332307370107,0.41953901715165415,,0.9292,93.0,0.2930309972238736,0.6,0.23333333333333334,has_loss,has_loss,has_near_zero,true,1,true,4,false,0,true,4,1.4382035640142927,0.6451781188168118,3.582924654480606,high_volatility,false,false,none,1.1554,0.0,0.17719000000000001,-0.97821,0.6526052867223425,1.0,0.5696328672234251,true,moderate,-0.07240000000000002,0.6334,152.36284627919605,-7.228434504792334,172.02607278652903,false,生物制药,false,2.1065996740901682,true,falling,false,false,0.0,1.4382035640142927,1.0,生物制药,-5.0,-2.0,3.0,0.3,0.5,0.2350318404881575,0.6677971181830604,-0.23199662694286433,false,true,0.3165528170561526,0.7243959480523622,,,,,,,0.4807121661721069,1,0.0,single_year_drop,0.7264301395504319,false,decreasing_vol,7.0,中度恶化-10分; 趋势不可靠-2分(Bootstrap CI过宽: 0.436),"","",0,0
603728.SH,鸣志电器,电气设备,0.46945400000000004,0.005705374775393135,0.006639999999999985,0.07716757555745635,0.6509092316457665,-0.07252620512187724,0.5876,100.0,-0.0317599023018334,-0.19999999999999998,0.8166666666666667,has_near_zero,has_near_zero,has_near_zero,false,0,true,5,false,0,true,5,0.5891027087248112,0.28468977501835224,1.6014153871621901,high_volatility,false,false,none,-0.38695,0.0,0.2837,0.67065,0.6190420607798288,0.9670829423676439,0.8820376654306443,false,none,0.10400000000000004,0.4634,2808.910891089109,21.50537634408603,2294.059405940594,false,电气设备,false,1.0,false,rising,false,false,0.0,0.5891027087248112,0.6046155003131823,电气设备,-5.0,-2.0,3.0,0.3,0.5,0.26898215921506924,0.8734763722456083,0.6229100947350648,true,false,-0.038187693812211244,0.052598911651589836,,,,,,,0.07161803713527852,0,0.0,none,0.569535737655181,false,stable,0.0,"","","",0,0
603778.SH,国晟科技,电气设备,-0.010020000000000001,0.02828366637043366,0.028510000000000004,0.2550309622175296,0.3854916724579691,,0.2234,100.0,0.11024118134893157,0.7999999999999999,0.08333333333333333,poor,poor,poor,true,3,true,5,true,4,true,5,4.5213151927390385,0.17117699319709995,12.057580559957742,high_volatility,false,false,none,-0.1173,0.0,0.14662999999999998,0.26393,0.5508599839150845,1.0,0.980739839150845,false,none,0.20689999999999997,0.0968,378.2067247820672,1253.9393939393938,120.54794520547945,false,电气设备,false,1.0,false,rising,false,false,0.0,4.5213151927390385,1.0,电气设备,-5.0,-2.0,3.0,0.3,0.5,0.15089813065926477,0.9587910109268308,0.13323373525411028,false,false,0.09217884218290434,0.7362279921858778,,,,,,,0.07161803713527852,0,0.0,none,2.3285456289922446,false,stable,0.0,"","","",0,0
603799.SH,华友钴业,小金属,2.9574350000000003,0.02933391280389619,0.060270000000000025,0.4474573943878434,0.21696405836829227,,7.3244,125.0,0.5098497117872294,0.7999999999999999,0.08333333333333333,has_loss,has_loss,good,true,1,true,1,false,0,false,0,1.0938101726240594,2.792584875523034,2.8886286367838063,high_volatility,false,false,none,-1.6801,0.0,2.2339599999999997,3.9140599999999997,0.682822629848099,1.0,0.8282262984809908,false,none,5.286,0.2149000000000003,301.6671236632849,259.32103610675034,11.785028790786967,false,小金属,true,1.0,false,rising,true,false,0.0,1.0938101726240594,1.0,小金属,-5.0,-2.0,1.6,0.3,0.24,0.6635947734852613,0.8055449093091556,0.6149802467921276,false,false,0.43599935213463203,0.5037252156649933,,,,,,,0.07161803713527852,0,0.0,none,0.7068542437735811,false,increasing_vol,0.0,周期顶部预警-5分(警惕景气回落),"high_growth,turnaround","高速成长(稳健CAGR=51.0%, MK趋势=0.80); 扭亏为盈(曾亏损1年 -> 最新7.3)",1,1
603800.SH,洪田股份,专用机械,-0.025545,0.049894528027862976,0.05007,0.22893400876717007,0.4149090439256498,,0.1188,83.0,0.08321128686700315,0.39999999999999997,0.48333333333333334,poor,poor,has_loss,true,2,true,5,true,1,true,5,5.630014357511937,0.33982766661942043,14.829357190192184,high_volatility,false,false,none,-0.43399999999999994,0.0,0.18422999999999998,0.61823,0.33234093695431,1.0,0.37672225750144395,false,none,0.09820000000000001,-0.2844,-61.04918032786885,476.6990291262136,-93.24590163934427,false,专用机械,true,inf,true,rising,false,false,0.0,5.630014357511937,1.0,专用机械,-5.0,-2.0,3.0,0.3,0.5,-0.0909682780482387,0.41030192757275835,-0.3189341623905975,false,false,0.11289061699372803,0.29803112263309955,,,,,,,0.6067415730337079,0,0.0,none,4.738753834154701,false,decreasing_vol,17.0,单年巨幅下滑-15.0分(年跌-93.2%); 趋势不可靠-2分(Bootstrap CI过宽: 0.345); 峰值大幅下跌-15分(从0.3跌至0.1，跌幅-61.0%),"","",0,0
603811.SH,诚意药业,化学制药,0.6956610000000001,-0.00035370273596139204,-0.00040000000000001146,0.00022792245250600974,0.9807785044741952,-0.12348508634991306,0.6285,92.0,-0.058560636045762476,-0.39999999999999997,0.48333333333333334,has_near_zero,has_near_zero,has_near_zero,false,0,true,4,false,0,true,5,0.27180205239234895,0.19634980264823287,0.6501937984496124,stable,false,false,none,-0.45099999999999996,0.0,-0.007060000000000022,0.44393999999999995,0.5420390455557034,1.0,0.032510455557034176,false,none,0.033399999999999985,-0.11470000000000002,-11.453930684699921,5.612502100487311,-16.15948154409693,false,化学制药,false,1.174290677475391,true,rising,false,false,0.0,0.27180205239234895,0.3740137322439313,化学制药,-5.0,-2.0,3.0,0.3,0.5,-0.033783605851690324,0.4689066119379837,0.09910812077628861,true,false,-0.06827049095823921,0.5136257927062369,,,,,,,0.2783505154639176,0,0.0,none,0.18926053139547222,false,decreasing_vol,8.0,峰值明显下跌-8分(从1.1跌至0.6，跌幅-41.0%),"","",0,0
603855.SH,华荣股份,专用机械,1.346564,0.08764137769983033,0.14908000000000002,0.16071735098151607,0.5035865838794191,0.11751125852465205,1.5889,98.0,0.08842317641159382,0.39999999999999997,0.48333333333333334,good,good,good,false,0,true,1,false,0,true,1,0.4023950640276417,0.523853990153745,1.014026301235175,volatile,false,false,none,-0.24074999999999996,0.0,0.5258,0.7665500000000001,0.2923332826423968,0.24665529838114525,0.5679597175231517,true,moderate,-0.26849999999999996,1.3201,195.71933742788016,-14.455690750511465,245.69142006327937,false,专用机械,false,3.130653266331658,true,falling,false,false,0.0,0.4023950640276417,0.7393364867330012,专用机械,-5.0,-2.0,3.0,0.3,0.5,0.36438144343565027,0.6150738684873533,0.5545225297539913,true,false,0.08764137769983033,0.16071735098151607,,,,,,,0.4807121661721069,1,0.0,single_year_drop,0.359357295456535,false,stable,2.0,中度恶化-10分; 趋势不可靠-2分(Bootstrap CI过宽: 0.684),"","",0,0
603859.SH,能科科技,软件服务,1.248478,0.30167452742837786,0.47046000000000004,0.7781619234988665,0.04770685221319281,0.3922811276427758,2.1204,108.42443780468628,0.3082425353950735,0.7999999999999999,0.08333333333333333,has_near_zero,has_near_zero,has_near_zero,false,0,true,3,false,0,true,3,0.7534758434476257,0.8343539404832939,1.6466487257752815,moderate,false,false,none,-0.26730000000000004,0.0,0.6694,0.9367000000000001,0.680076308479006,1.0,0.9273630847900606,false,none,0.2310000000000001,1.2238,218.56971153846155,12.226103524928554,183.8641826923077,false,软件服务,false,1.0,false,rising,false,false,0.0,0.7534758434476257,0.7361140080914339,软件服务,-5.0,-2.0,3.0,0.3,0.5,0.4359807695527004,0.8373511673851318,0.3928382846127861,false,false,0.30167452742837786,0.7781619234988665,,,,,,,0.07161803713527852,0,0.0,none,0.3412761013980434,false,increasing_vol,6.575562195313728,波动率飙升预警-4.6分(近期波动是早期的2.3倍); 趋势不可靠-2分(Bootstrap CI过宽: 0.576),high_growth,"高速成长(稳健CAGR=30.8%, MK趋势=0.80)",1,0
603880.SH,南卫股份,医疗保健,0.137375,0.016765059344325952,0.01705,0.19399232798088778,0.45790687175932,,0.2191,95.0,0.0008104918516457539,0.0,1.0,has_loss,has_loss,has_near_zero,true,1,true,5,false,0,true,5,2.265073418778458,0.35122228431578767,6.271765768089772,high_volatility,false,false,none,-0.9725,0.0,0.14677,1.11927,0.6752264107597622,1.0,0.7522641075976222,false,none,0.1661,-0.053899999999999997,104.95790458372312,313.3962264150943,-50.420954162768936,false,医疗保健,true,inf,true,rising,false,false,0.0,2.265073418778458,1.0,医疗保健,-5.0,-2.0,3.0,0.3,0.5,0.05534320324665599,0.43581218420346657,0.32191434620321396,true,false,-0.05076801041081515,0.05801134480513735,,,,,,,0.07161803713527852,0,0.0,none,2.1838553581202675,true,decreasing_vol,17.0,单年巨幅下滑-15.0分(年跌-50.4%); 波动聚集提示-2分(大波动后可能跟着大波动); 峰值大幅下跌-15分(从0.7跌至0.2，跌幅-68.0%),cyclical_bottom,周期底部(mid_up),0,0
603881.SH,数据港,软件服务,2.3318800000000004,0.010489560461373504,0.028319999999999946,0.04632953951606117,0.7280752308971663,0.3111934693699383,2.1039,62.54159559658632,0.14404927517947003,0.19999999999999998,0.8166666666666667,good,good,good,false,0,true,1,false,0,false,0,0.46530266079029314,1.0403050768885058,1.29132822843239,volatile,false,false,none,1.44355,0.0,-0.7475,-2.19105,0.8709432621636383,0.9999545854338354,0.9614074241594529,true,severe,-0.4881000000000002,-1.0069,-41.54047069938037,-18.831018518518526,-27.977993275723133,false,软件服务,false,1.0,true,falling,false,false,0.0,0.46530266079029314,0.5055754619655679,软件服务,-5.0,-2.0,3.0,0.3,0.5,-0.25169150268182494,0.9814200892605806,-0.9168088068273612,false,true,0.18164745051090142,0.3392697772590407,,,,,,,0.9747292418772563,2,-0.3269346256202569,sustained_decline,0.4064041636190563,true,decreasing_vol,37.45840440341368,严重恶化-15分; 加速下滑-0.5分(加速度-0.92); 贝叶斯高置信度恶化-12分(恶化概率97.5%，严重恶化确认); 波动聚集提示-2分(大波动后可能跟着大波动); 峰值明显下跌-8分(从3.6跌至2.1，跌幅-41.5%),"","",0,0
603887.SH,城地香江,软件服务,0.636336,-0.06044426992146305,-0.07268000000000001,0.567842695979462,0.14131021495485976,,0.4853,40.0,0.06085035804334285,0.0,1.0,has_loss,has_loss,has_near_zero,true,1,true,4,false,0,true,5,1.3015652394652448,0.774535442700978,3.5322981783961813,high_volatility,false,false,none,-1.4862,0.0,0.40185000000000004,1.88805,0.4928559500540136,1.0,0.3481421563263541,true,severe,-0.9791999999999998,0.6500999999999999,-40.41011787819254,-66.86241037896893,79.82563850687622,false,软件服务,true,inf,true,falling,false,false,0.0,1.3015652394652448,1.0,软件服务,-5.0,-2.0,3.0,0.3,0.5,-0.13792403542610573,0.14987272134120957,-0.12473739604855386,false,false,0.1171179821129964,0.07620482306768137,,,,,,,0.9866768176627332,1,0.0,cliff_drop,1.2492236987374647,false,decreasing_vol,60.0,严重恶化-15分; 单年巨幅下滑-15.0分(年跌-66.9%); 周期回落期-3分(景气下行趋势); 贝叶斯高置信度恶化-12分(恶化概率98.7%，严重恶化确认); 峰值大幅下跌-15分(从1.5跌至0.5，跌幅-66.9%),"","",0,0
603890.SH,春秋电子,元器件,0.842508,0.018681682473973428,0.02724,0.07978640985917967,0.6451959452423903,,0.9754,95.0,0.1535444384277811,0.6,0.23333333333333334,has_loss,has_loss,has_near_zero,true,1,true,4,false,0,true,4,0.6096890976948054,0.4724480818037046,1.5795586527293846,volatile,false,false,none,0.9776,0.0,0.049170000000000005,-0.92843,0.6496422438545734,1.0,0.1395624385457328,true,moderate,-0.22039999999999993,0.41369999999999996,24.71550952563611,-18.431175781903324,52.89604909858073,false,元器件,false,1.3714358777649918,true,falling,false,false,0.0,0.6096890976948054,0.6706093951911766,元器件,-5.0,-2.0,3.0,0.3,0.5,0.0726208708540011,0.24296024271397512,-0.3007920639385484,false,false,0.19522791706507764,0.5645192052794603,,,,,,,0.6492985971943889,1,0.0,single_year_drop,0.4003415956040454,false,decreasing_vol,5.0,中度恶化-10分,"","",0,0
603893.SH,瑞芯微,半导体,1.239757,0.0615158596260608,0.09335,0.17493130719873537,0.4834315126093624,,3.2929,113.0,0.2537909322164843,0.39999999999999997,0.48333333333333334,has_loss,has_loss,good,true,1,true,1,false,0,true,1,1.583392300356766,1.7338779045826727,4.368424897720632,high_volatility,false,false,none,-1.4192,0.0,2.3918,3.811,0.6881213402644354,0.9111933157462844,0.9700200868980695,false,none,1.6635,3.1201,320.8962232508218,102.09279489382594,209.30435365935466,false,半导体,false,1.0,false,rising,false,false,0.0,1.583392300356766,1.0,半导体,-5.0,-2.0,3.0,0.3,0.5,1.5484031698074525,0.8976386194752279,2.6968012070095755,true,false,0.2215179126681925,0.08916106864622335,,,,,,,0.07161803713527852,0,0.0,none,1.4219636100647175,false,increasing_vol,2.0,趋势不可靠-2分(Bootstrap CI过宽: 0.394),high_growth,"高速成长(稳健CAGR=25.4%, MK趋势=0.40)",1,0
603901.SH,永创智能,专用机械,0.398498,-0.05398281462436706,-0.06374,0.6396507222520083,0.1042548697126201,,0.5353,92.0,-0.05720857655366704,-0.39999999999999997,0.48333333333333334,has_loss,has_loss,has_near_zero,true,1,true,5,false,0,true,5,0.9463541295976121,0.3952164116025548,2.482160816052871,high_volatility,false,false,none,-0.5183,0.0,0.3941,0.9124,0.6553182067539212,0.889816619562638,0.8385654479765738,false,none,0.09460000000000002,0.6936,311.66468960063264,21.46584978443386,274.2586002372479,false,专用机械,false,1.0,false,rising,false,false,0.0,0.9463541295976121,0.890416637011423,专用机械,-5.0,-2.0,3.0,0.3,0.5,0.38141956046992126,0.8324235538782866,0.8665037342828434,true,false,-0.05398281462436706,0.05188416906226043,,,,,,,0.07161803713527852,0,0.0,none,0.9150676456497203,false,stable,8.0,峰值明显下跌-8分(从0.8跌至0.5，跌幅-31.7%),"","",0,0
603906.SH,龙蟠科技,电气设备,-0.48905,0.24752336666259317,0.3105,0.2357832771992968,0.4069833391789656,,1.2321,98.0,0.10170716930466643,0.19999999999999998,0.8166666666666667,poor,poor,has_loss,true,2,true,2,true,1,true,2,5.2130694648529206,3.035049042437371,12.568189625558226,high_volatility,false,false,none,-3.31845,0.0,3.491,6.80945,0.6643488895848122,0.9294167547517891,0.7140721410963329,true,moderate,-0.33519999999999994,7.3172,121.42819875128264,-21.387098832386904,127.25786535418007,false,电气设备,true,inf,true,falling,false,false,0.0,5.2130694648529206,1.0,电气设备,-5.0,-2.0,3.0,0.3,0.5,1.7430844733616209,0.708137883189917,3.3675743823730864,true,false,0.24752336666259322,0.06240245506340617,,,,,,,0.6492985971943889,1,0.0,single_year_drop,5.144415678136791,false,stable,2.0,中度恶化-10分; 周期回落期-3分(景气下行趋势); 趋势不可靠-2分(Bootstrap CI过宽: 1.270),"","",0,0
603918.SH,金桥信息,软件服务,0.28217200000000003,-0.020291945432339028,-0.020920000000000005,0.32002758490695377,0.32022977113938944,-0.1716947588772737,0.2331,70.0,-0.0684056464290112,-0.7999999999999999,0.08333333333333333,has_near_zero,has_near_zero,has_near_zero,false,0,true,5,false,0,true,5,0.40491193376901385,0.12251015468115285,1.071192490745637,stable,false,false,none,-0.16869999999999996,0.0,-0.0396,0.12909999999999996,0.5236445525498106,1.0,0.5745337518795008,false,none,0.062,-0.11579999999999999,-18.752178459393512,36.23611922852133,-40.36249564308121,false,软件服务,false,1.0,false,rising,false,false,0.0,0.40491193376901385,0.45726288034854445,软件服务,-5.0,-2.0,3.0,0.3,0.5,-0.02603204348493619,0.21251490417672753,0.07087360911449685,false,false,-0.06424356739691527,0.770800297220159,,,,,,,0.435483870967742,0,0.0,none,0.1944791146547934,false,stable,30.0,单年巨幅下滑-15.0分(年跌-40.4%); 峰值大幅下跌-15分(从0.5跌至0.2，跌幅-52.9%),"","",0,0
603920.SH,世运电路,元器件,1.6087790000000002,0.13664897198988202,0.24252999999999997,0.2446175074719905,0.39698027321545215,0.03014863981842919,1.3729,45.0,0.18568512314113578,0.39999999999999997,0.48333333333333334,good,good,good,false,0,true,1,false,0,true,1,0.5130961320663944,0.7881259207766231,1.3786929857684147,volatile,false,false,none,0.31845,0.0,-0.24155000000000004,-0.56,0.28290884487782564,0.24043866331934302,0.13468766935344806,true,severe,-1.302,0.8189,-26.029094827586206,-48.67471681184343,44.1217672413793,false,元器件,true,4.800610193826274,true,falling,false,false,0.0,0.5130961320663944,1.0,元器件,-5.0,-2.0,3.0,0.3,0.5,-0.12759442836864354,0.18715150889719945,-0.3021815750707224,false,false,0.13664897198988202,0.2446175074719905,,,,,,,0.9737039819684448,1,0.0,cliff_drop,0.4482638736533443,false,stable,55.0,严重恶化-15分; 单年巨幅下滑-15.0分(年跌-48.7%); 周期回落期-3分(景气下行趋势); 贝叶斯高置信度恶化-12分(恶化概率97.4%，严重恶化确认); 趋势不可靠-2分(Bootstrap CI过宽: 0.819); 峰值明显下跌-8分(从2.7跌至1.4，跌幅-48.7%),"","",0,0
603927.SH,中科软,软件服务,0.9049880000000001,-0.04898819158700823,-0.07544000000000001,0.02851200012685032,0.7860332381527779,-0.03832281434711493,1.5031,83.40313519894127,-0.10131843785943435,-0.39999999999999997,0.48333333333333334,has_near_zero,has_near_zero,has_near_zero,false,0,true,3,false,0,true,3,0.7045325556829928,0.6535384893026577,1.5393156680537292,high_volatility,false,false,none,-0.6423000000000001,0.0,0.51515,1.15745,0.645686002037366,0.8094323355226771,0.6474276848509837,false,none,1.1736,-0.14329999999999998,217.914551607445,356.17602427921094,-30.308798646362096,false,软件服务,false,1.0,false,rising,false,false,0.0,0.7045325556829928,0.6969593778797275,软件服务,-5.0,-2.0,3.0,0.3,0.5,0.369864750168718,0.6188053907978274,0.8062703978825485,true,false,-0.04898819158700823,0.02851200012685032,,,,,,,0.07161803713527852,0,0.0,none,0.6926984636598029,false,stable,16.596864801058725,单年巨幅下滑-15.0分(年跌-30.3%); 趋势不可靠-2分(Bootstrap CI过宽: 0.856),"","",0,0
603933.SH,睿能科技,元器件,0.21128300000000003,0.15157781309882132,0.16381000000000004,0.1936277514946955,0.4583802402978461,,0.6669,98.0,0.10104886920980201,0.19999999999999998,0.8166666666666667,poor,poor,poor,true,2,true,5,true,2,true,5,3.563767801296545,0.5778293113022218,8.241643024546688,high_volatility,false,false,none,-0.46924999999999994,0.0,0.65495,1.1242,0.6733683704565332,0.9987933460818382,0.7348903584834939,false,none,-0.02639999999999998,1.3363,203.71695178849146,-3.807875378623969,207.82270606531884,false,元器件,true,inf,true,falling,false,false,0.0,3.563767801296545,1.0,元器件,-5.0,-2.0,3.0,0.3,0.5,0.6153425388327762,0.7367006539191367,1.0636955368230856,true,false,0.15157781309882132,0.1936277514946955,,,,,,,0.16167664670658682,0,0.0,none,3.1856988283695578,false,stable,2.0,周期回落期-3分(景气下行趋势); 趋势不可靠-2分(Bootstrap CI过宽: 1.156),"","",0,0
603936.SH,博敏电子,元器件,0.268983,-0.022415217909534255,-0.024190000000000003,0.03630769929271224,0.7588657666084613,0.16982298274734187,0.2605,82.0,-0.04753682854203114,-0.19999999999999998,0.8166666666666667,has_near_zero,has_near_zero,has_near_zero,false,0,true,5,false,0,true,5,0.7053348532032919,0.1948416998488773,1.7546336518969017,high_volatility,false,false,none,0.395,0.0,-0.11695,-0.51195,0.550342417413282,1.0,0.5328379287753993,false,none,0.2111,-0.3487,-34.564179854307966,427.3279352226721,-87.59105752323538,false,元器件,true,10.81174089068826,true,rising,false,false,0.0,0.7053348532032919,1.0,元器件,-5.0,-2.0,3.0,0.3,0.5,-0.06531520320510087,0.1460288322356919,-0.19012287586840282,false,false,-0.022415217909534255,0.03630769929271224,,,,,,,0.6067415730337079,0,0.0,none,0.6916115432302281,false,stable,18.0,单年巨幅下滑-15.0分(年跌-87.6%); 趋势不可靠-2分(Bootstrap CI过宽: 0.405); 峰值大幅下跌-15分(从0.5跌至0.3，跌幅-51.2%),"","",0,0
603978.SH,深圳新星,小金属,-1.236466,0.009962594975086848,0.015639999999999987,0.5323449745657198,0.1617510027418617,,-1.1708,92.80694809416323,0.06842816629784144,0.6,0.23333333333333334,poor,poor,poor,true,5,true,1,true,5,false,0,0.2706047526780022,0.34547026355389837,0.7443642003352497,moderate,false,false,none,0.47514999999999996,0.0,-0.14435000000000003,-0.6194999999999999,0.6301058734987421,0.9854647017353905,0.5765940332520311,false,none,0.06989999999999985,-0.3585999999999999,-32.72871556512868,5.633916337551371,-40.652987189661026,false,小金属,true,inf,true,rising,true,false,0.0,0.2706047526780022,1.0,小金属,-5.0,-2.0,1.6,0.3,0.24,-0.10082102986269997,0.5904170630443302,-0.3861038116735331,false,true,0.07482220443001684,0.3341654538541919,,,,,,,0.6067415730337079,0,0.0,none,0.21375903020949158,true,decreasing_vol,7.193051905836766,"单年巨幅下滑-15.0分(年跌-40.7%); 加速下滑-0.2分(加速度-0.39); 波动聚集提示-2分(大波动后可能跟着大波动); 趋势不确定预警-4分(Bootstrap CI跨零: [-0.001, 0.022])","","",0,0
603986.SH,兆易创新,半导体,2.3804030000000003,-0.0017842385669394113,0.0016099999999999782,0.0000736353705952607,0.9890743313036243,0.08025119817316284,3.06,98.0,0.019771278591671115,0.0,1.0,good,good,good,false,0,false,0,false,0,false,0,0.34987994203728534,0.8326862716533762,0.8258260781875021,moderate,false,false,none,-0.41165000000000007,0.0,0.8181,1.2297500000000001,0.4919233317564356,0.17394904492641577,0.903760177803377,false,none,1.2805,0.3557000000000001,114.91782553729458,71.95841528519247,24.98244135412278,false,半导体,false,2.3803905042843096,true,rising,false,false,0.0,0.34987994203728534,0.5972893542010695,半导体,-5.0,-2.0,3.0,0.3,0.5,0.3427565926755646,0.9369119514947273,0.5413773085287078,false,false,-0.0017842385669394113,0.0000736353705952607,,,,,,,0.07161803713527852,0,0.0,none,0.3498783070325434,false,decreasing_vol,2.0,趋势不可靠-2分(Bootstrap CI过宽: 0.731),"","",0,0
603987.SH,康德莱,医疗保健,0.8875500000000001,0.012137425123758616,0.016720000000000002,0.24730525232638073,0.39398433114090897,-0.07685556987173048,0.6632,24.129980241055335,-0.012322223415955846,0.0,1.0,has_near_zero,has_near_zero,has_near_zero,false,0,true,4,false,0,true,4,0.1623575791795829,0.14758628662582443,0.4207828210600428,stable,false,false,none,0.06625000000000003,0.0,-0.19125,-0.25750000000000006,0.5181926406854603,0.8228077986596055,0.8441186081949973,true,severe,-0.3336,-0.048900000000000055,-36.5783685569475,-33.46709470304976,-4.676293391986234,false,医疗保健,false,1.0,true,falling,false,false,0.0,0.1623575791795829,0.2632193966769997,医疗保健,-5.0,-2.0,3.0,0.3,0.5,-0.14553182950597993,0.8367994984965285,-0.19286970656857894,false,true,-0.03418815964999722,0.22883119336494012,,,,,,,0.9983149583553994,1,6.156756836601042,cliff_drop,0.1441578524238144,false,increasing_vol,75.87001975894466,复合恶化-14.0分(触发2项恶化信号); 严重恶化-15分; 单年巨幅下滑-15.0分(年跌-33.5%); 加速下滑-0.1分(加速度-0.19); 贝叶斯高置信度恶化-12分(恶化概率99.8%，严重恶化确认); 波动率飙升预警-5.8分(近期波动是早期的2.9倍); 峰值明显下跌-8分(从1.0跌至0.7，跌幅-36.6%); 连续下跌警示-6分(2年下跌，累计-27.4%),"","",0,0
603988.SH,中电电机,电气设备,0.069246,-0.018284625062879704,-0.01918,0.023827680857072254,0.8042433046563492,,0.1203,75.19408035780597,-0.04178013184983129,-0.19999999999999998,0.8166666666666667,poor,poor,poor,true,2,true,5,true,2,true,5,2.523721238348025,0.18927909287610187,6.534666666666666,high_volatility,false,false,none,-0.24505,0.0,0.14665,0.3917,0.5371457285256228,0.9286482789862963,0.6594090062699319,true,moderate,-0.0359,0.3292,169.5375722543353,-22.98335467349552,190.28901734104048,false,电气设备,true,inf,true,falling,false,false,0.0,2.523721238348025,1.0,电气设备,-5.0,-2.0,3.0,0.3,0.5,0.14608008734796715,0.6599043544299373,0.3881607156119452,true,false,-0.018284625062879704,0.023827680857072254,,,,,,,0.6492985971943889,1,0.0,single_year_drop,2.491118231727359,false,stable,24.805919642194027,中度恶化-10分; 周期回落期-3分(景气下行趋势); 趋势不可靠-2分(Bootstrap CI过宽: 0.429); 峰值大幅下跌-15分(从0.3跌至0.1，跌幅-62.1%),"","",0,0
603993.SH,洛阳钼业,小金属,0.802222,0.06769831731645506,0.07553000000000001,0.3912297622702949,0.25911663398242624,0.3974169261977305,1.4994,100.0,0.19779820809369558,0.7999999999999999,0.08333333333333333,has_near_zero,has_near_zero,has_near_zero,false,0,true,4,false,0,true,5,0.6569582603099144,0.47488884804762477,1.677779929723598,moderate,false,false,none,-0.10659999999999997,0.0,0.36425,0.47085,0.5265186669628926,1.0,0.8657814120391724,false,none,0.7798,0.0040999999999999925,109.55974842767296,108.36575875486383,0.5730258560447229,false,小金属,true,1.0,false,rising,true,false,0.0,0.6569582603099144,1.0,小金属,-5.0,-2.0,1.6,0.3,0.24,0.26455596265242404,0.754721624241495,0.12375390018075191,true,false,0.2007266907747071,0.8024324724056698,,,,,,,0.07161803713527852,0,0.0,none,0.31108181923978895,false,stable,0.0,周期顶部预警-5分(警惕景气回落),"","",0,0
605058.SH,澳弘电子,元器件,1.47755,-0.0059445182164881375,-0.010020000000000008,0.10673852879065729,0.5915450543090187,0.1505019023320615,1.9122,100.0,0.07466325462810824,0.6,0.23333333333333334,good,good,good,false,0,false,0,false,0,false,0,0.2199746405223156,0.30807008455869256,0.5860847709356792,stable,false,false,none,0.09650000000000003,0.0,0.31389999999999996,0.21739999999999993,0.3459425313851603,0.3672355448594124,0.7770817740525707,false,none,0.6051,0.022699999999999942,48.878853939582676,46.293321092494836,1.7673621924634026,false,元器件,false,1.0956867019620056,true,rising,false,false,0.0,0.2199746405223156,0.32207127267945324,元器件,-5.0,-2.0,3.0,0.3,0.5,0.16738131849148385,0.7810164789846396,0.1052042941276185,true,false,0.08587881892565155,0.6391788564053899,,,,,,,0.07161803713527852,0,0.0,none,0.13455328825122426,false,stable,0.0,"","","",0,0
605116.SH,奥锐特,化学制药,0.673382,0.0830813501214832,0.10133999999999999,0.4818806876550649,0.19343682950522592,0.11214134993271752,0.8183,92.0,0.07321403102938463,0.19999999999999998,0.8166666666666667,has_near_zero,has_near_zero,has_near_zero,false,0,true,5,false,0,true,5,0.3566499056264108,0.2293187563196696,0.8392173940091451,moderate,false,false,none,-0.06260000000000002,0.0,0.20429999999999998,0.2669,0.34780026683782317,0.9271192482279796,0.5269089716462053,true,moderate,-0.131,0.5396000000000001,99.73151086160605,-13.799641841356788,131.7061264339761,false,化学制药,false,2.317061264339761,true,falling,false,false,0.0,0.3566499056264108,0.5942614264130968,化学制药,-5.0,-2.0,3.0,0.3,0.5,0.17393402451932796,0.5507226106950233,0.2305245825514347,true,false,0.0830813501214832,0.4818806876550649,,,,,,,0.4807121661721069,1,0.0,single_year_drop,0.25514107918293016,false,increasing_vol,8.0,中度恶化-10分; 波动率飙升预警-8.0分(近期波动是早期的5.4倍),"","",0,0
605117.SH,德业股份,电气设备,5.603028,0.018301674507465383,0.09283999999999999,0.5231977848169849,0.1672594153403896,0.10181996351000167,5.2173,72.62383375712963,0.0841438744281563,0.6,0.23333333333333334,good,good,good,false,0,false,0,false,0,false,0,0.3955320477398963,2.1743425047586222,1.0337513597683208,volatile,false,false,none,2.8413999999999997,0.0,-2.00275,-4.844149999999999,0.6571515742104808,0.8918500970774763,0.6796656450273307,false,none,0.37870000000000026,-4.3842,-43.430411588671554,7.82664407059894,-47.53653987942924,false,电气设备,false,1.9060885380068615,true,rising,false,false,0.0,0.3955320477398963,0.570570776592832,电气设备,-5.0,-2.0,3.0,0.3,0.5,-0.28178226839152076,0.653120629517215,-0.7523324857407334,false,true,0.07902809921504882,0.13079348680019923,,,,,,,0.6067415730337079,0,0.0,none,0.38231237247487976,false,stable,27.37616624287037,"单年巨幅下滑-15.0分(年跌-47.5%); 加速下滑-0.4分(加速度-0.75); 趋势不确定预警-4分(Bootstrap CI跨零: [-0.005, 0.037]); 峰值明显下跌-8分(从9.2跌至5.2，跌幅-43.4%)","","",0,0
605118.SH,力鼎光电,元器件,0.461199,0.0962541674439531,0.10533000000000002,0.7159047157200105,0.07077096628495619,0.19734257944280165,0.565,98.71706696444365,0.092199111680972,0.6,0.23333333333333334,has_near_zero,has_near_zero,has_near_zero,false,0,true,5,false,0,true,5,0.4615498301497079,0.1982818070323145,1.1012569832402235,moderate,false,false,none,-0.05319999999999997,0.0,0.13330999999999998,0.18650999999999995,0.29158813570482256,1.0,0.6977578629041559,true,moderate,-0.12980000000000003,0.30319999999999997,44.279877425944825,-18.68163500287853,77.42594484167516,false,元器件,false,3.1339648173207033,true,falling,false,false,0.0,0.4615498301497079,0.7871018397625268,元器件,-5.0,-2.0,3.0,0.3,0.5,0.0781785418810366,0.3415803879617632,0.022841277794384968,false,false,0.0962541674439531,0.7159047157200105,,,,,,,0.6492985971943889,1,0.0,single_year_drop,0.25048602175803836,false,increasing_vol,1.282933035556356,中度恶化-10分,"","",0,0
605218.SH,伟时电子,元器件,0.412853,0.1716462074727335,0.18891000000000002,0.557047035220391,0.14737216421494942,,0.8799,76.0,0.16238299882327803,0.7999999999999999,0.08333333333333333,has_loss,has_loss,has_loss,true,1,true,5,true,1,true,5,1.1248075590267408,0.40063395637414456,2.5548879779886575,high_volatility,false,false,none,0.1189,0.0,0.18468,0.06578,0.1509072548477889,1.0,0.3743752087884181,false,none,0.722,-0.5265,28.565166569257745,457.25142495250157,-76.92869666861483,false,元器件,true,4.334388853704876,true,rising,false,false,0.0,1.1248075590267408,1.0,元器件,-5.0,-2.0,3.0,0.3,0.5,0.07700607622159145,0.053756032524203495,-0.2579615140970983,false,false,0.1716462074727335,0.557047035220391,,,,,,,0.07161803713527852,0,0.0,none,0.7496267444299287,false,increasing_vol,24.0,"单年巨幅下滑-15.0分(年跌-76.9%); 周期顶部预警-5分(警惕景气回落); 趋势不确定预警-4分(Bootstrap CI跨零: [-0.030, 0.468])","","",0,0
605222.SH,起帆电缆,电气设备,-0.815698,0.6834720976444824,1.0819400000000001,0.46463864926217746,0.20501770064870348,,1.1909,98.0,0.5650131935959586,0.6,0.23333333333333334,poor,poor,poor,true,2,true,1,true,2,true,1,2.39741855958448,2.7337284351229916,4.913617707931384,high_volatility,false,false,none,-0.3165499999999999,0.0,2.80145,3.118,0.3047220387643379,0.01596252106833323,0.7636089192495703,false,none,0.10170000000000012,5.5012,126.99229374433362,9.33712816746237,124.68721668177697,false,电气设备,true,inf,true,rising,false,false,0.0,2.39741855958448,1.0,电气设备,-5.0,-2.0,3.0,0.3,0.5,1.600106082965456,0.7657118845995718,1.6753227652439162,false,false,0.6834720976444824,0.46463864926217746,,,,,,,0.07161803713527852,0,0.0,none,1.8699962600165732,false,decreasing_vol,2.0,周期顶部预警-5分(警惕景气回落); 趋势不可靠-2分(Bootstrap CI过宽: 2.185),"","",0,0
605258.SH,协和电子,元器件,0.775849,0.08898144425467273,0.11223000000000001,0.5660391386784549,0.14231370928122133,0.23652071035638556,1.0665,96.0,0.10531346782172132,0.6,0.23333333333333334,has_near_zero,has_near_zero,has_near_zero,false,0,true,4,false,0,true,4,0.31681102734496136,0.23513080827488345,0.8223072569996497,moderate,false,false,none,0.25300000000000006,0.0,0.08146999999999999,-0.17153000000000007,0.21191322480778252,1.0,0.27907937825067275,false,none,0.4556,-0.2572,22.85450984909573,74.57849075135047,-29.62792305033982,false,元器件,false,1.4210181699132427,true,rising,false,false,0.0,0.31681102734496136,0.4429179111977348,元器件,-5.0,-2.0,3.0,0.3,0.5,0.07132811935672051,0.1647778483168958,-0.10030690693884989,false,false,0.08898144425467273,0.5660391386784549,,,,,,,0.07161803713527852,0,0.0,none,0.20785334192907118,false,increasing_vol,4.0,"趋势不确定预警-4分(Bootstrap CI跨零: [-0.062, 0.178])","","",0,0
605288.SH,凯迪股份,电气设备,1.743614,0.3740961001532897,0.6421800000000002,0.37357230463098745,0.27340357456281555,,2.3753,98.0,0.2592571131302347,0.6,0.23333333333333334,has_loss,has_loss,has_loss,true,1,true,1,true,1,true,1,0.9550072464326117,1.4811780389271236,2.5569969567235775,high_volatility,false,false,none,-1.7609,0.0,1.0825299999999998,2.8434299999999997,0.5767871280822563,1.0,0.6835557894444361,true,moderate,-0.9768999999999997,1.8585999999999998,59.03186930905196,-29.14205596324801,124.4376004284949,false,电气设备,true,inf,true,falling,false,false,0.0,0.9550072464326117,1.0,电气设备,-5.0,-2.0,3.0,0.3,0.5,0.20434407511272223,0.3094235842884884,0.0996367758759455,false,false,0.3740961001532897,0.37357230463098745,,,,,,,0.6492985971943889,1,0.0,single_year_drop,0.6952975221821918,false,stable,2.0,中度恶化-10分; 周期回落期-3分(景气下行趋势); 趋势不可靠-2分(Bootstrap CI过宽: 1.460),"","",0,0
605358.SH,立昂微,半导体,1.286915,0.0971618710934809,0.14285,0.3694376549007046,0.2768272264153963,0.11776514752006495,1.2079,62.766641528823364,0.10778955588823698,0.39999999999999997,0.48333333333333334,has_near_zero,has_near_zero,has_near_zero,false,0,true,2,false,0,true,2,0.32422902729353753,0.4033603636947983,0.7966657556709483,moderate,false,false,none,0.4955499999999999,0.0,-0.27849999999999997,-0.7740499999999999,0.6426950274595103,0.8828582684960491,0.9959920060990543,true,severe,-0.30909999999999993,-0.2479,-31.55986174854099,-20.37574159525379,-14.046121593291405,false,半导体,false,1.0,true,falling,false,false,0.0,0.32422902729353753,0.3927165551681634,半导体,-5.0,-2.0,3.0,0.3,0.5,-0.15612290740590762,0.9901198038645489,-0.46671694235327005,false,true,0.0971618710934809,0.3694376549007046,,,,,,,0.9935602575896965,2,0.45063115536359066,sustained_decline,0.2686301110003566,false,decreasing_vol,37.233358471176636,严重恶化-15分; 加速下滑-0.2分(加速度-0.47); 贝叶斯高置信度恶化-12分(恶化概率99.4%，严重恶化确认); 趋势不可靠-2分(Bootstrap CI过宽: 0.488); 峰值明显下跌-8分(从1.8跌至1.2，跌幅-31.6%),"","",0,0
605376.SH,博迁新材,小金属,0.565242,0.09948153474839057,0.12733999999999998,0.5468469113452527,0.1532228624095508,,1.128,96.0,0.11262965653311927,0.39999999999999997,0.48333333333333334,has_loss,has_loss,has_near_zero,true,1,true,4,false,0,true,4,0.9285781379360062,0.48939782181779273,2.5299787492410437,high_volatility,false,false,none,-0.42469999999999997,0.0,0.6667,1.0914,0.6916783780245639,0.953579667663615,0.9632041125820241,false,none,0.44099999999999984,0.8924000000000001,649.172346640701,64.19213973799124,434.46932814021426,false,小金属,true,1.0,false,rising,true,false,0.0,0.9285781379360062,1.0,小金属,-5.0,-2.0,1.6,0.3,0.24,0.5865168569739533,0.9387675020406578,0.9916014734974303,true,false,0.09948153474839057,0.13011579956644623,,,,,,,0.07161803713527852,0,0.0,none,0.8463537095996566,false,increasing_vol,4.0,"周期顶部预警-5分(警惕景气回落); 趋势不确定预警-4分(Bootstrap CI跨零: [-0.026, 0.229])","","",0,0
605507.SH,国邦医药,化学制药,1.0785460000000002,-0.07413982936138384,-0.12291500000000002,0.3274166322569338,0.3134306344108989,,1.2641,87.0,-0.00025144336448554294,0.0,1.0,has_loss,has_loss,good,true,1,true,2,false,0,true,1,0.7932597294318104,0.842997114467185,2.0093158934788744,high_volatility,false,false,none,-1.9353000000000002,0.0,0.3842900000000001,2.3195900000000003,0.525262710933954,1.0,0.3008514655368612,false,none,0.33940000000000003,-0.8953000000000001,-30.543956043956044,36.7037958256732,-49.19230769230769,false,化学制药,true,5.9730882835575985,true,rising,false,false,0.0,0.7932597294318104,1.0,化学制药,-5.0,-2.0,3.0,0.3,0.5,-0.15187077301238272,0.3226548873315005,-0.20215910619719624,false,false,0.07310807031684796,0.029420617194300204,,,,,,,0.6067415730337079,0,0.0,none,0.7893572590291632,true,decreasing_vol,13.0,单年巨幅下滑-15.0分(年跌-49.2%); 波动聚集提示-2分(大波动后可能跟着大波动); 趋势不可靠-2分(Bootstrap CI过宽: 0.354); 峰值明显下跌-8分(从1.8跌至1.3，跌幅-30.5%),"","",0,0
605588.SH,冠石科技,元器件,1.074753,-0.00851267343615707,0.018510000000000006,0.00041749074961764976,0.9739862282515965,,2.0914,78.0,-0.0640602344618086,0.0,1.0,has_loss,has_loss,has_loss,true,1,true,2,true,1,true,2,0.8632138985087521,0.9229483002855576,1.9705387205387206,high_volatility,false,false,none,-1.5378,0.0,0.4224200000000001,1.96022,0.573123486942997,1.0,0.334823373111115,false,none,2.1069,-1.1434,85.42423973756541,13592.903225806453,-101.37423530454828,false,元器件,true,7.868154865713288,true,rising,false,false,0.0,0.8632138985087521,1.0,元器件,-5.0,-2.0,3.0,0.3,0.5,0.2573971620628458,0.11416228568941471,0.457756256297137,false,false,-0.00851267343615707,0.00041749074961764976,,,,,,,0.07161803713527852,0,0.0,none,0.8627797925551361,false,stable,22.0,单年巨幅下滑-15.0分(年跌-101.4%); 周期顶部预警-5分(警惕景气回落); 趋势不可靠-2分(Bootstrap CI过宽: 1.027),"","",0,0
688008.SH,澜起科技,半导体,0.8794760000000001,-0.038105531536652894,-0.048,0.3926219648226945,0.2580126594020548,0.13661706543667673,1.4774,93.99585921325051,0.023418358836342995,0.39999999999999997,0.48333333333333334,has_near_zero,has_near_zero,has_near_zero,false,0,true,4,false,0,true,5,0.44337977975550263,0.3736450079955572,1.0394911714448452,volatile,false,false,none,-0.13889999999999997,0.0,0.435,0.5739,0.5661558772417356,0.7338086892226802,0.7799500831946754,false,none,0.8352,0.03479999999999994,143.233454066513,130.0529430084086,5.72933816266051,false,半导体,false,1.0,false,rising,false,false,0.0,0.44337977975550263,0.48803715713773543,半导体,-5.0,-2.0,3.0,0.3,0.5,0.30350063852287956,0.786375137601654,0.4148334632946322,true,false,0.08033190412862684,0.23633871535421797,,,,,,,0.07161803713527852,0,0.0,none,0.3791340648514606,false,increasing_vol,6.004140786749484,波动率飙升预警-6.0分(近期波动是早期的3.0倍),"","",0,0
688010.SH,福光股份,元器件,0.38770400000000005,-0.02846631435643894,-0.03129499999999999,0.5449953693490277,0.154297877551421,-0.09181466901415691,0.3677,73.0,-0.018232141249604122,-0.19999999999999998,0.8166666666666667,has_near_zero,has_near_zero,has_near_zero,false,0,true,5,false,0,true,5,0.3354776122836468,0.13082284968613092,0.9021438096214995,moderate,false,false,none,-0.3518,0.0,0.060230000000000006,0.41203,0.5276040810407617,1.0,0.4519808104076173,true,moderate,-0.09139999999999998,0.06530000000000002,-6.627729812087344,-19.908516663036373,16.582021330624688,false,元器件,false,2.4329623741388446,true,falling,false,false,0.0,0.3354776122836468,0.5927770730454301,元器件,-5.0,-2.0,3.0,0.3,0.5,-0.012195698363258012,0.07873348454730664,0.05423785214448748,false,false,-0.005778072826063005,0.005529458947154236,,,,,,,0.9025069637883009,1,0.0,single_year_drop,0.33408912567562726,true,decreasing_vol,27.0,"中度恶化-10分; 贝叶斯恶化预警-8分(恶化概率90.3%); 波动聚集提示-2分(大波动后可能跟着大波动); 趋势不确定预警-4分(Bootstrap CI跨零: [-0.072, 0.021]); 峰值明显下跌-8分(从0.5跌至0.4，跌幅-32.0%)","","",0,0
688012.SH,中微公司,半导体,0.9487220000000001,0.06782388020782078,0.14886000000000002,0.18444783850880245,0.47048569424187864,,2.3433,78.0,-0.07159796423772463,0.0,1.0,has_loss,has_loss,good,true,1,false,0,false,0,false,0,1.517477218694549,1.5172647718839318,3.92134898885844,high_volatility,false,false,none,-0.2901,0.0,0.6706000000000001,0.9607000000000001,0.3703120340808112,0.6646648412522321,0.11324795760787024,false,none,3.9208,-2.5796,133.83893822971763,248.54516640253567,-257.41941921963877,false,半导体,true,inf,true,rising,false,false,0.0,1.517477218694549,1.0,半导体,-5.0,-2.0,3.0,0.3,0.5,0.3522751343041599,0.05741968177886609,0.5306287052435462,false,false,-0.18160339913986207,0.06364212974684363,,,,,,,0.07161803713527852,0,0.0,none,1.4933436430897964,true,increasing_vol,22.0,单年巨幅下滑-15.0分(年跌-257.4%); 周期顶部预警-5分(警惕景气回落); 波动率飙升预警-8.0分(近期波动是早期的9.1倍); 趋势不可靠-2分(Bootstrap CI过宽: 0.560),"","",0,0
688013.SH,天臣医疗,医疗保健,0.733603,0.012687892320301642,0.014155000000000008,0.07970244257092232,0.6453775362448546,0.05761240631916298,0.6581,45.94541600423953,0.03480810302130323,0.39999999999999997,0.48333333333333334,has_near_zero,has_near_zero,has_near_zero,false,0,true,4,false,0,true,5,0.2645686344449309,0.189928531295327,0.6910625731319997,moderate,false,false,none,0.23619999999999997,0.0,0.00888000000000001,-0.22731999999999997,0.22696465482183303,1.0,0.0040121718992272015,true,severe,-0.364,0.4011,5.974235104669891,-35.61295372272772,64.58937198067633,false,医疗保健,false,1.436634460547504,true,falling,false,false,0.0,0.2645686344449309,0.4032061689622786,医疗保健,-5.0,-2.0,3.0,0.3,0.5,0.01562724435459345,0.008374309052654072,-0.025574478222279706,false,false,0.042135187919622556,0.19878955115862637,,,,,,,0.8810333106730117,1,0.0,cliff_drop,0.23805806443071031,false,increasing_vol,54.05458399576047,严重恶化-15分; 单年巨幅下滑-15.0分(年跌-35.6%); 贝叶斯高置信度恶化-12分(恶化概率88.1%，严重恶化确认); 波动率飙升预警-4.1分(近期波动是早期的2.0倍); 峰值明显下跌-8分(从1.0跌至0.7，跌幅-35.6%),"","",0,0
688019.SH,安集科技,半导体,2.906751,0.20510009544763,0.5617700000000001,0.5532261328484687,0.14954967507673314,0.1568703156097766,3.817,98.0,0.14114771550229882,0.7999999999999999,0.08333333333333333,good,good,good,false,0,false,0,false,0,false,0,0.3960672273044123,1.084519203149488,0.9746477638758025,moderate,false,false,none,-0.9827999999999997,0.0,0.8199299999999999,1.8027299999999995,0.5943528393228074,1.0,0.792073218272362,false,none,0.42310000000000025,0.19289999999999985,19.243986254295535,12.466483985974845,6.026241799437671,false,半导体,false,1.0,false,rising,false,false,0.0,0.3960672273044123,0.45018711517686316,半导体,-5.0,-2.0,3.0,0.3,0.5,0.08459187382579436,0.9633033025241993,-0.10512345723773808,false,false,0.20510009544763,0.5532261328484687,,,,,,,0.07161803713527852,0,0.0,none,0.2272529186364906,false,decreasing_vol,2.0,趋势不可靠-2分(Bootstrap CI过宽: 0.457),"","",0,0
688022.SH,瀚川智能,专用机械,-1.5248950000000001,-0.006133973735200482,-0.009850000000000005,0.0015839740927175653,0.9493395012142851,,-1.0743,98.0,-0.006547718956556647,-0.19999999999999998,0.8166666666666667,poor,poor,poor,true,5,false,0,true,5,false,0,0.2789880295382198,0.42460304167539825,0.5348436863476878,moderate,false,false,none,-0.7837000000000001,0.0,0.22117,1.0048700000000002,0.656739503899334,1.0,0.5673950389933401,false,none,0.7799,-0.03710000000000013,40.878322601948156,42.06126631431345,-2.041714820318097,false,专用机械,false,inf,true,rising,false,false,0.0,0.2789880295382198,1.0,专用机械,-5.0,-2.0,3.0,0.3,0.5,0.21288354859539543,0.7187877334243103,0.4374833843660503,true,false,-0.006133973735200482,0.0015839740927175653,,,,,,,0.07161803713527852,0,0.0,none,0.27880029335308326,false,stable,2.0,趋势不可靠-2分(Bootstrap CI过宽: 0.470),"","",0,0
688023.SH,安恒信息,软件服务,-0.393232,-0.2784718288498043,-0.68724,0.06438580367026524,0.6804248414094021,,1.5727,69.59736387749732,-0.4603459887839133,-0.39999999999999997,0.48333333333333334,poor,poor,poor,true,3,true,1,true,3,true,1,15.315435513728302,2.8649053671980163,37.52111621939485,high_volatility,false,false,none,-3.0240999999999993,0.0,1.9205,4.944599999999999,0.6490446351143907,0.9207583058814257,0.5696880452624808,false,none,4.8115,-0.9704999999999999,169.33386236388486,148.55810794121277,-42.78534585372305,false,软件服务,false,1.0,false,rising,false,false,0.0,15.315435513728302,1.0,软件服务,-5.0,-2.0,3.0,0.3,0.5,1.3959950796085334,0.6614610770029876,3.1947277549946174,true,false,-0.2784718288498043,0.06438580367026524,,,,,,,0.07161803713527852,0,0.0,none,14.17105097826796,false,stable,30.40263612250269,单年巨幅下滑-15.0分(年跌-42.8%); 趋势不可靠-2分(Bootstrap CI过宽: 3.332); 峰值大幅下跌-15分(从3.8跌至1.6，跌幅-58.4%),"","",0,0
688029.SH,南微医学,医疗保健,2.245448,0.18746897449555489,0.46696000000000004,0.5885565393101228,0.13004659929568513,0.17118095420221646,3.2634,88.0,0.15081824524234944,0.6,0.23333333333333334,good,good,good,false,0,false,0,false,0,false,0,0.43635203088562,0.918678111745349,0.9360869400007599,moderate,false,false,none,-0.2012999999999999,0.0,0.9657499999999999,1.1670499999999997,0.6561143558221871,0.6774184812182187,0.8837250770036525,false,none,0.359,1.5724999999999998,145.01839477438244,12.36055639719047,118.06441925069447,false,医疗保健,false,1.0,false,rising,false,false,0.0,0.43635203088562,0.4824149580418293,医疗保健,-5.0,-2.0,3.0,0.3,0.5,0.4004267446916203,0.8515371306542289,0.5106416704070351,true,false,0.18746897449555489,0.5885565393101228,,,,,,,0.07161803713527852,0,0.0,none,0.25965295204302713,false,increasing_vol,12.0,"波动率飙升预警-8.0分(近期波动是早期的4.0倍); 趋势不确定预警-4分(Bootstrap CI跨零: [-0.129, 0.439])","","",0,0
688031.SH,星环科技-U,软件服务,-2.67074,-0.015689360785861164,-0.04666000000000006,0.13434132959919484,0.5439949095602015,,-2.7026,100.0,-0.06034352878542501,-0.6,0.23333333333333334,poor,poor,poor,true,5,false,0,true,5,false,0,0.125782616878159,0.3262524360062313,0.34467071224236445,ultra_stable,false,false,none,-0.5,0.0,-0.07595,0.42405,0.36414991944628095,1.0,0.18382681051555563,false,none,0.32140000000000013,-0.5417000000000001,-8.874833823470167,10.628306878306883,-21.8225033235306,false,软件服务,false,inf,true,rising,false,false,0.0,0.125782616878159,1.0,软件服务,-5.0,-2.0,3.0,0.3,0.5,-0.039658545618764474,0.18182229616811107,0.030507022796145145,false,false,-0.057084645724272236,0.5727616055522358,,,,,,,0.2783505154639176,0,0.0,none,0.08377108635919296,false,stable,0.0,"","","",0,0
688033.SH,天宜新材,电气设备,-0.017034999999999995,0.03547795637571221,0.03736,0.055636699862143944,0.7024840345051818,,0.5134,83.0,-0.16664197090984176,-0.19999999999999998,0.8166666666666667,poor,poor,has_loss,true,2,true,5,true,1,true,5,108.24160018645942,0.5541969929546713,272.77343750000045,high_volatility,false,false,none,-0.24334999999999998,0.0,0.2879,0.53125,0.3569878926558711,0.8909649297938402,0.16825458408888894,false,none,1.3965999999999998,-0.8208,922.7564102564102,158.12952898550722,-1315.3846153846152,false,电气设备,false,1.0,false,rising,false,false,0.0,108.24160018645942,1.0,电气设备,-5.0,-2.0,3.0,0.3,0.5,0.2777622459780428,0.18441895437553968,0.5151928748441381,false,false,-0.06684945961513922,0.04251101045859466,,,,,,,0.07161803713527852,0,0.0,none,105.81175249695319,true,increasing_vol,17.0,单年巨幅下滑-15.0分(年跌-1315.4%); 波动率飙升预警-8.0分(近期波动是早期的4.6倍); 趋势不可靠-2分(Bootstrap CI过宽: 0.537),"","",0,0
688035.SH,德邦科技,半导体,0.681843,0.015029340531451319,0.01533,0.17634039895875933,0.48148806273808065,,2.6644,107.0,0.23098462379023518,0.39999999999999997,0.48333333333333334,has_loss,has_loss,has_near_zero,true,1,true,4,false,0,true,5,2.355790424966907,1.2414544381490606,6.1619036775589215,high_volatility,false,false,none,-0.3714,0.0,1.6236000000000002,1.995,0.6720941455563195,0.7902643160230131,0.9306771395401817,false,none,2.3911000000000002,0.8561,557.1722717913522,874.8993779729236,146.8943033630748,false,半导体,false,1.0,false,rising,false,false,0.0,2.355790424966907,1.0,半导体,-5.0,-2.0,3.0,0.3,0.5,1.1303177181115007,0.9761085645501951,1.4869903463765741,true,false,0.3244873764700224,0.382466143703409,,,,,,,0.07161803713527852,0,0.0,none,1.775074750223158,true,increasing_vol,8.0,波动率飙升预警-8.0分(近期波动是早期的4.4倍),high_growth,"高速成长(稳健CAGR=23.1%, MK趋势=0.40)",1,0
688037.SH,芯源微,半导体,-0.5123250000000003,0.4185637218766856,0.46324999999999994,0.146658484167355,0.5245954208897717,,2.1984,72.0,0.3008188861994923,0.19999999999999998,0.8166666666666667,poor,poor,poor,true,3,true,1,true,3,true,1,4.287426331869941,2.792400769946893,9.643175188085365,high_volatility,false,false,none,-1.7325,0.0,0.8212499999999998,2.55375,0.33289497876725144,0.9999999999999998,0.10831215432199114,false,none,6.2806,-6.1656,5.519823365652288,153.85331438929987,-295.9393299414418,false,半导体,true,inf,true,rising,false,false,0.0,4.287426331869941,1.0,半导体,-5.0,-2.0,3.0,0.3,0.5,0.024337676599267444,0.00013564844608053448,-1.1059248384008997,false,false,0.4185637218766856,0.146658484167355,,,,,,,0.13366336633663367,0,0.0,none,4.137301396258197,true,increasing_vol,28.0,单年巨幅下滑-15.0分(年跌-295.9%); 周期顶部预警-5分(警惕景气回落); 波动聚集风险-6分(ARCH效应+波动上升); 趋势不可靠-2分(Bootstrap CI过宽: 3.077),"","",0,0
688038.SH,中科通达,软件服务,-0.773301,0.013409172890181864,0.017830000000000002,0.07445134898142985,0.656947098149425,,0.2375,115.0,0.3025702831865532,0.7999999999999999,0.08333333333333333,poor,poor,poor,true,4,true,3,true,5,true,4,0.8595029773274157,0.7820617590702156,2.4041103417958016,moderate,false,false,none,0.43335,0.0,0.6604,0.22704999999999997,0.31153011446463735,0.6501059425778973,0.9076778300986763,false,none,1.0252,0.2956,121.92375150004615,130.15107274343023,27.286993445952184,false,软件服务,true,inf,true,rising,false,false,0.0,0.8595029773274157,1.0,软件服务,-5.0,-2.0,3.0,0.3,0.5,0.587194273935878,0.8824712809014782,0.3462032253480254,true,false,0.3446833018996741,0.8089182764880739,,,,,,,0.07161803713527852,0,0.0,none,0.33570948932696076,false,stable,0.0,周期顶部预警-5分(警惕景气回落),high_growth,"高速成长(稳健CAGR=30.3%, MK趋势=0.80)",1,0
688041.SH,海光信息,半导体,0.210507,0.12432108697073137,0.12709,0.5783203027354088,0.1355530008240639,,0.4204,96.0,0.11729202033514058,0.7999999999999999,0.08333333333333333,poor,poor,poor,true,2,true,5,true,2,true,5,1.527081992436567,0.26323839385621545,3.5410140387515954,high_volatility,false,false,none,0.49,0.0,0.07299,-0.41701,0.3334966067807911,1.0,0.235671948974211,false,none,0.07029999999999997,0.3687,2360.215053763441,20.07997714938588,1982.2580645161293,false,半导体,true,inf,true,rising,false,false,0.0,1.527081992436567,1.0,半导体,-5.0,-2.0,3.0,0.3,0.5,0.21375395101249778,0.861960023362857,0.1286159075698096,false,false,0.12432108697073137,0.5783203027354088,,,,,,,0.07161803713527852,0,0.0,none,0.986445470341579,false,decreasing_vol,4.0,"周期顶部预警-5分(警惕景气回落); 趋势不确定预警-4分(Bootstrap CI跨零: [-0.024, 0.235])","","",0,0
688046.SH,药康生物,生物制药,0.272085,-0.02973954127800392,-0.030990000000000004,0.8445342024644297,0.02734194514149314,-0.11554040217764106,0.2203,79.0,-0.03197180646178025,-0.7999999999999999,0.08333333333333333,has_near_zero,has_near_zero,has_near_zero,false,0,true,5,false,0,true,5,0.1853807303733382,0.053311790440764596,0.4857778705055984,ultra_stable,false,false,none,-0.05074999999999999,0.0,-0.019100000000000006,0.031649999999999984,0.25451626126766824,0.9960293213397633,0.3518569720039611,true,moderate,-0.064,0.02579999999999999,-14.77756286266925,-22.511431586352444,9.980657640232105,false,生物制药,false,1.099806576402321,true,falling,false,false,0.0,0.1853807303733382,0.29494546115231335,生物制药,-5.0,-2.0,3.0,0.3,0.5,-0.01857422922467135,0.353859413203586,0.029896260900073454,false,false,-0.02973954127800392,0.8445342024644297,,,,,,,0.9025069637883009,1,0.0,single_year_drop,0.07303944641988894,false,stable,21.0,中度恶化-10分; 贝叶斯恶化预警-8分(恶化概率90.3%); 峰值明显下跌-8分(从0.4跌至0.2，跌幅-38.8%),"","",0,0
688049.SH,炬芯科技,半导体,0.493198,0.18644285666348634,0.22946,0.13167545871599554,0.5483279537942093,,1.0549,98.0,0.19206055543353687,0.39999999999999997,0.48333333333333334,has_loss,has_loss,has_loss,true,1,true,2,true,1,true,2,2.2280463480551043,0.9454937482606641,5.5900650391177304,high_volatility,false,false,none,-0.64545,0.0,1.0779,1.72335,0.48489811278275724,0.4807090729857042,0.6753978572992498,true,moderate,-0.21640000000000015,2.3722000000000003,195.82160050867475,-17.021946039487148,215.4782450722137,false,半导体,true,inf,true,falling,false,false,0.0,2.2280463480551043,1.0,半导体,-5.0,-2.0,3.0,0.3,0.5,0.9353090554682014,0.6937001279887449,1.5052226626361644,true,false,0.18644285666348634,0.13167545871599554,,,,,,,0.6492985971943889,1,0.0,single_year_drop,2.057485077886225,false,stable,2.0,中度恶化-10分; 周期回落期-3分(景气下行趋势); 趋势不可靠-2分(Bootstrap CI过宽: 1.780),"","",0,0
688050.SH,爱博医疗,医疗保健,1.961265,-0.02285689520732517,-0.05022000000000002,0.18587067357663714,0.46858549453312887,0.11827406191196976,1.8347,72.79095763368984,0.0388652722221188,0.0,1.0,good,good,good,false,0,false,0,false,0,false,0,0.2370578756726594,0.4500306711769766,0.6347450484618627,moderate,false,false,none,0.6025,0.0,-0.27175000000000005,-0.8742500000000001,0.71348027133694,0.9188630011172307,0.9674397122521693,true,severe,-0.1853999999999998,-0.3581000000000003,-22.853418551845937,-9.177763477055583,-15.057606593221776,false,医疗保健,false,1.0,true,falling,false,false,0.0,0.2370578756726594,0.3229796338714609,医疗保健,-5.0,-2.0,3.0,0.3,0.5,-0.11692562297285579,0.9763693426528558,-0.4180847326203231,false,true,0.07081615489123097,0.23886801727181428,,,,,,,0.9060402684563759,2,-0.39048988826770253,sustained_decline,0.21267483204654583,false,decreasing_vol,27.20904236631016,严重恶化-15分; 加速下滑-0.2分(加速度-0.42); 贝叶斯高置信度恶化-12分(恶化概率90.6%，严重恶化确认),"","",0,0
688051.SH,佳华科技,软件服务,-1.0910980000000001,0.04243660191368495,0.01554000000000002,0.008743549782251425,0.8811169776730896,,0.0193,98.0,0.14211266318429805,0.19999999999999998,0.8166666666666667,poor,poor,poor,true,4,true,3,true,4,true,3,1.037986307868564,1.1373838767100577,2.5633350368693875,high_volatility,false,false,none,-1.0288499999999998,0.0,1.4043999999999999,2.4332499999999997,0.6590320796651493,0.6030949445913016,0.9872258520601915,false,none,1.6811,1.1277,100.6918802652805,101.16139126248646,40.42659974905897,false,软件服务,true,inf,true,rising,false,false,0.0,1.037986307868564,1.0,软件服务,-5.0,-2.0,3.0,0.3,0.5,0.8844951430897009,0.9312998517746094,1.4200791124554528,true,false,0.04243660191368495,0.008743549782251425,,,,,,,0.07161803713527852,0,0.0,none,1.0377440710183805,false,stable,2.0,周期顶部预警-5分(警惕景气回落); 趋势不可靠-2分(Bootstrap CI过宽: 1.533),"","",0,0
688052.SH,纳芯微,半导体,-0.35390900000000003,0.03216646060727544,0.010570000000000036,0.00218513197191164,0.9405035972260152,,0.6669,102.0,0.08457104545588726,0.0,1.0,poor,poor,poor,true,3,true,3,true,3,true,3,3.9483489224768507,1.4098764332380338,10.065531533549905,high_volatility,false,false,none,-0.8621,0.0,1.4655500000000001,2.32765,0.5081768802497382,0.23000254928305466,0.9950272187877838,false,none,1.645,1.2861000000000002,129.45411182757707,168.18321235047543,56.80151930041516,false,半导体,true,inf,true,rising,false,false,0.0,3.9483489224768507,1.0,半导体,-5.0,-2.0,3.0,0.3,0.5,1.0906246130713702,0.9569796589652153,1.610229688315703,false,false,0.03216646060727544,0.00218513197191164,,,,,,,0.07161803713527852,0,0.0,none,3.9480715082896025,false,decreasing_vol,10.0,趋势不可靠-2分(Bootstrap CI过宽: 2.368); 峰值明显下跌-8分(从1.3跌至0.7，跌幅-49.9%),cyclical_bottom,"周期底部(mid_up), 近期强势(109.1%)",0,0
688060.SH,云涌科技,IT设备,-0.5849269999999999,0.15217378189550218,0.18151,0.08065441447549129,0.6433248182048612,,0.6602,98.0,0.19057193097597225,0.19999999999999998,0.8166666666666667,poor,poor,poor,true,3,true,3,true,3,true,3,1.6566765358835192,1.0592458435132044,4.064093340423535,high_volatility,false,false,none,-1.0259999999999998,0.0,1.29925,2.3252499999999996,0.7141461757162287,0.9359191501052231,0.9999484989622222,false,none,1.3154,1.2831,134.06077490584534,200.76312576312577,66.19718309859155,false,IT设备,false,1.0,false,rising,false,false,0.0,1.6566765358835192,1.0,IT设备,-5.0,-2.0,3.0,0.3,0.5,1.0177267141318485,0.9849893012160654,1.782303396579986,true,false,0.15217378189550218,0.08065441447549129,,,,,,,0.07161803713527852,0,0.0,none,1.594710406365506,false,stable,2.0,趋势不可靠-2分(Bootstrap CI过宽: 1.850),"","",0,0
688062.SH,迈威生物-U,生物制药,-1.95093,-0.03222082604997154,-0.06308000000000001,0.24141768686356108,0.40057555190473243,,-2.3935,61.0,-0.10154096680428237,-0.7999999999999999,0.08333333333333333,poor,poor,poor,true,5,false,0,true,5,false,0,0.1944681702828828,0.3609212559548135,0.5302434345937908,ultra_stable,false,false,none,0.30889999999999995,0.0,-0.31113999999999997,-0.6200399999999999,0.6213268972962387,1.0,0.9731889729623875,true,severe,-0.43469999999999986,-0.15910000000000002,-32.99438795354781,-22.19215846436593,-8.840362282602657,false,生物制药,false,1.0,true,falling,false,false,0.0,0.1944681702828828,0.28890786955963954,生物制药,-5.0,-2.0,3.0,0.3,0.5,-0.12831999282152506,0.9451185084655754,-0.10820345187717295,false,false,-0.08753695473882953,0.6695707455651178,,,,,,,0.9989246149123933,3,1.5103222871350952,accelerating_decline,0.10780675174541021,false,stable,39.0,严重恶化-15分; 贝叶斯高置信度恶化-12分(恶化概率99.9%，严重恶化确认); 智能连续下跌-12分(3年实质性下跌，累计跌幅-39.3%),"","",0,0
688063.SH,派能科技,电气设备,3.2733369999999997,0.4850977508175139,1.03539,0.21363894686018906,0.4331781875534495,,2.872,41.0,0.24458898118776787,0.19999999999999998,0.8166666666666667,has_loss,has_loss,has_loss,true,1,false,0,true,1,false,0,1.1613683262265437,3.440809167477906,2.7979694334935465,high_volatility,false,false,none,2.17255,0.0,-1.64285,-3.8154000000000003,0.44029504764073557,0.27453293609812723,0.7624367920372211,true,severe,-3.2312000000000003,-0.05449999999999999,-53.35920879549183,-52.94271857386289,-0.8850707244588075,false,电气设备,true,inf,true,falling,false,false,0.0,1.1613683262265437,1.0,电气设备,-5.0,-2.0,3.0,0.3,0.5,-0.37010334054002014,0.7588889605069155,-0.9505213508248465,false,false,0.4850977508175139,0.21363894686018906,,,,,,,0.9983149583553994,1,52.057647849404084,cliff_drop,1.0214931845932207,false,decreasing_vol,59.0,严重恶化-15分; 单年巨幅下滑-15.0分(年跌-52.9%); 周期回落期-3分(景气下行趋势); 贝叶斯高置信度恶化-12分(恶化概率99.8%，严重恶化确认); 趋势不可靠-2分(Bootstrap CI过宽: 2.714); 峰值大幅下跌-15分(从6.2跌至2.9，跌幅-53.4%),"","",0,0
688067.SH,爱威科技,医疗保健,0.496828,-0.13188003521430028,-0.15404,0.904634652255448,0.01287605755824463,-0.2263405335262465,0.3296,61.0,-0.14229283702713452,-0.9999999999999999,0.016666666666666666,has_near_zero,has_near_zero,has_near_zero,false,0,true,5,false,0,true,5,0.4741121237091686,0.25746184765902697,1.0872127283441366,stable,false,false,none,-0.2413,0.0,-0.053899999999999997,0.18739999999999998,0.5656113658350541,0.9986790778312109,0.7826345805193299,false,none,-0.004699999999999982,-0.10310000000000002,-24.645633287608597,-1.405922823810943,-23.5711019661637,false,医疗保健,false,1.0,false,falling,false,false,0.0,0.4741121237091686,0.5126230323006682,医疗保健,-5.0,-2.0,3.0,0.3,0.5,-0.05031303732982478,0.7831785528322023,0.14925026001850533,true,false,-0.13188003521430028,0.904634652255448,,,,,,,0.49090909090909096,0,-0.9403539628385154,none,0.15369284457524485,true,decreasing_vol,39.0,相对加权下滑-10.0分(最新为加权66.3%); 波动聚集提示-2分(大波动后可能跟着大波动); 峰值大幅下跌-15分(从0.9跌至0.3，跌幅-64.2%); 智能连续下跌-12分(3年实质性下跌，累计跌幅-64.2%),"","",0,0
688071.SH,华依科技,专用机械,0.291079,-0.05435521324936218,-0.07806999999999997,0.014300848745745958,0.8481018716846054,,0.5469,80.0,-0.10181455046769279,-0.19999999999999998,0.8166666666666667,poor,poor,poor,true,2,true,4,true,2,true,4,2.535804964612856,0.7975106613707431,5.957074721780605,high_volatility,false,false,none,-1.8735,0.0,0.26161,2.13511,0.5528038482791295,1.0,0.20472350305627865,false,none,0.8449,-1.1951,-39.03689666703823,283.5234899328859,-133.21814736372758,false,专用机械,true,inf,true,rising,false,false,0.0,2.535804964612856,1.0,专用机械,-5.0,-2.0,3.0,0.3,0.5,-0.14197371303138767,0.06175545259711784,-0.05354555008492651,false,false,-0.05435521324936218,0.014300848745745958,,,,,,,0.6067415730337079,0,0.0,none,2.5052454800759585,true,decreasing_vol,20.0,单年巨幅下滑-15.0分(年跌-133.2%); 波动聚集提示-2分(大波动后可能跟着大波动); 趋势不可靠-2分(Bootstrap CI过宽: 1.068); 峰值大幅下跌-15分(从1.1跌至0.5，跌幅-52.4%),"","",0,0
688073.SH,毕得医药,化学制药,0.184792,0.29849618324241683,0.40224000000000004,0.25424973533132017,0.3863425690524907,,1.7419,101.0,0.28050654365314387,0.39999999999999997,0.48333333333333334,poor,poor,poor,true,2,true,3,true,2,true,3,18.119486759540692,1.161821491021749,47.90860885839052,high_volatility,false,false,none,-1.4100000000000001,0.0,0.81242,2.22242,0.5835953734635617,1.0,0.6112484480903523,false,none,2.3733,-1.0915,278.59161051945233,375.8789990497308,-237.2310367311454,false,化学制药,true,inf,true,rising,false,false,0.0,18.119486759540692,1.0,化学制药,-5.0,-2.0,3.0,0.3,0.5,0.4383147051169686,0.20851183946001492,0.2556508576300728,false,false,0.29849618324241683,0.25424973533132017,,,,,,,0.07161803713527852,0,0.0,none,15.163509586342169,false,stable,14.0,单年巨幅下滑-15.0分(年跌-237.2%); 周期顶部预警-5分(警惕景气回落); 趋势不可靠-2分(Bootstrap CI过宽: 1.451),high_growth,"高速成长(稳健CAGR=28.1%, MK趋势=0.40)",1,0
688078.SH,龙软科技,软件服务,-0.0055730000000000085,0.018440073855020455,0.018590000000000002,0.34549449466034515,0.2972666869997751,,0.2999,92.0,0.058081202393890426,0.9999999999999999,0.016666666666666666,poor,poor,poor,true,4,true,5,true,5,true,5,5.235589477992796,0.1948686403708919,12.606125738850077,high_volatility,false,false,none,0.03205,0.0,0.20255,0.1705,0.500691044516939,0.8115537360718642,0.8543567090975264,false,none,0.3474,0.0577,385.0760456273764,731.3684210526316,54.84790874524715,false,软件服务,false,1.0,false,rising,false,false,0.0,5.235589477992796,1.0,软件服务,-5.0,-2.0,3.0,0.3,0.5,0.20029209077972804,0.8551692184709708,0.16854480125843946,true,false,0.10439489656029535,0.7335095665732385,,,,,,,0.07161803713527852,0,0.0,none,2.7072612374626437,true,increasing_vol,8.0,波动率飙升预警-8.0分(近期波动是早期的6.3倍),"","",0,0
688081.SH,兴图新科,软件服务,-0.513951,0.10756264123816045,0.12043,0.4814325304452153,0.19373280145063262,,-0.2513,98.0,0.08535362618319997,0.6,0.23333333333333334,poor,poor,poor,true,5,true,5,true,5,true,5,0.511180291857638,0.28119005494504956,1.1503781268179172,volatile,false,false,none,-0.3277,0.0,0.23769999999999997,0.5653999999999999,0.6024181650948042,1.0,0.8933816509480415,false,none,0.03869999999999996,0.47859999999999997,67.30418943533695,13.344827586206884,62.269060629716364,false,软件服务,false,1.0,false,rising,false,false,0.0,0.511180291857638,0.5422775668194437,软件服务,-5.0,-2.0,3.0,0.3,0.5,0.22961667544316974,0.8105691348918308,0.318056755959817,true,false,0.10756264123816045,0.4814325304452153,,,,,,,0.07161803713527852,0,0.0,none,0.3761349055832471,false,stable,2.0,趋势不可靠-2分(Bootstrap CI过宽: 0.390),"","",0,0
688082.SH,盛美上海,半导体,0.264969,-0.0999840933657674,-0.11397,0.45543273896664166,0.21136721968693292,,2.7719,77.67179361758568,-0.17048389678854003,-0.19999999999999998,0.8166666666666667,poor,poor,poor,true,4,true,4,true,5,true,5,15.008102730148881,1.5182196721818617,37.08778173190983,high_volatility,false,false,none,-0.19490000000000002,0.0,1.69585,1.8907500000000002,0.6411418068794634,0.9988408302617896,0.6711750439076646,false,none,3.7518000000000002,-0.3601,547.2249112616973,382.87580365343405,-58.09938689899967,false,半导体,false,1.0,false,rising,false,false,0.0,15.008102730148881,1.0,半导体,-5.0,-2.0,3.0,0.3,0.5,1.1647322490684293,0.6605765839993779,1.343587235171352,true,false,0.3500036104735742,0.28220176413452885,,,,,,,0.07161803713527852,0,0.0,none,12.345265882023753,true,increasing_vol,22.328206382414322,单年巨幅下滑-15.0分(年跌-58.1%); 波动率飙升预警-8.0分(近期波动是早期的10.5倍),"","",0,0
688097.SH,博众精工,专用机械,-0.17835300000000004,0.23930966969538348,0.255205,0.7404134524011067,0.06123748810443614,,0.7137,102.0,0.3229989319048628,0.6,0.23333333333333334,poor,poor,poor,true,4,true,4,true,4,true,5,2.705697178626895,0.8027803528985995,7.340748230535897,high_volatility,false,false,none,-0.8743,0.0,0.64233,1.51663,0.6835098610987536,1.0,0.8350986109875359,false,none,0.8405,-0.11069999999999999,4532.919254658385,662.8548895899054,-687.5776397515527,false,专用机械,true,inf,true,rising,false,false,0.0,2.705697178626895,1.0,专用机械,-5.0,-2.0,3.0,0.3,0.5,0.33997661389371003,0.6309653568590279,0.06791072795538894,false,false,0.3496503225536093,0.6585871001535141,,,,,,,0.07161803713527852,0,0.0,none,1.7033081944527324,false,decreasing_vol,13.0,"单年巨幅下滑-15.0分(年跌-687.6%); 周期顶部预警-5分(警惕景气回落); 趋势不确定预警-4分(Bootstrap CI跨零: [-0.038, 0.404])",high_growth,"高速成长(稳健CAGR=32.3%, MK趋势=0.60)",1,0
688099.SH,晶晨股份,半导体,1.9818760000000002,0.060303228655179654,0.13412,0.1275599250113768,0.5551175525903297,0.02490859728170225,2.4881,98.0,0.052098229919719435,0.39999999999999997,0.48333333333333334,good,good,good,false,0,false,0,false,0,false,0,0.2857346448131509,0.5547938157550064,0.6196308275478463,moderate,false,false,none,-0.48495000000000005,0.0,0.6015500000000001,1.0865000000000002,0.6716098294981322,0.8395142428671075,0.8765840521142143,false,none,0.21060000000000034,0.9924999999999999,93.6264591439689,9.246981339187721,77.23735408560312,false,半导体,false,1.0,false,rising,false,false,0.0,0.2857346448131509,0.36192104918385404,半导体,-5.0,-2.0,3.0,0.3,0.5,0.28676518543761387,0.8541651657206694,0.5282022313977454,true,false,0.060303228655179654,0.1275599250113768,,,,,,,0.07161803713527852,0,0.0,none,0.26403727332616206,false,stable,2.0,趋势不可靠-2分(Bootstrap CI过宽: 0.580),"","",0,0
688108.SH,赛诺医疗,医疗保健,0.05924299999999999,0.0566610336169089,0.05761000000000001,0.13918109520843075,0.5362537306354518,,0.3174,98.0,0.08872668756930778,0.19999999999999998,0.8166666666666667,poor,poor,poor,true,2,true,5,true,2,true,5,5.7884173970594865,0.24288199398061602,14.034795042897999,high_volatility,false,false,none,-0.22174999999999997,0.0,0.29445,0.5162,0.5923593854875377,0.9401007331895688,0.9510931216858081,false,none,0.17880000000000001,0.4101,216.90607734806628,129.004329004329,151.04972375690608,false,医疗保健,false,1.0,false,rising,false,false,0.0,5.7884173970594865,1.0,医疗保健,-5.0,-2.0,3.0,0.3,0.5,0.2902846407093932,0.9493405224879855,0.5100014194548337,true,false,0.0566610336169089,0.13918109520843075,,,,,,,0.07161803713527852,0,0.0,none,5.365923048067206,false,stable,2.0,趋势不可靠-2分(Bootstrap CI过宽: 0.540),"","",0,0
688109.SH,品茗科技,软件服务,-0.085318,0.002599987443591623,-0.030059999999999976,0.000012409935865320147,0.9955146742558936,,1.0854,98.0,0.10663199634528756,0.0,1.0,poor,poor,poor,true,2,true,2,true,2,true,2,21.463928489979864,1.6376977437854643,54.73001310615987,high_volatility,false,false,none,-2.08795,0.0,1.8691,3.95705,0.6926983487833437,0.9990948883389867,0.9278885994944497,false,none,0.9665999999999999,2.7716,140.91525934861278,813.6363636363635,104.47828709288298,false,软件服务,false,1.0,false,rising,false,false,0.0,21.463928489979864,1.0,软件服务,-5.0,-2.0,3.0,0.3,0.5,1.3215107578537415,0.9545352327703392,2.7765308860225613,true,false,0.002599987443591623,0.000012409935865320147,,,,,,,0.07161803713527852,0,0.0,none,21.454887392456474,false,stable,2.0,趋势不可靠-2分(Bootstrap CI过宽: 2.872),"","",0,0
688111.SH,金山办公,软件服务,4.16831,0.08076917808320655,0.3335800000000001,0.700949349435037,0.07687908101792777,0.09639077349057734,4.7469,100.0,0.07545206134469815,0.7999999999999999,0.08333333333333333,good,good,good,false,0,false,0,false,0,false,0,0.1557747350335935,0.623335717731625,0.3653111817509347,ultra_stable,false,false,none,0.09515000000000005,0.0,0.63575,0.5406,0.2824053340660679,0.05806956862630916,0.9105887153160059,false,none,0.2907000000000002,0.9807999999999999,36.585716752028546,6.5234953547865935,28.221211946826262,false,软件服务,false,1.1636070668124532,true,rising,false,false,0.0,0.1557747350335935,0.2797673969352019,软件服务,-5.0,-2.0,3.0,0.3,0.5,0.1513066311627982,0.8954372996901652,0.12430846256554606,false,false,0.08076917808320655,0.700949349435037,,,,,,,0.07161803713527852,0,0.0,none,0.08301903073139222,false,stable,0.0,"","","",0,0
688113.SH,联测科技,专用机械,0.9927649999999999,-0.06607945728748466,-0.10091,0.4026411415246638,0.2501618577676527,-0.12457402897746517,0.834,57.0,-0.09355307732499099,-0.39999999999999997,0.48333333333333334,has_near_zero,has_near_zero,has_near_zero,false,0,true,3,false,0,true,3,0.23544708657995164,0.2456231096619371,0.5638312148923526,stable,false,false,none,-0.5882,0.0,-0.013429999999999997,0.57477,0.49066880553180336,1.0,0.014119934373367624,true,severe,-0.16070000000000007,-0.14089999999999991,-26.55864741106023,-16.15562481150096,-12.407537865445573,false,专用机械,false,1.3652320269295504,true,falling,false,false,0.0,0.23544708657995164,0.37038860618790137,专用机械,-5.0,-2.0,3.0,0.3,0.5,-0.10754259666252008,0.9964740571542068,-0.019808250768981017,false,false,-0.06607945728748466,0.4026411415246638,,,,,,,0.9872029250457038,2,0.30208144328889286,sustained_decline,0.17900812614684433,true,decreasing_vol,43.0,严重恶化-15分; 贝叶斯高置信度恶化-12分(恶化概率98.7%，严重恶化确认); 波动聚集提示-2分(大波动后可能跟着大波动); 峰值明显下跌-8分(从1.4跌至0.8，跌幅-41.3%); 连续下跌警示-6分(2年下跌，累计-41.3%),"","",0,0
688120.SH,华海清科,半导体,3.3665700000000003,0.15319114896338648,0.5013,0.07611876603492856,0.6532267728913737,0.25122042257413035,4.8774,98.0,0.18985921776058795,0.39999999999999997,0.48333333333333334,good,good,good,false,0,true,1,false,0,true,1,0.6349257351021017,2.0420354507206775,1.4433582697485838,high_volatility,false,false,none,-0.87735,0.0,2.3210499999999996,3.1983999999999995,0.41224275940577,0.14057600218179583,0.8703160508429931,false,none,0.7691999999999997,3.8729,1972.843178920527,18.723528552650787,1645.941351466213,false,半导体,true,20.696982575435612,true,rising,false,false,0.0,0.6349257351021017,1.0,半导体,-5.0,-2.0,3.0,0.3,0.5,1.0274627584553784,0.8106875481060516,1.630449392995182,true,false,0.15319114896338648,0.07611876603492856,,,,,,,0.07161803713527852,0,0.0,none,0.5851439951805044,false,decreasing_vol,2.0,周期顶部预警-5分(警惕景气回落); 趋势不可靠-2分(Bootstrap CI过宽: 1.928),"","",0,0
688121.SH,卓然股份,专用机械,0.13222,0.13173434789759358,0.148055,0.10457340278488102,0.5955553344926865,,1.0121,84.46084065810231,-0.12301731648432464,0.0,1.0,poor,poor,has_loss,true,2,true,2,true,1,true,3,8.974576337935096,1.7380164536045106,23.16689042652071,high_volatility,false,false,none,-1.2753,0.0,-0.041430000000000036,1.23387,0.3115169453289159,1.0,0.0007524927735408,false,none,3.5696000000000003,-4.4865,-47.53240020736133,139.57380254154447,-232.58164852255055,false,专用机械,true,inf,true,rising,false,false,0.0,8.974576337935096,1.0,专用机械,-5.0,-2.0,3.0,0.3,0.5,-0.26076054758813566,0.02502621115982467,-0.5509729244152441,false,false,-0.12117874477975817,0.023995253840007835,,,,,,,0.6067415730337079,0,0.0,none,8.817433333480357,false,increasing_vol,15.53915934189768,单年巨幅下滑-15.0分(年跌-232.6%); 波动率飙升预警-4.5分(近期波动是早期的2.3倍); 趋势不可靠-2分(Bootstrap CI过宽: 1.066); 峰值明显下跌-8分(从1.9跌至1.0，跌幅-47.5%),"","",0,0
688122.SH,西部超导,小金属,0.3814310000000001,-0.006536762040386834,-0.004969999999999986,0.004360583384251445,0.9159831363647652,,0.6871,80.0,0.17727009736359933,0.6,0.23333333333333334,has_loss,has_loss,has_near_zero,true,1,true,5,false,0,true,5,1.5413533441847937,0.49008870931699705,3.7454396779469117,high_volatility,false,false,none,1.0186000000000002,0.0,0.012260000000000004,-1.0063400000000002,0.6506443453516456,1.0,0.006443453516455915,false,none,0.4384,-0.3943,6.858475894245728,176.2766385203056,-61.32192846034214,false,小金属,true,2.585444310414154,true,rising,true,false,0.0,1.5413533441847937,1.0,小金属,-5.0,-2.0,1.6,0.3,0.24,0.01836031446204428,0.007046509615486562,-0.5266166297767287,false,false,0.20051441052945843,0.46398237759487887,,,,,,,0.13366336633663367,0,0.0,none,1.1264472212900714,false,stable,20.0,单年巨幅下滑-15.0分(年跌-61.3%); 周期顶部预警-5分(警惕景气回落),"","",0,0
688123.SH,聚辰股份,半导体,1.311337,0.15625277611383437,0.24899000000000004,0.23017478484831497,0.41346193180152313,0.25788432108023396,1.919,97.0,0.1279376480900201,0.19999999999999998,0.8166666666666667,has_near_zero,has_near_zero,has_near_zero,false,0,true,3,false,0,true,3,0.6937858883104122,0.8579633809201882,1.5522706689093027,high_volatility,false,false,none,-0.3021,0.0,0.26291000000000003,0.56501,0.22637207842936602,1.0,0.12953276900904645,false,none,1.2697,-1.7347,-19.505033557046975,195.54905282612046,-72.76426174496645,false,半导体,true,4.281224746341025,true,rising,false,false,0.0,0.6937858883104122,1.0,半导体,-5.0,-2.0,3.0,0.3,0.5,-0.0982267364010031,0.03492029284593597,-0.5467125290614274,false,false,0.15625277611383437,0.23017478484831497,,,,,,,0.435483870967742,0,0.0,none,0.6164335965278812,false,stable,3.0,单年巨幅下滑-15.0分(年跌-72.8%); 趋势不可靠-2分(Bootstrap CI过宽: 0.911),"","",0,0
688127.SH,蓝特光学,元器件,0.631986,0.006912035310372333,0.007579999999999987,0.04367047849374646,0.7358744777699955,0.20112909426320402,1.2118,94.98611775969363,0.08628031399229986,0.19999999999999998,0.8166666666666667,has_near_zero,has_near_zero,has_near_zero,false,0,true,4,false,0,true,5,0.6518332636001121,0.3849205788211381,1.7736909842173003,volatile,false,false,none,-0.20890000000000003,0.0,0.5237,0.7326000000000001,0.6639144267545698,0.9712068167905201,0.980024842198606,false,none,0.6532,0.3942,637.1046228710463,116.93519513068387,239.7810218978102,false,元器件,false,1.0,false,rising,false,false,0.0,0.6518332636001121,0.654799944213423,元器件,-5.0,-2.0,3.0,0.3,0.5,0.42991856556333397,0.9934239275667955,0.6248352688326333,true,false,0.10501268428513032,0.28323383748825215,,,,,,,0.07161803713527852,0,0.0,none,0.5365823976011432,true,increasing_vol,5.0138822403063665,波动率飙升预警-5.0分(近期波动是早期的2.5倍),"","",0,0
688128.SH,中国电研,专用机械,1.0932530000000003,0.03771837149575039,0.057075,0.09407188744920106,0.6156951274985772,0.08528579641020051,1.3063,86.0,0.1347082676191331,0.39999999999999997,0.48333333333333334,has_near_zero,has_near_zero,has_near_zero,false,0,true,3,false,0,true,2,0.516529264979162,0.5422111000339259,1.407137141332927,volatile,false,false,none,-0.6743,0.0,0.23616,0.91046,0.3490393223904311,1.0,0.24011326935926425,false,none,0.3173,-0.7554,-25.114652602614072,32.08291203235592,-43.30428800733777,false,专用机械,false,2.7770436997532437,true,rising,false,false,0.0,0.516529264979162,0.783495905283762,专用机械,-5.0,-2.0,3.0,0.3,0.5,-0.1204148177607921,0.28651074907441365,-0.36223787747117664,false,false,0.10949918260216895,0.19398694991876028,,,,,,,0.435483870967742,0,0.0,none,0.46800524114233555,false,decreasing_vol,14.0,单年巨幅下滑-15.0分(年跌-43.3%); 趋势不可靠-2分(Bootstrap CI过宽: 0.419),"","",0,0
688131.SH,皓元医药,化学制药,0.3486890000000001,-0.13904210637753486,-0.17797000000000007,0.029150732723561945,0.783673190863259,,1.8106,98.0,-0.2981405779848859,-0.19999999999999998,0.8166666666666667,poor,poor,poor,true,2,true,2,true,2,true,2,4.440379324901277,1.7853877189563057,10.831923995224829,high_volatility,false,false,none,-2.17765,0.0,2.03295,4.2105999999999995,0.6947822401410932,0.9510558364850381,0.9967665649258937,false,none,2.2335,1.8324,180.28200239435995,528.139039962166,81.2486143750277,false,化学制药,false,1.0,false,rising,false,false,0.0,4.440379324901277,1.0,化学制药,-5.0,-2.0,3.0,0.3,0.5,1.4539426891470675,0.9848016444942175,2.9738382955727363,true,false,-0.13904210637753486,0.029150732723561945,,,,,,,0.07161803713527852,0,0.0,none,4.384880837059013,false,stable,2.0,趋势不可靠-2分(Bootstrap CI过宽: 3.067),"","",0,0
688135.SH,利扬芯片,半导体,1.2172,0.009520854564614545,0.007000000000000029,0.0031408425965380985,0.9286809259204258,0.07187337372826175,1.0197,74.70357438045441,0.036489353940759583,0.19999999999999998,0.8166666666666667,has_near_zero,has_near_zero,has_near_zero,false,0,true,2,false,0,true,2,0.3653356010495075,0.4439192888352566,0.9243683647436425,volatile,false,false,none,0.5616,0.0,-0.4379999999999999,-0.9995999999999998,0.671120520959193,0.9945660460164065,0.7174391635755232,false,none,0.03810000000000002,-0.9140999999999999,-46.20984332964076,3.8814180929095374,-48.2196550087039,false,半导体,false,1.9312347188264058,true,rising,false,false,0.0,0.3653356010495075,0.5497664433497935,半导体,-5.0,-2.0,3.0,0.3,0.5,-0.2503793333949297,0.7097729959211629,-0.5928512390911735,false,true,0.009520854564614545,0.0031408425965380985,,,,,,,0.6067415730337079,0,0.0,none,0.3652220326347172,false,stable,25.296425619545587,单年巨幅下滑-15.0分(年跌-48.2%); 加速下滑-0.3分(加速度-0.59); 趋势不可靠-2分(Bootstrap CI过宽: 0.643); 峰值明显下跌-8分(从1.9跌至1.0，跌幅-46.2%),"","",0,0
688136.SH,科兴制药,生物制药,0.106937,-0.08794384278093076,-0.09081,0.07678865268310499,0.651744553142867,,0.5343,98.0,-0.029182603195368223,-0.19999999999999998,0.8166666666666667,poor,poor,poor,true,2,true,5,true,2,true,5,3.875373257178655,0.519997583648232,7.241764793560887,high_volatility,false,false,none,-0.48264999999999997,0.0,0.48325,0.9659,0.6474191314668369,0.7964263769696909,0.7459649376986777,false,none,0.9717,-0.005200000000000038,223.62332253586302,222.15363511659808,-1.2031466913466076,false,生物制药,false,1.0,false,rising,false,false,0.0,3.875373257178655,1.0,生物制药,-5.0,-2.0,3.0,0.3,0.5,0.4657210789310746,0.7461603032407583,0.9309128267174973,true,false,-0.08794384278093076,0.07678865268310499,,,,,,,0.07161803713527852,0,0.0,none,3.724707847069887,false,stable,2.0,趋势不可靠-2分(Bootstrap CI过宽: 0.982),"","",0,0
688138.SH,清溢光电,半导体,0.788752,0.004507289202315523,0.005540000000000001,0.5115530234338798,0.17441955854296193,0.1309048063120879,1.1463,90.85542168674698,0.051962110414977655,0.6,0.23333333333333334,has_near_zero,has_near_zero,has_near_zero,false,0,true,4,false,0,true,5,0.3072992070782442,0.23415584980948054,0.8405732433922152,moderate,false,false,none,-0.09749999999999996,0.0,0.32025000000000003,0.41775,0.5453789594358694,0.6478736454712736,0.9704159488874208,false,none,0.41710000000000014,0.22339999999999993,126.63107947805456,57.199670872188726,44.16765519968365,false,半导体,false,1.4389086595492289,true,rising,false,false,0.0,0.3072992070782442,0.4376938536024926,半导体,-5.0,-2.0,3.0,0.3,0.5,0.2473712955127824,0.9824046976984343,0.330835471824663,true,false,0.06567600463677535,0.3373488188296928,,,,,,,0.07161803713527852,0,0.0,none,0.2452395710522279,true,increasing_vol,9.144578313253014,"波动率飙升预警-5.1分(近期波动是早期的2.6倍); 趋势不确定预警-4分(Bootstrap CI跨零: [-0.000, 0.013])","","",0,0
688139.SH,海尔生物,医疗保健,1.4415060000000002,-0.20756098060433148,-0.36418,0.756989552688052,0.05512380023906936,-0.1961586659338408,0.9173,35.81178748846169,-0.18177167591758991,-0.6,0.23333333333333334,has_near_zero,has_near_zero,has_near_zero,false,0,true,2,false,0,true,2,0.4202131022542795,0.6516496704518464,0.9111661378936781,stable,false,false,none,-0.10394999999999999,0.0,-0.5359,-0.43195000000000006,0.24395012461778195,0.3868952927439962,0.657988142570294,false,none,0.13329999999999997,-1.2051,-53.883665979588756,17.00255102040816,-60.58518928158464,false,医疗保健,false,1.5009809840024146,true,rising,false,false,0.0,0.4202131022542795,0.5363012796704123,医疗保健,-5.0,-2.0,3.0,0.3,0.5,-0.3085397267911301,0.62938630975817,-0.2637056312439849,false,true,-0.20756098060433148,0.756989552688052,,,,,,,0.6067415730337079,0,0.0,none,0.1967354811401967,false,increasing_vol,64.18821251153831,"轻度衰退-4.2分(log斜率-0.208); 持续衰退重罚-10.0分(最新<加权); 单年巨幅下滑-15.0分(年跌-60.6%); 相对加权下滑-10.0分(最新为加权63.6%); 加速下滑-0.1分(加速度-0.26); 波动率飙升预警-5.9分(近期波动是早期的3.0倍); 趋势不确定预警-4分(Bootstrap CI跨零: [-0.380, 0.017]); 峰值大幅下跌-15分(从2.2跌至0.9，跌幅-58.2%)","","",0,0
688141.SH,杰华特,半导体,-0.9861550000000001,0.004298332085383216,0.005560000000000009,0.6241441374691448,0.11178958609977659,,-0.8066,100.0,0.005704724570927369,0.39999999999999997,0.48333333333333334,poor,poor,poor,true,5,true,4,true,5,true,5,0.4841103088961575,0.48079899438330775,1.1987997905674814,volatile,false,false,none,-0.50415,0.0,0.51805,1.0222,0.5808929026973361,0.7467272265856404,0.6402853591318328,true,moderate,-0.15449999999999997,1.1905999999999999,56.2272751940088,-23.692685170986042,64.61171107613826,false,半导体,false,inf,true,falling,false,false,0.0,0.4841103088961575,1.0,半导体,-5.0,-2.0,3.0,0.3,0.5,0.3165889733988565,0.6067888788470853,0.622432116584255,true,false,0.01859224203656248,0.009676256085930516,,,,,,,0.6492985971943889,1,0.0,single_year_drop,0.4826809456007069,false,stable,0.0,中度恶化-10分,"","",0,0
688146.SH,中船特气,半导体,1.142675,-0.004991176339262271,-0.007290000000000019,0.012700846250083185,0.8568127354009082,0.016884072418207774,1.1655,94.90235294117647,0.0004258062895445558,0.0,1.0,good,good,good,false,0,true,1,false,0,true,1,0.09196823769519828,0.1054250302347597,0.23021494870542258,ultra_stable,false,false,none,0.1299999999999999,0.0,-0.04274,-0.1727399999999999,0.3001506271947984,1.0,0.2255594448596072,false,none,0.1694,-0.2639,-7.500000000000003,17.00632466619817,-20.944444444444446,false,半导体,false,1.264933239634575,true,rising,false,false,0.0,0.09196823769519828,0.2422323554407686,半导体,-5.0,-2.0,3.0,0.3,0.5,-0.03006337101421963,0.11402375081877571,-0.08517403688184289,false,false,-0.004991176339262271,0.012700846250083185,,,,,,,0.2783505154639176,0,0.0,none,0.09141689808507467,false,increasing_vol,5.097647058823532,波动率飙升预警-5.1分(近期波动是早期的2.5倍),"","",0,0
688148.SH,芳源股份,电气设备,-0.12469699999999999,-0.14015143322103615,-0.14659,0.216959886497482,0.4291419622140004,,0.1449,83.0,-0.1316453335876353,-0.6,0.23333333333333334,poor,poor,poor,true,2,true,5,true,2,true,5,6.161752665594892,0.4973766751668196,13.370911793855303,high_volatility,false,false,none,-0.5128,0.0,0.36524999999999996,0.87805,0.6343153295863151,0.8919106217487707,0.6951426741143801,false,none,0.7842,-0.05369999999999997,124.74385245901641,122.66541529798218,-9.17008196721311,false,电气设备,false,1.0,false,rising,false,false,0.0,6.161752665594892,1.0,电气设备,-5.0,-2.0,3.0,0.3,0.5,0.350417761533866,0.7011899557935662,0.8420934110935149,true,false,-0.14015143322103615,0.216959886497482,,,,,,,0.07161803713527852,0,0.0,none,5.451814096273772,false,stable,17.0,趋势不可靠-2分(Bootstrap CI过宽: 0.879); 峰值大幅下跌-15分(从0.4跌至0.1，跌幅-67.1%),"","",0,0
688155.SH,先惠技术,电气设备,0.6415410000000001,-0.13463039403706453,-0.14455,0.1631351344002015,0.5000848479096691,,7.9031,108.0,0.22848615581418466,0.0,1.0,poor,poor,has_loss,true,2,true,3,true,1,true,5,22.19936038776771,5.2918835292360695,62.433929020890986,high_volatility,false,false,none,-3.7756499999999997,0.0,7.4415,11.21715,0.675200618219595,0.7609626214395493,0.9910435607564009,false,none,8.6668,6.2162,213.22655052364644,1134.8435249443498,89.05858250118196,false,电气设备,false,1.0,false,rising,false,false,0.0,22.19936038776771,1.0,电气设备,-5.0,-2.0,3.0,0.3,0.5,2.702827629690868,0.9739498395234408,4.295537935754556,true,false,0.3290338054508515,0.06950904930099597,,,,,,,0.07161803713527852,0,0.0,none,20.331201657156026,false,increasing_vol,2.0,趋势不可靠-2分(Bootstrap CI过宽: 0.681),turnaround,扭亏为盈(曾亏损2年 -> 最新7.9),0,1
688161.SH,威高骨科,医疗保健,1.05567,-0.25554647007832404,-0.39010000000000006,0.7133056530096011,0.07181661773445161,-0.21443208268213976,0.6855,56.88907059843352,-0.23015719157783843,-0.6,0.23333333333333334,has_near_zero,has_near_zero,has_near_zero,false,0,true,2,false,0,true,2,0.6083231915144741,0.713380606689024,1.4257695915408881,moderate,false,false,none,-0.3456,0.0,-0.21165,0.13395,0.20617587072524615,0.5735103264743273,0.27278466788350264,false,none,0.3869,-0.8102,-38.176406926406926,129.57133288680512,-73.06998556998558,false,医疗保健,true,6.599464166108507,true,rising,false,false,0.0,0.6083231915144741,1.0,医疗保健,-5.0,-2.0,3.0,0.3,0.5,-0.15775312978987138,0.22703206794905215,0.03934048603136664,false,false,-0.25554647007832404,0.7133056530096011,,,,,,,0.6067415730337079,0,0.0,none,0.30563890697450175,false,stable,43.11092940156648,轻度衰退-5.1分(log斜率-0.256); 持续衰退重罚-10.0分(最新<加权); 单年巨幅下滑-15.0分(年跌-73.1%); 相对加权下滑-10.0分(最新为加权64.9%); 趋势不可靠-2分(Bootstrap CI过宽: 0.494); 峰值大幅下跌-15分(从2.0跌至0.7，跌幅-65.2%),"","",0,0
688162.SH,巨一科技,专用机械,-0.26571100000000003,0.23369240593806417,0.13602999999999996,0.06382335223926133,0.6817929966512853,,1.277,82.22125222941895,0.2734153934860202,0.19999999999999998,0.8166666666666667,poor,poor,poor,true,3,true,2,true,3,true,2,7.457502242185426,2.285873587274677,19.429401017878117,high_volatility,false,false,none,0.11409999999999998,0.0,0.005319999999999947,-0.10878000000000003,0.12588037188031648,1.0,6.887864003336336e-6,false,none,4.8766,-5.955500000000001,-45.795661955091475,135.47616401822424,-252.79086548665055,false,专用机械,true,inf,true,rising,false,false,0.0,7.457502242185426,1.0,专用机械,-5.0,-2.0,3.0,0.3,0.5,-0.26399647330054354,0.018603924771834555,-1.441967241379837,false,false,0.23369240593806417,0.06382335223926133,,,,,,,0.6067415730337079,0,0.0,none,7.4244171138016695,true,increasing_vol,17.778747770581056,单年巨幅下滑-15.0分(年跌-252.8%); 波动率飙升预警-6.8分(近期波动是早期的3.4倍); 趋势不可靠-2分(Bootstrap CI过宽: 2.872); 峰值明显下跌-8分(从2.4跌至1.3，跌幅-45.8%),"","",0,0
688163.SH,赛伦生物,生物制药,0.6787299999999999,-0.18226689004573068,-0.23250000000000004,0.8107297233686186,0.037161345327936364,-0.21290580354870958,0.4644,46.35466219908538,-0.19515778074900172,-0.7999999999999999,0.08333333333333333,has_near_zero,has_near_zero,has_near_zero,false,0,true,3,false,0,true,3,0.5416838600443997,0.4054395355660323,1.2113884138520734,moderate,false,false,none,-0.29119999999999996,0.0,-0.08160000000000003,0.20959999999999993,0.3477849350206946,0.8422270147769286,0.2532446861311705,false,none,0.16109999999999997,-0.32430000000000003,-26.00382409177821,53.11572700296735,-51.673040152963665,false,生物制药,false,1.0,false,rising,false,false,0.0,0.5416838600443997,0.5666804213688531,生物制药,-5.0,-2.0,3.0,0.3,0.5,-0.0716007098143738,0.2379851060800866,0.14340532855461072,false,false,-0.18226689004573068,0.8107297233686186,,,,,,,0.435483870967742,0,0.0,none,0.22846142450483964,false,stable,53.64533780091462,轻度衰退-3.6分(log斜率-0.182); 持续衰退重罚-10.0分(最新<加权); 单年巨幅下滑-15.0分(年跌-51.7%); 相对加权下滑-10.0分(最新为加权68.4%); 峰值大幅下跌-15分(从1.2跌至0.5，跌幅-61.6%),"","",0,0
688165.SH,埃夫特-U,专用机械,-0.25239500000000004,-0.015097506688777185,-0.01594,0.14986225292145214,0.5197067682085631,,0.0219,73.90147282884713,0.03551330012499857,0.0,1.0,poor,poor,poor,true,4,true,5,true,5,true,5,0.651388316377523,0.17502804061064042,1.6821734276144398,high_volatility,false,false,none,-0.0027500000000000024,0.0,0.1518,0.15455,0.2168025958534215,0.0023352845933491137,0.43409622720938484,false,none,0.45199999999999996,-0.14839999999999998,107.77422790202343,105.09183910718436,-52.680156194533176,false,专用机械,true,inf,true,rising,false,false,0.0,0.651388316377523,1.0,专用机械,-5.0,-2.0,3.0,0.3,0.5,0.14999980906960697,0.44570373773610394,0.1526486785928112,false,false,0.05405392999968135,0.2503818242917303,,,,,,,0.07161803713527852,0,0.0,none,0.5674712895874459,true,increasing_vol,26.098527171152867,单年巨幅下滑-15.0分(年跌-52.7%); 周期顶部预警-5分(警惕景气回落); 波动率飙升预警-6.1分(近期波动是早期的3.0倍),"","",0,0
688166.SH,博瑞医药,化学制药,0.5306170000000001,0.03931016023757164,0.04359000000000002,0.2475566872235375,0.3937051720109203,0.11278595256790358,0.5813,84.88954433040149,0.045343629971231536,0.6,0.23333333333333334,has_near_zero,has_near_zero,has_near_zero,false,0,true,5,false,0,true,5,0.27707917684048,0.14339955718202202,0.6911543069134753,moderate,false,false,none,0.17885,0.0,-0.07774999999999999,-0.2566,0.3746126260080139,0.8532882668955573,0.3161699238428013,false,none,0.12030000000000002,-0.2758,-21.10477741585233,26.09544468546638,-37.43213897937025,false,化学制药,false,1.5982646420824294,true,rising,false,false,0.0,0.27707917684048,0.43476529375004125,化学制药,-5.0,-2.0,3.0,0.3,0.5,-0.06491496353872706,0.3004165314128913,-0.22091133919701747,false,true,0.03931016023757164,0.2475566872235375,,,,,,,0.435483870967742,0,0.0,none,0.2429775426326233,false,stable,15.110455669598508,单年巨幅下滑-15.0分(年跌-37.4%); 加速下滑-0.1分(加速度-0.22),"","",0,0
688168.SH,安博通,软件服务,-0.19632799999999995,0.0796134487842537,0.15624,0.010204480328306472,0.8715999553862919,,2.0402,98.0,0.19035521164701852,0.19999999999999998,0.8166666666666667,poor,poor,poor,true,2,true,2,true,2,true,2,7.038862351396543,1.7118513238596393,17.5,high_volatility,false,false,none,-1.2298,0.0,2.128,3.3578,0.6557183068374034,0.710676103517591,0.8465069648564433,false,none,3.6975,0.5585000000000002,192.0750970304179,223.10384360103782,25.205343442548973,false,软件服务,true,inf,true,rising,false,false,0.0,7.038862351396543,1.0,软件服务,-5.0,-2.0,3.0,0.3,0.5,1.498824727993517,0.8138394469437038,2.3876379348813113,true,false,0.0796134487842537,0.010204480328306472,,,,,,,0.07161803713527852,0,0.0,none,6.96518333676661,false,increasing_vol,2.0,周期顶部预警-5分(警惕景气回落); 趋势不可靠-2分(Bootstrap CI过宽: 2.514),"","",0,0
688172.SH,燕东微,半导体,0.37228700000000003,0.014812667856043883,0.014690000000000003,0.016920965063981788,0.8348445019553729,0.16380090685006277,0.2649,26.789903886613217,-0.007215707816974597,0.0,1.0,has_near_zero,has_near_zero,has_near_zero,false,0,true,5,false,0,true,5,0.5320388009295031,0.1957264340859456,1.412960748070023,volatile,false,false,none,0.2599,0.0,-0.19965,-0.45955,0.5794271283840693,0.9967512281576428,0.8784200556830508,true,severe,-0.07099999999999995,-0.32830000000000004,-60.117434507678404,-21.137243227150925,-49.42788316772057,false,半导体,false,1.0,true,falling,false,false,0.0,0.5320388009295031,0.5589643740769358,半导体,-5.0,-2.0,3.0,0.3,0.5,-0.1805978617487359,0.8852693929674099,-0.42019222677358425,false,true,0.014812667856043883,0.016920965063981788,,,,,,,0.9747292418772563,2,-0.5723619570065902,sustained_decline,0.5282792576689699,false,stable,73.21009611338678,复合恶化-14.0分(触发2项恶化信号); 严重恶化-15分; 单年巨幅下滑-15.0分(年跌-49.4%); 加速下滑-0.2分(加速度-0.42); 贝叶斯高置信度恶化-12分(恶化概率97.5%，严重恶化确认); 趋势不可靠-2分(Bootstrap CI过宽: 0.440); 峰值大幅下跌-15分(从0.7跌至0.3，跌幅-60.1%),"","",0,0
688176.SH,亚虹医药-U,化学制药,-0.5283610000000001,-0.12004255299338001,-0.13487000000000002,0.9261768285143431,0.008709275355348652,,-0.7455,37.81191159844368,-0.1221915013499492,-0.9999999999999999,0.016666666666666666,poor,poor,poor,true,5,true,5,true,5,true,5,0.45510961067754446,0.2220479790495739,0.9745849559335932,stable,false,false,none,-0.030899999999999983,0.0,-0.16079000000000002,-0.12989000000000003,0.43897933688574786,1.0,0.9375967008800616,true,severe,-0.04690000000000005,-0.2741,-75.6183745583039,-6.713426853707423,-64.57008244994111,false,化学制药,false,1.0,false,falling,false,false,0.0,0.45510961067754446,0.49742102187536896,化学制药,-5.0,-2.0,3.0,0.3,0.5,-0.1384287519918536,0.8508020191475983,-0.06549719146216196,false,true,-0.12004255299338001,0.9261768285143431,,,,,,,0.9872029250457038,4,-0.8960288325648011,chronic_decline,0.12685209321533397,false,increasing_vol,62.18808840155632,严重恶化-15分; 单年巨幅下滑-15.0分(年跌-64.6%); 加速下滑-0.0分(加速度-0.07); 贝叶斯高置信度恶化-12分(恶化概率98.7%，严重恶化确认); 波动率飙升预警-4.2分(近期波动是早期的2.1倍); 智能连续下跌-16分(4年实质性下跌，累计跌幅-176.1%),"","",0,0
688179.SH,阿拉丁,化学制药,0.283718,-0.030107307608189006,-0.03874,0.014535641003494599,0.8468660447454543,,0.5462,90.0,0.005547928824131632,0.0,1.0,has_loss,has_loss,has_loss,true,1,true,5,true,1,true,5,1.4240681305763543,0.4205842816844205,3.766844992212365,high_volatility,false,false,none,-0.5562499999999999,0.0,0.42615,0.9823999999999999,0.7099865948968921,0.989012463835481,0.9542863000424219,false,none,0.2646,0.5877,278.43841881738,93.96306818181817,191.99607971251226,false,化学制药,false,1.0,false,rising,false,false,0.0,1.4240681305763543,1.0,化学制药,-5.0,-2.0,3.0,0.3,0.5,0.4118295081785833,0.9476304501335896,0.9314139468166388,true,false,-0.030107307608189006,0.014535641003494599,,,,,,,0.07161803713527852,0,0.0,none,1.4088845084749573,false,stable,10.0,趋势不可靠-2分(Bootstrap CI过宽: 0.964); 峰值明显下跌-8分(从0.8跌至0.5，跌幅-32.3%),"","",0,0
688180.SH,君实生物-U,生物制药,-1.554124,0.00927032818509248,0.013309999999999978,0.019405105537974872,0.8232102310925586,,-1.4547,100.0,-0.046155752873424286,-0.19999999999999998,0.8166666666666667,poor,poor,poor,true,5,true,1,true,5,false,0,0.34450456608347996,0.525679517386782,0.8976997181990958,moderate,false,false,none,1.0049000000000001,0.0,-0.2598100000000001,-1.2647100000000002,0.4663167056738894,1.0,0.3125962576527056,false,none,0.5793999999999999,-0.2269000000000001,19.50531208499335,28.48434196942136,-12.555334218680839,false,生物制药,false,inf,true,rising,false,false,0.0,0.34450456608347996,1.0,生物制药,-5.0,-2.0,3.0,0.3,0.5,0.09228114315102054,0.39664862417930524,0.12669799845086593,false,false,-0.06041502678319154,0.08504806162336875,,,,,,,0.07161803713527852,0,0.0,none,0.33042384917018536,false,decreasing_vol,0.0,"","","",0,0
688181.SH,八亿时空,元器件,1.6803249999999998,-0.010735367164850775,-0.018109999999999984,0.007776648372861998,0.8878646784143907,-0.015362780351930061,1.2538,33.843823279495524,-0.008468072824262124,-0.19999999999999998,0.8166666666666667,good,good,good,false,0,false,0,false,0,false,0,0.21623637214186947,0.3653054023690314,0.4428843717813635,moderate,false,false,none,0.6680999999999997,0.0,-0.21395999999999993,-0.8820599999999996,0.6373149615447071,1.0,0.609029615447071,true,severe,-0.7273000000000001,0.10499999999999998,-33.16987367411119,-36.71192771692494,5.596716592932145,false,元器件,false,1.0615372314908587,true,falling,false,false,0.0,0.21623637214186947,0.3145273952456101,元器件,-5.0,-2.0,3.0,0.3,0.5,-0.168423617229723,0.6442754976330405,-0.31235344100895956,false,true,-0.010735367164850775,0.007776648372861998,,,,,,,0.9866768176627332,1,0.0,cliff_drop,0.21557104979662328,false,stable,66.15617672050448,复合恶化-14.0分(触发2项恶化信号); 严重恶化-15分; 单年巨幅下滑-15.0分(年跌-36.7%); 加速下滑-0.2分(加速度-0.31); 贝叶斯高置信度恶化-12分(恶化概率98.7%，严重恶化确认); 趋势不可靠-2分(Bootstrap CI过宽: 0.341); 峰值明显下跌-8分(从2.0跌至1.3，跌幅-37.4%),"","",0,0
688188.SH,柏楚电子,专用机械,4.8181449999999995,0.0643682409870908,0.29349,0.3343604719046422,0.30714432684312004,0.06344040180448918,4.6358,90.0,0.06798577867094707,0.39999999999999997,0.48333333333333334,good,good,good,false,0,false,0,false,0,false,0,0.18035877948837478,0.842528002501994,0.48351671875668967,stable,false,false,none,1.346,0.0,0.06362999999999994,-1.2823700000000002,0.4349320106267975,1.0,0.013771934346921777,true,moderate,-1.2476000000000003,1.641,9.273052988874216,-21.205425434272705,38.6809353196304,false,专用机械,false,1.279240524231567,true,falling,false,false,0.0,0.18035877948837478,0.31485242682157544,专用机械,-5.0,-2.0,3.0,0.3,0.5,0.04325252160796045,0.06802716672969382,-0.032977676083982166,false,false,0.0643682409870908,0.3343604719046422,,,,,,,0.7873633049817741,1,0.0,single_year_drop,0.15053641662539857,false,stable,10.0,中度恶化-10分; 贝叶斯中度恶化预警-5分(恶化概率78.7%),"","",0,0
688192.SH,迪哲医药-U,生物制药,-1.613438,-0.0579710965708331,-0.09671500000000005,0.7729960995892527,0.04947589372793605,,-1.5576,77.0,-0.08506480230963939,-0.7999999999999999,0.08333333333333333,poor,poor,poor,true,5,false,0,true,5,false,0,0.3149074617981525,0.4892969159927334,0.7925188894180644,moderate,false,false,none,-0.17095000000000005,0.0,-0.03785000000000005,0.1331,0.183069079676353,0.9102940918422855,0.0058906723836915946,false,none,0.8137999999999999,-0.8895,-5.108306903299824,34.31728093109555,-60.02429313718874,false,生物制药,false,1.0,false,rising,false,false,0.0,0.3149074617981525,0.3852593027718554,生物制药,-5.0,-2.0,3.0,0.3,0.5,-0.02080701408678509,0.008343570190085928,0.083039454508397,false,false,-0.1069550004564539,0.47842388613381553,,,,,,,0.2783505154639176,0,0.0,none,0.24128101577456945,true,increasing_vol,23.0,单年巨幅下滑-15.0分(年跌-60.0%); 波动率飙升预警-8.0分(近期波动是早期的5.0倍),"","",0,0
688195.SH,腾景科技,元器件,0.507785,0.014054818830851495,0.015449999999999998,0.13016631282805385,0.55080331458523,0.05845156800253459,0.5397,98.0,0.021617081909473312,0.19999999999999998,0.8166666666666667,has_near_zero,has_near_zero,has_near_zero,false,0,true,5,false,0,true,5,0.13766286162895003,0.06883969058617274,0.31056273247210336,stable,false,false,none,0.15360000000000001,0.0,-0.004130000000000011,-0.15773000000000004,0.24790499241110656,1.0,0.006652401315667633,false,none,0.020999999999999908,0.09040000000000004,26.009806210600033,4.048582995951399,21.106700910576706,false,元器件,false,1.3625963109969648,true,rising,false,false,0.0,0.13766286162895003,0.2918097974360887,元器件,-5.0,-2.0,3.0,0.3,0.5,0.05012727759823934,0.8832495696883786,0.05090838710910977,false,false,0.014054818830851495,0.13016631282805385,,,,,,,0.07161803713527852,0,0.0,none,0.12870357902858975,true,decreasing_vol,2.0,波动聚集提示-2分(大波动后可能跟着大波动),"","",0,0
688197.SH,首药控股-U,化学制药,-1.096825,-0.08454419010456782,-0.12408999999999999,0.8169859962144561,0.03525657813110378,,-1.3231,46.15126050420168,-0.08395768898525416,-0.7999999999999999,0.08333333333333333,poor,poor,poor,true,5,true,3,true,5,true,3,0.2096239555983607,0.2169146767740717,0.466862521502155,ultra_stable,false,false,none,-0.01535000000000003,0.0,-0.22619999999999996,-0.21084999999999993,0.44536774113048655,0.10566205124449025,0.9263153600603756,true,severe,-0.11569999999999991,-0.3367,-51.958194556104274,-9.582574126221626,-38.670035603537386,false,化学制药,false,inf,true,falling,false,false,0.0,0.2096239555983607,1.0,化学制药,-5.0,-2.0,3.0,0.3,0.5,-0.1527639886869907,0.9142985442496591,-0.14109900158068056,false,false,-0.08454419010456782,0.8169859962144561,,,,,,,0.9507042253521126,2,-0.7521963976328729,sustained_decline,0.08939049454432105,false,increasing_vol,53.84873949579832,严重恶化-15分; 单年巨幅下滑-15.0分(年跌-38.7%); 贝叶斯高置信度恶化-12分(恶化概率95.1%，严重恶化确认); 波动率飙升预警-5.8分(近期波动是早期的2.9倍); 连续下跌警示-6分(2年下跌，累计-57.5%),"","",0,0
688198.SH,佰仁医疗,医疗保健,0.9176500000000001,0.091464144798864,0.11658,0.7888675981544597,0.04412438437064605,0.17017365966035802,0.9915,98.0,0.09046216453757862,0.7999999999999999,0.08333333333333333,has_near_zero,has_near_zero,has_near_zero,false,0,true,4,false,0,true,4,0.23963201143569837,0.20593016534738176,0.5874138894060696,ultra_stable,false,false,none,0.21044999999999997,0.0,0.02090000000000003,-0.18954999999999994,0.5105877848142812,0.9785635522813273,0.24821429586148527,false,none,-0.042100000000000026,0.08390000000000009,4.401389912603987,-4.073142414860683,8.834368748025701,false,医疗保健,false,1.0,true,falling,false,false,0.0,0.23963201143569837,0.325038942481892,医疗保健,-5.0,-2.0,3.0,0.3,0.5,0.014997604154916577,0.2534627024716507,-0.1542690549696087,false,false,0.091464144798864,0.7888675981544597,,,,,,,0.27835051546391754,0,0.0,none,0.10684112349101964,true,decreasing_vol,2.0,波动聚集提示-2分(大波动后可能跟着大波动),"","",0,0
688208.SH,道通科技,IT设备,0.60425,0.16080416844644152,0.2057,0.07869628627760782,0.6475616227655066,,1.6542,113.0,0.23949362017994885,0.19999999999999998,0.8166666666666667,poor,poor,poor,true,2,true,3,true,2,true,3,1.9794014096914254,1.073904440813986,4.611088583330261,high_volatility,false,false,none,-1.05705,0.0,1.2508499999999998,2.3079,0.6860427358621362,0.922478207674092,0.9379491509472696,false,none,0.6935999999999999,1.8081,295.1858407079646,72.2048719550281,213.34513274336283,false,IT设备,false,1.0,false,rising,false,false,0.0,1.9794014096914254,1.0,IT设备,-5.0,-2.0,3.0,0.3,0.5,1.023347666831502,0.8974327975472182,1.936973931176283,true,false,0.16080416844644152,0.07869628627760782,,,,,,,0.07161803713527852,0,0.0,none,1.8864403659835238,false,stable,2.0,趋势不可靠-2分(Bootstrap CI过宽: 2.084),high_growth,"高速成长(稳健CAGR=23.9%, MK趋势=0.20)",1,0
688209.SH,英集芯,半导体,0.22058500000000003,0.07613839785923823,0.07895000000000002,0.1627201008995178,0.5006837385529334,,0.5449,98.0,0.09754540849427615,0.39999999999999997,0.48333333333333334,poor,poor,poor,true,2,true,5,true,2,true,5,1.5752918984896127,0.31017497481260475,3.275774504824784,high_volatility,false,false,none,-0.020050000000000012,0.0,0.3225,0.34255,0.2854615050328398,0.0034519985272709513,0.9465783008023225,false,none,0.45520000000000005,0.1898,644.3556443556444,507.469342251951,189.6103896103896,false,半导体,true,inf,true,rising,false,false,0.0,1.5752918984896127,1.0,半导体,-5.0,-2.0,3.0,0.3,0.5,0.3104702608683888,0.9518426519084235,0.3304550228334601,false,false,0.07613839785923823,0.1627201008995178,,,,,,,0.07161803713527852,0,0.0,none,1.4420861014277329,false,decreasing_vol,2.0,周期顶部预警-5分(警惕景气回落); 趋势不可靠-2分(Bootstrap CI过宽: 0.584),"","",0,0
688210.SH,统联精密,元器件,1.0433960000000002,0.11414661750968769,0.15852,0.6166467655096456,0.11552314458439208,0.2627945782544867,1.3986,96.0,0.10431069511967803,0.6,0.23333333333333334,has_near_zero,has_near_zero,has_near_zero,false,0,true,3,false,0,true,3,0.31906308575362874,0.31773578331689367,0.8521449228791773,stable,false,false,none,0.43879999999999997,0.0,0.09412000000000001,-0.34468,0.33339124868488,1.0,0.2851029252019278,false,none,0.5218,-0.2882,20.051502145922747,59.51186131386862,-24.738197424892704,false,元器件,false,1.3286952554744527,true,rising,false,false,0.0,0.31906308575362874,0.4324098359994967,元器件,-5.0,-2.0,3.0,0.3,0.5,0.07189782428488511,0.17146105219699098,-0.1620481491018725,false,false,0.11414661750968769,0.6166467655096456,,,,,,,0.07161803713527852,0,0.0,none,0.1960964618124519,false,stable,4.0,"趋势不确定预警-4分(Bootstrap CI跨零: [-0.061, 0.250])","","",0,0
688217.SH,睿昂基因,医疗保健,1.2015230000000001,-0.11172864018583657,-0.18078999999999998,0.7035016173578426,0.07582101690277727,-0.10586410595810591,1.0738,72.7640295647413,-0.09556686569959355,-0.7999999999999999,0.08333333333333333,good,good,good,false,0,true,1,false,0,true,1,0.263884698148238,0.3313758485466314,0.6948780021660189,stable,false,false,none,-0.2770999999999999,0.0,-0.14945999999999998,0.12763999999999992,0.2213237854067549,1.0,0.5212763669569701,false,none,0.2664000000000001,-0.5073,-18.32357191754772,32.99479811741393,-38.58674982885829,false,医疗保健,false,1.0,false,rising,false,false,0.0,0.263884698148238,0.34444109185192373,医疗保健,-5.0,-2.0,3.0,0.3,0.5,-0.07738733665158992,0.19590360766949116,0.024239372064004838,false,false,-0.11172864018583657,0.7035016173578426,,,,,,,0.435483870967742,0,0.0,none,0.1334831251092914,false,increasing_vol,27.235970435258693,单年巨幅下滑-15.0分(年跌-38.6%); 波动率飙升预警-4.2分(近期波动是早期的2.1倍); 峰值明显下跌-8分(从1.7跌至1.1，跌幅-36.1%),"","",0,0
688220.SH,翱捷科技-U,半导体,-1.2883380000000002,0.06944328772052802,0.11074000000000002,0.20261101342233925,0.44687389247900644,,-0.9649,83.0,0.05087721705686002,0.19999999999999998,0.8166666666666667,poor,poor,poor,true,5,true,2,true,5,true,2,0.29507524651450684,0.38995964278371165,0.6438602863282787,moderate,false,false,none,-0.21700000000000008,0.0,0.14226000000000003,0.35926000000000013,0.19962123641439594,1.0,0.17540372031273282,false,none,0.6548999999999999,-0.7736999999999999,-14.040893511405276,40.430917397209534,-91.44309183311665,false,半导体,false,inf,true,rising,false,false,0.0,0.29507524651450684,1.0,半导体,-5.0,-2.0,3.0,0.3,0.5,-0.04403604117529397,0.028275472376103627,-0.25171341867653463,false,false,0.06944328772052802,0.20261101342233925,,,,,,,0.2783505154639176,0,0.0,none,0.26365779743857015,false,stable,17.0,单年巨幅下滑-15.0分(年跌-91.4%); 趋势不可靠-2分(Bootstrap CI过宽: 0.444),"","",0,0
688221.SH,前沿生物-U,生物制药,-0.619465,-0.0008493398600559199,-0.0012900000000000134,0.00012044208871927589,0.9860269716646735,,-0.4606,100.0,-0.006336875667609883,0.0,1.0,poor,poor,poor,true,5,true,5,true,5,true,5,0.23107537379821363,0.14299406281381055,0.5025694062893894,moderate,false,false,none,-0.1493,0.0,0.15549999999999997,0.30479999999999996,0.5453614807700355,0.9592484030091653,0.8847664046911893,false,none,0.25270000000000004,0.05829999999999991,40.30585795749092,35.42688910696762,7.555728356661471,false,生物制药,false,1.0,false,rising,false,false,0.0,0.23107537379821363,0.31819363237190423,生物制药,-5.0,-2.0,3.0,0.3,0.5,0.13232044320785266,0.8778014947502579,0.25902285172574524,true,false,-0.0008493398600559199,0.00012044208871927589,,,,,,,0.07161803713527852,0,0.0,none,0.23105186506763808,false,stable,0.0,"","","",0,0
688222.SH,成都先导,化学制药,0.20028700000000002,0.0819836901138925,0.08349000000000001,0.9261782803539592,0.008709014412226745,1.9895286360661841,0.3195,100.0,0.08455663225263789,0.9999999999999999,0.016666666666666666,has_near_zero,has_near_zero,has_near_zero,false,0,true,5,false,0,true,5,0.7830529731450797,0.13722220301394378,1.8003880392604428,moderate,false,false,none,0.1046,0.0,0.08136,-0.023239999999999997,0.19428697895852887,1.0,0.8559822747797085,false,none,0.007000000000000006,0.1809,142.78115501519758,2.240000000000002,137.46200607902736,false,化学制药,false,1.0,false,rising,false,false,0.0,0.7830529731450797,0.7597757118493971,化学制药,-5.0,-2.0,3.0,0.3,0.5,0.091538328488635,0.7773060657408514,0.027926784943988425,false,false,0.0819836901138925,0.9261782803539592,,,,,,,0.07161803713527852,0,0.0,none,0.21378158618997778,false,stable,0.0,"","","",0,0
688225.SH,亚信安全,软件服务,0.5436710000000001,-0.25714390004159865,-0.27401000000000003,0.45115598679385305,0.21435729703954964,,2.8635,72.01781869920647,-0.19271530278655066,-0.19999999999999998,0.8166666666666667,poor,poor,poor,true,2,true,4,true,3,true,5,3.361689211664903,1.500926999224146,8.537448485934421,high_volatility,false,false,none,-0.6109,0.0,1.75765,2.36855,0.6539783739070165,0.8526305946217206,0.6871531444484443,false,none,3.8118000000000003,-0.2965,539.3218778766493,401.96140461879156,-45.48941393065357,false,软件服务,false,1.0,false,rising,false,false,0.0,3.361689211664903,1.0,软件服务,-5.0,-2.0,3.0,0.3,0.5,1.1935535169246099,0.6778510819206248,1.7713852154312941,true,false,0.12294409158488398,0.03458263581167749,,,,,,,0.07161803713527852,0,0.0,none,3.1598548293218647,false,increasing_vol,27.982181300793524,轻度衰退-5.1分(log斜率-0.257); 单年巨幅下滑-15.0分(年跌-45.5%); 波动率飙升预警-6.7分(近期波动是早期的3.4倍); 趋势不可靠-2分(Bootstrap CI过宽: 0.915),"","",0,0
688226.SH,威腾电气,电气设备,-0.265533,0.17939128407111882,0.191295,0.40438493651766366,0.24881212569069144,,0.7447,78.64045214045214,0.06315804014472777,0.0,1.0,poor,poor,poor,true,3,true,4,true,3,true,5,2.751328433124562,0.7834682846165503,7.5512712459615114,high_volatility,false,false,none,-0.10290000000000002,0.0,0.62025,0.72315,0.34606910842573096,0.15521365311267699,0.3302059219104908,false,none,2.1503,-0.9097999999999999,250.20169423154493,152.98093340922028,-183.5014118596208,false,电气设备,true,inf,true,rising,false,false,0.0,2.751328433124562,1.0,电气设备,-5.0,-2.0,3.0,0.3,0.5,0.5831769325837921,0.3961984814143135,0.6788621147339374,false,false,0.07858363275042819,0.03425648746492663,,,,,,,0.07161803713527852,0,0.0,none,2.728217471643103,true,increasing_vol,21.35954785954786,单年巨幅下滑-15.0分(年跌-183.5%); 周期顶部预警-5分(警惕景气回落); 波动率飙升预警-7.4分(近期波动是早期的3.7倍); 趋势不可靠-2分(Bootstrap CI过宽: 0.729),"","",0,0
688230.SH,芯导科技,半导体,0.9139670000000001,-0.1444364987746779,-0.20571000000000003,0.6638435852064186,0.0929959854567128,-0.1337641806284049,0.7207,81.0,-0.15801963370200722,-0.6,0.23333333333333334,has_near_zero,has_near_zero,has_near_zero,false,0,true,3,false,0,true,3,0.41499011073283937,0.4048975512398167,0.9618932436864546,moderate,false,false,none,-0.25780000000000003,0.0,-0.02184999999999998,0.23595000000000005,0.19872674476834368,0.4400445547756844,0.05615900617123958,false,none,0.13329999999999997,-0.17699999999999994,-5.716902145473569,22.693224378617632,-23.155416012558863,false,半导体,false,2.5977187606401086,true,rising,false,false,0.0,0.41499011073283937,0.6783545900049527,半导体,-5.0,-2.0,3.0,0.3,0.5,-0.017542591439371646,0.052490215315175094,0.16324253631770896,false,false,-0.1444364987746779,0.6638435852064186,,,,,,,0.2783505154639176,0,0.0,none,0.24715499189544674,false,decreasing_vol,19.0,"趋势不确定预警-4分(Bootstrap CI跨零: [-0.351, 0.001]); 峰值大幅下跌-15分(从1.5跌至0.7，跌幅-52.8%)","","",0,0
688232.SH,新点软件,软件服务,0.6222400000000001,0.021321136056135444,0.02932000000000001,0.021948087024810988,0.8120633002912451,-0.15802150059009223,0.7991,83.3542810634604,-0.16529335898156378,-0.39999999999999997,0.48333333333333334,has_near_zero,has_near_zero,has_near_zero,false,0,true,4,false,0,true,5,0.8303253005269429,0.5668796891757545,2.103790719475041,high_volatility,false,false,none,-0.6535500000000001,0.0,0.2581,0.9116500000000001,0.6807939848421289,0.9134010205550707,0.5712388278662178,false,none,0.6454,-0.12919999999999998,182.4673029338989,419.90891346779443,-45.66984800282785,false,软件服务,false,1.0,false,rising,false,false,0.0,0.8303253005269429,0.7975935737548876,软件服务,-5.0,-2.0,3.0,0.3,0.5,0.22635454350718617,0.5529659632307563,0.7085621269208192,true,false,-0.14287325556455963,0.2774129576718154,,,,,,,0.07161803713527852,0,0.0,none,0.6866225202125782,false,decreasing_vol,16.64571893653959,单年巨幅下滑-15.0分(年跌-45.7%); 趋势不可靠-2分(Bootstrap CI过宽: 0.440); 峰值明显下跌-8分(从1.6跌至0.8，跌幅-49.7%),"","",0,0
688233.SH,神工股份,半导体,0.8654570000000001,0.0006937542171794209,-0.00021999999999997578,0.00012737249254844533,0.9856305970800455,0.02896644073701715,1.0154,87.60109779419004,-0.03621475714944887,-0.19999999999999998,0.8166666666666667,has_near_zero,has_near_zero,has_near_zero,false,0,true,3,false,0,true,3,0.29663894630277626,0.2610007432939607,0.794785534062237,moderate,false,false,none,-0.04620000000000002,0.0,0.10100000000000003,0.14720000000000005,0.16139702114458684,0.0580299547564786,0.14104852105074173,false,none,0.5327000000000001,-0.3307,24.834029997541194,110.35840066293765,-40.65650356528153,false,半导体,false,2.4487259167184585,true,rising,false,false,0.0,0.29663894630277626,0.5638079459380155,半导体,-5.0,-2.0,3.0,0.3,0.5,0.07456174094287943,0.11865277819143272,0.1095987890988867,false,false,-0.03806148931164177,0.08826107274497537,,,,,,,0.07161803713527852,0,0.0,none,0.2838153981822749,false,stable,12.398902205809957,单年巨幅下滑-15.0分(年跌-40.7%),"","",0,0
688234.SH,天岳先进,半导体,0.023323999999999998,0.06829264548522365,0.06908000000000002,0.21039800199413894,0.43715583781505496,,0.1534,100.0,0.11594281180245747,0.39999999999999997,0.48333333333333334,poor,poor,poor,true,2,true,5,true,2,true,5,91.7117138730841,0.23845045607001888,233.15384615384596,high_volatility,false,false,none,0.6062000000000001,0.0,-0.023140000000000004,-0.6293400000000001,0.46523112033305297,1.0,0.027502898680100266,false,none,0.1232,0.167,212.13450292397658,407.9470198675497,122.07602339181287,false,半导体,true,inf,true,rising,false,false,0.0,91.7117138730841,1.0,半导体,-5.0,-2.0,3.0,0.3,0.5,0.14459076421148054,0.9923549563268398,0.05539120874679797,false,false,0.06829264548522365,0.21039800199413894,,,,,,,0.07161803713527852,0,0.0,none,81.52440372285376,true,decreasing_vol,12.0,波动聚集提示-2分(大波动后可能跟着大波动); 趋势不可靠-2分(Bootstrap CI过宽: 0.330); 峰值明显下跌-8分(从0.3跌至0.2，跌幅-46.4%),cyclical_bottom,"周期底部(mid_up), 近期强势(14.5%)",0,0
688235.SH,百济神州-U,生物制药,-4.368821,-0.046590995291609795,-0.23095000000000018,0.30010666834542743,0.33915033409923223,,-0.9075,95.80977508650518,0.057169906589454644,0.39999999999999997,0.48333333333333334,poor,poor,poor,true,5,true,1,true,5,false,0,0.47344088398570605,2.1729042811407964,1.154610423566324,volatile,false,false,none,-0.7007000000000003,0.0,2.4219500000000003,3.1226500000000006,0.6277255073699917,0.5243132747581537,0.7529417989417628,false,none,4.8249,0.019000000000000128,84.22123309107347,84.16893447770568,0.3303543485064528,false,生物制药,false,1.0,false,rising,false,false,0.0,0.47344088398570605,0.5120860405218982,生物制药,-5.0,-2.0,3.0,0.3,0.5,0.8178163572897875,0.7514948020239028,0.9547081360433928,true,false,0.2802098151218414,0.3773792255120753,,,,,,,0.07161803713527852,0,0.0,none,0.3998351204058755,false,increasing_vol,4.190224913494811,波动率飙升预警-4.2分(近期波动是早期的2.1倍),"","",0,0
688246.SH,嘉和美康,软件服务,-1.066186,0.040771543750554654,0.057579999999999965,0.027354391398719414,0.7903808765111768,,-0.4916,98.0,0.07271128995846053,0.19999999999999998,0.8166666666666667,poor,poor,poor,true,5,true,2,true,5,true,2,0.5386951308494464,0.5836546264701412,1.2815424658039982,volatile,false,false,none,-0.65005,0.0,0.69425,1.3443,0.7262006546626614,0.9687413569372649,0.9841606487994664,false,none,0.5417000000000001,0.8468,73.8524546566672,52.424271750701635,45.04015743843412,false,软件服务,false,1.0,false,rising,false,false,0.0,0.5386951308494464,0.5642894380128904,软件服务,-5.0,-2.0,3.0,0.3,0.5,0.45750288994397764,0.9988859483877772,0.8760490206640539,true,false,0.040771543750554654,0.027354391398719414,,,,,,,0.07161803713527852,0,0.0,none,0.5321011037177934,false,stable,2.0,趋势不可靠-2分(Bootstrap CI过宽: 0.906),"","",0,0
688247.SH,宣泰医药,化学制药,0.24615599999999999,-0.07373503072956648,-0.07768,0.4333651050761919,0.22707718111159944,-0.13365402410670046,0.2873,77.0,-0.13480203703433413,-0.6,0.23333333333333334,has_near_zero,has_near_zero,has_near_zero,false,0,true,5,false,0,true,5,0.6844632136326407,0.1844354575454514,1.7865360350330288,volatile,false,false,none,-0.1743,0.0,0.06295,0.23725000000000002,0.4704848663497876,0.9935628760139869,0.23678578748388887,false,none,0.2587,-0.13279999999999997,78.00495662949196,904.5454545454545,-82.2800495662949,false,化学制药,false,1.0,false,rising,false,false,0.0,0.6844632136326407,0.6809039042394459,化学制药,-5.0,-2.0,3.0,0.3,0.5,0.061390138145985026,0.2319276261100209,0.2261055461756527,false,false,-0.07373503072956648,0.4333651050761919,,,,,,,0.07161803713527852,0,0.0,none,0.5106134682437395,false,stable,23.0,单年巨幅下滑-15.0分(年跌-82.3%); 峰值明显下跌-8分(从0.5跌至0.3，跌幅-43.7%),"","",0,0
688248.SH,南网科技,电气设备,0.541575,0.13341996013448149,0.14945000000000003,0.47775716860366185,0.19617013420020013,0.1600310663780935,0.6519,90.0,0.11946280433578296,0.6,0.23333333333333334,has_near_zero,has_near_zero,has_near_zero,false,0,true,5,false,0,true,5,0.6834577735475559,0.33950081443201285,1.8333534645891214,volatile,false,false,none,-0.3488,0.0,0.23053000000000004,0.57933,0.41486692555875415,1.0,0.607123726535389,true,moderate,-0.27,0.3832000000000001,21.01355114163729,-29.287341360234297,71.1342119918322,false,电气设备,true,82.3125,true,falling,false,false,0.0,0.6834577735475559,1.0,电气设备,-5.0,-2.0,3.0,0.3,0.5,0.04863051451590761,0.09441049335685556,-0.03282463835642904,false,false,0.13341996013448149,0.47775716860366185,,,,,,,0.6492985971943889,1,0.0,single_year_drop,0.49073439418707077,false,stable,10.0,中度恶化-10分; 周期回落期-3分(景气下行趋势); 趋势不可靠-2分(Bootstrap CI过宽: 0.409),"","",0,0
688253.SH,英诺特,医疗保健,2.261704,0.12226130792512734,0.23970000000000002,0.3950751606100308,0.25607517171621036,-0.2270126450880111,2.2385,83.0,0.031980558462574804,0.0,1.0,good,good,good,false,0,true,1,false,0,true,1,0.8849157726555689,2.192378826754172,2.1557214934409688,high_volatility,false,false,none,-5.2299999999999995,0.0,0.45761,5.687609999999999,0.8548830051099998,1.0,0.8394547266492806,false,none,0.3287000000000002,0.9805999999999999,140.9061558329746,17.211226306419533,105.53164012053378,false,医疗保健,false,1.0,false,rising,false,false,0.0,0.8849157726555689,0.8412659514577885,医疗保健,-5.0,-2.0,3.0,0.3,0.5,0.3575316073974613,0.8927779741606532,1.2099360060858333,true,false,-0.1486314609427555,0.11844631867699475,,,,,,,0.07161803713527852,0,0.0,none,0.7565256657343155,false,decreasing_vol,17.0,趋势不可靠-2分(Bootstrap CI过宽: 0.575); 峰值大幅下跌-15分(从6.3跌至2.2，跌幅-64.3%),"","",0,0
688256.SH,寒武纪-U,半导体,-2.417306,-0.3111837754919766,-0.63382,0.49987380352873456,0.18177046312439257,,-3.8758,47.77632449016047,-0.3344767473468405,-0.6,0.23333333333333334,poor,poor,poor,true,5,true,1,true,5,true,1,0.6406776657400676,1.4268916700296488,1.5919377143986064,volatile,false,false,none,-1.852,0.0,-0.31920999999999994,1.53279,0.4338944108098734,1.0,0.13971688785459122,true,severe,-2.4463,1.8883999999999999,-16.814852768317312,-171.12976565232597,56.915518852286084,false,半导体,true,inf,true,falling,false,false,0.0,0.6406776657400676,1.0,半导体,-5.0,-2.0,3.0,0.3,0.5,-0.07484435013690316,0.023574770854631135,0.7200962104193223,false,false,-0.3111837754919766,0.49987380352873456,,,,,,,0.9737039819684448,1,0.0,cliff_drop,0.4560635593464919,false,stable,52.22367550983953,轻度衰退-6.2分(log斜率-0.311); 严重恶化-15分; 持续衰退重罚-10.0分(最新<加权); 单年巨幅下滑-15.0分(年跌-171.1%); 贝叶斯高置信度恶化-12分(恶化概率97.4%，严重恶化确认); 趋势不可靠-2分(Bootstrap CI过宽: 1.108),"","",0,0
688260.SH,昀冢科技,元器件,0.19047900000000006,-0.09531933080472346,-0.12087000000000003,0.056538815639217484,0.7001280207731208,,0.7506,90.0,-0.11992168690439962,-0.39999999999999997,0.48333333333333334,poor,poor,poor,true,3,true,4,true,3,true,4,3.124794159073964,0.7085158276284306,6.940989679809473,high_volatility,false,false,none,-0.7792,0.0,0.5597000000000001,1.3389000000000002,0.6634019187323963,0.8943352888558345,0.7396838984681288,false,none,1.1348,-0.01539999999999997,303.5249457700651,295.36699635606453,-4.175704989154005,false,元器件,false,1.0,false,rising,false,false,0.0,3.124794159073964,1.0,元器件,-5.0,-2.0,3.0,0.3,0.5,0.527270289431,0.7397517343753155,1.212376099005212,true,false,-0.09531933080472346,0.056538815639217484,,,,,,,0.07161803713527852,0,0.0,none,3.008971484434407,false,stable,10.0,趋势不可靠-2分(Bootstrap CI过宽: 1.266); 峰值明显下跌-8分(从1.2跌至0.8，跌幅-36.9%),"","",0,0
688265.SH,南模生物,医疗保健,0.7307940000000002,-0.10328625617836562,-0.13562000000000002,0.16081123845851522,0.50345002027426,-0.023620844881758196,0.9179,102.0,-0.06378165122859464,-0.19999999999999998,0.8166666666666667,has_near_zero,has_near_zero,has_near_zero,false,0,true,3,false,0,true,3,0.665864879980671,0.5137014376074881,1.5389899932597084,high_volatility,false,false,none,-0.38385,0.0,0.33780000000000004,0.7216500000000001,0.47502859856393903,0.4064371213919173,0.7669759941668636,false,none,0.6603000000000001,0.015300000000000008,278.8278992983905,256.32763975155285,6.314486174164263,false,医疗保健,true,5.900123813454395,true,rising,false,false,0.0,0.665864879980671,1.0,医疗保健,-5.0,-2.0,3.0,0.3,0.5,0.2910615858947727,0.7691110921107194,0.6152802618935885,true,false,-0.10328625617836562,0.16081123845851522,,,,,,,0.07161803713527852,0,0.0,none,0.6050776678127885,false,decreasing_vol,10.0,趋势不可靠-2分(Bootstrap CI过宽: 0.808); 峰值明显下跌-8分(从1.4跌至0.9，跌幅-35.8%),cyclical_bottom,"周期底部(mid_up), 近期强势(29.1%)",0,0
688266.SH,泽璟制药-U,生物制药,-0.99595,0.053955939243518304,0.09046000000000004,0.15042821304689516,0.518849567040824,,0.1443,108.84793307086615,0.313065599098752,0.6,0.23333333333333334,poor,poor,poor,true,4,true,2,true,5,true,1,0.7098234349109953,0.7957262670039239,1.8185224170844412,volatile,false,false,none,-0.4616,0.0,0.67796,1.13956,0.6953078309962668,1.0,0.9530783099626678,false,none,1.0236,0.6638,109.35130581297389,116.41078130330946,43.017302831961636,false,生物制药,false,1.0,false,rising,false,false,0.0,0.7098234349109953,0.7011920812621296,生物制药,-5.0,-2.0,3.0,0.3,0.5,0.681119649123276,0.9550006947441516,0.7119160308479565,false,false,0.3203232198590795,0.6784612706867801,,,,,,,0.07161803713527852,0,0.0,none,0.39760213229066305,true,increasing_vol,6.152066929133857,波动率飙升预警-4.2分(近期波动是早期的2.1倍); 趋势不可靠-2分(Bootstrap CI过宽: 0.377),high_growth,"高速成长(稳健CAGR=31.3%, MK趋势=0.60)",1,0
688272.SH,富吉瑞,元器件,-0.15282200000000007,0.05761201485809264,0.06186000000000002,0.011673583961078336,0.8627017662448782,,0.3847,83.0,-0.032388886804269955,0.0,1.0,poor,poor,poor,true,2,true,3,true,2,true,3,5.633662823205797,0.9654971346410096,12.26164079822616,high_volatility,false,false,none,-1.9546999999999999,0.0,0.61941,2.57411,0.6767277345492501,1.0,0.7672773454925005,false,none,0.030200000000000005,1.6359000000000001,130.021851100359,8.519040902679832,127.66505384735444,false,元器件,false,1.0,false,rising,false,false,0.0,5.633662823205797,1.0,元器件,-5.0,-2.0,3.0,0.3,0.5,0.7214258455872149,0.7647184440167769,1.6290602541127577,true,false,0.05761201485809264,0.011673583961078336,,,,,,,0.07161803713527852,0,0.0,none,5.604680227530294,false,stable,17.0,趋势不可靠-2分(Bootstrap CI过宽: 1.839); 峰值大幅下跌-15分(从0.8跌至0.4，跌幅-53.1%),"","",0,0
688273.SH,麦澜德,医疗保健,1.43302,-0.09076986576273803,-0.16691999999999999,0.6521792622678318,0.0983494288299696,-0.08529011417498289,1.2251,82.0,-0.07820572150987434,-0.6,0.23333333333333334,good,good,good,false,0,false,0,false,0,false,0,0.2189472367930333,0.33202910565189914,0.49779753112470976,stable,false,false,none,0.22999999999999998,0.0,-0.21708,-0.44708,0.3301044149883584,1.0,0.6320092748878635,true,moderate,-0.13549999999999995,0.0939000000000001,-3.284124101997305,-9.958841687490809,7.412962816767987,false,医疗保健,false,1.3186231941264706,true,falling,false,false,0.0,0.2189472367930333,0.35097421531795603,医疗保健,-5.0,-2.0,3.0,0.3,0.5,-0.013019982933256347,0.09426571673015753,0.12093735860185284,false,false,-0.09076986576273803,0.6521792622678318,,,,,,,0.8223350253807107,1,0.0,single_year_drop,0.13284954082029185,false,decreasing_vol,18.0,中度恶化-10分; 贝叶斯中度恶化预警-5分(恶化概率82.2%); 峰值明显下跌-8分(从2.0跌至1.2，跌幅-38.1%),"","",0,0
688275.SH,万润新能,电气设备,-6.769889000000001,0.807515416537024,2.13457,0.253512696220518,0.3871469457770077,,12.4748,108.0,0.25121355751193963,0.0,1.0,poor,poor,poor,true,4,false,0,true,4,false,0,2.095749132340584,15.530045965418132,5.72274117237452,high_volatility,false,false,none,-14.211099999999998,0.0,21.203500000000002,35.4146,0.6848896717437638,0.858546474749483,0.9903502426881555,false,none,24.828699999999998,17.578300000000002,141.6768563620449,200.97863832473956,58.72705648098035,false,电气设备,false,1.0,false,rising,false,false,0.0,2.095749132340584,1.0,电气设备,-5.0,-2.0,3.0,0.3,0.5,3.655410664427418,0.839165669193513,5.101442402620121,true,false,0.807515416537024,0.1983275513182014,,,,,,,0.07161803713527852,0,0.0,none,2.045659734559529,false,stable,2.0,趋势不可靠-2分(Bootstrap CI过宽: 3.278),turnaround,扭亏为盈(曾亏损4年 -> 最新12.5),0,1
688276.SH,百克生物,生物制药,0.553134,0.09205165130050373,0.11238,0.2538018887176976,0.3868311454059536,0.1509547040575303,0.9827,98.0,0.10455531323260772,0.39999999999999997,0.48333333333333334,has_near_zero,has_near_zero,has_near_zero,false,0,true,5,false,0,true,5,0.636520209465889,0.3306213272007721,1.706326287012437,volatile,false,false,none,-0.23180000000000003,0.0,0.44315,0.67495,0.7592561409325347,0.999165924288042,0.9896094502561167,false,none,0.36450000000000005,0.5217999999999999,919.3983402489627,58.96150113231965,541.2863070539419,false,生物制药,false,1.0,false,rising,false,false,0.0,0.636520209465889,0.6425495009060446,生物制药,-5.0,-2.0,3.0,0.3,0.5,0.38641813330822905,0.9774324588557575,0.605404513258256,true,false,0.09205165130050373,0.2538018887176976,,,,,,,0.07161803713527852,0,0.0,none,0.5367796726410862,false,increasing_vol,2.0,趋势不可靠-2分(Bootstrap CI过宽: 0.621),"","",0,0
688277.SH,天智航-U,医疗保健,-0.23676000000000003,-0.01726042045935058,-0.01754,0.7639931248014026,0.05262165265269762,,-0.2195,77.0,-0.028819170025957165,-0.7999999999999999,0.08333333333333333,poor,poor,poor,true,5,true,5,true,5,true,5,0.4040677333907183,0.09132738910097016,1.0698168303689939,moderate,false,false,none,-0.0354,0.0,-0.005549999999999999,0.02985,0.15598708242348552,0.9619171408687107,0.00336441891480082,false,none,0.15990000000000001,-0.171,-5.326295585412668,42.14549288350027,-82.05374280230326,false,医疗保健,false,1.0,false,rising,false,false,0.0,0.4040677333907183,0.45658752004590797,医疗保健,-5.0,-2.0,3.0,0.3,0.5,-0.005427153258830711,0.003505213545371854,0.029448251187841196,false,false,-0.03478943788016022,0.3901955754627744,,,,,,,0.2783505154639176,0,0.0,none,0.3170959279130068,false,increasing_vol,23.0,单年巨幅下滑-15.0分(年跌-82.1%); 波动率飙升预警-8.0分(近期波动是早期的4.7倍),"","",0,0
688278.SH,特宝生物,生物制药,0.873308,0.1896915592963696,0.23436,0.8331895699813008,0.030507232400858855,0.4683926931834317,1.0586,95.0,0.2508677011119744,0.7999999999999999,0.08333333333333333,has_near_zero,has_near_zero,has_near_zero,false,0,true,3,false,0,true,3,0.5070891297015064,0.40719257115030966,1.284184308841843,moderate,false,false,none,0.3325,0.0,0.08294999999999997,-0.24955000000000005,0.43481270864607324,0.9991396106380408,0.20463528426480634,true,moderate,-0.20029999999999992,0.36619999999999986,18.58407079646017,-15.91071570418619,41.02161980508568,false,生物制药,false,1.0,true,falling,false,false,0.0,0.5070891297015064,0.5390046370945385,生物制药,-5.0,-2.0,3.0,0.3,0.5,0.05938900913601908,0.2260780773042784,-0.22943803986824834,false,false,0.1896915592963696,0.8331895699813008,,,,,,,0.6492985971943889,1,0.0,single_year_drop,0.21021475300713935,false,stable,5.0,中度恶化-10分,"","",0,0
688279.SH,峰岹科技,半导体,1.3890850000000001,0.035547534644335486,0.06855,0.016330798393071277,0.8377341113450261,0.1224444648611458,2.0,98.0,0.04872633935409071,0.10540925533894598,0.8005421074231263,good,good,good,false,0,true,1,false,0,true,1,0.4927325962136313,0.6743144125702787,1.1858796363955222,volatile,false,false,none,-0.44145,0.0,0.8114499999999999,1.2529,0.5668528329210218,0.29520150716015287,0.9998545775488992,false,none,0.7945,0.8284,430.36329885971895,65.90626296142679,219.67647838769557,false,半导体,false,5.303632988597189,true,rising,false,false,0.0,0.4927325962136313,1.0,半导体,-5.0,-2.0,3.0,0.3,0.5,0.5374726296235744,0.9853970497784935,0.8800399018307861,true,false,0.035547534644335486,0.016330798393071277,,,,,,,0.07161803713527852,0,0.0,none,0.4863257536243572,false,stable,2.0,趋势不可靠-2分(Bootstrap CI过宽: 0.987),"","",0,0
688291.SH,金橙子,软件服务,0.24962700000000004,-0.04336856533946912,-0.04511000000000001,0.5592806001582041,0.14610705275481178,-0.11390947976781451,0.2096,88.0,-0.038271255502139764,-0.19999999999999998,0.8166666666666667,has_near_zero,has_near_zero,has_near_zero,false,0,true,5,false,0,true,5,0.3624868860575644,0.09539204893490863,0.811293509651923,moderate,false,false,none,-0.08175000000000002,0.0,0.01655000000000001,0.09830000000000003,0.30671959102413904,0.5359706340348461,0.9489306294966108,false,none,0.00990000000000002,0.0232,18.753541076487263,4.957436154231357,13.144475920679888,false,软件服务,false,2.209631728045326,true,rising,false,false,0.0,0.3624868860575644,0.5846070725854283,软件服务,-5.0,-2.0,3.0,0.3,0.5,0.016249327533626748,0.948615575068065,0.0953353944215535,true,false,-0.04336856533946912,0.5592806001582041,,,,,,,0.07161803713527852,0,0.0,none,0.24070228728625406,false,decreasing_vol,12.0,"趋势不确定预警-4分(Bootstrap CI跨零: [-0.107, 0.017]); 峰值明显下跌-8分(从0.4跌至0.2，跌幅-46.3%)","","",0,0
688293.SH,奥浦迈,生物制药,0.8685050000000001,0.014972349047531232,-0.02485000000000003,0.0020072073242938544,0.9429755794978332,0.8637636201629881,0.6033,74.59767894953728,-0.08884657558355308,0.0,1.0,has_near_zero,has_near_zero,has_near_zero,false,0,true,3,false,0,true,3,0.8268598846773488,0.7242961845819705,2.0663043974610713,high_volatility,false,false,none,1.81,0.0,-0.46268000000000004,-2.2726800000000003,0.6859276289801823,1.0,0.859276289801823,false,none,0.09839999999999993,-0.8566999999999999,-55.69183313748531,19.48900772430183,-62.91862514688601,false,生物制药,true,3.6838978015448602,true,rising,false,false,0.0,0.8268598846773488,1.0,生物制药,-5.0,-2.0,3.0,0.3,0.5,-0.27190270679457385,0.6338177213169118,-0.8046421009254476,false,true,0.014972349047531232,0.0020072073242938544,,,,,,,0.6067415730337079,0,0.0,none,0.8256423476151357,false,decreasing_vol,25.402321050462724,单年巨幅下滑-15.0分(年跌-62.9%); 相对加权下滑-10.0分(最新为加权69.5%); 加速下滑-0.4分(加速度-0.80); 趋势不可靠-2分(Bootstrap CI过宽: 1.116); 峰值大幅下跌-15分(从1.9跌至0.6，跌幅-67.6%),"","",0,0
688299.SH,长阳科技,元器件,0.5599689999999999,-0.08436589063788293,-0.10257000000000001,0.33514599142730045,0.306439364048426,-0.09640999984404719,0.6273,90.0,-0.10790040471570926,-0.39999999999999997,0.48333333333333334,has_near_zero,has_near_zero,has_near_zero,false,0,true,5,false,0,true,5,0.45620719536502197,0.2694998385899331,1.07813928293327,volatile,false,false,none,-0.31845,0.0,0.1616,0.48005,0.6252359526473712,0.95676578502395,0.8354937414497621,false,none,0.28579999999999994,0.037400000000000044,106.28082867477804,83.68960468521227,12.298585991450196,false,元器件,false,1.0,false,rising,false,false,0.0,0.45620719536502197,0.49829908962535097,元器件,-5.0,-2.0,3.0,0.3,0.5,0.14624758079956285,0.8397458070411613,0.41596513513934547,true,false,-0.08436589063788293,0.33514599142730045,,,,,,,0.07161803713527852,0,0.0,none,0.3643581157208069,false,decreasing_vol,10.0,趋势不可靠-2分(Bootstrap CI过宽: 0.430); 峰值明显下跌-8分(从0.9跌至0.6，跌幅-33.3%),"","",0,0
688301.SH,奕瑞科技,医疗保健,3.3354999999999997,-0.013115929706395147,-0.047639999999999995,0.5271373097993557,0.16487464669261565,-0.08637943047568841,2.5193,54.824086130481724,-0.06980848362350461,-0.6,0.23333333333333334,good,good,good,false,0,false,0,false,0,false,0,0.1905437826539283,0.6572350477568888,0.5324040518835923,stable,false,false,none,0.3698999999999999,0.0,-0.9181999999999998,-1.2880999999999996,0.6556699577270417,0.5607007202651118,0.9959988570053058,true,severe,-0.8174000000000001,-1.0189999999999997,-42.16084670661432,-24.497257769652656,-23.394632320866904,false,医疗保健,false,1.274080790943926,true,falling,false,false,0.0,0.1905437826539283,0.3223124649156661,医疗保健,-5.0,-2.0,3.0,0.3,0.5,-0.26159071176797655,0.9999260103601885,-0.3518277390365496,false,true,-0.07086937850669504,0.35450456057330987,,,,,,,0.9872029250457038,2,0.04713155708808733,sustained_decline,0.15946622816097988,false,increasing_vol,45.175913869518276,"严重恶化-15分; 加速下滑-0.2分(加速度-0.35); 贝叶斯高置信度恶化-12分(恶化概率98.7%，严重恶化确认); 趋势不确定预警-4分(Bootstrap CI跨零: [-0.031, 0.001]); 峰值明显下跌-8分(从4.4跌至2.5，跌幅-42.2%); 连续下跌警示-6分(2年下跌，累计-30.3%)","","",0,0
688302.SH,海创药业-U,生物制药,-2.63626,0.11838584278754855,0.32688,0.7830591312391396,0.046054057605124654,,-1.8894,92.03761948812827,0.10456195594982265,0.7999999999999999,0.08333333333333333,poor,poor,poor,true,5,false,0,true,5,false,0,0.20552895545942526,0.5754194165997528,0.4966960745794192,ultra_stable,false,false,none,0.049749999999999954,0.0,0.64555,0.5958,0.5410158771288208,0.2202155922938052,0.9983431789944034,false,none,0.6910999999999998,0.6000000000000001,40.59424618770633,26.78163146677,18.86495833988367,false,生物制药,false,inf,true,rising,false,false,0.0,0.20552895545942526,1.0,生物制药,-5.0,-2.0,3.0,0.3,0.5,0.24049018910745587,0.9893685493458046,0.22577684352284685,false,false,0.11838584278754855,0.7830591312391396,,,,,,,0.07161803713527852,0,0.0,none,0.09034717721317456,true,increasing_vol,7.962380511871722,波动率飙升预警-8.0分(近期波动是早期的4.0倍),"","",0,0
688307.SH,中润光学,元器件,0.9235289999999999,0.2253735894881227,0.25183,0.403214569439236,0.249717473425423,,1.2099,96.0,0.27746539614653054,0.39999999999999997,0.48333333333333334,has_loss,has_loss,has_loss,true,1,true,2,true,1,true,2,0.7964748218175929,0.6753947194048825,1.969386070426189,high_volatility,false,false,none,1.67,0.0,-0.01533000000000001,-1.68533,0.6000255858786294,1.0,0.0024588744882249334,false,none,0.011400000000000077,0.6569999999999999,123.43490304709141,0.9511889862327976,121.32963988919667,false,元器件,false,2.7331486611265006,true,rising,false,false,0.0,0.7964748218175929,1.0,元器件,-5.0,-2.0,3.0,0.3,0.5,0.25213814778241245,0.7608296570220083,-0.10130899345647226,false,false,0.2253735894881227,0.403214569439236,,,,,,,0.07161803713527852,0,0.0,none,0.6433387675824541,true,decreasing_vol,4.0,波动聚集提示-2分(大波动后可能跟着大波动); 趋势不可靠-2分(Bootstrap CI过宽: 0.666),"","",0,0
688311.SH,盟升电子,元器件,0.27387000000000006,-0.0335884770154225,-0.0386175,0.23542139940035767,0.40739830466578214,,0.47975,103.0,-0.08439754619760229,-0.39999999999999997,0.48333333333333334,has_loss,has_loss,has_near_zero,true,1,true,5,false,0,true,5,1.5459021251101674,0.4910867280837469,3.823149809550791,high_volatility,false,false,none,-0.12275000000000001,0.0,0.061375000000000006,0.184125,0.17128152118959358,0.5254483510911532,0.012339075032377704,false,none,1.0124499999999999,-0.8896999999999999,34.38375350140057,190.06007133470996,-249.2156862745098,false,元器件,true,inf,true,rising,false,false,0.0,1.5459021251101674,1.0,元器件,-5.0,-2.0,3.0,0.3,0.5,0.05660270366602549,0.011308646880105784,0.16717576735812265,false,false,-0.1363840981434725,0.21305906285506537,,,,,,,0.07161803713527852,0,0.0,none,1.36445636397361,true,increasing_vol,9.0,单年巨幅下滑-15.0分(年跌-249.2%); 波动率飙升预警-8.0分(近期波动是早期的4.7倍),cyclical_bottom,周期底部(mid_up),0,0
688314.SH,康拓医疗,医疗保健,1.497195,0.0010020141659764282,0.006189999999999963,0.00008074662932908354,0.9885589344186845,0.06738832100465442,1.7264,83.0,0.013854409382685857,0.0,1.0,good,good,good,false,0,false,0,false,0,false,0,0.20326176160796605,0.30369339801846207,0.4891908172143766,moderate,false,false,none,0.44999999999999996,0.0,-0.06967000000000004,-0.51967,0.2892488425492139,1.0,0.07239071304572475,false,none,0.6773,-0.5359,8.921135646687697,64.56009913258984,-33.81072555205048,false,医疗保健,false,1.6966924030121058,true,rising,false,false,0.0,0.20326176160796605,0.3888350630213203,医疗保健,-5.0,-2.0,3.0,0.3,0.5,0.03656129139915354,0.02970941831252394,-0.03563658934929392,false,false,0.0010020141659764282,0.00008074662932908354,,,,,,,0.13366336633663367,0,0.0,none,0.20315617979781794,false,increasing_vol,17.0,单年巨幅下滑-15.0分(年跌-33.8%); 趋势不可靠-2分(Bootstrap CI过宽: 0.323),"","",0,0
688315.SH,诺禾致源,医疗保健,0.8355349999999999,0.002070652007765983,0.002230000000000021,0.0019019317474700283,0.9444901754061156,-0.006296053352459752,0.9263,100.0,0.02431701295015934,0.19999999999999998,0.8166666666666667,has_near_zero,has_near_zero,has_near_zero,false,0,true,5,false,0,true,5,0.1177676473994276,0.09826768034303039,0.2597013494403298,ultra_stable,false,false,none,-0.2167,0.0,0.06225000000000003,0.27895000000000003,0.5441498745013591,1.0,0.8835987450135908,false,none,0.12329999999999997,0.043500000000000094,21.96181698485847,15.354919053549185,5.727452271231086,false,医疗保健,false,1.0,false,rising,false,false,0.0,0.1177676473994276,0.22754745125287543,医疗保健,-5.0,-2.0,3.0,0.3,0.5,0.06377916319554905,0.9334350638270199,0.13620058235983562,true,false,0.002070652007765983,0.0019019317474700283,,,,,,,0.07161803713527852,0,0.0,none,0.11769181336181873,false,stable,0.0,"","","",0,0
688316.SH,青云科技-U,软件服务,-2.371964,0.1665399463465182,0.35932000000000003,0.191941601334098,0.46057676452795426,,-0.7225,113.0,0.2415710727401666,0.39999999999999997,0.48333333333333334,poor,poor,poor,true,5,true,1,true,5,true,1,0.5865124466961047,1.4544101048191325,1.44235732490241,volatile,false,false,none,-2.7737999999999996,0.0,1.1958199999999999,3.9696199999999995,0.7647749624784276,1.0,0.9764017165043442,false,none,1.5892999999999997,1.2281,79.58981892143845,68.74729647893416,34.69307042571824,false,软件服务,false,1.0,false,rising,false,false,0.0,0.5865124466961047,0.6025432906902171,软件服务,-5.0,-2.0,3.0,0.3,0.5,0.6528113033535577,0.95297935005668,1.0367382783031256,true,false,0.1665399463465182,0.191941601334098,,,,,,,0.07161803713527852,0,0.0,none,0.5399129689822689,false,stable,2.0,趋势不可靠-2分(Bootstrap CI过宽: 1.118),high_growth,"高速成长(稳健CAGR=24.2%, MK趋势=0.40)",1,0
688321.SH,微芯生物,化学制药,0.06527800000000002,-0.017473154088661562,-0.01795,0.15510033324913342,0.5118447072594869,,0.1867,95.28258488499452,-0.04923549905051951,-0.39999999999999997,0.48333333333333334,has_loss,has_loss,has_near_zero,true,1,true,5,false,0,true,5,3.086821836207758,0.2727515774473175,7.765957446808511,high_volatility,false,false,none,-0.06145,0.0,0.040650000000000006,0.1021,0.14309118150672123,0.37656077511974123,0.01744186046511628,false,none,0.5691,-0.4878,77.13472485768503,148.8232217573222,-462.8083491461101,false,化学制药,true,inf,true,rising,false,false,0.0,3.086821836207758,1.0,化学制药,-5.0,-2.0,3.0,0.3,0.5,0.04021310987700323,0.01768742534351956,0.1007911612967522,false,false,-0.07544156211867667,0.19848828204361998,,,,,,,0.07161803713527852,0,0.0,none,2.7627756020952448,true,increasing_vol,16.717415115005476,单年巨幅下滑-15.0分(年跌-462.8%); 波动率飙升预警-7.7分(近期波动是早期的3.9倍); 峰值明显下跌-8分(从0.3跌至0.2，跌幅-38.5%),cyclical_bottom,周期底部(mid_up),0,0
688322.SH,奥比中光-UW,元器件,-0.305696,-0.028847359761510646,-0.029779999999999997,0.17245527689709336,0.48686961097575143,,-0.2159,111.0,0.04776242349448521,0.19999999999999998,0.8166666666666667,poor,poor,poor,true,5,true,5,true,5,true,5,0.7198551163581114,0.2336361765651886,1.8794675868868624,high_volatility,false,false,none,0.6099999999999999,0.0,-0.05696000000000001,-0.6669599999999999,0.564946294592968,0.9999999999999996,0.3155429459296806,false,none,0.18349999999999997,-0.1619,9.094736842105256,45.94391587381071,-68.16842105263157,false,元器件,true,inf,true,rising,false,false,0.0,0.7198551163581114,1.0,元器件,-5.0,-2.0,3.0,0.3,0.5,0.010532570755158371,0.012121771184968072,-0.1940338850012172,false,false,0.055083284139713466,0.163282227702625,,,,,,,0.13366336633663367,0,0.0,none,0.651424729989535,false,decreasing_vol,1.0,单年巨幅下滑-15.0分(年跌-68.2%),cyclical_bottom,周期底部(mid_up),0,0
688325.SH,赛微微电,半导体,0.8108330000000001,0.019176112948994642,0.023629999999999998,0.5333291925366581,0.16116431308172985,,0.7628,81.0,-0.0016436405348737165,0.0,1.0,has_loss,has_loss,has_near_zero,true,1,true,4,false,0,true,5,0.9894050811577668,0.8369971224562245,2.750130029788642,high_volatility,false,false,none,1.5099999999999998,0.0,-0.32716,-1.83716,0.40218650441850806,1.0,0.1939697154398444,false,none,-0.03069999999999995,0.95,587.4121405750799,-3.8689350976685506,607.0287539936102,false,半导体,true,inf,true,falling,false,false,0.0,0.9894050811577668,1.0,半导体,-5.0,-2.0,3.0,0.3,0.5,0.4296119195330439,0.7288674709769958,0.8173407616393769,false,false,-0.062205891357060145,0.027522444097558326,,,,,,,0.16167664670658682,0,0.0,none,0.9648982024183986,false,decreasing_vol,19.0,"周期回落期-3分(景气下行趋势); 趋势不确定预警-4分(Bootstrap CI跨零: [-0.001, 0.048]); 峰值大幅下跌-15分(从2.2跌至0.8，跌幅-64.8%)","","",0,0
688327.SH,云从科技-UW,软件服务,-0.549882,0.13435977873678248,0.15266000000000002,0.6232808143915763,0.11221648122761314,,-0.2961,88.0,0.12513900416509857,0.39999999999999997,0.48333333333333334,poor,poor,poor,true,5,true,5,true,5,true,5,0.5166802898497227,0.3077761150576828,1.0723878592532905,moderate,false,false,none,-0.050549999999999984,0.0,0.27249999999999996,0.32304999999999995,0.4110399259989522,0.5484183954884063,0.6618056442056208,true,moderate,-0.06489999999999999,0.6099,64.7961003447866,-28.07093425605536,72.51218642254192,false,软件服务,true,inf,true,falling,false,false,0.0,0.5166802898497227,1.0,软件服务,-5.0,-2.0,3.0,0.3,0.5,0.2362528710932845,0.651929146203289,0.2759095185143495,true,false,0.13435977873678248,0.6232808143915763,,,,,,,0.6492985971943889,1,0.0,single_year_drop,0.32056481135513387,false,increasing_vol,12.0,"中度恶化-10分; 周期回落期-3分(景气下行趋势); 波动率飙升预警-8.0分(近期波动是早期的4.2倍); 趋势不确定预警-4分(Bootstrap CI跨零: [-0.048, 0.311])","","",0,0
688328.SH,深科达,专用机械,-0.3169300000000001,-0.04310377203623078,-0.04670000000000001,0.011625575670285345,0.8629832782658614,,0.1011,82.0,-0.03829098151147608,-0.39999999999999997,0.48333333333333334,poor,poor,poor,true,2,true,3,true,2,true,3,2.3489869578658165,0.7115551292767132,4.662617192658128,high_volatility,false,false,none,-1.3234000000000001,0.0,0.20311000000000004,1.5265100000000003,0.4687536092817411,1.0,0.1300842634656245,false,none,1.2234,-1.3721,-59.52762209767815,109.00828655439723,-549.2794235388311,false,专用机械,true,inf,true,rising,false,false,0.0,2.3489869578658165,1.0,专用机械,-5.0,-2.0,3.0,0.3,0.5,-0.07317193424506879,0.012222042811712104,-0.05371927038466978,false,false,-0.04310377203623078,0.011625575670285345,,,,,,,0.6067415730337079,0,0.0,none,2.336305149067193,false,stable,18.0,单年巨幅下滑-15.0分(年跌-549.3%); 趋势不可靠-2分(Bootstrap CI过宽: 1.165); 峰值大幅下跌-15分(从0.3跌至0.1，跌幅-65.1%),"","",0,0
688329.SH,艾隆科技,专用机械,1.2396850000000001,-0.007902867906369848,-0.0125,0.0987197283356637,0.606635192062071,-0.1068759504979866,1.2884,90.0,-0.05430782627263797,-0.19999999999999998,0.8166666666666667,good,good,good,false,0,true,1,false,0,false,0,0.4250283480746777,0.537414343872584,1.194223438414451,volatile,false,false,none,-1.5100000000000002,0.0,0.21533999999999995,1.72534,0.6536277484511075,1.0,0.5362774845110755,false,none,0.125,-0.16710000000000003,-3.164223975948893,10.744369950146124,-12.559188275084557,false,专用机械,false,1.585532979800989,true,rising,false,false,0.0,0.4250283480746777,0.5514270757665407,专用机械,-5.0,-2.0,3.0,0.3,0.5,-0.012776297214433185,0.05491245513410708,0.16612611623281914,false,false,-0.026888390578548027,0.015239075624529906,,,,,,,0.2783505154639176,0,0.0,none,0.41233356120879583,true,decreasing_vol,10.0,波动聚集提示-2分(大波动后可能跟着大波动); 峰值明显下跌-8分(从2.0跌至1.3，跌幅-36.4%),"","",0,0
688330.SH,宏力达,电气设备,1.005213,0.24914275764794278,0.40131,0.3008109988021407,0.3384661533774465,,2.2176,108.13851992409867,0.29420467336427225,0.39999999999999997,0.48333333333333334,has_loss,has_loss,has_loss,true,1,true,3,true,1,true,3,1.1041131778102666,0.9769414219900803,2.8955041703397297,high_volatility,false,false,none,-0.527,0.0,1.2810000000000001,1.8080000000000003,0.6890416798627853,0.9355898858819675,0.9548269127458858,false,none,0.7984,1.7636,743.9024390243902,56.25704622322435,512.0789779326366,false,电气设备,false,1.0,false,rising,false,false,0.0,1.1041131778102666,1.0,电气设备,-5.0,-2.0,3.0,0.3,0.5,0.9374253645682394,0.8972019593777881,1.4366477681290326,true,false,0.24914275764794278,0.3008109988021407,,,,,,,0.07161803713527852,0,0.0,none,0.8395219995043425,false,increasing_vol,6.861480075901328,波动率飙升预警-4.9分(近期波动是早期的2.4倍); 趋势不可靠-2分(Bootstrap CI过宽: 1.542),high_growth,"高速成长(稳健CAGR=29.4%, MK趋势=0.40)",1,0
688332.SH,中科蓝讯,半导体,0.965367,0.31470886060309433,0.63569,0.14257123437165567,0.5309238752947443,,3.5585,78.0,0.33205784876281025,0.39999999999999997,0.48333333333333334,poor,poor,poor,true,2,true,2,true,2,true,2,2.55792818278255,1.9815246460743303,6.168512637802391,high_volatility,false,false,none,-1.77,0.0,1.1590500000000001,2.92905,0.46034766424255824,1.0,0.42940141975788937,false,none,4.4386,-2.745,90.81452088583838,504.32905351664584,-147.19287897474396,false,半导体,true,inf,true,rising,false,false,0.0,2.55792818278255,1.0,半导体,-5.0,-2.0,3.0,0.3,0.5,0.3000686347440533,0.042215187870647486,-0.12795685607502755,false,false,0.31470886060309433,0.14257123437165567,,,,,,,0.07161803713527852,0,0.0,none,2.204430647798124,false,stable,22.0,单年巨幅下滑-15.0分(年跌-147.2%); 周期顶部预警-5分(警惕景气回落); 趋势不可靠-2分(Bootstrap CI过宽: 2.240),"","",0,0
688334.SH,西高院,电气设备,0.9985200000000001,-0.005530062139985293,-0.008860000000000002,0.010038952460081883,0.8726420777489448,0.12136080138335603,1.5241,100.0,0.08015307618054361,0.19999999999999998,0.8166666666666667,has_near_zero,has_near_zero,has_near_zero,false,0,true,4,false,0,true,5,0.34887109894652396,0.3347487968611687,0.9109763214940804,moderate,false,false,none,-0.31389999999999996,0.0,0.26219000000000003,0.57609,0.591906006120708,1.0,0.7668800612070803,false,none,0.6945,-0.00039999999999995595,83.62650602409639,83.71504339440693,-0.048192771084332044,false,电气设备,false,1.1219248445525818,true,rising,false,false,0.0,0.34887109894652396,0.42868685843089677,电气设备,-5.0,-2.0,3.0,0.3,0.5,0.22606713555627458,0.7494893840880609,0.27591312987162375,false,false,0.08492757284449508,0.3567083956983436,,,,,,,0.07161803713527852,0,0.0,none,0.2753560986473249,false,stable,0.0,"","","",0,0
688336.SH,三生国健,生物制药,0.27312600000000004,0.20305872162537555,0.21122000000000002,0.5998572204275993,0.12410129021359405,,0.4558,55.0,0.22493190119845768,0.6,0.23333333333333334,poor,poor,poor,true,2,true,5,true,2,true,5,2.0608047904482927,0.43227441284443385,5.10392829900839,high_volatility,false,false,none,-0.3306,0.0,0.28506,0.61566,0.3758230534008281,1.0,0.6221244633205187,true,severe,-0.21920000000000006,0.29640000000000005,20.39091389329107,-32.47407407407408,78.28843106180668,false,生物制药,true,inf,true,falling,false,false,0.0,2.0608047904482927,1.0,生物制药,-5.0,-2.0,3.0,0.3,0.5,0.035619835492447544,0.06915337153086286,-0.18190401773998596,false,false,0.20305872162537555,0.5998572204275993,,,,,,,0.7873633049817741,1,0.0,cliff_drop,1.3084317294174734,false,decreasing_vol,45.0,严重恶化-15分; 单年巨幅下滑-15.0分(年跌-32.5%); 周期回落期-3分(景气下行趋势); 贝叶斯中度恶化预警-5分(恶化概率78.7%); 趋势不可靠-2分(Bootstrap CI过宽: 0.541); 峰值明显下跌-8分(从0.7跌至0.5，跌幅-32.5%),"","",0,0
688338.SH,赛科希德,医疗保健,1.138045,0.019955310969471864,0.026449999999999998,0.07603146964985938,0.6534204478253174,0.06965731760418081,1.1587,100.0,0.006098271746133383,0.0,1.0,good,good,good,false,0,true,1,false,0,true,1,0.15066493537710549,0.1694709326108758,0.3828168062445547,stable,false,false,none,0.4306000000000001,0.0,-0.06696000000000002,-0.4975600000000001,0.5515874322525076,1.0,0.520754322525075,false,none,0.12570000000000014,-0.1986000000000001,-5.919129587528415,12.168441432720249,-16.125365378369608,false,医疗保健,false,1.273668925459826,true,rising,false,false,0.0,0.15066493537710549,0.2903544716963279,医疗保健,-5.0,-2.0,3.0,0.3,0.5,-0.023392097439608128,0.12309862219873118,-0.14254013728813053,false,false,0.019955310969471864,0.07603146964985938,,,,,,,0.2783505154639176,0,0.0,none,0.14600530662944536,false,decreasing_vol,0.0,"","","",0,0
688343.SH,云天励飞-U,软件服务,-1.1140200000000002,-0.04662902162010144,-0.07020000000000003,0.07258658054727835,0.6611614693259729,,-0.8293,98.0,-0.017523505944189072,0.0,1.0,poor,poor,poor,true,5,true,3,true,5,true,3,0.37653432162964057,0.411536952168332,0.8070743668569754,volatile,false,false,none,-0.31605,0.0,0.3564,0.67245,0.5292436817222085,0.48326832941174047,0.7696620289019177,false,none,0.6941,0.01869999999999994,46.2226833538681,45.56255743731128,1.2126321250243135,false,软件服务,false,inf,true,rising,false,false,0.0,0.37653432162964057,1.0,软件服务,-5.0,-2.0,3.0,0.3,0.5,0.2312534571633501,0.7665611897230317,0.4320584890315142,true,false,-0.04662902162010144,0.07258658054727835,,,,,,,0.07161803713527852,0,0.0,none,0.3625804797469461,false,decreasing_vol,2.0,趋势不可靠-2分(Bootstrap CI过宽: 0.569),"","",0,0
688347.SH,华虹公司,半导体,2.851119,0.018913195527467088,0.041330000000000006,0.009742451102797955,0.8745307087006428,0.028015942452401132,2.0997,41.64333206783576,0.010267118932531571,0.0,1.0,good,good,good,false,0,false,0,false,0,false,0,0.32825410165138763,0.9318214834398272,0.8313606132341337,moderate,false,false,none,1.1800000000000002,0.0,-1.0701500000000002,-2.2501500000000005,0.8638006411229402,0.9991389207807118,0.9889476841627007,true,severe,-0.8742000000000001,-1.2661000000000002,-50.47877358490567,-29.395742963784933,-29.860849056603776,false,半导体,false,1.0,true,falling,false,false,0.0,0.32825410165138763,0.3959366146544434,半导体,-5.0,-2.0,3.0,0.3,0.5,-0.33199068557348577,0.999744971505736,-0.7133358643284864,false,true,0.018913195527467088,0.009742451102797955,,,,,,,0.9872029250457038,2,-0.015575782588673039,sustained_decline,0.32744589853576733,false,stable,58.35666793216424,复合恶化-14.0分(触发2项恶化信号); 严重恶化-15分; 加速下滑-0.4分(加速度-0.71); 贝叶斯高置信度恶化-12分(恶化概率98.7%，严重恶化确认); 趋势不可靠-2分(Bootstrap CI过宽: 0.721); 峰值大幅下跌-15分(从4.2跌至2.1，跌幅-50.5%),"","",0,0
688348.SH,昱能科技,电气设备,-1.2761590000000003,-0.015556009592258491,-0.11493000000000003,0.0001431205152540846,0.9847682183844959,,4.1785,73.90351023625769,-0.138652269711064,0.0,1.0,poor,poor,poor,true,2,true,2,true,2,true,2,3.741118275981802,4.645271740921085,9.563494620191998,high_volatility,false,false,none,-2.2503,0.0,4.10955,6.35985,0.5525427473492219,0.6789350247972986,0.45659007903793203,false,none,11.8748,-3.6556999999999995,203.41285947631542,154.29232228473424,-90.47418700193039,false,电气设备,true,inf,true,rising,false,false,0.0,3.741118275981802,1.0,电气设备,-5.0,-2.0,3.0,0.3,0.5,2.1208163574650545,0.6401064877758256,3.3956486111565676,true,false,-0.015556009592258491,0.0001431205152540846,,,,,,,0.07161803713527852,0,0.0,none,3.738254610631962,false,increasing_vol,26.096489763742316,单年巨幅下滑-15.0分(年跌-90.5%); 周期顶部预警-5分(警惕景气回落); 波动率飙升预警-5.8分(近期波动是早期的2.9倍); 趋势不可靠-2分(Bootstrap CI过宽: 4.053),"","",0,0
688351.SH,微电生理,医疗保健,0.025965000000000002,0.01146429241651368,0.01155,0.047586695583796516,0.7244696104127915,,0.1431,77.2193990759178,0.005015923154507711,0.0,1.0,poor,poor,poor,true,2,true,5,true,2,true,5,3.7021755365870623,0.08329894957320891,9.946666666666665,high_volatility,false,false,none,-0.019950000000000002,0.0,0.0815,0.10145000000000001,0.3153062532137072,0.3236661055405109,0.49598591598375524,false,none,0.2238,-0.06079999999999999,819.0954773869347,277.3234200743495,-305.52763819095475,false,医疗保健,true,inf,true,rising,false,false,0.0,3.7021755365870623,1.0,医疗保健,-5.0,-2.0,3.0,0.3,0.5,0.08125737109249581,0.49565132312065074,0.10120604794621953,true,false,0.01146429241651368,0.047586695583796516,,,,,,,0.07161803713527852,0,0.0,none,3.612108238401214,false,increasing_vol,22.7806009240822,单年巨幅下滑-15.0分(年跌-305.5%); 周期顶部预警-5分(警惕景气回落); 波动率飙升预警-5.7分(近期波动是早期的2.8倍),"","",0,0
688352.SH,颀中科技,半导体,0.539452,0.04448124342432733,0.04764,0.2009904932572308,0.44892566794193706,0.2224354082011526,0.5806,83.0,0.06747538545747805,0.19999999999999998,0.8166666666666667,has_near_zero,has_near_zero,has_near_zero,false,0,true,5,false,0,true,5,0.3317845465225616,0.17423997245178846,0.8568817122400791,moderate,false,false,none,0.36,0.0,-0.03729999999999999,-0.3973,0.5001939634389329,1.0,0.20733963438932798,false,none,0.1254,-0.25479999999999997,-18.225352112676052,27.54833040421793,-35.88732394366197,false,半导体,false,1.5597539543057997,true,rising,false,false,0.0,0.3317845465225616,0.47339483112548925,半导体,-5.0,-2.0,3.0,0.3,0.5,-0.054360564040462515,0.24409254219408552,-0.2562022101787482,false,false,0.04448124342432733,0.2009904932572308,,,,,,,0.435483870967742,0,0.0,none,0.29917864516798276,false,stable,17.0,单年巨幅下滑-15.0分(年跌-35.9%); 趋势不可靠-2分(Bootstrap CI过宽: 0.311),"","",0,0
688356.SH,键凯科技,化学制药,2.1038390000000002,0.0007086607952250468,0.001570000000000027,0.42012565872883517,0.23684632366841205,0.110321177386286,1.9814,76.70684283881809,0.045427623860841426,0.6,0.23333333333333334,good,good,good,false,0,false,0,false,0,false,0,0.31030422555016346,0.6401576173099872,0.8623848763936015,moderate,false,false,none,0.88955,0.0,-0.5507000000000001,-1.44025,0.6726208019255506,0.9795446159378458,0.7466634033176598,false,none,0.0049000000000001265,-1.1063000000000003,-35.727260931620606,0.2479129774854605,-35.88620734397302,false,化学制药,false,1.559726789779914,true,rising,false,false,0.0,0.31030422555016346,0.456206952410786,化学制药,-5.0,-2.0,3.0,0.3,0.5,-0.204511848601018,0.7459479041331359,-0.5863143223638043,false,true,0.07118292383177263,0.17316689026464263,,,,,,,0.6067415730337079,0,0.0,none,0.29223824330152215,false,decreasing_vol,23.293157161181902,单年巨幅下滑-15.0分(年跌-35.9%); 加速下滑-0.3分(加速度-0.59); 峰值明显下跌-8分(从3.1跌至2.0，跌幅-35.7%),"","",0,0
688358.SH,祥生医疗,医疗保健,0.8453470000000001,0.05206509283527893,0.07148999999999998,0.11756016368810908,0.5721549101787592,0.05041868868498178,1.2547,98.0,0.08675424042326538,0.39999999999999997,0.48333333333333334,has_near_zero,has_near_zero,has_near_zero,false,0,true,3,false,0,true,3,0.38482785658455027,0.317059671040011,0.9166160941861874,volatile,false,false,none,-0.5310999999999999,0.0,0.24633,0.7774299999999998,0.6424923884418072,1.0,0.8700638844180725,false,none,0.48849999999999993,0.1977,120.70360598065082,63.75619942573739,34.775725593667545,false,医疗保健,false,1.0,false,rising,false,false,0.0,0.38482785658455027,0.44119561860097356,医疗保健,-5.0,-2.0,3.0,0.3,0.5,0.2544493989862249,0.9599504320840382,0.43505913010032377,true,false,0.05206509283527893,0.11756016368810908,,,,,,,0.07161803713527852,0,0.0,none,0.35954108696626014,false,stable,2.0,趋势不可靠-2分(Bootstrap CI过宽: 0.470),"","",0,0
688362.SH,甬矽电子,半导体,2.640718,0.010385533678510517,0.02784,0.07889674533559615,0.6471252775890255,0.38135457289073593,4.0051,115.0,0.26479332822634516,0.7999999999999999,0.08333333333333333,good,good,good,false,0,false,0,false,0,false,0,0.42383481376292564,1.0418114023180969,1.1818670008055132,stable,false,false,none,0.5533999999999999,0.0,0.8991499999999999,0.34575,0.35118834728511217,0.654380766854711,0.914054301849268,false,none,1.3766999999999996,0.4216000000000002,81.48903389523291,52.377872469943675,19.10458582562988,false,半导体,false,1.0648903389523292,true,rising,false,false,0.0,0.42383481376292564,0.4810532295373178,半导体,-5.0,-2.0,3.0,0.3,0.5,0.2817389903977582,0.9426902900096722,-0.009322922976148063,false,false,0.2395058951871763,0.8464146687886719,,,,,,,0.07161803713527852,0,0.0,none,0.16201376789988287,false,stable,0.0,"",high_growth,"高速成长(稳健CAGR=26.5%, MK趋势=0.80)",1,0
688363.SH,华熙生物,医疗保健,1.5604600000000004,-0.032096839960135286,-0.05279000000000005,0.4855123522186191,0.1910481773253106,-0.054902849026216116,1.172,67.0,-0.045650956141348314,-0.6,0.23333333333333334,good,good,good,false,0,false,0,false,0,false,0,0.36901375588826435,0.5957579483313673,0.9207413004967606,moderate,false,false,none,1.1895,0.0,-0.4327300000000001,-1.62223,0.6586663217192112,1.0,0.6720030787751395,true,moderate,-0.28049999999999997,0.13219999999999987,-11.232295690373407,-19.311531841652325,10.012875861546608,false,医疗保健,false,1.5568431417102173,true,falling,false,false,0.0,0.36901375588826435,0.5027900902719739,医疗保健,-5.0,-2.0,3.0,0.3,0.5,-0.04642197074282306,0.2967534368330823,-0.0030840584058989817,false,false,-0.08954567697378096,0.26290004668735834,,,,,,,0.9025069637883009,1,0.0,single_year_drop,0.3241832365069744,false,decreasing_vol,33.0,中度恶化-10分; 贝叶斯恶化预警-8分(恶化概率90.3%); 峰值大幅下跌-15分(从2.7跌至1.2，跌幅-55.9%),"","",0,0
688365.SH,光云科技,软件服务,0.009749,-0.003519648278347032,-0.003770000000000001,0.0009100328736591722,0.9615963259736293,,0.1272,90.0,0.024268157510784306,0.0,1.0,poor,poor,poor,true,2,true,5,true,2,true,5,17.0928867548486,0.18597060789275277,43.39154411764706,high_volatility,false,false,none,-0.23605000000000004,0.0,0.1913,0.42735,0.5715466987198785,0.972812034625046,0.8879549525737387,false,none,0.0736,0.309,149.80422866092405,137.3134328358209,120.98668754894281,false,软件服务,false,1.0,false,rising,false,false,0.0,17.0928867548486,1.0,软件服务,-5.0,-2.0,3.0,0.3,0.5,0.18978067213387234,0.888414146647805,0.42365104854328056,true,false,-0.003519648278347032,0.0009100328736591722,,,,,,,0.07161803713527852,0,0.0,none,17.08410399318539,false,stable,10.0,趋势不可靠-2分(Bootstrap CI过宽: 0.449); 峰值明显下跌-8分(从0.2跌至0.1，跌幅-41.3%),"","",0,0
688366.SH,昊海生科,医疗保健,2.377777,0.1727485077124792,0.4357899999999999,0.49668651834756156,0.18380654681916783,0.1710549029329027,2.7813,91.94293078055965,0.18878268129749678,0.39999999999999997,0.48333333333333334,good,good,good,false,0,false,0,false,0,false,0,0.4405853513941267,0.9900129079966583,1.0554329250925663,moderate,false,false,none,0.4679,0.0,0.48751,0.019610000000000016,0.147872880819238,1.0,0.3733419401301746,true,moderate,-0.9186000000000001,2.3716,109.38793947150491,-24.827698045893136,178.54400361364148,false,医疗保健,false,2.125536399909659,true,falling,false,false,0.0,0.4405853513941267,0.6358731344365893,医疗保健,-5.0,-2.0,3.0,0.3,0.5,0.32566603925470616,0.47084384318033556,0.3693726031881138,false,false,0.1727485077124792,0.49668651834756156,,,,,,,0.6492985971943889,1,0.0,single_year_drop,0.31636062883948046,false,increasing_vol,8.057069219440354,中度恶化-10分; 波动率飙升预警-6.1分(近期波动是早期的3.0倍); 趋势不可靠-2分(Bootstrap CI过宽: 0.594),"","",0,0
688368.SH,晶丰明源,半导体,1.9053960000000003,0.330972135996391,0.27652000000000004,0.05741250689139035,0.6978651581445938,,3.2544,83.0,0.11929253024966621,0.0,1.0,poor,poor,poor,true,2,true,1,true,2,true,1,3.0039168307269533,5.474458188990029,8.006902833563792,high_volatility,false,false,none,-3.1834,0.0,4.8508,8.034199999999998,0.3268014259580286,0.18934980058762246,0.6744759997460323,true,moderate,-0.9861,10.6877,150.47772676510732,-23.254333215422708,165.77273855317037,false,半导体,true,inf,true,falling,false,false,0.0,3.0039168307269533,1.0,半导体,-5.0,-2.0,3.0,0.3,0.5,2.2293596751492393,0.707158029929976,3.4705798778611987,false,false,0.330972135996391,0.05741250689139035,,,,,,,0.6492985971943889,1,0.0,single_year_drop,2.994321434475552,false,decreasing_vol,17.0,中度恶化-10分; 周期回落期-3分(景气下行趋势); 趋势不可靠-2分(Bootstrap CI过宽: 4.340); 峰值大幅下跌-15分(从8.1跌至3.3，跌幅-60.0%),"","",0,0
688372.SH,伟测科技,半导体,4.333041,0.03192659354949492,0.1602399999999999,0.08830122246847398,0.627294534307312,0.45167566618891697,5.4624,113.0,0.3132338543773078,0.6,0.23333333333333334,good,good,good,false,0,false,0,false,0,false,0,0.4393346491819787,1.789190358793608,1.1050214855739717,moderate,false,false,none,2.2500999999999998,0.0,-0.13390000000000013,-2.384,0.651344414557634,0.9905874667812743,0.022856678795065068,false,none,1.3824999999999994,-1.6502999999999997,-4.673484346096127,33.88563445182478,-28.800041883354847,false,半导体,false,1.4044952082158875,true,rising,false,false,0.0,0.4393346491819787,0.5387337471077013,半导体,-5.0,-2.0,3.0,0.3,0.5,-0.0235576021531203,0.01714263256480885,-0.7292515964600305,false,false,0.2782270614901674,0.5927767746360789,,,,,,,0.2783505154639176,0,0.0,none,0.2816444090934759,true,stable,2.0,波动聚集提示-2分(大波动后可能跟着大波动),high_growth,"高速成长(稳健CAGR=31.3%, MK趋势=0.60)",1,0
688373.SH,盟科药业-U,化学制药,-0.447839,-0.10876586059556828,-0.11873,0.9615929471884853,0.003232102303830097,,-0.6825,42.0,-0.11098100185220444,-0.9999999999999999,0.016666666666666666,poor,poor,poor,true,5,true,5,true,5,true,5,0.4653039106709033,0.19180757805675977,1.2432681577798261,ultra_stable,false,false,none,-0.09815,0.0,-0.1581,-0.05994999999999999,0.39200906799046376,0.8484434875812802,0.9935288711900753,true,severe,-0.18020000000000003,-0.13599999999999995,-86.32268632268631,-35.87497511447343,-37.128037128037114,false,化学制药,false,1.0,false,falling,false,false,0.0,0.4653039106709033,0.505576461870056,化学制药,-5.0,-2.0,3.0,0.3,0.5,-0.13985206837387035,0.9961030461841083,-0.04516441252648354,false,false,-0.10876586059556828,0.9615929471884853,,,,,,,0.9983822509822048,4,-0.03374975114473368,chronic_decline,0.09544924891166667,false,increasing_vol,58.0,严重恶化-15分; 单年巨幅下滑-15.0分(年跌-37.1%); 贝叶斯高置信度恶化-12分(恶化概率99.8%，严重恶化确认); 智能连续下跌-16分(4年实质性下跌，累计跌幅-301.5%),"","",0,0
688380.SH,中微半导,半导体,0.30825500000000006,0.02912641739045664,0.01844999999999999,0.004637772023877885,0.9133579419316296,,0.7814,102.0,0.08379533426588309,0.19999999999999998,0.8166666666666667,has_loss,has_loss,has_loss,true,1,true,4,true,1,true,4,2.5671779394816907,0.7771361058398973,6.70421511627907,high_volatility,false,false,none,-0.37475,0.0,0.74045,1.1152000000000002,0.4349547723166964,0.13334746658916524,0.9999297455745061,false,none,0.7297,0.7512,211.7083631165118,1411.4119922630562,107.39099356683343,false,半导体,true,inf,true,rising,false,false,0.0,2.5671779394816907,1.0,半导体,-5.0,-2.0,3.0,0.3,0.5,0.6851675123135896,0.9997500012013991,1.0362855583547619,false,false,0.02912641739045664,0.004637772023877885,,,,,,,0.07161803713527852,0,0.0,none,2.5653686101517823,false,decreasing_vol,10.0,趋势不可靠-2分(Bootstrap CI过宽: 1.386); 峰值明显下跌-8分(从1.3跌至0.8，跌幅-41.2%),cyclical_bottom,"周期底部(mid_up), 近期强势(68.5%)",0,0
688382.SH,益方生物-U,生物制药,-0.5517460000000001,0.003233705154763911,0.0035800000000000055,0.00918784980497956,0.8781429689265121,,-0.4195,100.0,0.004460141461350521,0.19999999999999998,0.8166666666666667,poor,poor,poor,true,5,true,5,true,5,true,5,0.29952831100211696,0.1655852408881903,0.7414710032198547,moderate,false,false,none,-0.1997,0.0,0.20495,0.40464999999999995,0.5699429747708398,0.9495835303029482,0.9405462174054499,false,none,0.11570000000000003,0.2942,49.421268386785634,21.618086696562035,35.47142512659754,false,生物制药,false,1.0,false,rising,false,false,0.0,0.29952831100211696,0.3729559821350269,生物制药,-5.0,-2.0,3.0,0.3,0.5,0.17369118376954104,0.9496133636547409,0.3425502056383364,true,false,0.003233705154763911,0.0013331441607949785,,,,,,,0.07161803713527852,0,0.0,none,0.2993532466868896,false,stable,0.0,"","","",0,0
688383.SH,新益昌,专用机械,-0.11923199999999995,0.05771732808638452,0.04816000000000003,0.005192873394387197,0.9083277993972063,,1.3652,98.0,0.1915749221277422,0.0,1.0,poor,poor,poor,true,3,true,2,true,3,true,2,13.136554475129511,1.7560946022353126,31.894075403949742,high_volatility,false,false,none,-2.1318,0.0,2.0194,4.1512,0.730930810160886,0.9884692044370341,0.9671322507627166,false,none,1.3746,2.6642,151.0622381807301,14623.40425531915,99.64841412327948,false,专用机械,false,1.0,false,rising,false,false,0.0,13.136554475129511,1.0,专用机械,-5.0,-2.0,3.0,0.3,0.5,1.4137151245461754,0.9864736369392668,2.8904723849747254,true,false,0.05771732808638452,0.005192873394387197,,,,,,,0.07161803713527852,0,0.0,none,13.124198616945097,false,stable,2.0,趋势不可靠-2分(Bootstrap CI过宽: 3.016),"","",0,0
688385.SH,复旦微电,半导体,0.282162,0.08309726273597812,0.09704000000000002,0.41878497699507616,0.2378504329229495,,0.8917,77.72168495317666,0.03695431917659822,0.19999999999999998,0.8166666666666667,has_loss,has_loss,has_near_zero,true,1,true,5,false,0,true,5,2.333757216967708,0.6907454610781022,5.933846881546051,high_volatility,false,false,none,0.03670000000000001,0.0,0.24915000000000004,0.21245000000000003,0.12569434818264147,0.026848312783604753,0.07577207303904207,false,none,1.7563,-1.258,126.66497203863752,203.13439740920657,-319.7763091001525,false,半导体,true,inf,true,rising,false,false,0.0,2.333757216967708,1.0,半导体,-5.0,-2.0,3.0,0.3,0.5,0.20939221360227225,0.06499260550935328,0.17482999207936872,false,false,-0.049114959369255785,0.015292106506874554,,,,,,,0.07161803713527852,0,0.0,none,2.320749848277761,true,increasing_vol,22.27831504682333,单年巨幅下滑-15.0分(年跌-319.8%); 周期顶部预警-5分(警惕景气回落); 波动率飙升预警-7.9分(近期波动是早期的3.9倍); 趋势不可靠-2分(Bootstrap CI过宽: 0.322),"","",0,0
688389.SH,普门科技,医疗保健,0.590383,0.08983313446731295,0.10160999999999998,0.8614109466280684,0.022881618604218387,0.2096969708362566,0.6919,100.0,0.09159562437074549,0.7999999999999999,0.08333333333333333,has_near_zero,has_near_zero,has_near_zero,false,0,true,5,false,0,true,5,0.3087147700795558,0.17284939976754327,0.6904804429362387,ultra_stable,false,false,none,0.16024999999999998,0.0,0.024150000000000005,-0.13609999999999997,0.5236658394576373,0.9659023448024764,0.4985560497738971,false,none,-0.017800000000000038,0.06610000000000005,7.504661280298324,-2.508102014935894,10.27035425730268,false,医疗保健,false,1.0,true,falling,false,false,0.0,0.3087147700795558,0.38030514939697796,医疗保健,-5.0,-2.0,3.0,0.3,0.5,0.020083865682631985,0.5018080508335597,-0.12397776823728651,false,true,0.08983313446731295,0.8614109466280684,,,,,,,0.27835051546391754,0,0.0,none,0.11387883878679836,false,decreasing_vol,0.0,"","","",0,0
688396.SH,华润微,半导体,1.8378570000000003,-0.06899894857748788,-0.14661,0.18299782445790608,0.47243145997712055,-0.013021235666578757,1.5383,74.8305254238347,-0.08504723290495138,-0.39999999999999997,0.48333333333333334,good,good,good,false,0,false,0,false,0,false,0,0.2952841434933953,0.555677512591611,0.6910789440122433,moderate,false,false,none,0.9957,0.0,-0.42359,-1.4192900000000002,0.6780036831238501,1.0,0.7800368312385006,false,none,0.22199999999999998,-1.0004,-33.59951655371865,16.865456202993236,-43.18211248759011,false,半导体,false,1.9879966572969687,true,rising,false,false,0.0,0.2952841434933953,0.5012935357676455,半导体,-5.0,-2.0,3.0,0.3,0.5,-0.180547420328667,0.5075680873081059,-0.33894915233059,false,true,-0.06899894857748788,0.18299782445790608,,,,,,,0.6067415730337079,0,0.0,none,0.2683629354388895,false,stable,25.169474576165292,单年巨幅下滑-15.0分(年跌-43.2%); 加速下滑-0.2分(加速度-0.34); 趋势不可靠-2分(Bootstrap CI过宽: 0.521); 峰值明显下跌-8分(从2.6跌至1.5，跌幅-41.2%),"","",0,0
688401.SH,路维光电,半导体,1.391154,-0.0009312668523297597,0.002380000000000016,0.0001125655311773063,0.9864915760172338,0.051388164196580766,1.3808,77.0,0.023576834217440192,0.19999999999999998,0.8166666666666667,good,good,good,false,0,true,1,false,0,true,1,0.37195360052464704,0.5171791643134901,0.9903339949943903,volatile,false,false,none,0.5546,0.0,-0.42919999999999986,-0.9837999999999998,0.5065531283815854,0.8859817578739684,0.38087670837258414,false,none,0.5186000000000001,-1.3769999999999998,-38.335119685601995,60.14845743446997,-61.495176848874586,false,半导体,false,2.5970772442588728,true,rising,false,false,0.0,0.37195360052464704,0.6438398463209007,半导体,-5.0,-2.0,3.0,0.3,0.5,-0.2094957384801913,0.2988749339024891,-0.4971884977631925,false,false,-0.0009312668523297597,0.000027257555713593743,,,,,,,0.6067415730337079,0,0.0,none,0.37194375414895503,false,increasing_vol,23.0,单年巨幅下滑-15.0分(年跌-61.5%); 峰值明显下跌-8分(从2.2跌至1.4，跌幅-38.3%),"","",0,0
688403.SH,汇成股份,半导体,0.5036440000000001,0.06547581223722872,0.07107999999999999,0.38509472252673327,0.26402021512458457,0.26582908415765094,0.5977,83.0,0.0717989529911173,0.39999999999999997,0.48333333333333334,has_near_zero,has_near_zero,has_near_zero,false,0,true,5,false,0,true,5,0.3846304897826753,0.18551497783197993,1.0103250953723668,moderate,false,false,none,0.24364999999999998,0.0,-0.06119999999999998,-0.30484999999999995,0.455214807561405,0.9925952030984383,0.1656474684123725,false,none,0.17670000000000002,-0.2991,-16.997639216775443,41.97149643705464,-41.53589779197333,false,半导体,false,1.7104513064133016,true,rising,false,false,0.0,0.3846304897826753,0.5357645660145804,半导体,-5.0,-2.0,3.0,0.3,0.5,-0.0511018568074767,0.15270479457862607,-0.2702561014195666,false,false,0.06547581223722872,0.38509472252673327,,,,,,,0.435483870967742,0,0.0,none,0.30601479557908895,false,stable,17.0,单年巨幅下滑-15.0分(年跌-41.5%); 趋势不可靠-2分(Bootstrap CI过宽: 0.301),"","",0,0
688411.SH,海博思创,电气设备,2.7440420000000003,0.758948829906721,1.6023400000000003,0.6768955514560238,0.0871693533689675,,6.6767,101.0,0.8573441469059706,0.7999999999999999,0.08333333333333333,has_loss,has_loss,has_loss,true,1,true,3,true,1,true,3,1.446843079148925,3.2746978147609287,3.3652478195940505,high_volatility,false,false,none,0.97,0.0,1.60301,0.6330100000000001,0.2693328399112622,1.0,0.4273070956597548,false,none,5.8567,-3.9100000000000006,41.15644820295982,714.2317073170732,-82.66384778012686,false,电气设备,true,5.76829268292683,true,rising,false,false,0.0,1.446843079148925,1.0,电气设备,-5.0,-2.0,3.0,0.3,0.5,0.16963435223303902,0.029696304926427244,-1.3785498549823996,false,false,0.758948829906721,0.6768955514560238,,,,,,,0.07161803713527852,0,0.0,none,0.9167107933873612,false,increasing_vol,24.0,"单年巨幅下滑-15.0分(年跌-82.7%); 周期顶部预警-5分(警惕景气回落); 趋势不确定预警-4分(Bootstrap CI跨零: [-0.057, 1.757])","high_growth,turnaround","高速成长(稳健CAGR=85.7%, MK趋势=0.80); 扭亏为盈(曾亏损1年 -> 最新6.7)",1,1
688419.SH,耐科装备,半导体,0.626932,0.035304011504292125,0.043840000000000004,0.5029904774363683,0.17979199871391527,,0.8711,96.0,0.046512586910575915,0.39999999999999997,0.48333333333333334,has_loss,has_loss,has_near_zero,true,1,true,5,false,0,true,5,0.6145672433207177,0.3772090826053901,1.4818012968816188,high_volatility,false,false,none,-0.3292,0.0,0.45475,0.7839499999999999,0.5300813735481588,0.5187456792190989,0.8273174252346073,false,none,0.09489999999999998,0.8146,2368.4895833333335,12.226230353001801,2121.354166666667,false,半导体,true,inf,true,rising,false,false,0.0,0.6145672433207177,1.0,半导体,-5.0,-2.0,3.0,0.3,0.5,0.41281070388221924,0.815975647417545,0.724955454548089,true,false,0.035304011504292125,0.026211477827682413,,,,,,,0.07161803713527852,0,0.0,none,0.6041015028598931,false,stable,4.0,"周期顶部预警-5分(警惕景气回落); 趋势不确定预警-4分(Bootstrap CI跨零: [-0.025, 0.091])","","",0,0
688432.SH,有研硅,半导体,0.242875,-0.008671386512483392,-0.008950000000000003,0.03779300330146606,0.7540449183265605,-0.0021645148544268134,0.1838,49.92258159966853,-0.014859406753203425,-0.19999999999999998,0.8166666666666667,has_near_zero,has_near_zero,has_near_zero,false,0,true,5,false,0,true,5,0.29703365608768156,0.07293958458889109,0.6560514741814627,moderate,false,false,none,0.07974999999999999,0.0,-0.08055,-0.1603,0.5144306138505677,0.9401557105275214,0.8835504279781556,true,severe,-0.02990000000000001,-0.13119999999999998,-46.70919106987533,-13.991576977070663,-38.04001159756451,false,半导体,false,1.0,true,falling,false,false,0.0,0.29703365608768156,0.37096025820347855,半导体,-5.0,-2.0,3.0,0.3,0.5,-0.07781175424741048,0.8854043864101145,-0.15483680066293487,false,true,-0.008671386512483392,0.03779300330146606,,,,,,,0.9507042253521126,2,-0.6321878887658786,sustained_decline,0.2913897354138584,false,stable,50.07741840033147,严重恶化-15分; 单年巨幅下滑-15.0分(年跌-38.0%); 加速下滑-0.1分(加速度-0.15); 贝叶斯高置信度恶化-12分(恶化概率95.1%，严重恶化确认); 峰值明显下跌-8分(从0.3跌至0.2，跌幅-46.7%),"","",0,0
688439.SH,振华风光,元器件,-0.8081260000000001,0.004852989096931881,0.009380000000000012,0.00024167076162488952,0.9802073164865702,,-1.2829,53.0,-0.0010085509411174448,0.0,1.0,poor,poor,poor,true,5,true,2,true,5,true,2,0.7491466772450852,0.6075130064451295,1.4806274200310747,high_volatility,false,false,none,1.2006999999999999,0.0,-0.24611999999999998,-1.4468199999999998,0.5481384712313079,0.9999999999999996,0.26910737215907493,true,severe,-1.1211,0.9675,-13.601345966527933,-692.8924598269468,85.67254051182148,false,元器件,true,inf,true,falling,false,false,0.0,0.7491466772450852,1.0,元器件,-5.0,-2.0,3.0,0.3,0.5,-0.04903420447147271,0.009706562162291071,-0.11558977385420832,false,false,0.004852989096931881,0.00024167076162488952,,,,,,,0.9487554904831625,1,0.0,cliff_drop,0.748923404295719,false,stable,47.0,严重恶化-15分; 单年巨幅下滑-15.0分(年跌-692.9%); 周期回落期-3分(景气下行趋势); 贝叶斯高置信度恶化-12分(恶化概率94.9%，严重恶化确认); 趋势不可靠-2分(Bootstrap CI过宽: 0.918),"","",0,0
688443.SH,智翔金泰-U,生物制药,-1.019329,-0.025029874954439923,-0.03277,0.12050108322340577,0.567061328224375,,-1.5693,47.00380434782609,-0.13455376969910826,-0.6,0.23333333333333334,poor,poor,poor,true,5,true,3,true,5,true,4,0.3849370329325892,0.3703864130877373,0.9554146747038037,moderate,false,false,none,0.025999999999999968,0.0,-0.45964999999999995,-0.4856499999999999,0.5017831466091642,0.05651543863560349,0.9900160274560387,true,severe,-0.5395999999999999,-0.37970000000000004,-141.43076923076922,-52.40361270272893,-58.415384615384625,false,生物制药,false,inf,true,falling,false,false,0.0,0.3849370329325892,1.0,生物制药,-5.0,-2.0,3.0,0.3,0.5,-0.31068748000245583,0.9986626582100153,-0.3322274532041439,false,false,-0.1279971486642952,0.6593374270739593,,,,,,,0.9935602575896965,2,-0.10291418865489076,sustained_decline,0.2241753168898411,true,increasing_vol,52.99619565217391,严重恶化-15分; 单年巨幅下滑-15.0分(年跌-58.4%); 贝叶斯高置信度恶化-12分(恶化概率99.4%，严重恶化确认); 波动率飙升预警-5.0分(近期波动是早期的2.5倍); 连续下跌警示-6分(2年下跌，累计-123.5%),"","",0,0
688448.SH,磁谷科技,专用机械,0.568275,-0.02810279956832474,-0.041350000000000026,0.028265346343286264,0.7869518725127814,-0.12930471985424397,0.5345,73.0,-0.06812365525988313,-0.19999999999999998,0.8166666666666667,has_near_zero,has_near_zero,has_near_zero,false,0,true,5,false,0,true,5,0.5185237851185542,0.30109639154264206,1.3604739271199284,volatile,false,false,none,-0.79,0.0,0.09196,0.8819600000000001,0.5536745682797686,1.0,0.20124743956097882,false,none,0.017000000000000015,-0.2639,-31.597133350396728,3.285024154589375,-33.7727156385974,false,专用机械,false,2.3768821292775666,true,rising,false,false,0.0,0.5185237851185542,0.7317366453318523,专用机械,-5.0,-2.0,3.0,0.3,0.5,-0.10311166824143714,0.6955520601924646,-0.046650683975405345,false,false,-0.02810279956832474,0.028265346343286264,,,,,,,0.6067415730337079,0,0.0,none,0.5061520444446006,true,decreasing_vol,27.0,单年巨幅下滑-15.0分(年跌-33.8%); 波动聚集提示-2分(大波动后可能跟着大波动); 趋势不可靠-2分(Bootstrap CI过宽: 0.383); 峰值明显下跌-8分(从0.9跌至0.5，跌幅-42.5%),"","",0,0
688468.SH,科美诊断,医疗保健,0.46814,-0.003830897468162814,-0.004199999999999993,0.09407775849281451,0.6156835289167837,-0.0007747093207361999,0.4187,91.91532263053824,-0.006085651852622005,-0.19999999999999998,0.8166666666666667,has_near_zero,has_near_zero,has_near_zero,false,0,true,5,false,0,true,5,0.17203892886072916,0.08089958590746928,0.4066008846546444,stable,false,false,none,0.09494999999999999,0.0,-0.09559999999999999,-0.19055,0.5114798363168711,0.9333427024743844,0.8003556606943262,false,none,-0.012899999999999967,-0.17830000000000001,-31.349401541236265,-2.988878591288222,-29.23430070503362,false,医疗保健,false,1.0,true,falling,false,false,0.0,0.17203892886072916,0.2709644764219167,医疗保健,-5.0,-2.0,3.0,0.3,0.5,-0.0849770831431533,0.8021154055696575,-0.16935473892350442,false,true,-0.003830897468162814,0.007104995028466571,,,,,,,0.6585365853658537,0,-0.8977612421297427,none,0.1714583300040152,false,stable,8.084677369461753,加速下滑-0.1分(加速度-0.17); 峰值明显下跌-8分(从0.6跌至0.4，跌幅-31.3%),"","",0,0
688469.SH,芯联集成-U,半导体,0.22752300000000003,0.07659713959171355,0.07801000000000001,0.7474838393535925,0.05859680968532468,1.2784509959547,0.2695,90.0,0.10284688427873746,0.7999999999999999,0.08333333333333333,has_near_zero,has_near_zero,has_near_zero,false,0,true,5,false,0,true,5,0.7006735811876749,0.1430214913920282,1.7690574172055653,volatile,false,false,none,0.125,0.0,0.004750000000000004,-0.12025,0.4233291080523331,0.9868421052631579,0.0059489752601729244,true,moderate,-0.10159999999999997,0.11109999999999998,3.653846153846157,-27.37806521153327,42.73076923076922,false,半导体,false,1.0,true,falling,false,false,0.0,0.7006735811876749,0.6938721982834732,半导体,-5.0,-2.0,3.0,0.3,0.5,0.004591786750633903,0.006123584321137698,-0.1189864708354571,false,false,0.07659713959171355,0.7474838393535925,,,,,,,0.7873633049817741,1,0.0,single_year_drop,0.3546759522292295,false,stable,10.0,中度恶化-10分; 贝叶斯中度恶化预警-5分(恶化概率78.7%),"","",0,0
688475.SH,萤石网络,IT设备,0.631869,0.024464195547851033,0.04742,0.016825189335517316,0.8353099204927281,,0.6964,58.232307197887565,0.4178724664722988,0.6,0.23333333333333334,has_loss,has_loss,has_near_zero,true,1,true,2,false,0,true,2,3.709729940787699,1.5652092566171463,9.446103526734925,high_volatility,false,false,none,2.8999999999999995,0.0,0.05870000000000001,-2.8412999999999995,0.6521305161558727,0.9999999999999998,0.021305161558726436,true,severe,-1.0291000000000001,0.41779999999999995,-46.74619561061405,-59.6406838597508,31.949223828095125,false,IT设备,false,1.0,true,falling,false,false,0.0,3.709729940787699,1.0,IT设备,-5.0,-2.0,3.0,0.3,0.5,-0.21671113737295417,0.41326096087037334,-1.535385604224875,false,true,0.5118710425437529,0.5017357401591565,,,,,,,0.9866768176627332,1,0.0,cliff_drop,2.623747910584733,false,decreasing_vol,56.767692802112435,严重恶化-15分; 单年巨幅下滑-15.0分(年跌-59.6%); 加速下滑-0.8分(加速度-1.54); 贝叶斯高置信度恶化-12分(恶化概率98.7%，严重恶化确认); 趋势不可靠-2分(Bootstrap CI过宽: 0.653); 峰值大幅下跌-15分(从1.7跌至0.7，跌幅-59.6%),high_growth,"高速成长(稳健CAGR=41.8%, MK趋势=0.60)",1,0
688479.SH,友车科技,软件服务,0.681924,-0.030027491388221417,-0.03594000000000001,0.31954460500013726,0.32067820891502563,-0.07192843955481643,0.5564,80.0,-0.04426176521299506,-0.39999999999999997,0.48333333333333334,has_near_zero,has_near_zero,has_near_zero,false,0,true,4,false,0,true,5,0.37367114451329814,0.2651869378381974,0.9440874760455416,moderate,false,false,none,0.3999999999999999,0.0,-0.16487999999999997,-0.5648799999999998,0.39542676877152394,1.0,0.48673268393183927,true,moderate,-0.05559999999999998,0.132,15.916666666666673,-9.084967320261434,27.500000000000004,false,软件服务,false,1.8354166666666667,true,falling,false,false,0.0,0.37367114451329814,0.5436591378328608,软件服务,-5.0,-2.0,3.0,0.3,0.5,0.033914261640390825,0.339565508712128,0.14886179181664816,false,false,-0.07286116883065523,0.3175598378588723,,,,,,,0.4807121661721069,1,0.0,single_year_drop,0.3116732000012723,false,decreasing_vol,20.0,中度恶化-10分; 峰值大幅下跌-15分(从1.1跌至0.6，跌幅-51.6%),"","",0,0
688484.SH,南芯科技,半导体,-0.13354100000000002,0.11677881992886899,0.13440000000000002,0.1598603778505328,0.5048352923026614,,1.042,96.0,0.6165574615785334,0.7999999999999999,0.08333333333333333,poor,poor,has_loss,true,2,true,3,true,1,true,4,4.853061577332844,2.4550667907411396,11.55392583221317,high_volatility,false,false,none,4.572900000000001,0.0,0.33375000000000005,-4.23915,0.7041282919103727,1.0,0.541282919103727,false,none,0.5505,-0.4785,7.422680412371141,112.00406917599186,-49.329896907216494,false,半导体,false,1.9735503560528993,true,rising,false,false,0.0,4.853061577332844,1.0,半导体,-5.0,-2.0,3.0,0.3,0.5,0.025380977377730537,0.01126872531128585,-1.5411355835798566,false,false,0.7069205424377046,0.7140243275010052,,,,,,,0.13366336633663367,0,0.0,none,2.916192823511831,true,decreasing_vol,19.0,单年巨幅下滑-15.0分(年跌-49.3%); 波动聚集提示-2分(大波动后可能跟着大波动); 趋势不可靠-2分(Bootstrap CI过宽: 0.524),high_growth,"高速成长(稳健CAGR=61.7%, MK趋势=0.80)",1,0
688486.SH,龙迅股份,半导体,1.327741,-0.08190459339794019,-0.14512999999999998,0.21599160691999433,0.4303147051037504,-0.0984682377429289,1.1428,85.2390013447268,-0.07834943173509835,-0.39999999999999997,0.48333333333333334,good,good,good,false,0,true,1,false,0,true,1,0.32165758943831047,0.4410826192449664,0.7653433288606266,moderate,false,false,none,-0.50475,0.0,0.21114999999999998,0.7159,0.3856002930773589,0.7203271296127662,0.29790468295103373,true,moderate,-0.35030000000000006,0.7726000000000001,58.612074947952806,-23.46125510682473,107.23108952116587,false,半导体,false,2.264469118667592,true,falling,false,false,0.0,0.32165758943831047,0.559255287372994,半导体,-5.0,-2.0,3.0,0.3,0.5,0.15472664355362964,0.3480033860288627,0.4780026894535954,true,false,-0.08190459339794019,0.21599160691999433,,,,,,,0.6492985971943889,1,0.0,single_year_drop,0.2747012240527205,false,stable,14.760998655273202,中度恶化-10分; 趋势不可靠-2分(Bootstrap CI过宽: 0.570); 峰值明显下跌-8分(从1.8跌至1.1，跌幅-35.4%),"","",0,0
688496.SH,清越科技,元器件,-0.176351,0.015558718180473103,0.01563,0.014810472184839918,0.8454322703548098,,0.0236,79.77220423038143,0.01130542048534704,0.19999999999999998,0.8166666666666667,poor,poor,poor,true,4,true,5,true,4,true,5,1.1474384819969319,0.20773226278072454,2.3950508174988956,high_volatility,false,false,none,-0.36,0.0,0.09678,0.45677999999999996,0.41583538183136054,1.0,0.309844202727395,false,none,0.4245,-0.33299999999999996,134.75699558173784,105.88675480169618,-490.4270986745213,false,元器件,true,inf,true,rising,false,false,0.0,1.1474384819969319,1.0,元器件,-5.0,-2.0,3.0,0.3,0.5,0.04572287165791108,0.04409107664425054,0.054657243361374536,false,false,0.015558718180473103,0.014810472184839918,,,,,,,0.07161803713527852,0,0.0,none,1.1392896691302268,false,stable,20.22779576961857,单年巨幅下滑-15.0分(年跌-490.4%); 周期顶部预警-5分(警惕景气回落); 趋势不可靠-2分(Bootstrap CI过宽: 0.363),"","",0,0
688503.SH,聚和材料,电气设备,-10.336529,-0.06173815943933639,-0.7497999999999998,0.26798543682194786,0.3716314597903631,,-3.6998,77.41703446939522,0.047158438541192726,0.0,1.0,poor,poor,poor,true,5,false,0,true,5,false,0,0.4288372264427723,4.542912888555095,1.168908280124906,volatile,false,false,none,-0.5676499999999995,0.0,3.57775,4.1453999999999995,0.3808094216315773,0.15199390342035934,0.33123756752224714,false,none,12.3829,-5.227399999999999,65.91710961465827,76.995156285947,-48.15527898814403,false,电气设备,false,inf,true,rising,false,false,0.0,0.4288372264427723,1.0,电气设备,-5.0,-2.0,3.0,0.3,0.5,0.5303534963167174,0.4979926589481476,0.585326996646903,false,false,0.16588693396575618,0.22302780365200234,,,,,,,0.07161803713527852,0,0.0,none,0.40932731189717814,true,increasing_vol,22.582965530604778,单年巨幅下滑-15.0分(年跌-48.2%); 波动率飙升预警-7.6分(近期波动是早期的3.8倍),"","",0,0
688506.SH,百利天恒,化学制药,2.117529,-0.2264055851518105,-0.26195000000000007,0.4856317063655766,0.19096996898072383,,10.1214,81.58252534719722,-0.32881664727692206,-0.19999999999999998,0.8166666666666667,poor,poor,poor,true,3,true,3,true,4,true,4,3.0983826945332353,4.828457623506703,7.479497940168636,high_volatility,false,false,none,-0.4325,0.0,5.3832,5.8157000000000005,0.640336359620234,0.957666709330603,0.6884246152936506,false,none,11.655899999999999,-0.8895,1669.2093023255811,759.5894428152493,-137.90697674418604,false,化学制药,false,1.0,false,rising,false,false,0.0,3.0983826945332353,1.0,化学制药,-5.0,-2.0,3.0,0.3,0.5,1.8086289927219683,0.627162096905822,2.2212741004668675,true,false,0.47322253968448325,0.20614549052316286,,,,,,,0.07161803713527852,0,0.0,none,2.4543647783268985,true,increasing_vol,28.417474652802778,轻度衰退-4.5分(log斜率-0.226); 单年巨幅下滑-15.0分(年跌-137.9%); 波动率飙升预警-8.0分(近期波动是早期的14.5倍); 趋势不可靠-2分(Bootstrap CI过宽: 0.537),turnaround,扭亏为盈(曾亏损3年 -> 最新10.1),0,1
688512.SH,慧智微-U,半导体,-0.8875900000000001,0.06747174545021827,0.08414000000000002,0.3594389857484813,0.28523347361975365,,-0.6404,63.0,0.2064675265281921,0.7999999999999999,0.08333333333333333,poor,poor,poor,true,5,true,3,true,5,true,4,0.5218566483923127,0.5081422556725627,1.3472045351846529,moderate,false,false,none,0.74,0.0,0.16606000000000004,-0.5739399999999999,0.6337474934874161,1.0,0.6895949348741599,true,severe,-0.16219999999999996,0.4318,29.62637362637363,-33.91886240066916,47.45054945054945,false,半导体,false,1.0,true,falling,false,false,0.0,0.5218566483923127,0.5508186520471835,半导体,-5.0,-2.0,3.0,0.3,0.5,0.10656190514310693,0.356285161558927,-0.1580843732160726,false,true,0.1939494656619628,0.8166902322520939,,,,,,,0.7873633049817741,1,0.0,cliff_drop,0.2345103133270926,false,stable,37.0,严重恶化-15分; 单年巨幅下滑-15.0分(年跌-33.9%); 贝叶斯中度恶化预警-5分(恶化概率78.7%); 趋势不可靠-2分(Bootstrap CI过宽: 0.316),"","",0,0
688513.SH,苑东生物,化学制药,1.559338,0.025316505771045827,0.04309500000000002,0.43872659831391186,0.22319545933193013,0.034223840165319874,1.4912,51.61471480082649,0.03957952850758116,0.39999999999999997,0.48333333333333334,good,good,good,false,0,false,0,false,0,false,0,0.2937061851648939,0.4453114438233088,0.7011040905433391,moderate,false,false,none,-0.0190499999999999,0.0,0.11295,0.1319999999999999,0.08052765709966588,0.26219195006177126,0.04383024975476466,true,severe,-0.8007999999999997,1.0266999999999997,17.853473484549117,-34.93891797556718,81.14281198134827,false,化学制药,false,1.8649308380797394,true,falling,false,false,0.0,0.2937061851648939,0.48362239320921374,化学制药,-5.0,-2.0,3.0,0.3,0.5,0.06637831063421495,0.06294678117288952,0.0780818472721273,false,false,0.07513762451001615,0.28810705177558665,,,,,,,0.7873633049817741,1,0.0,cliff_drop,0.25250004412397087,false,increasing_vol,48.38528519917351,严重恶化-15分; 单年巨幅下滑-15.0分(年跌-34.9%); 贝叶斯中度恶化预警-5分(恶化概率78.7%); 波动率飙升预警-8.0分(近期波动是早期的16.5倍); 峰值明显下跌-8分(从2.3跌至1.5，跌幅-34.9%),"","",0,0
688516.SH,奥特维,专用机械,2.96169,0.09256106644898499,0.21670000000000003,0.20045628152208103,0.449604313828647,0.12668520468934674,2.5019,62.70309817144211,0.07227297098937627,0.19999999999999998,0.8166666666666667,good,good,good,false,0,false,0,false,0,false,0,0.30442158114827,0.8818119056805708,0.7550368007512048,moderate,false,false,none,1.09355,0.0,-0.6189,-1.71245,0.7318146904802179,0.9184885984740441,0.8996583063281335,true,severe,-0.9769000000000001,-0.2608999999999999,-33.09891167740728,-28.081522364033578,-6.976495440810758,false,专用机械,false,1.0,true,falling,false,false,0.0,0.30442158114827,0.37687059825194935,专用机械,-5.0,-2.0,3.0,0.3,0.5,-0.19081536513583697,0.8815851667292012,-0.5938036571157889,false,true,0.09256106644898499,0.20045628152208103,,,,,,,0.9983822509822048,2,3.025161716549498,accelerating_decline,0.28050176518922465,false,decreasing_vol,37.29690182855789,严重恶化-15分; 加速下滑-0.3分(加速度-0.59); 贝叶斯高置信度恶化-12分(恶化概率99.8%，严重恶化确认); 趋势不可靠-2分(Bootstrap CI过宽: 0.630); 峰值明显下跌-8分(从3.7跌至2.5，跌幅-33.1%),"","",0,0
688517.SH,金冠电气,电气设备,0.699001,0.237330257914126,0.28987,0.8845134394677721,0.017272288959104834,0.5216856763993367,1.2868,115.0,0.27128376204999705,0.7999999999999999,0.08333333333333333,has_near_zero,has_near_zero,has_near_zero,false,0,true,4,false,0,true,4,0.795817165901862,0.48707193821857564,1.908698777857656,moderate,false,false,none,-0.1214,0.0,0.39371999999999996,0.5151199999999999,0.769350525758095,1.0,0.9988892195133514,false,none,0.3631,0.4326,162.02402769293423,39.30929955613294,88.08796579108125,false,电气设备,false,1.0,false,rising,false,false,0.0,0.795817165901862,0.7699870660548229,电气设备,-5.0,-2.0,3.0,0.3,0.5,0.2985699209749767,0.9889865891325534,0.18082815173950417,true,false,0.237330257914126,0.8845134394677721,,,,,,,0.07161803713527852,0,0.0,none,0.2693550928549363,false,increasing_vol,0.0,"",high_growth,"高速成长(稳健CAGR=27.1%, MK趋势=0.80)",1,0
688519.SH,南亚新材,元器件,0.6400460000000001,0.24003565351492898,0.28942,0.4473760750765876,0.2170215913082764,,1.3641,87.0,0.30784416093443107,0.6,0.23333333333333334,has_loss,has_loss,has_loss,true,1,true,3,true,1,true,3,1.2394383983733814,0.6856821107481221,2.7032645240591444,high_volatility,false,false,none,0.6735,0.0,0.07425000000000004,-0.59925,0.23308356552235682,0.9238976113882283,0.011751542968483703,false,none,1.2536,-1.1051,12.216189536031594,1134.4796380090497,-90.90983876275091,false,元器件,true,11.000904977375566,true,rising,false,false,0.0,1.2394383983733814,1.0,元器件,-5.0,-2.0,3.0,0.3,0.5,0.045507556860836074,0.006680243444537435,-0.532965749135029,false,false,0.24003565351492898,0.4473760750765876,,,,,,,0.07161803713527852,0,0.0,none,0.9230269528417493,true,increasing_vol,28.0,单年巨幅下滑-15.0分(年跌-90.9%); 周期顶部预警-5分(警惕景气回落); 波动聚集风险-6分(ARCH效应+波动上升); 趋势不可靠-2分(Bootstrap CI过宽: 0.883),high_growth,"高速成长(稳健CAGR=30.8%, MK趋势=0.60)",1,0
688520.SH,神州细胞,生物制药,-0.8268970000000001,0.04427730356651305,0.06471999999999999,0.5293533370714065,0.16354144511870147,,0.281,111.0,0.3284216967646525,0.7999999999999999,0.08333333333333333,poor,poor,poor,true,4,true,3,true,5,true,4,0.8585864631908937,0.8169106762676077,2.3784499611123957,volatile,false,false,none,-0.7475,0.0,0.6889000000000001,1.4364000000000001,0.6923589399645885,1.0,0.9235893996458848,false,none,1.1419000000000001,0.09999999999999998,129.24341762930587,132.6402601928215,10.406910188365073,false,生物制药,false,1.0,false,rising,false,false,0.0,0.8585864631908937,0.8202025038860483,生物制药,-5.0,-2.0,3.0,0.3,0.5,0.5654406250668973,0.7988094299737698,0.4732307308571114,false,false,0.328663834488866,0.6672868158878767,,,,,,,0.07161803713527852,0,0.0,none,0.5109546928005576,false,stable,4.0,"趋势不确定预警-4分(Bootstrap CI跨零: [-0.002, 0.105])",high_growth,"高速成长(稳健CAGR=32.8%, MK趋势=0.80)",1,0
688525.SH,佰维存储,半导体,-1.5286560000000002,0.002960363663510157,0.009180000000000034,0.0024965072093428714,0.9364089900740649,,1.2332,80.0,0.15404854566603626,0.19999999999999998,0.8166666666666667,poor,poor,poor,true,4,false,0,true,5,false,0,1.2765741676711573,2.059318384320404,3.59716333159761,high_volatility,false,false,none,0.09530000000000004,0.0,1.4213,1.326,0.34074021444220143,0.15547942266267903,0.23993679080022953,false,none,5.8028,-2.9602000000000004,176.6248291288679,126.98704481792717,-183.93190008698897,false,半导体,true,inf,true,rising,false,false,0.0,1.2765741676711573,1.0,半导体,-5.0,-2.0,3.0,0.3,0.5,1.1455048953190434,0.4678832971833838,1.0972619341808758,false,false,0.3641242178238928,0.2269800272621555,,,,,,,0.07161803713527852,0,0.0,none,1.2463613666969218,true,increasing_vol,20.0,单年巨幅下滑-15.0分(年跌-183.9%); 周期顶部预警-5分(警惕景气回落); 波动率飙升预警-8.0分(近期波动是早期的11.4倍),"","",0,0
688545.SH,兴福电子,元器件,0.772607,0.2929317331914499,0.35429000000000005,0.954832034263635,0.0041307101851071875,1.9267238304427496,1.284,100.0,0.2929445027629038,0.9999999999999999,0.016666666666666666,has_near_zero,has_near_zero,has_near_zero,false,0,true,3,false,0,true,3,0.8604291428728005,0.5733211464790045,1.900738383959659,stable,false,false,none,0.31125,0.0,0.322,0.010749999999999982,0.25604246453017165,0.9379583516739897,0.8459488272921111,false,none,0.08400000000000007,0.5599999999999999,100.62500000000001,7.000000000000006,87.49999999999999,false,元器件,false,1.0,false,rising,false,false,0.0,0.8604291428728005,0.8216766476315738,元器件,-5.0,-2.0,3.0,0.3,0.5,0.23291855050504423,0.8336167050410231,-0.05974226245375097,false,true,0.2929317331914499,0.954832034263635,,,,,,,0.07161803713527852,0,0.0,none,0.1831544115679507,false,stable,0.0,"","","",0,0
688551.SH,科威尔,专用机械,0.530606,0.11626092385187725,0.13782000000000003,0.18916680722389653,0.46421758095090665,,0.8227,98.0,0.08495447958899396,0.19999999999999998,0.8166666666666667,has_loss,has_loss,has_loss,true,1,true,4,true,1,true,4,0.9640070094368588,0.4716500694370775,2.3374075133875656,high_volatility,false,false,none,-0.34530000000000005,0.0,0.4714,0.8167,0.6034511428929472,0.9843139664628603,0.5960213453165484,true,moderate,-0.2008000000000001,1.1436000000000002,785.0124895920067,-19.618954567659998,952.2064945878435,false,专用机械,true,inf,true,falling,false,false,0.0,0.9640070094368588,1.0,专用机械,-5.0,-2.0,3.0,0.3,0.5,0.4350545709802585,0.6258315872032413,0.7666435634120694,true,false,0.11626092385187725,0.18916680722389653,,,,,,,0.6492985971943889,1,0.0,single_year_drop,0.8549475800933876,false,increasing_vol,2.0,中度恶化-10分; 周期回落期-3分(景气下行趋势); 趋势不可靠-2分(Bootstrap CI过宽: 0.854),"","",0,0
688553.SH,汇宇制药-W,化学制药,0.6073990000000001,-0.15432048398622633,-0.19087000000000004,0.5431170388980453,0.1553925548394292,-0.14635477242139927,0.5735,59.913590320275475,-0.1854955056148616,-0.6,0.23333333333333334,has_near_zero,has_near_zero,has_near_zero,false,0,true,3,false,0,true,3,0.5978210826346191,0.3973477607839259,1.387175397947823,volatile,false,false,none,-0.31095000000000006,0.0,0.057699999999999994,0.36865000000000003,0.3983731875301062,0.7816581995251733,0.07237130178232953,false,none,0.4155,-0.30010000000000003,25.191006330495526,262.9746835443038,-65.50971403623663,false,化学制药,false,1.0,false,rising,false,false,0.0,0.5978210826346191,0.6115901994410287,化学制药,-5.0,-2.0,3.0,0.3,0.5,0.05127196512002554,0.06480792155797015,0.29797258811405597,false,false,-0.15432048398622633,0.5431170388980453,,,,,,,0.07161803713527852,0,0.0,none,0.38887583501398654,false,stable,40.086409679724525,"轻度衰退-3.1分(log斜率-0.154); 持续衰退重罚-10.0分(最新<加权); 单年巨幅下滑-15.0分(年跌-65.5%); 趋势不确定预警-4分(Bootstrap CI跨零: [-0.394, 0.051]); 峰值明显下跌-8分(从1.1跌至0.6，跌幅-46.9%)","","",0,0
688557.SH,兰剑智能,专用机械,0.22629399999999994,-0.11942177049094199,-0.1226,0.1330020989533253,0.5461654030209322,,2.0995,108.87944628567567,0.3878055052943606,0.19999999999999998,0.8166666666666667,poor,poor,poor,true,3,true,3,true,4,true,4,10.514783973598002,1.2584093459602086,28.204378342245995,high_volatility,false,false,none,-0.58945,0.0,1.6877499999999996,2.2771999999999997,0.6403899146413766,0.48968092860763524,0.9142182178061311,false,none,2.5831999999999997,0.7923,264.5376175548589,534.0500310109571,62.092476489028215,false,专用机械,true,inf,true,rising,false,false,0.0,10.514783973598002,1.0,专用机械,-5.0,-2.0,3.0,0.3,0.5,1.2755002630889511,0.9138411737471069,1.75889257135134,true,false,0.2353249724404771,0.15034392623295956,,,,,,,0.07161803713527852,0,0.0,none,9.408350928581578,false,increasing_vol,6.1205537143243305,周期顶部预警-5分(警惕景气回落); 趋势不可靠-2分(Bootstrap CI过宽: 1.018),high_growth,"高速成长(稳健CAGR=38.8%, MK趋势=0.20)",1,0
688561.SH,奇安信-U,软件服务,-1.2269249999999998,0.1249460191844875,0.18025000000000005,0.26841607622085223,0.371178604021661,,-0.4987,98.0,0.15837958712881817,0.39999999999999997,0.48333333333333334,poor,poor,poor,true,5,true,1,true,5,true,1,0.46539762520323347,0.5961743578853421,1.1007806401249025,volatile,false,false,none,-0.8956,0.0,0.4944,1.39,0.691750110080376,1.0,0.9175011008037607,false,none,0.6366,0.7137,73.02866414277989,56.07328459438035,38.599242833964304,false,软件服务,false,1.0,false,rising,false,false,0.0,0.46539762520323347,0.5056514334959201,软件服务,-5.0,-2.0,3.0,0.3,0.5,0.4469719221826958,0.9963489621017585,0.6886298965888575,true,false,0.1249460191844875,0.26841607622085223,,,,,,,0.07161803713527852,0,0.0,none,0.40877429001462073,false,stable,2.0,趋势不可靠-2分(Bootstrap CI过宽: 0.727),"","",0,0
688566.SH,吉贝尔,化学制药,0.879575,0.0029397483665749126,0.0038100000000000026,0.12952088080793006,0.5518670151449311,0.14511824382081118,1.0795,100.0,0.06953374821996275,0.9999999999999999,0.016666666666666666,has_near_zero,has_near_zero,has_near_zero,false,0,true,4,false,0,true,5,0.19410918957271361,0.16159590031928406,0.5425825825825825,ultra_stable,false,false,none,0.08925,0.0,0.13659999999999994,0.04734999999999995,0.2969746226140416,0.7537814159869863,0.8499771633476592,false,none,0.23599999999999988,0.03720000000000001,33.88317003596675,27.978660343805554,4.61366736946546,false,化学制药,false,1.0,false,rising,false,false,0.0,0.19410918957271361,0.28862068499150423,化学制药,-5.0,-2.0,3.0,0.3,0.5,0.09945316547827049,0.855634904083892,0.026921371925582638,false,false,0.07173373197895826,0.8563133485941093,,,,,,,0.07161803713527852,0,0.0,none,0.07551991931383478,false,increasing_vol,0.0,"","","",0,0
688567.SH,孚能科技,电气设备,-0.05464900000000006,0.3271362615720501,0.35777000000000003,0.3950066090613217,0.25612917738939944,,0.7436,98.0,0.2688117472783868,0.6,0.23333333333333334,poor,poor,poor,true,2,true,4,true,2,true,4,5.858577068841136,0.9489723136108872,13.448573898012098,high_volatility,false,false,none,-0.2766,0.0,1.0892,1.3658,0.4069264103481967,0.10811758571539552,0.8177227509350375,false,none,0.1985,1.9799000000000002,151.82603847226093,36.415336635479726,137.99135768051295,false,电气设备,true,inf,true,rising,false,false,0.0,5.858577068841136,1.0,电气设备,-5.0,-2.0,3.0,0.3,0.5,0.9230316708420765,0.8171775705924791,1.1044898770524383,false,false,0.3271362615720501,0.3950066090613217,,,,,,,0.07161803713527852,0,0.0,none,4.7039037577096865,false,stable,2.0,周期顶部预警-5分(警惕景气回落); 趋势不可靠-2分(Bootstrap CI过宽: 1.356),"","",0,0
688570.SH,天玛智控,专用机械,0.8289230000000001,0.06093353922101907,0.07244500000000001,0.5123199582850132,0.17394283262628543,0.17768934148938986,0.8464,86.0,0.03645997503870592,0.19999999999999998,0.8166666666666667,has_near_zero,has_near_zero,has_near_zero,false,0,true,4,false,0,true,5,0.4658127512229412,0.3865966347499678,1.2290045063498567,volatile,false,false,none,1.02,0.0,-0.20175,-1.2217500000000001,0.649910400711063,1.0,0.49910400711063013,false,none,0.23310000000000008,-0.17670000000000008,7.139240506329115,38.007500407630864,-22.367088607594944,false,专用机械,false,2.380564161095712,true,rising,false,false,0.0,0.4658127512229412,0.6900587557911146,专用机械,-5.0,-2.0,3.0,0.3,0.5,0.021825752683217847,0.04903983021500649,-0.1271377748179877,false,false,0.009098474207933194,0.002658417201863223,,,,,,,0.13366336633663367,0,0.0,none,0.4657679772619648,true,decreasing_vol,14.0,"波动聚集提示-2分(大波动后可能跟着大波动); 趋势不确定预警-4分(Bootstrap CI跨零: [-0.050, 0.160]); 峰值明显下跌-8分(从1.5跌至0.8，跌幅-42.0%)","","",0,0
688575.SH,亚辉龙,医疗保健,0.9885780000000001,0.034019090681559574,0.04374,0.4501689898535136,0.2150510261809805,,0.9292,84.0,-0.042475945194801246,0.0,1.0,has_loss,has_loss,has_near_zero,true,1,true,4,false,0,true,5,1.0773966223809386,1.0803271411938145,2.9130764321046754,high_volatility,false,false,none,1.0061,0.0,-0.9314999999999999,-1.9375999999999998,0.4314752706815915,0.6984212575332128,0.39673869225187447,false,none,1.058,-2.921,-66.72158154859966,821.4285714285716,-104.61285008237233,false,医疗保健,true,10.902772354549004,true,rising,false,false,0.0,1.0773966223809386,1.0,医疗保健,-5.0,-2.0,3.0,0.3,0.5,-0.4600940372786742,0.23978156715804402,-0.9769078559853468,false,false,-0.05052301998654754,0.014167303255823199,,,,,,,0.6067415730337079,0,0.0,none,1.0748293500373818,false,increasing_vol,16.0,单年巨幅下滑-15.0分(年跌-104.6%); 峰值大幅下跌-15分(从2.8跌至0.9，跌幅-66.7%),"","",0,0
688578.SH,艾力斯,化学制药,1.240195,0.5898386744379764,0.92685,0.9410396125285851,0.006187168232339914,,3.48,105.0,0.5803864096722315,0.9999999999999999,0.016666666666666666,has_loss,has_loss,has_loss,true,1,true,3,true,1,true,3,1.640582318972717,1.57846987237641,4.071340969089737,high_volatility,false,false,none,0.3204,0.0,1.6381999999999999,1.3177999999999999,0.6888615601078523,0.90298484334351,0.9856307577350125,false,none,1.9808,1.2956,1609.2337917485263,132.12379935965848,636.3457760314343,false,化学制药,false,1.0,false,rising,false,false,0.0,1.640582318972717,1.0,化学制药,-5.0,-2.0,3.0,0.3,0.5,0.8789962569807116,0.9945112752292345,0.5657121453978107,true,false,0.5898386744379764,0.9410396125285851,,,,,,,0.07161803713527852,0,0.0,none,0.6095410612739629,true,increasing_vol,10.0,波动率飙升预警-8.0分(近期波动是早期的5.1倍); 趋势不可靠-2分(Bootstrap CI过宽: 0.603),high_growth,"高速成长(稳健CAGR=58.0%, MK趋势=1.00)",1,0
688579.SH,山大地纬,软件服务,0.14906600000000003,-0.0519132712090159,-0.052980000000000006,0.4177918841419718,0.23859599876692741,,0.1819,77.0,-0.09295432459994572,-0.6,0.23333333333333334,has_loss,has_loss,has_loss,true,1,true,5,true,1,true,5,0.7812848635068699,0.12888075108409325,2.032007759456838,high_volatility,false,false,none,-0.11005,0.0,0.04105,0.1511,0.42624318489026947,0.9779074593386469,0.171726515916602,false,none,0.19720000000000001,-0.1151,82.26452905811624,1288.8888888888891,-115.33066132264528,false,软件服务,false,1.0,false,rising,false,false,0.0,0.7812848635068699,0.7583612241388292,软件服务,-5.0,-2.0,3.0,0.3,0.5,0.04063823622240217,0.16991986320907856,0.14816106958729036,false,false,-0.0519132712090159,0.4177918841419718,,,,,,,0.07161803713527852,0,0.0,none,0.5937445526481082,false,stable,23.0,单年巨幅下滑-15.0分(年跌-115.3%); 峰值明显下跌-8分(从0.3跌至0.2，跌幅-43.1%),"","",0,0
688580.SH,伟思医疗,医疗保健,1.6608450000000001,-0.07396758789158975,-0.14104999999999998,0.24965300901415433,0.3913850083963231,-0.0856288018142215,1.2351,48.0,-0.07391859490552424,-0.39999999999999997,0.48333333333333334,good,good,good,false,0,false,0,false,0,false,0,0.2700698849482364,0.4599722252484383,0.6267173958993871,moderate,false,false,none,0.5356000000000003,0.0,-0.25023000000000006,-0.7858300000000004,0.38645306671202295,1.0,0.3721684247005946,true,severe,-0.7204999999999999,0.6999,-1.6405192323007047,-36.842912661075886,55.737835470255625,false,医疗保健,false,1.6955084813251575,true,falling,false,false,0.0,0.2700698849482364,0.4421237054686102,医疗保健,-5.0,-2.0,3.0,0.3,0.5,-0.006448855927442376,0.0008682758803992263,0.13510278790971542,false,false,-0.07396758789158975,0.24965300901415433,,,,,,,0.9487554904831625,1,0.0,cliff_drop,0.23620171533629736,false,stable,52.0,严重恶化-15分; 单年巨幅下滑-15.0分(年跌-36.8%); 贝叶斯高置信度恶化-12分(恶化概率94.9%，严重恶化确认); 趋势不可靠-2分(Bootstrap CI过宽: 0.348); 峰值明显下跌-8分(从2.3跌至1.2，跌幅-46.4%),"","",0,0
688581.SH,安杰思,医疗保健,3.24864,0.23959137118252524,0.6446000000000001,0.7542390608887126,0.056119614307914775,0.3343861380666737,3.8997,96.0,0.21083211729089116,0.9999999999999999,0.016666666666666666,good,good,good,false,0,false,0,false,0,false,0,0.36771738559246236,1.1234722195052265,0.8738045207281869,stable,false,false,none,1.185,0.0,0.14985000000000004,-1.03515,0.7397983863268333,0.9783949183640293,0.9195889449043031,false,none,0.07310000000000016,0.2265999999999999,8.325000000000001,1.9103120263419267,6.294444444444442,false,医疗保健,false,1.0,false,rising,false,false,0.0,0.36771738559246236,0.42750724180730326,医疗保健,-5.0,-2.0,3.0,0.3,0.5,0.03862947984684595,0.9156281097625857,-0.4402694545268707,false,true,0.23959137118252524,0.7542390608887126,,,,,,,0.13366336633663367,0,0.0,none,0.15470696407113033,true,decreasing_vol,4.0,波动聚集提示-2分(大波动后可能跟着大波动); 趋势不可靠-2分(Bootstrap CI过宽: 0.471),"","",0,0
688582.SH,芯动联科,元器件,0.16848500000000002,0.010416996509750982,0.010420000000000002,0.053773078641038786,0.7074160535710156,,0.4157,77.22685208287268,0.09929033056459302,0.6,0.23333333333333334,has_loss,has_loss,has_loss,true,1,true,5,true,1,true,5,1.165013221841037,0.1677153034162357,2.915393164767991,high_volatility,false,false,none,0.097,0.0,0.11285,0.015850000000000003,0.16099124113611263,0.9816038391987759,0.3705555942978536,false,none,0.36760000000000004,-0.1419,118.78947368421053,764.2411642411644,-74.68421052631578,false,元器件,true,3.9501039501039505,true,rising,false,false,0.0,1.165013221841037,1.0,元器件,-5.0,-2.0,3.0,0.3,0.5,0.10784881639379611,0.36078514357262975,0.011411314438937434,false,false,0.07952837862186939,0.5940457686721702,,,,,,,0.07161803713527852,0,0.0,none,0.7423450089555316,true,increasing_vol,22.773147917127314,单年巨幅下滑-15.0分(年跌-74.7%); 周期顶部预警-5分(警惕景气回落); 波动率飙升预警-5.3分(近期波动是早期的2.6倍),"","",0,0
688584.SH,上海合晶,半导体,0.810097,0.0763473319601718,0.09079,0.21581893280685965,0.4305241935198852,0.1321515238421469,0.6736,47.727539073367495,0.10401804277254675,0.39999999999999997,0.48333333333333334,has_near_zero,has_near_zero,has_near_zero,false,0,true,4,false,0,true,4,0.4335277959197063,0.33939157031370126,1.0985361367294282,volatile,false,false,none,0.43000000000000005,0.0,-0.2982,-0.7282000000000001,0.6355131692400439,0.8987362281270255,0.9999954642734123,true,severe,-0.29710000000000003,-0.2993,-46.960629921259844,-30.606778613371798,-23.56692913385827,false,半导体,false,1.0,true,falling,false,false,0.0,0.4335277959197063,0.48015557006909837,半导体,-5.0,-2.0,3.0,0.3,0.5,-0.21456073521391325,0.9983654014056622,-0.5449218532650035,false,true,0.0763473319601718,0.21581893280685965,,,,,,,0.9967697277341947,2,0.29871730166996924,sustained_decline,0.3928389864875151,false,stable,52.272460926632505,严重恶化-15分; 单年巨幅下滑-15.0分(年跌-30.6%); 加速下滑-0.3分(加速度-0.54); 贝叶斯高置信度恶化-12分(恶化概率99.7%，严重恶化确认); 趋势不可靠-2分(Bootstrap CI过宽: 0.566); 峰值明显下跌-8分(从1.3跌至0.7，跌幅-47.0%),"","",0,0
688588.SH,凌志软件,软件服务,0.38587000000000005,0.013045090540117982,0.01445999999999999,0.07036698187768763,0.6662545693321413,0.04422639203904022,0.5033,100.0,0.0053950271754898554,0.0,1.0,has_near_zero,has_near_zero,has_near_zero,false,0,true,5,false,0,true,5,0.22148549987199292,0.0838632696715314,0.5313754489752799,moderate,false,false,none,-0.1058,0.0,0.05125,0.15705,0.44250860615919274,1.0,0.5122192039310351,false,none,0.2012,-0.044899999999999995,45.043227665706056,66.60046342270772,-12.939481268011527,false,软件服务,false,1.120077469335055,true,rising,false,false,0.0,0.22148549987199292,0.3265320624756017,软件服务,-5.0,-2.0,3.0,0.3,0.5,0.0718864133989778,0.5414162188499673,0.10748256123154881,true,false,0.013045090540117982,0.07036698187768763,,,,,,,0.07161803713527852,0,0.0,none,0.21309567881238237,false,increasing_vol,0.0,"","","",0,0
688591.SH,泰凌微,半导体,0.39145800000000003,0.10165144053042528,0.11066000000000001,0.40448786595879754,0.24873260892757246,0.1473230464572195,0.6238,98.0,0.0792327704970747,0.39999999999999997,0.48333333333333334,has_near_zero,has_near_zero,has_near_zero,false,0,true,5,false,0,true,5,0.7536795014653093,0.2700132181949617,1.6161446993803381,high_volatility,false,false,none,-0.30999999999999994,0.0,0.22219000000000003,0.5321899999999999,0.5910816956010603,0.9999999999999996,0.8464369560106035,false,none,-0.005199999999999982,0.5005,385.44747081712063,-0.8267090620031768,389.49416342412445,false,半导体,true,12.58,true,falling,false,false,0.0,0.7536795014653093,1.0,半导体,-5.0,-2.0,3.0,0.3,0.5,0.23048842431204322,0.7428308492602899,0.3427366070322103,true,false,0.10165144053042528,0.40448786595879754,,,,,,,0.16167664670658682,0,0.0,none,0.574032096406225,false,stable,2.0,周期回落期-3分(景气下行趋势); 趋势不可靠-2分(Bootstrap CI过宽: 0.435),"","",0,0
688596.SH,正帆科技,专用机械,0.28968900000000003,0.06166681839975823,0.06299,0.07932465947866077,0.6461958334887052,,1.3738,107.02248898343717,0.28674584750284604,0.6,0.23333333333333334,poor,poor,poor,true,3,true,4,true,4,true,5,4.224828773417671,0.7584412614039402,10.956439393939394,high_volatility,false,false,none,-0.18744999999999998,0.0,0.9834499999999999,1.1708999999999998,0.6493147613463183,0.4933046865263916,0.9998429269367914,false,none,0.9621,1.0048,331.63041645590965,233.68957979111,169.41493845894453,false,专用机械,true,inf,true,rising,false,false,0.0,4.224828773417671,1.0,专用机械,-5.0,-2.0,3.0,0.3,0.5,0.8427789339664126,0.9931762211165056,1.0159762254883424,true,false,0.31557283173448325,0.5852811262455375,,,,,,,0.07161803713527852,0,0.0,none,2.7180430916409684,true,increasing_vol,7.977511016562833,周期顶部预警-5分(警惕景气回落); 波动率飙升预警-6.0分(近期波动是早期的3.0倍); 趋势不可靠-2分(Bootstrap CI过宽: 0.695),high_growth,"高速成长(稳健CAGR=28.7%, MK趋势=0.60)",1,0
688599.SH,天合光能,电气设备,4.637592000000001,0.28548343109193786,0.648225,0.44894251795539375,0.21591500430477092,0.2618044455915549,3.6744,46.89971772716498,0.4976780344964222,0.39999999999999997,0.48333333333333334,good,good,good,false,0,true,1,false,0,true,1,0.9850662279947562,4.126225714499874,2.509227030304767,high_volatility,false,false,none,1.40045,0.0,-0.28800000000000003,-1.68845,0.3482449941163671,0.5221547965095094,0.00494276532232723,true,severe,-7.3657,6.789700000000001,-13.55166572557877,-66.71769277452196,159.74261246000378,false,电气设备,true,20.850047214353165,true,falling,false,false,0.0,0.9850662279947562,1.0,电气设备,-5.0,-2.0,3.0,0.3,0.5,-0.0705800101496652,0.014338084963527986,-0.5642296855941001,false,false,0.42815642110519314,0.4672742058869976,,,,,,,0.9487554904831625,1,0.0,cliff_drop,0.8071293730116283,true,increasing_vol,68.10028227283502,严重恶化-15分; 单年巨幅下滑-15.0分(年跌-66.7%); 周期回落期-3分(景气下行趋势); 贝叶斯高置信度恶化-12分(恶化概率94.9%，严重恶化确认); 波动率飙升预警-6.1分(近期波动是早期的3.1倍); 趋势不可靠-2分(Bootstrap CI过宽: 0.863); 峰值大幅下跌-15分(从11.0跌至3.7，跌幅-66.7%),high_growth,"高速成长(稳健CAGR=49.8%, MK趋势=0.40)",1,0
688601.SH,力芯微,半导体,1.2185949999999999,-0.007374734507640457,-0.006009999999999982,0.006178686605272045,0.9000206456372031,-0.04144699608081015,0.9962,43.64092769440655,-0.02303534058300706,-0.19999999999999998,0.8166666666666667,good,good,good,false,0,true,1,false,0,true,1,0.19812291337475843,0.2420269509786049,0.4944335297969876,stable,false,false,none,0.11270000000000002,0.0,-0.03281999999999998,-0.14552,0.14678594380696702,1.0,0.023199993383445094,true,severe,-0.6040000000000001,0.5613000000000001,-4.11011646934257,-37.74528183977004,54.02829916257582,false,半导体,false,1.3922899220329195,true,falling,false,false,0.0,0.19812291337475843,0.3441369869708627,半导体,-5.0,-2.0,3.0,0.3,0.5,-0.01496513595164406,0.005289883786855772,0.032280818525452,false,false,-0.007374734507640457,0.006178686605272045,,,,,,,0.9487554904831625,1,0.0,cliff_drop,0.19797014492439202,true,increasing_vol,56.35907230559345,严重恶化-15分; 单年巨幅下滑-15.0分(年跌-37.7%); 贝叶斯高置信度恶化-12分(恶化概率94.9%，严重恶化确认); 波动率飙升预警-6.4分(近期波动是早期的3.2倍); 峰值明显下跌-8分(从1.6跌至1.0，跌幅-37.7%),"","",0,0
688608.SH,恒玄科技,半导体,1.8213650000000001,0.3820550915716266,0.9273500000000001,0.1157692311596012,0.5752922089043209,,4.8326,98.0,0.18967100472827295,0.39999999999999997,0.48333333333333334,poor,poor,poor,true,2,true,1,true,2,true,1,2.083446865785807,3.215091865406026,5.075818450452319,high_volatility,false,false,none,-2.66755,0.0,3.9164000000000003,6.58395,0.6836623042176776,0.9999515833724774,0.8366714588042984,false,none,0.9193000000000002,6.9135,261.07592827144856,23.49168221194389,230.4346376908206,false,半导体,false,1.0,false,rising,false,false,0.0,2.083446865785807,1.0,半导体,-5.0,-2.0,3.0,0.3,0.5,2.0487891955101336,0.7875327398270106,3.75009703288707,true,false,0.3820550915716266,0.1157692311596012,,,,,,,0.07161803713527852,0,0.0,none,1.8541634112820096,false,stable,2.0,趋势不可靠-2分(Bootstrap CI过宽: 4.033),"","",0,0
688611.SH,杭州柯林,电气设备,0.818741,0.1390162788842471,0.16376000000000002,0.34197599777317905,0.30036172930357863,,0.9797,83.0,0.1473910550627915,0.19999999999999998,0.8166666666666667,has_loss,has_loss,has_loss,true,1,true,4,true,1,true,5,0.9209883289723194,0.785916180645239,2.4399418754540982,high_volatility,false,false,none,-2.0821,0.0,0.36267,2.44477,0.7671188138799079,1.0,0.9256716919155674,false,none,0.05449999999999999,0.5613,169.2223138224787,5.890618244703847,154.2456718878813,false,电气设备,false,1.0,false,rising,false,false,0.0,0.9209883289723194,0.8701239965111889,电气设备,-5.0,-2.0,3.0,0.3,0.5,0.2553168607763634,0.8075922767078558,0.807851725568418,true,false,-0.0319303465002873,0.007888417269860521,,,,,,,0.07161803713527852,0,0.0,none,0.8958542434814871,false,decreasing_vol,17.0,趋势不可靠-2分(Bootstrap CI过宽: 0.639); 峰值大幅下跌-15分(从2.0跌至1.0，跌幅-52.0%),"","",0,0
688615.SH,合合信息,软件服务,4.78495,0.10470909987428297,0.46329999999999993,0.5438644749033716,0.15495645806139297,0.08155045729355037,4.5565,83.0,0.15796465519861158,0.6,0.23333333333333334,good,good,good,false,0,false,0,false,0,false,0,0.2296663750513791,1.0457399055214445,0.5907803131794521,stable,false,false,none,0.8449999999999998,0.0,-0.23174999999999987,-1.0767499999999997,0.5608210464628605,0.9502173623741295,0.09600255700264344,true,moderate,-1.4634999999999998,1.0,-9.233067729083661,-24.31063122923588,19.9203187250996,false,软件服务,false,1.0,true,falling,false,false,0.0,0.2296663750513791,0.31706643337443663,软件服务,-5.0,-2.0,3.0,0.3,0.5,-0.04741080899893202,0.11651847936414146,-0.2466182758800892,false,false,0.10470909987428297,0.5438644749033716,,,,,,,0.9025069637883009,1,0.0,single_year_drop,0.16390178412977283,false,stable,17.0,"中度恶化-10分; 贝叶斯恶化预警-8分(恶化概率90.3%); 趋势不确定预警-4分(Bootstrap CI跨零: [-0.047, 0.226])","","",0,0
688617.SH,惠泰医疗,医疗保健,6.334773,0.31472017318338397,1.6921100000000004,0.7673433426054792,0.0514417441391608,0.2666951865101128,7.6328,85.07927512355849,0.317493765021616,0.6,0.23333333333333334,good,good,good,false,0,false,0,false,0,false,0,0.5511707428264511,3.211749082353726,1.301684874569686,moderate,false,false,none,1.2733999999999999,0.0,1.0606,-0.21279999999999988,0.2012093863981072,0.6787132670926475,0.1949024973917008,true,moderate,-2.673,4.7942,38.48610203933522,-25.936851093558964,86.98381595181073,false,医疗保健,true,3.7879222258977467,true,falling,false,false,0.0,0.5511707428264511,0.945992891047527,医疗保健,-5.0,-2.0,3.0,0.3,0.5,0.16086681268484604,0.26909698759445727,-0.13957119004651164,false,false,0.31472017318338397,0.7673433426054792,,,,,,,0.6492985971943889,1,0.0,single_year_drop,0.3049288048582118,false,increasing_vol,14.920724876441517,中度恶化-10分; 周期回落期-3分(景气下行趋势); 波动率飙升预警-4.9分(近期波动是早期的2.5倍); 趋势不可靠-2分(Bootstrap CI过宽: 0.560),"","",0,0
688623.SH,双元科技,专用机械,1.060453,-0.12761314635051121,-0.20680500000000004,0.5016275475126319,0.1806556694129741,,0.7884,30.0,-0.06718735481626341,-0.19999999999999998,0.8166666666666667,has_loss,has_loss,good,true,1,true,1,false,0,true,1,1.217830887718144,1.2637918254206266,2.9198065025921722,high_volatility,false,false,none,-2.87,0.0,0.53255,3.40255,0.48986005267819893,1.0,0.25043318024862726,true,severe,-0.9218999999999999,-0.24970000000000003,-59.77551020408163,-53.90282406595334,-12.73979591836735,false,专用机械,true,inf,true,falling,false,false,0.0,1.217830887718144,1.0,专用机械,-5.0,-2.0,3.0,0.3,0.5,-0.35100897314355545,0.873428188257496,-0.38858984091505483,false,false,0.09823337918898956,0.024453824627417724,,,,,,,0.999190470683474,2,3.231058677183361,accelerating_decline,1.212355311397483,false,decreasing_vol,70.0,"严重恶化-15分; 单年巨幅下滑-15.0分(年跌-53.9%); 周期回落期-3分(景气下行趋势); 贝叶斯高置信度恶化-12分(恶化概率99.9%，严重恶化确认); 趋势不确定预警-4分(Bootstrap CI跨零: [-0.351, 0.045]); 峰值大幅下跌-15分(从2.0跌至0.8，跌幅-59.8%); 连续下跌警示-6分(2年下跌，累计-56.2%)","","",0,0
688626.SH,翔宇医疗,医疗保健,1.2602,-0.05368549192278315,-0.09867999999999995,0.22120407962394673,0.42404066575570537,-0.11302273485384506,1.1162,77.0,-0.041686866492380514,-0.19999999999999998,0.8166666666666667,good,good,good,false,0,false,0,false,0,false,0,0.2381990187721029,0.3119311430428196,0.5853963987354338,moderate,false,false,none,-0.7666,0.0,0.049570000000000045,0.81617,0.5778025155026066,1.0,0.14568515502606663,true,moderate,-0.30820000000000003,0.25750000000000006,-4.344845316650953,-21.63718056725639,22.067015168394896,false,医疗保健,false,1.3738425925925928,true,falling,false,false,0.0,0.2381990187721029,0.3737382273633614,医疗保健,-5.0,-2.0,3.0,0.3,0.5,-0.016704451374972784,0.026852079215040545,0.16203624820870982,false,false,-0.05368549192278315,0.22120407962394673,,,,,,,0.9025069637883009,1,0.0,single_year_drop,0.20625940885416966,false,decreasing_vol,23.0,中度恶化-10分; 贝叶斯恶化预警-8分(恶化概率90.3%); 趋势不可靠-2分(Bootstrap CI过宽: 0.344); 峰值明显下跌-8分(从1.8跌至1.1，跌幅-38.1%),"","",0,0
688631.SH,莱斯信息,软件服务,0.563709,0.0031706922035778687,0.0035600000000000076,0.0990907291577584,0.6059222884616562,-0.1495834314940384,0.5178,92.0,-0.016927842204154872,-0.19999999999999998,0.8166666666666667,has_near_zero,has_near_zero,has_near_zero,false,0,true,5,false,0,true,5,0.3762328556529969,0.2229179669744007,0.8776371308016877,moderate,false,true,deterioration_to_recovery,-0.49,0.0,0.006810000000000016,0.49681000000000003,0.7203399961508821,1.0,0.18375978460496095,false,none,0.03310000000000002,0.014700000000000046,10.17021276595746,6.8289663709511075,3.1276595744680953,false,软件服务,false,1.0,false,rising,false,false,0.0,0.3762328556529969,0.4343196178557309,软件服务,-5.0,-2.0,3.0,0.3,0.5,0.02142816509702644,0.9538677597159113,0.23146089173419654,true,false,-0.07681446826838967,0.4589722577849371,,,,,,,0.07161803713527852,0,0.0,none,0.27561144098098583,false,decreasing_vol,8.0,峰值明显下跌-8分(从1.0跌至0.5，跌幅-47.7%),"","",0,0
688633.SH,星球石墨,专用机械,0.548306,0.015420025020951323,-0.10297999999999999,0.0005223922375140954,0.9709014961556918,,1.1353,83.0,0.0166723042974804,0.0,1.0,poor,poor,poor,true,2,true,3,true,2,true,3,2.395886572963355,1.387697503060375,5.752589779005525,high_volatility,false,false,none,-3.1601,0.0,0.7305400000000001,3.89064,0.6804315849859054,1.0,0.8043158498590539,false,none,0.23919999999999997,1.7758,229.0553597817438,26.693449391808947,201.8642719108787,false,专用机械,false,1.0,false,rising,false,false,0.0,2.395886572963355,1.0,专用机械,-5.0,-2.0,3.0,0.3,0.5,0.8837934173361935,0.8205461097043377,2.095309713159575,true,false,0.015420025020951323,0.0005223922375140954,,,,,,,0.07161803713527852,0,0.0,none,2.3793366873698694,false,decreasing_vol,17.0,趋势不可靠-2分(Bootstrap CI过宽: 2.346); 峰值大幅下跌-15分(从2.5跌至1.1，跌幅-53.7%),"","",0,0
688636.SH,智明达,元器件,0.07360100000000006,-0.13806463058524882,-0.16873000000000002,0.35231745562094374,0.29133296482398313,,0.5471,95.0,-0.1188651666152251,-0.19999999999999998,0.8166666666666667,has_loss,has_loss,has_near_zero,true,1,true,3,false,0,true,4,10.670885155827051,1.325537354056837,27.724199001771037,high_volatility,false,false,none,-1.4320499999999998,0.0,1.3256000000000001,2.75765,0.6117358919236371,0.6031761658077364,0.8777661480385526,false,none,0.46880000000000005,2.1824,126.00161589278076,598.7228607918264,103.72130602157692,false,元器件,true,inf,true,rising,false,false,0.0,10.670885155827051,1.0,元器件,-5.0,-2.0,3.0,0.3,0.5,1.0060910148992683,0.9059787905394562,2.101277090251118,true,false,-0.1380646305852488,0.04721961064023344,,,,,,,0.07161803713527852,0,0.0,none,10.452522894421227,false,decreasing_vol,17.0,趋势不可靠-2分(Bootstrap CI过宽: 0.540); 峰值大幅下跌-15分(从1.3跌至0.5，跌幅-59.2%),cyclical_bottom,"周期底部(mid_up), 近期强势(100.6%)",0,0
688655.SH,迅捷兴,元器件,0.5475590000000001,0.02230464906567935,0.026094999999999993,0.6761760767721763,0.08748606452357137,0.05788000084878031,0.6763,73.0,0.01763693179656885,0.19999999999999998,0.8166666666666667,has_near_zero,has_near_zero,has_near_zero,false,0,true,5,false,0,true,5,0.2905796957059367,0.15988276017132053,0.7229835338591836,moderate,false,false,none,0.038250000000000006,0.0,0.029899999999999982,-0.008350000000000024,0.10017884840328328,0.5367336220084402,0.019430432440374137,false,none,0.3978,-0.338,9.699918896999183,142.8366247755835,-54.82562854825629,false,元器件,false,2.297307001795332,true,rising,false,false,0.0,0.2905796957059367,0.538771356804127,元器件,-5.0,-2.0,3.0,0.3,0.5,0.025110383884450527,0.016771112742304466,-0.00800067534118487,false,false,-0.009474653399480781,0.010738418022294739,,,,,,,0.13366336633663367,0,0.0,none,0.28945959494965123,true,increasing_vol,27.0,"单年巨幅下滑-15.0分(年跌-54.8%); 波动率飙升预警-8.0分(近期波动是早期的6.0倍); 趋势不确定预警-4分(Bootstrap CI跨零: [-0.007, 0.041])","","",0,0
688656.SH,浩欧博,医疗保健,1.445985,0.04147120940330238,0.07148999999999998,0.11002618806515795,0.5855417495315255,0.06858470806220884,1.6052,98.0,0.022676342226607887,0.0,1.0,good,good,good,false,0,true,1,false,0,true,1,0.22891567491399734,0.3228260413907156,0.5227479010664852,moderate,false,false,none,-0.15325000000000005,0.0,0.3403,0.49355000000000004,0.2570167516404993,0.1712381890586195,0.7243531888960703,false,none,-0.0233000000000001,0.7039000000000001,73.6102098204629,-1.4307645072152346,76.13021847285314,false,医疗保健,false,1.7793099718797318,true,falling,false,false,0.0,0.22891567491399734,0.42037386951516215,医疗保健,-5.0,-2.0,3.0,0.3,0.5,0.21234780499967618,0.7283735684347852,0.31669336829048833,false,false,0.04147120940330238,0.11002618806515795,,,,,,,0.16167664670658682,0,0.0,none,0.2144243669094589,false,decreasing_vol,2.0,趋势不可靠-2分(Bootstrap CI过宽: 0.393),"","",0,0
688662.SH,富信科技,元器件,0.8493240000000001,0.016349512793142097,0.024879999999999992,0.021499001489324657,0.8139818830373788,0.034875215385877345,1.1355,88.78047521032981,0.0034740973162702,0.0,1.0,has_near_zero,has_near_zero,has_near_zero,false,0,true,4,false,0,true,4,0.2744798920738188,0.2310736419412651,0.6451191409498016,moderate,false,false,none,-0.35539999999999994,0.0,0.12382999999999997,0.47922999999999993,0.4730885962865303,1.0,0.411872413814175,false,none,0.5430999999999999,-0.26439999999999997,32.528011204481786,91.67792032410532,-30.859010270774974,false,元器件,false,1.3965770171149143,true,rising,false,false,0.0,0.2744798920738188,0.4057941826077103,元器件,-5.0,-2.0,3.0,0.3,0.5,0.09880368541720247,0.23023385805296495,0.14774112461229155,false,false,0.016349512793142097,0.021499001489324657,,,,,,,0.07161803713527852,0,0.0,none,0.2704730520106237,false,stable,11.219524789670192,单年巨幅下滑-15.0分(年跌-30.9%),"","",0,0
688663.SH,新风光,电气设备,1.040409,0.14345025967223288,0.21123000000000003,0.23816642195448054,0.40426094845203064,0.09384529696651844,1.7049,98.0,0.1592544566467874,0.6,0.23333333333333334,has_near_zero,has_near_zero,has_near_zero,false,0,true,2,false,0,true,2,0.6420918514808676,0.6273494225708669,1.4792638991238845,volatile,false,false,none,-0.9313,0.0,0.52939,1.46069,0.6923650202230448,1.0,0.9236502022304484,false,none,0.361,0.9580000000000001,341.798393366157,26.862117717092044,248.25084218709512,false,电气设备,false,1.0,false,rising,false,false,0.0,0.6420918514808676,0.6470068145180273,电气设备,-5.0,-2.0,3.0,0.3,0.5,0.4631949868541663,0.9017426679391377,0.7798060867299283,true,false,0.14345025967223288,0.23816642195448054,,,,,,,0.07161803713527852,0,0.0,none,0.5435370614482127,false,stable,2.0,趋势不可靠-2分(Bootstrap CI过宽: 0.878),"","",0,0
688677.SH,海泰新光,医疗保健,1.19976,0.00651726585629191,0.010420000000000007,0.13308390920744434,0.5460324523214143,-0.14715607393946306,0.9313,74.0,-0.08811468230282107,-0.39999999999999997,0.48333333333333334,good,good,good,false,0,true,1,false,0,false,0,0.23686952745176268,0.30259134653852876,0.6490222785840652,stable,false,false,none,-0.5647,0.0,-0.06932999999999997,0.49537,0.5281488159755424,1.0,0.3216987967873949,true,moderate,-0.36860000000000004,0.0999000000000001,-22.391666666666662,-28.356027386722054,8.325000000000008,false,医疗保健,false,1.0871456050848876,true,falling,false,false,0.0,0.23686952745176268,0.3344483693060618,医疗保健,-5.0,-2.0,3.0,0.3,0.5,-0.09201069919670435,0.5157374496182469,0.06552577502960621,true,false,-0.09330160351291406,0.6708476126505454,,,,,,,0.9487554904831625,1,0.0,single_year_drop,0.13824543202967562,false,stable,26.0,中度恶化-10分; 贝叶斯恶化预警-8分(恶化概率94.9%); 峰值明显下跌-8分(从1.8跌至0.9，跌幅-47.1%),"","",0,0
688681.SH,科汇股份,电气设备,0.302045,0.034300001917808395,0.03515000000000001,0.05768886974430728,0.6971531846020328,-0.007429321708620318,0.4756,98.0,0.024257133446226188,0.0,1.0,has_near_zero,has_near_zero,has_near_zero,false,0,true,5,false,0,true,5,0.8037711690346127,0.23429929577358957,1.5629502572898801,high_volatility,false,false,none,-0.4514,0.0,0.16955000000000003,0.6209500000000001,0.6085758805542376,1.0,0.8438588055423758,false,none,0.05670000000000003,0.3845,1282.5581395348838,13.535449988063982,1117.7325581395348,false,电气设备,false,1.0,false,rising,false,false,0.0,0.8037711690346127,0.7763502685610235,电气设备,-5.0,-2.0,3.0,0.3,0.5,0.21244439993837733,0.8398404061228318,0.4313726469450668,true,false,0.034300001917808395,0.05768886974430728,,,,,,,0.07161803713527852,0,0.0,none,0.7808311774365638,false,stable,2.0,趋势不可靠-2分(Bootstrap CI过宽: 0.484),"","",0,0
688687.SH,凯因科技,生物制药,0.732395,-0.014158186457616451,-0.016880000000000006,0.17739448490475873,0.4800403992123788,-0.12309736444358921,0.6101,59.0,-0.07206910110742112,-0.6,0.23333333333333334,has_near_zero,has_near_zero,has_near_zero,false,0,true,4,false,0,true,5,0.20561091382707608,0.15878508431209779,0.5460596172273587,stable,false,false,none,-0.33730000000000004,0.0,-0.029690000000000005,0.30761000000000005,0.487994073790594,1.0,0.2647207379059401,true,severe,-0.13050000000000006,-0.04369999999999996,-22.21088869055209,-17.620847961112617,-5.571847507331373,false,生物制药,false,1.1293016558675306,true,falling,false,false,0.0,0.20561091382707608,0.3150622851773316,生物制药,-5.0,-2.0,3.0,0.3,0.5,-0.07144767980717193,0.9191752011680875,0.020212398970742562,false,false,-0.061497579382497614,0.6349660298538056,,,,,,,0.9964730868156134,2,2.162478502494425,accelerating_decline,0.12501339460281183,false,decreasing_vol,41.0,严重恶化-15分; 贝叶斯高置信度恶化-12分(恶化概率99.6%，严重恶化确认); 峰值明显下跌-8分(从1.0跌至0.6，跌幅-40.9%); 连续下跌警示-6分(2年下跌，累计-40.9%),"","",0,0
688689.SH,银河微电,半导体,0.72704,-0.001470780728881571,-0.002069999999999994,0.00530709699549149,0.907326831023371,-0.0939193552697517,0.52,38.0,-0.03829374427157353,-0.39999999999999997,0.48333333333333334,has_near_zero,has_near_zero,has_near_zero,false,0,true,5,false,0,true,5,0.18315854827675554,0.13859973665198647,0.4746801987525108,stable,false,false,none,0.026400000000000035,0.0,-0.15215,-0.17855000000000004,0.44340531757026097,0.24031528968791754,0.8366378860146921,true,severe,-0.26859999999999995,-0.035700000000000065,-36.91617129685794,-34.06036013187928,-4.330947470581107,false,半导体,false,1.0,true,falling,false,false,0.0,0.18315854827675554,0.2798601719547378,半导体,-5.0,-2.0,3.0,0.3,0.5,-0.12625133311432735,0.8314339464244089,-0.14688763637652236,false,false,-0.04920447986092683,0.4626925867192267,,,,,,,0.9983149583553994,1,6.864413125128302,cliff_drop,0.13477193861626197,false,increasing_vol,62.0,严重恶化-15分; 单年巨幅下滑-15.0分(年跌-34.1%); 贝叶斯高置信度恶化-12分(恶化概率99.8%，严重恶化确认); 峰值明显下跌-8分(从0.9跌至0.5，跌幅-40.9%); 智能连续下跌-12分(3年实质性下跌，累计跌幅-32.6%),"","",0,0
688692.SH,达梦数据,软件服务,5.31306,0.08489170757684006,0.4620400000000001,0.38760705984008803,0.26200450579828566,0.08654724843863404,6.2302,98.0,0.08993577883007114,0.6,0.23333333333333334,good,good,good,false,0,false,0,false,0,false,0,0.2127347754603744,1.081126638280641,0.5037740749777648,stable,false,false,none,-0.3999999999999999,0.0,1.2801,1.6801,0.5460500063170959,0.37209302325581395,0.7967347274440614,false,none,0.16019999999999968,2.4000000000000004,69.76021798365123,2.639209225700159,65.39509536784742,false,软件服务,false,1.3542234332425067,true,rising,false,false,0.0,0.2127347754603744,0.35075094480063373,软件服务,-5.0,-2.0,3.0,0.3,0.5,0.25876567073830636,0.7871650683843697,0.35447335466057406,true,false,0.08489170757684006,0.38760705984008803,,,,,,,0.07161803713527852,0,0.0,none,0.15681733041331838,false,stable,2.0,趋势不可靠-2分(Bootstrap CI过宽: 0.411),"","",0,0
688698.SH,伟创电气,电气设备,0.5232700000000001,0.0960972220612159,0.11610000000000001,0.147155701572393,0.5238326336828554,0.33489136131327135,0.951,91.0,0.06020730826519244,0.0,1.0,has_near_zero,has_near_zero,has_near_zero,false,0,true,5,false,0,true,5,0.9319227631243411,0.4551883544204531,1.9949226107607898,high_volatility,false,false,none,-0.1324,0.0,0.13773,0.27013,0.1694921745397477,1.0,0.12095416762268886,false,none,0.9259,-0.9744,-4.852426213106563,3688.844621513944,-97.48874437218609,false,电气设备,true,10.400624349635796,true,rising,false,false,0.0,0.9319227631243411,1.0,电气设备,-5.0,-2.0,3.0,0.3,0.5,-0.017361236971284055,0.0012842653204549563,-0.310274180945906,false,false,0.0960972220612159,0.147155701572393,,,,,,,0.2783505154639176,0,0.0,none,0.8527790659632988,true,increasing_vol,9.0,单年巨幅下滑-15.0分(年跌-97.5%); 波动聚集风险-6分(ARCH效应+波动上升); 趋势不可靠-2分(Bootstrap CI过宽: 0.721),"","",0,0
688700.SH,东威科技,专用机械,0.42363700000000004,-0.2086431103231394,-0.23641,0.4456758597205705,0.21822665383638135,,0.3135,62.37534795520003,-0.1949952805896502,-0.6,0.23333333333333334,has_loss,has_loss,has_loss,true,1,true,4,true,1,true,4,1.0975066660183181,0.5427828967460194,2.763466515690715,high_volatility,false,false,none,-0.41559999999999997,0.0,-0.21010000000000004,0.20549999999999993,0.173171250391224,1.0,0.2648486381555951,false,none,0.6602,-1.2283,-64.4396551724138,190.42399769252955,-139.32622504537204,false,专用机械,true,6.842064415987582,true,rising,false,false,0.0,1.0975066660183181,1.0,专用机械,-5.0,-2.0,3.0,0.3,0.5,-0.2432741016797336,0.1824479178472378,-0.1931152843603335,false,false,-0.2086431103231394,0.4456758597205705,,,,,,,0.6067415730337079,0,0.0,none,0.7957769842464789,false,increasing_vol,37.62465204479997,轻度衰退-4.2分(log斜率-0.209); 持续衰退重罚-10.0分(最新<加权); 单年巨幅下滑-15.0分(年跌-139.3%); 波动率飙升预警-5.5分(近期波动是早期的2.7倍); 趋势不可靠-2分(Bootstrap CI过宽: 0.659); 峰值大幅下跌-15分(从1.0跌至0.3，跌幅-69.3%),"","",0,0
688702.SH,盛科通信-U,半导体,-0.243041,-0.023146916569683453,-0.02583,0.09949493098661957,0.6051472709724289,,0.4249,72.3588203167668,0.11592936129718408,0.19999999999999998,0.8166666666666667,poor,poor,poor,true,4,true,5,true,5,true,5,1.4534318449837025,0.418879057724303,3.702290076335878,high_volatility,false,false,none,0.03689999999999999,0.0,0.36745000000000005,0.33055000000000007,0.25550313032439,0.10860893943277442,0.4528684097137266,false,none,1.067,-0.3321,237.06451612903226,166.17349322535432,-107.12903225806451,false,半导体,true,inf,true,rising,false,false,0.0,1.4534318449837025,1.0,半导体,-5.0,-2.0,3.0,0.3,0.5,0.3591459900045859,0.4715685553126667,0.32428883827653576,false,false,0.14793063208331392,0.3381348922368638,,,,,,,0.07161803713527852,0,0.0,none,1.1960110575871443,true,increasing_vol,27.641179683233204,单年巨幅下滑-15.0分(年跌-107.1%); 周期顶部预警-5分(警惕景气回落); 波动率飙升预警-7.6分(近期波动是早期的3.8倍),"","",0,0
688711.SH,宏微科技,半导体,-0.311723,0.08058844649005574,0.08079000000000001,0.04697298912634256,0.7262234418221314,,0.5732,86.43166290418617,0.01931688376142405,0.0,1.0,poor,poor,poor,true,3,true,5,true,3,true,5,1.8965902093935223,0.6371784467478478,4.595189903559947,high_volatility,false,false,none,-0.32515000000000005,0.0,0.58175,0.9069,0.5422766075735899,0.5722073035803582,0.523123753944421,false,none,1.5438,-0.38029999999999997,197.1031678807386,159.05625386358952,-64.424868710825,false,半导体,true,inf,true,rising,false,false,0.0,1.8965902093935223,1.0,半导体,-5.0,-2.0,3.0,0.3,0.5,0.5530990591619822,0.5577589871387905,0.863325808372344,true,false,0.08058844649005574,0.04697298912634256,,,,,,,0.07161803713527852,0,0.0,none,1.8580860556780785,false,increasing_vol,13.568337095813828,单年巨幅下滑-15.0分(年跌-64.4%); 周期顶部预警-5分(警惕景气回落); 趋势不可靠-2分(Bootstrap CI过宽: 0.927),"","",0,0
688717.SH,艾罗能源,电气设备,4.059434,0.369206403377714,0.98678,0.5778518209171642,0.1358077944518024,0.5343305599573971,4.7108,72.40208424051414,0.3669482862083685,0.6,0.23333333333333334,good,good,good,false,0,true,1,false,0,true,1,0.6896151704412019,2.595297732438419,1.7590476696604136,high_volatility,false,false,none,3.31,0.0,-1.3796,-4.6896,0.6415779578736887,0.8571976246547689,0.5585819540821171,false,none,0.7445999999999997,-3.5037999999999996,-36.937081659973224,18.773637234632638,-46.904953145917,false,电气设备,false,1.8834148555292218,true,rising,false,false,0.0,0.6896151704412019,0.8028141170901911,电气设备,-5.0,-2.0,3.0,0.3,0.5,-0.22720394466190674,0.49837913990004534,-1.1958315189717017,false,true,0.369206403377714,0.5778518209171642,,,,,,,0.6067415730337079,0,0.0,none,0.5510818708925148,false,decreasing_vol,27.59791575948585,"单年巨幅下滑-15.0分(年跌-46.9%); 加速下滑-0.6分(加速度-1.20); 趋势不确定预警-4分(Bootstrap CI跨零: [-0.280, 1.016]); 峰值明显下跌-8分(从7.5跌至4.7，跌幅-36.9%)","","",0,0
688719.SH,爱科赛博,电气设备,0.4349100000000001,-0.05466653101360644,-0.11210000000000003,0.02108845258348156,0.8157538290438415,,0.6063,83.0,0.08000653772481962,0.19999999999999998,0.8166666666666667,poor,poor,poor,true,2,true,4,true,2,true,4,1.5378011218760248,0.7205213376437926,3.8417210910487904,high_volatility,false,false,none,-1.8,0.0,0.32153,2.12153,0.7026586576700043,1.0,0.8798461548353554,false,none,0.05989999999999995,0.6764,566.3846153846154,10.962664714494867,520.3076923076923,false,电气设备,false,1.0,false,rising,false,false,0.0,1.5378011218760248,1.0,电气设备,-5.0,-2.0,3.0,0.3,0.5,0.35192809085282084,0.8049754906345439,1.0305418652116933,true,false,-0.05466653101360644,0.02108845258348156,,,,,,,0.07161803713527852,0,0.0,none,1.4905456302077715,false,decreasing_vol,17.0,趋势不可靠-2分(Bootstrap CI过宽: 1.205); 峰值大幅下跌-15分(从1.6跌至0.6，跌幅-61.1%),"","",0,0
688720.SH,艾森股份,半导体,-0.819123,-0.019127710108297547,-0.02491,0.14551412548729017,0.5263567700157012,,-0.2805,80.0,0.1490345580366782,0.19999999999999998,0.8166666666666667,poor,poor,poor,true,5,true,4,true,5,true,5,0.5746323307082793,0.49758562780691323,1.5700064671101255,volatile,false,false,none,-0.9199999999999999,0.0,0.38493999999999995,1.3049399999999998,0.6768761611024402,1.0,0.768761611024402,false,none,0.6785999999999999,-0.22909999999999997,61.57534246575342,70.75383171723489,-31.383561643835613,false,半导体,true,inf,true,rising,false,false,0.0,0.5746323307082793,1.0,半导体,-5.0,-2.0,3.0,0.3,0.5,0.20006209491166357,0.46039118073766255,0.20411014749994158,false,false,0.12018954957355632,0.27968694942113276,,,,,,,0.07161803713527852,0,0.0,none,0.4990721069036696,false,decreasing_vol,20.0,单年巨幅下滑-15.0分(年跌-31.4%); 周期顶部预警-5分(警惕景气回落),"","",0,0
688721.SH,龙图光罩,半导体,1.150351,-0.14386079434805019,-0.23602999999999996,0.4435226767667891,0.21975872990252057,-0.13165536476364992,0.8182,73.0,-0.1225153664321013,-0.39999999999999997,0.48333333333333334,has_near_zero,has_near_zero,has_near_zero,false,0,true,2,false,0,true,2,0.47379440033914505,0.5785787699181503,1.1616004454780702,volatile,false,false,none,0.6893999999999998,0.0,-0.36308999999999997,-1.0524899999999997,0.45474791517003355,1.0,0.5151222903179775,true,moderate,-0.19179999999999997,0.30000000000000004,15.239436619718322,-18.990099009900987,42.253521126760575,false,半导体,false,2.210211267605634,true,falling,false,false,0.0,0.47379440033914505,0.6737303559520673,半导体,-5.0,-2.0,3.0,0.3,0.5,0.04298871298875562,0.13992890574985076,0.2928190117726751,false,false,-0.14386079434805019,0.4435226767667891,,,,,,,0.6492985971943889,1,0.0,single_year_drop,0.3620565118477338,false,decreasing_vol,27.0,中度恶化-10分; 趋势不可靠-2分(Bootstrap CI过宽: 0.451); 峰值大幅下跌-15分(从2.1跌至0.8，跌幅-61.6%),"","",0,0
688728.SH,格科微,半导体,0.177292,-0.001973035006823623,-0.0020000000000000018,0.12021299305189828,0.5675571505975865,,0.3682,100.0,0.09513676118084267,0.6,0.23333333333333334,has_loss,has_loss,has_near_zero,true,1,true,5,false,0,true,5,1.23762354753872,0.18242571090720738,3.44776119402985,high_volatility,false,false,none,0.3158,0.0,0.055580000000000004,-0.26022,0.49062978589818473,1.0,0.5171295405032325,false,none,0.21240000000000003,-0.021400000000000002,107.7878103837472,136.3286264441592,-12.076749435665917,false,半导体,false,1.1373555840821565,true,rising,false,false,0.0,1.23762354753872,1.0,半导体,-5.0,-2.0,3.0,0.3,0.5,0.09203247721551386,0.664991096912708,-0.0658836105092486,false,true,0.09800639096928691,0.7427596798043534,,,,,,,0.07161803713527852,0,0.0,none,0.6239607989936968,false,stable,0.0,"","","",0,0
688729.SH,屹唐股份,半导体,0.09330000000000001,0.07024140912473342,0.071,0.3649190679191886,0.2806037092085324,,0.26,98.0,0.07167039202947437,0.6,0.23333333333333334,poor,poor,poor,true,2,true,5,true,2,true,5,2.574881634580271,0.18539147768977948,6.250000000000001,high_volatility,false,false,none,-0.085,0.0,0.225,0.31,0.4041535270524876,0.3877459749552773,0.7997630331753554,false,none,0.03,0.42000000000000004,236.84210526315786,13.043478260869565,221.0526315789474,false,半导体,true,inf,true,rising,false,false,0.0,2.574881634580271,1.0,半导体,-5.0,-2.0,3.0,0.3,0.5,0.22301568154466106,0.7987717070351961,0.30745385537950987,true,false,0.07024140912473342,0.3649190679191886,,,,,,,0.07161803713527852,0,0.0,none,2.0491407036747846,false,stable,2.0,周期顶部预警-5分(警惕景气回落); 趋势不可靠-2分(Bootstrap CI过宽: 0.357),"","",0,0
688739.SH,成大生物,生物制药,1.476428,0.01593283777535708,0.028740000000000012,0.06314366291817737,0.6834549523806035,-0.14866887700547682,1.2029,79.0,-0.06765129132422484,-0.39999999999999997,0.48333333333333334,good,good,good,false,0,false,0,false,0,false,0,0.2996049439599131,0.45820381709453273,0.7108202123764188,moderate,false,false,none,-1.0741,0.0,0.02744000000000002,1.10154,0.6032291645580738,1.0,0.03229164558073827,true,moderate,-0.42279999999999984,0.3133999999999999,-8.336508420330713,-26.00725841176108,23.88173435952144,false,生物制药,false,1.3370342955835184,true,falling,false,false,0.0,0.2996049439599131,0.41795519457906627,生物制药,-5.0,-2.0,3.0,0.3,0.5,-0.034049964195297155,0.072688595004746,0.20612788686013328,false,false,-0.08604975436784004,0.34573647106323246,,,,,,,0.9025069637883009,1,0.0,single_year_drop,0.23767285043184003,false,decreasing_vol,21.0,中度恶化-10分; 贝叶斯恶化预警-8分(恶化概率90.3%); 峰值明显下跌-8分(从2.3跌至1.2，跌幅-47.5%),"","",0,0
688755.SH,汉邦科技,专用机械,1.32596,0.15458782894404385,0.2618,0.271963584965727,0.36746686986278665,0.2546957655260438,1.97,98.0,0.1472927790289753,0.6,0.23333333333333334,has_near_zero,has_near_zero,has_near_zero,false,0,true,2,false,0,true,2,0.5510125583951153,0.6873440855932347,1.3387632072597841,volatile,false,false,none,-0.24744999999999998,0.0,0.835,1.08245,0.4829947167496075,0.18327900117480667,0.8593923332922471,false,none,0.25,1.42,556.6666666666666,14.534883720930234,473.3333333333333,false,专用机械,true,4.8406666666666665,true,rising,false,false,0.0,0.5510125583951153,1.0,专用机械,-5.0,-2.0,3.0,0.3,0.5,0.5672324770882509,0.8278569105336567,0.7837363880991117,false,false,0.15458782894404385,0.271963584965727,,,,,,,0.07161803713527852,0,0.0,none,0.43988403261297376,false,stable,2.0,周期顶部预警-5分(警惕景气回落); 趋势不可靠-2分(Bootstrap CI过宽: 0.926),"","",0,0
688772.SH,珠海冠宇,电气设备,2.025565,0.04410306207407824,0.10037000000000003,0.3341442889887633,0.30733855807162985,0.028145006334541423,2.1678,93.95599393019728,0.03945669300380139,0.19999999999999998,0.8166666666666667,good,good,good,false,0,false,0,false,0,false,0,0.13582361183487143,0.2683032463463683,0.3260132227723273,ultra_stable,false,false,none,-0.13180000000000003,0.0,0.24570000000000014,0.37750000000000017,0.4416215595541092,0.975866124694841,0.5330576724491038,true,moderate,-0.15259999999999962,0.6439999999999999,29.312813171080904,-6.576452335804156,38.41565258888093,false,电气设备,false,1.3841565258888093,true,falling,false,false,0.0,0.13582361183487143,0.2932130929197384,电气设备,-5.0,-2.0,3.0,0.3,0.5,0.1137309708737948,0.5564883732602064,0.17757267319152037,true,false,0.04410306207407824,0.3341442889887633,,,,,,,0.4807121661721069,1,0.0,single_year_drop,0.1095161728087983,false,increasing_vol,6.044006069802727,中度恶化-10分; 波动率飙升预警-6.0分(近期波动是早期的3.0倍),"","",0,0
688775.SH,影石创新,IT设备,1.7862,0.3686498425887341,0.694,0.9932749465829919,0.00023453677486774834,0.64059457669819,3.26,110.06172839506173,0.3735399067247501,0.9999999999999999,0.016666666666666666,has_near_zero,has_near_zero,has_near_zero,false,0,true,2,false,0,true,2,0.7156812058784405,1.129344942876179,1.7807351077313054,stable,false,false,none,0.405,0.0,0.9999999999999998,0.5949999999999998,0.6177399197256975,0.993890123207433,0.993509074049543,false,none,1.1399999999999997,0.8600000000000001,158.73015873015873,53.77358490566036,68.25396825396825,false,IT设备,false,1.0,false,rising,false,false,0.0,0.7156812058784405,0.7058782980360857,IT设备,-5.0,-2.0,3.0,0.3,0.5,0.42189205391560786,0.99922646939428,0.11300450816843582,true,false,0.3686498425887341,0.9932749465829919,,,,,,,0.07161803713527852,0,0.0,none,0.16925016982891594,true,increasing_vol,4.93827160493827,波动率飙升预警-4.9分(近期波动是早期的2.5倍),high_growth,"高速成长(稳健CAGR=37.4%, MK趋势=1.00)",1,0
688776.SH,国光电气,元器件,0.6930560000000001,0.014000012599754585,0.017119999999999993,0.224068242169314,0.4206334886190354,0.1383261574512924,1.0746,100.0,0.06557318011700583,0.6,0.23333333333333334,has_near_zero,has_near_zero,has_near_zero,false,0,true,4,false,0,true,5,0.5039321464702193,0.33429850732541416,1.3921131176701134,volatile,false,false,none,-0.24444999999999997,0.0,0.46174999999999994,0.7061999999999999,0.6078654600610547,0.7108302182431403,0.9554243823674061,false,none,0.28900000000000003,0.6345,611.1846459298478,36.78716904276986,419.92058239576437,false,元器件,true,4.405029781601588,true,rising,false,false,0.0,0.5039321464702193,0.9904830213897207,元器件,-5.0,-2.0,3.0,0.3,0.5,0.3913108211102764,0.9344284058260584,0.617455756415188,true,false,0.07577903778841176,0.1750020191744343,,,,,,,0.07161803713527852,0,0.0,none,0.4453754568576495,false,increasing_vol,0.0,周期顶部预警-5分(警惕景气回落),"","",0,0
688777.SH,中控技术,专用机械,0.5889610000000001,0.020151480906594202,0.022670000000000006,0.03200667154437942,0.7734332674197189,-0.20981213577732105,0.5489,68.0,-0.1144040250854818,-0.39999999999999997,0.48333333333333334,has_near_zero,has_near_zero,has_near_zero,false,0,true,4,false,0,true,5,0.735038555583213,0.47165954034663604,1.8144558035157712,high_volatility,false,false,none,-1.125,0.0,0.03165000000000003,1.15665,0.6032109675108642,1.0,0.03210967510864186,false,none,0.3053,-0.48149999999999993,-24.300096538408482,125.32840722495895,-66.40463384360777,false,专用机械,false,2.7544159544159545,true,rising,false,false,0.0,0.735038555583213,0.9552863050553644,专用机械,-5.0,-2.0,3.0,0.3,0.5,-0.07429583049970845,0.11467218016368937,0.16043277834309336,false,false,-0.12741010826181443,0.3044998657285765,,,,,,,0.435483870967742,0,0.0,none,0.5939566177100313,false,decreasing_vol,32.0,单年巨幅下滑-15.0分(年跌-66.4%); 趋势不可靠-2分(Bootstrap CI过宽: 0.358); 峰值大幅下跌-15分(从1.4跌至0.5，跌幅-61.0%),"","",0,0
688779.SH,五矿新能,电气设备,0.027921,0.017079429396077924,0.017150000000000002,0.2592706676656639,0.3809041672043656,,0.136,100.0,0.0448149273936361,0.39999999999999997,0.48333333333333334,has_loss,has_loss,has_near_zero,true,1,true,5,false,0,true,5,19.464469513152547,0.19620185269257778,48.09523809523807,high_volatility,false,false,none,-0.3577,0.0,0.1289,0.48660000000000003,0.45464904535465894,1.0,0.5412661434699729,false,none,0.08100000000000002,-0.1021,-13.430935709739009,147.2727272727273,-64.99045194143858,false,电气设备,true,inf,true,rising,false,false,0.0,19.464469513152547,1.0,电气设备,-5.0,-2.0,3.0,0.3,0.5,-0.010438324527989207,0.03793375010488626,-0.07367100256216708,false,false,0.058825112552578496,0.23079905758595254,,,,,,,0.2783505154639176,0,0.0,none,17.08351329512256,false,decreasing_vol,0.0,单年巨幅下滑-15.0分(年跌-65.0%),"","",0,0
688786.SH,悦安新材,小金属,0.8710390000000001,-0.03582261757183911,-0.04731000000000001,0.1621916198178512,0.5014476550509824,,0.7102,83.38156362557291,0.15091846547303206,0.19999999999999998,0.8166666666666667,has_loss,has_loss,has_near_zero,true,1,true,3,false,0,true,4,0.9866179327216856,0.8147688212002224,2.721900656317357,high_volatility,false,false,none,1.1239000000000001,0.0,-0.6288,-1.7527000000000001,0.6684474647076973,0.9827113199384748,0.7017633271384982,false,none,0.08120000000000005,-1.3388,-63.9089338347393,12.909379968203504,-68.03536944811465,false,小金属,true,3.12845786963434,true,rising,true,false,0.0,0.9866179327216856,1.0,小金属,-5.0,-2.0,1.6,0.3,0.24,-0.38406952416352785,0.6845870962547498,-1.2368727488541846,false,true,0.15167086263901253,0.14770882438819552,,,,,,,0.6067415730337079,0,0.0,none,0.943466796141882,false,decreasing_vol,16.61843637442709,单年巨幅下滑-15.0分(年跌-68.0%); 加速下滑-0.6分(加速度-1.24); 峰值大幅下跌-15分(从2.0跌至0.7，跌幅-63.9%),"","",0,0
688798.SH,艾为电子,半导体,0.9274060000000002,0.01830048307425791,0.03621999999999999,0.4700991372297982,0.20130664557290265,,1.7299,100.0,0.022647249102184464,0.39999999999999997,0.48333333333333334,has_loss,has_loss,good,true,1,false,0,false,0,false,0,1.9829955448956416,1.8174947367186514,4.559975560259236,high_volatility,false,false,none,-1.9706000000000001,0.0,2.03055,4.00115,0.6190849173261487,0.727982029889956,0.7281704703315172,true,moderate,-0.11830000000000007,4.1794,174.2064172958133,-6.400822421815825,179.28105696636928,false,半导体,true,inf,true,falling,false,false,0.0,1.9829955448956416,1.0,半导体,-5.0,-2.0,3.0,0.3,0.5,1.4492651564172756,0.7350680692675885,2.8677250347232706,true,false,0.01830048307425791,0.0004982686534378206,,,,,,,0.4807121661721069,1,0.0,single_year_drop,1.9820108761369897,false,stable,0.0,中度恶化-10分; 周期回落期-3分(景气下行趋势),"","",0,0
688799.SH,华纳药厂,化学制药,1.6907500000000002,0.0029135137171155015,0.005259999999999998,0.016130057113223455,0.8387290598882101,0.00438384025358074,1.5163,44.0,0.05155840479602619,0.39999999999999997,0.48333333333333334,good,good,good,false,0,false,0,false,0,false,0,0.24264111903779229,0.3967085239820289,0.6502911386211283,moderate,false,false,none,0.08465,0.0,-0.07150000000000001,-0.15615,0.14551805650103522,0.14809636746588592,0.030484537933474807,true,severe,-0.7699,0.6269,-8.618091966491894,-33.67596885661797,37.78099198457181,false,化学制药,false,1.8693376941946034,true,falling,false,false,0.0,0.24264111903779229,0.4433579211228476,化学制药,-5.0,-2.0,3.0,0.3,0.5,-0.03811421082711264,0.04012681292831119,-0.08351220594701403,false,false,0.0563282825967137,0.20620332828413357,,,,,,,0.9487554904831625,1,0.0,cliff_drop,0.21732651210252363,true,increasing_vol,56.0,严重恶化-15分; 单年巨幅下滑-15.0分(年跌-33.7%); 贝叶斯高置信度恶化-12分(恶化概率94.9%，严重恶化确认); 波动聚集风险-6分(ARCH效应+波动上升); 峰值明显下跌-8分(从2.3跌至1.5，跌幅-33.7%),"","",0,0
688819.SH,天能股份,电气设备,3.7509630000000005,-0.04666233878061406,-0.14946,0.0879616065560001,0.6279899894521311,0.20928943878696105,6.751,103.43924807227266,0.1490151527787198,0.19999999999999998,0.8166666666666667,good,good,good,false,0,false,0,false,0,false,0,0.5346213756423712,1.9051981190941798,1.4024705076831554,volatile,false,false,none,-0.70185,0.0,2.4989500000000002,3.2008,0.6425398882514177,0.5516848481630693,0.8737140343511073,false,none,4.144500000000001,0.8533999999999999,285.089270435229,159.0063303280261,48.67948206035023,false,电气设备,false,2.0254406479949805,true,rising,false,false,0.0,0.5346213756423712,0.6977558535798944,电气设备,-5.0,-2.0,3.0,0.3,0.5,0.6404219015496897,0.9393799434898457,0.9101536371960988,true,false,0.11892511688549962,0.16026602335172865,,,,,,,0.07161803713527852,0,0.0,none,0.4572391045745095,false,increasing_vol,6.560751927727336,波动率飙升预警-4.6分(近期波动是早期的2.3倍); 趋势不可靠-2分(Bootstrap CI过宽: 0.562),turnaround,"底部强力反转(曾跌285%, 近期斜率0.64)",0,1
688981.SH,中芯国际,半导体,2.9936700000000003,0.008938795809243462,0.02629999999999999,0.1999470437843639,0.45025228727976396,0.1351072673737761,2.7688,76.63877322174719,0.07963504205332761,0.39999999999999997,0.48333333333333334,good,good,good,false,0,false,0,false,0,false,0,0.3663355369032267,1.0695971938070892,1.0126313482114722,moderate,false,false,none,1.4783,0.0,-0.9277999999999997,-2.4060999999999995,0.6764877714380791,0.962013526678471,0.8028641877023205,false,none,-0.13149999999999995,-1.7240999999999995,-40.126286653403675,-4.5340137227183375,-37.2826745091255,false,半导体,false,1.0,true,falling,false,false,0.0,0.3663355369032267,0.4264017628559147,半导体,-5.0,-2.0,3.0,0.3,0.5,-0.2466506731923782,0.8159542869803981,-0.7224535565056323,false,true,0.1005996798575938,0.22136994201479293,,,,,,,0.6585365853658537,0,-0.8783881847959012,none,0.341148636952209,false,decreasing_vol,23.361226778252814,单年巨幅下滑-15.0分(年跌-37.3%); 加速下滑-0.4分(加速度-0.72); 峰值明显下跌-8分(从4.6跌至2.8，跌幅-40.1%),"","",0,0
830946.BJ,森萱医药,化学制药,0.42414999999999997,-0.00007411730352427926,-0.000059999999999993395,0.00003640284304649168,0.9923179852752246,-0.010855683915044212,0.4011,87.0,-0.0032134193220408336,-0.19999999999999998,0.8166666666666667,has_near_zero,has_near_zero,has_near_zero,false,0,true,5,false,0,true,5,0.04976967393924754,0.02111130029155002,0.11198076288368145,ultra_stable,false,false,none,0.014800000000000008,0.0,-0.023749999999999993,-0.03855,0.4410125252566559,0.5065640875417241,0.8264611650248351,true,moderate,-0.04259999999999997,-0.0049000000000000155,-10.588497547926881,-9.601081812035153,-1.0922871154703557,false,化学制药,false,1.0981640146878826,true,falling,false,false,0.0,0.04976967393924754,0.18623760777644904,化学制药,-5.0,-2.0,3.0,0.3,0.5,-0.021858097077355032,0.82588504676161,-0.035435388712116156,false,false,-0.00007411730352427926,0.00003640284304649168,,,,,,,0.9737039819684448,1,7.7898883691407255,single_year_drop,0.04976917142366286,false,stable,13.0,中度恶化-10分; 贝叶斯恶化预警-8分(恶化概率97.4%),"","",0,0
831152.BJ,昆工科技,小金属,0.08540500000000001,0.00588120612936157,0.005349999999999997,0.005987001311464114,0.9015805723914956,,0.1949,104.0,0.031456687341081174,0.19999999999999998,0.8166666666666667,has_loss,has_loss,has_near_zero,true,1,true,5,false,0,true,5,2.9476489915109494,0.24701298548861755,7.990453460620524,high_volatility,false,false,none,-0.16979999999999998,0.0,0.24724999999999997,0.4170499999999999,0.31678735925828877,0.25720222318327984,0.8693057562749711,false,none,0.0812,0.4133,165.05340453938584,71.41600703605981,137.95060080106808,false,小金属,true,inf,true,rising,true,false,0.0,2.9476489915109494,1.0,小金属,-5.0,-2.0,1.6,0.3,0.24,0.24448830547915973,0.8692189175681753,0.41212792396549036,false,false,0.005881206129361569,0.001465649787778946,,,,,,,0.07161803713527852,0,0.0,none,2.9459200465820046,false,decreasing_vol,8.0,峰值明显下跌-8分(从0.4跌至0.2，跌幅-47.3%),cyclical_bottom,"周期底部(mid_up), 近期强势(24.4%)",0,0
831689.BJ,克莱特,专用机械,0.6751020000000001,0.16048043742355614,0.20134,0.5085568396101127,0.17628901098735084,0.3338083398546132,1.266,83.0,0.1585572856672477,0.6,0.23333333333333334,has_near_zero,has_near_zero,has_near_zero,false,0,true,4,false,0,true,4,0.7139215487951004,0.4388475760443482,1.8199121522693997,volatile,false,false,none,-0.25270000000000004,0.0,0.29533,0.54803,0.39181826407626247,1.0,0.6118724619702491,false,none,0.8372999999999999,-0.4028,52.254960914010816,195.31140657802658,-48.44257366205652,false,专用机械,false,2.8871527777777777,true,rising,false,false,0.0,0.7139215487951004,0.9560909427397841,专用机械,-5.0,-2.0,3.0,0.3,0.5,0.15023608477296113,0.21944570244686717,-0.033284803577146194,false,false,0.16048043742355614,0.5085568396101127,,,,,,,0.07161803713527852,0,0.0,none,0.4914008068714624,false,stable,17.0,单年巨幅下滑-15.0分(年跌-48.4%); 趋势不可靠-2分(Bootstrap CI过宽: 0.468),"","",0,0
831832.BJ,科达自控,软件服务,0.10638299999999998,0.0010462185668216328,0.0013100000000000002,0.00012826118359743322,0.9855805579450889,,0.9813,90.0,0.17973531368130002,0.39999999999999997,0.48333333333333334,poor,poor,poor,true,4,true,5,true,5,true,5,15.203002223401363,0.5491324403092572,37.893133997785164,high_volatility,false,false,none,-0.1637,0.0,0.68435,0.84805,0.654007744791771,0.9215968707025697,0.9223805772151409,false,none,1.0282,0.3405,353.3040784718637,2192.3240938166314,87.8936499741869,false,软件服务,false,1.0,false,rising,false,false,0.0,15.203002223401363,1.0,软件服务,-5.0,-2.0,3.0,0.3,0.5,0.6231999695751433,0.9319099446751756,0.7823735691076745,true,false,0.2111020364853037,0.4491184904050492,,,,,,,0.07161803713527852,0,0.0,none,11.22579742291079,true,increasing_vol,10.0,波动率飙升预警-8.0分(近期波动是早期的4.2倍); 趋势不可靠-2分(Bootstrap CI过宽: 0.324),"","",0,0
832491.BJ,奥迪威,元器件,0.486575,0.05224893720978289,0.05711000000000001,0.747874908520272,0.05845218168689259,0.12633295951517742,0.5472,96.0,0.04922850380682094,0.7999999999999999,0.08333333333333333,has_near_zero,has_near_zero,has_near_zero,false,0,true,5,false,0,true,5,0.2281940185682832,0.10451742438464508,0.45238199205274876,ultra_stable,false,false,none,0.1031,0.0,0.0005000000000000004,-0.1026,0.2903032393945514,0.7862827703812265,0.00046853037638607025,false,none,0.04049999999999998,-0.03949999999999998,0.18308311973636046,7.992895204262873,-7.231783229586227,false,元器件,false,1.0779553976712057,true,rising,false,false,0.0,0.2281940185682832,0.32628260121078734,元器件,-5.0,-2.0,3.0,0.3,0.5,0.0004387178819426629,0.0004608079905488775,-0.09375118531490065,false,false,0.05224893720978289,0.747874908520272,,,,,,,0.13366336633663367,0,0.0,none,0.11490961332325908,false,decreasing_vol,4.0,"趋势不确定预警-4分(Bootstrap CI跨零: [-0.004, 0.105])","","",0,0
832522.BJ,纳科诺尔,专用机械,0.10252100000000008,-0.039439146225923996,-0.10432999999999999,0.0025184101347600642,0.9361308771179992,,1.5576,109.0,-0.10359876645702014,-0.19999999999999998,0.8166666666666667,poor,poor,poor,true,3,true,2,true,3,true,2,12.936633604261026,1.7311803089222104,32.42041548348528,high_volatility,false,false,none,-0.14500000000000002,0.0,0.9688000000000001,1.1138000000000001,0.34325741409143923,0.01292229210628752,0.24230442813133657,false,none,3.9360999999999997,-1.9985,509.8947368421054,165.48665125078833,-525.921052631579,false,专用机械,true,inf,true,rising,false,false,0.0,12.936633604261026,1.0,专用机械,-5.0,-2.0,3.0,0.3,0.5,0.798848722309415,0.3175117638224245,0.9396104476692215,false,false,-0.039439146225923996,0.0025184101347600642,,,,,,,0.07161803713527852,0,0.0,none,12.87776899122225,false,stable,3.0,单年巨幅下滑-15.0分(年跌-525.9%); 趋势不可靠-2分(Bootstrap CI过宽: 2.643),cyclical_bottom,"周期底部(mid_up), 近期强势(79.9%)",0,0
832566.BJ,梓橦宫,化学制药,0.710855,-0.0018335694384586155,-0.0023499999999999966,0.015626271294218178,0.84125407603954,-0.14897597543564334,0.4983,50.0,-0.08513922488165299,-0.7999999999999999,0.08333333333333333,has_near_zero,has_near_zero,has_near_zero,false,0,true,5,false,0,true,5,0.2179567211081029,0.16503682922305551,0.596539883782356,ultra_stable,false,false,none,-0.10779999999999995,0.0,-0.11805000000000002,-0.010250000000000065,0.209981146908641,0.976761152931921,0.5812476773328962,true,severe,-0.2916,0.055499999999999994,-32.14869281045752,-36.91606532472465,7.557189542483658,false,化学制药,false,1.0755718954248366,true,falling,false,false,0.0,0.2179567211081029,0.31777496294312724,化学制药,-5.0,-2.0,3.0,0.3,0.5,-0.10046482482008266,0.5915063467288911,-0.017988692165776185,false,false,-0.07500995242821429,0.776755571949559,,,,,,,0.9866768176627332,1,0.0,cliff_drop,0.10021818240271801,false,increasing_vol,50.0,严重恶化-15分; 单年巨幅下滑-15.0分(年跌-36.9%); 贝叶斯高置信度恶化-12分(恶化概率98.7%，严重恶化确认); 峰值明显下跌-8分(从0.9跌至0.5，跌幅-47.5%),"","",0,0
832735.BJ,德源药业,化学制药,1.4868800000000002,0.022048661323416232,0.03736000000000002,0.22436428511295073,0.420282921124989,0.05389861714057931,1.4873,84.81916638357768,0.029837529568370796,0.19999999999999998,0.8166666666666667,good,good,good,false,0,false,0,false,0,false,0,0.23628591143851865,0.34691497517403314,0.574989783408255,moderate,false,false,none,0.42165,0.0,-0.28080000000000005,-0.70245,0.5089877038180666,0.9077974612839562,0.42700480181544903,false,none,0.28259999999999996,-0.8442000000000001,-27.409829664698133,23.45812235411305,-41.202596515203275,false,化学制药,false,1.7007553747821034,true,rising,false,false,0.0,0.23628591143851865,0.4157961124550954,化学制药,-5.0,-2.0,3.0,0.3,0.5,-0.13879747152502653,0.37932476652667435,-0.3616672328446514,false,true,0.022048661323416232,0.036257498450640045,,,,,,,0.435483870967742,0,0.0,none,0.23283528257841235,false,stable,15.180833616422326,单年巨幅下滑-15.0分(年跌-41.2%); 加速下滑-0.2分(加速度-0.36),"","",0,0
832876.BJ,慧为智能,元器件,0.264428,-0.07723230138529497,-0.08404,0.100549124673774,0.6031341482092801,,0.5414,109.0,-0.10637618517689046,-0.19999999999999998,0.8166666666666667,has_loss,has_loss,has_loss,true,1,true,5,true,1,true,5,1.401110188738824,0.405817555066313,3.6362380886617864,high_volatility,false,false,none,-0.61,0.0,0.0571,0.6671,0.40679919044635704,1.0,0.040229983910770345,false,none,0.8546,-0.6632,54.68571428571429,272.86079182630914,-189.4857142857143,false,元器件,true,inf,true,rising,false,false,0.0,1.401110188738824,1.0,元器件,-5.0,-2.0,3.0,0.3,0.5,0.08735488782042099,0.04024576080201276,0.2583080973297486,false,false,-0.07723230138529497,0.100549124673774,,,,,,,0.07161803713527852,0,0.0,none,1.3238721336713655,false,increasing_vol,3.0,单年巨幅下滑-15.0分(年跌-189.5%); 趋势不可靠-2分(Bootstrap CI过宽: 0.535),cyclical_bottom,周期底部(mid_up),0,0
832982.BJ,锦波生物,医疗保健,4.013551,0.16202529916494554,0.39311,0.2662623009351908,0.37344847795064706,0.5556272009276368,8.6673,115.0,0.6454039958245374,0.7999999999999999,0.08333333333333333,good,good,good,false,0,true,1,false,0,true,1,0.9135796981486781,3.178965004053992,2.2264403623321685,volatile,false,false,none,0.255,0.0,3.338649999999999,3.083649999999999,0.6198678101886197,0.22701617595717438,0.9716619259290229,false,none,4.326199999999999,2.3510999999999997,335.54271356783914,99.65676902167651,118.14572864321606,false,医疗保健,false,1.0,false,rising,false,false,0.0,0.9135796981486781,0.8641970918522759,医疗保健,-5.0,-2.0,3.0,0.3,0.5,0.7084307776732208,0.9995267617237038,0.5806624728896784,false,false,0.46954217459157255,0.827628442459046,,,,,,,0.07161803713527852,0,0.0,none,0.4251560452481621,true,increasing_vol,10.0,波动率飙升预警-8.0分(近期波动是早期的4.1倍); 趋势不可靠-2分(Bootstrap CI过宽: 0.857),"high_growth,turnaround","高速成长(稳健CAGR=64.5%, MK趋势=0.80); 底部强力反转(曾跌336%, 近期斜率0.71)",1,1
833346.BJ,威贸电子,元器件,0.619455,0.06894331224760064,0.07911000000000001,0.7513715360185634,0.05716569587488604,0.1879597002702884,0.7369,100.0,0.07229954850640641,0.7999999999999999,0.08333333333333333,has_near_zero,has_near_zero,has_near_zero,false,0,true,5,false,0,true,5,0.24771237727032397,0.1436484075790609,0.6326952922917743,stable,false,false,none,0.24219999999999997,0.0,0.053270000000000005,-0.18892999999999996,0.35674081529757073,1.0,0.5165650278393696,false,none,0.06740000000000002,0.15859999999999996,44.23566255627323,10.067214339059003,31.043256997455458,false,元器件,false,1.1982775494225875,true,rising,false,false,0.0,0.24771237727032397,0.35794024173927086,元器件,-5.0,-2.0,3.0,0.3,0.5,0.09584722494818712,0.9432660932111029,0.03139690192237429,false,false,0.06894331224760064,0.7513715360185634,,,,,,,0.07161803713527852,0,0.0,none,0.1218003754137743,false,decreasing_vol,0.0,"","","",0,0
833523.BJ,德瑞锂电,电气设备,1.084969,0.15493799379246662,0.24043000000000003,0.39548418133619534,0.2557531015467342,0.16259274260381318,1.699,93.13220212567593,0.12436256186006667,0.39999999999999997,0.48333333333333334,has_near_zero,has_near_zero,has_near_zero,false,0,true,3,false,0,true,3,0.5489140226914283,0.5559620787427862,1.2887524189408004,volatile,false,false,none,-0.26815,0.0,0.6526500000000001,0.9208000000000001,0.6701650173868393,0.9750795373227046,0.8849706365456879,false,none,0.2451000000000001,1.0602,331.5468630937262,16.858105784441854,269.29133858267716,false,电气设备,false,1.0,false,rising,false,false,0.0,0.5489140226914283,0.572464551486476,电气设备,-5.0,-2.0,3.0,0.3,0.5,0.45806685663162366,0.8550463204121215,0.6814771108869081,true,false,0.15493799379246662,0.39548418133619534,,,,,,,0.07161803713527852,0,0.0,none,0.4005384523097783,false,increasing_vol,6.867797874324073,波动率飙升预警-4.9分(近期波动是早期的2.4倍); 趋势不可靠-2分(Bootstrap CI过宽: 0.733),"","",0,0
833575.BJ,康乐卫士,生物制药,-1.121906,0.1451024399052488,0.19198,0.2444432202196189,0.39717529712772176,,-0.4444,98.0,0.139264365807028,0.39999999999999997,0.48333333333333334,poor,poor,poor,true,5,true,3,true,5,true,3,0.6436676499593302,0.75920599312703,1.5916066129715982,high_volatility,false,false,none,-0.68085,0.0,0.9386499999999999,1.6195,0.6818988494530628,0.991241560001491,0.8277469345291365,false,none,0.19699999999999995,1.6803,80.85885342636861,30.714062987215463,72.37369169143301,false,生物制药,false,1.0,false,rising,false,false,0.0,0.6436676499593302,0.6482674533007975,生物制药,-5.0,-2.0,3.0,0.3,0.5,0.5739795838958959,0.8601201238817745,0.9370256434425266,true,false,0.1451024399052488,0.2444432202196189,,,,,,,0.07161803713527852,0,0.0,none,0.5899812196841843,false,stable,2.0,趋势不可靠-2分(Bootstrap CI过宽: 0.992),"","",0,0
833751.BJ,惠同新材,小金属,0.53478,0.01349387281524282,0.01435999999999999,0.06067766300428357,0.6895662720906184,0.0904665605581767,0.5656,110.0,0.016660293502612757,0.19999999999999998,0.8166666666666667,has_near_zero,has_near_zero,has_near_zero,false,0,true,5,false,0,true,5,0.18584422874171377,0.09805141508412818,0.49279757391963613,stable,false,false,none,0.26,0.0,-0.035080000000000014,-0.29508,0.4930029156854904,1.0,0.33986915685490393,false,none,0.0932,-0.06760000000000005,4.7407407407407325,19.729043183742593,-12.518518518518526,false,小金属,true,1.3971210838272652,true,rising,true,false,0.0,0.18584422874171377,0.7908247826316072,小金属,-5.0,-2.0,1.6,0.3,0.24,0.011202223052875382,0.06856887365911139,-0.05213002895628588,false,false,0.01349387281524282,0.06067766300428357,,,,,,,0.13366336633663367,0,0.0,none,0.1807929325718349,true,decreasing_vol,2.0,波动聚集提示-2分(大波动后可能跟着大波动),cyclical_bottom,周期底部(mid_up),0,0
833914.BJ,远航精密,小金属,0.07294700000000001,0.014935552039197136,0.01514,0.2088871092677171,0.43902344965261497,,0.2182,74.13025808829704,-0.003409691827875189,0.0,1.0,has_loss,has_loss,has_near_zero,true,1,true,5,false,0,true,5,2.350420292481075,0.18972592600907234,5.744549058473737,high_volatility,false,false,none,-0.009549999999999996,0.0,0.05865000000000001,0.06820000000000001,0.09977968575239023,0.026866909339431883,0.059176358490069435,false,none,0.4637,-0.3464,116.25371655104064,188.8798370672098,-343.31020812685824,false,小金属,true,inf,true,rising,true,false,0.0,2.350420292481075,1.0,小金属,-5.0,-2.0,1.6,0.3,0.24,0.05788752190968504,0.05864197320787315,0.06737966093193898,false,false,-0.025800333904907415,0.047029379865882355,,,,,,,0.07161803713527852,0,0.0,none,2.2949717471897904,true,increasing_vol,25.869741911702967,单年巨幅下滑-15.0分(年跌-343.3%); 周期顶部预警-5分(警惕景气回落); 波动率飙升预警-8.0分(近期波动是早期的4.1倍),"","",0,0
834415.BJ,恒拓开源,软件服务,0.17851,0.0453388596759063,0.0461,0.5548527876064951,0.148620594176672,0.513145780099612,0.2899,94.0,0.05225183882875644,0.6,0.23333333333333334,has_near_zero,has_near_zero,has_near_zero,false,0,true,5,false,0,true,5,0.5933764258021311,0.09771722980109496,1.424581005586592,volatile,false,false,none,0.010349999999999998,0.0,0.10694999999999999,0.09659999999999999,0.23334528759617748,0.016234314040969765,0.9942802292863038,false,none,0.09289999999999998,0.12100000000000001,281.4473684210526,47.15736040609136,159.21052631578948,false,软件服务,false,2.7,true,rising,false,false,0.0,0.5933764258021311,0.834701140641705,软件服务,-5.0,-2.0,3.0,0.3,0.5,0.10502932176481852,0.9934324812224822,0.09470173500179302,false,false,0.0453388596759063,0.5548527876064951,,,,,,,0.07161803713527852,0,0.0,none,0.39520119764575545,true,stable,6.0,"波动聚集提示-2分(大波动后可能跟着大波动); 趋势不确定预警-4分(Bootstrap CI跨零: [-0.022, 0.107])","","",0,0
834770.BJ,艾能聚,电气设备,0.533402,-0.08316434067580648,-0.09466000000000002,0.4994330037362446,0.18205127958955933,-0.09035256380740109,0.4382,77.0,-0.09981766825231972,-0.39999999999999997,0.48333333333333334,has_near_zero,has_near_zero,has_near_zero,false,0,true,5,false,0,true,5,0.3758762542939779,0.21116727966235682,0.9665361338554646,moderate,false,false,none,0.17000000000000004,0.0,-0.15022000000000005,-0.32022000000000006,0.40402231399649446,1.0,0.6608987582943848,false,none,0.17119999999999996,-0.38680000000000003,-32.97644539614562,64.1198501872659,-59.161823187519126,false,电气设备,false,3.033707865168539,true,rising,false,false,0.0,0.3758762542939779,0.7051953854576543,电气设备,-5.0,-2.0,3.0,0.3,0.5,-0.09457114598097202,0.29062637172486544,-0.1003645959756215,false,false,-0.08316434067580648,0.4994330037362446,,,,,,,0.6067415730337079,0,0.0,none,0.26515520413715593,false,increasing_vol,23.0,单年巨幅下滑-15.0分(年跌-59.2%); 峰值明显下跌-8分(从0.8跌至0.4，跌幅-45.9%),"","",0,0
834950.BJ,迅安科技,元器件,1.17076,-0.015079911359919741,-0.022840000000000017,0.06912053221804638,0.6691526337657343,-0.05049077893228926,1.0648,82.03942348452733,-0.01274869723608274,-0.39999999999999997,0.48333333333333334,good,good,good,false,0,false,0,false,0,false,0,0.12028827928972133,0.14220239801072276,0.25139995601346676,ultra_stable,false,false,none,-0.20999999999999996,0.0,0.01822999999999997,0.22822999999999993,0.25984904503971296,1.0,0.02748204199887201,true,moderate,-0.29720000000000013,0.28790000000000004,-0.8658411693510926,-21.820851688693107,26.803835769481427,false,元器件,false,1.2680383576948142,true,falling,false,false,0.0,0.12028827928972133,0.2653024044577523,元器件,-5.0,-2.0,3.0,0.3,0.5,-0.0031759161442078687,0.000873332061566328,0.07268489642558157,false,false,-0.015079911359919741,0.06912053221804638,,,,,,,0.9025069637883009,1,0.0,single_year_drop,0.11634470790913777,false,increasing_vol,17.96057651547266,中度恶化-10分; 贝叶斯恶化预警-8分(恶化概率90.3%); 波动率飙升预警-5.0分(近期波动是早期的2.5倍),"","",0,0
835237.BJ,力佳科技,电气设备,1.194664,0.08755764508930271,0.12888,0.38021415570232514,0.26796673242305696,0.12200684270393913,1.3788,83.0,0.09169541277878351,0.39999999999999997,0.48333333333333334,has_near_zero,has_near_zero,has_near_zero,false,0,true,2,false,0,true,2,0.30307784459261233,0.3503579883490599,0.7179930795847749,moderate,false,false,none,0.3849999999999999,0.0,-0.13059999999999994,-0.5155999999999998,0.3028500188612287,0.6918857943052745,0.21818240428114222,false,none,0.2976000000000001,-0.5588,-15.926829268292678,27.52497225305217,-34.07317073170732,false,电气设备,false,1.7343485617597292,true,rising,false,false,0.0,0.30307784459261233,0.4737087505753871,电气设备,-5.0,-2.0,3.0,0.3,0.5,-0.07219841930808724,0.18768771901767342,-0.31399510520880547,false,false,0.08755764508930271,0.38021415570232514,,,,,,,0.435483870967742,0,0.0,none,0.24654067868474205,false,stable,17.0,单年巨幅下滑-15.0分(年跌-34.1%); 趋势不可靠-2分(Bootstrap CI过宽: 0.385),"","",0,0
835438.BJ,戈碧迦,元器件,0.8572759999999999,0.02211133007106736,0.02489999999999999,0.228513429761891,0.41540071782207605,0.07922652952434306,0.6376,35.0,0.04482528204411708,0.39999999999999997,0.48333333333333334,has_near_zero,has_near_zero,has_near_zero,false,0,true,4,false,0,true,5,0.6054400427939639,0.49495934378492135,1.4923182307466483,volatile,false,false,none,0.22999999999999998,0.0,0.09128,-0.13871999999999998,0.14334197077835764,1.0,0.050254984364330214,true,severe,-1.0524,1.1,8.067796610169488,-62.27218934911243,186.4406779661017,false,元器件,false,2.0254237288135593,true,falling,false,false,0.0,0.6054400427939639,0.7544085314103124,元器件,-5.0,-2.0,3.0,0.3,0.5,0.020283551929508314,0.002407010055225281,-0.03272230681947835,false,false,0.09362301966164753,0.19647800092726592,,,,,,,0.8810333106730117,1,0.0,cliff_drop,0.5485130923570122,false,increasing_vol,65.0,严重恶化-15分; 单年巨幅下滑-15.0分(年跌-62.3%); 贝叶斯高置信度恶化-12分(恶化概率88.1%，严重恶化确认); 波动率飙升预警-8.0分(近期波动是早期的6.3倍); 峰值大幅下跌-15分(从1.7跌至0.6，跌幅-62.3%),"","",0,0
835508.BJ,殷图网联,电气设备,0.20016,-0.007742599926991778,-0.007959999999999995,0.6163634884274284,0.11566537844618431,,0.2185,76.0,-0.010338530583056772,-0.39999999999999997,0.48333333333333334,has_loss,has_loss,has_near_zero,true,1,true,5,false,0,true,5,0.9661143451435246,0.2063620241226568,2.672284644194757,high_volatility,false,false,none,0.09825,0.0,-0.11815,-0.2164,0.15444382627769868,0.7275006085703284,0.1697054677854453,false,none,0.3345,-0.5708,-51.956904133685136,288.36206896551727,-125.50571679859279,false,电气设备,true,6.668621700879764,true,rising,false,false,0.0,0.9661143451435246,1.0,电气设备,-5.0,-2.0,3.0,0.3,0.5,-0.11181262162947275,0.1596315940882011,-0.20426874344146606,false,false,-0.04429615570935175,0.12045031406188136,,,,,,,0.6067415730337079,0,0.0,none,0.9074150301572103,false,increasing_vol,24.0,单年巨幅下滑-15.0分(年跌-125.5%); 波动率飙升预警-8.0分(近期波动是早期的4.3倍); 峰值大幅下跌-15分(从0.5跌至0.2，跌幅-52.0%),"","",0,0
835670.BJ,数字人,软件服务,0.230904,0.03437744830386522,0.03428,0.11572565408550489,0.5753688868823453,0.6258293629330991,0.2718,85.59534840979563,0.03542433474948419,0.19999999999999998,0.8166666666666667,has_near_zero,has_near_zero,has_near_zero,false,0,true,5,false,0,true,5,0.7444175826155196,0.16423340707663592,1.7491614540839455,high_volatility,false,false,none,0.3859,0.0,-0.022300000000000007,-0.4082,0.35186535596090585,1.0,0.03732693816123793,true,moderate,-0.030000000000000027,0.23600000000000002,313.06990881458967,-9.940357852882713,358.66261398176295,false,软件服务,true,5.521276595744681,true,falling,false,false,0.0,0.7444175826155196,1.0,软件服务,-5.0,-2.0,3.0,0.3,0.5,0.10140371721134375,0.6452142066645891,0.08797250994914609,false,false,0.03437744830386522,0.11572565408550489,,,,,,,0.4807121661721069,1,0.0,single_year_drop,0.7027090077167163,true,decreasing_vol,14.40465159020436,中度恶化-10分; 周期回落期-3分(景气下行趋势); 波动聚集提示-2分(大波动后可能跟着大波动); 峰值明显下跌-8分(从0.4跌至0.3，跌幅-36.0%),"","",0,0
835985.BJ,海泰新能,电气设备,0.5805170000000001,0.06626455910043302,0.07539,0.20877769013374634,0.43915903373549164,0.18556155529775964,0.6717,98.0,0.054826440250574225,0.19999999999999998,0.8166666666666667,has_near_zero,has_near_zero,has_near_zero,false,0,true,5,false,0,true,5,0.464223930301,0.2589905307149279,1.0632729879906793,volatile,false,false,none,0.38999999999999996,0.0,0.04182999999999999,-0.34817,0.20045082662332941,1.0,0.041869263319569805,true,moderate,-0.14880000000000004,0.5932,195.51253849538054,-18.135283363802564,260.9766827980642,false,电气设备,false,3.4106907171139462,true,falling,false,false,0.0,0.464223930301,0.8261379065226595,电气设备,-5.0,-2.0,3.0,0.3,0.5,0.20197066940115543,0.5425193296537344,0.2561613954682998,false,false,0.06626455910043302,0.20877769013374634,,,,,,,0.6492985971943889,1,0.0,single_year_drop,0.4121315164432051,false,stable,2.0,中度恶化-10分; 趋势不可靠-2分(Bootstrap CI过宽: 0.363),"","",0,0
836239.BJ,长虹能源,电气设备,1.8803560000000004,-0.0035204930684309636,-0.012985000000000024,0.0008614105132796491,0.9626360451100735,,2.719,103.5034242852484,-0.10283951673772053,-0.19999999999999998,0.8166666666666667,has_loss,has_loss,good,true,1,true,1,false,0,false,0,0.6834207852346496,1.3476237779885007,1.7083189646428791,high_volatility,false,false,none,-0.39279999999999987,0.0,0.47224999999999995,0.8650499999999999,0.33692716107512827,0.35358529895919477,0.09475964368146192,false,none,3.0004,-2.0559,53.2262609185686,1066.2402274342573,-115.85798816568047,false,电气设备,true,inf,true,rising,false,false,0.0,0.6834207852346496,1.0,电气设备,-5.0,-2.0,3.0,0.3,0.5,0.19382054037216911,0.03326979679339304,0.3594875091759505,false,false,-0.20108649876933607,0.1305090388542027,,,,,,,0.07161803713527852,0,0.0,none,0.6381394140912787,true,increasing_vol,8.496575714751602,单年巨幅下滑-15.0分(年跌-115.9%); 波动率飙升预警-5.5分(近期波动是早期的2.7倍); 趋势不可靠-2分(Bootstrap CI过宽: 0.425),cyclical_bottom,"周期底部(mid_up), 近期强势(19.4%)",0,0
836260.BJ,中寰股份,专用机械,0.525135,0.08183485000957057,0.11285,0.06596179687299593,0.6766249457596859,,1.3549,98.0,0.08831081816353431,0.39999999999999997,0.48333333333333334,has_loss,has_loss,has_loss,true,1,true,4,true,1,true,4,1.230113086345634,0.604329957059883,2.8761602344894968,high_volatility,false,false,none,-0.9480999999999999,0.0,0.42506000000000005,1.37316,0.6715754473639679,0.9999999999999998,0.7157544736396787,false,none,1.2143,0.0116,950.3100775193799,863.655761024182,8.992248062015502,false,专用机械,false,1.0,false,rising,false,false,0.0,1.230113086345634,1.0,专用机械,-5.0,-2.0,3.0,0.3,0.5,0.49142038569706004,0.7587712873575316,0.827805695580264,true,false,0.08183485000957057,0.06596179687299593,,,,,,,0.07161803713527852,0,0.0,none,1.1752727360909538,false,stable,2.0,趋势不可靠-2分(Bootstrap CI过宽: 0.903),"","",0,0
836395.BJ,朗鸿科技,IT设备,0.7456670000000001,-0.07299732758348862,-0.08851000000000002,0.32307574762474045,0.3174110455941902,-0.10991064477457191,0.5398,67.82682868966268,-0.06767307894025436,-0.39999999999999997,0.48333333333333334,has_near_zero,has_near_zero,has_near_zero,false,0,true,4,false,0,true,4,0.34124396067704205,0.2635154113140254,0.8296858408225635,moderate,false,false,none,0.15299999999999997,0.0,-0.3131,-0.46609999999999996,0.4427182829053723,0.5432330827067671,0.7326424401143957,false,none,0.014499999999999957,-0.6406999999999999,-53.704974271012006,2.7603274319436433,-54.948542024013726,false,IT设备,false,1.8003551300856941,true,rising,false,false,0.0,0.34124396067704205,0.5130425192197262,IT设备,-5.0,-2.0,3.0,0.3,0.5,-0.23874986304024048,0.7299120814442278,-0.34634262067463234,false,true,-0.07299732758348862,0.32307574762474045,,,,,,,0.6067415730337079,0,0.0,none,0.28914435392028565,false,stable,32.17317131033732,单年巨幅下滑-15.0分(年跌-54.9%); 加速下滑-0.2分(加速度-0.35); 趋势不可靠-2分(Bootstrap CI过宽: 0.402); 峰值大幅下跌-15分(从1.2跌至0.5，跌幅-53.7%),"","",0,0
836961.BJ,西磁科技,专用机械,0.44570400000000004,-0.004071956928759712,-0.004320000000000002,0.14306502934398443,0.5301537315728468,-0.026874922711107807,0.3318,28.79020896152599,-0.0055695757033466355,-0.19999999999999998,0.8166666666666667,has_near_zero,has_near_zero,has_near_zero,false,0,true,5,false,0,true,5,0.49313572128961547,0.2204316674164581,1.1409395973154364,volatile,false,false,none,0.235,0.0,-0.2541,-0.4891,0.5311320725988895,0.6865934521342727,0.7961522298871515,true,severe,-0.03140000000000004,-0.47679999999999995,-60.5,-8.645374449339217,-56.76190476190476,false,专用机械,false,2.5454545454545454,true,falling,false,false,0.0,0.49313572128961547,0.7339025164256319,专用机械,-5.0,-2.0,3.0,0.3,0.5,-0.21880202670821264,0.8005834446382543,-0.4195820769480152,false,true,-0.004071956928759712,0.0011565964358115097,,,,,,,0.9507042253521126,2,-0.8476905508086212,sustained_decline,0.4928989111536652,false,stable,71.20979103847401,复合恶化-14.0分(触发2项恶化信号); 严重恶化-15分; 单年巨幅下滑-15.0分(年跌-56.8%); 加速下滑-0.2分(加速度-0.42); 贝叶斯高置信度恶化-12分(恶化概率95.1%，严重恶化确认); 峰值大幅下跌-15分(从0.8跌至0.3，跌幅-60.5%),"","",0,0
837046.BJ,亿能电力,电气设备,0.150694,0.14896112339631648,0.15178000000000003,0.23793354335556346,0.40452618836843324,,0.433,100.0,0.16247282060057883,0.39999999999999997,0.48333333333333334,poor,poor,poor,true,2,true,5,true,2,true,5,4.7705423954356005,0.5016702383040078,10.555344237352603,high_volatility,false,false,none,1.1099999999999999,0.0,0.010979999999999985,-1.0990199999999999,0.4277875281423113,1.0,0.0010416902297608812,false,none,0.11120000000000002,0.7008,214.24802110817942,34.555624611559985,184.90765171503958,false,电气设备,true,inf,true,rising,false,false,0.0,4.7705423954356005,1.0,电气设备,-5.0,-2.0,3.0,0.3,0.5,0.3954827288462169,0.8466962364667752,0.3490903951272037,false,false,0.14896112339631648,0.23793354335556346,,,,,,,0.07161803713527852,0,0.0,none,4.189285263528976,true,decreasing_vol,12.0,波动聚集提示-2分(大波动后可能跟着大波动); 趋势不可靠-2分(Bootstrap CI过宽: 0.694); 峰值明显下跌-8分(从0.6跌至0.4，跌幅-31.3%),cyclical_bottom,"周期底部(mid_up), 近期强势(39.5%)",0,0
837212.BJ,智新电子,元器件,0.19897900000000002,0.008133547441796465,0.008129999999999997,0.004911429074792762,0.9108424454822617,0.4670802040117261,0.1853,81.81675300491311,0.015617937315265772,0.0,1.0,has_near_zero,has_near_zero,has_near_zero,false,0,true,5,false,0,true,5,0.9710192975304738,0.1908441327366393,2.399511549811743,high_volatility,false,false,none,0.22854999999999998,0.0,-0.15589999999999998,-0.38444999999999996,0.4867207654151866,0.9927836355519047,0.42249415520556954,false,none,0.1598,-0.47159999999999996,-62.72379802856568,626.6666666666666,-94.87024743512372,false,元器件,true,19.494117647058825,true,rising,false,false,0.0,0.9710192975304738,1.0,元器件,-5.0,-2.0,3.0,0.3,0.5,-0.14718041920296077,0.40978851869396676,-0.3664939901737759,false,true,0.008133547441796465,0.004911429074792762,,,,,,,0.6067415730337079,0,0.0,none,0.9688140630594199,false,stable,18.18324699508689,单年巨幅下滑-15.0分(年跌-94.9%); 加速下滑-0.2分(加速度-0.37); 趋势不可靠-2分(Bootstrap CI过宽: 0.411); 峰值大幅下跌-15分(从0.5跌至0.2，跌幅-62.7%),"","",0,0
837344.BJ,三元基因,生物制药,0.483097,-0.001047709601688318,-0.0012100000000000001,0.00022739594689455086,0.980800716652763,-0.002643863200486374,0.573,85.0,-0.0006371264038554786,0.0,1.0,has_near_zero,has_near_zero,has_near_zero,false,0,true,5,false,0,true,5,0.2504771378173642,0.12109567704918289,0.4720142307533197,moderate,false,false,none,-0.22819999999999996,0.0,0.04539999999999998,0.27359999999999995,0.3617771626539438,1.0,0.21823738445486904,false,none,0.22199999999999998,-0.21230000000000004,1.7219953843422564,63.24786324786324,-37.68862062843956,false,生物制药,false,1.6050719475708792,true,rising,false,false,0.0,0.2504771378173642,0.41439130326334195,生物制药,-5.0,-2.0,3.0,0.3,0.5,0.004216918584276863,0.001370595778948106,0.011076700635707482,false,false,-0.001047709601688318,0.00022739594689455086,,,,,,,0.13366336633663367,0,0.0,none,0.2504458756798359,false,stable,15.0,单年巨幅下滑-15.0分(年跌-37.7%),"","",0,0
838227.BJ,美登科技,软件服务,1.25602,-0.06442748325620651,-0.10835999999999997,0.4273446520554889,0.2314868056154742,-0.052805437695968016,1.1108,87.0,-0.051813758990488845,-0.39999999999999997,0.48333333333333334,good,good,good,false,0,false,0,false,0,false,0,0.20590171165348065,0.2697724226083904,0.49198595634254305,stable,false,false,none,0.3700000000000001,0.0,-0.18181999999999998,-0.5518200000000001,0.4237027496774136,1.0,0.579936073643477,true,moderate,-0.09400000000000008,0.09940000000000015,0.48851094626380237,-7.802124833997351,8.992220010855814,false,软件服务,false,1.336529762981726,true,falling,false,false,0.0,0.20590171165348065,0.342925337720348,软件服务,-5.0,-2.0,3.0,0.3,0.5,0.0018089121454865076,0.002447076468563541,0.08797268970936822,false,false,-0.06442748325620651,0.4273446520554889,,,,,,,0.6492985971943889,1,0.0,single_year_drop,0.15904480821679953,false,decreasing_vol,13.0,中度恶化-10分; 峰值明显下跌-8分(从1.8跌至1.1，跌幅-36.5%),"","",0,0
839493.BJ,并行科技,软件服务,1.4588770000000002,-0.003535957886371288,-0.005810000000000004,0.0031014937683887323,0.9291286151942183,0.17266068459417028,2.099,92.0,0.11506367514343366,0.39999999999999997,0.48333333333333334,good,good,good,false,0,false,0,false,0,false,0,0.2968039320502052,0.417953361034458,0.7435839168288145,moderate,false,false,none,0.16499999999999992,0.0,0.3295000000000001,0.1645000000000002,0.2478650381114405,0.9508149010477298,0.3874462355796873,false,none,1.0471000000000001,-0.3880999999999999,45.76388888888891,99.54368285958742,-26.951388888888882,false,软件服务,false,1.36895142123776,true,rising,false,false,0.0,0.2968039320502052,0.4199700018051989,软件服务,-5.0,-2.0,3.0,0.3,0.5,0.16301955837964366,0.32552736467459065,0.061041181800037314,true,false,0.0874986296603771,0.37511047423302213,,,,,,,0.07161803713527852,0,0.0,none,0.22823013583574964,true,increasing_vol,8.0,波动率飙升预警-8.0分(近期波动是早期的4.3倍),"","",0,0
870299.BJ,灿能电力,电气设备,0.335985,-0.007180990502633905,-0.0075400000000000085,0.16433011197945255,0.4983655716926434,0.05896971284595787,0.415,100.0,0.014696015329743461,0.19999999999999998,0.8166666666666667,has_near_zero,has_near_zero,has_near_zero,false,0,true,5,false,0,true,5,0.16969751599503008,0.05593569522228181,0.45264243674534316,stable,false,false,none,-0.03210000000000002,0.0,0.0746,0.10670000000000002,0.47488555023329393,0.6355795248003553,0.8998759775325837,false,none,0.11769999999999997,0.03150000000000003,56.132430398796096,39.58964009418095,11.851015801354412,false,电气设备,false,1.2791572610985706,true,rising,false,false,0.0,0.16969751599503008,0.3063123142758335,电气设备,-5.0,-2.0,3.0,0.3,0.5,0.07058023048367476,0.9021544434942942,0.10134051266521354,true,false,0.011859739942690822,0.12571729951727548,,,,,,,0.07161803713527852,0,0.0,none,0.1583301665706779,false,increasing_vol,0.0,"","","",0,0
870357.BJ,雅葆轩,元器件,0.41609000000000007,0.0003772477236120453,0.00037999999999999146,0.0017590980981377724,0.9466139525531083,0.23203647043680808,0.7373,92.0,0.018329165361196456,0.39999999999999997,0.48333333333333334,has_near_zero,has_near_zero,has_near_zero,false,0,true,5,false,0,true,5,0.4988705607745067,0.19462936058056604,1.1721433331624544,volatile,false,false,none,-0.008500000000000008,0.0,0.21714999999999998,0.22565,0.4393355808608701,0.179280397022333,0.7627754115863677,false,none,0.42689999999999995,0.007400000000000018,143.33333333333334,137.53221649484536,2.442244224422448,false,元器件,false,1.0,false,rising,false,false,0.0,0.4988705607745067,0.5324297819529387,元器件,-5.0,-2.0,3.0,0.3,0.5,0.1922054313560887,0.7637982905940606,0.2003207527894844,false,false,0.07655158095628832,0.49315449385707816,,,,,,,0.07161803713527852,0,0.0,none,0.3549333332699571,false,increasing_vol,8.0,波动率飙升预警-8.0分(近期波动是早期的6.9倍),"","",0,0
871553.BJ,凯腾精工,专用机械,0.31735100000000005,-0.008436240537709206,-0.008430000000000005,0.008826112314218313,0.8805586597176039,0.01398179886282458,0.4757,98.0,-0.029836596979325343,0.0,1.0,has_near_zero,has_near_zero,has_near_zero,false,0,true,5,false,0,true,5,0.46594921409130247,0.14904783460352586,1.0550831561835687,volatile,false,false,none,-0.1559,0.0,0.16875,0.32465,0.5507948750394667,0.9769248846545694,0.8817238657400981,false,none,0.27580000000000005,0.061700000000000005,244.2112879884226,137.96898449224614,44.64544138929089,false,专用机械,false,1.0,false,rising,false,false,0.0,0.46594921409130247,0.5060927046063753,专用机械,-5.0,-2.0,3.0,0.3,0.5,0.160804252259158,0.8858593944095363,0.3099471770049129,true,false,-0.008436240537709206,0.008826112314218313,,,,,,,0.07161803713527852,0,0.0,none,0.46408230437353626,false,stable,2.0,趋势不可靠-2分(Bootstrap CI过宽: 0.315),"","",0,0
871857.BJ,泓禧科技,元器件,0.41508100000000003,-0.067079499373803,-0.07933000000000001,0.2304348028365143,0.41315931611342827,-0.2052206342903321,0.3232,30.0,-0.1044591333363189,-0.39999999999999997,0.48333333333333334,has_near_zero,has_near_zero,has_near_zero,false,0,true,5,false,0,true,5,0.5652100391988334,0.248059382003584,1.4671436383521692,volatile,false,false,none,-0.6439000000000001,0.0,0.0269,0.6708000000000002,0.5390511563761385,1.0,0.048911563761385175,true,severe,-0.0232,-0.20229999999999998,-41.09713869145252,-6.697459584295612,-36.86896300346273,false,元器件,true,3.303431667670078,true,falling,false,false,0.0,0.5652100391988334,0.8926255870484106,元器件,-5.0,-2.0,3.0,0.3,0.5,-0.10325936816781191,0.8288919094004126,0.004799060674027883,false,false,-0.067079499373803,0.2304348028365143,,,,,,,0.9507042253521126,2,-0.8183442375727631,sustained_decline,0.4876278884453869,true,decreasing_vol,70.0,严重恶化-15分; 单年巨幅下滑-15.0分(年跌-36.9%); 周期回落期-3分(景气下行趋势); 贝叶斯高置信度恶化-12分(恶化概率95.1%，严重恶化确认); 波动聚集提示-2分(大波动后可能跟着大波动); 趋势不可靠-2分(Bootstrap CI过宽: 0.301); 峰值大幅下跌-15分(从0.8跌至0.3，跌幅-60.1%); 连续下跌警示-6分(2年下跌，累计-60.1%),"","",0,0
872953.BJ,国子软件,软件服务,0.021787999999999995,-0.07058809386237606,-0.07164,0.20714858241413406,0.44118303324344693,,0.1372,94.14126897067226,-0.10522469167878502,-0.39999999999999997,0.48333333333333334,poor,poor,poor,true,2,true,5,true,2,true,5,5.736213304722485,0.24826331182838915,14.112754158964881,high_volatility,false,false,none,-0.155,0.0,0.1286,0.28359999999999996,0.3470661973247373,0.48798239675016947,0.34135898827484695,false,none,0.438,-0.18080000000000002,214.33333333333331,145.61170212765958,-150.66666666666669,false,软件服务,true,inf,true,rising,false,false,0.0,5.736213304722485,1.0,软件服务,-5.0,-2.0,3.0,0.3,0.5,0.12824350885696117,0.3466164542898461,0.2825379413445035,true,false,-0.07058809386237606,0.20714858241413406,,,,,,,0.07161803713527852,0,0.0,none,5.104347413150535,false,stable,17.85873102932775,单年巨幅下滑-15.0分(年跌-150.7%); 趋势不可靠-2分(Bootstrap CI过宽: 0.447); 峰值大幅下跌-15分(从0.3跌至0.1，跌幅-55.7%),cyclical_bottom,"周期底部(mid_up), 近期强势(12.8%)",0,0
873152.BJ,天宏锂电,电气设备,0.148505,-0.03334725162001267,-0.03845000000000001,0.014988721177998847,0.8445095668666995,,0.4782,96.0,-0.021010250835766592,-0.19999999999999998,0.8166666666666667,has_loss,has_loss,has_loss,true,1,true,5,true,1,true,5,2.827924624022106,0.45258105682849786,7.355036240939764,high_volatility,false,false,none,-0.58855,0.0,0.49265000000000003,1.0812,0.87105965646581,0.9999979767612093,0.9881231727708873,false,none,0.3991,0.5862,194.3009268388878,504.55120101137794,115.59850128179848,false,电气设备,false,1.0,false,rising,false,false,0.0,2.827924624022106,1.0,电气设备,-5.0,-2.0,3.0,0.3,0.5,0.4745910164362506,0.9876342003569744,1.0323258704915212,true,false,-0.03334725162001267,0.014988721177998847,,,,,,,0.07161803713527852,0,0.0,none,2.8022945233452314,true,stable,4.0,波动聚集提示-2分(大波动后可能跟着大波动); 趋势不可靠-2分(Bootstrap CI过宽: 1.046),"","",0,0
873167.BJ,新赣江,化学制药,0.979491,-0.11395012051443301,-0.15283000000000002,0.31612423792416405,0.3238682716400471,-0.14891469210671793,0.6506,57.75140818346431,-0.12377399589601859,-0.39999999999999997,0.48333333333333334,has_near_zero,has_near_zero,has_near_zero,false,0,true,3,false,0,true,3,0.46855866248097217,0.48043193898824005,1.1460588682778394,volatile,false,false,none,0.2528,0.0,-0.5475000000000001,-0.8003000000000001,0.4175428509776291,0.36882436372232297,0.6954091909997392,false,none,0.08009999999999995,-1.1751,-62.72914757103576,14.04031551270814,-67.31782768102657,false,化学制药,false,2.3423012411942303,true,rising,false,false,0.0,0.46855866248097217,0.6871537621440085,化学制药,-5.0,-2.0,3.0,0.3,0.5,-0.3559926867957316,0.6785881827942126,-0.4971836330713779,false,true,-0.11395012051443301,0.31612423792416405,,,,,,,0.6067415730337079,0,0.0,none,0.40497559229975155,false,stable,42.24859181653569,单年巨幅下滑-15.0分(年跌-67.3%); 相对加权下滑-10.0分(最新为加权66.4%); 加速下滑-0.2分(加速度-0.50); 趋势不可靠-2分(Bootstrap CI过宽: 0.599); 峰值大幅下跌-15分(从1.7跌至0.7，跌幅-62.7%),"","",0,0
873703.BJ,广厦环能,专用机械,1.651928,0.017756905446391226,0.02015999999999998,0.0059757484081040535,0.9016729233720122,-0.08563203768758754,1.2722,45.0,-0.020667996784872234,0.0,1.0,good,good,good,false,0,true,1,false,0,true,1,0.3906577979363079,0.6429758564674104,0.9842758888861884,volatile,false,false,none,0.2699999999999999,0.0,-0.5438999999999999,-0.8138999999999998,0.3901259934462183,0.10714285714285712,0.9477926727947775,true,severe,-0.7649999999999999,-0.3228,-46.09322033898305,-37.55154133123895,-13.677966101694917,false,专用机械,false,3.189189189189189,true,falling,false,false,0.0,0.3906577979363079,0.7377514635742717,专用机械,-5.0,-2.0,3.0,0.3,0.5,-0.2662782923846523,0.9237742180181147,-0.38319356382104053,false,false,0.017756905446391226,0.0059757484081040535,,,,,,,0.9990024329805347,2,1.7454038891488202,accelerating_decline,0.3901774396083601,false,decreasing_vol,55.0,严重恶化-15分; 单年巨幅下滑-15.0分(年跌-37.6%); 贝叶斯高置信度恶化-12分(恶化概率99.9%，严重恶化确认); 趋势不可靠-2分(Bootstrap CI过宽: 0.747); 峰值明显下跌-8分(从2.4跌至1.3，跌幅-46.1%); 连续下跌警示-6分(2年下跌，累计-30.1%),"","",0,0
920060.BJ,万源通,元器件,0.646968,0.17538246521563755,0.19536,0.3773606248190539,0.2702931413886115,,0.7218,62.75726217777607,0.14129257840321477,0.19999999999999998,0.8166666666666667,has_loss,has_loss,has_loss,true,1,true,4,true,1,true,4,0.8711203808371263,0.5125323872693316,2.1415459922496436,high_volatility,false,false,none,0.41500000000000004,0.0,-0.19910000000000005,-0.6141000000000001,0.40796049057187944,0.41982205249045257,0.9929296537241118,true,severe,-0.22819999999999996,-0.17000000000000015,-35.55357142857144,-24.021052631578943,-15.178571428571441,false,元器件,true,inf,true,falling,false,false,0.0,0.8711203808371263,1.0,元器件,-5.0,-2.0,3.0,0.3,0.5,-0.1466496595725792,0.9875768438468626,-0.4854756444478541,false,true,0.17538246521563755,0.3773606248190539,,,,,,,0.9968973949149991,2,0.5825634674922584,accelerating_decline,0.6951414573051479,false,decreasing_vol,37.24273782222393,严重恶化-15分; 周期回落期-3分(景气下行趋势); 加速下滑-0.2分(加速度-0.49); 贝叶斯高置信度恶化-12分(恶化概率99.7%，严重恶化确认); 趋势不可靠-2分(Bootstrap CI过宽: 0.731); 峰值明显下跌-8分(从1.1跌至0.7，跌幅-35.6%),"","",0,0
920068.BJ,天工股份,小金属,0.178,-0.00897551943386237,-0.009,0.09525488941134008,0.6133660611187534,0.502770094900495,0.51,72.375,0.049829117163519,0.19999999999999998,0.8166666666666667,has_near_zero,has_near_zero,has_near_zero,false,0,true,5,false,0,true,5,1.3264884459481487,0.2042792206760149,3.2467532467532467,high_volatility,false,false,none,0.009999999999999995,0.0,0.195,0.185,0.2745458359899059,0.04477611940298503,0.5508208594881702,false,none,0.5,-0.11,325.00000000000006,5000.0,-91.66666666666667,false,小金属,true,6.0,true,rising,true,false,0.0,1.3264884459481487,1.0,小金属,-5.0,-2.0,1.6,0.3,0.24,0.1852121555187286,0.5419427203350349,0.17527226976894372,false,false,0.07606124965933626,0.3778066705763234,,,,,,,0.07161803713527852,0,0.0,none,1.0415956854435213,true,increasing_vol,27.625,单年巨幅下滑-15.0分(年跌-91.7%); 周期顶部预警-5分(警惕景气回落); 波动率飙升预警-7.6分(近期波动是早期的3.8倍),"","",0,0
920080.BJ,奥美森,专用机械,1.1808,0.15525957475687852,0.25599999999999995,0.47207396323894096,0.19997450139422665,0.2574334296829355,1.95,92.0,0.17328784865210625,0.6,0.23333333333333334,has_near_zero,has_near_zero,has_near_zero,false,0,true,2,false,0,true,2,0.5014959374494501,0.553651514944193,1.322463768115942,moderate,false,false,none,-0.14500000000000002,0.0,0.73,0.875,0.60267412706881,0.2777410832232497,0.9990001874648503,false,none,0.69,0.77,297.9591836734694,54.76190476190476,157.14285714285714,false,专用机械,false,2.122448979591837,true,rising,false,false,0.0,0.5014959374494501,0.6841899472384717,专用机械,-5.0,-2.0,3.0,0.3,0.5,0.47439941934444785,0.983271538930717,0.5967618598787594,true,false,0.15525957475687852,0.47207396323894096,,,,,,,0.07161803713527852,0,0.0,none,0.3421587853987397,true,increasing_vol,8.0,波动聚集风险-6分(ARCH效应+波动上升); 趋势不可靠-2分(Bootstrap CI过宽: 0.651),"","",0,0
920100.BJ,三协电机,电气设备,0.8037000000000001,-0.03059652051573719,-0.03799999999999998,0.5201384679156389,0.1691243890731601,0.08493804083608869,1.15,90.95238095238095,-0.0019476677321929314,0.0,1.0,has_near_zero,has_near_zero,has_near_zero,false,0,true,4,false,0,true,5,0.2791164191430825,0.21938550544646285,0.6743002544529261,moderate,false,false,none,-0.10499999999999997,0.0,0.26499999999999996,0.36999999999999994,0.5482545780779988,0.9642857142857139,0.7782600664942741,false,none,0.5099999999999999,0.020000000000000018,85.48387096774192,79.68749999999997,3.2258064516129057,false,电气设备,false,1.0,false,rising,false,false,0.0,0.2791164191430825,0.35662646864779934,电气设备,-5.0,-2.0,3.0,0.3,0.5,0.19883361077509362,0.7818542567414267,0.28384579464091675,true,false,0.04136514356036475,0.1583899470094132,,,,,,,0.07161803713527852,0,0.0,none,0.2526254348968385,false,increasing_vol,9.047619047619047,"波动率飙升预警-5.0分(近期波动是早期的2.5倍); 趋势不确定预警-4分(Bootstrap CI跨零: [-0.089, 0.019])","","",0,0
920101.BJ,志高机械,专用机械,1.8076000000000003,0.39032243599361793,0.672,0.6950769315384792,0.07933808951937207,0.44044084021945706,2.54,90.0,0.4006923667768765,0.6,0.23333333333333334,has_near_zero,has_near_zero,has_near_zero,false,0,true,2,false,0,true,2,0.7619521939558968,1.2236952234931704,1.755915317559153,volatile,false,false,none,-0.5,0.0,0.836,1.3359999999999999,0.4656022946216931,1.0,0.7436013108056346,true,moderate,-0.3700000000000001,1.0100000000000002,33.6842105263158,-12.714776632302408,53.15789473684212,false,专用机械,true,32.333333333333336,true,falling,false,false,0.0,0.7619521939558968,1.0,专用机械,-5.0,-2.0,3.0,0.3,0.5,0.1319934075443726,0.4367916543525288,-0.2868902368058806,false,true,0.39032243599361793,0.6950769315384792,,,,,,,0.4807121661721069,1,0.0,single_year_drop,0.37796842960232585,false,decreasing_vol,10.0,中度恶化-10分; 周期回落期-3分(景气下行趋势); 趋势不可靠-2分(Bootstrap CI过宽: 0.820),"","",0,0
920112.BJ,巴兰仕,专用机械,1.5782,0.04160429074551422,0.07399999999999998,0.775339129708026,0.04867026762963697,0.0650735374204896,1.66,47.0,0.13861350989919052,0.6,0.23333333333333334,good,good,good,false,0,true,1,false,0,false,0,0.5786248101986275,0.8586792183347632,1.6172506738544477,volatile,false,false,none,-1.01,0.0,0.5309999999999999,1.541,0.4684952824385268,1.0,0.48575858593689414,true,severe,-1.0200000000000002,1.1700000000000002,9.933774834437079,-38.059701492537314,77.48344370860927,false,专用机械,true,9.571428571428571,true,falling,false,false,0.0,0.5786248101986275,1.0,专用机械,-5.0,-2.0,3.0,0.3,0.5,0.040031594889917144,0.021145328474431384,-0.023947537083951254,false,false,0.18516610646796394,0.31287136769423707,,,,,,,0.8810333106730117,1,0.0,cliff_drop,0.472102252747517,false,stable,53.0,严重恶化-15分; 单年巨幅下滑-15.0分(年跌-38.1%); 周期回落期-3分(景气下行趋势); 贝叶斯高置信度恶化-12分(恶化概率88.1%，严重恶化确认); 峰值明显下跌-8分(从2.7跌至1.7，跌幅-38.1%),"","",0,0
920167.BJ,同享科技,小金属,0.23457699999999998,-0.056813251654884746,-0.058230000000000004,0.17406158710075503,0.4846357890426469,,1.3424,93.0,0.3903488072432095,0.39999999999999997,0.48333333333333334,poor,poor,has_loss,true,2,true,3,true,1,true,5,8.871419861262384,0.9079011086015922,24.380496384600352,high_volatility,false,false,none,1.6006,0.0,0.25406,-1.34654,0.4530404266940545,1.0,0.24297914487671848,false,none,1.4768000000000001,-0.1429,15692.94117647059,1098.8095238095239,-1681.176470588235,false,小金属,true,inf,true,rising,true,false,0.0,8.871419861262384,1.0,小金属,-5.0,-2.0,1.6,0.3,0.24,0.5477702891231104,0.6538853812191331,0.0508520139504785,false,false,0.36106217406341223,0.5524516752823998,,,,,,,0.07161803713527852,0,0.0,none,5.685421943188719,false,stable,22.0,单年巨幅下滑-15.0分(年跌-1681.2%); 周期顶部预警-5分(警惕景气回落); 趋势不可靠-2分(Bootstrap CI过宽: 0.365),high_growth,"高速成长(稳健CAGR=39.0%, MK趋势=0.40)",1,0
920799.BJ,艾融软件,软件服务,0.335527,-0.0008684502330544575,-0.003709999999999991,0.00004984996328990122,0.9910104297264611,-0.07591842856659181,0.4389,98.0,0.06641603433296953,0.19999999999999998,0.8166666666666667,has_near_zero,has_near_zero,has_near_zero,false,0,true,5,false,0,true,5,0.6131197992626698,0.20640064922378515,1.5164567490494296,high_volatility,false,false,none,-0.5105,0.0,0.12521000000000002,0.63571,0.6904839031326436,1.0,0.9507150809670106,false,none,0.058599999999999985,0.20960000000000004,157.1177504393673,15.408887720220873,122.78851786760401,false,软件服务,false,1.0,false,rising,false,false,0.0,0.6131197992626698,0.6238291727434692,软件服务,-5.0,-2.0,3.0,0.3,0.5,0.12801235423582008,0.9002901759405595,0.32829823285158044,true,false,-0.0008684502330544575,0.00004984996328990122,,,,,,,0.07161803713527852,0,0.0,none,0.6128721318998731,false,decreasing_vol,2.0,趋势不可靠-2分(Bootstrap CI过宽: 0.388),"","",0,0
