ts_code,name,industry,eps_weighted,eps_log_slope,eps_slope,eps_r_squared,eps_p_value,eps_cagr,eps_latest,eps_trend_score,eps_robust_slope,eps_mk_tau,eps_mk_p_value,eps_data_quality,eps_data_quality_original,eps_data_quality_cleaned,eps_has_loss_years,eps_loss_year_count,eps_has_near_zero_years,eps_near_zero_count,eps_has_loss_years_cleaned,eps_loss_year_count_cleaned,eps_has_near_zero_years_cleaned,eps_near_zero_count_cleaned,eps_cv,eps_std_dev,eps_range_ratio,eps_volatility_type,eps_vol_mean_near_zero,eps_has_inflection,eps_inflection_type,eps_early_slope,eps_middle_slope,eps_recent_slope,eps_slope_change,eps_inflection_confidence,eps_inflection_early_r2,eps_inflection_recent_r2,eps_has_deterioration,eps_deterioration_severity,eps_year4_to_5_change,eps_year3_to_4_change,eps_total_decline_pct,eps_year4_to_5_pct,eps_year3_to_4_pct,eps_is_high_level_stable,eps_deterioration_industry,eps_is_cyclical,eps_peak_to_trough_ratio,eps_has_middle_peak,eps_current_phase,eps_industry_cyclical,eps_has_wave_pattern,eps_trend_r_squared,eps_cyclical_cv,eps_cyclical_confidence,eps_cyclical_industry,eps_decline_threshold_pct,eps_decline_threshold_abs,eps_peak_to_trough_threshold,eps_trend_r_squared_max,eps_cv_threshold,eps_recent_3y_slope,eps_recent_3y_r_squared,eps_trend_acceleration,eps_is_accelerating,eps_is_decelerating,eps_full_5y_slope,eps_full_5y_r_squared,eps_wls_slope,eps_bootstrap_ci_median,eps_bootstrap_ci_low,eps_bootstrap_ci_high,eps_heteroscedasticity_detected,eps_fused_slope,eps_deterioration_probability,eps_consecutive_decline_years,eps_deterioration_acceleration,eps_deterioration_pattern,eps_detrended_cv,eps_has_arch_effect,eps_volatility_regime,eps_penalty,eps_penalty_details,eps_strategies,eps_strategy_reasons,eps_is_high_growth,eps_is_turnaround
000020.SZ,深华发A,元器件,0.059407,0.00346804509993419,0.00347,0.3454892440552298,0.29727128774397826,0.523108119769983,0.1297,92.0,0.011075000000000003,1.0,0.02748633611151033,has_near_zero,has_near_zero,has_near_zero,False,0,True,5,False,0,True,5,0.8428803246675994,0.044183786619075564,2.0144982830980545,volatile,False,False,none,0.005849999999999999,0.0,0.046950000000000006,0.041100000000000005,0.4753185552377113,0.8321917808219176,0.8387937715551959,False,none,0.0826,0.011300000000000004,262.2905027932961,175.37154989384288,31.56424581005588,False,元器件,False,1.0,False,rising,False,False,0.0,0.8428803246675994,0.8076375930674129,元器件,-5.0,-2.0,3.0,0.3,0.5,0.046773365331083436,0.8390431702219434,0.040926020531588204,False,False,0.02321681737502539,0.6951638421731531,,,,,,,0.07161803713527852,0,0.0,none,0.4657786456235766,True,increasing_vol,8.0,波动率飙升预警-8.0分(近期波动是早期的8.0倍),,,0,0
000021.SZ,深科技,元器件,0.50083,-0.006141466730931305,-0.0066200000000000035,0.015971825113724546,0.8395177598664368,0.0057855059470246495,0.5962,100.0,-0.027949999999999975,-0.2,0.8064959405073401,has_near_zero,has_near_zero,has_near_zero,False,0,True,5,False,0,True,5,0.17069893659385876,0.08605616189442797,0.3631927639147854,stable,False,False,none,-0.08015,0.0,0.08694999999999997,0.16709999999999997,0.5043776838052533,0.9991496215096375,0.7104272165428951,False,none,0.18309999999999993,-0.009199999999999986,41.179256452758686,44.32340837569594,-2.1785460573052298,False,元器件,False,1.0,False,rising,False,False,0.0,0.17069893659385876,0.26989248260842036,元器件,-5.0,-2.0,3.0,0.3,0.5,0.0774519001469095,0.7090145312255228,0.1490456392060392,True,False,-0.006141466730931305,0.015971825113724546,,,,,,,0.07161803713527852,0,0.0,none,0.16943155291708364,False,stable,0.0,,,,0,0
000034.SZ,神州数码,软件服务,1.226166,0.12627504365379702,0.18282,0.2683444374467526,0.3712539041464378,0.0486340895168802,1.1653,51.0,0.24701666666666675,0.4,0.4624327264504764,has_near_zero,has_near_zero,has_near_zero,False,0,True,2,False,0,True,2,0.4733895450780928,0.5544906419408717,1.2165761704743365,volatile,False,False,none,0.30074999999999996,0.0,-0.19994999999999996,-0.5006999999999999,0.2979770693667955,0.25272114767377607,0.3951772286071787,True,severe,-0.6284000000000001,0.22850000000000015,-25.549450549450547,-35.03372916318225,14.598773319703561,False,软件服务,False,4.864930838079739,True,falling,False,False,0.0,0.4733895450780928,1.0,软件服务,-5.0,-2.0,3.0,0.3,0.5,-0.1184130664139002,0.4315401659620962,-0.3058743796923848,False,False,0.12627504365379702,0.2683444374467526,,,,,,,0.9737039819684448,1,0.0,cliff_drop,0.4039740040428531,False,decreasing_vol,49.0,严重恶化-15分; 单年巨幅下滑-15.0分(年跌-35.0%); 贝叶斯高置信度恶化-12分(恶化概率97.4%，严重恶化确认); 趋势不可靠-2分(Bootstrap CI过宽: 0.699); 峰值明显下跌-8分(从1.8跌至1.2，跌幅-35.0%),,,0,0
000045.SZ,深纺织A,元器件,0.1418,0.025780912009526657,0.026000000000000002,0.9485434579551263,0.005032583487954496,0.26632043791235804,0.18,98.0,0.02000000000000001,1.0,0.02748633611151033,has_near_zero,has_near_zero,has_near_zero,False,0,True,5,False,0,True,5,0.3148510911899849,0.04219004621945797,0.8208955223880597,ultra_stable,False,False,none,0.04999999999999999,0.0,0.019999999999999997,-0.029999999999999992,0.806,1.0,1.0,False,none,0.01999999999999999,0.01999999999999999,28.57142857142855,12.499999999999993,14.285714285714276,False,元器件,False,1.0,False,rising,False,False,0.0,0.3148510911899849,0.3852142062853212,元器件,-5.0,-2.0,3.0,0.3,0.5,0.019747625213950307,0.9999991890929109,-0.015054222229281433,False,False,0.025780912009526657,0.9485434579551263,,,,,,,0.07161803713527852,0,0.0,none,0.07079726104854582,True,decreasing_vol,2.0,波动聚集提示-2分(大波动后可能跟着大波动),,,0,0
000153.SZ,丰原药业,化学制药,0.409405,0.012971060754997415,0.014010000000000012,0.0879050018710405,0.6281060458559232,0.010224308501073587,0.3461,86.93176987198036,0.019125000000000003,0.2,0.8064959405073401,has_near_zero,has_near_zero,has_near_zero,False,0,True,5,False,0,True,5,0.186091058993684,0.07488304213905844,0.38419483101391655,stable,False,False,none,0.07730000000000001,0.0,-0.07039999999999999,-0.1477,0.49926364462322126,0.9084614324259126,0.7887750138063001,True,moderate,-0.1335,-0.007299999999999973,-28.917642226329836,-27.83569641367806,-1.4992811665639707,False,化学制药,False,1.0,True,falling,False,False,0.0,0.186091058993684,0.2822061805282805,化学制药,-5.0,-2.0,3.0,0.3,0.5,-0.06496298236001494,0.7878393604351468,-0.13646025603926798,False,True,0.012971060754997415,0.0879050018710405,,,,,,,0.9932937344318835,1,17.56602819701356,single_year_drop,0.17776242460380118,False,stable,13.068230128019634,中度恶化-10分; 加速下滑-0.1分(加速度-0.14); 贝叶斯恶化预警-8分(恶化概率99.3%),,,0,0
000155.SZ,川能动力,新型电力,0.38530000000000003,0.08663335667485167,0.091,0.670628697361904,0.08994551483222013,0.36778239986738037,0.42,83.0,0.0925,0.6,0.22067136191984693,has_near_zero,has_near_zero,has_near_zero,False,0,True,5,False,0,True,5,0.49355257572189465,0.17669182210843828,1.1731843575418996,moderate,False,False,none,0.18,0.0,-0.03,-0.21,0.5122007835455435,0.952007835455436,0.24999999999999978,True,moderate,-0.12000000000000005,0.06000000000000005,-12.5,-22.22222222222223,12.50000000000001,False,新型电力,False,1.0,True,falling,False,False,0.0,0.49355257572189465,0.5281753939108491,新型电力,-5.0,-2.0,3.0,0.3,0.5,-0.027355956188811398,0.25586668370701504,-0.19912509109313803,False,False,0.08663335667485167,0.670628697361904,,,,,,,0.9025069637883009,1,0.0,single_year_drop,0.2864660987874518,False,decreasing_vol,17.0,"中度恶化-10分; 贝叶斯恶化预警-8分(恶化概率90.3%); 趋势不确定预警-4分(Bootstrap CI跨零: [-0.027, 0.180])",,,0,0
000400.SZ,许继电气,电气设备,0.909165,0.07929182536642933,0.10620999999999998,0.863231316921184,0.022418557275216643,0.11608125445780182,1.1018,92.0,0.10131249999999994,1.0,0.02748633611151033,has_near_zero,has_near_zero,has_near_zero,False,0,True,4,False,0,True,4,0.21154105532110323,0.18109183581818364,0.4575613858841669,ultra_stable,False,False,none,0.02140000000000003,0.0,0.17444999999999994,0.1530499999999999,0.5144469196275098,0.8889607826643989,0.9494084136106986,False,none,0.1046999999999999,0.24419999999999997,46.340815513348375,10.500451308795498,32.43458626643644,False,电气设备,False,1.0,False,rising,False,False,0.0,0.21154105532110323,0.3025661775902159,电气设备,-5.0,-2.0,3.0,0.3,0.5,0.12804581631596118,0.940446437711997,0.11077362189322448,True,False,0.07929182536642933,0.863231316921184,,,,,,,0.07161803713527852,0,0.0,none,0.07916561379350028,False,increasing_vol,8.0,波动率飙升预警-8.0分(近期波动是早期的8.2倍),,,0,0
000403.SZ,派林生物,生物制药,0.766121,0.12817754720001417,0.15647000000000003,0.9544308855380775,0.00418638320160935,0.28023558241729285,1.02,100.0,0.15765416666666668,1.0,0.02748633611151033,has_near_zero,has_near_zero,has_near_zero,False,0,True,4,False,0,True,4,0.35055906307643736,0.2521150669833122,0.8903195305764902,ultra_stable,False,False,none,0.2119,0.0,0.10825000000000001,-0.10364999999999999,0.4668049746419414,0.9897771516190176,0.8672677732326683,False,none,0.18159999999999998,0.03490000000000004,26.9446172993155,21.660305343511446,4.343497199751094,False,生物制药,False,1.0,False,rising,False,False,0.0,0.35055906307643736,0.41378058379448324,生物制药,-5.0,-2.0,3.0,0.3,0.5,0.08002314250471965,0.8722310744947043,-0.10211536847350747,False,True,0.12817754720001417,0.9544308855380775,,,,,,,0.07161803713527852,0,0.0,none,0.06747524355932256,False,decreasing_vol,0.0,,,,0,0
000409.SZ,云鼎科技,软件服务,0.09312400000000001,0.004877065113708876,0.004880000000000002,0.023116183105893563,0.8071649955708133,-0.008587494312687016,0.1396,100.0,0.02085,0.2,0.8064959405073401,has_near_zero,has_near_zero,has_near_zero,False,0,True,5,False,0,True,5,0.5558484902004776,0.05094907261177577,1.2011782675103644,volatile,False,False,none,-0.11009999999999999,0.0,0.036180000000000004,0.14628,0.5463164904416774,1.0,0.9494878248696169,False,none,0.0466,0.0462,198.29059829059827,50.10752688172043,98.71794871794872,False,软件服务,False,1.0,False,rising,False,False,0.0,0.5558484902004776,0.5780121254937154,软件服务,-5.0,-2.0,3.0,0.3,0.5,0.04618378669713567,0.9999984290774294,0.09479322075570418,True,False,0.004877065113708876,0.023116183105893563,,,,,,,0.07161803713527852,0,0.0,none,0.5494372005307333,False,stable,0.0,,,,0,0
000503.SZ,国新健康,软件服务,-0.112494,0.0618745460478316,0.06261999999999998,0.9518282976273512,0.004553789372079417,,-0.0106,100.0,0.06317916666666666,1.0,0.02748633611151033,poor,poor,poor,True,5,True,5,True,5,True,5,0.773359100593425,0.10152658272590484,1.9751675807434488,stable,False,False,none,0.08839999999999998,0.0,0.04125,-0.04714999999999998,0.44649227781628176,0.9920575912441808,0.7997630331753556,False,none,0.077,0.005500000000000005,88.61439312567131,87.89954337899543,5.907626208378093,False,软件服务,False,1.0,False,rising,False,False,0.0,0.773359100593425,0.7520206138080734,软件服务,-5.0,-2.0,3.0,0.3,0.5,0.041183113982195166,0.7996427775165673,-0.04569693267544102,False,False,0.0618745460478316,0.9518282976273512,,,,,,,0.07161803713527852,0,0.0,none,0.17109053772716276,False,decreasing_vol,0.0,,,,0,0
000507.SZ,珠海港,新型电力,0.309819,-0.008228370956025364,-0.008510000000000004,0.1425531293448017,0.5309521422119654,-0.02613031494984841,0.2542,90.0,-0.026858333333333335,-0.4,0.4624327264504764,has_near_zero,has_near_zero,has_near_zero,False,0,True,5,False,0,True,5,0.3103998517489923,0.0989678887316487,0.7649604817463305,moderate,False,False,none,0.20139999999999997,0.0,-0.07826,-0.27965999999999996,0.5375134252109257,1.0,0.8158142521092578,False,none,0.014099999999999974,-0.09319999999999998,-23.732373237323735,5.872553102873791,-27.962796279627955,False,新型电力,False,2.015826738858809,True,rising,False,False,0.0,0.3103998517489923,0.5170967799137017,新型电力,-5.0,-2.0,3.0,0.3,0.5,-0.03793974492402799,0.6183357661265482,-0.06216523323462517,False,False,-0.028386143510969065,0.23381980998058188,,,,,,,0.435483870967742,0,0.0,none,0.2722348848244954,True,decreasing_vol,10.0,波动聚集提示-2分(大波动后可能跟着大波动); 峰值明显下跌-8分(从0.5跌至0.3，跌幅-47.5%),,,0,0
000513.SZ,丽珠集团,化学制药,2.073,0.045182668065834666,0.10200000000000005,0.9862971892828248,0.0006835938985427076,0.051838909515634635,2.24,100.0,0.10125000000000006,1.0,0.02748633611151033,good,good,good,False,0,False,0,False,0,False,0,0.08038689524541592,0.16254230218623097,0.20276953511374884,ultra_stable,False,False,none,0.06999999999999984,0.0,0.1080000000000001,0.038000000000000256,0.3152084465542555,1.0,0.9785234899328858,False,none,0.14000000000000012,0.06000000000000005,9.803921568627459,6.666666666666672,2.9411764705882377,False,化学制药,False,1.0,False,rising,False,False,0.0,0.08038689524541592,0.19764284952966607,化学制药,-5.0,-2.0,3.0,0.3,0.5,0.04235339191714471,0.9532106412942429,-0.005878768447838079,False,False,0.045182668065834666,0.9862971892828248,,,,,,,0.13366336633663367,0,0.0,none,0.010014073556536386,False,stable,0.0,,,,0,0
000533.SZ,顺钠股份,电气设备,0.08024200000000001,0.01350624023095342,0.013540000000000002,0.11481477463188051,0.5769754164357049,,0.1361,98.0,0.044074999999999996,0.4,0.4624327264504764,has_loss,has_loss,has_loss,True,1,True,5,True,1,True,5,0.8294813393491124,0.06318988843161538,2.0228406405880808,high_volatility,False,False,none,-0.14200000000000002,0.0,0.05099,0.19299000000000002,0.7033320632871725,1.0,0.9913442024889408,False,none,0.042899999999999994,0.0476,198.46491228070172,46.030042918454924,104.38596491228071,False,电气设备,False,1.0,False,rising,False,False,0.0,0.8294813393491124,0.7969184048126232,电气设备,-5.0,-2.0,3.0,0.3,0.5,0.04504954218675904,0.9990296062697894,0.08409964043872468,True,False,0.01350624023095342,0.11481477463188051,,,,,,,0.07161803713527852,0,0.0,none,0.7804250404539561,True,decreasing_vol,2.0,波动聚集提示-2分(大波动后可能跟着大波动),,,0,0
000534.SZ,万泽股份,生物制药,0.279676,0.061544971703991515,0.06392,0.8933041998580626,0.015293963131456001,0.26000488161798363,0.3932,92.0,0.06308333333333334,1.0,0.02748633611151033,has_near_zero,has_near_zero,has_near_zero,False,0,True,5,False,0,True,5,0.4107727762965952,0.10700630822526305,0.9105566218809981,stable,False,False,none,0.023650000000000004,0.0,0.09494999999999999,0.07129999999999999,0.44650935838818184,0.9091373322424923,0.8854576475606827,False,none,0.0358,0.1541,93.40875553369403,10.016787912702855,75.79931136251844,False,生物制药,False,1.0,False,rising,False,False,0.0,0.4107727762965952,0.46195155437060953,生物制药,-5.0,-2.0,3.0,0.3,0.5,0.09089465301099513,0.8827444567034486,0.06761920284458604,True,False,0.061544971703991515,0.8933041998580626,,,,,,,0.07161803713527852,0,0.0,none,0.13495528981865032,False,increasing_vol,8.0,波动率飙升预警-8.0分(近期波动是早期的4.0倍),,,0,0
000537.SZ,中绿电,新型电力,0.3532,0.001792422406644234,0.0020000000000000018,0.0020203153130145335,0.9427898097305912,,0.5,83.0,0.045,0.2,0.8064959405073401,has_loss,has_loss,has_near_zero,True,1,True,4,False,0,True,5,1.9321655288750021,0.6917152593372508,5.363128491620111,high_volatility,False,False,none,-1.92,0.0,0.384,2.304,0.6703108907114248,1.0,0.7031089071142475,False,none,0.010000000000000009,0.14999999999999997,47.058823529411754,2.040816326530614,44.117647058823515,False,新型电力,False,1.0,False,rising,False,False,0.0,1.9321655288750021,1.0,新型电力,-5.0,-2.0,3.0,0.3,0.5,0.07372173670686064,0.7954089056541417,0.4116153180138785,False,False,0.009263266655658908,0.0005649295042674233,,,,,,,0.07161803713527852,0,0.0,none,1.9308728671316793,True,decreasing_vol,17.0,波动聚集提示-2分(大波动后可能跟着大波动); 峰值大幅下跌-15分(从1.2跌至0.5，跌幅-58.0%),,,0,0
000550.SZ,江铃汽车,汽车整车,1.2716,0.21536945250534018,0.33199999999999996,0.9207417877351821,0.009705372455138793,0.2913976955282953,1.78,115.0,0.3583333333333333,1.0,0.02748633611151033,has_near_zero,has_near_zero,has_near_zero,False,0,True,2,False,0,True,2,0.46863902410699537,0.5492449362533987,0.9726962457337883,stable,False,False,none,0.030000000000000027,0.0,0.398,0.368,0.47500278920423733,1.0,0.9286200023449409,False,none,0.07000000000000006,0.6499999999999999,67.9245283018868,4.093567251461992,61.32075471698112,False,汽车整车,False,1.0,False,rising,False,False,0.0,0.46863902410699537,0.5082445526189296,汽车整车,-5.0,-2.0,3.0,0.3,0.5,0.2087581777544344,0.8120543686244651,0.048583497095782524,False,False,0.21536945250534018,0.9207417877351821,,,,,,,0.07161803713527852,0,0.0,none,0.13787192019893124,False,increasing_vol,0.0,,high_growth,"高速成长(稳健CAGR=35.8%, MK趋势=1.00)",1,0
000551.SZ,创元科技,专用机械,0.41932600000000003,0.019875884934796396,0.020880000000000003,0.3100185740085185,0.32962603069055024,0.21158289029051502,0.6249,100.0,0.0717875,0.6,0.22067136191984693,has_near_zero,has_near_zero,has_near_zero,False,0,True,5,False,0,True,5,0.3569236012235986,0.14127036136430035,0.8966649823143,stable,False,False,none,-0.019999999999999962,0.0,0.10394,0.12393999999999997,0.3844644971202535,1.0,0.8204724653429271,False,none,0.2405,-0.02529999999999999,52.52623871125214,62.565036420395415,-6.175250183060774,False,专用机械,False,1.2521393643031784,True,rising,False,False,0.0,0.3569236012235986,0.4524907962193027,专用机械,-5.0,-2.0,3.0,0.3,0.5,0.09551623658690803,0.6589121089371328,0.03904388843807702,False,False,0.07166440994361015,0.7772620849818813,,,,,,,0.07161803713527852,0,0.0,none,0.17104195226867047,False,increasing_vol,0.0,,,,0,0
000591.SZ,太阳能,新型电力,0.369975,-0.004404560008513131,-0.004610000000000003,0.030306467184033722,0.7794696187753651,-0.021609057038223467,0.3132,86.96133556571272,-0.00027499999999999747,0.0,1.0,has_near_zero,has_near_zero,has_near_zero,False,0,True,5,False,0,True,5,0.11432108234144424,0.04255945253407285,0.25975072526055665,ultra_stable,False,False,none,0.03405,0.0,-0.048350000000000004,-0.0824,0.48864426292567786,0.9245314489398291,0.7971111803169499,True,moderate,-0.09060000000000001,-0.006099999999999994,-23.591119785313495,-22.436849925705797,-1.4881678458160514,False,新型电力,False,1.0,True,falling,False,False,0.0,0.11432108234144424,0.22479019920648874,新型电力,-5.0,-2.0,3.0,0.3,0.5,-0.04545916874034028,0.7964187373672263,-0.07732886857456467,False,True,-0.004404560008513131,0.030306467184033722,,,,,,,0.9932937344318835,1,14.076827515650516,single_year_drop,0.11263193909915532,False,stable,13.038664434287282,中度恶化-10分; 加速下滑-0.0分(加速度-0.08); 贝叶斯恶化预警-8分(恶化概率99.3%),,,0,0
000597.SZ,东北制药,化学制药,0.1962,0.07296872649951605,0.074,0.8719359318547387,0.020253683183935643,1.3205957871060834,0.29,100.0,0.07166666666666666,0.9,0.04326272780691066,has_near_zero,has_near_zero,has_near_zero,False,0,True,5,False,0,True,5,0.7196540617240702,0.12521980673998823,1.6091954022988502,moderate,False,False,none,0.12000000000000001,0.0,0.01999999999999999,-0.10000000000000002,0.48730769230769233,0.9230769230769231,0.7500000000000001,False,none,0.03999999999999998,0.0,15.999999999999993,15.999999999999993,0.0,False,化学制药,False,1.0,False,rising,False,False,0.0,0.7196540617240702,0.7090565827125895,化学制药,-5.0,-2.0,3.0,0.3,0.5,0.01930762651360944,0.7499999999999999,-0.09942568758960584,False,True,0.07296872649951605,0.8719359318547387,,,,,,,0.07161803713527852,0,0.0,none,0.256375954289603,False,decreasing_vol,0.0,,,,0,0
000625.SZ,长安汽车,汽车整车,0.7912,0.009784600861771997,0.011999999999999988,0.21948406394486653,0.42610041473820676,0.021364365789218187,0.74,48.0,0.07400000000000001,0.4,0.4624327264504764,has_near_zero,has_near_zero,has_near_zero,False,0,True,4,False,0,True,5,0.32195047557086515,0.2470004048579678,0.8863399374348278,moderate,False,False,none,0.057999999999999996,0.0,-0.028000000000000025,-0.08600000000000002,0.12795155426363577,0.12319937496948087,0.015862310825757404,True,severe,-0.4099999999999999,0.35399999999999987,-7.0351758793969905,-35.65217391304347,44.47236180904521,False,汽车整车,False,2.4468085106382977,True,falling,False,False,0.0,0.32195047557086515,0.5838015152084652,汽车整车,-5.0,-2.0,3.0,0.3,0.5,-0.02220687927541448,0.019020007841465184,-0.06887526070525896,False,False,0.06271928035141205,0.2695135344264269,,,,,,,0.9487554904831625,1,0.0,cliff_drop,0.27652987207469953,True,stable,52.0,严重恶化-15分; 单年巨幅下滑-15.0分(年跌-35.7%); 贝叶斯高置信度恶化-12分(恶化概率94.9%，严重恶化确认); 波动聚集提示-2分(大波动后可能跟着大波动); 峰值明显下跌-8分(从1.1跌至0.7，跌幅-35.7%),,,0,0
000633.SZ,合金投资,小金属,0.019180000000000003,0.0019994591983935684,0.0020000000000000005,0.14180338637991174,0.532124539670922,0.06559872345172746,0.0303,95.30592079249014,0.0024500000000000004,0.2,0.8064959405073401,has_near_zero,has_near_zero,has_near_zero,False,0,True,5,False,0,True,5,0.45194522987453506,0.008397142371068863,1.1625403659849298,volatile,False,False,none,-0.0148,0.0,0.006459999999999999,0.02126,0.4871218518606775,1.0,0.8286985186067753,False,none,0.0152,-0.0001999999999999988,98.03921568627452,100.66225165562915,-1.3071895424836522,False,小金属,True,1.2857142857142856,True,rising,True,False,0.0,0.45194522987453506,1.0,小金属,-5.0,-2.0,1.6,0.3,0.24,0.007497981213273806,0.7400002177707106,0.011597198425679791,False,False,0.0019994591983935684,0.14180338637991174,,,,,,,0.07161803713527852,0,0.0,none,0.41867308633051403,False,stable,4.694079207509855,周期顶部预警-5分(警惕景气回落),,,0,0
000657.SZ,中钨高新,小金属,0.4113,0.029603082877683033,0.031,0.1981263249292311,0.45257750734401586,0.18269066638765308,0.45,99.0,0.030000000000000002,0.2,0.8064959405073401,has_near_zero,has_near_zero,has_near_zero,False,0,True,5,False,0,True,5,0.2788955506104271,0.1121160113453917,0.6716417910447762,moderate,False,False,none,0.24999999999999997,0.0,-0.023999999999999994,-0.27399999999999997,0.47645413533834585,1.0,0.21654135338345845,False,none,0.10000000000000003,-0.15000000000000002,-9.999999999999998,28.57142857142858,-30.000000000000004,False,小金属,True,1.4285714285714286,True,rising,True,False,0.0,0.2788955506104271,0.9863625297922829,小金属,-5.0,-2.0,1.6,0.3,0.24,-0.02258107810393145,0.10301808817177058,-0.14917750468244217,False,False,0.029603082877683033,0.1981263249292311,,,,,,,0.2783505154639176,0,0.0,none,0.2508309005876009,False,stable,1.0,单年巨幅下滑-15.0分(年跌-30.0%),,,0,0
000661.SZ,长春高新,生物制药,8.9315,-0.01276543193458699,-0.028999999999999915,0.007890412240471378,0.8870495972491135,-0.03908491118455415,6.42,44.66773230763576,0.9425000000000012,0.2,0.8064959405073401,good,good,good,False,0,False,0,False,0,False,0,0.21954042653536845,1.9640086557854066,0.5354348312094791,moderate,False,False,none,1.3799999999999994,0.0,-1.9349999999999996,-3.314999999999999,0.6556089448319151,0.9765986906206731,0.5794907576984784,True,severe,-4.790000000000001,0.9200000000000017,-37.60932944606414,-42.72970561998216,8.940719144800795,False,生物制药,False,1.0,True,falling,False,False,0.0,0.21954042653536845,0.3089656745616281,生物制药,-5.0,-2.0,3.0,0.3,0.5,-0.23404804662764622,0.6171159282705834,-0.3891730658878769,False,True,-0.01276543193458699,0.007890412240471378,,,,,,,0.9866768176627332,1,0.0,cliff_drop,0.2194805863528644,False,increasing_vol,70.33226769236424,复合恶化-14.0分(触发2项恶化信号); 严重恶化-15分; 单年巨幅下滑-15.0分(年跌-42.7%); 加速下滑-0.2分(加速度-0.39); 贝叶斯高置信度恶化-12分(恶化概率98.7%，严重恶化确认); 波动率飙升预警-4.1分(近期波动是早期的2.1倍); 趋势不可靠-2分(Bootstrap CI过宽: 0.397); 峰值明显下跌-8分(从11.2跌至6.4，跌幅-42.7%),high_growth,"高速成长(稳健CAGR=94.3%, MK趋势=0.20)",1,0
000682.SZ,东方电子,电气设备,0.36402500000000004,0.070526915510049,0.07495,0.9855681907565444,0.0007390279821027286,0.2521584990049295,0.5101,97.0,0.0739,1.0,0.02748633611151033,has_near_zero,has_near_zero,has_near_zero,False,0,True,5,False,0,True,5,0.350132122740031,0.1195841252006302,0.8859870000585582,ultra_stable,False,False,none,0.05975000000000001,0.0,0.09154999999999999,0.03179999999999998,0.5049185220215593,0.9942792808265276,0.9913059393890651,False,none,0.1064,0.07669999999999999,55.993883792048926,26.35620510279911,23.455657492354735,False,电气设备,False,1.0,False,rising,False,False,0.0,0.350132122740031,0.4134390315253582,电气设备,-5.0,-2.0,3.0,0.3,0.5,0.08439555148677469,0.9928975835520758,0.026697033060014905,False,False,0.070526915510049,0.9855681907565444,,,,,,,0.07161803713527852,0,0.0,none,0.04690211897840186,True,increasing_vol,3.0,波动聚集风险-6分(ARCH效应+波动上升),,,0,0
000739.SZ,普洛药业,化学制药,0.850965,0.010267584664977592,0.013560000000000006,0.34867791868861875,0.2944870678439078,0.06346726974124417,0.8864,100.0,0.0471,0.8,0.0864107329737,has_near_zero,has_near_zero,has_near_zero,False,0,True,5,False,0,True,5,0.1005966990141258,0.0831974939526426,0.25331301992648486,ultra_stable,False,False,none,0.11780000000000002,0.0,0.028679999999999994,-0.08912000000000002,0.5464776339452542,1.0,0.7865363394525415,False,none,-0.016100000000000003,0.05999999999999994,5.210682492581594,-1.7839335180055407,7.121661721068243,False,化学制药,False,1.0,True,falling,False,False,0.0,0.1005966990141258,0.21381069254463397,化学制药,-5.0,-2.0,3.0,0.3,0.5,0.016605795611689123,0.5027221703181557,-0.042689100366901045,False,False,0.03732473408658978,0.8207953998459022,,,,,,,0.27835051546391754,0,0.0,none,0.04184654545475181,False,decreasing_vol,0.0,,,,0,0
000756.SZ,新华制药,化学制药,0.652,0.04417570209279994,0.05199999999999998,0.8333317884898543,0.030466731488083567,0.0732760463564146,0.69,98.0,0.04666666666666665,0.8,0.0864107329737,has_near_zero,has_near_zero,has_near_zero,False,0,True,5,False,0,True,5,0.1444781987807669,0.09044335243676009,0.3514376996805111,ultra_stable,False,False,none,0.04999999999999999,0.0,0.034999999999999976,-0.015000000000000013,0.2055289148378118,0.9868421052631581,0.33715596330275194,True,moderate,-0.050000000000000044,0.12,11.290322580645155,-6.756756756756762,19.35483870967742,False,化学制药,False,1.0,True,falling,False,False,0.0,0.1444781987807669,0.24891589235794687,化学制药,-5.0,-2.0,3.0,0.3,0.5,0.029278036292883114,0.34450035893633285,-0.014157207608499423,False,False,0.04417570209279994,0.8333317884898543,,,,,,,0.4807121661721069,1,0.0,single_year_drop,0.060196305691427365,False,increasing_vol,2.0,中度恶化-10分,,,0,0
000766.SZ,通化金马,化学制药,-0.011900000000000004,0.003994831280808824,0.004,0.3198415256288996,0.32040246473797984,,0.06,100.0,0.0175,0.8,0.0864107329737,has_loss,has_loss,has_near_zero,True,1,True,5,False,0,True,5,4.892897220798367,0.185930094390338,11.315789473684207,high_volatility,False,True,worsening,0.41000000000000003,0.0,0.007999999999999998,-0.402,0.8139594491714124,1.0,0.6399999999999997,False,none,0.009999999999999995,0.020000000000000004,100.0,19.99999999999999,66.66666666666669,False,化学制药,False,1.3333333333333335,True,rising,False,False,0.0,4.892897220798367,1.0,化学制药,-5.0,-2.0,3.0,0.3,0.5,0.014984278186904842,0.9642215561918356,-0.18103303334434284,False,True,0.08539962079359317,0.548221430825449,,,,,,,0.07161803713527852,0,0.0,none,3.291841253244921,False,decreasing_vol,0.0,,,,0,0
000788.SZ,北大医药,化学制药,0.11758800000000001,0.0017357484687252497,0.0017399999999999985,0.06758041985253646,0.672772522800628,0.37008151354627805,0.2315,92.0,0.017799999999999996,0.8,0.0864107329737,has_near_zero,has_near_zero,has_near_zero,False,0,True,5,False,0,True,5,0.6512723368391284,0.07006387799715344,1.5411786577430748,volatile,False,False,none,0.014100000000000001,0.0,0.0688,0.0547,0.35942748932900936,0.9159077995669471,0.6455509585079198,False,none,0.15710000000000002,-0.019500000000000003,146.53887113951012,211.15591397849465,-20.7667731629393,False,化学制药,False,1.2620967741935485,True,rising,False,False,0.0,0.6512723368391284,0.689297439363776,化学制药,-5.0,-2.0,3.0,0.3,0.5,0.06785900471517407,0.6445124731009628,0.05380414006284463,True,False,0.03296501112567464,0.5673149446484334,,,,,,,0.07161803713527852,0,0.0,none,0.4286708222593393,False,increasing_vol,8.0,波动率飙升预警-8.0分(近期波动是早期的6.3倍),,,0,0
000821.SZ,京山轻机,电气设备,0.45980000000000004,0.1348785327167476,0.146,0.9621309803878302,0.0031638980973214053,0.6207359770526288,0.69,100.0,0.14708333333333334,1.0,0.02748633611151033,has_near_zero,has_near_zero,has_near_zero,False,0,True,5,False,0,True,5,0.5639056237658859,0.23458473948660855,1.4182692307692306,ultra_stable,False,False,none,0.195,0.0,0.09999999999999998,-0.09500000000000003,0.5102452465141104,0.9893755420641805,0.9230769230769231,False,none,0.1499999999999999,0.050000000000000044,40.81632653061224,27.777777777777757,10.204081632653072,False,电气设备,False,1.0,False,rising,False,False,0.0,0.5639056237658859,0.5844578323460421,电气设备,-5.0,-2.0,3.0,0.3,0.5,0.08610264590927597,0.9276385257199563,-0.10010517115431139,False,True,0.1348785327167476,0.9621309803878302,,,,,,,0.07161803713527852,0,0.0,none,0.10027237314718368,False,decreasing_vol,0.0,,,,0,0
000823.SZ,超声电子,元器件,0.543429,-0.061018787297269984,-0.06857,0.37955512984135437,0.2685027672500978,-0.08661874660301716,0.4018,72.37347813560825,-0.05732083333333335,-0.2,0.8064959405073401,has_near_zero,has_near_zero,has_near_zero,False,0,True,5,False,0,True,5,0.31906280851247193,0.17995142400103423,0.729078014184397,moderate,False,False,none,0.09944999999999998,0.0,-0.1872,-0.28664999999999996,0.5184477228503795,0.982558139534884,0.6769248520612524,False,none,0.0368,-0.4112,-48.23499098170575,10.082191780821919,-52.97603710383921,False,元器件,False,2.1265753424657534,True,rising,False,False,0.0,0.31906280851247193,0.5387936258054113,元器件,-5.0,-2.0,3.0,0.3,0.5,-0.16113473260265596,0.6708488146298193,-0.24349118981920362,False,True,-0.061018787297269984,0.37955512984135437,,,,,,,0.6067415730337079,0,0.0,none,0.25465278703228966,False,increasing_vol,27.626521864391755,单年巨幅下滑-15.0分(年跌-53.0%); 加速下滑-0.1分(加速度-0.24); 波动率飙升预警-4.5分(近期波动是早期的2.3倍); 峰值明显下跌-8分(从0.8跌至0.4，跌幅-48.2%),,,0,0
000856.SZ,冀东装备,专用机械,0.086643,0.01955285952706145,0.01961,0.5156753907691358,0.17186568198162563,0.48692825886844404,0.0963,91.0,0.019775,0.6,0.22067136191984693,has_near_zero,has_near_zero,has_near_zero,False,0,True,5,False,0,True,5,0.5348835931558621,0.043197198983267425,1.4289252105002477,volatile,False,False,none,0.07250000000000001,0.0,0.008689999999999998,-0.06381,0.29100433143484233,1.0,0.13467762286712998,True,moderate,-0.0388,0.0746,59.17355371900827,-28.719467061435978,123.30578512396696,False,专用机械,False,1.878512396694215,True,falling,False,False,0.0,0.5348835931558621,0.6783751940839184,专用机械,-5.0,-2.0,3.0,0.3,0.5,0.017844310937465944,0.23104480727053217,-0.002537902634654629,False,False,0.01955285952706145,0.5156753907691358,,,,,,,0.6492985971943889,1,0.0,single_year_drop,0.37242278395257217,False,stable,9.0,"中度恶化-10分; 趋势不确定预警-4分(Bootstrap CI跨零: [-0.017, 0.038])",,,0,0
000880.SZ,潍柴重机,专用机械,0.47850000000000004,0.03702853323695737,0.04100000000000001,0.8742396732334259,0.019694523816914403,0.08775730593727715,0.56,92.0,0.04250000000000001,1.0,0.02748633611151033,has_near_zero,has_near_zero,has_near_zero,False,0,True,5,False,0,True,5,0.15158563281842607,0.06942621983083914,0.3493449781659389,ultra_stable,False,False,none,0.009999999999999981,0.0,0.07000000000000003,0.06000000000000005,0.564892295279252,1.0,0.9932432432432433,False,none,0.06000000000000005,0.08000000000000002,33.33333333333336,12.00000000000001,19.04761904761905,False,专用机械,False,1.0,False,rising,False,False,0.0,0.15158563281842607,0.2546018395880742,专用机械,-5.0,-2.0,3.0,0.3,0.5,0.06284193306192726,0.991910322444516,0.05358948903238098,True,False,0.03702853323695737,0.8742396732334259,,,,,,,0.07161803713527852,0,0.0,none,0.05425665344886109,False,increasing_vol,8.0,波动率飙升预警-8.0分(近期波动是早期的7.0倍),,,0,0
000915.SZ,华特达因,化学制药,2.0460000000000003,0.1364354657255546,0.28,0.7484763394679239,0.058230048728315206,0.1541180915163438,2.2,101.0,0.31500000000000006,0.6,0.22067136191984693,good,good,good,False,0,False,0,False,0,False,0,0.26327534277283815,0.5165462225203085,0.6422018348623852,stable,False,False,none,0.505,0.0,-0.02499999999999991,-0.5299999999999999,0.5564179458467794,0.9799859100806968,0.024193548387096617,True,moderate,-0.2999999999999998,0.25,-2.2222222222222143,-11.999999999999993,11.11111111111111,False,化学制药,False,1.0,True,falling,False,False,0.0,0.26327534277283815,0.34395360755160387,化学制药,-5.0,-2.0,3.0,0.3,0.5,-0.010248730889329094,0.026629483960180222,-0.2646623133194652,False,False,0.1364354657255546,0.7484763394679239,,,,,,,0.8223350253807107,1,0.0,single_year_drop,0.13563724442439298,False,decreasing_vol,14.0,"中度恶化-10分; 贝叶斯中度恶化预警-5分(恶化概率82.2%); 趋势不确定预警-4分(Bootstrap CI跨零: [-0.010, 0.259])",high_growth,"高速成长(稳健CAGR=31.5%, MK趋势=0.60)",1,0
000922.SZ,佳电股份,电气设备,0.5393680000000001,-0.016165111689168815,-0.01904,0.039487057522783454,0.748665212934269,-0.10874773030297413,0.43,50.0,-0.025566666666666682,-0.2,0.8064959405073401,has_near_zero,has_near_zero,has_near_zero,False,0,True,5,False,0,True,5,0.2666259774072141,0.14533248776512428,0.5951419975049534,moderate,False,False,none,-0.3244,0.0,0.030130000000000007,0.35453,0.32781676720396513,1.0,0.07414005406373733,True,severe,-0.23969999999999997,0.0826,-26.758644183273717,-35.79214573689711,14.069153466189748,False,电气设备,False,1.8753850462055448,True,falling,False,False,0.0,0.2666259774072141,0.46335212141984394,电气设备,-5.0,-2.0,3.0,0.3,0.5,-0.06999415584571939,0.4287769731928821,-0.030137597933732663,False,False,-0.016165111689168815,0.039487057522783454,,,,,,,0.9737039819684448,1,0.0,cliff_drop,0.26084293289045396,False,decreasing_vol,50.0,严重恶化-15分; 单年巨幅下滑-15.0分(年跌-35.8%); 贝叶斯高置信度恶化-12分(恶化概率97.4%，严重恶化确认); 峰值明显下跌-8分(从0.7跌至0.4，跌幅-36.9%),,,0,0
000931.SZ,中关村,化学制药,0.0010469999999999993,0.029017617418023455,0.029090000000000005,0.23349364328685993,0.4096159181338632,,0.0712,100.0,0.037191666666666665,0.6,0.22067136191984693,poor,poor,poor,True,2,True,5,True,2,True,5,12.394661813294013,0.09519100272609803,28.97135416666666,high_volatility,False,False,none,-0.1851,0.0,0.07891999999999999,0.26402,0.5441435652152234,1.0,0.9133956521522341,False,none,0.006400000000000003,0.1217,225.1318101933216,9.876543209876548,213.884007029877,False,化学制药,False,1.0,False,rising,False,False,0.0,12.394661813294013,1.0,化学制药,-5.0,-2.0,3.0,0.3,0.5,0.06400466038904307,0.7873130990164148,0.10933611482534963,False,False,0.029017617418023455,0.23349364328685993,,,,,,,0.07161803713527852,0,0.0,none,10.851719634728942,False,decreasing_vol,0.0,,,,0,0
000938.SZ,紫光股份,IT设备,0.6783399999999999,-0.020474870449472493,-0.024040000000000016,0.19759508796299569,0.4532584548611643,-0.045366464924988414,0.5498,82.49933831882964,-0.013500000000000012,-0.2,0.8064959405073401,has_near_zero,has_near_zero,has_near_zero,False,0,True,5,False,0,True,5,0.1260324276921268,0.08700774678153665,0.29578770496552537,ultra_stable,False,False,none,0.045999999999999985,0.0,-0.10210000000000002,-0.1481,0.48897543468303667,0.7744296693912407,0.819124677439126,True,moderate,-0.18520000000000003,-0.019000000000000017,-27.082228116710883,-25.19727891156463,-2.5198938992042463,False,IT设备,False,1.0,True,falling,False,False,0.0,0.1260324276921268,0.23415927548703477,IT设备,-5.0,-2.0,3.0,0.3,0.5,-0.08551945580455778,0.8162501154929702,-0.12306249277549525,False,True,-0.020474870449472493,0.19759508796299569,,,,,,,0.9932937344318835,1,8.999341210168271,single_year_drop,0.11336962544736032,False,increasing_vol,17.50066168117036,中度恶化-10分; 加速下滑-0.1分(加速度-0.12); 贝叶斯恶化预警-8分(恶化概率99.3%); 波动率飙升预警-4.4分(近期波动是早期的2.2倍),,,0,0
000948.SZ,南天信息,软件服务,0.320265,0.02397353769951811,0.02508999999999999,0.311727462791346,0.3280062637161606,0.03301120131622515,0.2955,87.0,0.03348333333333332,0.4,0.4624327264504764,has_near_zero,has_near_zero,has_near_zero,False,0,True,5,False,0,True,5,0.231696215928532,0.07129755956552788,0.5813726764591185,stable,False,False,none,0.044499999999999984,0.0,-0.026499999999999996,-0.07099999999999998,0.2792023219874141,0.5076887184272865,0.2257615131138318,True,moderate,-0.11149999999999999,0.058499999999999996,-15.208034433285508,-27.39557739557739,16.786226685796272,False,软件服务,False,1.7843051293292416,True,falling,False,False,0.0,0.231696215928532,0.4232643233200578,软件服务,-5.0,-2.0,3.0,0.3,0.5,-0.025222633301828362,0.22995654798921497,-0.06778914778752726,False,False,0.02397353769951811,0.311727462791346,,,,,,,0.9487554904831625,1,0.0,single_year_drop,0.19251799899431374,False,stable,13.0,中度恶化-10分; 贝叶斯恶化预警-8分(恶化概率94.9%),,,0,0
000951.SZ,中国重汽,汽车整车,1.1228,0.048752644823101585,0.072,0.5136945170001878,0.17309023708763369,-0.17934348349896734,1.27,79.0,-0.18624999999999997,0.0,1.0,has_near_zero,has_near_zero,has_near_zero,False,0,True,3,False,0,True,4,0.7999790334585508,0.9711745466186806,2.158154859967051,high_volatility,False,False,none,-1.31,0.0,0.545,1.855,0.7395740933737542,0.9366676369987631,0.9590732967387794,False,none,0.35,0.74,605.5555555555557,38.04347826086956,411.11111111111114,False,汽车整车,False,1.0,False,rising,False,False,0.0,0.7999790334585508,0.773316560100174,汽车整车,-5.0,-2.0,3.0,0.3,0.5,0.44049216641216926,0.933200988497491,1.2275856648004202,True,False,-0.1371613173124699,0.14647419664964725,,,,,,,0.07161803713527852,0,0.0,none,0.6951267531034765,True,decreasing_vol,21.0,"波动聚集提示-2分(大波动后可能跟着大波动); 趋势不确定预警-4分(Bootstrap CI跨零: [-0.002, 0.118]); 峰值大幅下跌-15分(从2.8跌至1.3，跌幅-54.6%)",,,0,0
000953.SZ,河化股份,化学制药,0.013999999999999999,0.019677692974882234,0.020000000000000004,0.11384666321907543,0.578690798393884,,0.22,100.0,0.0012500000000000011,0.0,1.0,poor,poor,has_loss,True,2,True,5,True,1,True,5,22.610838109190038,0.18088670487352024,61.25000000000002,high_volatility,False,False,none,-0.18,0.0,0.245,0.425,0.5720828930164246,0.8709677419354838,0.9998611882287616,False,none,0.25,0.24000000000000002,181.48148148148147,833.3333333333334,88.8888888888889,False,化学制药,False,1.0,False,rising,False,False,0.0,22.610838109190038,1.0,化学制药,-5.0,-2.0,3.0,0.3,0.5,0.24254278717491157,0.9998149246223313,0.4208935910018554,True,False,0.019677692974882234,0.030163887823570597,,,,,,,0.07161803713527852,0,0.0,none,22.262636860893195,False,stable,0.0,,,,0,0
000957.SZ,中通客车,汽车整车,0.112174,0.015508342954798637,0.01556,0.296097682881889,0.3430665982921103,,0.4207,100.0,0.11135,0.6,0.22067136191984693,has_loss,has_loss,has_near_zero,True,1,True,5,False,0,True,5,3.840853022681278,0.2868349037338378,10.591858596679165,high_volatility,False,False,none,-0.41000000000000003,0.0,0.23247,0.6424700000000001,0.6109843158332557,1.0,0.824903158332557,False,none,0.3032,-0.04830000000000001,153.7394451145959,258.0425531914894,-29.131483715319668,False,汽车整车,True,inf,True,rising,False,False,0.0,3.840853022681278,1.0,汽车整车,-5.0,-2.0,3.0,0.3,0.5,0.12206794953717541,0.6076654471387276,0.05938793122139582,False,False,0.1218543631169339,0.472790183090063,,,,,,,0.07161803713527852,0,0.0,none,2.7839374881064827,False,decreasing_vol,0.0,周期顶部预警-5分(警惕景气回落),,,0,0
000960.SZ,锡业股份,小金属,0.931789,0.00023571779487731038,0.0003099999999999992,0.0009360092823083539,0.9610522448561105,0.19399728918792625,0.8526,80.0,0.027500000000000052,0.2,0.8064959405073401,has_near_zero,has_near_zero,has_near_zero,False,0,True,4,False,0,True,5,0.5079747702217604,0.4731683389661654,1.3871473354231976,volatile,False,False,none,1.2921,0.0,-0.25393,-1.54603,0.6567710791100894,1.0,0.5677107911008936,False,none,-0.0030999999999999917,0.03770000000000007,4.229828850855755,-0.36227649877293344,4.608801955990229,False,小金属,True,1.5692542787286063,True,falling,True,False,0.0,0.5079747702217604,1.0,小金属,-5.0,-2.0,1.6,0.3,0.24,0.013277467982203806,0.6839037689021594,-0.1560140787478496,False,False,0.019916344767534455,0.009570276791788844,,,,,,,0.27835051546391754,0,0.0,none,0.5079717613994754,True,decreasing_vol,20.0,周期回落期-3分(景气下行趋势); 波动聚集提示-2分(大波动后可能跟着大波动); 峰值大幅下跌-15分(从1.7跌至0.9，跌幅-50.2%),,,0,0
000962.SZ,东方钽业,小金属,0.33226600000000006,0.08053960725356835,0.08382,0.8684569143044213,0.02110908341324954,0.39667028266849624,0.4258,98.0,0.0834375,1.0,0.02748633611151033,has_near_zero,has_near_zero,has_near_zero,False,0,True,5,False,0,True,5,0.46248599554597997,0.14203869895208138,1.0220760614743423,stable,False,False,none,0.1375,0.0,0.019449999999999995,-0.11805000000000002,0.5678928615752543,0.959228345348756,0.9836002704037858,False,none,0.015100000000000002,0.023799999999999988,10.05427759110881,3.6766496225955687,6.151460325665544,False,小金属,True,1.0,False,rising,True,False,0.0,0.46248599554597997,1.0,小金属,-5.0,-2.0,1.6,0.3,0.24,0.018018585972912782,0.9831314739869901,-0.11507001575434056,False,True,0.08053960725356835,0.8684569143044213,,,,,,,0.07161803713527852,0,0.0,none,0.1663622037375755,False,decreasing_vol,2.0,周期顶部预警-5分(警惕景气回落),,,0,0
000963.SZ,华东医药,化学制药,1.6509749999999999,0.007410507951177569,0.012329999999999975,0.025981419514566628,0.7956618558182876,0.05608616683183709,2.0046,100.0,0.133075,0.6,0.22067136191984693,good,good,good,False,0,False,0,False,0,False,0,0.16416969132883372,0.2620706450558704,0.43173759975944975,stable,False,False,none,-0.29610000000000003,0.0,0.22612000000000002,0.52222,0.5975988767091411,1.0,0.9315487670914117,False,none,0.38270000000000004,0.1936,40.34866624658686,23.595782723965723,13.55457536932017,False,化学制药,False,1.0,False,rising,False,False,0.0,0.16416969132883372,0.2646690863964003,化学制药,-5.0,-2.0,3.0,0.3,0.5,0.14568451844614594,0.9761137765124801,0.19605495742688417,True,False,0.0553984014694882,0.4177833851476828,,,,,,,0.07161803713527852,0,0.0,none,0.12344257091328112,False,stable,0.0,,,,0,0
000969.SZ,安泰科技,小金属,0.233506,0.024394540545590742,0.02473,0.550942157654731,0.1508593616983519,0.3756617673370115,0.361,93.209305587756,0.058491666666666664,1.0,0.02748633611151033,has_near_zero,has_near_zero,has_near_zero,False,0,True,5,False,0,True,5,0.44907116722385515,0.09682872507680765,1.2067526203506167,ultra_stable,False,False,none,0.05245,0.0,0.07765,0.0252,0.38593185931603435,0.9763140834923457,0.9181738973299786,False,none,0.11779999999999999,0.037500000000000006,75.4982984929509,48.43749999999999,18.230432668935347,False,小金属,True,1.0,False,rising,True,False,0.0,0.44907116722385515,1.0,小金属,-5.0,-2.0,1.6,0.3,0.24,0.07465486824620182,0.920244311863148,0.022831741192014948,False,False,0.058014837298830335,0.9509260932118279,,,,,,,0.07161803713527852,0,0.0,none,0.10260325338579017,False,stable,6.790694412243999,"周期顶部预警-5分(警惕景气回落); 趋势不确定预警-4分(Bootstrap CI跨零: [-0.009, 0.054])",,,0,0
000977.SZ,浪潮信息,IT设备,1.3516149999999998,0.050750605997979446,0.08307,0.4256474715083129,0.23273971349272898,0.10537070389030134,1.5568,100.0,0.07087499999999998,0.6,0.22067136191984693,good,good,good,False,0,False,0,False,0,False,0,0.15291258853845716,0.20032772399246193,0.39234245236932097,ultra_stable,False,False,none,0.3349,0.0,0.032499999999999994,-0.3024,0.3076109439650123,1.0,0.07414722096566805,False,none,0.37640000000000007,-0.21230000000000016,11.782867810727357,31.887495764147754,-15.243771092123223,False,IT设备,False,1.1798542866824806,True,rising,False,False,0.0,0.15291258853845716,0.27964397572176314,IT设备,-5.0,-2.0,3.0,0.3,0.5,0.04606555027414083,0.16978766498887865,-0.06514214686488978,False,False,0.050750605997979446,0.4256474715083129,,,,,,,0.07161803713527852,0,0.0,none,0.11545871691605374,False,increasing_vol,0.0,,,,0,0
000988.SZ,华工科技,专用机械,0.9308000000000001,0.11740032425832685,0.15599999999999997,0.9806953905345883,0.0011450237463618692,0.21788328563090653,1.21,100.0,0.15249999999999997,1.0,0.02748633611151033,has_near_zero,has_near_zero,has_near_zero,False,0,True,3,False,0,True,3,0.28105794949655,0.24845522735495018,0.7466063348416289,ultra_stable,False,False,none,0.20999999999999996,0.0,0.14499999999999996,-0.065,0.3807572652119262,1.0,0.9781344498720632,False,none,0.20999999999999996,0.09999999999999998,34.444444444444436,20.999999999999996,11.111111111111107,False,专用机械,False,1.0,False,rising,False,False,0.0,0.28105794949655,0.35817969293057333,专用机械,-5.0,-2.0,3.0,0.3,0.5,0.10674616699194306,0.9668422530699203,-0.03494707684519144,False,False,0.11740032425832685,0.9806953905345883,,,,,,,0.07161803713527852,0,0.0,none,0.033747587986824236,False,stable,0.0,,,,0,0
000997.SZ,新大陆,IT设备,0.5917070000000001,0.11209751541436112,0.13989000000000001,0.9028509274406212,0.013246653807714143,,0.9965,100.0,0.1434,0.6,0.22067136191984693,has_loss,has_loss,has_near_zero,True,1,True,5,False,0,True,5,1.0303689719518243,0.566435038640796,2.498090006184741,high_volatility,False,False,none,-0.41154999999999997,0.0,0.68665,1.0981999999999998,0.5549236466602611,0.5404216240969235,0.753222105857875,False,none,0.005900000000000016,1.3674,364.46390658174096,0.5955986270946917,362.8980891719745,False,IT设备,True,inf,True,rising,False,False,0.0,1.0303689719518243,1.0,IT设备,-5.0,-2.0,3.0,0.3,0.5,0.6236530220328256,0.7525166399662581,1.0241943840823629,True,False,0.11209751541436112,0.1181278865639951,,,,,,,0.07161803713527852,0,0.0,none,0.9485663797569265,False,stable,0.0,周期顶部预警-5分(警惕景气回落),,,0,0
001208.SZ,华菱线缆,电气设备,0.20850000000000002,-0.01029232824673448,-0.0105,0.4194621523320319,0.23734291411464364,-0.03433711459934752,0.2,92.0,-0.01666666666666667,-0.6,0.22067136191984693,has_near_zero,has_near_zero,has_near_zero,False,0,True,5,False,0,True,5,0.21855283026736866,0.047644516998286375,0.5963302752293577,stable,False,False,none,0.05999999999999997,0.0,-0.03199999999999999,-0.09199999999999996,0.3304070661216441,1.0,0.5752808988764043,False,none,0.04000000000000001,-0.04999999999999999,-4.761904761904753,25.000000000000007,-23.809523809523807,False,电气设备,False,1.8124999999999998,True,rising,False,False,0.0,0.21855283026736866,0.4165089308805616,电气设备,-5.0,-2.0,3.0,0.3,0.5,-0.00489811986244372,0.03543456654849251,0.0048681910517828775,False,False,-0.018541435781584785,0.3986390186605898,,,,,,,0.2783505154639176,0,0.0,none,0.16963176226697788,False,decreasing_vol,8.0,峰值明显下跌-8分(从0.3跌至0.2，跌幅-31.0%),,,0,0
001229.SZ,魅视科技,IT设备,0.956,-0.03634208988876544,-0.04899999999999999,0.6905955248197871,0.08123770038115907,-0.056608077742887564,0.8,50.0,-0.08999999999999997,-0.6,0.22067136191984693,has_near_zero,has_near_zero,has_near_zero,False,0,True,2,False,0,True,3,0.18844602828045068,0.18806913622388977,0.49098196392785576,stable,False,False,none,0.28,0.0,-0.16199999999999998,-0.442,0.5812662420382165,1.0,0.9286624203821654,True,severe,-0.06999999999999995,-0.15000000000000002,-21.56862745098039,-8.045977011494248,-14.70588235294118,False,IT设备,False,1.0,True,falling,False,False,0.0,0.18844602828045068,0.2840901559576939,IT设备,-5.0,-2.0,3.0,0.3,0.5,-0.08138849667215414,0.9629390219473554,-0.0848976180001546,False,False,-0.05974555091919516,0.5276537974020887,,,,,,,0.9507042253521126,3,-0.45287356321839123,chronic_decline,0.13342088790283863,True,decreasing_vol,50.0,"严重恶化-15分; 贝叶斯高置信度恶化-12分(恶化概率95.1%，严重恶化确认); 波动聚集提示-2分(大波动后可能跟着大波动); 趋势不确定预警-4分(Bootstrap CI跨零: [-0.085, 0.010]); 峰值明显下跌-8分(从1.3跌至0.8，跌幅-38.0%); 连续下跌警示-9分(3年下跌，累计-20.8%)",,,0,0
001277.SZ,速达股份,专用机械,2.0828,0.13800984406283875,0.29600000000000004,0.6953016867675582,0.07924334513373031,0.14983973736804534,2.22,89.24561403508773,0.26125000000000004,0.8,0.0864107329737,good,good,good,False,0,False,0,False,0,False,0,0.2938534018559216,0.5859436833007078,0.7923771313941825,stable,False,False,none,0.52,0.0,0.23000000000000007,-0.2899999999999999,0.2386421443020699,1.0,0.36833310123938207,True,moderate,-0.6299999999999999,1.01,20.652173913043484,-22.105263157894733,54.891304347826086,False,专用机械,False,1.0,True,falling,False,False,0.0,0.2938534018559216,0.3684160548180706,专用机械,-5.0,-2.0,3.0,0.3,0.5,0.08410121417710581,0.175155114009928,-0.07073721149318224,False,False,0.13800984406283875,0.6953016867675582,,,,,,,0.6492985971943889,1,0.0,single_year_drop,0.1768043475878346,False,increasing_vol,10.75438596491228,中度恶化-10分; 波动率飙升预警-5.8分(近期波动是早期的2.9倍),,,0,0
001288.SZ,运机集团,专用机械,0.7464999999999999,0.018202681852796398,0.025,0.042886556562811755,0.7382209428558695,0.039289877625411807,0.98,98.0,0.009999999999999995,0.0,1.0,has_near_zero,has_near_zero,has_near_zero,False,0,True,5,False,0,True,5,0.2382443887007849,0.1748713813063761,0.5994550408719346,moderate,False,False,none,-0.14999999999999997,0.0,0.21999999999999997,0.36999999999999994,0.5643883419889931,0.9941089837997055,0.9097744360902255,False,none,0.33999999999999997,0.09999999999999998,81.48148148148147,53.124999999999986,18.518518518518512,False,专用机械,False,1.0,False,rising,False,False,0.0,0.2382443887007849,0.3239288442939613,专用机械,-5.0,-2.0,3.0,0.3,0.5,0.1752303415203137,0.9206407289065162,0.29868004048608293,True,False,0.018202681852796398,0.042886556562811755,,,,,,,0.07161803713527852,0,0.0,none,0.2320779804894407,False,stable,2.0,趋势不可靠-2分(Bootstrap CI过宽: 0.300),,,0,0
001289.SZ,龙源电力,新型电力,0.713465,-0.0009384479042704563,-0.0011700000000000044,0.016943806399903515,0.8347337033569509,0.0044111934742920855,0.7535,100.0,-0.0003062500000000079,0.0,1.0,has_near_zero,has_near_zero,has_near_zero,False,0,True,5,False,0,True,5,0.10374352906578323,0.07407806692942251,0.25376374203487156,ultra_stable,False,False,none,-0.078175,0.0,0.08474999999999999,0.162925,0.4690346332661953,0.6333391468899946,0.8631473248173677,False,none,0.02629999999999999,0.1432,29.023972602739722,3.616611661166116,24.52054794520548,False,新型电力,False,1.3102739726027397,True,rising,False,False,0.0,0.10374352906578323,0.25769801959965855,新型电力,-5.0,-2.0,3.0,0.3,0.5,0.07044407379966372,0.8596199324873005,0.13562038078385097,True,False,-0.0009384479042704563,0.0005807570978321536,,,,,,,0.07161803713527852,0,0.0,none,0.10371117482609125,False,stable,0.0,,,,0,0
001301.SZ,尚太科技,电气设备,3.3869000000000002,0.02685245056557022,0.085,0.4813682907305518,0.19377524840971477,0.416418110860592,3.22,84.36017063872852,0.5225000000000002,0.4,0.4624327264504764,good,good,good,False,0,True,1,False,0,False,0,0.6505418448994273,2.1090566611639434,1.795188155459593,high_volatility,False,False,none,2.91,0.0,-1.7,-4.61,0.6622116427175032,0.9677570502881829,0.6543593768868492,False,none,0.4400000000000004,-3.8400000000000003,-51.359516616314195,15.827338129496418,-58.006042296072515,False,电气设备,False,2.3812949640287773,True,rising,False,False,0.0,0.6505418448994273,0.837939471123379,电气设备,-5.0,-2.0,3.0,0.3,0.5,-0.35154338485348047,0.6060886755850653,-1.2796587225429596,False,True,0.23029083935523437,0.30188725403942795,,,,,,,0.6067415730337079,0,0.0,none,0.6063955139654951,False,stable,30.63982936127148,单年巨幅下滑-15.0分(年跌-58.0%); 加速下滑-0.6分(加速度-1.28); 峰值大幅下跌-15分(从6.6跌至3.2，跌幅-51.4%),high_growth,"高速成长(稳健CAGR=52.3%, MK趋势=0.40)",1,0
001309.SZ,德明利,半导体,1.3208,0.0007026340517211737,0.07599999999999998,4.601375087056215e-06,0.9972687993698792,0.16545849475931584,2.38,80.36893203883496,0.04083333333333332,0.0,1.0,has_near_zero,has_near_zero,has_near_zero,False,0,True,2,False,0,True,2,0.6168237644054714,0.8006372461983017,1.6640986132511557,high_volatility,False,False,none,-0.16500000000000004,0.0,0.71,0.875,0.42547999060128905,0.235442490631306,0.41836339493194646,False,none,2.1599999999999997,-0.74,147.91666666666669,981.8181818181816,-77.08333333333334,False,半导体,True,7.454545454545454,True,rising,False,False,0.0,0.6168237644054714,1.0,半导体,-5.0,-2.0,3.0,0.3,0.5,0.37445677948885653,0.29237812104687466,0.48422406343270064,False,False,0.0007026340517211737,4.601375087056215e-06,,,,,,,0.07161803713527852,0,0.0,none,0.6098367211363064,True,increasing_vol,19.631067961165048,单年巨幅下滑-15.0分(年跌-77.1%); 周期顶部预警-5分(警惕景气回落); 波动率飙升预警-5.6分(近期波动是早期的2.8倍); 趋势不可靠-2分(Bootstrap CI过宽: 0.914),,,0,0
001332.SZ,锡装股份,专用机械,2.7731000000000003,-0.1430370884937176,-0.403,0.4291998345350401,0.23012221693066798,-0.07572118761421665,2.35,68.47126436781609,-0.38,-0.4,0.4624327264504764,good,good,good,False,0,False,0,False,0,False,0,0.3255498197582569,0.9421411783803953,0.7912923289564617,moderate,False,False,none,0.5999999999999996,0.0,-0.6429999999999999,-1.2429999999999994,0.509986213664107,1.0,0.6048688070106137,False,none,0.8200000000000001,-2.0199999999999996,-33.80281690140844,53.59477124183007,-56.90140845070422,False,专用机械,False,2.496732026143791,True,rising,False,False,0.0,0.3255498197582569,0.5933374592924443,专用机械,-5.0,-2.0,3.0,0.3,0.5,-0.1946659931298902,0.25692327062283526,-0.24144320100148886,False,False,-0.1430370884937176,0.4291998345350401,,,,,,,0.6067415730337079,0,0.0,none,0.23979940102108743,False,increasing_vol,31.52873563218391,单年巨幅下滑-15.0分(年跌-56.9%); 波动率飙升预警-6.5分(近期波动是早期的3.3倍); 趋势不可靠-2分(Bootstrap CI过宽: 0.527); 峰值明显下跌-8分(从3.8跌至2.4，跌幅-38.5%),,,0,0
001339.SZ,智微智能,IT设备,0.5667,-0.12807908719303213,-0.151,0.4679791387578804,0.20274260692928472,-0.10805982029301431,0.5,82.0,-0.14583333333333337,-0.6,0.22067136191984693,has_near_zero,has_near_zero,has_near_zero,False,0,True,4,False,0,True,4,0.5650146290451885,0.3457889529756554,1.519607843137255,volatile,False,False,none,-0.10500000000000004,0.0,-0.03999999999999998,0.06500000000000006,0.12362837302995275,0.1904145077720208,0.02776171197223826,False,none,0.37,-0.44999999999999996,-13.793103448275856,284.6153846153846,-77.58620689655173,False,IT设备,True,8.153846153846153,True,rising,False,False,0.0,0.5650146290451885,1.0,IT设备,-5.0,-2.0,3.0,0.3,0.5,-0.03519386825885712,0.024237936619319687,0.051426605516747825,False,False,-0.12807908719303213,0.4679791387578804,,,,,,,0.2783505154639176,0,0.0,none,0.4087172607347545,False,stable,18.0,单年巨幅下滑-15.0分(年跌-77.6%); 趋势不可靠-2分(Bootstrap CI过宽: 0.420); 峰值大幅下跌-15分(从1.1跌至0.5，跌幅-52.8%),,,0,0
001367.SZ,海森药业,化学制药,1.6069999999999998,-0.009171514059752583,-0.018000000000000016,0.004966216816168319,0.9103473620897775,-0.0020387465869661225,1.22,62.7700510811722,-0.04125000000000004,-0.2,0.8064959405073401,good,good,good,False,0,False,0,False,0,False,0,0.24048625248351585,0.3886257840133616,0.5507425742574257,moderate,False,False,none,0.43999999999999995,0.0,-0.44499999999999995,-0.8849999999999999,0.702581853671919,0.9525996391668033,0.9996214033316508,True,severe,-0.45999999999999996,-0.42999999999999994,-42.18009478672985,-27.38095238095238,-20.379146919431278,False,化学制药,False,1.0,True,falling,False,False,0.0,0.24048625248351585,0.32572233532014605,化学制药,-5.0,-2.0,3.0,0.3,0.5,-0.23152986216075755,0.994289395668604,-0.459897837655603,False,True,-0.009171514059752583,0.004966216816168319,,,,,,,0.9935602575896965,2,0.34357696566998897,sustained_decline,0.23984050082645064,False,stable,37.2299489188278,严重恶化-15分; 加速下滑-0.2分(加速度-0.46); 贝叶斯高置信度恶化-12分(恶化概率99.4%，严重恶化确认); 趋势不可靠-2分(Bootstrap CI过宽: 0.475); 峰值明显下跌-8分(从2.1跌至1.2，跌幅-42.2%),,,0,0
001382.SZ,新亚电缆,电气设备,0.3735,0.029065132455633625,0.030999999999999993,0.441932940476074,0.22089418699469304,0.04264788543842446,0.39,91.50712276794285,0.03583333333333333,0.4,0.4624327264504764,has_near_zero,has_near_zero,has_near_zero,False,0,True,5,False,0,True,5,0.20659063784469933,0.07395944834840236,0.53072625698324,stable,False,False,none,-0.04999999999999999,0.0,0.047999999999999994,0.09799999999999998,0.2924865283903249,1.0,0.551196172248804,True,moderate,-0.07999999999999996,0.14999999999999997,21.875000000000004,-17.021276595744673,46.874999999999986,False,电气设备,False,1.6785714285714284,True,falling,False,False,0.0,0.20659063784469933,0.3890820340852833,电气设备,-5.0,-2.0,3.0,0.3,0.5,0.03297932181159727,0.22352501821469536,0.0377344793709338,False,False,0.029065132455633625,0.441932940476074,,,,,,,0.6492985971943889,1,0.0,single_year_drop,0.1547067486709272,False,increasing_vol,8.492877232057154,中度恶化-10分; 波动率飙升预警-5.1分(近期波动是早期的2.6倍),,,0,0
001388.SZ,信通电子,电气设备,1.0325000000000002,0.035945992772497104,0.05299999999999999,0.5400531109673836,0.1571871036433193,0.1704735888557296,1.22,96.0,0.12333333333333334,1.0,0.02748633611151033,has_near_zero,has_near_zero,good,False,0,True,2,False,0,True,1,0.21760524398605732,0.2106418761785035,0.5888429752066116,ultra_stable,False,False,none,0.26,0.0,0.09899999999999999,-0.16100000000000003,0.5281471365638767,1.0,0.9594713656387669,False,none,0.15999999999999992,0.06000000000000005,21.999999999999996,15.0943396226415,6.000000000000005,False,电气设备,False,1.0,False,rising,False,False,0.0,0.21760524398605732,0.3074175285221792,电气设备,-5.0,-2.0,3.0,0.3,0.5,0.07367026792047021,0.941268080259929,-0.06140436870791943,False,True,0.09418682912603667,0.9202017074976885,,,,,,,0.07161803713527852,0,0.0,none,0.054346109246126595,False,decreasing_vol,4.0,"趋势不确定预警-4分(Bootstrap CI跨零: [-0.021, 0.074])",,,0,0
001389.SZ,广合科技,元器件,0.9409000000000001,0.23557606772300793,0.32299999999999995,0.8637837474981803,0.022278734130832156,0.3858744671813019,1.66,115.0,0.37750000000000006,0.8,0.0864107329737,has_near_zero,has_near_zero,has_near_zero,False,0,True,3,False,0,True,3,0.6517987785825703,0.5501181691236893,1.6350710900473933,moderate,False,False,none,-0.16999999999999998,0.0,0.449,0.619,0.6229667281536684,1.0,0.9916672815366834,False,none,0.5699999999999998,0.3500000000000001,124.32432432432432,52.29357798165136,47.297297297297305,False,元器件,False,1.0,False,rising,False,False,0.0,0.6517987785825703,0.6547723561993896,元器件,-5.0,-2.0,3.0,0.3,0.5,0.2976163323697963,0.9942676899184267,0.173077179743367,True,False,0.23557606772300793,0.8637837474981803,,,,,,,0.07161803713527852,0,0.0,none,0.24226163984535992,False,stable,0.0,,high_growth,"高速成长(稳健CAGR=37.8%, MK趋势=0.80)",1,0
001395.SZ,亚联机械,专用机械,1.6194000000000002,0.04137373990292812,0.06799999999999999,0.4423666919309268,0.22058402030819546,0.20482368102146475,2.36,92.0,0.19999999999999996,1.0,0.02748633611151033,good,good,good,False,0,False,0,False,0,False,0,0.31859826692209714,0.4893669379923412,0.8072916666666665,stable,False,False,none,0.10999999999999999,0.0,0.5099999999999999,0.3999999999999999,0.5650123972334595,0.9355670103092786,0.9145569620253164,False,none,0.7799999999999998,0.24,76.1194029850746,49.36708860759492,17.91044776119403,False,专用机械,False,1.0,False,rising,False,False,0.0,0.31859826692209714,0.388211946871011,专用机械,-5.0,-2.0,3.0,0.3,0.5,0.24566860302245286,0.9374224533167015,0.1762324959468311,True,False,0.14325566737142578,0.8564341023189311,,,,,,,0.07161803713527852,0,0.0,none,0.14004207402716468,True,increasing_vol,8.0,波动率飙升预警-8.0分(近期波动是早期的4.6倍),,,0,0
001400.SZ,江顺科技,专用机械,2.86416,0.17709619960623554,0.47119999999999995,0.8654927927918155,0.021848243232161075,0.21976693652460333,3.44,113.0,0.4707500000000001,1.0,0.02748633611151033,good,good,good,False,0,False,0,False,0,False,0,0.2876865595248194,0.7833129642741783,0.6926693110033789,ultra_stable,False,True,worsening,0.763,0.0,0.17999999999999994,-0.5830000000000001,0.8997187932343977,0.9998345542352971,0.9959016393442627,False,none,0.19999999999999973,0.16000000000000014,11.688311688311684,6.1728395061728305,5.194805194805199,False,专用机械,False,1.0,False,rising,False,False,0.0,0.2876865595248194,0.36348258095318886,专用机械,-5.0,-2.0,3.0,0.3,0.5,0.05282981297599132,0.9975354026006106,-0.2567187248238677,False,True,0.17709619960623554,0.8654927927918155,,,,,,,0.07161803713527852,0,0.0,none,0.08883476889494336,True,decreasing_vol,2.0,波动聚集提示-2分(大波动后可能跟着大波动),high_growth,"高速成长(稳健CAGR=47.1%, MK趋势=1.00)",1,0
002001.SZ,新和成,化学制药,1.4486999999999999,-0.02596630863528615,-0.031000000000000007,0.026304827211227257,0.7944052431912054,0.035693664963361016,1.91,92.94339622641509,-0.11249999999999999,0.0,1.0,good,good,good,False,0,True,1,False,0,True,1,0.2916121769638736,0.42517055401332765,0.7133058984910837,moderate,False,False,none,-0.245,0.0,0.37,0.615,0.5001863952390146,0.7194366759888133,0.47778036295951604,False,none,1.04,-0.29999999999999993,63.24786324786326,119.54022988505749,-25.64102564102564,False,化学制药,False,1.9310344827586206,True,rising,False,False,0.0,0.2916121769638736,0.490761005938915,化学制药,-5.0,-2.0,3.0,0.3,0.5,0.20301062057420727,0.41996882597636354,0.3448784334207501,True,False,-0.02596630863528615,0.026304827211227257,,,,,,,0.07161803713527852,0,0.0,none,0.2896678785297909,False,increasing_vol,7.0566037735849045,波动率飙升预警-5.1分(近期波动是早期的2.5倍); 趋势不可靠-2分(Bootstrap CI过宽: 0.461),,,0,0
002006.SZ,精工科技,专用机械,0.35240000000000005,0.06619054142652278,0.068,0.2750322877866528,0.3642828306219237,0.5196713713031851,0.32,47.79227464314778,0.07250000000000001,0.4,0.4624327264504764,has_near_zero,has_near_zero,has_near_zero,False,0,True,5,False,0,True,5,0.6426330290647996,0.21335416564951343,1.7469879518072293,high_volatility,False,False,none,0.29000000000000004,0.0,-0.16,-0.45000000000000007,0.5777312929128361,0.9542360060514373,0.9230769230769231,True,severe,-0.08000000000000002,-0.24,-50.0,-20.000000000000004,-37.5,False,专用机械,False,1.0,True,falling,False,False,0.0,0.6426330290647996,0.6474397565851729,专用机械,-5.0,-2.0,3.0,0.3,0.5,-0.14402237639635465,0.929380830599821,-0.4154507137044374,False,True,0.06619054142652278,0.2750322877866528,,,,,,,0.9747292418772563,2,-0.46666666666666656,sustained_decline,0.5550674457729853,False,decreasing_vol,52.20772535685222,严重恶化-15分; 单年巨幅下滑-15.0分(年跌-37.5%); 加速下滑-0.2分(加速度-0.42); 贝叶斯高置信度恶化-12分(恶化概率97.5%，严重恶化确认); 趋势不可靠-2分(Bootstrap CI过宽: 0.436); 峰值明显下跌-8分(从0.6跌至0.3，跌幅-50.0%),,,0,0
002007.SZ,华兰生物,生物制药,0.6954300000000001,-0.03897937066207818,-0.04842,0.3377263466090177,0.30413234794416166,-0.09477298903347531,0.5958,82.0,-0.05602083333333334,-0.4,0.4624327264504764,has_near_zero,has_near_zero,has_near_zero,False,0,True,5,False,0,True,5,0.1824006200804872,0.13126278223472182,0.4135401033850258,stable,False,False,none,-0.1488,0.0,0.003049999999999997,0.15184999999999998,0.2721434348664126,0.9905301810217096,0.0005796873562206055,True,moderate,-0.21630000000000005,0.22240000000000004,1.0344242835339994,-26.63465090506096,37.71409191114127,False,生物制药,False,1.3771409191114126,True,falling,False,False,0.0,0.1824006200804872,0.3295392852792448,生物制药,-5.0,-2.0,3.0,0.3,0.5,0.002623707368453687,0.0006405912876906003,0.12233599132966533,False,False,-0.03897937066207818,0.3377263466090177,,,,,,,0.7873633049817741,1,0.0,single_year_drop,0.14816296792395459,False,stable,18.0,中度恶化-10分; 贝叶斯中度恶化预警-5分(恶化概率78.7%); 峰值明显下跌-8分(从0.9跌至0.6，跌幅-32.9%),,,0,0
002008.SZ,大族激光,专用机械,1.2838,0.017604783724863217,0.026000000000000023,0.009462130349508534,0.8763431518972216,0.1488359479021275,1.62,86.72881148322307,0.02999999999999996,0.0,1.0,has_near_zero,has_near_zero,has_near_zero,False,0,True,2,False,0,True,2,0.3695288577820671,0.47151882252991767,0.8777429467084639,volatile,False,False,none,0.9699999999999999,0.0,-0.12099999999999993,-1.0909999999999997,0.43231918575888795,1.0,0.09896914185284066,False,none,0.8400000000000001,-0.3699999999999999,40.869565217391326,107.69230769230771,-32.17391304347825,False,专用机械,False,2.4358974358974357,True,rising,False,False,0.0,0.3695288577820671,0.6204094110119784,专用机械,-5.0,-2.0,3.0,0.3,0.5,0.13798487073471127,0.25869143862709626,0.06170183940315721,False,False,0.017604783724863217,0.009462130349508534,,,,,,,0.07161803713527852,0,0.0,none,0.36812172634707646,False,stable,13.271188516776938,单年巨幅下滑-15.0分(年跌-32.2%); 趋势不可靠-2分(Bootstrap CI过宽: 0.547),,,0,0
002019.SZ,亿帆医药,化学制药,0.1628,0.01735140162324163,0.018,0.24717725219173023,0.394126517519147,,0.32,71.23300741566743,-0.22,-0.4,0.4624327264504764,has_loss,has_loss,has_near_zero,True,1,True,5,False,0,True,5,2.1077570375736103,0.44684449196560544,5.896226415094339,high_volatility,False,False,none,-0.32,0.0,0.07999999999999999,0.4,0.32804964831817873,0.8309440086556665,0.03876438522107812,False,none,0.77,-0.61,100.0,171.11111111111111,-381.25,False,化学制药,False,1.0,False,rising,False,False,0.0,2.1077570375736103,1.0,化学制药,-5.0,-2.0,3.0,0.3,0.5,0.07772545007673722,0.038463949848393415,0.36439703816678476,False,False,-0.1499853192807564,0.31958176472545197,,,,,,,0.07161803713527852,0,0.0,none,1.7165534404081755,False,increasing_vol,28.766992584332574,单年巨幅下滑-15.0分(年跌-381.2%); 波动率飙升预警-4.3分(近期波动是早期的2.2倍); 峰值大幅下跌-15分(从0.8跌至0.3，跌幅-60.0%),,,0,0
002020.SZ,京新药业,化学制药,0.7935,0.00854176706707932,0.010999999999999987,0.17966521690798087,0.476939490686926,-0.040681092548128794,0.83,100.0,-0.02625000000000001,-0.2,0.8064959405073401,has_near_zero,has_near_zero,has_near_zero,False,0,True,5,False,0,True,5,0.12740597185524874,0.10319883720275147,0.3209876543209877,ultra_stable,False,False,none,-0.22999999999999998,0.0,0.018999999999999982,0.24899999999999997,0.5276764478764479,1.0,0.27876447876447835,False,none,0.10999999999999999,-0.050000000000000044,7.792207792207785,15.277777777777777,-6.493506493506499,False,化学制药,False,1.0476190476190477,True,rising,False,False,0.0,0.12740597185524874,0.24160731716673872,化学制药,-5.0,-2.0,3.0,0.3,0.5,0.023426429502213075,0.2897803877674481,0.10247146242385163,False,False,-0.024664736748336736,0.2471630395430631,,,,,,,0.13366336633663367,0,0.0,none,0.10992161650066738,False,decreasing_vol,0.0,,,,0,0
002028.SZ,思源电气,电气设备,1.9081000000000001,0.154550670514711,0.32700000000000007,0.939335325426615,0.006460826504150546,0.2103882633545564,2.64,109.16666666666667,0.34625000000000006,1.0,0.02748633611151033,good,good,good,False,0,False,0,False,0,False,0,0.29949134253468485,0.5420793299877796,0.7790055248618785,ultra_stable,False,False,none,0.18000000000000005,0.0,0.525,0.345,0.5470734198603155,0.7915309446254072,0.9892032539777487,False,none,0.6200000000000001,0.42999999999999994,66.0377358490566,30.6930693069307,27.0440251572327,False,电气设备,False,1.0,False,rising,False,False,0.0,0.29949134253468485,0.3729264073610812,电气设备,-5.0,-2.0,3.0,0.3,0.5,0.22716773788564293,0.9978426907392774,0.12285098615642409,True,False,0.154550670514711,0.939335325426615,,,,,,,0.07161803713527852,0,0.0,none,0.08998488930258819,False,increasing_vol,5.833333333333332,波动率飙升预警-5.8分(近期波动是早期的2.9倍),high_growth,"高速成长(稳健CAGR=34.6%, MK趋势=1.00)",1,0
002045.SZ,国光电器,元器件,0.45030000000000003,0.011023287875393407,0.012,0.5000000000000001,0.18169011381620923,0.035558076341622114,0.46,55.047212348162375,0.07666666666666666,0.5,0.3122163883433192,has_near_zero,has_near_zero,has_near_zero,False,0,True,5,False,0,True,5,0.5758594426871295,0.2453161225847172,1.6197183098591552,volatile,False,False,none,-0.31000000000000005,0.0,0.14900000000000002,0.4590000000000001,0.37010748012810174,1.0,0.46276185513288165,True,severe,-0.32,0.38,15.0,-41.02564102564102,95.0,False,元器件,True,8.666666666666668,True,falling,False,False,0.0,0.5758594426871295,1.0,元器件,-5.0,-2.0,3.0,0.3,0.5,0.027558219688483515,0.024789808613593724,0.027558219688483515,False,False,0.07373285321049924,0.2736333977352763,,,,,,,0.7873633049817741,1,0.0,cliff_drop,0.49115195746499424,False,stable,44.952787651837625,严重恶化-15分; 单年巨幅下滑-15.0分(年跌-41.0%); 周期回落期-3分(景气下行趋势); 贝叶斯中度恶化预警-5分(恶化概率78.7%); 峰值明显下跌-8分(从0.8跌至0.5，跌幅-41.0%),,,0,0
002055.SZ,得润电子,元器件,-1.000893,-0.1085241680112408,-0.19271,0.11846413247640271,0.5705816434253211,,-2.0261,64.0,-0.07768333333333331,0.0,1.0,poor,poor,poor,True,5,True,3,True,5,True,3,0.7842408388707058,0.7396018503221852,1.79210671417059,high_volatility,False,False,none,0.0539,0.0,-0.80125,-0.8551500000000001,0.44242307053046526,0.010174818293974536,0.7091173941393858,True,severe,-1.6901,0.08759999999999996,-378.30500472143535,-503.00595238095235,20.679886685552397,False,元器件,True,inf,True,falling,False,False,0.0,0.7842408388707058,1.0,元器件,-5.0,-2.0,3.0,0.3,0.5,-0.5216949913361953,0.6914791822829861,-0.5703259162920751,False,False,-0.1085241680112408,0.11846413247640271,,,,,,,0.9866768176627332,1,0.0,cliff_drop,0.7145946301576226,False,stable,36.0,严重恶化-15分; 单年巨幅下滑-15.0分(年跌-503.0%); 贝叶斯高置信度恶化-12分(恶化概率98.7%，严重恶化确认); 趋势不可靠-2分(Bootstrap CI过宽: 1.057),,,0,0
002056.SZ,横店东磁,电气设备,0.9645060000000001,0.11005020885695727,0.14681999999999998,0.8740377094880575,0.01974331141990922,0.16280652131990747,1.1335,100.0,0.13830416666666667,1.0,0.02748633611151033,has_near_zero,has_near_zero,has_near_zero,False,0,True,2,False,0,True,2,0.2690022946263593,0.24760585211177863,0.5578732372943963,ultra_stable,False,False,none,0.20500000000000002,0.0,0.05174999999999996,-0.15325000000000005,0.46082086336463374,0.8717345993899825,0.7753323361239118,False,none,0.0035000000000000586,0.09999999999999987,10.04854368932038,0.3097345132743415,9.708737864077657,False,电气设备,False,1.0,False,rising,False,False,0.0,0.2690022946263593,0.3485351690344207,电气设备,-5.0,-2.0,3.0,0.3,0.5,0.035133165687375845,0.7747084047763645,-0.12313161594827093,False,True,0.11005020885695727,0.8740377094880575,,,,,,,0.07161803713527852,0,0.0,none,0.09357277945865962,False,decreasing_vol,0.0,,,,0,0
002063.SZ,远光软件,软件服务,0.19041499999999997,-0.021506300713353292,-0.02193,0.9749535980749925,0.0016951264973957736,-0.10378435481025783,0.1538,49.0,-0.023599999999999996,-1.0,0.02748633611151033,has_near_zero,has_near_zero,has_near_zero,False,0,True,5,False,0,True,5,0.17434699858925556,0.03510999857590428,0.4201013010229418,ultra_stable,False,False,none,-0.007599999999999996,0.0,-0.025350000000000004,-0.01775000000000001,0.5105519778676595,1.0,0.998559551363182,True,severe,-0.026900000000000007,-0.022499999999999992,-24.311023622047244,-14.886552296624242,-11.072834645669289,False,软件服务,False,1.0,False,falling,False,False,0.0,0.17434699858925556,0.2728109322047378,软件服务,-5.0,-2.0,3.0,0.3,0.5,-0.024313487921620122,0.9972354591256538,-0.00712816338247628,False,False,-0.021506300713353292,0.9749535980749925,,,,,,,0.9872029250457038,3,0.3444210785217985,chronic_decline,0.02737906857511505,False,stable,51.0,严重恶化-15分; 贝叶斯高置信度恶化-12分(恶化概率98.7%，严重恶化确认); 峰值明显下跌-8分(从0.2跌至0.2，跌幅-35.5%); 智能连续下跌-16分(4年实质性下跌，累计跌幅-35.5%),,,0,0
002065.SZ,东华软件,软件服务,0.14517000000000002,-0.004757191770890454,-0.004819999999999996,0.14879089986100769,0.5213346632080467,-0.030824579352144554,0.1559,100.0,-0.004249999999999997,-0.2,0.8064959405073401,has_near_zero,has_near_zero,has_near_zero,False,0,True,5,False,0,True,5,0.1336531229011149,0.019724527877746534,0.34964087274698474,stable,False,False,none,-0.025800000000000003,0.0,0.015400000000000011,0.041200000000000014,0.5721113359401528,0.9726033402007629,0.9811216680226708,False,none,0.019100000000000006,0.011700000000000016,24.620303756994424,13.96198830409357,9.352517985611525,False,软件服务,False,1.0,False,rising,False,False,0.0,0.1336531229011149,0.24025583165422526,软件服务,-5.0,-2.0,3.0,0.3,0.5,0.015249657329202346,0.9812742114930085,0.04075825538899916,False,False,-0.004757191770890454,0.14879089986100769,,,,,,,0.07161803713527852,0,0.0,none,0.12327378917910142,False,decreasing_vol,0.0,,,,0,0
002073.SZ,软控股份,专用机械,0.29343300000000005,0.09439971396334339,0.09870999999999999,0.952305208845996,0.004485665082551336,0.48467886256629966,0.499,94.92321428571428,0.09816250000000001,1.0,0.02748633611151033,has_near_zero,has_near_zero,has_near_zero,False,0,True,5,False,0,True,5,0.6079771454442631,0.16039653051110553,1.502160564020923,stable,False,False,none,0.056,0.0,0.14215,0.08615,0.6604966764479032,0.997755897662146,0.9988784837446262,False,none,0.15039999999999998,0.13390000000000002,132.41732650209593,43.14400458978771,62.36609222170472,False,专用机械,False,1.0,False,rising,False,False,0.0,0.6079771454442631,0.6197150496887438,专用机械,-5.0,-2.0,3.0,0.3,0.5,0.13361669285818784,0.9995698969279553,0.07833493474027439,True,False,0.09439971396334339,0.952305208845996,,,,,,,0.07161803713527852,0,0.0,none,0.14019010318196254,True,increasing_vol,5.076785714285714,波动率飙升预警-5.1分(近期波动是早期的2.5倍),,,0,0
002074.SZ,国轩高科,电气设备,0.36650000000000005,0.14411042607350882,0.15500000000000003,0.836982360263626,0.029434229240621362,0.5123119716472069,0.68,93.33333333333333,0.14375000000000002,0.8,0.0864107329737,has_near_zero,has_near_zero,has_near_zero,False,0,True,5,False,0,True,5,0.8370684522486797,0.2678619047195775,1.8750000000000002,moderate,False,False,none,0.024999999999999994,0.0,0.25,0.225,0.46493670886075944,0.24999999999999994,0.9493670886075948,False,none,0.15000000000000002,0.35000000000000003,277.77777777777777,28.301886792452834,194.44444444444446,False,电气设备,False,1.0,False,rising,False,False,0.0,0.8370684522486797,0.8029880951322771,电气设备,-5.0,-2.0,3.0,0.3,0.5,0.2285815327309866,0.9397371859046793,0.20387887573226876,False,False,0.14411042607350882,0.836982360263626,,,,,,,0.07161803713527852,0,0.0,none,0.3378398173506196,False,increasing_vol,6.666666666666667,波动率飙升预警-6.7分(近期波动是早期的3.3倍),,,0,0
002090.SZ,金智科技,电气设备,0.18352600000000002,0.0028372581000800034,0.002880000000000005,0.2052181744622768,0.4435944032690968,0.02786853587738758,0.1796,97.0,0.0009041666666666701,0.0,1.0,has_near_zero,has_near_zero,has_near_zero,False,0,True,5,False,0,True,5,0.5818099532922831,0.10998535357037319,1.5584003385526872,high_volatility,False,False,none,0.2126,0.0,-0.05083,-0.26343,0.2969188875119406,1.0,0.27255662046061185,False,none,0.02730000000000002,0.07339999999999999,127.62991128010141,17.92514773473409,93.02915082382762,False,电气设备,True,4.733840304182509,True,rising,False,False,0.0,0.5818099532922831,1.0,电气设备,-5.0,-2.0,3.0,0.3,0.5,0.04991492516064517,0.9339897913983772,0.09061259864676166,False,False,-0.017673346950396355,0.06859750722859435,,,,,,,0.07161803713527852,0,0.0,none,0.561132393680549,False,decreasing_vol,15.0,峰值大幅下跌-15分(从0.4跌至0.2，跌幅-51.9%),cyclical_bottom,周期底部(mid_up),0,0
002106.SZ,莱宝高科,元器件,0.5627300000000001,-0.029520664775749616,-0.03434,0.509369402916389,0.17578090855569786,-0.03849640868319126,0.5305,96.0,-0.025925000000000004,-0.4,0.4624327264504764,has_near_zero,has_near_zero,has_near_zero,False,0,True,5,False,0,True,5,0.13183829072772207,0.07645302479300604,0.3036730470770821,ultra_stable,False,False,none,0.07509999999999994,0.0,-0.04828,-0.12337999999999995,0.2632423257954707,1.0,0.5471872056850271,False,none,-0.0023000000000000798,0.0131,2.0781219934577484,-0.43168168168169657,2.5206850105830285,False,元器件,False,1.1820280931306524,True,falling,False,False,0.0,0.13183829072772207,0.2630743783329313,元器件,-5.0,-2.0,3.0,0.3,0.5,0.004780945490500038,0.5964231620892968,0.04864669939489702,False,False,-0.029520664775749616,0.509369402916389,,,,,,,0.27835051546391754,0,0.0,none,0.09281525023792948,False,decreasing_vol,4.0,"趋势不确定预警-4分(Bootstrap CI跨零: [-0.081, 0.006])",,,0,0
002112.SZ,三变科技,电气设备,0.26750000000000007,0.08155427694666686,0.085,0.769790229549665,0.05058694121303314,0.3021453435701089,0.46,91.71428571428572,0.0975,0.7,0.12955135290440883,has_near_zero,has_near_zero,has_near_zero,False,0,True,5,False,0,True,5,0.6323799317785543,0.15303594349041014,1.5289256198347108,moderate,False,False,none,-0.07,0.0,0.129,0.199,0.5373725593667547,1.0,0.9757255936675462,False,none,0.12,0.18000000000000002,187.50000000000003,35.29411764705882,112.5,False,电气设备,False,1.0,False,rising,False,False,0.0,0.6323799317785543,0.6392372787561768,电气设备,-5.0,-2.0,3.0,0.3,0.5,0.14291333964118327,0.9840342438046613,0.14291333964118327,False,False,0.08155427694666686,0.769790229549665,,,,,,,0.07161803713527852,0,0.0,none,0.3024584511597571,False,increasing_vol,8.285714285714285,"波动率飙升预警-4.3分(近期波动是早期的2.1倍); 趋势不确定预警-4分(Bootstrap CI跨零: [-0.010, 0.147])",,,0,0
002119.SZ,康强电子,半导体,0.2733,-0.0034169330165480516,-0.003500000000000003,0.05832188379531725,0.6955291875382805,-0.011051420020408043,0.22,83.0,-0.01583333333333334,-0.4,0.4624327264504764,has_near_zero,has_near_zero,has_near_zero,False,0,True,5,False,0,True,5,0.40072491025579143,0.11300442469213318,0.9574468085106385,volatile,False,False,none,0.24999999999999997,0.0,-0.08399999999999999,-0.33399999999999996,0.5407622641509434,1.0,0.7396226415094339,False,none,0.010000000000000009,-0.060000000000000026,-18.518518518518523,4.761904761904766,-22.22222222222223,False,半导体,False,2.2857142857142856,True,rising,False,False,0.0,0.40072491025579143,0.6253418329665379,半导体,-5.0,-2.0,3.0,0.3,0.5,-0.02427987973502932,0.6039306827283305,-0.04368172723870874,False,False,-0.027427789905870137,0.16593248166138344,,,,,,,0.435483870967742,0,0.0,none,0.36625386587845316,True,decreasing_vol,17.0,波动聚集提示-2分(大波动后可能跟着大波动); 峰值大幅下跌-15分(从0.5跌至0.2，跌幅-54.2%),,,0,0
002130.SZ,沃尔核材,电气设备,0.5218,0.07692445195685678,0.08600000000000001,0.9759238156675085,0.0015971169916542509,0.21698942573660407,0.68,100.0,0.08666666666666667,1.0,0.02748633611151033,has_near_zero,has_near_zero,has_near_zero,False,0,True,5,False,0,True,5,0.2773918075220193,0.1375863365309216,0.745967741935484,ultra_stable,False,False,none,0.13,0.0,0.07900000000000003,-0.050999999999999976,0.34549384491566804,1.0,0.9608929946112392,False,none,0.12,0.07000000000000006,38.77551020408164,21.428571428571423,14.285714285714299,False,电气设备,False,1.0,False,rising,False,False,0.0,0.2773918075220193,0.3552467793509488,电气设备,-5.0,-2.0,3.0,0.3,0.5,0.08197762838467842,0.9805394548371813,-0.001528218165898626,False,False,0.07692445195685678,0.9759238156675085,,,,,,,0.07161803713527852,0,0.0,none,0.042290679361699654,False,stable,0.0,,,,0,0
002134.SZ,天津普林,元器件,0.100611,0.0246589387357528,0.02477,0.6989169773727488,0.07772623847570759,0.5439094769817241,0.15,96.0,0.02938333333333333,0.8,0.0864107329737,has_near_zero,has_near_zero,has_near_zero,False,0,True,5,False,0,True,5,0.5026459064183787,0.04683654556006452,1.3264649066323244,moderate,False,False,none,0.08310000000000001,0.0,0.016149999999999998,-0.06695000000000001,0.29491613649337556,1.0,0.4075112786360174,False,none,0.039999999999999994,0.039999999999999994,114.28571428571426,36.36363636363636,57.14285714285713,False,元器件,False,1.564285714285714,True,rising,False,False,0.0,0.5026459064183787,0.6106881537061315,元器件,-5.0,-2.0,3.0,0.3,0.5,0.039750080582777916,0.999998427869929,0.017977068241773295,False,False,0.0246589387357528,0.6989169773727488,,,,,,,0.07161803713527852,0,0.0,none,0.275661925196779,False,decreasing_vol,4.0,"趋势不确定预警-4分(Bootstrap CI跨零: [-0.005, 0.040])",,,0,0
002138.SZ,顺络电子,元器件,0.8465,0.03356229211193035,0.04500000000000002,0.112654172663848,0.5808151054184574,0.0914136845701421,1.05,98.0,0.050416666666666686,0.4,0.4624327264504764,has_near_zero,has_near_zero,has_near_zero,False,0,True,4,False,0,True,4,0.24522372110078883,0.20206434618705002,0.6189320388349514,moderate,False,False,none,-0.09999999999999998,0.0,0.255,0.355,0.42163294070660196,0.20604395604395606,0.9988479262672809,False,none,0.24,0.27,94.44444444444444,29.629629629629626,50.0,False,元器件,False,1.8148148148148147,True,rising,False,False,0.0,0.24522372110078883,0.4381542855226064,元器件,-5.0,-2.0,3.0,0.3,0.5,0.19979545404255866,0.995228012889295,0.28400952920033934,False,False,0.03356229211193035,0.112654172663848,,,,,,,0.07161803713527852,0,0.0,none,0.2295181745933395,False,stable,2.0,趋势不可靠-2分(Bootstrap CI过宽: 0.321),,,0,0
002139.SZ,拓邦股份,元器件,0.481,0.0015769215227526944,0.0020000000000000074,0.002734712813706693,0.9334469581675098,0.019056182979069858,0.55,92.39999999999999,-0.017499999999999974,-0.2,0.8064959405073401,has_near_zero,has_near_zero,has_near_zero,False,0,True,5,False,0,True,5,0.11023963796102465,0.05291502622129183,0.2916666666666668,ultra_stable,False,False,none,-0.024999999999999994,0.0,0.04500000000000001,0.07,0.3672331535001905,0.8928571428571423,0.4023178807947018,False,none,0.14000000000000007,-0.050000000000000044,19.56521739130435,34.14634146341465,-10.869565217391314,False,元器件,False,1.0,False,rising,False,False,0.0,0.11023963796102465,0.22152504370215306,元器件,-5.0,-2.0,3.0,0.3,0.5,0.04016434441541558,0.39546328739998016,0.06265754555969172,True,False,0.0015769215227526944,0.002734712813706693,,,,,,,0.07161803713527852,0,0.0,none,0.11004260538536886,True,increasing_vol,7.600000000000006,波动率飙升预警-7.6分(近期波动是早期的3.8倍),,,0,0
002149.SZ,西部材料,小金属,0.324672,0.03869439292639722,0.04023999999999999,0.5453119321511355,0.1541137948814682,0.14704843983940807,0.3232,79.94077013374866,0.049412499999999984,0.6,0.22067136191984693,has_near_zero,has_near_zero,has_near_zero,False,0,True,5,False,0,True,5,0.27664617072461556,0.08647959296851482,0.6884197056941778,stable,False,False,none,0.09599999999999999,0.0,-0.027749999999999997,-0.12374999999999999,0.5214632684583581,0.996251086406621,0.47088159817695957,True,moderate,-0.07869999999999999,0.0232,-14.65540005281225,-19.58198556854939,6.126221283337734,False,小金属,True,1.0,True,falling,True,False,0.0,0.27664617072461556,0.8532923414492312,小金属,-5.0,-2.0,1.6,0.3,0.24,-0.026182296159650675,0.4737664289495077,-0.11845973250268231,False,True,0.03869439292639722,0.5453119321511355,,,,,,,0.9025069637883009,1,0.0,single_year_drop,0.18736762368184848,False,decreasing_vol,20.059229866251343,"中度恶化-10分; 周期回落期-3分(景气下行趋势); 加速下滑-0.1分(加速度-0.12); 贝叶斯恶化预警-8分(恶化概率90.3%); 趋势不确定预警-4分(Bootstrap CI跨零: [-0.026, 0.093])",,,0,0
002152.SZ,广电运通,IT设备,0.35300000000000004,0.0208363141837499,0.022000000000000002,0.7974642131454059,0.041329688841908,0.06279849694776463,0.37,95.0,0.02000000000000001,0.7,0.12955135290440883,has_near_zero,has_near_zero,has_near_zero,False,0,True,5,False,0,True,5,0.11399759467612826,0.03898717737923586,0.29239766081871355,ultra_stable,False,False,none,0.040000000000000036,0.0,0.017999999999999995,-0.02200000000000004,0.22891612903225836,1.0,0.5999999999999999,True,moderate,-0.020000000000000018,0.06,12.121212121212114,-5.128205128205133,18.18181818181818,False,IT设备,False,1.0,True,falling,False,False,0.0,0.11399759467612826,0.22453140907423594,IT设备,-5.0,-2.0,3.0,0.3,0.5,0.018876413051753915,0.43092575813686773,-0.00022587722973654856,False,False,0.0208363141837499,0.7974642131454059,,,,,,,0.4807121661721069,1,0.0,single_year_drop,0.05148192064812578,False,increasing_vol,5.0,中度恶化-10分,,,0,0
002156.SZ,通富微电,半导体,0.379266,0.008542897933759674,0.010000000000000009,0.012315555962346575,0.8589922033770028,0.11610133850206439,0.45,103.0,-0.009999999999999995,0.0,1.0,has_near_zero,has_near_zero,has_near_zero,False,0,True,5,False,0,True,5,0.5780162977655073,0.2242472028811062,1.5718115269615425,high_volatility,False,False,none,0.4298,0.0,-0.10694,-0.53674,0.3952382283468825,1.0,0.3023008423435899,False,none,0.34,-0.26,21.621621621621625,309.0909090909091,-70.27027027027027,False,半导体,True,6.543636363636364,True,rising,False,False,0.0,0.5780162977655073,1.0,半导体,-5.0,-2.0,3.0,0.3,0.5,0.037005273805384736,0.04679946732486967,-0.0009734295278596428,False,False,-0.025909663771459097,0.03985482969722732,,,,,,,0.07161803713527852,0,0.0,none,0.565820823817867,False,stable,9.0,单年巨幅下滑-15.0分(年跌-70.3%); 峰值明显下跌-8分(从0.7跌至0.5，跌幅-37.5%),cyclical_bottom,周期底部(mid_up),0,0
002167.SZ,东方锆业,小金属,0.0641,0.06620302118578573,0.06699999999999999,0.24157046988424508,0.4004031740520221,,0.23,78.0,0.049166666666666664,0.4,0.4624327264504764,poor,poor,poor,True,2,True,5,True,2,True,5,4.881339912241615,0.21477895613863107,11.136363636363637,high_volatility,False,False,none,0.47,0.0,-0.017999999999999995,-0.488,0.4586672989796014,1.0,0.023478260869565202,False,none,0.33,-0.24000000000000002,64.28571428571428,330.0,-171.42857142857142,False,小金属,True,inf,True,rising,True,False,0.0,4.881339912241615,1.0,小金属,-5.0,-2.0,1.6,0.3,0.24,0.04423615899835836,0.0680173513155646,-0.15411534221108175,False,False,0.06620302118578573,0.24157046988424508,,,,,,,0.07161803713527852,0,0.0,none,4.246261116685405,False,stable,22.0,单年巨幅下滑-15.0分(年跌-171.4%); 周期顶部预警-5分(警惕景气回落); 趋势不可靠-2分(Bootstrap CI过宽: 0.401),,,0,0
002172.SZ,澳洋健康,医疗保健,-0.2876,0.23829904896321633,0.26799999999999996,0.5453448510608424,0.15409465913408346,,0.05,93.0,0.18833333333333332,0.6,0.22067136191984693,poor,poor,poor,True,3,True,4,True,3,True,4,1.6490558033411369,0.6068525356295383,3.804347826086957,high_volatility,False,False,none,-0.7500000000000001,0.0,0.425,1.175,0.5272574958151781,1.0,0.6398448431605235,True,moderate,-0.009999999999999995,0.08,350.00000000000006,-16.66666666666666,400.0,False,医疗保健,True,inf,True,falling,False,False,0.0,1.6490558033411369,1.0,医疗保健,-5.0,-2.0,3.0,0.3,0.5,0.03498892848797911,0.644858728341084,-0.23512727626418015,False,False,0.23829904896321633,0.5453448510608424,,,,,,,0.6492985971943889,1,0.0,single_year_drop,1.1804555507020862,False,decreasing_vol,7.0,中度恶化-10分; 周期回落期-3分(景气下行趋势); 趋势不可靠-2分(Bootstrap CI过宽: 0.624),,,0,0
002173.SZ,创新医疗,医疗保健,-0.24270000000000003,0.0019532621828453195,0.0020000000000000018,0.020650902220748328,0.81766182128014,,-0.21,61.0,0.08250000000000002,0.6,0.22067136191984693,poor,poor,poor,True,5,True,5,True,5,True,5,0.8641133441022518,0.23849528297222147,2.210144927536232,high_volatility,False,False,none,0.45999999999999996,0.0,0.015000000000000008,-0.44499999999999995,0.5474745762711865,1.0,0.08474576271186449,True,severe,-0.13,0.09000000000000001,-23.52941176470587,-162.5,52.94117647058824,False,医疗保健,False,1.0,True,falling,False,False,0.0,0.8641133441022518,0.8246240086151349,医疗保健,-5.0,-2.0,3.0,0.3,0.5,-0.019647357069466728,0.08892723371287574,-0.25727904152433617,False,False,0.10200413699496962,0.5419808107628798,,,,,,,0.9737039819684448,1,0.0,cliff_drop,0.5850916429276858,False,decreasing_vol,39.0,严重恶化-15分; 单年巨幅下滑-15.0分(年跌-162.5%); 贝叶斯高置信度恶化-12分(恶化概率97.4%，严重恶化确认),,,0,0
002179.SZ,中航光电,元器件,1.6447500000000002,-0.018381662560376145,-0.03628000000000002,0.32901183418522767,0.3119777439171167,0.04574267975927082,1.6091,97.93323340325395,-0.03255000000000008,-0.2,0.8064959405073401,good,good,good,False,0,False,0,False,0,False,0,0.11543903241275472,0.18820948966510703,0.3131785227983661,ultra_stable,False,False,none,0.5106000000000002,0.0,-0.08496000000000004,-0.5955600000000002,0.6441097346946513,1.0,0.8967717120034351,False,none,-0.007200000000000095,-0.10860000000000003,-6.713432662763065,-0.44546185732847215,-6.296017160415097,False,元器件,False,1.0,True,falling,False,False,0.0,0.11543903241275472,0.22568455926353712,元器件,-5.0,-2.0,3.0,0.3,0.5,-0.02979023553100757,0.79755689361347,-0.13353319349209836,False,True,0.01760364936158405,0.07669617840289861,,,,,,,0.32530120481927716,0,-0.9292470388852779,none,0.11202375887064218,True,decreasing_vol,2.0667665967460493,加速下滑-0.1分(加速度-0.13); 波动聚集提示-2分(大波动后可能跟着大波动),,,0,0
002180.SZ,纳思达,IT设备,-0.429148,0.06908414461847771,0.06811,0.08123420512297187,0.6420810775920385,,0.5342,74.0,-0.017962499999999992,0.0,1.0,has_loss,has_loss,has_near_zero,True,1,True,3,False,0,True,4,7.9291001426458045,2.339084542080512,19.382033898305085,high_volatility,False,False,none,0.6204000000000001,0.0,-0.39425,-1.01465,0.3189712143493405,0.9368869204826598,0.01618789804942915,False,none,4.9292,-5.7177,-59.612912981023655,112.1547212741752,-432.27489226582,False,IT设备,True,inf,True,rising,False,False,0.0,7.9291001426458045,1.0,IT设备,-5.0,-2.0,3.0,0.3,0.5,-0.29031288751324186,0.027536157381376346,-0.7955165128467718,False,False,-0.2194767410007444,0.06913247980500332,,,,,,,0.6067415730337079,0,0.0,none,7.5582094879410695,False,increasing_vol,26.0,单年巨幅下滑-15.0分(年跌-432.3%); 波动率飙升预警-8.0分(近期波动是早期的8.6倍); 趋势不可靠-2分(Bootstrap CI过宽: 0.849); 峰值大幅下跌-15分(从1.3跌至0.5，跌幅-59.6%),,,0,0
002185.SZ,华天科技,半导体,0.23457500000000003,-0.012449188586286053,-0.012759999999999999,0.7449353632827153,0.059542976851507404,-0.06912272884966941,0.1923,82.0,-0.04166666666666667,-0.6,0.22067136191984693,has_near_zero,has_near_zero,has_near_zero,False,0,True,5,False,0,True,5,0.6275030246326005,0.15772916027165046,1.718252705283259,volatile,False,False,none,0.24639999999999995,0.0,-0.10952999999999999,-0.35592999999999997,0.44191987557865603,1.0,0.6029409604334004,False,none,0.1217,-0.1647,-18.274543136421592,172.37960339943342,-69.99575010624734,False,半导体,True,7.11756373937677,True,rising,False,False,0.0,0.6275030246326005,1.0,半导体,-5.0,-2.0,3.0,0.3,0.5,-0.021023496188803878,0.06201565038060254,-0.010924020911892623,False,False,-0.053739717826688994,0.31948143950519725,,,,,,,0.435483870967742,0,0.0,none,0.5195144467620988,True,decreasing_vol,18.0,单年巨幅下滑-15.0分(年跌-70.0%); 波动聚集提示-2分(大波动后可能跟着大波动); 峰值大幅下跌-15分(从0.5跌至0.2，跌幅-61.7%),,,0,0
002202.SZ,金风科技,电气设备,0.50796,-0.08827151391496744,-0.1006,0.6407852842177795,0.10371341247374537,-0.11093955154013668,0.4206,77.0,-0.099575,-0.6,0.22067136191984693,has_near_zero,has_near_zero,has_near_zero,False,0,True,5,False,0,True,5,0.36905789600307976,0.1986048161550973,0.9306128516742854,moderate,False,False,none,0.11549999999999994,0.0,-0.13367,-0.24916999999999995,0.3126812797798316,1.0,0.6618930518000736,False,none,0.13269999999999998,-0.2324,-19.162021910436287,46.09239319208058,-44.66653853546031,False,电气设备,False,2.739492879472039,True,rising,False,False,0.0,0.36905789600307976,0.6605120340654024,电气设备,-5.0,-2.0,3.0,0.3,0.5,-0.045100627663052784,0.1741181309386841,0.020538566406797937,False,False,-0.08827151391496744,0.6407852842177795,,,,,,,0.435483870967742,0,0.0,none,0.22099125168482373,False,stable,23.0,单年巨幅下滑-15.0分(年跌-44.7%); 峰值明显下跌-8分(从0.8跌至0.4，跌幅-46.7%),,,0,0
002204.SZ,大连重工,专用机械,0.154893,0.05784252789324131,0.05850999999999999,0.9801363845509982,0.00119532048464522,0.7044421257894045,0.2591,100.0,0.058175,1.0,0.02748633611151033,has_near_zero,has_near_zero,has_near_zero,False,0,True,5,False,0,True,5,0.6804382829698448,0.09345139378307847,1.6630260666957914,ultra_stable,False,False,none,0.029,0.0,0.0637,0.03470000000000001,0.3976962702239741,1.0,0.9792885641828132,False,none,0.0711,0.0388,73.65951742627345,37.81914893617021,26.005361930294907,False,专用机械,False,1.0,False,rising,False,False,0.0,0.6804382829698448,0.6776839597092091,专用机械,-5.0,-2.0,3.0,0.3,0.5,0.053816644066051064,0.9728942607853511,-0.005161728493150684,False,False,0.05784252789324131,0.9801363845509982,,,,,,,0.07161803713527852,0,0.0,none,0.09621458988580889,False,stable,0.0,,,,0,0
002217.SZ,合力泰,元器件,-1.191738,0.16653464777730773,0.18877,0.2554380873986882,0.38504893304285326,,0.2,79.71868782677092,0.0012083333333333113,0.0,1.0,poor,poor,poor,True,3,True,2,True,3,True,3,1.413007489780363,1.6214260945229666,3.5294117647058822,high_volatility,False,False,none,-0.056050000000000044,0.0,0.65605,0.7121000000000001,0.24267333939809,0.00800592379107,0.1007958302728222,False,none,4.05,-2.7379,117.98399424512182,105.1948051948052,-246.19188921859543,False,元器件,True,inf,True,rising,False,False,0.0,1.413007489780363,1.0,元器件,-5.0,-2.0,3.0,0.3,0.5,0.5785759643650035,0.26294595944139154,0.6171200800456147,False,False,0.0077854683544887225,0.00018538536726303171,,,,,,,0.07161803713527852,0,0.0,none,1.3983225813974045,True,increasing_vol,20.281312173229075,单年巨幅下滑-15.0分(年跌-246.2%); 周期顶部预警-5分(警惕景气回落); 波动率飙升预警-6.3分(近期波动是早期的3.1倍); 趋势不可靠-2分(Bootstrap CI过宽: 0.944),,,0,0
002219.SZ,新里程,医疗保健,-0.01706,0.011288017218120302,0.01129,0.37770541121071316,0.27001129599334767,,0.0349,100.0,0.0207625,0.4,0.4624327264504764,poor,poor,has_loss,True,2,True,5,True,1,True,5,3.708160657098288,0.10041699059422166,9.113737075332347,high_volatility,False,False,none,-0.1711,0.0,0.06633999999999998,0.23743999999999998,0.3879767775010216,1.0,0.5455793647074632,False,none,0.0258,-0.038599999999999995,-26.83438155136268,283.5164835164835,-80.92243186582809,False,医疗保健,True,inf,True,rising,False,False,0.0,3.708160657098288,1.0,医疗保健,-5.0,-2.0,3.0,0.3,0.5,-0.006394505408883398,0.1058671841456222,-0.044233641690625325,False,False,0.03326859093712999,0.2774810890991254,,,,,,,0.435483870967742,0,0.0,none,3.1539457902602077,False,decreasing_vol,0.0,单年巨幅下滑-15.0分(年跌-80.9%),,,0,0
002222.SZ,福晶科技,元器件,0.468535,0.0016052157165628521,0.0017700000000000049,0.008410018138700811,0.883399973501988,0.08471622177275617,0.4653,97.9412444362186,0.026524999999999993,0.4,0.4624327264504764,has_near_zero,has_near_zero,has_near_zero,False,0,True,5,False,0,True,5,0.15981699100222901,0.07248339809915094,0.4266437359439078,stable,False,False,none,0.09674999999999997,0.0,-0.032149999999999984,-0.12889999999999996,0.6834796971144199,0.9923120754083591,0.9780096133527197,False,none,-0.023799999999999988,-0.04049999999999998,-12.14123867069486,-4.86608055612349,-7.647280966767369,False,元器件,False,1.0,True,falling,False,False,0.0,0.15981699100222901,0.2611869261351165,元器件,-5.0,-2.0,3.0,0.3,0.5,-0.028783524781975434,0.9789866506656351,-0.1175111275628101,False,True,0.027735761480552006,0.4331669538688262,,,,,,,0.32530120481927716,0,-0.36368487345111083,none,0.12087358659985814,True,decreasing_vol,2.0587555637814052,加速下滑-0.1分(加速度-0.12); 波动聚集提示-2分(大波动后可能跟着大波动),,,0,0
002223.SZ,鱼跃医疗,医疗保健,1.866,0.01602103483931716,0.031000000000000028,0.15326510941238017,0.514581183758009,0.008463377918750403,1.81,89.82536304727985,0.10333333333333333,0.4,0.4624327264504764,good,good,good,False,0,False,0,False,0,False,0,0.1960530692868378,0.3556402676863238,0.5071664829106947,stable,False,False,none,-0.26,0.0,0.17600000000000002,0.43600000000000005,0.28329144114388805,1.0,0.3092651757188499,True,moderate,-0.6000000000000001,0.8,12.422360248447202,-24.89626556016598,49.68944099378882,False,医疗保健,False,1.6174496644295302,True,falling,False,False,0.0,0.1960530692868378,0.37250241068674095,医疗保健,-5.0,-2.0,3.0,0.3,0.5,0.05050772493436584,0.07442891373061881,0.08632089044377622,False,False,0.04828521073418135,0.22222557873260262,,,,,,,0.6492985971943889,1,0.0,single_year_drop,0.17383742291953477,False,increasing_vol,10.174636952720155,中度恶化-10分; 波动率飙升预警-7.4分(近期波动是早期的3.7倍),,,0,0
002230.SZ,科大讯飞,软件服务,0.3834,-0.11063358420348934,-0.122,0.7080172434971744,0.07396483125144751,-0.21745770996335634,0.24,56.0,-0.11,-0.5,0.3122163883433192,has_near_zero,has_near_zero,has_near_zero,False,0,True,5,False,0,True,5,0.5471012044321933,0.22978250586152116,1.0952380952380953,moderate,False,False,none,-0.2,0.0,0.0,0.2,0.23407065287509146,0.6396588486140725,0.0,True,moderate,-0.040000000000000036,0.040000000000000036,0.0,-14.285714285714295,16.666666666666682,False,软件服务,False,2.0416666666666665,True,falling,False,False,0.0,0.5471012044321933,0.709903185767977,软件服务,-5.0,-2.0,3.0,0.3,0.5,0.0,0.0,0.18253349182954978,False,False,-0.11063358420348934,0.7080172434971744,,,,,,,0.8223350253807107,1,0.0,single_year_drop,0.29728552740968783,False,decreasing_vol,44.0,"中度恶化-10分; 相对加权下滑-10.0分(最新为加权62.6%); 贝叶斯中度恶化预警-5分(恶化概率82.2%); 趋势不确定预警-4分(Bootstrap CI跨零: [-0.221, 0.006]); 峰值大幅下跌-15分(从0.7跌至0.2，跌幅-65.7%)",,,0,0
002241.SZ,歌尔股份,元器件,0.7269000000000001,-0.09107131693477373,-0.11699999999999999,0.24626505953998779,0.3951412267273523,-0.029357571531159143,0.79,75.0,-0.17583333333333334,-0.4,0.4624327264504764,has_near_zero,has_near_zero,has_near_zero,False,0,True,4,False,0,True,4,0.48657410781669597,0.37076947015632233,1.2729658792650917,volatile,False,False,none,-0.185,0.0,0.135,0.32,0.25304074371668916,0.23078219824679705,0.3275913720790893,False,none,0.47000000000000003,-0.2,51.92307692307693,146.875,-38.46153846153847,False,元器件,False,4.03125,True,rising,False,False,0.0,0.48657410781669597,0.9267592862533568,元器件,-5.0,-2.0,3.0,0.3,0.5,0.11290603233606233,0.30220764583153664,0.26409955573460137,False,False,-0.09107131693477373,0.24626505953998779,,,,,,,0.07161803713527852,0,0.0,none,0.42168174553788546,False,decreasing_vol,25.0,单年巨幅下滑-15.0分(年跌-38.5%); 趋势不可靠-2分(Bootstrap CI过宽: 0.562); 峰值明显下跌-8分(从1.3跌至0.8，跌幅-38.8%),,,0,0
002245.SZ,蔚蓝锂芯,电气设备,0.35768000000000005,0.007675718149993294,0.008824999999999996,0.012812513319820317,0.8561873473678361,0.10583426169409882,0.4235,103.94073033885822,-0.01115833333333334,0.0,1.0,has_near_zero,has_near_zero,has_near_zero,False,0,True,5,False,0,True,5,0.5323330604517164,0.19436544703213068,1.447743207712533,volatile,False,False,none,0.36760000000000004,0.0,-0.09056,-0.45816,0.3695191257923064,1.0,0.2873085576196145,False,none,0.3013,-0.22369999999999998,22.434229546111595,246.5630114566285,-64.6718704827985,False,电气设备,True,5.32569558101473,True,rising,False,False,0.0,0.5323330604517164,1.0,电气设备,-5.0,-2.0,3.0,0.3,0.5,0.03620792860876973,0.05760497690565436,0.006305740368295898,False,False,-0.022555658511193115,0.03929539866311841,,,,,,,0.07161803713527852,0,0.0,none,0.5213872792760137,False,stable,8.05926966114178,单年巨幅下滑-15.0分(年跌-64.7%); 峰值明显下跌-8分(从0.7跌至0.4，跌幅-34.9%),cyclical_bottom,周期底部(mid_up),0,0
002249.SZ,大洋电机,电气设备,0.21630000000000002,0.07914765430623596,0.081,0.9917398398274196,0.0003194119900006938,0.7439556373798932,0.37,100.0,0.07750000000000001,1.0,0.02748633611151033,has_near_zero,has_near_zero,has_near_zero,False,0,True,5,False,0,True,5,0.6704401668762926,0.12872451204024818,1.71875,ultra_stable,False,False,none,0.06999999999999999,0.0,0.095,0.02500000000000001,0.5041758241758242,1.0,0.9917582417582418,False,none,0.10999999999999999,0.08000000000000002,105.55555555555556,42.3076923076923,44.44444444444445,False,电气设备,False,1.0,False,rising,False,False,0.0,0.6704401668762926,0.6696854668343674,电气设备,-5.0,-2.0,3.0,0.3,0.5,0.09149860845360258,0.9929181660388934,0.021972326789733126,False,False,0.07914765430623596,0.9917398398274196,,,,,,,0.07161803713527852,0,0.0,none,0.06740718284137914,True,stable,0.0,波动聚集提示-2分(大波动后可能跟着大波动),,,0,0
002252.SZ,上海莱士,生物制药,0.272,0.030954754246030246,0.03200000000000001,0.8040674066449665,0.0392328659636969,0.11962776897325011,0.33,100.0,0.032500000000000015,0.6,0.22067136191984693,has_near_zero,has_near_zero,has_near_zero,False,0,True,5,False,0,True,5,0.22027925281049512,0.05639148871948675,0.546875,ultra_stable,False,False,none,-0.01999999999999999,0.0,0.041,0.06099999999999999,0.3589307692307686,1.0,0.83424317617866,False,none,0.06,-0.010000000000000009,17.85714285714285,22.22222222222222,-3.571428571428574,False,生物制药,False,1.2173913043478262,True,rising,False,False,0.0,0.22027925281049512,0.3385422428281063,生物制药,-5.0,-2.0,3.0,0.3,0.5,0.023910801885900917,0.6037298659632843,-0.01007836875986537,False,False,0.030954754246030246,0.8040674066449665,,,,,,,0.07161803713527852,0,0.0,none,0.09726484060928696,False,decreasing_vol,0.0,,,,0,0
002255.SZ,海陆重工,专用机械,0.48238200000000003,0.009857242896721092,0.010699999999999998,0.5509460848800586,0.1508571045382791,-0.1599908291797184,0.449,81.0,0.005250000000000005,0.2,0.8064959405073401,has_near_zero,has_near_zero,has_near_zero,False,0,True,5,False,0,True,5,0.4333341500745586,0.22063641585196223,1.0032209914368766,moderate,False,True,deterioration_to_recovery,-0.5108,0.0,0.0178,0.5286000000000001,0.8426972990440295,1.0,0.7865938430983119,False,none,0.044999999999999984,0.0040000000000000036,12.249999999999996,11.138613861386135,1.0000000000000009,False,专用机械,False,1.0,False,rising,False,False,0.0,0.4333341500745586,0.48000065339298026,专用机械,-5.0,-2.0,3.0,0.3,0.5,0.022551128504331275,0.8112634117332148,0.23263560187449672,True,False,-0.07380528396560812,0.39986332901059934,,,,,,,0.07161803713527852,0,0.0,none,0.3330854857039852,False,decreasing_vol,19.0,"趋势不确定预警-4分(Bootstrap CI跨零: [-0.002, 0.023]); 峰值大幅下跌-15分(从0.9跌至0.4，跌幅-50.2%)",,,0,0
002262.SZ,恩华药业,化学制药,0.9650000000000001,0.07803941948355383,0.10599999999999998,0.9916720066979942,0.0003233612365725491,0.11927418365552511,1.13,100.0,0.10291666666666666,1.0,0.02748633611151033,has_near_zero,has_near_zero,has_near_zero,False,0,True,3,False,0,True,3,0.18484903958672383,0.16858232410309212,0.4495614035087719,ultra_stable,False,False,none,0.07000000000000006,0.0,0.11599999999999996,0.0459999999999999,0.5087266272189349,1.0,0.9952662721893493,False,none,0.09999999999999987,0.14,26.96629213483145,9.708737864077657,15.730337078651688,False,化学制药,False,1.0,False,rising,False,False,0.0,0.18484903958672383,0.2812125650027124,化学制药,-5.0,-2.0,3.0,0.3,0.5,0.08448091985880052,0.9873960093161064,0.018260287609199954,False,False,0.07803941948355383,0.9916720066979942,,,,,,,0.07161803713527852,0,0.0,none,0.019918752329588757,False,stable,0.0,,,,0,0
002265.SZ,建设工业,专用机械,0.15789999999999998,0.11190997794299315,0.11299999999999999,0.797224510138652,0.041406621366568294,,0.25,93.0,0.12125,0.8,0.0864107329737,has_loss,has_loss,has_loss,True,1,True,5,True,1,True,5,1.6135079511513788,0.20007498594277096,3.790322580645161,high_volatility,False,False,none,0.21,0.0,0.0050000000000000044,-0.205,0.4944958998705222,0.9992447129909368,0.035714285714285796,True,moderate,-0.03999999999999998,0.04999999999999999,4.1666666666666705,-13.793103448275856,20.83333333333333,False,专用机械,False,1.0,True,falling,False,False,0.0,1.6135079511513788,1.0,专用机械,-5.0,-2.0,3.0,0.3,0.5,0.004856356197431744,0.036088437322598796,-0.2035414705456512,False,False,0.11190997794299315,0.797224510138652,,,,,,,0.6492985971943889,1,0.0,single_year_drop,0.7261423953715134,True,decreasing_vol,7.0,中度恶化-10分; 波动聚集提示-2分(大波动后可能跟着大波动),,,0,0
002270.SZ,华明装备,电气设备,0.564,0.059800567043338526,0.06799999999999998,0.6843186563861644,0.08393206360461654,0.16082398658938568,0.69,100.0,0.07708333333333332,0.8,0.0864107329737,has_near_zero,has_near_zero,has_near_zero,False,0,True,5,False,0,True,5,0.2441920585951846,0.12942179105544785,0.5849056603773584,stable,False,False,none,0.01999999999999999,0.0,0.13499999999999998,0.11499999999999999,0.21297801070949346,0.05063291139240499,0.9475736568457537,False,none,0.07999999999999996,0.19,64.28571428571428,13.114754098360649,45.23809523809524,False,电气设备,False,1.3095238095238098,True,rising,False,False,0.0,0.2441920585951846,0.36995682147932235,电气设备,-5.0,-2.0,3.0,0.3,0.5,0.1179573985075632,0.9415959146131153,0.09938849032443925,False,False,0.059800567043338526,0.6843186563861644,,,,,,,0.07161803713527852,0,0.0,none,0.13592765022134248,False,stable,0.0,,,,0,0
002273.SZ,水晶光电,元器件,0.48750000000000004,0.013067479348686456,0.014000000000000002,0.3620135031994257,0.2830515908711905,0.19320450620534801,0.75,94.0,0.06249999999999997,0.8,0.0864107329737,has_near_zero,has_near_zero,has_near_zero,False,0,True,5,False,0,True,5,0.3574378946629321,0.1651363073342746,0.8874458874458876,moderate,False,False,none,0.024999999999999994,0.0,0.165,0.14,0.3987173476133806,0.38265306122449005,0.7727057710501418,False,none,0.32,0.010000000000000009,78.57142857142858,74.4186046511628,2.380952380952383,False,元器件,False,1.0,False,rising,False,False,0.0,0.3574378946629321,0.419283649063679,元器件,-5.0,-2.0,3.0,0.3,0.5,0.14230348636506873,0.7742264544023117,0.11905294307065037,True,False,0.07461912664336293,0.671774337344203,,,,,,,0.07161803713527852,0,0.0,none,0.2076963613725309,False,increasing_vol,6.000000000000004,波动率飙升预警-6.0分(近期波动是早期的3.0倍),,,0,0
002276.SZ,万马股份,电气设备,0.37251200000000007,0.05015559215104567,0.053239999999999996,0.41857691830730387,0.23800650731848674,0.11997020074199094,0.3389,44.0,0.07419999999999999,0.6,0.22067136191984693,has_near_zero,has_near_zero,has_near_zero,False,0,True,5,False,0,True,5,0.36933962491557953,0.1316843498674007,0.9457564368654288,moderate,False,False,none,0.0966,0.0,-0.03485000000000002,-0.13145,0.3535711160605428,0.9331025021232116,0.10225867218023474,True,severe,-0.2137,0.14399999999999996,-17.058247674987772,-38.67173362287369,35.24229074889867,False,电气设备,False,1.0,True,falling,False,False,0.0,0.36933962491557953,0.428805033265797,电气设备,-5.0,-2.0,3.0,0.3,0.5,-0.032640801571693856,0.10810348642198804,-0.1247608729110821,False,False,0.05015559215104567,0.41857691830730387,,,,,,,0.9737039819684448,1,0.0,cliff_drop,0.28402037256774876,True,increasing_vol,56.0,严重恶化-15分; 单年巨幅下滑-15.0分(年跌-38.7%); 贝叶斯高置信度恶化-12分(恶化概率97.4%，严重恶化确认); 波动聚集风险-6分(ARCH效应+波动上升); 峰值明显下跌-8分(从0.6跌至0.3，跌幅-38.7%),,,0,0
002294.SZ,信立泰,化学制药,0.46940000000000004,0.0035451440353340357,0.0040000000000000036,0.04619279242357204,0.7284705108530394,0.7320508075688774,0.54,97.86836618970743,0.04999999999999999,0.6,0.22067136191984693,has_near_zero,has_near_zero,has_near_zero,False,0,True,5,False,0,True,5,0.4874456952165276,0.21447610589527216,1.1818181818181817,moderate,False,False,none,0.44,0.0,0.006000000000000017,-0.434,0.5505239732427435,1.0,0.05142857142857177,False,none,0.020000000000000018,-0.05999999999999994,-6.896551724137918,3.8461538461538494,-10.344827586206886,False,化学制药,False,1.1153846153846152,True,rising,False,False,0.0,0.4874456952165276,0.5386745048911709,化学制药,-5.0,-2.0,3.0,0.3,0.5,-0.017449868894139964,0.4254753324982531,-0.26326762058513187,False,True,0.09312881505842072,0.5216103026816634,,,,,,,0.2783505154639176,0,0.0,none,0.337023308902814,True,decreasing_vol,2.131633810292566,加速下滑-0.1分(加速度-0.26); 波动聚集提示-2分(大波动后可能跟着大波动),,,0,0
002309.SZ,中利集团,电气设备,-1.9139000000000002,0.39206078939263966,0.8870000000000001,0.578766392046299,0.1353106131925792,,-0.46,79.0,0.99125,0.6,0.22067136191984693,poor,poor,poor,True,5,True,2,True,5,True,2,0.8606328573058828,1.876179628926825,1.9954128440366965,high_volatility,False,False,none,-1.4599999999999995,0.0,1.1889999999999998,2.648999999999999,0.43055090546321767,1.0,0.5714740188736829,False,none,1.26,-1.16,17.85714285714286,73.25581395348837,-207.1428571428571,False,电气设备,True,inf,True,rising,False,False,0.0,0.8606328573058828,1.0,电气设备,-5.0,-2.0,3.0,0.3,0.5,0.04453615740299002,0.008745877580176423,-0.6501891312491622,False,False,0.39206078939263966,0.578766392046299,,,,,,,0.07161803713527852,0,0.0,none,0.5716721839791814,False,decreasing_vol,21.0,"单年巨幅下滑-15.0分(年跌-207.1%); 周期顶部预警-5分(警惕景气回落); 趋势不确定预警-4分(Bootstrap CI跨零: [-0.073, 0.856])",,,0,0
002316.SZ,亚联发展,软件服务,-0.3495950000000001,0.27576649495678374,0.32055,0.9298130312882558,0.008064471813520735,,0.0253,113.0,0.328575,1.0,0.02748633611151033,poor,poor,poor,True,4,True,4,True,4,True,4,1.1925491415478102,0.5315907053363518,2.8284278535534826,volatile,False,False,none,0.5013000000000001,0.0,0.1291,-0.3722000000000001,0.7170866069587725,0.9999995224865273,0.9469986461823781,False,none,0.0762,0.182,110.86303134392443,149.70530451866406,78.1451266638042,False,软件服务,False,1.0,False,rising,False,False,0.0,1.1925491415478102,1.0,软件服务,-5.0,-2.0,3.0,0.3,0.5,0.12807079264932447,0.9481086325042941,-0.2757584640893983,False,True,0.27576649495678374,0.9298130312882558,,,,,,,0.07161803713527852,0,0.0,none,0.3596933344727831,True,decreasing_vol,2.0,波动聚集提示-2分(大波动后可能跟着大波动),high_growth,"高速成长(稳健CAGR=32.9%, MK趋势=1.00)",1,0
002322.SZ,理工能科,软件服务,0.5842,0.023778664031955554,0.029000000000000005,0.3875801235102562,0.2620260609018414,0.05144738184330144,0.77,98.0,0.09000000000000005,0.6,0.22067136191984693,has_near_zero,has_near_zero,has_near_zero,False,0,True,5,False,0,True,5,0.39194405415682176,0.22027255843613386,1.0320284697508897,moderate,False,False,none,-0.44,0.0,0.18200000000000002,0.622,0.6123553903345725,1.0,0.879553903345725,False,none,0.12,0.08000000000000007,35.08771929824563,18.46153846153846,14.035087719298259,False,软件服务,False,1.0,False,rising,False,False,0.0,0.39194405415682176,0.4468885766587908,软件服务,-5.0,-2.0,3.0,0.3,0.5,0.08306996776433084,0.9895634384002031,0.10879417068658886,False,False,0.06517323585547478,0.2665728116767145,,,,,,,0.07161803713527852,0,0.0,none,0.3320782423130774,True,decreasing_vol,2.0,波动聚集提示-2分(大波动后可能跟着大波动),,,0,0
002331.SZ,皖通科技,软件服务,-0.174508,0.002781898731549162,0.002840000000000001,0.04458175145908822,0.7331743331611504,,0.09,99.1235502991192,0.10723333333333332,0.8,0.0864107329737,poor,poor,poor,True,4,True,5,True,5,True,5,0.9615466026039289,0.2011555492647419,2.695984703632887,volatile,False,False,none,0.11129999999999998,0.0,0.17070000000000002,0.059400000000000036,0.2766388643226836,0.6444167617056628,0.8776333754101131,False,none,0.2811,0.06030000000000002,135.79952267303105,147.09576138147568,23.985680190930793,False,软件服务,True,inf,True,rising,False,False,0.0,0.9615466026039289,1.0,软件服务,-5.0,-2.0,3.0,0.3,0.5,0.16935168887217839,0.8757567736556359,0.06484557590901452,True,False,0.11232501946568604,0.8236117162595515,,,,,,,0.07161803713527852,0,0.0,none,0.40084706506295953,False,stable,0.8764497008807961,周期顶部预警-5分(警惕景气回落),,,0,0
002332.SZ,仙琚制药,化学制药,0.56202,-0.0008068311843015818,-0.001000000000000023,0.0032217745984226406,0.9277688848504778,-0.07652673811179478,0.4,38.87927089505781,-0.031250000000000014,-0.2,0.8064959405073401,has_near_zero,has_near_zero,has_near_zero,False,0,True,5,False,0,True,5,0.2225588958821035,0.1289773313415966,0.617062396466041,moderate,False,False,none,0.1038,0.0,-0.17880000000000001,-0.2826,0.6694386027209991,0.9658624217707887,0.9991932136600264,True,severe,-0.16999999999999993,-0.1876000000000001,-47.201689545934535,-29.824561403508763,-24.762407602956717,False,化学制药,False,1.0,True,falling,False,False,0.0,0.2225588958821035,0.31138045003901615,化学制药,-5.0,-2.0,3.0,0.3,0.5,-0.1545903869941413,0.9999599189651188,-0.2414582098843835,False,True,-0.0313858683217038,0.19786230807091326,,,,,,,0.9935602575896965,2,0.20442898290502284,sustained_decline,0.20103141446216344,True,increasing_vol,61.12072910494219,复合恶化-14.0分(触发2项恶化信号); 严重恶化-15分; 加速下滑-0.1分(加速度-0.24); 贝叶斯高置信度恶化-12分(恶化概率99.4%，严重恶化确认); 波动聚集风险-6分(ARCH效应+波动上升); 峰值明显下跌-8分(从0.8跌至0.4，跌幅-47.2%); 连续下跌警示-6分(2年下跌，累计-27.3%),,,0,0
002334.SZ,英威腾,电气设备,0.34058900000000003,0.05602031548431089,0.05863,0.6789822771029612,0.08625372457735439,0.1893722482588016,0.3602,83.0,0.077225,0.6,0.22067136191984693,has_near_zero,has_near_zero,has_near_zero,False,0,True,5,False,0,True,5,0.3500830036466283,0.11307681017786095,0.8913312693498452,moderate,False,False,none,0.09245,0.0,-0.002349999999999991,-0.0948,0.37659452099362956,0.9651010549826279,0.0014905278272346117,True,moderate,-0.10769999999999996,0.10299999999999998,-1.2880241161962132,-23.017738833083985,28.226911482597966,False,电气设备,False,1.0,True,falling,False,False,0.0,0.3500830036466283,0.413399736250636,电气设备,-5.0,-2.0,3.0,0.3,0.5,-0.002209283187625505,0.0015450684589776368,-0.09131436507696192,False,False,0.05602031548431089,0.6789822771029612,,,,,,,0.9025069637883009,1,0.0,single_year_drop,0.20046703203019967,False,stable,17.0,"中度恶化-10分; 贝叶斯恶化预警-8分(恶化概率90.3%); 趋势不确定预警-4分(Bootstrap CI跨零: [-0.002, 0.108])",,,0,0
002335.SZ,科华数据,电气设备,0.8155000000000001,-0.013466242760874303,-0.014999999999999968,0.015595512007438162,0.8414095744602683,-0.048611921605855146,0.68,55.0,0.016250000000000014,0.0,1.0,has_near_zero,has_near_zero,has_near_zero,False,0,True,4,False,0,True,4,0.26815406618653687,0.21988633427296023,0.6829268292682927,moderate,False,False,none,0.12,0.0,-0.024999999999999967,-0.14499999999999996,0.13323261395390446,1.0,0.016168671581942788,True,severe,-0.42000000000000004,0.56,25.925925925925924,-38.18181818181819,103.7037037037037,False,电气设备,False,1.898148148148148,True,falling,False,False,0.0,0.26815406618653687,0.4676096727023159,电气设备,-5.0,-2.0,3.0,0.3,0.5,0.059752573003350684,0.07116627320362029,0.1793643111042389,False,False,-0.013466242760874303,0.015595512007438162,,,,,,,0.7873633049817741,1,0.0,cliff_drop,0.266589661447551,False,increasing_vol,45.0,严重恶化-15分; 单年巨幅下滑-15.0分(年跌-38.2%); 贝叶斯中度恶化预警-5分(恶化概率78.7%); 趋势不可靠-2分(Bootstrap CI过宽: 0.350); 峰值明显下跌-8分(从1.1跌至0.7，跌幅-38.2%),,,0,0
002339.SZ,积成电子,电气设备,0.0189,0.0030343414532393908,0.003,0.0029151628194269874,0.9312883501580805,,0.06,92.0,0.015,0.1,1.0,poor,poor,poor,True,2,True,5,True,2,True,5,4.944132324730442,0.08899438184514795,11.666666666666668,high_volatility,False,False,none,-0.21,0.0,0.05700000000000001,0.267,0.540387951807229,1.0,0.8698795180722894,False,none,0.0,0.12,200.0,0.0,200.0,False,电气设备,False,1.0,False,falling,False,False,0.0,4.944132324730442,1.0,电气设备,-5.0,-2.0,3.0,0.3,0.5,0.059964058195333944,0.7500000000000001,0.1498030124923896,True,False,0.0030343414532393908,0.0029151628194269874,,,,,,,0.16167664670658682,0,0.0,none,4.937104414532875,False,decreasing_vol,8.0,峰值明显下跌-8分(从0.1跌至0.1，跌幅-50.0%),,,0,0
002340.SZ,格林美,小金属,0.19030000000000002,0.0009797081303327155,0.0010000000000000009,0.049725298014837556,0.7184490366754438,0.2209471671615688,0.2,98.9435640885168,0.02375000000000001,0.4,0.4624327264504764,has_near_zero,has_near_zero,has_near_zero,False,0,True,5,False,0,True,5,0.3319224235783146,0.06107372593840989,0.923913043478261,moderate,False,False,none,0.085,0.0,-0.03,-0.115,0.5238956796628029,0.9897260273972603,0.519230769230769,False,none,0.020000000000000018,-0.08000000000000002,-23.076923076923077,11.111111111111121,-30.769230769230777,False,小金属,True,1.4444444444444446,True,rising,True,False,0.0,0.3319224235783146,1.0,小金属,-5.0,-2.0,1.6,0.3,0.24,-0.029233119081886735,0.5175992276728131,-0.11287182296642077,False,True,0.020778922896804795,0.29845366764325276,,,,,,,0.435483870967742,0,0.0,none,0.2785823126383545,False,decreasing_vol,1.0564359114832105,单年巨幅下滑-15.0分(年跌-30.8%); 加速下滑-0.1分(加速度-0.11),,,0,0
002350.SZ,北京科锐,电气设备,0.0026770000000000127,-0.016638370040202625,-0.01678,0.17796752534019541,0.47925558797953816,,0.0743,90.64184661206255,-0.039216666666666664,-0.4,0.4624327264504764,has_loss,has_loss,has_near_zero,True,1,True,5,False,0,True,5,9.874376229119612,0.19353777409074438,25.9234693877551,high_volatility,False,False,none,-0.0365,0.0,0.022500000000000006,0.059000000000000004,0.11447694650598553,0.18139638110418627,0.011595742967024422,False,none,0.3823,-0.3373,153.5836177474403,124.12337662337663,-1151.1945392491468,False,电气设备,True,inf,True,rising,False,False,0.0,9.874376229119612,1.0,电气设备,-5.0,-2.0,3.0,0.3,0.5,0.022467998938373097,0.011868221523343998,0.058881295234283294,False,False,-0.05578965227574487,0.21278021360252228,,,,,,,0.07161803713527852,0,0.0,none,8.763287903773513,True,increasing_vol,21.358153387937453,单年巨幅下滑-15.0分(年跌-1151.2%); 波动率飙升预警-5.4分(近期波动是早期的2.7倍); 峰值大幅下跌-15分(从0.2跌至0.1，跌幅-62.9%),cyclical_bottom,周期底部(mid_up),0,0
002351.SZ,漫步者,IT设备,0.3996,0.04807980868490235,0.052000000000000005,0.658374028059988,0.09548901207902871,0.1325362730663575,0.51,91.81818181818181,0.051666666666666666,0.6,0.22067136191984693,has_near_zero,has_near_zero,has_near_zero,False,0,True,5,False,0,True,5,0.2627499636589466,0.1008959860450355,0.5989583333333333,stable,False,False,none,-0.014999999999999986,0.0,0.11499999999999999,0.12999999999999998,0.42105604419337433,0.18243243243243237,0.8758278145695366,False,none,0.040000000000000036,0.18999999999999995,82.14285714285712,8.51063829787235,67.85714285714283,False,IT设备,False,1.2499999999999998,True,rising,False,False,0.0,0.2627499636589466,0.3768666375938239,IT设备,-5.0,-2.0,3.0,0.3,0.5,0.10683673503528657,0.8719341464753719,0.12122339931506995,False,False,0.04807980868490235,0.658374028059988,,,,,,,0.07161803713527852,0,0.0,none,0.15229366163764,False,increasing_vol,8.181818181818183,"波动率飙升预警-4.2分(近期波动是早期的2.1倍); 趋势不确定预警-4分(Bootstrap CI跨零: [-0.021, 0.116])",,,0,0
002358.SZ,森源电气,电气设备,-0.18610000000000004,0.26338056708612856,0.293,0.8310853075190701,0.03110890340906281,,0.1,96.0,0.2975,1.0,0.02748633611151033,poor,poor,poor,True,2,True,4,True,2,True,4,1.8673153568165648,0.5116444077677387,4.233576642335767,high_volatility,False,True,worsening,0.55,0.0,0.030000000000000002,-0.52,0.8873286833255085,0.9995594228439257,0.9642857142857143,False,none,0.020000000000000004,0.04,150.0,25.000000000000007,100.0,False,电气设备,False,1.0,False,rising,False,False,0.0,1.8673153568165648,1.0,电气设备,-5.0,-2.0,3.0,0.3,0.5,0.029922368946590287,0.9640846578780546,-0.45165734862082485,False,True,0.26338056708612856,0.8310853075190701,,,,,,,0.07161803713527852,0,0.0,none,0.7925466304492192,True,decreasing_vol,4.0,波动聚集提示-2分(大波动后可能跟着大波动); 趋势不可靠-2分(Bootstrap CI过宽: 0.460),,,0,0
002364.SZ,中恒电气,电气设备,0.09770000000000001,-0.001065205987806256,-0.000999999999999998,0.0012553774683604845,0.9548969003130207,,0.2,100.0,0.005000000000000001,0.1,1.0,has_loss,has_loss,has_near_zero,True,1,True,5,False,0,True,5,1.2295812515422095,0.12049896265113655,3.0612244897959187,high_volatility,False,False,none,-0.13,0.0,0.15000000000000002,0.28,0.5304108983799706,0.7499999999999999,0.9941089837997055,False,none,0.13,0.17,300.00000000000006,185.7142857142857,170.0,False,电气设备,False,1.0,False,rising,False,False,0.0,1.2295812515422095,1.0,电气设备,-5.0,-2.0,3.0,0.3,0.5,0.14926209462422452,0.9937425955170547,0.2788416740064862,True,False,-0.001065205987806256,0.00019704412813034282,,,,,,,0.07161803713527852,0,0.0,none,1.229475394605029,False,stable,0.0,,,,0,0
002365.SZ,永安药业,化学制药,0.255554,-0.030277076543207715,-0.031545000000000004,0.28268769894850204,0.3564453281930725,,0.2107,76.0,-0.046950000000000006,-0.2,0.8064959405073401,has_loss,has_loss,has_near_zero,True,1,True,5,False,0,True,5,0.7286300666796204,0.20212198049692667,1.8673395818312908,high_volatility,False,False,none,0.055150000000000005,0.0,-0.13274999999999998,-0.18789999999999998,0.19134247172015845,0.8180482550315714,0.26265057921531754,False,none,0.2525,-0.518,-55.75388492230155,604.0669856459331,-108.77782444351114,False,化学制药,True,inf,True,rising,False,False,0.0,0.7286300666796204,1.0,化学制药,-5.0,-2.0,3.0,0.3,0.5,-0.12532621851029413,0.2496942886087945,-0.1761424524676635,False,False,-0.07074885547382166,0.3244817259256412,,,,,,,0.6067415730337079,0,0.0,none,0.598852502941766,False,increasing_vol,24.0,单年巨幅下滑-15.0分(年跌-108.8%); 波动率飙升预警-8.0分(近期波动是早期的7.0倍); 峰值大幅下跌-15分(从0.5跌至0.2，跌幅-55.8%),,,0,0
002370.SZ,亚太药业,化学制药,-0.1077,0.03977448325349534,0.040999999999999995,0.09163553114227586,0.6205432089800647,,0.05,98.0,0.11,0.3,0.6133543559547467,poor,poor,poor,True,3,True,5,True,3,True,5,1.7716909687891083,0.212602916254693,4.0,high_volatility,False,False,none,-0.48,0.0,0.16699999999999998,0.647,0.6579092381806584,1.0,0.9638500086400553,False,none,0.07,0.23,120.0,350.00000000000006,92.0,False,化学制药,False,1.0,False,rising,False,False,0.0,1.7716909687891083,1.0,化学制药,-5.0,-2.0,3.0,0.3,0.5,0.14872282580830606,0.9145383918995261,0.29744565161661213,True,False,0.03977448325349534,0.09163553114227586,,,,,,,0.07161803713527852,0,0.0,none,1.6873199492423219,False,decreasing_vol,2.0,趋势不可靠-2分(Bootstrap CI过宽: 0.397),,,0,0
002371.SZ,北方华创,半导体,5.852635,0.5401585375583867,2.41725,0.9880217700384005,0.0005584003948382027,0.7633548904008811,10.5725,119.0,2.4885,1.0,0.02748633611151033,good,good,good,False,0,False,0,False,0,False,0,0.7568386163264748,3.880659731669346,1.8486736122758636,stable,False,False,none,1.0543000000000002,0.0,2.81752,1.7632199999999998,0.699486319117421,1.0,0.9948631911742101,False,none,3.2101999999999995,2.9011000000000005,136.9878059714875,43.60322181926843,65.0295884515377,False,半导体,False,1.0,False,rising,False,False,0.0,0.7568386163264748,0.7388042263945132,半导体,-5.0,-2.0,3.0,0.3,0.5,0.4263682715437085,0.991875698246725,-0.20109601228531027,False,True,0.5401585375583867,0.9880217700384005,,,,,,,0.07161803713527852,0,0.0,none,0.13108690789167965,True,increasing_vol,6.0,波动聚集风险-6分(ARCH效应+波动上升),"high_growth,turnaround","高速成长(稳健CAGR=248.9%, MK趋势=1.00); 底部强力反转(曾跌137%, 近期斜率0.43)",1,1
002378.SZ,章源钨业,小金属,0.1442,0.013978657186468808,0.014000000000000002,0.1081914303635554,0.5888794349284943,0.3677823998673806,0.14,90.93575254500803,0.02250000000000001,0.2,0.8064959405073401,has_near_zero,has_near_zero,has_near_zero,False,0,True,5,False,0,True,5,0.48445214165180484,0.06782329983125268,1.2857142857142856,volatile,False,False,none,0.14,0.0,-0.021999999999999995,-0.162,0.47341694915254234,1.0,0.4101694915254236,False,none,0.020000000000000018,-0.1,-36.36363636363636,16.666666666666682,-45.45454545454546,False,小金属,True,1.8333333333333335,True,rising,True,False,0.0,0.48445214165180484,1.0,小金属,-5.0,-2.0,1.6,0.3,0.24,-0.039358126767008464,0.570154269770059,-0.1284949099839361,False,True,0.013978657186468808,0.1081914303635554,,,,,,,0.6067415730337079,0,0.0,none,0.45792344070927443,False,decreasing_vol,9.064247454991968,单年巨幅下滑-15.0分(年跌-45.5%); 加速下滑-0.1分(加速度-0.13); 峰值明显下跌-8分(从0.2跌至0.1，跌幅-36.4%),,,0,0
002380.SZ,科远智慧,软件服务,0.1702,0.1276061706100658,0.154,0.5511167555747689,0.1507590294125238,,1.05,96.0,0.19375,0.4,0.4624327264504764,has_loss,has_loss,has_near_zero,True,1,True,3,False,0,True,4,9.089428800585637,1.1270891712726194,23.064516129032253,high_volatility,False,False,none,-1.175,0.0,1.4300000000000002,2.6050000000000004,0.6712806156187924,0.8676082448312702,0.8451979113566538,False,none,0.37,2.49,158.0110497237569,54.41176470588235,137.5690607734807,False,软件服务,False,1.0,False,rising,False,False,0.0,9.089428800585637,1.0,软件服务,-5.0,-2.0,3.0,0.3,0.5,1.1357888088126016,0.8408987972266786,2.0717821635826446,True,False,0.1276061706100658,0.05055360352344936,,,,,,,0.07161803713527852,0,0.0,none,8.874779239827385,False,stable,4.0,"趋势不确定预警-4分(Bootstrap CI跨零: [-0.025, 0.273])",,,0,0
002399.SZ,海普瑞,化学制药,0.224783,-0.025269322537014034,-0.032795,0.04403607306502401,0.7347876966543025,,0.4408,84.66302348230711,-0.104825,-0.4,0.4624327264504764,has_loss,has_loss,has_near_zero,True,1,True,5,False,0,True,5,1.864511687294143,0.4934989533930138,4.876076771951035,high_volatility,False,False,none,-0.5927,0.0,-0.019920000000000004,0.57278,0.29502709156552454,1.0,0.0029549030829016413,False,none,0.9746000000000001,-1.0293,-11.039354187689197,182.57774447358562,-207.7295660948537,False,化学制药,True,inf,True,rising,False,False,0.0,1.864511687294143,1.0,化学制药,-5.0,-2.0,3.0,0.3,0.5,-0.024768843250304373,0.0019780284861521495,0.08592866677900554,False,False,-0.12164750431682814,0.16982522524383126,,,,,,,0.2783505154639176,0,0.0,none,1.686786668648684,False,increasing_vol,15.336976517692891,单年巨幅下滑-15.0分(年跌-207.7%); 波动率飙升预警-4.3分(近期波动是早期的2.2倍); 趋势不可靠-2分(Bootstrap CI过宽: 0.340); 峰值明显下跌-8分(从0.8跌至0.4，跌幅-41.8%),,,0,0
002401.SZ,中远海科,软件服务,0.457805,-0.014482473714357503,-0.015419999999999994,0.14057602312624684,0.5340516273485711,-0.14217216085666462,0.3438,50.0,-0.055541666666666684,-0.4,0.4624327264504764,has_near_zero,has_near_zero,has_near_zero,False,0,True,5,False,0,True,5,0.22289043147222407,0.10761150031478978,0.6029411764705883,stable,False,False,none,-0.20600000000000002,0.0,-0.02393,0.18207,0.3120540051800383,1.0,0.1645254512495096,True,severe,-0.1674,0.016000000000000014,-30.573505654281096,-32.74647887323944,3.231017770597741,False,软件服务,False,1.191886220564234,True,falling,False,False,0.0,0.22289043147222407,0.3372305079196771,软件服务,-5.0,-2.0,3.0,0.3,0.5,-0.06977522944949055,0.6739106596558887,-0.008972370078888653,False,False,-0.04478382126970189,0.5380750592937389,,,,,,,0.9866768176627332,1,0.0,cliff_drop,0.1512542999152812,False,stable,50.0,严重恶化-15分; 单年巨幅下滑-15.0分(年跌-32.7%); 贝叶斯高置信度恶化-12分(恶化概率98.7%，严重恶化确认); 峰值明显下跌-8分(从0.6跌至0.3，跌幅-45.8%),,,0,0
002402.SZ,和而泰,元器件,0.4397,-0.01286739029615171,-0.013884999999999998,0.23692413876797724,0.4056778347226598,-0.02222364944266575,0.4008,90.0,-0.03316666666666667,-0.4,0.4624327264504764,has_near_zero,has_near_zero,has_near_zero,False,0,True,5,False,0,True,5,0.20866133375934445,0.09513704851423552,0.5470017984822565,stable,False,False,none,0.16710000000000003,0.0,-0.07368000000000001,-0.24078000000000005,0.5239255446968014,1.0,0.7576954469680136,False,none,0.04459999999999997,-0.12240000000000001,-16.255745925616388,12.521055586749007,-25.57459256163811,False,元器件,False,1.7001684446939922,True,rising,False,False,0.0,0.20866133375934445,0.39361819296667455,元器件,-5.0,-2.0,3.0,0.3,0.5,-0.035605822388888486,0.38884452682524046,-0.053830592989489195,False,False,-0.02940773325676061,0.2957799010936798,,,,,,,0.435483870967742,0,0.0,none,0.17564913551424222,True,decreasing_vol,10.0,波动聚集提示-2分(大波动后可能跟着大波动); 峰值明显下跌-8分(从0.6跌至0.4，跌幅-33.8%),,,0,0
002409.SZ,雅克科技,半导体,1.223289,0.05129120300247496,0.07099999999999998,0.340249645798594,0.3018891772239724,0.19677770532243932,1.8313,100.0,0.24259999999999998,0.8,0.0864107329737,has_near_zero,has_near_zero,has_near_zero,False,0,True,2,False,0,True,3,0.3696286865336263,0.42579006916554546,0.9677587374342412,stable,False,False,none,-0.17620000000000002,0.0,0.34604,0.52224,0.5978252936018589,1.0,0.9337729360185889,False,none,0.6136999999999999,0.1160000000000001,66.24001452432826,50.40243101182653,10.530137981118383,False,半导体,False,1.0,False,rising,False,False,0.0,0.3696286865336263,0.4290362825602344,半导体,-5.0,-2.0,3.0,0.3,0.5,0.20705917350602843,0.8818223879142203,0.1330633003219584,False,False,0.14852804874875578,0.7881965301246291,,,,,,,0.07161803713527852,0,0.0,none,0.17337998117689243,False,stable,0.0,,,,0,0
002415.SZ,海康威视,IT设备,1.4591,-0.011101084325356458,-0.018350000000000043,0.13266270097692182,0.5467174664520982,-0.02665224338488259,1.297,90.0,-0.037250000000000005,-0.4,0.4624327264504764,good,good,good,False,0,False,0,False,0,False,0,0.13309032884799038,0.19809164545734886,0.3446654125235153,ultra_stable,False,False,none,0.365,0.0,-0.13890000000000005,-0.5039,0.5261008143690882,1.0,0.6239446207879025,True,moderate,-0.2230000000000001,0.1499999999999999,-5.328467153284684,-14.671052631578954,10.948905109489043,False,IT设备,False,1.2153284671532847,True,falling,False,False,0.0,0.13309032884799038,0.2685160586988303,IT设备,-5.0,-2.0,3.0,0.3,0.5,-0.02189985831235719,0.11111323265548893,-0.00017884382445743086,False,False,-0.03239641144920722,0.22919375339253878,,,,,,,0.8223350253807107,1,0.0,single_year_drop,0.11763426202552844,False,decreasing_vol,10.0,中度恶化-10分; 贝叶斯中度恶化预警-5分(恶化概率82.2%),,,0,0
002422.SZ,科伦药业,化学制药,1.3301,0.22339923558452485,0.34700000000000003,0.9726583690040366,0.0019347548398307597,0.3382006536106499,1.86,115.0,0.3400000000000001,1.0,0.02748633611151033,has_near_zero,has_near_zero,has_near_zero,False,0,True,2,False,0,True,2,0.45295246959583074,0.5553197277244885,1.0440456769983688,ultra_stable,False,False,none,0.20000000000000007,0.0,0.371,0.17099999999999993,0.3287343052680475,1.0,0.9667497805092184,False,none,0.17000000000000015,0.47,52.45901639344264,10.059171597633146,38.52459016393443,False,化学制药,False,1.0,False,rising,False,False,0.0,0.45295246959583074,0.4956953090099979,化学制药,-5.0,-2.0,3.0,0.3,0.5,0.1752496768472679,0.9162419985288048,-0.06330760379431499,False,True,0.22339923558452485,0.9726583690040366,,,,,,,0.07161803713527852,0,0.0,none,0.0699640054918228,False,stable,0.0,,high_growth,"高速成长(稳健CAGR=34.0%, MK趋势=1.00)",1,0
002428.SZ,云南锗业,小金属,0.014435,-0.0004497748711755463,-0.00044999999999999934,0.0499828002688395,0.7177333771196781,,0.08,95.07739464277861,0.0073750000000000005,0.2,0.8064959405073401,has_loss,has_loss,has_near_zero,True,1,True,5,False,0,True,5,5.895559015182174,0.06661981687155857,15.929203539823007,high_volatility,False,False,none,-0.065,0.0,0.09,0.155,0.5062352000881669,0.8016570741888559,0.9506949266928139,False,none,0.0545,0.1255,179.99999999999997,213.72549019607843,125.49999999999999,False,小金属,True,1.0,False,rising,True,False,0.0,5.895559015182174,1.0,小金属,-5.0,-2.0,1.6,0.3,0.24,0.08987449519685217,0.9506781975105629,0.1547892855572181,True,False,0.010433759978555793,0.061491056169697106,,,,,,,0.07161803713527852,0,0.0,none,5.711355067689071,False,stable,4.922605357221391,周期顶部预警-5分(警惕景气回落),,,0,0
002437.SZ,誉衡药业,化学制药,0.04258,-0.011643955707200962,-0.0118,0.09228810565499673,0.6192377619996715,,0.1059,92.0,-0.0009625000000000015,0.0,1.0,has_loss,has_loss,has_near_zero,True,1,True,5,False,0,True,5,2.5349167134101394,0.11691035882247561,6.819167389418908,high_volatility,False,False,none,-0.15725,0.0,0.1192,0.27645,0.5454793972985659,0.9997565725413828,0.9021374004442758,False,none,0.051199999999999996,0.1872,179.9245283018868,93.60146252285192,141.2830188679245,False,化学制药,False,1.0,False,rising,False,False,0.0,2.5349167134101394,1.0,化学制药,-5.0,-2.0,3.0,0.3,0.5,0.11890919086651168,0.9020207723833845,0.2754718195906013,True,False,-0.011643955707200965,0.024995366599683277,,,,,,,0.07161803713527852,0,0.0,none,2.5024286594466605,False,stable,8.0,峰值明显下跌-8分(从0.2跌至0.1，跌幅-41.8%),,,0,0
002451.SZ,摩恩电气,电气设备,0.0335,0.004997518738333767,0.005,0.8928418429418513,0.015395812322369182,0.18920711500272103,0.04,100.0,0.005000000000000001,0.8,0.06757726305587054,has_near_zero,has_near_zero,has_near_zero,False,0,True,5,False,0,True,5,0.2614562582918986,0.008366600265340756,0.625,ultra_stable,False,False,none,0.009999999999999998,0.0,0.004000000000000001,-0.0059999999999999975,0.34786666666666655,1.0,0.7999999999999999,False,none,0.0,0.010000000000000002,33.33333333333334,0.0,33.33333333333334,False,电气设备,False,1.0,False,falling,False,False,0.0,0.2614562582918986,0.3424983399668522,电气设备,-5.0,-2.0,3.0,0.3,0.5,0.004996919592251372,0.7500000000000001,-1.4978652059863262e-06,False,False,0.004997518738333767,0.8928418429418513,,,,,,,0.16167664670658682,0,0.0,none,0.08558164961018219,False,stable,0.0,,,,0,0
002452.SZ,长高电新,电气设备,0.32094,-0.01503853145838221,-0.016000000000000004,0.029295309504454435,0.7831427020979205,0.002662809586651438,0.4064,98.0,-0.006329166666666673,0.0,1.0,has_near_zero,has_near_zero,has_near_zero,False,0,True,5,False,0,True,5,0.44291259828269924,0.14427434976460646,1.0867563087124699,volatile,False,False,none,-0.15425,0.0,0.15639999999999998,0.31065,0.5251411440104132,0.6414420253551315,0.9886694147490002,False,none,0.12739999999999996,0.1854,334.1880341880342,45.66308243727597,198.0769230769231,False,电气设备,False,4.782051282051282,True,rising,False,False,0.0,0.44291259828269924,0.991936916232997,电气设备,-5.0,-2.0,3.0,0.3,0.5,0.15125356410641383,0.9863803201096628,0.3005138386512279,True,False,-0.01503853145838221,0.029295309504454435,,,,,,,0.07161803713527852,0,0.0,none,0.4360503373480425,False,stable,2.0,趋势不可靠-2分(Bootstrap CI过宽: 0.329),,,0,0
002456.SZ,欧菲光,元器件,-0.5637420000000001,0.22161696432450198,0.24126000000000003,0.40341903126399875,0.24955915148343283,,0.0178,113.0,0.216625,0.2,0.8064959405073401,poor,poor,poor,True,3,True,4,True,3,True,4,1.0706950209787793,0.6810905167450212,2.5369427152109663,high_volatility,False,False,none,-0.4343,0.0,0.804,1.2383000000000002,0.6650893088695038,0.9035982775070839,0.7472948111879536,True,moderate,-0.0058,1.6138000000000001,101.11935605584203,-24.576271186440675,101.48409005156584,False,元器件,True,inf,True,falling,False,False,0.0,1.0706950209787793,1.0,元器件,-5.0,-2.0,3.0,0.3,0.5,0.6307884664730792,0.7465527502338074,0.917541308285926,True,False,0.22161696432450198,0.40341903126399875,,,,,,,0.6492985971943889,1,0.0,single_year_drop,0.887004605186212,False,increasing_vol,2.0,中度恶化-10分; 周期回落期-3分(景气下行趋势); 趋势不可靠-2分(Bootstrap CI过宽: 1.021),high_growth,"高速成长(稳健CAGR=21.7%, MK趋势=0.20)",1,0
002463.SZ,沪电股份,元器件,0.8839520000000001,0.0004390799617403851,0.0005600000000000049,0.0007192630243813712,0.9658569813482807,0.1441166881509861,1.3516,100.0,0.12805,0.6,0.22067136191984693,has_near_zero,has_near_zero,has_near_zero,False,0,True,4,False,0,True,5,0.35461772697186766,0.2990349444462971,0.9344686099186491,moderate,False,False,none,-0.22519999999999996,0.0,0.24404999999999996,0.46924999999999994,0.577979561304381,1.0,0.8412956130438105,False,none,0.5571999999999999,0.07650000000000001,88.27134698425964,70.1409869083585,10.656080234015882,False,元器件,False,1.0,False,rising,False,False,0.0,0.35461772697186766,0.41702751491082746,元器件,-5.0,-2.0,3.0,0.3,0.5,0.2211276427510146,0.8512454685000505,0.24944237272758113,False,False,0.09621783828955036,0.5075141383164233,,,,,,,0.07161803713527852,0,0.0,none,0.24712420436378807,False,increasing_vol,0.0,,,,0,0
002475.SZ,立讯精密,元器件,1.4117000000000002,0.12818913169071572,0.21900000000000003,0.9346208644661979,0.00723917060406053,0.15922817973704162,1.86,115.0,0.2575,0.8,0.0864107329737,good,good,good,False,0,False,0,False,0,False,0,0.2672836637515992,0.3597638114096525,0.6315007429420505,ultra_stable,False,False,none,-0.020000000000000018,0.0,0.28,0.30000000000000004,0.6292591991687082,1.0,0.9977093407991857,False,none,0.32000000000000006,0.25,44.186046511627914,20.779220779220783,19.37984496124031,False,元器件,False,1.0,False,rising,False,False,0.0,0.2672836637515992,0.34716026433461267,元器件,-5.0,-2.0,3.0,0.3,0.5,0.1534371457191993,0.9988473512404034,0.06848180092611977,True,False,0.12818913169071572,0.9346208644661979,,,,,,,0.07161803713527852,0,0.0,none,0.07251776636508378,False,increasing_vol,0.0,,high_growth,"高速成长(稳健CAGR=25.8%, MK趋势=0.80)",1,0
002479.SZ,富春环保,新型电力,0.2925,-0.025799074012141942,-0.027000000000000003,0.5552696656214324,0.14838298193788949,-0.047379817045098416,0.28,100.0,-0.026666666666666672,-0.6,0.22067136191984693,has_near_zero,has_near_zero,has_near_zero,False,0,True,5,False,0,True,5,0.18716105965067129,0.05727128425310541,0.49019607843137253,stable,False,False,none,-0.020000000000000018,0.0,-0.009999999999999981,0.010000000000000037,0.12302849980208454,0.25000000000000033,0.07692307692307668,False,none,0.05000000000000002,-0.06999999999999998,-6.666666666666654,21.739130434782613,-23.33333333333333,False,新型电力,False,1.6521739130434783,True,rising,False,False,0.0,0.18716105965067129,0.37001870279300086,新型电力,-5.0,-2.0,3.0,0.3,0.5,-0.009604178098880478,0.07588642588679761,0.009443473942349428,False,False,-0.025799074012141942,0.5552696656214324,,,,,,,0.2783505154639176,0,0.0,none,0.12476215143020311,False,stable,0.0,,,,0,0
002483.SZ,润邦股份,专用机械,0.2723,0.017672240376242508,0.02100000000000001,0.01932689337974671,0.8235645449459609,0.17352183023979983,0.55,98.0,0.03000000000000001,0.1,1.0,has_near_zero,has_near_zero,has_near_zero,False,0,True,5,False,0,True,5,0.7906364512706846,0.2103092960380021,1.842105263157895,high_volatility,False,False,none,-0.11499999999999999,0.0,0.245,0.36,0.49806177606177604,0.5106177606177605,0.7499999999999997,False,none,0.49000000000000005,0.0,816.6666666666667,816.6666666666667,0.0,False,专用机械,False,1.0,True,rising,False,False,0.0,0.7906364512706846,0.765842494349881,专用机械,-5.0,-2.0,3.0,0.3,0.5,0.23275819489158975,0.7499999999999999,0.34581702308116397,True,False,0.017672240376242508,0.01932689337974671,,,,,,,0.07161803713527852,0,0.0,none,0.7807203600690698,False,stable,2.0,趋势不可靠-2分(Bootstrap CI过宽: 0.405),,,0,0
002484.SZ,江海股份,元器件,0.7063630000000001,0.08024136645425976,0.09521,0.7549742845925085,0.05585270072442059,0.14214572127795222,0.7753,89.0,0.0814125,0.6,0.22067136191984693,has_near_zero,has_near_zero,has_near_zero,False,0,True,5,False,0,True,5,0.2565073428447349,0.17386067698016136,0.566096193567424,stable,False,False,none,0.1683,0.0,-0.008450000000000013,-0.17675000000000002,0.4318166635797368,0.8997554688615104,0.06491116693585787,True,moderate,-0.06400000000000006,0.04710000000000003,-2.133299671800054,-7.625402120814971,5.945468316081802,False,元器件,False,1.0,True,falling,False,False,0.0,0.2565073428447349,0.33853920760912126,元器件,-5.0,-2.0,3.0,0.3,0.5,-0.0066507385115378015,0.06653325025228662,-0.14935814764250346,False,False,0.08024136645425976,0.7549742845925085,,,,,,,0.8223350253807107,1,0.0,single_year_drop,0.12832400859587126,False,decreasing_vol,11.0,"中度恶化-10分; 贝叶斯中度恶化预警-5分(恶化概率82.2%); 趋势不确定预警-4分(Bootstrap CI跨零: [-0.007, 0.153])",,,0,0
002487.SZ,大金重工,电气设备,0.7895,-0.023809645171662897,-0.029999999999999992,0.5376521694415606,0.15860109553299676,-0.031191125428288724,0.74,94.0,-0.043333333333333335,-0.6,0.22067136191984693,has_near_zero,has_near_zero,has_near_zero,False,0,True,4,False,0,True,5,0.17079950314496803,0.13971399357258385,0.4523227383863081,stable,False,False,none,0.20000000000000007,0.0,-0.10300000000000002,-0.3030000000000001,0.461135683559733,1.0,0.6846724749919331,False,none,0.06999999999999995,-0.13,-7.500000000000007,10.447761194029843,-16.25,False,电气设备,False,1.5522388059701493,True,rising,False,False,0.0,0.17079950314496803,0.3436047766453276,电气设备,-5.0,-2.0,3.0,0.3,0.5,-0.023770140970405862,0.20538491428641825,-0.008304658132823162,False,False,-0.04384029387480859,0.4289825437954448,,,,,,,0.2783505154639176,0,0.0,none,0.13051231608282288,True,decreasing_vol,6.0,"波动聚集提示-2分(大波动后可能跟着大波动); 趋势不确定预警-4分(Bootstrap CI跨零: [-0.050, 0.010])",,,0,0
002498.SZ,汉缆股份,电气设备,0.215935,0.003175293611333335,0.0032299999999999994,0.04371538536505626,0.7357407301615742,0.022688336028698908,0.1969,87.0,0.0017374999999999995,0.0,1.0,has_near_zero,has_near_zero,has_near_zero,False,0,True,5,False,0,True,5,0.11445750278024362,0.024530531995861814,0.26222471071295256,ultra_stable,False,False,none,0.05000000000000002,0.0,-0.010700000000000005,-0.06070000000000002,0.4733868705197612,1.0,0.6124687051976121,True,moderate,-0.03160000000000002,-0.007699999999999985,-16.638441998306522,-13.8293216630197,-3.259949195596945,False,电气设备,False,1.0,True,falling,False,False,0.0,0.11445750278024362,0.22489933555752822,电气设备,-5.0,-2.0,3.0,0.3,0.5,-0.019203841480770728,0.8898325085566001,-0.046711434948418784,False,False,0.003175293611333335,0.04371538536505626,,,,,,,0.9866768176627332,1,3.242189320526311,single_year_drop,0.11194948958764002,False,stable,13.0,中度恶化-10分; 贝叶斯恶化预警-8分(恶化概率98.7%),,,0,0
002506.SZ,协鑫集成,电气设备,-0.11896000000000002,0.1380099671577403,0.14279999999999998,0.8016539136322046,0.03999423025874626,,0.012,53.0,0.156375,0.8,0.0864107329737,poor,poor,poor,True,2,True,5,True,2,True,5,1.5585289391419892,0.25216998235317384,3.3745364647713227,high_volatility,False,False,none,0.2645,0.0,0.001,-0.2635,0.5005681817689334,0.9670988061063215,0.011583011583011582,True,severe,-0.015,0.017,20.0,-55.55555555555556,170.00000000000003,False,电气设备,False,1.0,True,falling,False,False,0.0,1.5585289391419892,1.0,电气设备,-5.0,-2.0,3.0,0.3,0.5,0.0009999393389139568,0.011585991220858042,-0.25307050039128465,False,False,0.1380099671577403,0.8016539136322046,,,,,,,0.7873633049817741,1,0.0,cliff_drop,0.6940340022676381,False,decreasing_vol,47.0,严重恶化-15分; 单年巨幅下滑-15.0分(年跌-55.6%); 贝叶斯中度恶化预警-5分(恶化概率78.7%); 峰值大幅下跌-15分(从0.0跌至0.0，跌幅-55.6%),,,0,0
002512.SZ,达华智能,IT设备,-0.195496,0.01996522852872607,0.021280000000000004,0.022310544065721038,0.810529400171277,,0.0221,98.0,0.06800000000000003,0.4,0.4624327264504764,poor,poor,poor,True,3,True,5,True,3,True,5,1.0761187699847365,0.21724685728451862,2.466316623736873,high_volatility,False,False,none,-0.4942,0.0,0.1527,0.6469,0.6203702615837002,0.9999999999999998,0.9099026158370022,False,none,0.2925,0.03330000000000005,107.27691801119525,108.17307692307692,10.964767863022736,False,IT设备,False,1.0,False,rising,False,False,0.0,1.0761187699847365,0.9942283493211226,IT设备,-5.0,-2.0,3.0,0.3,0.5,0.1606566980894934,0.8238939943550052,0.3194637764235078,True,False,0.01996522852872607,0.022310544065721038,,,,,,,0.07161803713527852,0,0.0,none,1.0631339909770672,False,decreasing_vol,2.0,趋势不可靠-2分(Bootstrap CI过宽: 0.369),,,0,0
002518.SZ,科士达,电气设备,0.9178999999999999,0.08382366487380533,0.11299999999999999,0.22188094320861582,0.42323292809366003,0.06936605042133781,0.68,26.798619688077494,0.21249999999999997,0.6,0.22067136191984693,has_near_zero,has_near_zero,has_near_zero,False,0,True,3,False,0,True,3,0.44338985322840446,0.39195663025390953,1.0520361990950224,volatile,False,False,none,0.30499999999999994,0.0,-0.22499999999999992,-0.5299999999999998,0.5021012263509042,0.8907596552824768,0.33832702160837586,True,severe,-0.7699999999999999,0.32000000000000006,-39.82300884955751,-53.103448275862064,28.318584070796472,False,电气设备,False,1.0,True,falling,False,False,0.0,0.44338985322840446,0.4880452159160569,电气设备,-5.0,-2.0,3.0,0.3,0.5,-0.16708618058767144,0.38806597744010335,-0.402760623845011,False,True,0.08382366487380533,0.22188094320861582,,,,,,,0.9866768176627332,1,0.0,cliff_drop,0.3946448191494021,False,increasing_vol,73.2013803119225,复合恶化-14.0分(触发2项恶化信号); 严重恶化-15分; 单年巨幅下滑-15.0分(年跌-53.1%); 加速下滑-0.2分(加速度-0.40); 贝叶斯高置信度恶化-12分(恶化概率98.7%，严重恶化确认); 趋势不可靠-2分(Bootstrap CI过宽: 0.461); 峰值大幅下跌-15分(从1.4跌至0.7，跌幅-53.1%),,,0,0
002523.SZ,天桥起重,专用机械,0.033949999999999994,-0.0024983605924038125,-0.0025000000000000005,0.283031080764649,0.356097252017529,-0.025337029003497546,0.037,100.0,-0.0025000000000000014,-0.4,0.4624327264504764,has_near_zero,has_near_zero,has_near_zero,False,0,True,5,False,0,True,5,0.2110701775114399,0.007429670248402683,0.48295454545454547,stable,False,False,none,-0.006,0.0,0.003999999999999998,0.009999999999999998,0.3763304032662632,0.6279069767441863,0.4948453608247421,False,none,0.011,-0.0030000000000000027,27.58620689655171,42.30769230769231,-10.344827586206904,False,专用机械,False,1.6538461538461537,True,rising,False,False,0.0,0.2110701775114399,0.3893689625219724,专用机械,-5.0,-2.0,3.0,0.3,0.5,0.003997813162831409,0.4948092552013981,0.009994105734313453,False,False,-0.0024983605924038125,0.283031080764649,,,,,,,0.07161803713527852,0,0.0,none,0.1787177953130864,False,stable,0.0,,,,0,0
002530.SZ,金财互联,专用机械,-0.42660000000000003,0.09036526498615757,0.093,0.49188715439315456,0.18689704235827223,,-0.01,98.0,0.2725,1.0,0.02748633611151033,poor,poor,poor,True,5,True,4,True,5,True,5,1.1844180686731245,0.6324792486714486,2.9775280898876404,volatile,False,False,none,1.09,0.0,0.183,-0.907,0.7306500740843243,1.0,0.9319326561847783,False,none,0.1,0.33,97.72727272727273,90.90909090909092,75.0,False,专用机械,False,1.0,False,rising,False,False,0.0,1.1844180686731245,1.0,专用机械,-5.0,-2.0,3.0,0.3,0.5,0.20845681039264183,0.9169271861673634,-0.20257812649673804,False,True,0.2858325784643778,0.8603540502090478,,,,,,,0.07161803713527852,0,0.0,none,0.5284085419989927,False,decreasing_vol,2.0,趋势不可靠-2分(Bootstrap CI过宽: 0.321),,,0,0
002533.SZ,金杯电工,电气设备,0.594737,0.09569905084718774,0.11038999999999999,0.9633174036332236,0.00301527779072037,0.2157844842338903,0.78,100.0,0.10719166666666669,1.0,0.02748633611151033,has_near_zero,has_near_zero,has_near_zero,False,0,True,5,False,0,True,5,0.3171948682371925,0.17814298189937208,0.7531783056158968,ultra_stable,False,False,none,0.07400000000000001,0.0,0.1375,0.0635,0.3497584533071431,0.9685401326878758,0.9215218768785848,False,none,0.06800000000000006,0.20699999999999996,54.45544554455446,9.550561797752819,40.99009900990098,False,电气设备,False,1.0,False,rising,False,False,0.0,0.3171948682371925,0.3870892279230873,电气设备,-5.0,-2.0,3.0,0.3,0.5,0.11564755556727785,0.9147676593342319,0.04771847464767284,False,False,0.09569905084718774,0.9633174036332236,,,,,,,0.07161803713527852,0,0.0,none,0.06345508551017094,False,increasing_vol,0.0,,,,0,0
002534.SZ,西子洁能,专用机械,0.42469999999999997,-0.06493399372581322,-0.07099999999999998,0.17815826204533583,0.4789947042485205,-0.03780454180423842,0.6,83.16714052052082,-0.16499999999999998,-0.4,0.4624327264504764,has_near_zero,has_near_zero,has_near_zero,False,0,True,5,False,0,True,5,0.5880255909381341,0.2622594135584078,1.4125560538116588,volatile,False,False,none,-0.20999999999999996,0.0,0.15999999999999998,0.36999999999999994,0.489076955834816,0.9423076923076923,0.3593823116518485,False,none,0.53,-0.21000000000000002,114.28571428571426,757.1428571428571,-75.0,False,专用机械,False,1.0,False,rising,False,False,0.0,0.5880255909381341,0.6037538060838407,专用机械,-5.0,-2.0,3.0,0.3,0.5,0.14618010368329304,0.3400761468712276,0.3342810410416402,True,False,-0.06493399372581322,0.17815826204533583,,,,,,,0.07161803713527852,0,0.0,none,0.5314303403835791,False,increasing_vol,16.83285947947918,单年巨幅下滑-15.0分(年跌-75.0%); 趋势不可靠-2分(Bootstrap CI过宽: 0.392),,,0,0
002546.SZ,新联电子,电气设备,0.17800000000000002,-0.0003853562732723137,0.0,2.180678373523009e-05,0.9940542814343827,0.0982009735522249,0.32,95.12825980519425,0.020833333333333332,0.2,0.8064959405073401,has_near_zero,has_near_zero,has_near_zero,False,0,True,5,False,0,True,5,0.744673464253011,0.13255187663703596,1.741573033707865,high_volatility,False,False,none,-0.105,0.0,0.155,0.26,0.49879645677538054,0.579246935201401,0.8887176325524043,False,none,0.25,0.060000000000000005,3100.0,357.1428571428571,600.0,False,电气设备,True,27.0,True,rising,False,False,0.0,0.744673464253011,1.0,电气设备,-5.0,-2.0,3.0,0.3,0.5,0.15238807333897866,0.8907326249351344,0.25651961038850335,True,False,-0.0003853562732723137,2.180678373523009e-05,,,,,,,0.07161803713527852,0,0.0,none,0.744673464253011,False,stable,4.871740194805748,周期顶部预警-5分(警惕景气回落),,,0,0
002550.SZ,千红制药,生物制药,0.16510000000000002,0.014565269575374767,0.015000000000000005,0.1485075551536004,0.521766349463507,,0.28,85.0,0.09041666666666667,0.6,0.22067136191984693,has_loss,has_loss,has_near_zero,True,1,True,5,False,0,True,5,1.081163677635228,0.15352524222420236,2.746478873239437,high_volatility,False,False,none,0.26,0.0,0.028000000000000014,-0.23199999999999998,0.5227087248322148,1.0,0.26308724832214786,False,none,0.14,-0.10999999999999999,12.00000000000001,100.0,-43.99999999999999,False,生物制药,False,1.7857142857142856,True,rising,False,False,0.0,1.081163677635228,1.0,生物制药,-5.0,-2.0,3.0,0.3,0.5,0.014499114909198987,0.04038357881619528,-0.16412379882470446,False,False,0.07625916482933173,0.6276887519825038,,,,,,,0.07161803713527852,0,0.0,none,0.65864838487755,False,stable,15.0,单年巨幅下滑-15.0分(年跌-44.0%),,,0,0
002552.SZ,宝鼎科技,元器件,0.2385,0.14782096515435902,0.15499999999999997,0.6610712829433194,0.0942557988777229,,0.59,88.0,0.15125,0.5,0.3122163883433192,has_loss,has_loss,has_loss,True,1,True,5,True,1,True,5,1.5613711199793454,0.2997832550360343,3.5937499999999996,high_volatility,False,False,none,-0.06,0.0,0.345,0.40499999999999997,0.5472535139279325,0.7499999999999999,0.9125351392793253,False,none,0.15999999999999998,0.53,690.0,37.20930232558139,530.0,False,元器件,False,1.0,False,rising,False,False,0.0,1.5613711199793454,1.0,元器件,-5.0,-2.0,3.0,0.3,0.5,0.3300325776550678,0.9028199226706695,0.3899489505579764,True,False,0.14782096515435902,0.6610712829433194,,,,,,,0.07161803713527852,0,0.0,none,0.8992108688355275,False,increasing_vol,12.0,"波动率飙升预警-8.0分(近期波动是早期的5.7倍); 趋势不确定预警-4分(Bootstrap CI跨零: [-0.067, 0.355])",,,0,0
002576.SZ,通达动力,电气设备,0.48150000000000004,-0.03313455269850457,-0.037,0.39288719991064475,0.25780270131846583,-0.07228077209541983,0.4,79.0,-0.039999999999999994,-0.6,0.22067136191984693,has_near_zero,has_near_zero,has_near_zero,False,0,True,5,False,0,True,5,0.18708286933869708,0.09354143466934854,0.43999999999999995,stable,False,False,none,0.07999999999999996,0.0,-0.05399999999999998,-0.13399999999999995,0.23879035877309,1.0,0.4418181818181815,True,moderate,-0.13,0.12000000000000005,-2.4390243902438913,-24.528301886792452,29.268292682926845,False,电气设备,False,1.4024390243902438,True,falling,False,False,0.0,0.18708286933869708,0.33665816538965687,电气设备,-5.0,-2.0,3.0,0.3,0.5,-0.004634340642604318,0.005001827867617294,0.054063570723952625,False,False,-0.03313455269850457,0.39288719991064475,,,,,,,0.9025069637883009,1,0.0,single_year_drop,0.14597945060863876,False,stable,21.0,中度恶化-10分; 贝叶斯恶化预警-8分(恶化概率90.3%); 峰值明显下跌-8分(从0.6跌至0.4，跌幅-35.5%),,,0,0
002577.SZ,雷柏科技,IT设备,0.13106,-0.009864407614882945,-0.009959999999999998,0.6530574901052085,0.09794152186621424,-0.05022059001395707,0.1302,94.0,-0.012500000000000004,-0.6,0.22067136191984693,has_near_zero,has_near_zero,has_near_zero,False,0,True,5,False,0,True,5,0.14318140467098428,0.0194783982914407,0.3675389591296678,ultra_stable,False,False,none,-0.015,0.0,0.00010000000000000286,0.015100000000000002,0.327387921390082,0.9642857142857145,7.425007425007845e-05,False,none,0.02020000000000001,-0.020000000000000004,0.15384615384615824,18.363636363636374,-15.384615384615389,False,IT设备,False,1.0,False,rising,False,False,0.0,0.14318140467098428,0.24787845707012077,IT设备,-5.0,-2.0,3.0,0.3,0.5,9.916429338895083e-05,7.406888721104822e-05,0.014943409057881704,False,False,-0.009864407614882945,0.6530574901052085,,,,,,,0.13366336633663367,0,0.0,none,0.08426314597205788,True,stable,6.0,"波动聚集提示-2分(大波动后可能跟着大波动); 趋势不确定预警-4分(Bootstrap CI跨零: [-0.020, 0.000])",,,0,0
002580.SZ,圣阳股份,电气设备,0.28750000000000003,0.10137289471586457,0.10500000000000001,0.911141107335534,0.011556739402201272,0.5400351441205116,0.45,100.0,0.09625,0.8,0.0864107329737,has_near_zero,has_near_zero,has_near_zero,False,0,True,5,False,0,True,5,0.6780466904669065,0.17357995275952806,1.484375,stable,False,False,none,-0.009999999999999995,0.0,0.12200000000000003,0.132,0.35807906619084257,1.0,0.909779951100245,False,none,0.07,0.08000000000000002,50.000000000000014,18.42105263157895,26.66666666666667,False,电气设备,False,1.0,False,rising,False,False,0.0,0.6780466904669065,0.6757706857068585,电气设备,-5.0,-2.0,3.0,0.3,0.5,0.07018831064415909,0.9979268563767887,-0.03769075739030371,False,False,0.10137289471586457,0.911141107335534,,,,,,,0.07161803713527852,0,0.0,none,0.19793165718997235,False,decreasing_vol,0.0,,,,0,0
002594.SZ,比亚迪,汽车整车,7.5,0.6394413152099654,3.4,0.8739266340187913,0.019770162575801498,0.7516796670399915,13.84,123.0,3.7924999999999995,0.8,0.0864107329737,good,good,good,False,0,False,0,False,0,False,0,0.8591695388716476,5.567418611888278,1.9722222222222217,moderate,False,False,none,-0.4099999999999999,0.0,4.295,4.705,0.6995957757022162,1.0,0.995957757022162,False,none,3.5199999999999996,4.61,142.3817863397548,34.10852713178294,80.73555166374781,False,汽车整车,False,1.0,False,rising,False,False,0.0,0.8591695388716476,0.8206689644306514,汽车整车,-5.0,-2.0,3.0,0.3,0.5,0.4395327610059512,0.964012975122192,-0.19293776873959645,False,True,0.6394413152099654,0.8739266340187913,,,,,,,0.07161803713527852,0,0.0,none,0.22342726682397748,False,increasing_vol,2.0,趋势不可靠-2分(Bootstrap CI过宽: 0.701),"high_growth,turnaround","高速成长(稳健CAGR=379.2%, MK趋势=0.80); 底部强力反转(曾跌142%, 近期斜率0.44)",1,1
002595.SZ,豪迈科技,专用机械,1.8259720000000002,0.15790938750966216,0.32564,0.9273950422170198,0.008491298635001157,0.19064496653328833,2.5302,107.0,0.3374,1.0,0.02748633611151033,good,good,good,False,0,False,0,False,0,False,0,0.3134608093177208,0.5417480475276306,0.7355289652139698,ultra_stable,False,False,none,0.1231000000000001,0.0,0.5124999999999998,0.38939999999999975,0.6262877508135475,0.9135249664467563,0.9997921161970982,False,none,0.4996999999999998,0.5252999999999999,68.0972628222163,24.60970204383156,34.89901674196119,False,专用机械,False,1.0,False,rising,False,False,0.0,0.3134608093177208,0.38410198078751,专用机械,-5.0,-2.0,3.0,0.3,0.5,0.23037245679499574,0.9946818600095916,0.1581518317030831,True,False,0.15790938750966216,0.9273950422170198,,,,,,,0.07161803713527852,0,0.0,none,0.09748748810900155,True,increasing_vol,8.0,波动率飙升预警-8.0分(近期波动是早期的4.2倍),high_growth,"高速成长(稳健CAGR=33.7%, MK趋势=1.00)",1,0
002600.SZ,领益智造,元器件,0.252,-0.003674958854111268,-0.004000000000000006,0.009761828110565536,0.8744064036165463,-0.06705397810029268,0.25,93.0,-0.0016666666666666748,0.0,1.0,has_near_zero,has_near_zero,has_near_zero,False,0,True,5,False,0,True,5,0.2388307226472929,0.0606630035524124,0.6299212598425197,moderate,False,False,none,-0.16,0.0,0.029999999999999992,0.19,0.498,1.0,0.6000000000000001,True,moderate,-0.03999999999999998,0.05999999999999997,8.69565217391304,-13.793103448275856,26.08695652173912,False,元器件,False,1.7058823529411762,True,falling,False,False,0.0,0.2388307226472929,0.41851555850999117,元器件,-5.0,-2.0,3.0,0.3,0.5,0.009723744822340702,0.10825184248073892,0.05785740643978131,False,False,-0.003674958854111268,0.009761828110565536,,,,,,,0.6492985971943889,1,0.0,single_year_drop,0.23752918313383237,True,decreasing_vol,7.0,中度恶化-10分; 波动聚集提示-2分(大波动后可能跟着大波动),,,0,0
002606.SZ,大连电瓷,电气设备,0.33199999999999996,0.01792600635349089,0.019999999999999997,0.04467589832980854,0.7328970238732211,0.16564679083053058,0.48,77.0,0.045,0.4,0.4624327264504764,has_near_zero,has_near_zero,has_near_zero,False,0,True,5,False,0,True,5,0.43032338446012713,0.14028542333400143,1.1042944785276074,volatile,False,False,none,0.07499999999999998,0.0,0.035,-0.03999999999999998,0.13379908543209654,0.9642857142857143,0.033623055809698085,False,none,0.36,-0.29,17.073170731707318,300.0,-70.73170731707317,False,电气设备,False,3.4166666666666665,True,rising,False,False,0.0,0.43032338446012713,0.7998142631236573,电气设备,-5.0,-2.0,3.0,0.3,0.5,0.03197405957575336,0.030627556953762167,-0.039099766695701144,False,False,0.01792600635349089,0.04467589832980854,,,,,,,0.07161803713527852,0,0.0,none,0.4192478420434328,True,increasing_vol,23.0,单年巨幅下滑-15.0分(年跌-70.7%); 波动率飙升预警-8.0分(近期波动是早期的4.3倍),,,0,0
002613.SZ,北玻股份,专用机械,0.05616,0.012583852743401952,0.0126,0.5168679016411627,0.1711308226698952,0.4420319560695378,0.0627,91.50624072176218,0.012225000000000001,0.6,0.22067136191984693,has_near_zero,has_near_zero,has_near_zero,False,0,True,5,False,0,True,5,0.5291437075989471,0.02771654740403285,1.4070255822833142,volatile,False,False,none,0.0441,0.0,0.006260000000000002,-0.03784,0.2582030542289714,1.0,0.15317109778691548,True,moderate,-0.025499999999999995,0.0503,65.4353562005277,-28.911564625850332,132.7176781002638,False,专用机械,False,1.9366754617414244,True,falling,False,False,0.0,0.5291437075989471,0.6815383609780143,专用机械,-5.0,-2.0,3.0,0.3,0.5,0.01238402899526813,0.24346476669993833,0.0006883086988786896,False,False,0.012583852743401952,0.5168679016411627,,,,,,,0.6492985971943889,1,0.0,single_year_drop,0.3678756769610648,False,stable,8.493759278237812,"中度恶化-10分; 趋势不确定预警-4分(Bootstrap CI跨零: [-0.011, 0.025])",,,0,0
002617.SZ,露笑科技,电气设备,0.040154,0.011719146494444017,0.011779999999999999,0.2887669122378965,0.3503261780476721,,0.1347,100.0,0.012687499999999999,0.2,0.8064959405073401,has_loss,has_loss,has_near_zero,True,1,True,5,False,0,True,5,3.001262748797399,0.10990624186096075,7.774440196613871,high_volatility,False,False,none,-0.12,0.0,0.14234999999999998,0.26234999999999997,0.5335954326504497,0.8981288981288982,0.9131254283755995,False,none,0.06629999999999998,0.21839999999999998,189.79999999999995,96.92982456140348,145.6,False,电气设备,False,1.0,False,rising,False,False,0.0,3.001262748797399,1.0,电气设备,-5.0,-2.0,3.0,0.3,0.5,0.14186953785345438,0.9128593475593209,0.2615305683179066,True,False,0.011719146494444015,0.02860350561766886,,,,,,,0.07161803713527852,0,0.0,none,2.957850501271704,False,stable,0.0,,,,0,0
002622.SZ,皓宸医疗,医疗保健,-0.163546,0.05819653977050574,0.05958000000000001,0.46165002228519747,0.20706614031280363,,-0.0449,97.7796649192248,0.0723,0.6,0.22067136191984693,poor,poor,poor,True,5,True,5,True,5,True,5,0.7638130513144683,0.13857096376947084,1.702127659574468,high_volatility,False,False,none,0.2632,0.0,0.03302,-0.23018,0.2451486717309998,0.9999999999999996,0.1372952226488176,False,none,0.06739999999999999,0.19340000000000002,85.31239777559699,60.01780943900267,63.26463853451095,False,医疗保健,True,inf,True,rising,False,False,0.0,0.7638130513144683,1.0,医疗保健,-5.0,-2.0,3.0,0.3,0.5,0.12812171366715397,0.9298736271590176,0.10532998504716032,False,False,0.05819653977050574,0.46165002228519747,,,,,,,0.07161803713527852,0,0.0,none,0.5601596595371378,True,decreasing_vol,2.220335080775202,周期顶部预警-5分(警惕景气回落); 波动聚集提示-2分(大波动后可能跟着大波动),,,0,0
002635.SZ,安洁科技,元器件,0.42160000000000003,0.01967451860439588,0.021000000000000008,0.31304306042706165,0.32676366521630457,-0.1391022662385185,0.39,92.0,-0.0175,0.0,1.0,has_near_zero,has_near_zero,has_near_zero,False,0,True,5,False,0,True,5,0.3767337108151773,0.16425589791541734,0.9633027522935779,moderate,False,False,none,-0.42,0.0,0.04100000000000001,0.46099999999999997,0.5519158081705151,1.0,0.5971580817051512,True,moderate,-0.06,0.10999999999999999,14.705882352941172,-13.333333333333334,32.35294117647059,False,元器件,False,1.5517241379310347,True,falling,False,False,0.0,0.3767337108151773,0.5082835203762799,元器件,-5.0,-2.0,3.0,0.3,0.5,0.02348313599805127,0.21038563956412928,0.18701878056990334,False,False,-0.0410242080017945,0.1975988764783857,,,,,,,0.4807121661721069,1,0.0,single_year_drop,0.33410748136936036,False,decreasing_vol,8.0,中度恶化-10分; 峰值明显下跌-8分(从0.7跌至0.4，跌幅-45.1%),,,0,0
002639.SZ,雪人集团,专用机械,-0.11155,0.0769921029000728,0.07769999999999999,0.7467076976104623,0.05888429196176308,,0.0466,96.0,0.07601250000000001,0.8,0.0864107329737,poor,poor,poor,True,4,True,5,True,4,True,5,1.0553002281525783,0.14231778876865675,2.3379801275396703,volatile,False,False,none,0.003149999999999986,0.0,0.15450000000000003,0.15135000000000004,0.34787357124108886,0.0031247802130319356,0.9059928121021457,False,none,0.0683,0.24070000000000003,117.75914634146343,314.7465437788018,91.73018292682927,False,专用机械,True,inf,True,rising,False,False,0.0,1.0553002281525783,1.0,专用机械,-5.0,-2.0,3.0,0.3,0.5,0.15303079634988048,0.907248670325881,0.1499863153267786,False,False,0.0769921029000728,0.7467076976104623,,,,,,,0.07161803713527852,0,0.0,none,0.5327079273652503,False,increasing_vol,4.0,"周期顶部预警-5分(警惕景气回落); 趋势不确定预警-4分(Bootstrap CI跨零: [-0.009, 0.164])",,,0,0
002642.SZ,荣联科技,软件服务,-0.3261590000000001,-0.058355661067987195,-0.06079000000000001,0.13094369339921316,0.5495261742312241,,0.0425,101.0,0.18755,0.2,0.8064959405073401,poor,poor,has_loss,True,2,True,4,True,1,True,5,1.7998996662466877,0.7342870678419987,4.218795960388274,high_volatility,False,False,none,1.7210999999999999,0.0,-0.06913,-1.7902299999999998,0.6088880040480862,0.9999999999999998,0.08888004048086227,False,none,0.5904,-0.5662,132.24043715846994,107.75688994342032,-3093.9890710382515,False,软件服务,True,inf,True,rising,False,False,0.0,1.7998996662466877,1.0,软件服务,-5.0,-2.0,3.0,0.3,0.5,0.012094118688972907,0.0014275079839979163,-0.6312451473551701,False,False,0.2013993135088999,0.3005483647308883,,,,,,,0.07161803713527852,0,0.0,none,1.456992837245531,False,decreasing_vol,11.0,单年巨幅下滑-15.0分(年跌-3094.0%); 趋势不可靠-2分(Bootstrap CI过宽: 0.387); 峰值明显下跌-8分(从0.1跌至0.0，跌幅-49.5%),cyclical_bottom,周期底部(mid_up),0,0
002653.SZ,海思科,化学制药,0.34209999999999996,0.005672852769397496,0.005999999999999989,0.06490037690791586,0.6791787329595158,-0.12238505924442711,0.35,92.0,-0.042499999999999996,-0.2,0.8064959405073401,has_near_zero,has_near_zero,has_near_zero,False,0,True,5,False,0,True,5,0.37652553736881816,0.1347961423780369,0.9217877094972067,moderate,False,False,none,-0.26999999999999996,0.0,0.009999999999999992,0.27999999999999997,0.5152592592592593,1.0,0.0925925925925925,False,none,0.07999999999999996,0.010000000000000009,34.615384615384606,29.629629629629612,3.8461538461538494,False,化学制药,False,1.0,False,rising,False,False,0.0,0.37652553736881816,0.4345537632283879,化学制药,-5.0,-2.0,3.0,0.3,0.5,0.04303260328646452,0.8330551691711594,0.1945699672354211,True,False,-0.04819723557588176,0.38075258431708575,,,,,,,0.07161803713527852,0,0.0,none,0.2949210109022025,False,decreasing_vol,8.0,峰值明显下跌-8分(从0.6跌至0.3，跌幅-40.7%),,,0,0
002655.SZ,共达电声,元器件,0.17837999999999998,0.0038867160983825392,0.003919999999999998,0.1079724859264245,0.5892798403696179,0.13939617273026816,0.2191,100.0,0.01651666666666667,0.4,0.4624327264504764,has_near_zero,has_near_zero,has_near_zero,False,0,True,5,False,0,True,5,0.1930372899330805,0.03295918688317416,0.521846081761743,stable,False,False,none,0.020000000000000004,0.0,0.02454999999999999,0.004549999999999985,0.19732975810390824,0.5714285714285717,0.5311542517721222,False,none,0.0645,-0.015400000000000025,28.882352941176453,41.720569210866756,-9.058823529411779,False,元器件,False,1.1642949547218628,True,rising,False,False,0.0,0.1930372899330805,0.3096691592427128,元器件,-5.0,-2.0,3.0,0.3,0.5,0.02409610429023365,0.5300669581801857,0.004318581490801068,False,False,0.015044328189514502,0.5372189468870019,,,,,,,0.07161803713527852,0,0.0,none,0.13130496539065428,False,stable,0.0,,,,0,0
002660.SZ,茂硕电源,电气设备,0.2225,-0.010755531373082081,-0.011000000000000001,0.33111358649841405,0.3100714880703809,-0.04664106489403175,0.19,72.97081216316475,-0.0125,-0.4,0.4624327264504764,has_near_zero,has_near_zero,has_near_zero,False,0,True,5,False,0,True,5,0.13303290252722022,0.03033150177620621,0.35087719298245623,ultra_stable,False,False,none,0.020000000000000004,0.0,-0.04000000000000001,-0.06000000000000001,0.49661538461538457,0.9230769230769229,0.9230769230769229,True,severe,-0.01999999999999999,-0.060000000000000026,-29.629629629629633,-9.523809523809518,-22.22222222222223,False,电气设备,False,1.0,True,falling,False,False,0.0,0.13303290252722022,0.2397596553551095,电气设备,-5.0,-2.0,3.0,0.3,0.5,-0.03897382616681684,0.9239816486776269,-0.05837567367049626,False,True,-0.010755531373082081,0.33111358649841405,,,,,,,0.9060402684563759,2,-0.5714285714285718,sustained_decline,0.10898924245429104,False,increasing_vol,27.02918783683525,严重恶化-15分; 加速下滑-0.0分(加速度-0.06); 贝叶斯高置信度恶化-12分(恶化概率90.6%，严重恶化确认),,,0,0
002675.SZ,东诚药业,化学制药,0.29754800000000003,-0.04934458654868777,-0.05304000000000001,0.36893829383992743,0.2772427742632565,-0.19116530282745925,0.2229,35.0,-0.07233750000000001,-0.4,0.4624327264504764,has_near_zero,has_near_zero,has_near_zero,False,0,True,5,False,0,True,5,0.43592375298362174,0.13664465961024605,1.0588272825878902,moderate,False,False,none,-0.33190000000000003,0.0,-0.0024100000000000068,0.32949,0.4413472142754298,1.0,0.0013862007381248715,True,severe,-0.03140000000000004,-0.1261,-41.403785488958995,-12.34762092017304,-33.14931650893796,False,化学制药,False,2.0137638962413975,True,falling,False,False,0.0,0.43592375298362174,0.6172408552190838,化学制药,-5.0,-2.0,3.0,0.3,0.5,-0.07534098435310337,0.8945679254200322,-0.011360073549374253,False,False,-0.04934458654868777,0.36893829383992743,,,,,,,0.9507042253521126,2,-0.6275150675627419,sustained_decline,0.34416709233938636,True,decreasing_vol,65.0,严重恶化-15分; 单年巨幅下滑-15.0分(年跌-33.1%); 贝叶斯高置信度恶化-12分(恶化概率95.1%，严重恶化确认); 波动聚集提示-2分(大波动后可能跟着大波动); 峰值大幅下跌-15分(从0.5跌至0.2，跌幅-57.2%); 连续下跌警示-6分(2年下跌，累计-57.2%),,,0,0
002686.SZ,亿利达,专用机械,0.053319,-0.0074592644337814875,-0.00747,0.4741835897641585,0.1985572443735928,-0.08655906060059582,0.0401,77.0,-0.0077833333333333365,-0.4,0.4624327264504764,has_near_zero,has_near_zero,has_near_zero,False,0,True,5,False,0,True,5,0.30875951515663524,0.01715467866210265,0.7145428365730744,moderate,False,False,none,0.018500000000000003,0.0,-0.013920000000000002,-0.032420000000000004,0.4891537840314695,1.0,0.8266978403146948,False,none,0.003699999999999995,-0.03119999999999999,-40.68047337278106,10.16483516483515,-46.153846153846146,False,专用机械,False,2.090659340659341,True,rising,False,False,0.0,0.30875951515663524,0.5257621908798871,专用机械,-5.0,-2.0,3.0,0.3,0.5,-0.013729679361672,0.6506036333457852,-0.018719890693031482,False,False,-0.0074592644337814875,0.4741835897641585,,,,,,,0.6067415730337079,0,0.0,none,0.22392172768330776,False,stable,23.0,单年巨幅下滑-15.0分(年跌-46.2%); 峰值明显下跌-8分(从0.1跌至0.0，跌幅-47.3%),,,0,0
002690.SZ,美亚光电,专用机械,0.776615,0.021649248114642326,0.02678999999999999,0.29155142562119213,0.34755353927219734,0.032687867991009645,0.7372,89.9456477260515,0.03359999999999999,0.4,0.4624327264504764,has_near_zero,has_near_zero,has_near_zero,False,0,True,5,False,0,True,5,0.10378105578458349,0.0792077773959098,0.25903409239799796,ultra_stable,False,False,none,0.09029999999999999,0.0,-0.04580000000000001,-0.1361,0.5373819062951156,0.9876355147582496,0.6139835481929061,True,moderate,-0.10870000000000002,0.017100000000000004,-11.052123552123554,-12.850218701974232,2.063223938223939,False,专用机械,False,1.0,True,falling,False,False,0.0,0.10378105578458349,0.21635817796100013,专用机械,-5.0,-2.0,3.0,0.3,0.5,-0.036061970123414666,0.6173735836654767,-0.10870454789700496,False,True,0.021649248114642326,0.29155142562119213,,,,,,,0.8223350253807107,1,0.0,single_year_drop,0.08769411409942601,False,stable,10.054352273948503,中度恶化-10分; 加速下滑-0.1分(加速度-0.11); 贝叶斯中度恶化预警-5分(恶化概率82.2%),,,0,0
002692.SZ,远程股份,电气设备,0.045508,0.003686243320704101,0.0036999999999999993,0.1609698744014821,0.5032193849846008,,0.0978,98.0,0.0286,0.8,0.0864107329737,has_loss,has_loss,has_near_zero,True,1,True,5,False,0,True,5,4.28005097166015,0.12086863943968262,10.06373937677054,high_volatility,False,False,none,0.2504,0.0,0.007799999999999999,-0.2426,0.6142588172948386,1.0,0.35830388692579485,False,none,0.0266,-0.023400000000000004,3.3826638477801207,37.35955056179775,-24.73572938689218,False,电气设备,False,1.3286516853932584,True,rising,False,False,0.0,4.28005097166015,1.0,电气设备,-5.0,-2.0,3.0,0.3,0.5,0.0015926467869054328,0.012112831405079983,-0.13830564948063623,False,False,0.057314736201610914,0.5670286708330079,,,,,,,0.13366336633663367,0,0.0,none,2.8165126703158596,True,decreasing_vol,2.0,波动聚集提示-2分(大波动后可能跟着大波动),,,0,0
002706.SZ,良信股份,电气设备,0.3935,-0.003584866807744158,-0.004000000000000009,0.02905560103564177,0.7840229925431365,-0.13055825611001715,0.28,44.22222222222222,-0.04583333333333332,-0.6,0.22067136191984693,has_near_zero,has_near_zero,has_near_zero,False,0,True,5,False,0,True,5,0.1997087614633418,0.08228000972289683,0.5097087378640776,stable,False,False,none,-0.044999999999999984,0.0,-0.06,-0.015000000000000013,0.19638996257392707,0.9067164179104477,0.3898916967509026,True,severe,-0.18999999999999995,0.06999999999999995,-30.0,-40.42553191489361,17.49999999999999,False,电气设备,False,1.1749999999999998,True,falling,False,False,0.0,0.1997087614633418,0.31643367583734006,电气设备,-5.0,-2.0,3.0,0.3,0.5,-0.056785314202526915,0.39797573803915454,-0.015678117574693395,False,False,-0.034589089223829486,0.5071123231358621,,,,,,,0.9866768176627332,1,0.0,cliff_drop,0.14043102857419995,False,increasing_vol,55.77777777777778,严重恶化-15分; 单年巨幅下滑-15.0分(年跌-40.4%); 贝叶斯高置信度恶化-12分(恶化概率98.7%，严重恶化确认); 波动率飙升预警-5.8分(近期波动是早期的2.9倍); 峰值明显下跌-8分(从0.5跌至0.3，跌幅-42.9%),,,0,0
002716.SZ,湖南白银,小金属,-0.0012600000000000007,-0.015767695711566897,-0.0158,0.09966086777340978,0.6048296095822101,,0.06,104.0,-0.024275,-0.2,0.8064959405073401,poor,poor,poor,True,2,True,5,True,2,True,5,22.72025967056611,0.07906650365357,51.89655172413797,high_volatility,False,False,none,-0.09029999999999999,0.0,0.07,0.1603,0.5123378167983227,0.9994994794586365,0.8032786885245905,False,none,0.13,0.009999999999999995,175.00000000000003,185.7142857142857,12.499999999999993,False,小金属,True,1.0,False,rising,True,False,0.0,22.72025967056611,1.0,小金属,-5.0,-2.0,1.6,0.3,0.24,0.06993948484491536,0.8031763958032078,0.16011248231495823,True,False,-0.015767695711566897,0.09966086777340978,,,,,,,0.07161803713527852,0,0.0,none,21.556344332354467,False,stable,8.0,峰值明显下跌-8分(从0.1跌至0.1，跌幅-40.4%),cyclical_bottom,周期底部(mid_up),0,0
002729.SZ,好利科技,元器件,0.17560000000000003,-0.007859220864595597,-0.007999999999999998,0.04671090883727139,0.7269760690095054,0.05737126344056409,0.2,85.0,-0.007499999999999998,0.0,1.0,has_near_zero,has_near_zero,has_near_zero,False,0,True,5,False,0,True,5,0.3285436296003021,0.05848076606885378,0.898876404494382,moderate,False,False,none,0.1,0.0,-0.025,-0.125,0.2593533730777675,1.0,0.23540489642184553,False,none,0.1,-0.07,17.64705882352941,100.0,-41.1764705882353,False,元器件,False,2.6,True,rising,False,False,0.0,0.3285436296003021,0.6095015703469084,元器件,-5.0,-2.0,3.0,0.3,0.5,0.014749237207023008,0.08446435550703353,0.00981595917208318,False,False,-0.007859220864595597,0.04671090883727139,,,,,,,0.07161803713527852,0,0.0,none,0.3207663465982067,False,stable,15.0,单年巨幅下滑-15.0分(年跌-41.2%),,,0,0
002730.SZ,电光科技,专用机械,0.268,-0.0009666318396925999,-0.0010000000000000009,0.04987826741918124,0.7180236640948101,0.11206739220322648,0.26,90.0,0.02625,0.4,0.4624327264504764,has_near_zero,has_near_zero,has_near_zero,False,0,True,5,False,0,True,5,0.22371595411369302,0.05727128425310542,0.625,stable,False,False,none,0.1,0.0,0.004999999999999999,-0.095,0.3674703716690043,1.0,0.032258064516129004,True,moderate,-0.07,0.08000000000000002,4.0000000000000036,-21.21212121212121,32.00000000000001,False,专用机械,False,1.2000000000000002,True,falling,False,False,0.0,0.22371595411369302,0.3389727632909545,专用机械,-5.0,-2.0,3.0,0.3,0.5,0.004844943482875716,0.013411358613514066,-0.03429246932315831,False,False,0.023339305338316137,0.44126655378418916,,,,,,,0.7873633049817741,1,0.0,single_year_drop,0.1675594577306814,False,stable,10.0,中度恶化-10分; 贝叶斯中度恶化预警-5分(恶化概率78.7%),,,0,0
002733.SZ,雄韬股份,电气设备,0.04095,0.013656266787341536,0.014000000000000002,0.7999932666786062,0.04052146965914951,,0.26,89.0,0.026250000000000002,0.4,0.4624327264504764,has_loss,has_loss,has_near_zero,True,1,True,4,False,0,True,5,206.31556197027356,0.6189466859108304,503.33333333332547,high_volatility,False,False,none,-1.29,0.0,0.38950000000000007,1.6795,0.5751038312780076,1.0,0.5105274448851854,False,none,0.035,-0.18499999999999997,-36.58536585365853,15.555555555555555,-45.12195121951219,False,电气设备,True,inf,True,rising,False,False,0.0,206.31556197027356,1.0,电气设备,-5.0,-2.0,3.0,0.3,0.5,-0.0710738262714545,0.5784663050223818,-0.17628831951126286,False,False,0.13100531490087594,0.14167308220331587,,,,,,,0.6067415730337079,0,0.0,none,191.3226986010778,True,decreasing_vol,11.0,单年巨幅下滑-15.0分(年跌-45.1%); 波动聚集提示-2分(大波动后可能跟着大波动); 峰值明显下跌-8分(从0.4跌至0.3，跌幅-36.6%),,,0,0
002745.SZ,木林森,元器件,0.321568,0.011421547933910082,0.011770000000000003,0.09648315755987982,0.6109647290963607,0.03432795172789915,0.2518,72.46519890197958,-0.015124999999999975,0.0,1.0,has_near_zero,has_near_zero,has_near_zero,False,0,True,5,False,0,True,5,0.7657530817745131,0.2560372004221262,1.944012441679627,high_volatility,False,False,none,0.56,0.0,-0.14245999999999998,-0.7024600000000001,0.48591188377662453,1.0,0.412711006272643,True,moderate,-0.038199999999999956,0.15999999999999998,93.69230769230771,-13.172413793103436,123.07692307692307,False,元器件,True,4.115384615384616,True,falling,False,False,0.0,0.7657530817745131,1.0,元器件,-5.0,-2.0,3.0,0.3,0.5,0.05978787859278706,0.5344144572144357,0.10410103714456306,False,False,-0.03689939993564788,0.06473201960818285,,,,,,,0.4807121661721069,1,0.0,single_year_drop,0.7387285056665417,True,decreasing_vol,27.534801098020427,中度恶化-10分; 周期回落期-3分(景气下行趋势); 波动聚集提示-2分(大波动后可能跟着大波动); 峰值大幅下跌-15分(从0.8跌至0.3，跌幅-67.7%),,,0,0
002765.SZ,蓝黛科技,元器件,0.04578400000000002,0.025253078956510355,0.024979999999999995,0.08629394878450034,0.6314265104811412,,0.19,83.0,-0.05180000000000001,-0.2,0.8064959405073401,has_loss,has_loss,has_near_zero,True,1,True,5,False,0,True,5,6.024791467687665,0.3798028541230305,14.835025380710658,high_volatility,False,False,none,0.3552,0.0,-0.14156,-0.49676,0.28174830188645905,1.0,0.17471475940020537,False,none,0.76,-0.8899999999999999,-40.625,133.33333333333334,-278.12499999999994,False,元器件,True,inf,True,rising,False,False,0.0,6.024791467687665,1.0,元器件,-5.0,-2.0,3.0,0.3,0.5,-0.0629504827212415,0.018473691854519296,-0.21533855606022018,False,False,-0.054271402096031804,0.0549602859041819,,,,,,,0.6067415730337079,0,0.0,none,5.84950947454466,False,increasing_vol,17.0,单年巨幅下滑-15.0分(年跌-278.1%); 波动率飙升预警-8.0分(近期波动是早期的4.1倍); 峰值明显下跌-8分(从0.4跌至0.2，跌幅-48.0%),,,0,0
002773.SZ,康弘药业,化学制药,0.831364,0.32942458459414914,0.38948,0.847480871217802,0.026541607636895524,,1.3,111.0,0.370925,1.0,0.02748633611151033,has_loss,has_loss,has_loss,True,1,True,3,True,1,True,3,0.9133011694402984,0.6525719515884819,2.249622123943347,moderate,False,False,none,0.6437,0.0,0.16000000000000003,-0.4837,0.6455239884961805,0.9878398849618051,1.0,False,none,0.16000000000000014,0.15999999999999992,32.653061224489804,14.035087719298259,16.32653061224489,False,化学制药,False,1.0,False,rising,False,False,0.0,0.9133011694402984,0.863974268885572,化学制药,-5.0,-2.0,3.0,0.3,0.5,0.10564527606261592,0.9994778645958229,-0.47931182719922755,False,True,0.32942458459414914,0.847480871217802,,,,,,,0.07161803713527852,0,0.0,none,0.3021630498449624,True,decreasing_vol,4.0,波动聚集提示-2分(大波动后可能跟着大波动); 趋势不可靠-2分(Bootstrap CI过宽: 0.503),high_growth,"高速成长(稳健CAGR=37.1%, MK趋势=1.00)",1,0
002782.SZ,可立克,元器件,0.29818,0.0183319014230483,0.018599999999999995,0.02904180989585389,0.7840737518423542,0.0017581782892219788,0.4713,98.0,0.0452625,0.2,0.8064959405073401,has_near_zero,has_near_zero,has_near_zero,False,0,True,5,False,0,True,5,0.6068574661218014,0.17756649458723908,1.4244702665755296,high_volatility,False,False,none,-0.41350000000000003,0.0,0.12489999999999998,0.5384,0.5966571726928319,1.0,0.8897717269283193,False,none,0.2374,-0.0014000000000000123,100.29749256268592,101.49636596836255,-0.5949851253718709,False,元器件,False,1.6317614424410543,True,rising,False,False,0.0,0.6068574661218014,0.703054165222915,元器件,-5.0,-2.0,3.0,0.3,0.5,0.11110724512304644,0.745399905238833,0.22072100022588823,True,False,0.0183319014230483,0.02904180989585389,,,,,,,0.07161803713527852,0,0.0,none,0.5984761934711668,False,decreasing_vol,2.0,趋势不可靠-2分(Bootstrap CI过宽: 0.310),,,0,0
002801.SZ,微光股份,电气设备,1.0046000000000002,-0.08512148226030956,-0.11800000000000002,0.3237318602981246,0.31680688717361344,-0.06572404454359981,0.96,76.47368421052632,-0.11249999999999996,-0.4,0.4624327264504764,has_near_zero,has_near_zero,has_near_zero,False,0,True,2,False,0,True,2,0.3077674187169081,0.32007811546558446,0.7788461538461539,moderate,False,False,none,-0.1499999999999999,0.0,-0.12600000000000006,0.023999999999999855,0.1287081830129801,1.0,0.22725450901803618,False,none,0.42999999999999994,-0.81,-28.35820895522389,81.1320754716981,-60.447761194029844,False,电气设备,False,1.6341463414634145,True,rising,False,False,0.0,0.3077674187169081,0.46410011383531513,电气设备,-5.0,-2.0,3.0,0.3,0.5,-0.12490064062367162,0.17493293338973923,-0.14929120968876713,False,False,-0.08512148226030956,0.3237318602981246,,,,,,,0.435483870967742,0,0.0,none,0.25007395355878365,False,increasing_vol,23.526315789473685,单年巨幅下滑-15.0分(年跌-60.4%); 波动率飙升预警-6.5分(近期波动是早期的3.3倍); 趋势不可靠-2分(Bootstrap CI过宽: 0.370),,,0,0
002817.SZ,黄山胶囊,化学制药,0.22150000000000003,-0.034038563958988355,-0.034999999999999996,0.882483371721545,0.017741591346883863,-0.1524026851699567,0.16,74.0,-0.037083333333333336,-0.8,0.0864107329737,has_near_zero,has_near_zero,has_near_zero,False,0,True,5,False,0,True,5,0.2539082150866059,0.05890670590009257,0.646551724137931,ultra_stable,False,False,none,-0.05499999999999999,0.0,-0.020000000000000004,0.03499999999999999,0.2742271540716028,0.9758064516129031,0.42857142857142877,True,moderate,-0.06,0.01999999999999999,-20.000000000000004,-27.27272727272727,9.999999999999995,False,化学制药,False,1.0999999999999999,True,falling,False,False,0.0,0.2539082150866059,0.34979323873595136,化学制药,-5.0,-2.0,3.0,0.3,0.5,-0.019682515241962836,0.42993903476468254,0.033591439546030555,False,False,-0.034038563958988355,0.882483371721545,,,,,,,0.9487554904831625,1,0.0,single_year_drop,0.08701133292321697,False,stable,26.0,中度恶化-10分; 贝叶斯恶化预警-8分(恶化概率94.9%); 峰值明显下跌-8分(从0.3跌至0.2，跌幅-48.4%),,,0,0
002826.SZ,易明医药,化学制药,0.23225,0.0009762581142237104,0.0010000000000000009,0.1430398077427919,0.5301930306456552,0.03247449449274642,0.25,94.0,0.006250000000000002,0.7,0.12955135290440883,has_near_zero,has_near_zero,has_near_zero,False,0,True,5,False,0,True,5,0.05436637379034381,0.012449899597988732,0.13100436681222707,ultra_stable,False,False,none,0.0,0.0,0.008499999999999999,0.008499999999999999,0.17260437700167747,0.0,0.6963855421686748,False,none,0.024999999999999994,-0.0050000000000000044,8.69565217391304,11.111111111111107,-2.1739130434782625,False,化学制药,False,1.0222222222222221,True,rising,False,False,0.0,0.05436637379034381,0.17978939532857136,化学制药,-5.0,-2.0,3.0,0.3,0.5,0.009723744822340702,0.5709737644969349,0.0048457125909908,False,False,0.006328775208908993,0.6818117682934218,,,,,,,0.13366336633663367,0,0.0,none,0.030684430835273335,False,increasing_vol,5.999999999999995,波动率飙升预警-6.0分(近期波动是早期的3.0倍),,,0,0
002833.SZ,弘亚数控,专用机械,1.3485,-0.06508863476406115,-0.11499999999999999,0.4190514645993661,0.2376506257172072,-0.06987127554292061,1.22,95.0,-0.13375,-0.4,0.4624327264504764,good,good,good,False,0,False,0,False,0,False,0,0.19364740403770622,0.27226825007701494,0.4623044096728307,stable,False,False,none,-0.2799999999999999,0.0,0.07499999999999996,0.35499999999999987,0.256556704800624,0.6320881483472184,0.21944083224967484,True,moderate,-0.16999999999999993,0.31999999999999984,14.018691588785037,-12.230215827338126,29.90654205607475,False,专用机械,False,1.453271028037383,True,falling,False,False,0.0,0.19364740403770622,0.3486873936351494,专用机械,-5.0,-2.0,3.0,0.3,0.5,0.04934945959509501,0.23836234467339418,0.2167302960545281,False,False,-0.06508863476406115,0.4190514645993661,,,,,,,0.4807121661721069,1,0.0,single_year_drop,0.14413312811964793,False,decreasing_vol,5.0,中度恶化-10分,,,0,0
002835.SZ,同为股份,IT设备,0.6155,0.12346603876050208,0.14500000000000002,0.9612742351289403,0.003272739458474695,0.2921664830328341,0.92,95.05882352941177,0.14125,1.0,0.02748633611151033,has_near_zero,has_near_zero,has_near_zero,False,0,True,5,False,0,True,5,0.41174947504758996,0.23552069972722145,1.0314685314685317,ultra_stable,False,False,none,0.08499999999999999,0.0,0.21000000000000002,0.12500000000000003,0.5904570417668991,0.9988479262672809,0.9969856819894496,False,none,0.2300000000000001,0.18999999999999995,84.00000000000001,33.33333333333335,37.999999999999986,False,IT设备,False,1.0,False,rising,False,False,0.0,0.41174947504758996,0.4627329133714053,IT设备,-5.0,-2.0,3.0,0.3,0.5,0.1712236326864035,0.9992764108522493,0.0927608677253334,True,False,0.12346603876050208,0.9612742351289403,,,,,,,0.07161803713527852,0,0.0,none,0.09426790010169873,True,increasing_vol,4.941176470588236,波动率飙升预警-4.9分(近期波动是早期的2.5倍),,,0,0
002837.SZ,英维克,专用机械,0.615,-0.0034034100873128192,-0.0040000000000000036,0.2366940230698215,0.4059408274903957,0.017100211999542037,0.61,100.0,0.0050000000000000044,0.1,1.0,has_near_zero,has_near_zero,has_near_zero,False,0,True,5,False,0,True,5,0.04384447014705475,0.0268328157299975,0.11437908496732038,ultra_stable,False,False,none,0.06000000000000005,0.0,-0.009000000000000008,-0.06900000000000006,0.47380000000000005,1.0,0.6000000000000002,False,none,0.0,-0.030000000000000027,-4.687500000000004,0.0,-4.687500000000004,False,专用机械,False,1.0,True,falling,False,False,0.0,0.04384447014705475,0.16840890945097714,专用机械,-5.0,-2.0,3.0,0.3,0.5,-0.012719920581174715,0.7499999999999999,-0.042665034258061285,False,False,0.005190275272975509,0.1276614487396171,,,,,,,0.49090909090909096,0,0.0,none,0.04101274639872924,False,decreasing_vol,0.0,,,,0,0
002850.SZ,科达利,电气设备,3.8087000000000004,0.3957676561659023,1.169,0.8851911407516931,0.01711665277067233,0.5952542246054098,5.44,111.0,1.1975000000000002,1.0,0.02748633611151033,good,good,good,False,0,True,1,False,0,True,1,0.5423901798721269,1.8755852419978145,1.3302486986697515,ultra_stable,False,False,none,1.51,0.0,0.7900000000000003,-0.7199999999999998,0.6424740600720854,0.9999415264519713,0.984799074268883,False,none,0.6200000000000001,0.9600000000000004,40.93264248704664,12.86307053941909,24.870466321243534,False,电气设备,False,1.0,False,rising,False,False,0.0,0.5423901798721269,0.5672454772310349,电气设备,-5.0,-2.0,3.0,0.3,0.5,0.16754140558371633,0.972514791796912,-0.48075204432382157,False,True,0.3957676561659023,0.8851911407516931,,,,,,,0.07161803713527852,0,0.0,none,0.09209402649700969,True,decreasing_vol,4.0,波动聚集提示-2分(大波动后可能跟着大波动); 趋势不可靠-2分(Bootstrap CI过宽: 0.505),high_growth,"高速成长(稳健CAGR=119.8%, MK趋势=1.00)",1,0
002851.SZ,麦格米特,电气设备,0.9677100000000001,0.009200967958382234,0.011954999999999993,0.09737351260348406,0.6092345928674616,0.0062518637008834865,0.8651,43.950586264656614,0.04114999999999999,0.4,0.4624327264504764,has_near_zero,has_near_zero,has_near_zero,False,0,True,4,False,0,True,5,0.20538078206134805,0.19326742353536974,0.5219867803022252,stable,False,False,none,0.05309999999999998,0.0,-0.04244999999999999,-0.09554999999999997,0.1614649485102566,0.37238649555649744,0.03979824321109979,True,severe,-0.40359999999999996,0.3187,-8.936842105263155,-31.812091116891306,33.54736842105263,False,电气设备,False,1.6317684887459807,True,falling,False,False,0.0,0.20538078206134805,0.3818737574818759,电气设备,-5.0,-2.0,3.0,0.3,0.5,-0.0314363891282064,0.04703575741530181,-0.07096964839994901,False,False,0.03766070872496684,0.1964276733279198,,,,,,,0.9487554904831625,1,0.0,cliff_drop,0.18476135561502785,True,increasing_vol,56.049413735343386,严重恶化-15分; 单年巨幅下滑-15.0分(年跌-31.8%); 贝叶斯高置信度恶化-12分(恶化概率94.9%，严重恶化确认); 波动率飙升预警-6.0分(近期波动是早期的3.0倍); 峰值明显下跌-8分(从1.3跌至0.9，跌幅-31.8%),,,0,0
002859.SZ,洁美科技,元器件,0.6025,-0.07058141045712676,-0.08499999999999999,0.38418598061248965,0.26475195692701986,-0.09799306351512627,0.47,75.0,-0.09,-0.4,0.4624327264504764,has_near_zero,has_near_zero,has_near_zero,False,0,True,5,False,0,True,5,0.34784885148823314,0.21844907873461036,0.8757961783439493,moderate,False,False,none,0.25,0.0,-0.129,-0.379,0.30299627377624927,1.0,0.45598027127003704,True,moderate,-0.12,0.18,14.634146341463413,-20.33898305084746,43.90243902439025,False,元器件,False,1.8902439024390243,True,falling,False,False,0.0,0.34784885148823314,0.5303116015157898,元器件,-5.0,-2.0,3.0,0.3,0.5,0.027457678928515417,0.11266133941772245,0.15822549879534664,False,False,-0.07058141045712676,0.38418598061248965,,,,,,,0.6492985971943889,1,0.0,single_year_drop,0.27422536663472913,False,decreasing_vol,25.0,中度恶化-10分; 峰值大幅下跌-15分(从1.0跌至0.5，跌幅-51.0%),,,0,0
002879.SZ,长缆科技,电气设备,0.48260000000000014,-0.11646980718251625,-0.13800000000000004,0.46542207443998845,0.20448276491245002,-0.17844747111912995,0.41,83.0,-0.12291666666666667,-0.4,0.4624327264504764,has_near_zero,has_near_zero,has_near_zero,False,0,True,5,False,0,True,5,0.5886097631667881,0.308431515899397,1.4312977099236641,volatile,False,False,none,-0.375,0.0,0.13,0.505,0.5711706370836849,0.8664510166358594,0.8352553542009886,False,none,0.02999999999999997,0.23,173.33333333333334,7.894736842105256,153.33333333333334,False,电气设备,False,1.0,False,rising,False,False,0.0,0.5886097631667881,0.6042211438667638,电气设备,-5.0,-2.0,3.0,0.3,0.5,0.12493044043548311,0.8325920560016439,0.4546423481693955,True,False,-0.11646980718251625,0.46542207443998845,,,,,,,0.07161803713527852,0,0.0,none,0.41601302575385385,False,decreasing_vol,17.0,趋势不可靠-2分(Bootstrap CI过宽: 0.497); 峰值大幅下跌-15分(从0.9跌至0.4，跌幅-54.4%),,,0,0
002880.SZ,卫光生物,生物制药,0.934459,-0.003300531523436223,-0.005670000000000031,0.004706423525601808,0.9127200307243819,-0.012461940393414861,1.1178,100.0,0.0073874999999999635,0.0,1.0,has_near_zero,has_near_zero,has_near_zero,False,0,True,3,False,0,True,2,0.27593139677348627,0.25831593640346695,0.7023372073149888,moderate,False,False,none,-0.32875,0.0,0.29999999999999993,0.6287499999999999,0.617333827764199,0.989288582955557,0.9265496946864331,False,none,0.15369999999999995,0.4462999999999999,115.87485515643101,15.942329633855405,86.19157976052527,False,生物制药,False,1.0,False,rising,False,False,0.0,0.27593139677348627,0.35407845075212235,生物制药,-5.0,-2.0,3.0,0.3,0.5,0.23259597972161394,0.9107855337862593,0.4840901503281766,True,False,-0.003300531523436223,0.0006889916601620783,,,,,,,0.07161803713527852,0,0.0,none,0.2757651681972939,False,stable,0.0,,,,0,0
002881.SZ,美格智能,元器件,0.431937,0.033135926660236424,0.033589999999999995,0.07131404167463148,0.6640710132220692,0.36183530838325684,0.5204,83.0,0.011391666666666661,0.0,1.0,has_near_zero,has_near_zero,has_near_zero,False,0,True,5,False,0,True,5,0.5016146586868847,0.21161115991364918,1.1828568719480397,volatile,False,False,none,0.499,0.0,-0.06810000000000001,-0.5671,0.5398862255029862,1.0,0.26466225502986174,False,none,0.2724,-0.2913,-3.5045429260152097,109.83870967741936,-54.01446319302799,False,元器件,False,2.6221774193548386,True,rising,False,False,0.0,0.5016146586868847,0.7509153828634862,元器件,-5.0,-2.0,3.0,0.3,0.5,-0.00835024888591146,0.0030332587067835354,-0.19102784157088412,False,False,0.033135926660236424,0.07131404167463148,,,,,,,0.2783505154639176,0,0.0,none,0.485558938588982,False,stable,17.0,单年巨幅下滑-15.0分(年跌-54.0%); 趋势不可靠-2分(Bootstrap CI过宽: 0.416),,,0,0
002882.SZ,金龙羽,电气设备,0.35571200000000003,-0.025434344011035746,-0.027260000000000006,0.37877714622679437,0.269136525421795,-0.07564934637230669,0.3237,57.0,-0.026029166666666673,-0.2,0.8064959405073401,has_near_zero,has_near_zero,has_near_zero,False,0,True,5,False,0,True,5,0.421607485979092,0.1497381147203343,1.1073882193940758,volatile,False,False,none,-0.32420000000000004,0.0,0.047799999999999995,0.37200000000000005,0.30649513388300165,1.0,0.14288619558906634,True,severe,-0.053300000000000014,-0.13549999999999995,-36.8390243902439,-14.137931034482762,-26.439024390243897,False,电气设备,False,4.299496644295302,True,falling,False,False,0.0,0.421607485979092,0.9105522080226471,电气设备,-5.0,-2.0,3.0,0.3,0.5,-0.08703303547897012,0.9439462564776081,-0.11820331060854689,False,False,0.002622609340806098,0.0008457488171139869,,,,,,,0.9507042253521126,2,-0.4652627560758364,sustained_decline,0.4215279011583045,True,decreasing_vol,43.0,严重恶化-15分; 贝叶斯高置信度恶化-12分(恶化概率95.1%，严重恶化确认); 波动聚集提示-2分(大波动后可能跟着大波动); 峰值明显下跌-8分(从0.5跌至0.3，跌幅-36.8%); 连续下跌警示-6分(2年下跌，累计-27.0%),,,0,0
002897.SZ,意华股份,元器件,0.9025,-0.06463735016284275,-0.085,0.23152098472689497,0.41189758377144914,-0.10835447482048366,0.67,35.0,-0.07374999999999997,-0.6,0.22067136191984693,has_near_zero,has_near_zero,has_near_zero,False,0,True,3,False,0,True,3,0.32732734213934755,0.3037597735053145,0.7866379310344827,moderate,False,False,none,0.16999999999999993,0.0,-0.36499999999999994,-0.5349999999999999,0.3892065804418527,0.3093114520156974,0.8011124473842453,True,severe,-0.04999999999999993,-0.6799999999999999,-52.14285714285714,-6.944444444444435,-48.57142857142857,False,元器件,False,1.7721518987341771,True,falling,False,False,0.0,0.32732734213934755,0.4981487935427017,元器件,-5.0,-2.0,3.0,0.3,0.5,-0.2550327808958269,0.8099488321020825,-0.3624387569781089,False,False,-0.06463735016284275,0.23152098472689497,,,,,,,0.9507042253521126,2,-0.8570261437908498,sustained_decline,0.2935458359620216,False,stable,65.0,严重恶化-15分; 单年巨幅下滑-15.0分(年跌-48.6%); 贝叶斯高置信度恶化-12分(恶化概率95.1%，严重恶化确认); 趋势不可靠-2分(Bootstrap CI过宽: 0.430); 峰值大幅下跌-15分(从1.4跌至0.7，跌幅-52.1%); 连续下跌警示-6分(2年下跌，累计-36.8%),,,0,0
002901.SZ,大博医疗,医疗保健,0.7968000000000001,-0.19940076464597076,-0.284,0.3462608464360661,0.2965957579449392,-0.13127888809577282,0.86,101.38565242008714,-0.21791666666666665,-0.4,0.4624327264504764,has_near_zero,has_near_zero,has_near_zero,False,0,True,3,False,0,True,3,0.805802660847861,0.7107179468678134,1.746031746031746,high_volatility,False,False,none,-0.645,0.0,0.32,0.9650000000000001,0.5976930661475155,0.652656486952884,0.6575342465753425,False,none,0.72,-0.07999999999999999,290.90909090909093,514.2857142857142,-36.36363636363636,False,医疗保健,True,11.999999999999998,True,rising,False,False,0.0,0.805802660847861,1.0,医疗保健,-5.0,-2.0,3.0,0.3,0.5,0.28028756936204513,0.646474568040078,0.7713048401742827,True,False,-0.19940076464597076,0.3462608464360661,,,,,,,0.07161803713527852,0,0.0,none,0.6245920506741784,False,decreasing_vol,10.61434757991286,单年巨幅下滑-15.0分(年跌-36.4%); 趋势不可靠-2分(Bootstrap CI过宽: 0.927); 峰值明显下跌-8分(从1.7跌至0.9，跌幅-48.8%),cyclical_bottom,"周期底部(mid_up), 近期强势(28.0%)",0,0
002916.SZ,深南电路,元器件,3.1775,-0.008901634023952321,-0.027000000000000045,0.06347401629002508,0.6826459956611687,0.0509691250073554,3.66,92.0,0.13750000000000007,0.4,0.4624327264504764,good,good,good,False,0,False,0,False,0,False,0,0.1105754290773173,0.3456587912956939,0.2975047984644914,ultra_stable,False,False,none,0.1100000000000001,0.0,0.21999999999999997,0.10999999999999988,0.16694889161872076,0.8175675675675675,0.22362544278453705,False,none,0.9300000000000002,-0.4900000000000002,13.664596273291924,34.06593406593407,-15.217391304347833,False,元器件,False,1.1794871794871795,True,rising,False,False,0.0,0.1105754290773173,0.2457253005268111,元器件,-5.0,-2.0,3.0,0.3,0.5,0.06147960914031658,0.19282092145514595,0.027796757897645685,False,False,0.02853184149210044,0.191076786452855,,,,,,,0.07161803713527852,0,0.0,none,0.097533373058779,True,increasing_vol,8.0,波动率飙升预警-8.0分(近期波动是早期的6.5倍),,,0,0
002922.SZ,伊戈尔,电气设备,0.6455,-0.002521067242124164,-0.0030000000000000027,0.18771270577434385,0.46613868047206514,0.20140570706737715,0.75,100.0,0.07250000000000001,0.4,0.4624327264504764,has_near_zero,has_near_zero,has_near_zero,False,0,True,5,False,0,True,5,0.240997447573293,0.14652644812456214,0.6414473684210527,stable,False,False,none,0.30000000000000004,0.0,0.02599999999999999,-0.2740000000000001,0.5423555555555556,1.0,0.37555555555555536,False,none,0.12,-0.010000000000000009,17.187499999999996,19.047619047619047,-1.5625000000000013,False,电气设备,False,1.0476190476190477,True,rising,False,False,0.0,0.240997447573293,0.33248049774117416,电气设备,-5.0,-2.0,3.0,0.3,0.5,0.04516322387422289,0.6804612114246755,-0.07992447740517691,False,True,0.06557930281932492,0.6466427455214646,,,,,,,0.07161803713527852,0,0.0,none,0.14155729357740088,False,decreasing_vol,0.0,,,,0,0
002937.SZ,兴瑞科技,元器件,0.68,0.10201184272788728,0.12000000000000002,0.7020419095946994,0.07642536055241486,0.15679277478588127,0.77,91.0,0.14250000000000002,0.6,0.22067136191984693,has_near_zero,has_near_zero,has_near_zero,False,0,True,5,False,0,True,5,0.35248789228646815,0.2270022026324855,0.8074534161490683,stable,False,False,none,0.155,0.0,0.015000000000000013,-0.13999999999999999,0.255955197914403,0.6316827344434707,0.031105990783410184,True,moderate,-0.13,0.16000000000000003,4.054054054054058,-14.444444444444446,21.621621621621625,False,元器件,False,2.3684210526315788,True,falling,False,False,0.0,0.35248789228646815,0.597779787513385,元器件,-5.0,-2.0,3.0,0.3,0.5,0.011971233440894458,0.03327137773039572,-0.12172100389062362,False,False,0.10201184272788728,0.7020419095946994,,,,,,,0.6492985971943889,1,0.0,single_year_drop,0.1935084171388122,False,stable,9.0,"中度恶化-10分; 趋势不确定预警-4分(Bootstrap CI跨零: [-0.004, 0.232])",,,0,0
002938.SZ,鹏鼎控股,元器件,1.5925,0.037936185890994255,0.06500000000000002,0.7538926283851741,0.05624556586590478,0.06121864511652175,1.56,80.80916594544814,0.07291666666666666,0.4,0.4624327264504764,good,good,good,False,0,False,0,False,0,False,0,0.22785734086123366,0.3554574517435245,0.5961538461538463,moderate,False,False,none,0.4650000000000001,0.0,-0.30000000000000004,-0.7650000000000001,0.6014714657891557,0.9023160383919879,0.5823986194995685,False,none,0.14000000000000012,-0.7400000000000002,-27.77777777777778,9.859154929577475,-34.25925925925927,False,元器件,False,1.5211267605633805,True,rising,False,False,0.0,0.22785734086123366,0.3851027740974377,元器件,-5.0,-2.0,3.0,0.3,0.5,-0.14269578900458446,0.5562902630414089,-0.3816681091037224,False,True,0.037936185890994255,0.1114064789133885,,,,,,,0.435483870967742,0,0.0,none,0.21812539972817158,False,stable,19.19083405455186,"单年巨幅下滑-15.0分(年跌-34.3%); 加速下滑-0.2分(加速度-0.38); 趋势不确定预警-4分(Bootstrap CI跨零: [-0.003, 0.067])",,,0,0
002947.SZ,恒铭达,元器件,1.1001999999999998,0.025619985002833523,0.037,0.12097421885771129,0.5662484904379015,0.22076966520628494,1.91,115.0,0.455,0.6,0.22067136191984693,has_near_zero,has_near_zero,has_near_zero,False,0,True,3,False,0,True,4,0.6251607937537261,0.6289117585162485,1.7097415506958251,volatile,False,False,none,-0.6699999999999999,0.0,0.555,1.225,0.7583198459772608,1.0,0.9901316318166481,False,none,0.6799999999999999,0.39,127.38095238095238,55.28455284552846,46.42857142857143,False,元器件,False,1.0,False,rising,False,False,0.0,0.6251607937537261,0.6334619683363142,元器件,-5.0,-2.0,3.0,0.3,0.5,0.3195235162894722,0.9925075595774125,0.3271429285111703,False,False,0.20937792978870967,0.5563622521708416,,,,,,,0.07161803713527852,0,0.0,none,0.38375446382851874,False,stable,0.0,,high_growth,"高速成长(稳健CAGR=45.5%, MK趋势=0.60)",1,0
002950.SZ,奥美医疗,医疗保健,0.6937430000000001,-0.012075615723467959,-0.014260000000000005,0.49499671493651975,0.1848912939865876,-0.24650248111395046,0.5899,70.0,-0.2814375,-0.8,0.0864107329737,has_near_zero,has_near_zero,has_near_zero,False,0,True,4,False,0,True,5,0.7906759849113113,0.6193523125007284,2.113695552264719,volatile,False,False,none,-1.15,0.0,-0.07384000000000002,1.0761599999999998,0.6665257277936576,1.0,0.16525727793657552,False,none,0.41559999999999997,-0.46809999999999996,-8.172478206724781,238.4394721744119,-72.86737235367372,False,医疗保健,False,1.0,False,rising,False,False,0.0,0.7906759849113113,0.7658741212623824,医疗保健,-5.0,-2.0,3.0,0.3,0.5,-0.022348067519724013,0.008874581840822147,0.35769034826632784,False,False,-0.20723216044502918,0.5749577308813809,,,,,,,0.2783505154639176,0,0.0,none,0.511774461202119,False,stable,30.0,单年巨幅下滑-15.0分(年跌-72.9%); 峰值大幅下跌-15分(从1.8跌至0.6，跌幅-67.8%),,,0,0
002953.SZ,日丰股份,电气设备,0.4154,-0.05588069097530074,-0.06200000000000001,0.5161511775106861,0.17157227820394783,-0.12966880047756602,0.35,83.0,-0.06416666666666668,-0.6,0.22067136191984693,has_near_zero,has_near_zero,has_near_zero,False,0,True,5,False,0,True,5,0.31024813002695717,0.1346476884316994,0.7834101382488479,moderate,False,False,none,-0.16999999999999998,0.0,0.03999999999999998,0.20999999999999996,0.4635280381850653,0.9312567132116003,0.2840236686390531,True,moderate,-0.07,0.14999999999999997,29.629629629629612,-16.666666666666668,55.555555555555536,False,电气设备,False,1.5555555555555554,True,falling,False,False,0.0,0.31024813002695717,0.4556059114289731,电气设备,-5.0,-2.0,3.0,0.3,0.5,0.03819944408800152,0.2900299324565986,0.19347855645760612,False,False,-0.05588069097530074,0.5161511775106861,,,,,,,0.6492985971943889,1,0.0,single_year_drop,0.21268167298090926,False,decreasing_vol,17.0,"中度恶化-10分; 趋势不确定预警-4分(Bootstrap CI跨零: [-0.165, 0.052]); 峰值明显下跌-8分(从0.6跌至0.3，跌幅-42.6%)",,,0,0
002955.SZ,鸿合科技,IT设备,1.0712000000000002,0.14474938542761426,0.184,0.3710645462486716,0.275476477782798,0.28016206115587394,0.94,47.64751197248214,0.23874999999999996,0.4,0.4624327264504764,has_near_zero,has_near_zero,has_near_zero,False,0,True,3,False,0,True,3,0.5216813987511568,0.5300283011311754,1.3188976377952755,volatile,False,False,none,0.6699999999999999,0.0,-0.375,-1.045,0.6927440929055472,0.9373564418458966,0.9900844872095752,True,severe,-0.43999999999999995,-0.31000000000000005,-44.37869822485207,-31.88405797101449,-18.343195266272193,False,IT设备,False,1.0,True,falling,False,False,0.0,0.5216813987511568,0.5506784523342588,IT设备,-5.0,-2.0,3.0,0.3,0.5,-0.22871727258626373,0.9780980666084802,-0.7049760550357173,False,True,0.14474938542761426,0.3710645462486716,,,,,,,0.9985541677252345,2,0.7381954184198217,accelerating_decline,0.43606916631726617,False,decreasing_vol,52.35248802751786,严重恶化-15分; 单年巨幅下滑-15.0分(年跌-31.9%); 加速下滑-0.4分(加速度-0.70); 贝叶斯高置信度恶化-12分(恶化概率99.9%，严重恶化确认); 趋势不可靠-2分(Bootstrap CI过宽: 0.724); 峰值明显下跌-8分(从1.7跌至0.9，跌幅-44.4%),,,0,0
002957.SZ,科瑞技术,专用机械,0.453456,-0.035066464217893265,-0.04287999999999999,0.048138424465206615,0.7229030052142705,-0.17127813716871776,0.3396,30.0,-0.08874999999999998,-0.2,0.8064959405073401,has_near_zero,has_near_zero,has_near_zero,False,0,True,5,False,0,True,5,0.597221139032082,0.2784961615534404,1.4367816091954024,high_volatility,False,False,none,-0.6299999999999999,0.0,0.04108000000000002,0.6710799999999999,0.3586553047241596,1.0,0.036718391397821036,True,severe,-0.08239999999999997,-0.338,-55.315789473684205,-19.526066350710895,-44.47368421052632,False,专用机械,True,8.444444444444445,True,falling,False,False,0.0,0.597221139032082,1.0,专用机械,-5.0,-2.0,3.0,0.3,0.5,-0.18386918414106432,0.8987794699743241,-0.19994606464021683,False,False,-0.035066464217893265,0.048138424465206615,,,,,,,0.9747292418772563,2,-0.5609523542443705,sustained_decline,0.5792531683533123,True,decreasing_vol,70.0,严重恶化-15分; 单年巨幅下滑-15.0分(年跌-44.5%); 周期回落期-3分(景气下行趋势); 贝叶斯高置信度恶化-12分(恶化概率97.5%，严重恶化确认); 波动聚集提示-2分(大波动后可能跟着大波动); 趋势不可靠-2分(Bootstrap CI过宽: 0.424); 峰值大幅下跌-15分(从0.8跌至0.3，跌幅-55.3%); 连续下跌警示-6分(2年下跌，累计-52.8%),,,0,0
002962.SZ,五方光电,元器件,0.2992,-0.013584962481816556,-0.013999999999999999,0.3941860414207376,0.25677623148934825,-0.21179904580278797,0.22,79.0,-0.054999999999999986,-0.8,0.0864107329737,has_near_zero,has_near_zero,has_near_zero,False,0,True,5,False,0,True,5,0.4443273532044576,0.14307340773183533,1.0869565217391306,moderate,False,False,none,-0.27999999999999997,0.0,-0.02799999999999999,0.252,0.5788,1.0,0.784,False,none,-0.010000000000000009,-0.06999999999999998,-26.666666666666668,-4.347826086956525,-23.33333333333333,False,元器件,False,1.0344827586206897,True,falling,False,False,0.0,0.4443273532044576,0.4933929170463247,元器件,-5.0,-2.0,3.0,0.3,0.5,-0.03870507006177007,0.8428358982139466,0.08492365888538192,True,False,-0.07073979387075885,0.7140312486317156,,,,,,,0.49090909090909096,0,-0.8136645962732918,none,0.2411586168735053,False,decreasing_vol,21.0,峰值大幅下跌-15分(从0.6跌至0.2，跌幅-61.4%); 连续下跌警示-6分(2年下跌，累计-61.4%),,,0,0
002970.SZ,锐明技术,IT设备,0.6183,0.0712889419039622,0.10099999999999998,0.01878428356221019,0.8260430507068006,,1.66,98.0,0.13999999999999996,0.2,0.8064959405073401,has_loss,has_loss,has_loss,True,1,True,3,True,1,True,3,1.6963124182355318,0.9974317019224926,4.2687074829931975,high_volatility,False,False,none,-1.105,0.0,1.255,2.36,0.8749664525251234,0.9984667593425463,0.992808816422583,False,none,1.0699999999999998,1.44,295.2941176470588,181.3559322033898,169.41176470588235,False,IT设备,False,1.0,False,rising,False,False,0.0,1.6963124182355318,1.0,IT设备,-5.0,-2.0,3.0,0.3,0.5,1.0257990361019997,0.9712531186411942,1.9686730104633845,True,False,0.0712889419039622,0.01878428356221019,,,,,,,0.07161803713527852,0,0.0,none,1.6744296336616036,False,stable,2.0,趋势不可靠-2分(Bootstrap CI过宽: 2.011),,,0,0
002978.SZ,安宁股份,小金属,2.497958,-0.011257540633117059,-0.06034000000000002,0.005450342528360002,0.9060867208050893,0.04159167034817246,2.1282,57.84876683974703,-0.2539499999999999,-0.2,0.8064959405073401,good,good,good,False,0,False,0,False,0,False,0,0.2709890482518522,0.6818247047445554,0.7037590518509097,moderate,False,False,none,1.7707000000000002,0.0,-0.4746600000000001,-2.2453600000000002,0.6913611276334111,1.0,0.9136112763341111,True,severe,-0.20699999999999985,-0.39480000000000004,-22.04395604395604,-8.864337101747168,-14.461538461538462,False,小金属,True,1.0,True,falling,True,False,0.0,0.2709890482518522,0.8419780965037045,小金属,-5.0,-2.0,1.6,0.3,0.24,-0.11493982653505086,0.9774230230070169,-0.3024663205059446,False,True,-0.011257540633117059,0.005450342528360002,,,,,,,0.9507042253521126,3,-0.38704051956003627,chronic_decline,0.26832299688054656,True,decreasing_vol,42.15123316025297,严重恶化-15分; 周期回落期-3分(景气下行趋势); 加速下滑-0.2分(加速度-0.30); 贝叶斯高置信度恶化-12分(恶化概率95.1%，严重恶化确认); 波动聚集提示-2分(大波动后可能跟着大波动); 趋势不可靠-2分(Bootstrap CI过宽: 0.461); 峰值明显下跌-8分(从3.6跌至2.1，跌幅-40.5%),,,0,0
002979.SZ,雷赛智能,专用机械,0.651,-0.012359593115958823,-0.01499999999999999,0.525398389478722,0.16592497002373693,-0.07813418243282422,0.65,75.77777777777777,-0.07625000000000001,-0.8,0.0864107329737,has_near_zero,has_near_zero,has_near_zero,False,0,True,5,False,0,True,5,0.23570226039551587,0.16263455967290594,0.6521739130434784,stable,False,False,none,-0.17000000000000004,0.0,-0.05099999999999999,0.11900000000000005,0.23053560623750213,1.0,0.25663542180562404,False,none,0.2,-0.26999999999999996,-9.722222222222216,44.44444444444445,-37.49999999999999,False,专用机械,False,1.0,False,rising,False,False,0.0,0.23570226039551587,0.32189514164974603,专用机械,-5.0,-2.0,3.0,0.3,0.5,-0.028874956495758053,0.056670352527874314,0.04107139795349324,False,False,-0.06363059068591327,0.5534804222700797,,,,,,,0.2783505154639176,0,0.0,none,0.1536505307907081,False,increasing_vol,24.22222222222222,"单年巨幅下滑-15.0分(年跌-37.5%); 波动率飙升预警-5.2分(近期波动是早期的2.6倍); 趋势不确定预警-4分(Bootstrap CI跨零: [-0.029, 0.001])",,,0,0
002981.SZ,朝阳科技,元器件,0.6197,0.0886853817295821,0.11374999999999999,0.4648990208522006,0.20483982114010818,,0.84,56.260685545252706,0.17541666666666667,0.6,0.22067136191984693,has_loss,has_loss,has_near_zero,True,1,True,4,False,0,True,4,1.110390450849061,0.6118251384178325,2.9945553539019967,high_volatility,False,False,none,-0.95,0.0,0.4425,1.3925,0.5996953507160051,1.0,0.654380710087351,True,severe,-0.38,0.615,38.84297520661157,-31.147540983606557,101.65289256198346,False,元器件,True,inf,True,falling,False,False,0.0,1.110390450849061,1.0,元器件,-5.0,-2.0,3.0,0.3,0.5,0.09524579492454821,0.17326286372554991,0.058206201217009756,False,False,0.19755991768303932,0.32632242034865805,,,,,,,0.7873633049817741,1,0.0,cliff_drop,0.895065338032906,True,decreasing_vol,43.739314454747294,严重恶化-15分; 单年巨幅下滑-15.0分(年跌-31.1%); 周期回落期-3分(景气下行趋势); 贝叶斯中度恶化预警-5分(恶化概率78.7%); 波动聚集提示-2分(大波动后可能跟着大波动); 峰值明显下跌-8分(从1.2跌至0.8，跌幅-31.1%),,,0,0
002983.SZ,芯瑞达,元器件,0.6441,-0.0037083953123214107,-0.005000000000000021,0.007288555329181516,0.8914318635757323,-0.035419900326008946,0.58,50.0,0.021666666666666657,0.1,1.0,has_near_zero,has_near_zero,has_near_zero,False,0,True,5,False,0,True,5,0.2627715556735637,0.16712270940838653,0.7075471698113207,moderate,False,False,none,-0.22000000000000003,0.0,0.071,0.29100000000000004,0.27375016552704773,1.0,0.22856495125821802,True,severe,-0.32000000000000006,0.32000000000000006,0.0,-35.555555555555564,55.17241379310346,False,元器件,False,2.0,True,falling,False,False,0.0,0.2627715556735637,0.47688391120551765,元器件,-5.0,-2.0,3.0,0.3,0.5,0.0,0.0,0.03815846146219781,False,False,0.022018342095225064,0.06391259300561407,,,,,,,0.9487554904831625,1,0.0,cliff_drop,0.2540537019874592,False,increasing_vol,50.0,严重恶化-15分; 单年巨幅下滑-15.0分(年跌-35.6%); 贝叶斯高置信度恶化-12分(恶化概率94.9%，严重恶化确认); 峰值明显下跌-8分(从0.9跌至0.6，跌幅-35.6%),,,0,0
002990.SZ,盛视科技,软件服务,0.8267,0.00399807524291893,0.0050000000000000044,0.05740922498303266,0.6978736239978962,-0.23167321230465543,0.69,85.0,-0.20125000000000004,-0.4,0.4624327264504764,has_near_zero,has_near_zero,has_near_zero,False,0,True,4,False,0,True,5,0.6897444564506832,0.6221494997185162,1.7849223946784922,volatile,False,False,none,-1.28,0.0,0.037,1.317,0.6571544290567024,1.0,0.07154429056702379,True,moderate,-0.08000000000000007,0.4,86.48648648648647,-10.389610389610398,108.10810810810811,False,软件服务,False,2.081081081081081,True,falling,False,False,0.0,0.6897444564506832,0.8292730426380239,软件服务,-5.0,-2.0,3.0,0.3,0.5,0.14120794180198157,0.5854149085983223,0.6775160104334412,True,False,-0.15239966324138798,0.3623370971059266,,,,,,,0.4807121661721069,1,0.0,single_year_drop,0.5311885008131751,False,decreasing_vol,15.0,中度恶化-10分; 峰值大幅下跌-15分(从2.0跌至0.7，跌幅-65.2%),,,0,0
002993.SZ,奥海科技,元器件,1.6905000000000001,0.011779673198893836,0.022,0.09944348760751738,0.6052458114278767,-0.06305694360390413,1.68,98.0,-0.08250000000000005,-0.2,0.8064959405073401,good,good,good,False,0,False,0,False,0,False,0,0.15749330485547852,0.27309339061939975,0.4152249134948098,stable,False,False,none,-0.7200000000000002,0.0,0.049,0.7690000000000002,0.5779670860593861,1.0,0.24167086059386006,False,none,0.08999999999999986,-0.16999999999999993,-4.545454545454549,5.660377358490557,-9.659090909090905,False,元器件,False,1.1540983606557378,True,rising,False,False,0.0,0.15749330485547852,0.2798744253051479,元器件,-5.0,-2.0,3.0,0.3,0.5,-0.020106500638889302,0.2123542076710188,0.07514581055897795,False,False,-0.03901322726633409,0.22120641050814716,,,,,,,0.2783505154639176,0,0.0,none,0.13605445103952118,True,decreasing_vol,2.0,波动聚集提示-2分(大波动后可能跟着大波动),,,0,0
002997.SZ,瑞鹄模具,专用机械,1.0447000000000002,0.04079858537181526,0.05299999999999999,0.2312008930186399,0.41226900847383,0.25743342968293526,1.7,107.0,0.24000000000000002,0.8,0.0864107329737,has_near_zero,has_near_zero,has_near_zero,False,0,True,3,False,0,True,4,0.45780625383864976,0.4440720662234903,1.1030927835051543,moderate,False,False,none,0.03999999999999998,0.0,0.47,0.43,0.5199255895409929,0.37209302325581356,0.9671628721541156,False,none,0.6199999999999999,0.32000000000000006,123.68421052631578,57.4074074074074,42.10526315789475,False,专用机械,False,1.0,False,rising,False,False,0.0,0.45780625383864976,0.4995783364042532,专用机械,-5.0,-2.0,3.0,0.3,0.5,0.2998462195440309,0.9849730246293591,0.26738471056560803,True,False,0.16716782538908861,0.815461048971304,,,,,,,0.07161803713527852,0,0.0,none,0.21177350602765435,True,increasing_vol,8.0,波动率飙升预警-8.0分(近期波动是早期的5.2倍),high_growth,"高速成长(稳健CAGR=24.0%, MK趋势=0.80)",1,0
003007.SZ,直真科技,软件服务,0.3592,-0.09987925016666928,-0.12050000000000001,0.42963484700342663,0.22980298866277088,,0.32,36.0,-0.05583333333333333,-0.2,0.8064959405073401,has_loss,has_loss,has_near_zero,True,1,True,4,False,0,True,4,1.8096592433930665,0.6478580091347178,4.748603351955308,high_volatility,False,False,none,-1.7000000000000002,0.0,0.339,2.039,0.6508016709767257,1.0,0.5080167097672567,True,severe,-0.44,0.39,-13.513513513513512,-57.89473684210527,105.40540540540542,False,软件服务,True,inf,True,falling,False,False,0.0,1.8096592433930665,1.0,软件服务,-5.0,-2.0,3.0,0.3,0.5,-0.023631570611090447,0.012573813562199027,0.2430714934632836,False,False,0.017599441880646622,0.0022247598009743036,,,,,,,0.9487554904831625,1,0.0,cliff_drop,1.8095730096009517,True,decreasing_vol,64.0,严重恶化-15分; 单年巨幅下滑-15.0分(年跌-57.9%); 周期回落期-3分(景气下行趋势); 贝叶斯高置信度恶化-12分(恶化概率94.9%，严重恶化确认); 波动聚集提示-2分(大波动后可能跟着大波动); 趋势不可靠-2分(Bootstrap CI过宽: 0.393); 峰值大幅下跌-15分(从1.0跌至0.3，跌幅-68.6%),,,0,0
003008.SZ,开普检测,电气设备,0.8345,-0.004009462274464215,-0.005000000000000027,0.029301522319328303,0.7831199359614025,-0.07906866494905052,0.82,100.0,-0.05750000000000001,-0.4,0.4624327264504764,has_near_zero,has_near_zero,has_near_zero,False,0,True,4,False,0,True,5,0.18174009541197578,0.15811388300841892,0.47126436781609193,stable,False,False,none,-0.33999999999999986,0.0,-0.007000000000000029,0.33299999999999985,0.5193605633802817,1.0,0.027605633802817126,False,none,0.08999999999999997,-0.13,-4.651162790697678,12.328767123287667,-15.116279069767444,False,电气设备,False,1.1241830065359477,True,rising,False,False,0.0,0.18174009541197578,0.295283143867707,电气设备,-5.0,-2.0,3.0,0.3,0.5,-0.015314241534574669,0.08603531788934107,0.08376077927910697,False,False,-0.05131549735076002,0.5004984708953091,,,,,,,0.2783505154639176,0,0.0,none,0.12798167972341817,False,decreasing_vol,0.0,,,,0,0
003015.SZ,日久光电,元器件,0.1935,-0.03964254622734957,-0.041999999999999996,0.3686817574328262,0.2774564266881,,0.25,71.0,-0.14500000000000002,-0.6,0.22067136191984693,has_loss,has_loss,has_near_zero,True,1,True,5,False,0,True,5,0.872043309479341,0.18836135484753766,2.3611111111111107,high_volatility,False,False,none,-0.15000000000000002,0.0,0.049999999999999996,0.2,0.38642488048018936,0.9985207100591718,0.09986684420772306,False,none,0.31,-0.21,66.66666666666667,516.6666666666667,-140.0,False,元器件,False,1.0,False,rising,False,False,0.0,0.872043309479341,0.8309679809168061,元器件,-5.0,-2.0,3.0,0.3,0.5,0.04901167068115289,0.0974016730178276,0.19231494501454435,False,False,-0.07232121873787704,0.38794587464072194,,,,,,,0.07161803713527852,0,0.0,none,0.6775332867065175,True,increasing_vol,29.0,单年巨幅下滑-15.0分(年跌-140.0%); 波动聚集风险-6分(ARCH效应+波动上升); 峰值明显下跌-8分(从0.5跌至0.2，跌幅-44.4%),,,0,0
003019.SZ,宸展光电,元器件,1.2495,-0.008614354181087646,-0.012999999999999946,0.37662056343184336,0.27089880290531637,-0.004454453710301842,1.11,76.81396956716021,-0.009166666666666611,-0.2,0.8064959405073401,good,good,good,False,0,False,0,False,0,False,0,0.23031445518171398,0.28927495570823275,0.5414012738853503,moderate,False,False,none,0.32000000000000006,0.0,-0.32999999999999996,-0.65,0.583550133149101,0.808208366219416,0.7272929652715938,False,none,0.020000000000000018,-0.6799999999999999,-37.28813559322033,1.8348623853211024,-38.41807909604519,False,元器件,False,1.6238532110091741,True,rising,False,False,0.0,0.23031445518171398,0.4007653256132611,元器件,-5.0,-2.0,3.0,0.3,0.5,-0.18936052816266663,0.7233897563442722,-0.37206086567957153,False,True,-0.008614354181087646,0.006755603324405328,,,,,,,0.6067415730337079,0,0.0,none,0.22973229101391998,False,stable,23.186030432839786,单年巨幅下滑-15.0分(年跌-38.4%); 加速下滑-0.2分(加速度-0.37); 峰值明显下跌-8分(从1.8跌至1.1，跌幅-37.3%),,,0,0
003021.SZ,兆威机电,元器件,1.2253,0.018149899320707773,0.025000000000000012,0.28363991043096065,0.355480822452981,-0.2505754818060899,0.94,85.0,-0.04500000000000004,0.0,1.0,has_near_zero,has_near_zero,has_near_zero,False,0,True,3,False,0,True,4,0.6845388861119571,0.9186511851622464,1.5797317436661702,volatile,False,True,deterioration_to_recovery,-2.12,0.0,0.040999999999999995,2.161,0.860858185964624,1.0,0.3842285714285711,True,moderate,-0.1100000000000001,0.17000000000000004,6.818181818181812,-10.476190476190485,19.318181818181824,False,元器件,False,1.2209302325581397,True,falling,False,False,0.0,0.6845388861119571,0.7104218065639843,元器件,-5.0,-2.0,3.0,0.3,0.5,0.022188812610203446,0.12830291771874563,0.5312767669551283,False,False,-0.1810143881228703,0.4199975260122819,,,,,,,0.6492985971943889,1,0.0,single_year_drop,0.5084662500751774,False,decreasing_vol,15.0,中度恶化-10分; 峰值大幅下跌-15分(从3.0跌至0.9，跌幅-68.5%),,,0,0
003028.SZ,振邦智能,元器件,1.8155000000000001,-0.006171221635571156,-0.012999999999999989,0.510313787821244,0.17519141397576896,-0.03628807459639727,1.82,96.0,-0.06125,-0.6,0.22067136191984693,good,good,good,False,0,False,0,False,0,False,0,0.11289201323164208,0.20839865642561128,0.3141928494041169,ultra_stable,False,False,none,-0.2899999999999999,0.0,0.14500000000000002,0.43499999999999994,0.5469148160340621,0.9752609199845382,0.6238872403560831,False,none,-0.050000000000000044,0.3400000000000001,18.954248366013076,-2.6737967914438525,22.222222222222225,False,元器件,False,1.2222222222222223,True,falling,False,False,0.0,0.11289201323164208,0.25327657354827665,元器件,-5.0,-2.0,3.0,0.3,0.5,0.0744113610115763,0.6325211618591882,0.21465336478994945,True,False,-0.027738196163753503,0.18725401119485854,,,,,,,0.16167664670658682,0,0.0,none,0.10007383453126185,False,stable,4.0,"趋势不确定预警-4分(Bootstrap CI跨零: [-0.014, 0.002])",,,0,0
003043.SZ,华亚智能,半导体,1.2982,-0.05596078685504492,-0.086,0.17542994216413801,0.4827427027298583,-0.05425839099682417,0.96,33.77287200650531,-0.10000000000000006,-0.4,0.4624327264504764,good,good,good,False,0,True,1,False,0,True,1,0.2753225762084417,0.3645270908999768,0.6948640483383685,moderate,False,False,none,0.33999999999999997,0.0,-0.45999999999999996,-0.7999999999999999,0.6450822066463999,0.9897260273972601,0.8610960390667391,True,severe,-0.14000000000000012,-0.7799999999999998,-48.93617021276596,-12.727272727272737,-41.48936170212765,False,半导体,False,1.0,True,falling,False,False,0.0,0.2753225762084417,0.3535913943000867,半导体,-5.0,-2.0,3.0,0.3,0.5,-0.2679201227323719,0.881211524078705,-0.45425598698936404,False,True,-0.05596078685504492,0.17542994216413801,,,,,,,0.9507042253521126,2,-0.693240093240093,sustained_decline,0.25545008109727374,False,stable,66.22712799349469,复合恶化-14.0分(触发2项恶化信号); 严重恶化-15分; 单年巨幅下滑-15.0分(年跌-41.5%); 加速下滑-0.2分(加速度-0.45); 贝叶斯高置信度恶化-12分(恶化概率95.1%，严重恶化确认); 趋势不可靠-2分(Bootstrap CI过宽: 0.480); 峰值明显下跌-8分(从1.9跌至1.0，跌幅-48.9%),,,0,0
003816.SZ,中国广核,新型电力,0.20445000000000002,0.006763554982370723,0.006899999999999998,0.9264110496942617,0.008667213982896549,0.03154455811228574,0.214,95.75,0.006624999999999997,1.0,0.02748633611151033,has_near_zero,has_near_zero,has_near_zero,False,0,True,5,False,0,True,5,0.05639693556594343,0.011335784048754629,0.12437810945273631,ultra_stable,False,False,none,0.0040000000000000036,0.0,0.008499999999999994,0.00449999999999999,0.31299535015603486,1.0,0.8368725868725873,False,none,0.0020000000000000018,0.014999999999999986,8.629441624365475,0.9433962264150951,7.614213197969535,False,新型电力,False,1.0,False,rising,False,False,0.0,0.05639693556594343,0.1784508817860881,新型电力,-5.0,-2.0,3.0,0.3,0.5,0.00832592857556548,0.8367472000205092,0.004398416918804285,False,False,0.006763554982370723,0.9264110496942617,,,,,,,0.13366336633663367,0,0.0,none,0.015314173106090918,False,increasing_vol,4.249999999999993,波动率飙升预警-4.2分(近期波动是早期的2.1倍),,,0,0
300001.SZ,特锐德,电气设备,0.4524,0.1489660977682144,0.168,0.813241010158657,0.03639204156591197,0.45241258290228914,0.89,92.0,0.16125,0.8,0.0864107329737,has_near_zero,has_near_zero,has_near_zero,False,0,True,5,False,0,True,5,0.7405251619006841,0.29769111508407503,1.7661691542288556,moderate,False,False,none,0.03,0.0,0.315,0.28500000000000003,0.5059804619899174,0.519230769230769,0.9705738506684055,False,none,0.41000000000000003,0.21999999999999997,242.3076923076923,85.41666666666667,84.6153846153846,False,电气设备,False,1.0,False,rising,False,False,0.0,0.7405251619006841,0.7257534628538805,电气设备,-5.0,-2.0,3.0,0.3,0.5,0.2721295713702331,0.9807505464810498,0.24289645228834633,True,False,0.1489660977682144,0.813241010158657,,,,,,,0.07161803713527852,0,0.0,none,0.33429726223546957,True,increasing_vol,8.0,波动率飙升预警-8.0分(近期波动是早期的6.3倍),,,0,0
300004.SZ,南风股份,电气设备,-0.15730000000000002,-0.04366232346020784,-0.0445,0.2866562415059544,0.352440400947671,,0.16,101.0,0.00875,0.0,1.0,poor,poor,has_loss,True,2,True,4,True,1,True,5,3.712485485015975,0.7053722421530352,9.157894736842106,high_volatility,False,False,none,-1.7399999999999998,0.0,0.46799999999999997,2.2079999999999997,0.6652750789771711,0.9999999999999998,0.652750789771711,False,none,0.2,-0.09,219.99999999999997,500.0,-179.99999999999997,False,电气设备,True,inf,True,rising,False,False,0.0,3.712485485015975,1.0,电气设备,-5.0,-2.0,3.0,0.3,0.5,0.054672944897983536,0.30002770045759936,0.1823023598259233,False,False,0.08234811302145455,0.049690887174730455,,,,,,,0.07161803713527852,0,0.0,none,3.599967297481505,True,decreasing_vol,11.0,单年巨幅下滑-15.0分(年跌-180.0%); 波动聚集提示-2分(大波动后可能跟着大波动); 峰值明显下跌-8分(从0.3跌至0.2，跌幅-48.4%),cyclical_bottom,周期底部(mid_up),0,0
300006.SZ,莱美药业,化学制药,-0.110099,0.0017724757287154113,0.001780000000000001,0.049091994048551385,0.7202174756976998,,-0.0832,61.0,0.051425,0.6,0.22067136191984693,poor,poor,poor,True,5,True,5,True,5,True,5,1.1742623629336282,0.15502611715449754,2.9828813816088475,high_volatility,False,False,none,0.3013,0.0,0.011000000000000005,-0.2903,0.5206163218486227,1.0,0.1255632184862265,True,severe,-0.07469999999999999,0.056600000000000004,-27.803379416282624,-878.8235294117644,86.9431643625192,False,化学制药,False,1.0,True,falling,False,False,0.0,1.1742623629336282,1.0,化学制药,-5.0,-2.0,3.0,0.3,0.5,-0.009025102159767616,0.0537639674764757,-0.1725830338155461,False,False,0.07104604870057488,0.5561203724207399,,,,,,,0.9737039819684448,1,0.0,cliff_drop,0.7829756230181449,False,decreasing_vol,39.0,严重恶化-15分; 单年巨幅下滑-15.0分(年跌-878.8%); 贝叶斯高置信度恶化-12分(恶化概率97.4%，严重恶化确认),,,0,0
300009.SZ,安科生物,生物制药,0.37159800000000004,0.06675086643796524,0.07046,0.526125630493932,0.1654852643277945,0.12891679301558412,0.4223,86.0,0.08166666666666667,0.4,0.4624327264504764,has_near_zero,has_near_zero,has_near_zero,False,0,True,5,False,0,True,5,0.43677937911044895,0.15307370120304795,1.0842892198824403,moderate,False,False,none,0.08499999999999999,0.0,-0.0038499999999999923,-0.08884999999999998,0.14760051317174025,0.31921944035346095,0.006284901396267828,True,moderate,-0.0877,0.08000000000000002,-1.790697674418601,-17.19607843137255,18.6046511627907,False,生物制药,False,3.923076923076923,True,falling,False,False,0.0,0.43677937911044895,0.8725004263652822,生物制药,-5.0,-2.0,3.0,0.3,0.5,-0.003541802144337025,0.006484014315644159,-0.08383537760861107,False,False,0.06675086643796524,0.526125630493932,,,,,,,0.9025069637883009,1,0.0,single_year_drop,0.29953868031318176,False,decreasing_vol,14.0,"中度恶化-10分; 贝叶斯恶化预警-8分(恶化概率90.3%); 趋势不确定预警-4分(Bootstrap CI跨零: [-0.014, 0.196])",,,0,0
300010.SZ,豆神教育,软件服务,-0.6668010000000002,0.14410563123878561,0.1497,0.3928925314738343,0.25779848209029926,,0.0664,111.0,0.5921375,0.8,0.0864107329737,poor,poor,poor,True,3,True,4,True,3,True,5,1.4156881124202445,1.2303745385044347,3.4772753423081344,high_volatility,False,False,none,2.2736,0.0,0.30536,-1.96824,0.7260670332916053,1.0,0.760670332916052,False,none,0.0494,0.8081,108.39337631146503,290.5882352941176,102.14890658576665,False,软件服务,True,inf,True,rising,False,False,0.0,1.4156881124202445,1.0,软件服务,-5.0,-2.0,3.0,0.3,0.5,0.396027366169898,0.7965390453729039,-0.14329276682349712,False,True,0.43963298454839544,0.8436499506095593,,,,,,,0.07161803713527852,0,0.0,none,0.7064996403812381,False,decreasing_vol,4.0,周期顶部预警-5分(警惕景气回落); 趋势不可靠-2分(Bootstrap CI过宽: 0.658),high_growth,"高速成长(稳健CAGR=59.2%, MK趋势=0.80)",1,0
300014.SZ,亿纬锂能,电气设备,1.7272000000000003,0.1493384662479466,0.26399999999999996,0.7783952910949242,0.04762755518219785,0.2228291063045269,1.99,98.0,0.2475,1.0,0.02748633611151033,good,good,good,False,0,True,1,False,0,True,1,0.2797652562337434,0.4610531422732091,0.6674757281553398,ultra_stable,False,False,none,0.65,0.0,0.14899999999999997,-0.5010000000000001,0.6342469430247966,1.0,0.8404694302479649,False,none,0.010000000000000009,0.1399999999999999,8.152173913043473,0.5050505050505055,7.608695652173908,False,电气设备,False,1.0,False,rising,False,False,0.0,0.2797652562337434,0.357145538320328,电气设备,-5.0,-2.0,3.0,0.3,0.5,0.03472564276923429,0.798368619377706,-0.24941815585336546,False,True,0.1493384662479466,0.7783952910949242,,,,,,,0.13366336633663367,0,0.0,none,0.11879884060930875,True,decreasing_vol,2.0,波动聚集提示-2分(大波动后可能跟着大波动),,,0,0
300015.SZ,爱尔眼科,医疗保健,0.38681,-0.013529138322094496,-0.01458,0.5039081869476271,0.17921178322721637,-0.023505525340233868,0.3847,96.0,-0.012916666666666668,-0.4,0.4624327264504764,has_near_zero,has_near_zero,has_near_zero,False,0,True,5,False,0,True,5,0.08230597481399032,0.032436784674193586,0.1750824663790916,ultra_stable,False,False,none,-0.029099999999999987,0.0,0.009899999999999992,0.03899999999999998,0.3772289082309511,0.6207086119737388,0.7310723787264725,False,none,0.020299999999999985,-0.0005000000000000004,5.426144149081936,5.570801317233805,-0.13702384214853397,False,医疗保健,False,1.1893523600439078,True,rising,False,False,0.0,0.08230597481399032,0.2244250945237133,医疗保健,-5.0,-2.0,3.0,0.3,0.5,0.009270184552864325,0.7310096947607018,0.036342534783864816,False,False,-0.013529138322094496,0.5039081869476271,,,,,,,0.13366336633663367,0,0.0,none,0.05790139432146417,False,decreasing_vol,4.0,"趋势不确定预警-4分(Bootstrap CI跨零: [-0.037, 0.009])",,,0,0
300017.SZ,网宿科技,软件服务,0.1708,0.055069500377129085,0.05600000000000001,0.7508183783855559,0.057368416742863595,0.3280942012434185,0.28,88.0,0.05041666666666667,0.6,0.22067136191984693,has_near_zero,has_near_zero,has_near_zero,False,0,True,5,False,0,True,5,0.6631647496980149,0.10212737145349429,1.3636363636363638,moderate,False,False,none,-0.0049999999999999975,0.0,0.1,0.10500000000000001,0.4319598853868195,0.25,0.859598853868195,False,none,0.030000000000000027,0.16999999999999998,250.0,12.00000000000001,212.49999999999994,False,软件服务,False,1.0,False,rising,False,False,0.0,0.6631647496980149,0.6638651330917452,软件服务,-5.0,-2.0,3.0,0.3,0.5,0.09827488993558232,0.8578971686283028,0.10325690456030734,False,False,0.055069500377129085,0.7508183783855559,,,,,,,0.07161803713527852,0,0.0,none,0.33046780909089535,False,increasing_vol,12.0,"波动率飙升预警-8.0分(近期波动是早期的6.7倍); 趋势不确定预警-4分(Bootstrap CI跨零: [-0.007, 0.108])",,,0,0
300018.SZ,中元股份,电气设备,0.12180000000000002,0.005974357769223937,0.006,0.021259802466527353,0.8150121520724157,0.12468265038069815,0.16,112.0,0.0125,0.2,0.8064959405073401,has_near_zero,has_near_zero,has_near_zero,False,0,True,5,False,0,True,5,0.5432668671002205,0.06519202405202648,1.4166666666666665,volatile,False,False,none,-0.04,0.0,0.07,0.11000000000000001,0.2637109160300085,0.22119815668202766,0.901840490797546,False,none,0.03,0.11,700.0000000000001,23.076923076923077,550.0,False,电气设备,True,9.5,True,rising,False,False,0.0,0.5432668671002205,1.0,电气设备,-5.0,-2.0,3.0,0.3,0.5,0.06966320647935309,0.9010960359793113,0.1095809124756521,False,False,0.005974357769223937,0.021259802466527353,,,,,,,0.07161803713527852,0,0.0,none,0.5374838498865698,False,decreasing_vol,0.0,,cyclical_bottom,周期底部(mid_up),0,0
300033.SZ,同花顺,软件服务,3.1544999999999996,0.003162297246287826,0.010000000000000009,0.01178754340611687,0.8620358647636408,0.013733191774174758,3.39,94.0,-0.043333333333333335,-0.2,0.8064959405073401,good,good,good,False,0,False,0,False,0,False,0,0.11270706780971765,0.358859303906141,0.2983668341708543,ultra_stable,False,False,none,-0.030000000000000027,0.0,0.1200000000000001,0.15000000000000013,0.13834022410145494,0.018354860639021094,0.09022556390977456,False,none,0.7800000000000002,-0.54,7.619047619047627,29.885057471264382,-17.142857142857146,False,软件服务,False,1.363984674329502,True,rising,False,False,0.0,0.11270706780971765,0.2720302774917077,软件服务,-5.0,-2.0,3.0,0.3,0.5,0.035105534522873905,0.07559950967700199,0.04410522273743178,False,False,-0.019032410817424107,0.07193904133966053,,,,,,,0.13366336633663367,0,0.0,none,0.10883228802552479,True,increasing_vol,6.0,波动聚集风险-6分(ARCH效应+波动上升),,,0,0
300035.SZ,中科电气,电气设备,0.36568100000000003,-0.015189892621196688,-0.01593000000000001,0.014343730744056496,0.8478753986490091,0.14004566063734303,0.4392,92.4487594390507,-0.04290000000000002,-0.2,0.8064959405073401,has_near_zero,has_near_zero,has_near_zero,False,0,True,5,False,0,True,5,0.5711973881660414,0.2116057844199917,1.3974518166603682,high_volatility,False,False,none,0.3154,0.0,-0.08709000000000003,-0.40249,0.34703397562505534,1.0,0.23144272159134843,False,none,0.38149999999999995,-0.46230000000000004,-15.538461538461545,661.1785095320623,-88.90384615384616,False,电气设备,True,9.972270363951473,True,rising,False,False,0.0,0.5711973881660414,1.0,电气设备,-5.0,-2.0,3.0,0.3,0.5,-0.03642367514770778,0.02369730245578287,-0.1573597231194018,False,False,-0.015189892621196688,0.014343730744056496,,,,,,,0.435483870967742,0,0.0,none,0.5671365166939297,False,increasing_vol,7.5512405609492985,单年巨幅下滑-15.0分(年跌-88.9%); 波动率飙升预警-4.6分(近期波动是早期的2.3倍); 趋势不可靠-2分(Bootstrap CI过宽: 0.415),,,0,0
300046.SZ,台基股份,半导体,0.128434,-0.014669570435168163,-0.014819999999999996,0.320193517045118,0.32007582110393273,-0.08317870035167185,0.1069,87.0,-0.017950000000000008,-0.4,0.4624327264504764,has_near_zero,has_near_zero,has_near_zero,False,0,True,5,False,0,True,5,0.3115058544668508,0.04139289794155514,0.8105057194461167,moderate,False,False,none,0.0398,0.0,-0.020429999999999997,-0.06023,0.17829416148248547,1.0,0.32459250462817685,True,moderate,-0.024800000000000016,0.04830000000000001,28.17745803357313,-18.83067577828399,57.913669064748206,False,半导体,False,1.9352517985611508,True,falling,False,False,0.0,0.3115058544668508,0.5072382567149675,半导体,-5.0,-2.0,3.0,0.3,0.5,0.011696909468800948,0.2372947357769069,0.04540940718824854,False,False,-0.014669570435168163,0.320193517045118,,,,,,,0.6492985971943889,1,0.0,single_year_drop,0.2567858867585946,False,decreasing_vol,13.0,中度恶化-10分; 峰值明显下跌-8分(从0.2跌至0.1，跌幅-44.1%),,,0,0
300049.SZ,福瑞股份,医疗保健,0.378785,0.0017311402294778345,0.0018500000000000016,0.17278202398365353,0.4864142027124041,0.15413981343445315,0.4285,100.0,0.0353,1.0,0.02748633611151033,has_near_zero,has_near_zero,has_near_zero,False,0,True,5,False,0,True,5,0.19498049312911647,0.07002919391225347,0.520659316182203,ultra_stable,False,False,none,0.1261,0.0,0.019670000000000003,-0.10642999999999998,0.5549778980362383,1.0,0.8369189803623827,False,none,0.04239999999999999,0.014000000000000012,15.15721580220371,10.98161098161098,3.762429454447733,False,医疗保健,False,1.0,False,rising,False,False,0.0,0.19498049312911647,0.2893177278366265,医疗保健,-5.0,-2.0,3.0,0.3,0.5,0.026178581777029197,0.9230935125069256,-0.03621935614949817,False,False,0.037161748110900464,0.7803876537293252,,,,,,,0.07161803713527852,0,0.0,none,0.0903359433255044,False,decreasing_vol,0.0,,,,0,0
300069.SZ,金利华电,电气设备,-0.09186000000000002,0.1935413533397972,0.199,0.9730173334104258,0.0018965698570999263,,0.27,100.0,0.19875,1.0,0.02748633611151033,poor,poor,poor,True,3,True,5,True,3,True,5,2.100772650701865,0.31839310294037465,5.212457112694643,moderate,False,False,none,0.1411,0.0,0.2539,0.11280000000000001,0.5186091051489471,0.9752908353314552,0.9852002161580153,False,none,0.2,0.3078,213.5407905803196,285.7142857142857,129.43650126156433,False,电气设备,False,1.0,False,rising,False,False,0.0,2.100772650701865,1.0,电气设备,-5.0,-2.0,3.0,0.3,0.5,0.251218315680405,0.984644198587466,0.11951107567763805,True,False,0.1935413533397972,0.9730173334104258,,,,,,,0.07161803713527852,0,0.0,none,0.321323397511126,False,increasing_vol,0.0,,,,0,0
300088.SZ,长信科技,元器件,0.22850000000000004,-0.06308555052636125,-0.06500000000000002,0.7541776522247344,0.0561419319166046,-0.18500848829262562,0.15,60.0,-0.06916666666666668,-0.6,0.22067136191984693,has_near_zero,has_near_zero,has_near_zero,False,0,True,5,False,0,True,5,0.47659175216427047,0.11819475453673907,1.088709677419355,moderate,False,False,none,0.02999999999999997,0.0,-0.084,-0.11399999999999998,0.33310926131974145,1.0,0.7788079470198674,False,none,0.04999999999999999,-0.18000000000000002,-46.42857142857144,49.999999999999986,-64.28571428571429,False,元器件,False,3.6999999999999997,True,rising,False,False,0.0,0.47659175216427047,0.8746067350647497,元器件,-5.0,-2.0,3.0,0.3,0.5,-0.06351078559035188,0.48603773881984336,-0.034858955450241494,False,False,-0.06308555052636125,0.7541776522247344,,,,,,,0.6067415730337079,0,0.0,none,0.2353782076241333,False,increasing_vol,40.0,单年巨幅下滑-15.0分(年跌-64.3%); 相对加权下滑-10.0分(最新为加权65.6%); 峰值大幅下跌-15分(从0.4跌至0.1，跌幅-59.5%),,,0,0
300092.SZ,科新机电,专用机械,0.538335,0.06769520772251698,0.07543,0.9410120482371411,0.0061915611908370015,0.1565556524045575,0.618,100.0,0.08023333333333332,1.0,0.02748633611151033,has_near_zero,has_near_zero,has_near_zero,False,0,True,5,False,0,True,5,0.24538871341851104,0.12284649771157499,0.5445247892613161,ultra_stable,False,False,none,0.089,0.0,0.04730000000000001,-0.04169999999999999,0.42297361050863846,0.9616116129888588,0.7918797716340619,False,none,0.005299999999999971,0.08930000000000005,18.074130683989306,0.8650236657417938,17.061520825372572,False,专用机械,False,1.0,False,rising,False,False,0.0,0.24538871341851104,0.32964430406814216,专用机械,-5.0,-2.0,3.0,0.3,0.5,0.04107774243118417,0.791075947131152,-0.0405053469294992,False,False,0.06769520772251698,0.9410120482371411,,,,,,,0.07161803713527852,0,0.0,none,0.058818482113865186,False,decreasing_vol,0.0,,,,0,0
300102.SZ,乾照光电,半导体,0.016100000000000003,-0.015740132083355833,-0.016,0.04581069092932827,0.72957827289117,,0.1,95.0,0.08499999999999999,0.4,0.4624327264504764,poor,poor,has_loss,True,2,True,5,True,1,True,5,56.52985936653312,0.22611943746613203,152.50000000000028,high_volatility,False,False,none,0.61,0.0,-0.03899999999999999,-0.649,0.5436587699316628,1.0,0.13858769931662868,False,none,0.07,0.09,266.6666666666667,233.33333333333334,150.0,False,半导体,True,inf,True,rising,False,False,0.0,56.52985936653312,1.0,半导体,-5.0,-2.0,3.0,0.3,0.5,0.07989906854727076,0.9947429202698229,-0.061729679898034254,False,False,0.06589504212788125,0.21892468567422885,,,,,,,0.07161803713527852,0,0.0,none,49.94215403844742,True,decreasing_vol,17.0,波动聚集提示-2分(大波动后可能跟着大波动); 峰值大幅下跌-15分(从0.3跌至0.1，跌幅-61.5%),cyclical_bottom,周期底部(mid_up),0,0
300115.SZ,长盈精密,元器件,0.18610000000000002,0.046635595401797285,0.046999999999999986,0.027037574182890958,0.7915871646862542,,0.6,98.0,0.155,0.2,0.8064959405073401,has_loss,has_loss,has_loss,True,1,True,5,True,1,True,5,2.7440998212705034,0.47198516925852657,6.686046511627907,high_volatility,False,False,none,-1.15,0.0,0.333,1.4829999999999999,0.691571906354515,1.0,0.9157190635451503,False,none,0.53,0.030000000000000006,1399.9999999999998,757.1428571428571,75.00000000000001,False,元器件,False,1.0,False,rising,False,False,0.0,2.7440998212705034,1.0,元器件,-5.0,-2.0,3.0,0.3,0.5,0.26441777886311024,0.7923365497837854,0.5500352652414786,False,False,0.046635595401797285,0.027037574182890958,,,,,,,0.07161803713527852,0,0.0,none,2.7098730559656024,False,decreasing_vol,2.0,趋势不可靠-2分(Bootstrap CI过宽: 0.835),,,0,0
300136.SZ,信维通信,元器件,0.6663860000000001,0.015191602703522721,0.017999999999999995,0.14335415839945131,0.5297035132536835,-0.09142737240659837,0.6865,90.0,-0.036112500000000006,0.0,1.0,has_near_zero,has_near_zero,has_near_zero,False,0,True,4,False,0,True,5,0.2843125462497343,0.19479958418846793,0.7071341000642186,moderate,False,False,none,-0.48450000000000004,0.0,0.03595999999999999,0.52046,0.5334955082613133,1.0,0.2940350826131326,False,none,0.14759999999999995,-0.13119999999999998,2.4473959110580465,27.389125997402104,-19.579167288464404,False,元器件,False,1.2621962704840837,True,rising,False,False,0.0,0.2843125462497343,0.3957428730643319,元器件,-5.0,-2.0,3.0,0.3,0.5,0.006786154210635109,0.00965312641993436,0.1360846288614589,False,False,-0.047591742151530114,0.23738611260169878,,,,,,,0.13366336633663367,0,0.0,none,0.244903676817819,True,decreasing_vol,10.0,波动聚集提示-2分(大波动后可能跟着大波动); 峰值明显下跌-8分(从1.0跌至0.7，跌幅-31.9%),,,0,0
300143.SZ,盈康生命,医疗保健,-0.1845,0.062381357911080945,0.06499999999999999,0.037557549898698576,0.7548024804189254,,0.18,98.0,0.004999999999999994,0.0,1.0,poor,poor,poor,True,2,True,4,True,2,True,4,2.7329475492231965,0.5575213000415321,6.029411764705882,high_volatility,False,False,none,-0.615,0.0,0.595,1.21,0.6736320635635183,0.9737192139363254,0.7626014216988581,False,none,0.01999999999999999,1.17,117.82178217821782,12.499999999999993,115.84158415841583,False,医疗保健,False,1.0,False,rising,False,False,0.0,2.7329475492231965,1.0,医疗保健,-5.0,-2.0,3.0,0.3,0.5,0.5337344555337421,0.7638481599228067,1.0870794126205423,True,False,0.062381357911080945,0.037557549898698576,,,,,,,0.07161803713527852,0,0.0,none,2.6861112552367254,False,stable,2.0,趋势不可靠-2分(Bootstrap CI过宽: 1.186),,,0,0
300150.SZ,世纪瑞尔,软件服务,-0.1392,0.03586035842304265,0.036,0.40804646920340515,0.24599386948351834,,0.06,100.0,0.049166666666666664,0.4,0.4624327264504764,poor,poor,poor,True,3,True,5,True,2,True,5,2.024845673131659,0.30372685096974883,4.866666666666667,high_volatility,False,False,none,-0.255,0.0,0.365,0.62,0.48228079098396665,0.4742888402625821,0.8408899642331159,False,none,0.09,0.64,108.955223880597,300.0,95.52238805970148,False,软件服务,True,inf,True,rising,False,False,0.0,2.024845673131659,1.0,软件服务,-5.0,-2.0,3.0,0.3,0.5,0.3439402713485237,0.8461907572849207,0.5782359736667224,True,False,0.035860358423042644,0.03937383564682867,,,,,,,0.07161803713527852,0,0.0,none,1.9889695824722913,False,stable,0.0,周期顶部预警-5分(警惕景气回落),,,0,0
300151.SZ,昌红科技,专用机械,0.2109,-0.01171828939419125,-0.012,0.4504338051335061,0.214864760073581,-0.1591035847462855,0.19,72.28571428571428,-0.05375,-0.6,0.22067136191984693,has_near_zero,has_near_zero,has_near_zero,False,0,True,5,False,0,True,5,0.5109225567867882,0.1164903429473877,1.4035087719298247,moderate,False,False,none,-0.13,0.0,-0.038,0.092,0.22966136022808978,1.0,0.284251968503937,False,none,0.13,-0.2,-26.923076923076927,216.66666666666669,-76.92307692307693,False,专用机械,False,1.6774193548387097,True,rising,False,False,0.0,0.5109225567867882,0.6323939594079253,专用机械,-5.0,-2.0,3.0,0.3,0.5,-0.03414066696835384,0.11623851992059607,0.02298235450691867,False,False,-0.0552557157126435,0.5926885879204897,,,,,,,0.435483870967742,0,0.0,none,0.32371570711590253,False,increasing_vol,27.714285714285715,单年巨幅下滑-15.0分(年跌-76.9%); 波动率飙升预警-4.7分(近期波动是早期的2.4倍); 峰值明显下跌-8分(从0.4跌至0.2，跌幅-50.0%),,,0,0
300153.SZ,科泰电源,电气设备,-0.0008789999999999909,0.010427737567260679,0.01046,0.25000715160989434,0.3909943332525972,,0.1094,98.0,0.04932500000000001,1.0,0.02748633611151033,has_loss,has_loss,has_near_zero,True,1,True,5,False,0,True,5,6.6385755515698,0.27643028596736646,15.42026897214217,high_volatility,False,True,worsening,0.5590999999999999,0.0,0.02621,-0.53289,0.816213186821044,1.0,0.8120320598027263,False,none,0.008499999999999994,0.0131,24.601366742596802,8.424182358771054,14.92027334851936,False,电气设备,False,1.0,False,rising,False,False,0.0,6.6385755515698,1.0,电气设备,-5.0,-2.0,3.0,0.3,0.5,0.010747680192524124,0.9850374470062162,-0.2882294749464073,False,True,0.13132319793426991,0.6074894397864619,,,,,,,0.07161803713527852,0,0.0,none,4.177712297608553,True,decreasing_vol,2.0,波动聚集提示-2分(大波动后可能跟着大波动),,,0,0
300157.SZ,新锦动力,专用机械,-0.5642,0.2747668475773221,0.36599999999999994,0.7458719419715568,0.059194515415068594,,-0.25,88.69259081783568,0.37124999999999997,0.5,0.3122163883433192,poor,poor,poor,True,5,True,3,True,5,True,3,0.9923254183640866,0.6688273319773944,2.28486646884273,volatile,False,False,none,0.77,0.0,-0.045,-0.8150000000000001,0.8200159442944062,0.9964147666797377,0.7499999999999999,False,none,0.0,-0.09,-56.25,0.0,-56.25,False,专用机械,False,1.0,True,falling,False,False,0.0,0.9923254183640866,0.9271936680246027,专用机械,-5.0,-2.0,3.0,0.3,0.5,-0.044070690840973856,0.7499999999999999,-0.6148183643286393,False,True,0.2747668475773221,0.7458719419715568,,,,,,,0.7941176470588236,0,0.0,none,0.4975085192536963,True,decreasing_vol,26.30740918216432,"单年巨幅下滑-15.0分(年跌-56.2%); 加速下滑-0.3分(加速度-0.61); 贝叶斯中度恶化预警-5分(恶化概率79.4%); 波动聚集提示-2分(大波动后可能跟着大波动); 趋势不确定预警-4分(Bootstrap CI跨零: [-0.050, 0.591])",high_growth,"高速成长(稳健CAGR=37.1%, MK趋势=0.50)",1,0
300170.SZ,汉得信息,软件服务,0.1877,-0.0010394298147595794,-0.0010000000000000009,0.00027429888307645145,0.9789136076760531,,0.19,83.82857963688573,0.009999999999999998,0.0,1.0,has_loss,has_loss,has_loss,True,1,True,5,True,1,True,5,1.0426074671065204,0.19601020381602585,2.765957446808511,high_volatility,False,False,none,0.21,0.0,-0.14999999999999997,-0.36,0.39760885343808117,0.9735099337748345,0.3302348336594912,False,none,0.22,-0.52,-61.224489795918366,733.3333333333334,-106.12244897959184,False,软件服务,True,inf,True,rising,False,False,0.0,1.0426074671065204,1.0,软件服务,-5.0,-2.0,3.0,0.3,0.5,-0.14168734922503756,0.31659876492089606,-0.3428407262285278,False,True,-0.0010394298147595794,7.550666544038073e-05,,,,,,,0.6067415730337079,0,0.0,none,1.0425735451769151,False,increasing_vol,16.171420363114265,单年巨幅下滑-15.0分(年跌-106.1%); 加速下滑-0.2分(加速度-0.34); 峰值大幅下跌-15分(从0.5跌至0.2，跌幅-61.2%),,,0,0
300184.SZ,力源信息,元器件,-0.08771300000000005,-0.030817131001175925,-0.031169999999999996,0.3614620519737424,0.2835179171677463,,0.0853,80.03040983957276,-0.013200000000000003,0.0,1.0,has_loss,has_loss,has_near_zero,True,1,True,4,False,0,True,5,4.169396787873839,0.7300613775567093,9.900628212450027,high_volatility,False,True,growth_to_decline,1.7336,0.0,-0.06626999999999998,-1.79987,0.9382228258109298,1.0,0.8154896149651383,False,none,0.0278,-0.13620000000000002,-55.96282911719154,48.347826086956516,-70.31491997934951,False,元器件,True,4.535652173913043,True,rising,False,False,0.0,4.169396787873839,1.0,元器件,-5.0,-2.0,3.0,0.3,0.5,-0.05365592461459631,0.5659700044693394,-0.7397003208544867,False,True,0.23290917176223078,0.3775606735280359,,,,,,,0.6067415730337079,0,0.0,none,3.235005301182059,False,decreasing_vol,19.969590160427245,单年巨幅下滑-15.0分(年跌-70.3%); 增长转衰退-3.6分(斜率变化-1.80); 加速下滑-0.4分(加速度-0.74); 峰值大幅下跌-15分(从0.3跌至0.1，跌幅-67.3%),,,0,0
300193.SZ,佳士科技,专用机械,0.4345,0.009384434125162433,0.009999999999999998,0.225110237021682,0.41940090192205554,0.1226094938246376,0.54,100.0,0.046666666666666676,0.8,0.0864107329737,has_near_zero,has_near_zero,has_near_zero,False,0,True,5,False,0,True,5,0.1883438520736032,0.07797435475847173,0.48309178743961356,ultra_stable,False,False,none,0.009999999999999981,0.0,0.09000000000000002,0.08000000000000004,0.42012087912087914,0.07692307692307675,0.9642857142857143,False,none,0.12000000000000005,0.06,50.000000000000014,28.571428571428587,16.666666666666664,False,专用机械,False,1.1388888888888888,True,rising,False,False,0.0,0.1883438520736032,0.30252693351073445,专用机械,-5.0,-2.0,3.0,0.3,0.5,0.08202724676816894,0.9672757030485054,0.0725887574647601,False,False,0.03750991510601951,0.6931908463706782,,,,,,,0.07161803713527852,0,0.0,none,0.10466214513668262,False,increasing_vol,0.0,,,,0,0
300194.SZ,福安药业,化学制药,0.12279999999999999,0.000983311024254127,0.0010000000000000009,0.04991284445043367,0.7179276085202748,,0.24,98.0,0.02749999999999999,0.6,0.22067136191984693,has_loss,has_loss,has_near_zero,True,1,True,5,False,0,True,5,1.894559485098694,0.2008233054204616,4.6226415094339615,high_volatility,False,False,none,-0.43,0.0,0.14900000000000002,0.579,0.5876595241948536,1.0,0.7185952419485355,False,none,0.04999999999999999,0.01999999999999999,41.17647058823528,26.315789473684205,11.764705882352935,False,化学制药,False,1.0,False,rising,False,False,0.0,1.894559485098694,1.0,化学制药,-5.0,-2.0,3.0,0.3,0.5,0.034281056608602284,0.9430031261135438,0.03920619080788755,False,False,0.05537651657608387,0.19348251192885232,,,,,,,0.07161803713527852,0,0.0,none,1.7004700625433737,True,decreasing_vol,2.0,波动聚集提示-2分(大波动后可能跟着大波动),,,0,0
300204.SZ,舒泰神,生物制药,-0.44170000000000004,-0.004321563250557131,-0.004499999999999993,0.018234260163491466,0.828592943118315,,-0.3,77.0,-0.037499999999999964,-0.6,0.22067136191984693,poor,poor,poor,True,5,True,5,True,5,True,5,0.5622415944570074,0.2383904360497711,1.3207547169811322,volatile,False,False,none,-0.06499999999999997,0.0,0.05499999999999999,0.11999999999999997,0.19591449683860332,0.8073248407643308,0.0371469504707327,False,none,0.54,-0.43,26.829268292682922,64.28571428571429,-104.8780487804878,False,生物制药,False,1.0,False,rising,False,False,0.0,0.5622415944570074,0.5831266088989393,生物制药,-5.0,-2.0,3.0,0.3,0.5,0.051815476746250755,0.04445040503045352,0.11323513159138199,False,False,-0.05159342195416158,0.1554491139875854,,,,,,,0.07161803713527852,0,0.0,none,0.517405206697235,True,increasing_vol,23.0,单年巨幅下滑-15.0分(年跌-104.9%); 波动率飙升预警-8.0分(近期波动是早期的7.5倍),,,0,0
300207.SZ,欣旺达,电气设备,0.645,0.010514223424182956,0.011999999999999988,0.28540547280119144,0.3536984301477082,0.11021205039543491,0.79,95.0,0.054999999999999966,0.7,0.12955135290440883,has_near_zero,has_near_zero,has_near_zero,False,0,True,5,False,0,True,5,0.1659661023295545,0.1025670512396647,0.4368932038834951,ultra_stable,False,False,none,0.04999999999999999,0.0,0.08500000000000002,0.03500000000000003,0.2580923757113963,0.9868421052631581,0.5810991957104558,False,none,0.21000000000000008,-0.040000000000000036,27.419354838709687,36.20689655172416,-6.451612903225811,False,电气设备,False,1.0689655172413794,True,rising,False,False,0.0,0.1659661023295545,0.27530161749582754,电气设备,-5.0,-2.0,3.0,0.3,0.5,0.0694707884346798,0.573481052599366,0.02603554453329726,False,False,0.04516241293442493,0.6997180849704201,,,,,,,0.07161803713527852,0,0.0,none,0.09196292710927394,False,increasing_vol,5.0000000000000036,波动率飙升预警-5.0分(近期波动是早期的2.5倍),,,0,0
300220.SZ,金运激光,专用机械,-0.24111100000000002,0.09505683282304737,0.09763000000000001,0.7502452404806914,0.05757877632111948,,0.014,88.97887970615244,0.101125,0.6,0.22067136191984693,poor,poor,poor,True,4,True,5,True,4,True,5,0.6582883347874257,0.17800116572651992,1.6131656804733727,moderate,False,False,none,-0.0005499999999999949,0.0,0.19115000000000001,0.1917,0.4374931571043756,0.0003059975520195782,0.9912255734917366,False,none,0.22230000000000003,0.16,103.80124898180831,106.72107537205953,43.442845506380664,False,专用机械,False,1.0,False,rising,False,False,0.0,0.6582883347874257,0.6599640011632738,专用机械,-5.0,-2.0,3.0,0.3,0.5,0.1872219290996151,0.9893780237505818,0.187738130077151,False,False,0.09505683282304737,0.7502452404806914,,,,,,,0.07161803713527852,0,0.0,none,0.32777566837825406,True,increasing_vol,11.021120293847567,"波动率飙升预警-7.0分(近期波动是早期的3.5倍); 趋势不确定预警-4分(Bootstrap CI跨零: [-0.008, 0.187])",,,0,0
300222.SZ,科大智能,电气设备,-0.1641,0.09115386392428776,0.093,0.558099269901327,0.1467754551884171,,0.09,96.0,0.09833333333333333,0.6,0.22067136191984693,poor,poor,poor,True,4,True,5,True,4,True,5,1.0261870666858617,0.19702791680368545,2.5,high_volatility,False,False,none,0.010000000000000009,0.0,0.22999999999999998,0.21999999999999997,0.33943392957037705,0.004777070063694276,0.9974858579509739,False,none,0.25,0.21,124.32432432432432,156.25,56.75675675675676,False,电气设备,True,inf,True,rising,False,False,0.0,1.0261870666858617,1.0,电气设备,-5.0,-2.0,3.0,0.3,0.5,0.22595903099245895,0.996484810565757,0.21661127979195213,False,False,0.09115386392428776,0.558099269901327,,,,,,,0.07161803713527852,0,0.0,none,0.683016869682465,False,stable,4.0,"周期顶部预警-5分(警惕景气回落); 趋势不确定预警-4分(Bootstrap CI跨零: [-0.046, 0.229])",,,0,0
300233.SZ,金城医药,化学制药,0.2519,0.02221312011838311,0.024000000000000004,0.0650468198174218,0.6788250680096461,,0.52,82.53088110063278,0.25749999999999995,0.6,0.22067136191984693,has_loss,has_loss,has_near_zero,True,1,True,4,False,0,True,5,5.697520047694221,0.7976528066771909,14.071428571428573,high_volatility,False,False,none,1.54,0.0,0.046,-1.494,0.6611368421052632,1.0,0.11136842105263163,False,none,0.07,-0.25999999999999995,-26.76056338028168,15.555555555555555,-36.61971830985915,False,化学制药,False,1.5777777777777777,True,rising,False,False,0.0,5.697520047694221,1.0,化学制药,-5.0,-2.0,3.0,0.3,0.5,-0.08090559816659171,0.4867926467850535,-0.9382377987344271,False,True,0.3265291387091055,0.5527713010240871,,,,,,,0.435483870967742,0,0.0,none,3.83610333222532,True,decreasing_vol,17.469118899367214,单年巨幅下滑-15.0分(年跌-36.6%); 加速下滑-0.5分(加速度-0.94); 波动聚集提示-2分(大波动后可能跟着大波动),,,0,0
300236.SZ,上海新阳,半导体,0.494765,0.04099839727853734,0.04540000000000001,0.18504147899174,0.46969179630663965,-0.12025368877294018,0.5654,90.0,-0.03406250000000001,0.0,1.0,has_near_zero,has_near_zero,has_near_zero,False,0,True,5,False,0,True,5,0.567285648413146,0.2901439177373877,1.5117506745395533,volatile,False,False,none,-0.6054999999999999,0.0,0.10492000000000001,0.7104199999999999,0.5955330364156489,0.9999999999999996,0.5344903641564898,False,none,0.026499999999999968,0.3682000000000001,231.22437024018748,4.917424383002406,215.7000585823082,False,半导体,False,1.0,False,rising,False,False,0.0,0.567285648413146,0.5871618520638502,半导体,-5.0,-2.0,3.0,0.3,0.5,0.18452424166824588,0.7969472226687095,0.5201551236186354,True,False,-0.042094800210733786,0.06998980326649146,,,,,,,0.07161803713527852,0,0.0,none,0.5405701196558105,False,decreasing_vol,10.0,趋势不可靠-2分(Bootstrap CI过宽: 0.338); 峰值明显下跌-8分(从0.9跌至0.6，跌幅-40.1%),,,0,0
300238.SZ,冠昊生物,医疗保健,-0.1056,-0.03151664918360007,-0.032,0.5183976347224026,0.1701907228755028,,0.1,73.5647748602046,-0.019999999999999997,-0.4,0.4624327264504764,has_loss,has_loss,has_near_zero,True,1,True,4,False,0,True,5,6.238531143893835,0.5988989898138082,15.0,high_volatility,False,False,none,-0.6699999999999999,0.0,0.6299999999999999,1.2999999999999998,0.6056344869982423,0.694318416168282,0.738098189933052,True,moderate,-0.01999999999999999,1.2799999999999998,108.62068965517241,-16.66666666666666,110.34482758620689,False,医疗保健,True,inf,True,falling,False,False,0.0,6.238531143893835,1.0,医疗保健,-5.0,-2.0,3.0,0.3,0.5,0.5449729038459539,0.7363250457845416,1.1295497204091869,True,False,-0.03151664918360007,0.009085696037715576,,,,,,,0.6492985971943889,1,0.0,single_year_drop,6.216228201695586,False,stable,26.435225139795406,"中度恶化-10分; 周期回落期-3分(景气下行趋势); 趋势不确定预警-4分(Bootstrap CI跨零: [-0.085, 0.001]); 峰值大幅下跌-15分(从0.3跌至0.1，跌幅-64.3%)",,,0,0
300239.SZ,东宝生物,生物制药,0.13692900000000002,0.03540080245876748,0.03563000000000001,0.5914350633480016,0.12851896258973813,0.4231427481405259,0.1448,82.9532125271189,0.0283875,0.6,0.22067136191984693,has_near_zero,has_near_zero,has_near_zero,False,0,True,5,False,0,True,5,0.5810766453133692,0.07335511570435972,1.3205006337135616,volatile,False,False,none,0.07455,0.0,-0.019799999999999998,-0.09435,0.45365227739983943,0.8910558567051614,0.456766917293233,True,moderate,-0.0572,0.017600000000000005,-21.47505422993492,-28.316831683168314,9.544468546637747,False,生物制药,False,1.0,True,falling,False,False,0.0,0.5810766453133692,0.5981946495840287,生物制药,-5.0,-2.0,3.0,0.3,0.5,-0.019535963385924934,0.45791218078669765,-0.09357494576222232,False,True,0.03540080245876748,0.5914350633480016,,,,,,,0.9487554904831625,1,0.0,single_year_drop,0.3721575920568037,False,decreasing_vol,17.04678747288111,"中度恶化-10分; 加速下滑-0.0分(加速度-0.09); 贝叶斯恶化预警-8分(恶化概率94.9%); 趋势不确定预警-4分(Bootstrap CI跨零: [-0.020, 0.080])",,,0,0
300241.SZ,瑞丰光电,半导体,0.039174,-0.0307347001581456,-0.030820000000000004,0.3532191545433616,0.29055541738589447,,0.0461,96.0,-0.03535,-0.4,0.4624327264504764,has_loss,has_loss,has_loss,True,1,True,5,True,1,True,5,1.6932886380083145,0.0819890358523626,4.5518380834365955,high_volatility,False,False,none,-0.034999999999999996,0.0,0.013049999999999999,0.048049999999999995,0.16455997848537923,0.27593736109275696,0.04837694832955685,False,none,0.1133,-0.0872,130.50000000000003,168.60119047619048,-436.00000000000006,False,半导体,True,inf,True,rising,False,False,0.0,1.6932886380083145,1.0,半导体,-5.0,-2.0,3.0,0.3,0.5,0.01304250999634545,0.04837856560776019,0.04798264691501408,False,False,-0.0307347001581456,0.3532191545433616,,,,,,,0.07161803713527852,0,0.0,none,1.36174584598519,False,stable,16.0,单年巨幅下滑-15.0分(年跌-436.0%); 峰值大幅下跌-15分(从0.2跌至0.0，跌幅-69.9%),cyclical_bottom,周期底部(mid_up),0,0
300247.SZ,融捷健康,医疗保健,0.0484,0.005993711274761937,0.006,0.5000000000000001,0.18169011381620923,,0.06,79.91534974674255,0.0325,0.5,0.3122163883433192,has_loss,has_loss,has_near_zero,True,1,True,5,False,0,True,5,2.143303524935281,0.08573214099741124,6.0,high_volatility,False,False,none,0.12,0.0,-0.05,-0.16999999999999998,0.48772588765015695,0.9976905311778288,0.539568345323741,False,none,0.03,-0.13,-62.5,100.0,-81.25,False,医疗保健,True,5.333333333333334,True,rising,False,False,0.0,2.143303524935281,1.0,医疗保健,-5.0,-2.0,3.0,0.3,0.5,-0.0496805108349909,0.5385675056244712,-0.16930050651489717,False,True,0.02797579393796614,0.26787570533800487,,,,,,,0.6067415730337079,0,0.0,none,1.835415484297765,False,decreasing_vol,20.08465025325745,"单年巨幅下滑-15.0分(年跌-81.2%); 加速下滑-0.1分(加速度-0.17); 趋势不确定预警-4分(Bootstrap CI跨零: [-0.000, 0.015]); 峰值大幅下跌-15分(从0.2跌至0.1，跌幅-62.5%)",,,0,0
300248.SZ,新开普,软件服务,0.27038500000000004,-0.03967714017759386,-0.04145,0.814567755845704,0.0359881645884546,-0.11778386190052337,0.2314,92.0,-0.04032499999999999,-0.8,0.0864107329737,has_near_zero,has_near_zero,has_near_zero,False,0,True,5,False,0,True,5,0.25675301704466563,0.07261488828057233,0.5526483275581642,ultra_stable,False,False,none,-0.07300000000000001,0.0,-0.0022999999999999965,0.07070000000000001,0.47868024497038103,0.9467045656422098,0.1986978840616005,False,none,0.005699999999999983,-0.010299999999999976,-1.9491525423728784,2.5254762959680916,-4.3644067796610075,False,软件服务,False,1.0,False,rising,False,False,0.0,0.25675301704466563,0.33873574696906583,软件服务,-5.0,-2.0,3.0,0.3,0.5,-0.002239651344489599,0.19844169222920002,0.06746479580095274,False,False,-0.03967714017759386,0.814567755845704,,,,,,,0.2783505154639176,0,0.0,none,0.11055670397187074,False,decreasing_vol,8.0,峰值明显下跌-8分(从0.4跌至0.2，跌幅-39.4%),,,0,0
300254.SZ,仟源医药,化学制药,-0.2711120000000001,0.2913324481501226,0.33155999999999997,0.8783627991418018,0.01870833657309376,,0.1746,115.0,0.34433749999999996,0.8,0.0864107329737,poor,poor,poor,True,3,True,4,True,3,True,4,1.5264434056427787,0.565669397263101,3.791623940849479,high_volatility,False,False,none,0.8293999999999999,0.0,0.23315999999999998,-0.5962399999999999,0.5637432129225919,1.0,0.7643935342309011,False,none,0.0703,0.6045,134.90603758496601,67.40172579098753,120.85165933626551,False,化学制药,True,inf,True,rising,False,False,0.0,1.5264434056427787,1.0,化学制药,-5.0,-2.0,3.0,0.3,0.5,0.32755776930389363,0.8287012108978826,0.05057648465394288,False,False,0.2913324481501226,0.8783627991418018,,,,,,,0.07161803713527852,0,0.0,none,0.5733970779637774,False,stable,0.0,周期顶部预警-5分(警惕景气回落),high_growth,"高速成长(稳健CAGR=34.4%, MK趋势=0.80)",1,0
300263.SZ,隆华科技,专用机械,0.1746,-0.03712760088375365,-0.038,0.3694672822648506,0.27680258573095684,-0.11988826320660662,0.15,97.0,-0.03083333333333333,-0.2,0.8064959405073401,has_near_zero,has_near_zero,has_near_zero,False,0,True,5,False,0,True,5,0.5303266793831266,0.09864076236526156,1.3440860215053763,volatile,False,False,none,-0.09,0.0,0.039999999999999994,0.13,0.2980691411489415,0.48697394789579157,0.8421052631578946,False,none,0.009999999999999981,0.07,114.28571428571426,7.142857142857128,100.0,False,专用机械,True,4.571428571428571,True,rising,False,False,0.0,0.5303266793831266,1.0,专用机械,-5.0,-2.0,3.0,0.3,0.5,0.039750080582777916,0.8417389700080842,0.12851183184670872,True,False,-0.03712760088375365,0.3694672822648506,,,,,,,0.07161803713527852,0,0.0,none,0.4205937035614611,False,decreasing_vol,15.0,峰值大幅下跌-15分(从0.3跌至0.1，跌幅-53.1%),cyclical_bottom,周期底部(mid_up),0,0
300264.SZ,佳创视讯,软件服务,-0.167998,0.006558277659610093,0.006740000000000001,0.038240756988564786,0.7526110254278348,,-0.1347,98.0,0.02322500000000001,0.2,0.8064959405073401,poor,poor,poor,True,5,True,5,True,5,True,5,0.31758638331730965,0.053996036891608985,0.8046112222091517,moderate,False,False,none,-0.13679999999999998,0.0,0.03929,0.17608999999999997,0.5278605439813863,1.0,0.926425439813863,False,none,0.020500000000000018,0.031399999999999983,27.81350482315113,13.208762886597949,16.82743837084672,False,软件服务,False,1.0,False,rising,False,False,0.0,0.31758638331730965,0.38740243998718105,软件服务,-5.0,-2.0,3.0,0.3,0.5,0.025618890090740115,0.9857704806467321,0.059323209064341034,False,False,0.006558277659610093,0.038240756988564786,,,,,,,0.07161803713527852,0,0.0,none,0.3113395448104543,True,decreasing_vol,2.0,波动聚集提示-2分(大波动后可能跟着大波动),,,0,0
300274.SZ,阳光电源,电气设备,3.7012,0.41539392467890257,1.3240000000000003,0.8140682599360387,0.03614000938723894,0.4115676881805381,5.32,101.775,1.3766666666666665,0.6,0.22067136191984693,good,good,good,False,0,False,0,False,0,False,0,0.7255771253779258,2.397306822248667,1.5980629539951576,volatile,False,False,none,-0.26,0.0,1.6660000000000004,1.9260000000000004,0.4835294556980495,1.0,0.7639130937374428,True,moderate,-1.04,3.9400000000000004,119.83471074380168,-16.352201257861633,162.8099173553719,False,电气设备,True,5.888888888888888,True,falling,False,False,0.0,0.7255771253779258,1.0,电气设备,-5.0,-2.0,3.0,0.3,0.5,0.3781179186765312,0.5828323294710935,0.12086935406120958,True,False,0.41539392467890257,0.8140682599360387,,,,,,,0.6492985971943889,1,0.0,single_year_drop,0.3535647907439363,False,increasing_vol,8.225000000000001,中度恶化-10分; 周期回落期-3分(景气下行趋势); 波动率飙升预警-6.2分(近期波动是早期的3.1倍); 趋势不可靠-2分(Bootstrap CI过宽: 0.625),turnaround,"底部强力反转(曾跌120%, 近期斜率0.38)",0,1
300277.SZ,海联讯,软件服务,0.038559,-0.0016889798064088995,-0.0016899999999999999,0.23182826210290264,0.4115413426147093,-0.21536253113419368,0.0282,68.0,-0.008349999999999998,-0.8,0.0864107329737,has_near_zero,has_near_zero,has_near_zero,False,0,True,5,False,0,True,5,0.4590787796583844,0.019116040384975126,1.1095100864553313,moderate,False,False,none,-0.031799999999999995,0.0,-0.00416,0.027639999999999994,0.5275326600649081,1.0,0.7200466006490805,True,moderate,-0.004100000000000003,0.0016000000000000007,-8.14332247557004,-12.693498452012392,5.211726384364823,False,软件服务,False,1.0521172638436482,True,falling,False,False,0.0,0.4590787796583844,0.5075453255725273,软件服务,-5.0,-2.0,3.0,0.3,0.5,-0.0012494579640305523,0.3659412789713632,0.020568718191064046,False,False,-0.010256327593410363,0.7217331598339627,,,,,,,0.8223350253807107,1,0.0,single_year_drop,0.24223491798793567,True,decreasing_vol,32.0,中度恶化-10分; 贝叶斯中度恶化预警-5分(恶化概率82.2%); 波动聚集提示-2分(大波动后可能跟着大波动); 峰值大幅下跌-15分(从0.1跌至0.0，跌幅-62.1%),,,0,0
300278.SZ,华昌达,专用机械,-0.10230000000000003,0.002998052316273913,0.003,0.0703687442665828,0.6662504913036686,,0.05,97.75191619412502,0.0325,0.5,0.3122163883433192,has_loss,has_loss,has_near_zero,True,1,True,4,False,0,True,5,2.8702575990331005,0.48220327663756085,6.547619047619049,high_volatility,False,True,worsening,1.05,0.0,0.007000000000000001,-1.0430000000000001,0.8974896329661041,1.0,0.19215686274509808,False,none,0.0,-0.020000000000000004,-28.571428571428577,0.0,-28.571428571428577,False,专用机械,False,1.0,True,falling,False,False,0.0,2.8702575990331005,1.0,专用机械,-5.0,-2.0,3.0,0.3,0.5,-0.009981884475026584,0.7500000000000001,-0.49616761174995827,False,True,0.19347958943623594,0.517674251054718,,,,,,,0.6585365853658537,0,0.0,none,1.9975316045904927,True,decreasing_vol,2.248083805874979,加速下滑-0.2分(加速度-0.50); 波动聚集提示-2分(大波动后可能跟着大波动),,,0,0
300279.SZ,和晶科技,元器件,-0.071705,0.014441089299722914,0.014450000000000001,0.23228243142163246,0.41101536513848996,,0.1069,112.0,0.018837499999999997,0.2,0.8064959405073401,has_loss,has_loss,has_near_zero,True,1,True,5,False,0,True,5,4.856326817806941,0.36927509122603974,11.45186743819043,high_volatility,False,False,none,-0.37129999999999996,0.0,0.41905,0.7903499999999999,0.5428733767684032,0.6237316905309515,0.7623459583387714,False,none,0.013799999999999993,0.8242999999999999,114.61980306345734,14.82277121374865,112.73249452954049,False,元器件,True,inf,True,rising,False,False,0.0,4.856326817806941,1.0,元器件,-5.0,-2.0,3.0,0.3,0.5,0.39236835870473274,0.7631194931682145,0.7370878749435099,True,False,0.014441089299722912,0.004365029887939437,,,,,,,0.07161803713527852,0,0.0,none,4.8470228155685025,False,stable,0.0,,cyclical_bottom,"周期底部(mid_up), 近期强势(39.2%)",0,0
300287.SZ,飞利信,软件服务,-0.3078,0.007900851532540828,0.007999999999999997,0.03204309413006993,0.7733057882469591,,-0.14,93.0,0.1125,0.6,0.22067136191984693,poor,poor,poor,True,5,True,5,True,5,True,5,0.916143113045853,0.32431466201823195,2.203389830508475,high_volatility,False,False,none,0.74,0.0,0.024999999999999994,-0.715,0.6084130702836005,0.9999999999999998,0.15413070283600486,False,none,0.06,0.13,57.57575757575757,30.0,39.39393939393939,False,软件服务,True,inf,True,rising,False,False,0.0,0.916143113045853,1.0,软件服务,-5.0,-2.0,3.0,0.3,0.5,0.09236982061579897,0.9586528523259654,-0.15731657703167462,False,True,0.13485766670376148,0.5683510150300224,,,,,,,0.07161803713527852,0,0.0,none,0.6051398688802645,True,decreasing_vol,7.0,周期顶部预警-5分(警惕景气回落); 波动聚集提示-2分(大波动后可能跟着大波动),,,0,0
300293.SZ,蓝英装备,专用机械,-0.20680000000000004,0.032661766776989856,0.033,0.3660520970755026,0.279653307962079,,-0.06,100.0,0.115,0.9,0.04326272780691066,poor,poor,poor,True,5,True,5,True,5,True,5,1.0213716267842963,0.2553429066960741,2.48,volatile,False,False,none,0.42000000000000004,0.0,0.073,-0.34700000000000003,0.6091893850042124,1.0,0.897893850042123,False,none,0.0,0.13,68.42105263157895,0.0,68.42105263157895,False,专用机械,False,1.0,False,falling,False,False,0.0,1.0213716267842963,0.9504306347607704,专用机械,-5.0,-2.0,3.0,0.3,0.5,0.06445547819048664,0.7500000000000001,-0.15920949941922935,False,True,0.13496741135184914,0.8106486809444223,,,,,,,0.16167664670658682,0,0.0,none,0.4623418648575964,False,decreasing_vol,0.0,,,,0,0
300294.SZ,博雅生物,生物制药,0.706,0.002429808474318218,0.0040000000000000036,0.0008270652959899388,0.9633882792569801,0.06677864687575763,0.79,79.32,0.022500000000000006,0.1,1.0,has_near_zero,has_near_zero,has_near_zero,False,0,True,5,False,0,True,5,0.22762756390920605,0.16024980499208105,0.5539772727272728,moderate,False,False,none,0.18000000000000005,0.0,-0.039,-0.21900000000000006,0.24223796518427412,1.0,0.08295609490046356,False,none,0.32000000000000006,-0.39,-8.139534883720925,68.08510638297875,-45.34883720930233,False,生物制药,False,1.8297872340425532,True,rising,False,False,0.0,0.22762756390920605,0.42607368233303866,生物制药,-5.0,-2.0,3.0,0.3,0.5,-0.026998768517722427,0.024093147821516087,-0.12772734577513362,False,False,0.002429808474318218,0.0008270652959899388,,,,,,,0.2783505154639176,0,0.0,none,0.2274502147869102,False,increasing_vol,20.68,单年巨幅下滑-15.0分(年跌-45.3%); 波动率飙升预警-5.7分(近期波动是早期的2.8倍),,,0,0
300298.SZ,三诺生物,医疗保健,0.504327,0.07626994519810884,0.08288999999999999,0.3556572692633326,0.2884606600902828,0.15228445965046689,0.589,85.86659916453557,0.07101249999999995,0.4,0.4624327264504764,has_near_zero,has_near_zero,has_near_zero,False,0,True,5,False,0,True,5,0.4692652055911732,0.2249938954727439,1.2103199432695115,volatile,False,False,none,0.2189,0.0,-0.09145000000000003,-0.31035,0.2637816586748492,0.5239495441034585,0.46544106720846595,False,none,0.07829999999999993,-0.2612,-23.69477911646587,15.331897395731334,-33.83858012695945,False,医疗保健,False,2.1982058949167023,True,rising,False,False,0.0,0.4692652055911732,0.6685062837951655,医疗保健,-5.0,-2.0,3.0,0.3,0.5,-0.07560277839020962,0.45191084843186163,-0.2668016709288523,False,True,0.07626994519810884,0.3556572692633326,,,,,,,0.435483870967742,0,0.0,none,0.38143069498304466,False,decreasing_vol,14.133400835464426,单年巨幅下滑-15.0分(年跌-33.8%); 加速下滑-0.1分(加速度-0.27); 趋势不可靠-2分(Bootstrap CI过宽: 0.329),,,0,0
300300.SZ,海峡创新,软件服务,-0.37110000000000004,0.16552824861603163,0.183,0.7732036284284265,0.04940431925496115,,0.01,80.0,0.20166666666666666,0.8,0.0864107329737,poor,poor,poor,True,4,True,5,True,4,True,5,0.7694017836442791,0.32776515983246296,2.065727699530516,volatile,False,False,none,0.32999999999999996,0.0,0.14400000000000002,-0.18599999999999994,0.2739591519185075,1.0,0.5656301145662849,False,none,0.48,-0.20999999999999996,103.84615384615385,102.12765957446808,-80.76923076923075,False,软件服务,True,inf,True,rising,False,False,0.0,0.7694017836442791,1.0,软件服务,-5.0,-2.0,3.0,0.3,0.5,0.13357809092692388,0.3286974518509435,-0.1310443234672106,False,True,0.16552824861603163,0.7732036284284265,,,,,,,0.07161803713527852,0,0.0,none,0.3614375589769438,False,stable,20.0,单年巨幅下滑-15.0分(年跌-80.8%); 周期顶部预警-5分(警惕景气回落),,,0,0
300303.SZ,聚飞光电,半导体,0.201,-0.001986928934920648,-0.001999999999999996,0.004726312322999309,0.9125360982212344,0.01025775233831161,0.25,100.0,-0.008749999999999994,0.0,1.0,has_near_zero,has_near_zero,has_near_zero,False,0,True,5,False,0,True,5,0.23061019205647748,0.04658325879540846,0.5445544554455445,moderate,False,False,none,-0.04999999999999999,0.0,0.05499999999999999,0.10499999999999998,0.5094934098916873,0.9493670886075948,0.9355670103092784,False,none,0.07999999999999999,0.03,78.57142857142856,47.058823529411754,21.428571428571423,False,半导体,False,1.0,False,rising,False,False,0.0,0.23061019205647748,0.3178214869785153,半导体,-5.0,-2.0,3.0,0.3,0.5,0.05395990382069907,0.9366072378798097,0.10306345144396639,True,False,-0.001986928934920648,0.004726312322999309,,,,,,,0.07161803713527852,0,0.0,none,0.23007821858657918,False,stable,0.0,,,,0,0
300316.SZ,晶盛机电,专用机械,2.0738000000000003,0.24250761364186837,0.466,0.5855904328299733,0.1316302429084147,0.30108780566902404,1.92,55.0,0.7275,0.6,0.22067136191984693,good,good,good,False,0,True,1,False,0,True,1,0.5478258339201681,1.0594951628016052,1.4581178903826268,volatile,False,False,none,0.7949999999999999,0.0,-0.16999999999999993,-0.9649999999999999,0.5118797855610925,0.9904795486600847,0.042360873601407084,True,severe,-1.5700000000000003,1.2300000000000004,-15.044247787610615,-44.98567335243553,54.42477876106197,False,专用机械,False,1.0,True,falling,False,False,0.0,0.5478258339201681,0.5715940004694678,专用机械,-5.0,-2.0,3.0,0.3,0.5,-0.07346836909809717,0.06510065411176807,-0.5366160377015282,False,False,0.24250761364186837,0.5855904328299733,,,,,,,0.9737039819684448,1,0.0,cliff_drop,0.3936612835163454,True,increasing_vol,60.0,"严重恶化-15分; 单年巨幅下滑-15.0分(年跌-45.0%); 贝叶斯高置信度恶化-12分(恶化概率97.4%，严重恶化确认); 波动聚集风险-6分(ARCH效应+波动上升); 趋势不确定预警-4分(Bootstrap CI跨零: [-0.073, 0.464]); 峰值明显下跌-8分(从3.5跌至1.9，跌幅-45.0%)",high_growth,"高速成长(稳健CAGR=72.8%, MK趋势=0.60)",1,0
300318.SZ,博晖创新,医疗保健,-0.08901700000000001,-0.0015645695907507667,-0.001565000000000001,0.0031730015207652464,0.9283171243951267,,0.0113,98.0,0.0477,0.4,0.4624327264504764,poor,poor,poor,True,3,True,5,True,3,True,5,1.7006753079202672,0.17016957131050192,4.054567259644213,high_volatility,False,False,none,-0.40359999999999996,0.0,0.12824999999999998,0.5318499999999999,0.587869847671477,1.0,0.8149984767147698,False,none,0.0418,0.0654,111.78310740354536,137.04918032786884,68.19603753910324,False,医疗保健,False,1.0,False,rising,False,False,0.0,1.7006753079202672,1.0,医疗保健,-5.0,-2.0,3.0,0.3,0.5,0.05352668444633267,0.9842399578897112,0.10600342423897816,False,False,0.03585353493432859,0.11657314525277365,,,,,,,0.07161803713527852,0,0.0,none,1.5981109489796395,True,decreasing_vol,2.0,波动聚集提示-2分(大波动后可能跟着大波动),,,0,0
300319.SZ,麦捷科技,元器件,0.29298700000000005,0.057375641732668035,0.05869,0.43931406381583515,0.22277269945013317,0.654552147224279,0.3837,98.0,0.07839999999999997,0.4,0.4624327264504764,has_near_zero,has_near_zero,has_near_zero,False,0,True,5,False,0,True,5,0.5110872075582421,0.14074319521738873,1.242283390224417,volatile,False,False,none,0.34209999999999996,0.0,0.005289999999999998,-0.33680999999999994,0.4682144591961707,0.9999999999999998,0.008524591961707703,False,none,0.0685,0.08169999999999997,64.32548179871519,21.732233502538072,34.98929336188436,False,元器件,False,1.6843683083511776,True,rising,False,False,0.0,0.5110872075582421,0.6334522071600841,元器件,-5.0,-2.0,3.0,0.3,0.5,0.07171517812756033,0.9967823056948976,-0.01841029627056437,False,False,0.057375641732668035,0.43931406381583515,,,,,,,0.07161803713527852,0,0.0,none,0.3842601624056356,True,decreasing_vol,2.0,波动聚集提示-2分(大波动后可能跟着大波动),,,0,0
300324.SZ,旋极信息,软件服务,-0.258348,-0.009288481549647138,-0.00935,0.02228173252884832,0.8106508607683351,,-0.1589,95.0,0.11678749999999999,0.2,0.8064959405073401,poor,poor,poor,True,5,True,5,True,5,True,5,0.9134457379206481,0.2647165748494038,2.2864044168391993,high_volatility,False,False,none,0.6626,0.0,-0.009420000000000003,-0.67202,0.5355056200704102,1.0,0.011016200704102086,False,none,-0.003700000000000009,0.18630000000000002,53.46998535871157,-2.3840206185567068,54.553440702781856,False,软件服务,True,inf,True,falling,False,False,0.0,0.9134457379206481,1.0,软件服务,-5.0,-2.0,3.0,0.3,0.5,0.08847469182498575,0.7345139272295779,-0.08165830958715768,False,True,0.094520063475162,0.37850828882068965,,,,,,,0.16167664670658682,0,0.0,none,0.712176374583143,True,decreasing_vol,5.0,周期回落期-3分(景气下行趋势); 波动聚集提示-2分(大波动后可能跟着大波动),,,0,0
300334.SZ,津膜科技,专用机械,-0.14542000000000002,0.05182906532713346,0.0526,0.08700049269340832,0.6299661428602175,,0.04,95.0,0.08124999999999999,0.2,0.8064959405073401,poor,poor,poor,True,3,True,5,True,3,True,5,1.8041041860827236,0.290821594796535,4.367245657568239,high_volatility,False,False,none,-0.16,0.0,0.32499999999999996,0.485,0.3197147059225982,0.20604395604395606,0.8407402494030247,False,none,0.08,0.57,106.55737704918033,200.0,93.44262295081967,False,专用机械,True,inf,True,rising,False,False,0.0,1.8041041860827236,1.0,专用机械,-5.0,-2.0,3.0,0.3,0.5,0.30868511632758855,0.8453226757669774,0.45433470486492245,False,False,0.05182906532713346,0.08700049269340832,,,,,,,0.07161803713527852,0,0.0,none,1.7287591607846287,False,decreasing_vol,17.0,趋势不可靠-2分(Bootstrap CI过宽: 0.553); 峰值大幅下跌-15分(从0.1跌至0.0，跌幅-57.4%),cyclical_bottom,"周期底部(mid_up), 近期强势(30.9%)",0,0
300339.SZ,润和软件,软件服务,0.194,-0.001959247944977488,-0.001999999999999996,0.4999999999999999,0.18169011381620911,-0.01212345257692593,0.2,100.0,-0.006249999999999988,-0.3,0.6133543559547467,has_near_zero,has_near_zero,has_near_zero,False,0,True,5,False,0,True,5,0.19627942920072802,0.03847076812334269,0.5102040816326531,stable,False,False,none,-0.039999999999999994,0.0,0.035,0.075,0.3110957080200501,0.5714285714285713,0.6447368421052634,False,none,-0.009999999999999981,0.07999999999999999,53.846153846153854,-4.761904761904753,61.53846153846153,False,软件服务,False,1.6923076923076923,True,falling,False,False,0.0,0.19627942920072802,0.38266456900160806,软件服务,-5.0,-2.0,3.0,0.3,0.5,0.03452676000645559,0.6454444676013117,0.0739516398753549,True,False,-0.003912510127822807,0.0266711194442348,,,,,,,0.16167664670658682,0,0.0,none,0.19360883633683953,False,stable,0.0,,,,0,0
300341.SZ,麦克奥迪,电气设备,0.356011,0.005564644215836678,0.005769999999999997,0.10806867344491972,0.5891038766958127,0.03440825871159903,0.3121,76.899074722509,-0.00038749999999999896,0.0,1.0,has_near_zero,has_near_zero,has_near_zero,False,0,True,5,False,0,True,5,0.2580576155485119,0.09142465203652679,0.670091453087953,moderate,False,False,none,0.1187,0.0,-0.09895000000000001,-0.21765,0.5203412822872256,0.9593881842174786,0.8087246386547773,False,none,-0.015600000000000003,-0.18230000000000002,-38.80392156862745,-4.760451632590785,-35.74509803921569,False,电气设备,False,1.0,True,falling,False,False,0.0,0.2580576155485119,0.3397794257721429,电气设备,-5.0,-2.0,3.0,0.3,0.5,-0.09144745388553677,0.8104944949724017,-0.20185055498199372,False,True,0.005564644215836678,0.010774033051338595,,,,,,,0.6585365853658537,0,-0.8668222527360778,none,0.25676955314114386,False,stable,23.100925277490997,单年巨幅下滑-15.0分(年跌-35.7%); 加速下滑-0.1分(加速度-0.20); 峰值明显下跌-8分(从0.5跌至0.3，跌幅-38.8%),,,0,0
300346.SZ,南大光电,半导体,0.37328000000000006,0.004696627199610254,0.004999999999999999,0.12500000000000003,0.5594043441634876,0.2258408410531203,0.49,100.0,0.05958333333333334,0.9,0.04326272780691066,has_near_zero,has_near_zero,has_near_zero,False,0,True,5,False,0,True,5,0.2776312819243143,0.0986701575959013,0.7681485649971863,ultra_stable,False,False,none,0.12300000000000003,0.0,0.04999999999999999,-0.07300000000000004,0.33260717013482993,1.0,0.8333333333333334,False,none,0.09999999999999998,0.04999999999999999,44.117647058823515,25.64102564102563,14.705882352941172,False,半导体,False,1.0,False,rising,False,False,0.0,0.2776312819243143,0.35543835887278474,半导体,-5.0,-2.0,3.0,0.3,0.5,0.06924068069025005,0.9666543145300671,0.010022532574876147,False,False,0.05608015872185983,0.9112734368280387,,,,,,,0.07161803713527852,0,0.0,none,0.08229381567335796,False,stable,0.0,,,,0,0
300357.SZ,我武生物,生物制药,0.613425,0.008554124013952858,0.009729999999999994,0.09177796739567613,0.6202578358404338,0.03361806130119804,0.607,99.95873580115492,0.016699999999999965,0.2,0.8064959405073401,has_near_zero,has_near_zero,has_near_zero,False,0,True,5,False,0,True,5,0.08550720750565588,0.05203626619964194,0.2206848954909951,ultra_stable,False,False,none,0.11369999999999991,0.0,-0.018919999999999992,-0.1326199999999999,0.47816414691413944,1.0,0.5164014691413946,False,none,0.014599999999999946,-0.07369999999999999,-8.872541660411356,2.464550979068188,-11.064404744032426,False,生物制药,False,1.12440918298447,True,rising,False,False,0.0,0.08550720750565588,0.21832699040245407,生物制药,-5.0,-2.0,3.0,0.3,0.5,-0.02492774349338278,0.5706801716884475,-0.08252839769016396,False,True,0.008554124013952858,0.09177796739567613,,,,,,,0.2783505154639176,0,0.0,none,0.08168474248702685,False,decreasing_vol,0.04126419884508198,加速下滑-0.0分(加速度-0.08),,,0,0
300373.SZ,扬杰科技,半导体,1.6501000000000001,0.017264271480895,0.03400000000000001,0.0724564495423531,0.6614577337066857,0.23316285727983033,1.85,98.0,0.21624999999999997,0.6,0.22067136191984693,good,good,good,False,0,True,1,False,0,False,0,0.30582036225211107,0.4838078130828397,0.802781289506953,moderate,False,False,none,0.6349999999999999,0.0,-0.10999999999999988,-0.7449999999999998,0.6301849281297287,0.9953715132066158,0.31647776809067113,False,none,0.16999999999999993,-0.3899999999999997,-10.628019323671486,10.119047619047613,-18.840579710144915,False,半导体,False,1.232142857142857,True,rising,False,False,0.0,0.30582036225211107,0.4089420040874031,半导体,-5.0,-2.0,3.0,0.3,0.5,-0.05002049062243796,0.2952522289714065,-0.4209409674128825,False,False,0.1373937990172472,0.5696931897514186,,,,,,,0.2783505154639176,0,0.0,none,0.205068717400578,True,decreasing_vol,2.0,波动聚集提示-2分(大波动后可能跟着大波动),,,0,0
300378.SZ,鼎捷数智,软件服务,0.525,0.03385794709831254,0.03799999999999999,0.8008352275237048,0.040253812196777566,0.059662438874017676,0.58,100.0,0.034166666666666665,0.8,0.0864107329737,has_near_zero,has_near_zero,has_near_zero,False,0,True,5,False,0,True,5,0.13227826506467597,0.06693280212272604,0.3162055335968379,ultra_stable,False,False,none,-0.040000000000000036,0.0,0.053000000000000005,0.09300000000000004,0.5105476268412439,1.0,0.9194762684124385,False,none,0.019999999999999907,0.050000000000000044,13.725490196078422,3.5714285714285547,9.803921568627459,False,软件服务,False,1.0,False,rising,False,False,0.0,0.13227826506467597,0.23915594538507412,软件服务,-5.0,-2.0,3.0,0.3,0.5,0.030730700070541572,0.9407729295794338,0.008237498926265435,False,False,0.03385794709831254,0.8008352275237048,,,,,,,0.07161803713527852,0,0.0,none,0.05829202056819223,False,decreasing_vol,0.0,,,,0,0
300383.SZ,光环新网,软件服务,0.1816,-0.10019263690227538,-0.10799999999999998,0.9408598161718494,0.006215842264504897,,0.21,82.42830421313445,-0.10250000000000001,-0.6,0.22067136191984693,has_loss,has_loss,has_near_zero,True,1,True,5,False,0,True,5,2.014392705476088,0.43108003897188285,5.046728971962618,high_volatility,False,False,none,-0.54,0.0,0.35,0.89,0.6303932232367049,0.7846443627231143,0.7392878696439348,False,none,-0.010000000000000009,0.71,142.85714285714286,-4.545454545454549,144.89795918367346,False,软件服务,True,inf,True,falling,False,False,0.0,2.014392705476088,1.0,软件服务,-5.0,-2.0,3.0,0.3,0.5,0.3403680315502556,0.7392308814599992,0.8566084262689106,True,False,-0.10019263690227542,0.14715141517861602,,,,,,,0.16167664670658682,0,0.0,none,1.8496056712078124,False,decreasing_vol,17.571695786865543,周期回落期-3分(景气下行趋势); 峰值大幅下跌-15分(从0.6跌至0.2，跌幅-64.4%),,,0,0
300389.SZ,艾比森,元器件,0.387592,0.17702164023695716,0.18683999999999998,0.5002786331449046,0.18151277986263473,,0.3192,39.0,0.29855,0.6,0.22067136191984693,has_loss,has_loss,has_loss,True,1,True,5,True,1,True,5,1.2889186399867874,0.42732808590121946,3.314532183145322,high_volatility,False,False,none,0.41195000000000004,0.0,-0.13905000000000003,-0.551,0.533919794004007,0.9843903473100338,0.2528075927300356,True,severe,-0.5530999999999999,0.2749999999999999,-46.55951783023607,-63.40708471856013,46.0405156537753,False,元器件,False,1.0,True,falling,False,False,0.0,1.2889186399867874,1.0,元器件,-5.0,-2.0,3.0,0.3,0.5,-0.1262471685261238,0.28321151517016463,-0.5218534426676157,False,False,0.17702164023695716,0.5002786331449046,,,,,,,0.9866768176627332,1,0.0,cliff_drop,0.9313078837824946,False,stable,61.0,"严重恶化-15分; 单年巨幅下滑-15.0分(年跌-63.4%); 贝叶斯高置信度恶化-12分(恶化概率98.7%，严重恶化确认); 趋势不确定预警-4分(Bootstrap CI跨零: [-0.126, 0.405]); 峰值大幅下跌-15分(从0.9跌至0.3，跌幅-63.4%)",,,0,0
300400.SZ,劲拓股份,专用机械,0.36624999999999996,0.0009465582580186538,0.0009999999999999953,0.010934450458089289,0.8671030207127324,-0.10077392160667409,0.34,84.0,-0.015,-0.4,0.4624327264504764,has_near_zero,has_near_zero,has_near_zero,False,0,True,5,False,0,True,5,0.2038393759193925,0.07807048097712734,0.49608355091383805,stable,False,False,none,-0.19,0.0,0.0015000000000000013,0.1915,0.4895244897959184,1.0,0.012244897959183714,False,none,-0.014999999999999958,-0.015000000000000013,-8.1081081081081,-4.2253521126760445,-4.054054054054058,False,专用机械,False,1.121212121212121,True,falling,False,False,0.0,0.2038393759193925,0.3125664502304635,专用机械,-5.0,-2.0,3.0,0.3,0.5,-0.014135384797544448,0.9999981367358244,0.05435927681017147,True,False,-0.03068693243582577,0.4584038644709781,,,,,,,0.49090909090909096,0,0.04225352112675664,none,0.14974692729030292,True,decreasing_vol,16.0,波动聚集提示-2分(大波动后可能跟着大波动); 峰值明显下跌-8分(从0.5跌至0.3，跌幅-34.6%); 连续下跌警示-6分(2年下跌，累计-34.6%),,,0,0
300401.SZ,花园生物,化学制药,0.5939,-0.039824403116859544,-0.04700000000000002,0.14163205217763472,0.5323929672952445,0.01360857032099072,0.57,75.0,-0.06416666666666668,-0.2,0.8064959405073401,has_near_zero,has_near_zero,has_near_zero,False,0,True,5,False,0,True,5,0.3238503130722716,0.19690099034794112,0.8717105263157895,moderate,False,False,none,0.33999999999999997,0.0,-0.12800000000000003,-0.46799999999999997,0.4951420726455016,1.0,0.5486939048894846,False,none,0.21999999999999997,-0.35,-18.571428571428573,62.857142857142854,-50.0,False,化学制药,False,2.5142857142857147,True,rising,False,False,0.0,0.3238503130722716,0.5943183456959127,化学制药,-5.0,-2.0,3.0,0.3,0.5,-0.054868030312314686,0.12231022636651802,-0.12285140145897366,False,False,-0.039824403116859544,0.14163205217763472,,,,,,,0.435483870967742,0,0.0,none,0.2998996217977477,False,stable,25.0,单年巨幅下滑-15.0分(年跌-50.0%); 趋势不可靠-2分(Bootstrap CI过宽: 0.334); 峰值明显下跌-8分(从0.9跌至0.6，跌幅-35.2%),,,0,0
300402.SZ,宝色股份,专用机械,0.276375,0.00181350450935856,0.0018800000000000038,0.044966235795057964,0.7320437566513147,0.08853344435891808,0.2808,92.9717195400136,0.017674999999999996,0.4,0.4624327264504764,has_near_zero,has_near_zero,has_near_zero,False,0,True,5,False,0,True,5,0.14941443411014052,0.03986078273190329,0.3703426043931329,ultra_stable,False,False,none,0.0494,0.0,-0.009000000000000008,-0.05840000000000001,0.5570499721380662,0.9787749470576912,0.9749247743229692,False,none,-0.01150000000000001,-0.006500000000000006,-6.024096385542173,-3.9343140608963427,-2.1753681392235626,False,专用机械,False,1.0,True,falling,False,False,0.0,0.14941443411014052,0.25286488062144574,专用机械,-5.0,-2.0,3.0,0.3,0.5,-0.008644241945462844,0.974728581547921,-0.05656091997280706,False,True,0.01862882438500425,0.5798007921799596,,,,,,,0.8165894707518875,0,0.8085739098397328,none,0.09689771473777643,True,decreasing_vol,7.028280459986403,加速下滑-0.0分(加速度-0.06); 贝叶斯中度恶化预警-5分(恶化概率81.7%); 波动聚集提示-2分(大波动后可能跟着大波动),,,0,0
300404.SZ,博济医药,医疗保健,0.08736100000000001,3.988737657773522e-05,4.000000000000115e-05,0.5000000000000001,0.1816901138162203,0.000665115099959257,0.0753,83.0,-0.0015666666666666676,-0.1,1.0,has_near_zero,has_near_zero,has_near_zero,False,0,True,5,False,0,True,5,0.43174278683834605,0.038925929661345275,1.0392635314995564,volatile,False,False,none,0.08429999999999999,0.0,-0.026189999999999998,-0.11048999999999998,0.4552907895231114,1.0,0.5936192833896518,False,none,0.009600000000000011,-0.009600000000000011,0.0,14.61187214611874,-12.749003984063759,False,医疗保健,False,2.426179604261796,True,rising,False,False,0.0,0.43174278683834605,0.6688848433722496,医疗保健,-5.0,-2.0,3.0,0.3,0.5,0.0,0.0,-9.971844144433806e-05,False,False,-0.00926808880151142,0.14370307910233013,,,,,,,0.2783505154639176,0,0.0,none,0.39953743544269604,True,decreasing_vol,17.0,波动聚集提示-2分(大波动后可能跟着大波动); 峰值大幅下跌-15分(从0.2跌至0.1，跌幅-52.8%),,,0,0
300406.SZ,九强生物,医疗保健,0.7269000000000001,0.03542118138155934,0.04600000000000003,0.38393316219375895,0.26495578260716596,0.44674547654006314,0.92,100.0,0.15125,0.8,0.0864107329737,has_near_zero,has_near_zero,has_near_zero,False,0,True,5,False,0,True,5,0.42176186112371816,0.2859545418418809,1.0471976401179943,stable,False,False,none,0.48,0.0,0.09200000000000003,-0.38799999999999996,0.6069996247654785,1.0,0.7939962476547845,False,none,0.020000000000000018,0.22999999999999998,37.31343283582089,2.222222222222224,34.328358208955216,False,医疗保健,False,1.0298507462686566,True,rising,False,False,0.0,0.42176186112371816,0.4747229217347954,医疗保健,-5.0,-2.0,3.0,0.3,0.5,0.09787130296534857,0.8063290863780579,-0.11184376424844367,False,True,0.13947574115244116,0.7872202870440933,,,,,,,0.07161803713527852,0,0.0,none,0.18272127926829593,False,decreasing_vol,0.0,,,,0,0
300407.SZ,凯发电气,电气设备,0.2865,0.005277409763621838,0.005499999999999994,0.6055235864468712,0.12117239638180635,0.01739782730922479,0.3,94.0,0.007499999999999997,0.6,0.22067136191984693,has_near_zero,has_near_zero,has_near_zero,False,0,True,5,False,0,True,5,0.1262690680690263,0.03535533905932737,0.3214285714285714,ultra_stable,False,False,none,-0.060000000000000026,0.0,0.026000000000000002,0.08600000000000002,0.4400870090634442,1.0,0.6760000000000003,False,none,-0.010000000000000009,0.020000000000000018,3.448275862068969,-3.2258064516129057,6.896551724137938,False,电气设备,False,1.4090909090909092,True,falling,False,False,0.0,0.1262690680690263,0.28889404233400895,电气设备,-5.0,-2.0,3.0,0.3,0.5,0.0047956664944700245,0.2506883556473265,-1.28451099404292e-05,False,False,0.012539182488086786,0.3361989762455102,,,,,,,0.27835051546391754,0,0.0,none,0.10273678474030379,True,decreasing_vol,6.0,"波动聚集提示-2分(大波动后可能跟着大波动); 趋势不确定预警-4分(Bootstrap CI跨零: [-0.002, 0.010])",,,0,0
300408.SZ,三环集团,元器件,0.952,0.0255419682666714,0.035999999999999976,0.1077864561267905,0.58962040931709,0.08585728592314212,1.14,100.0,0.021666666666666595,0.3,0.6133543559547467,has_near_zero,has_near_zero,has_near_zero,False,0,True,3,False,0,True,3,0.18289244572663083,0.1708215443086732,0.3747323340471091,stable,False,False,none,-0.014999999999999958,0.0,0.17499999999999993,0.1899999999999999,0.27303185689689513,0.007696693272519908,0.8137732506643046,False,none,0.31999999999999995,0.029999999999999916,44.30379746835441,39.02439024390244,3.797468354430369,False,元器件,False,1.3924050632911393,True,rising,False,False,0.0,0.18289244572663083,0.33196796502012327,元器件,-5.0,-2.0,3.0,0.3,0.5,0.12607378933140406,0.8188581686831662,0.13775831631455182,False,False,0.0255419682666714,0.1077864561267905,,,,,,,0.07161803713527852,0,0.0,none,0.17244003790396786,False,decreasing_vol,0.0,,,,0,0
300411.SZ,金盾股份,专用机械,0.020508000000000002,0.00015992611415591233,0.00016000000000000042,0.5000000000000001,0.18169011381620923,,0.0308,79.0,0.00020000000000000052,0.1,1.0,has_loss,has_loss,has_near_zero,True,1,True,5,False,0,True,5,2.3810185175999665,0.04800133331481533,6.448412698412699,high_volatility,False,False,none,-0.13,0.0,0.027239999999999997,0.15724,0.49215486642188144,1.0,0.6070686642188144,False,none,0.0008000000000000021,0.0,2.6666666666666736,2.6666666666666736,0.0,False,专用机械,False,1.0,False,rising,False,False,0.0,2.3810185175999665,1.0,专用机械,-5.0,-2.0,3.0,0.3,0.5,0.0003998152853897808,0.7499999999999999,0.02037354388432857,False,False,0.0011663906762662158,0.0014779995521398798,,,,,,,0.13366336633663367,0,0.0,none,2.379279753094836,True,decreasing_vol,21.0,"波动聚集提示-2分(大波动后可能跟着大波动); 趋势不确定预警-4分(Bootstrap CI跨零: [-0.000, 0.000]); 峰值大幅下跌-15分(从0.1跌至0.0，跌幅-56.0%)",,,0,0
300415.SZ,伊之密,专用机械,1.074,0.07032563135039886,0.10000000000000002,0.460556201605263,0.20781894127488235,0.15567455910043404,1.32,100.0,0.11916666666666667,0.6,0.22067136191984693,has_near_zero,has_near_zero,has_near_zero,False,0,True,2,False,0,True,2,0.2287742260054113,0.23426480742954117,0.5664062500000001,stable,False,False,none,0.06,0.0,0.23000000000000004,0.17000000000000004,0.2215758795466642,0.06958762886597938,0.9700488997555012,False,none,0.30000000000000004,0.16000000000000003,53.48837209302326,29.41176470588236,18.6046511627907,False,专用机械,False,1.372093023255814,True,rising,False,False,0.0,0.2287742260054113,0.3659651172384376,专用机械,-5.0,-2.0,3.0,0.3,0.5,0.15587428195854763,0.9792844784943234,0.10901924592886097,False,False,0.07032563135039886,0.460556201605263,,,,,,,0.07161803713527852,0,0.0,none,0.16880695653384298,False,decreasing_vol,0.0,,,,0,0
300433.SZ,蓝思科技,元器件,0.65945,0.04631618250887948,0.054000000000000006,0.5200755988084252,0.16916283437238464,-0.10148318421581504,0.73,88.0,0.08875000000000001,0.2,0.8064959405073401,has_near_zero,has_near_zero,has_near_zero,False,0,True,4,False,0,True,5,0.40471056259398136,0.2739890508761254,1.0339734121122601,volatile,False,True,deterioration_to_recovery,-0.7000000000000002,0.0,0.1045,0.8045000000000002,0.9044830678007953,1.0,0.9933143831722571,False,none,0.11499999999999999,0.11499999999999999,46.0,18.69918699186992,23.0,False,元器件,False,1.0,False,rising,False,False,0.0,0.40471056259398136,0.4571017834085185,元器件,-5.0,-2.0,3.0,0.3,0.5,0.0979292534356162,0.9997821869933159,0.33919018306833054,True,False,-0.040022224948126774,0.08573517285515114,,,,,,,0.07161803713527852,0,0.0,none,0.38095097428064034,False,decreasing_vol,12.0,"趋势不确定预警-4分(Bootstrap CI跨零: [-0.039, 0.098]); 峰值明显下跌-8分(从1.1跌至0.7，跌幅-34.8%)",,,0,0
300434.SZ,金石亚药,化学制药,0.0286,0.01360463839900328,0.013999999999999999,0.19783072157382459,0.4529562755141657,,0.23,40.47218493710544,0.22,0.4,0.4624327264504764,has_loss,has_loss,has_near_zero,True,1,True,4,False,0,True,5,9.949185639841597,0.9153250788654268,24.456521739130434,high_volatility,False,False,none,1.88,0.0,-0.005000000000000002,-1.8849999999999998,0.6501584786053883,0.9999999999999998,0.001584786053882727,True,severe,-0.07999999999999999,-0.23000000000000004,-57.40740740740742,-25.80645161290322,-42.592592592592595,False,化学制药,False,1.0,True,falling,False,False,0.0,9.949185639841597,1.0,化学制药,-5.0,-2.0,3.0,0.3,0.5,-0.14434042594322788,0.9327648065506345,-1.0556301257891318,False,True,0.32038434796007376,0.47862946835089504,,,,,,,0.9747292418772563,2,-0.3941093969144462,sustained_decline,7.1591580806293456,True,decreasing_vol,59.52781506289456,严重恶化-15分; 单年巨幅下滑-15.0分(年跌-42.6%); 加速下滑-0.5分(加速度-1.06); 贝叶斯高置信度恶化-12分(恶化概率97.5%，严重恶化确认); 波动聚集提示-2分(大波动后可能跟着大波动); 峰值大幅下跌-15分(从0.5跌至0.2，跌幅-57.4%),,,0,0
300439.SZ,美康生物,医疗保健,0.6315,-0.015230502130485818,-0.020999999999999984,0.03558055241911753,0.7612631919605285,-0.06321724456554267,0.67,100.0,0.020000000000000018,0.1,1.0,has_near_zero,has_near_zero,has_near_zero,False,0,True,5,False,0,True,5,0.2396426430833287,0.15385057685949702,0.6074766355140186,moderate,False,False,none,-0.39,0.0,0.07200000000000002,0.462,0.5796727272727272,1.0,0.8727272727272728,False,none,0.0,0.15000000000000002,28.84615384615385,0.0,28.84615384615385,False,医疗保健,False,1.0,False,falling,False,False,0.0,0.2396426430833287,0.3250474477999963,医疗保健,-5.0,-2.0,3.0,0.3,0.5,0.0644440200226552,0.7499999999999999,0.20813038644509563,True,False,-0.015230502130485818,0.03558055241911753,,,,,,,0.16167664670658682,0,0.0,none,0.23399506464587444,False,decreasing_vol,0.0,,,,0,0
300442.SZ,润泽科技,软件服务,0.4831000000000001,0.10290820980334436,0.11599999999999996,0.09978436358325833,0.6045933857518748,,1.04,87.22129385880169,0.7012499999999999,0.6,0.22067136191984693,poor,poor,has_loss,True,2,True,1,True,1,True,1,6.152137839808208,1.538034459952052,15.36,high_volatility,False,False,none,1.92,0.0,-0.265,-2.185,0.7858546261903595,0.9952394236912913,0.735853999301432,False,none,0.010000000000000009,-0.54,-33.75796178343949,0.9708737864077678,-34.39490445859873,False,软件服务,False,1.5242718446601942,True,rising,False,False,0.0,6.152137839808208,1.0,软件服务,-5.0,-2.0,3.0,0.3,0.5,-0.16179923077093594,0.7339029729666757,-1.5574122823966365,False,True,0.5957397629348298,0.67854294350381,,,,,,,0.6067415730337079,0,0.0,none,3.7013024734544464,True,decreasing_vol,27.77870614119832,单年巨幅下滑-15.0分(年跌-34.4%); 加速下滑-0.8分(加速度-1.56); 波动聚集提示-2分(大波动后可能跟着大波动); 趋势不可靠-2分(Bootstrap CI过宽: 0.817); 峰值明显下跌-8分(从1.6跌至1.0，跌幅-33.8%),high_growth,"高速成长(稳健CAGR=70.1%, MK趋势=0.60)",1,0
300444.SZ,双杰电气,电气设备,-0.009505000000000013,0.038909662419550184,0.039049999999999994,0.13652518895253898,0.5404821756442298,,0.1012,97.43357307675693,0.019391666666666665,0.2,0.8064959405073401,poor,poor,poor,True,2,True,5,True,2,True,5,7.892814690527593,0.1674855277329955,17.639019792648448,high_volatility,False,False,none,-0.1463,0.0,0.1694,0.3157,0.5232498438170522,0.9289113300122039,0.6721871081583178,True,moderate,-0.03549999999999999,0.37429999999999997,142.59259259259258,-25.96927578639356,157.53367003367003,False,电气设备,True,inf,True,falling,False,False,0.0,7.892814690527593,1.0,电气设备,-5.0,-2.0,3.0,0.3,0.5,0.16822371910616915,0.6721952430841359,0.31341956630881374,True,False,0.038909662419550184,0.13652518895253898,,,,,,,0.6492985971943889,1,0.0,single_year_drop,7.33691141502837,False,stable,2.5664269232430694,中度恶化-10分; 周期回落期-3分(景气下行趋势); 趋势不可靠-2分(Bootstrap CI过宽: 0.351),,,0,0
300452.SZ,山河药辅,化学制药,0.5640000000000001,-0.0008709772319044906,-0.0010000000000000009,0.003613736709128079,0.9235061393244806,-0.009570478860890463,0.51,81.36363636363637,0.010833333333333342,0.2,0.8064959405073401,has_near_zero,has_near_zero,has_near_zero,False,0,True,5,False,0,True,5,0.14252958817380534,0.07924645102463578,0.3597122302158272,stable,False,False,none,0.015000000000000013,0.0,-0.025000000000000022,-0.040000000000000036,0.1338076845842806,0.18243243243243246,0.07239382239382258,True,moderate,-0.17999999999999994,0.1299999999999999,-8.928571428571436,-26.086956521739125,23.214285714285694,False,化学制药,False,1.4081632653061225,True,falling,False,False,0.0,0.14252958817380534,0.30177877257986063,化学制药,-5.0,-2.0,3.0,0.3,0.5,-0.022042956258713886,0.07690573913168358,-0.03521378658016139,False,False,0.01367167880694864,0.10086699085296792,,,,,,,0.9025069637883009,1,0.0,single_year_drop,0.13507182270157256,True,increasing_vol,18.63636363636363,中度恶化-10分; 贝叶斯恶化预警-8分(恶化概率90.3%); 波动率飙升预警-5.6分(近期波动是早期的2.8倍),,,0,0
300453.SZ,三鑫医疗,医疗保健,0.430325,-0.0016365873990746404,-0.0017900000000000027,0.008538908728986902,0.8825124081509319,-0.0046996936667684786,0.4416,100.0,-0.0013249999999999998,-0.2,0.8064959405073401,has_near_zero,has_near_zero,has_near_zero,False,0,True,5,False,0,True,5,0.07067106455009435,0.03047477645529169,0.15606882797643898,ultra_stable,False,False,none,-0.05020000000000002,0.0,0.005809999999999998,0.05601000000000002,0.19477564233117803,1.0,0.05155196835662927,False,none,0.042899999999999994,-0.06730000000000003,-5.23605150214593,10.75996990218209,-14.442060085836914,False,医疗保健,False,1.1671884783969944,True,rising,False,False,0.0,0.07067106455009435,0.21216198209300807,医疗保健,-5.0,-2.0,3.0,0.3,0.5,-0.011109477262245593,0.12608538115702964,-0.01838288310784819,False,False,-0.0016365873990746404,0.008538908728986902,,,,,,,0.2783505154639176,0,0.0,none,0.07036563141155378,False,stable,0.0,,,,0,0
300455.SZ,航天智装,IT设备,0.13575500000000001,-0.007849590361287748,-0.00791,0.36090055656771497,0.28399330991301797,-0.17621004257789352,0.0992,67.0,-0.028025000000000008,-0.8,0.0864107329737,has_near_zero,has_near_zero,has_near_zero,False,0,True,5,False,0,True,5,0.3144860500399095,0.04517906594873339,0.808854239175832,stable,False,False,none,-0.0476,0.0,-0.010500000000000002,0.0371,0.5106746619954071,0.9840391572675036,0.548507462686567,True,moderate,-0.02700000000000001,0.006000000000000005,-17.470881863560734,-21.394611727416805,4.991680532445928,False,IT设备,False,1.0499168053244592,True,falling,False,False,0.0,0.3144860500399095,0.39157774740852214,IT设备,-5.0,-2.0,3.0,0.3,0.5,-0.010437202856726072,0.5487837546233334,0.03649067926033775,False,False,-0.02602513793040264,0.8515422448306019,,,,,,,0.9487554904831625,1,0.0,single_year_drop,0.12163462850720665,False,decreasing_vol,33.0,中度恶化-10分; 贝叶斯恶化预警-8分(恶化概率94.9%); 峰值大幅下跌-15分(从0.2跌至0.1，跌幅-53.9%),,,0,0
300457.SZ,赢合科技,专用机械,0.6747000000000001,0.11123825413048075,0.129,0.8172771931236988,0.03516888002455438,0.24949969971969166,0.78,98.0,0.13749999999999998,0.8,0.0864107329737,has_near_zero,has_near_zero,has_near_zero,False,0,True,5,False,0,True,5,0.35483767294170054,0.22567675999092152,0.8333333333333335,stable,False,False,none,0.215,0.0,0.015000000000000013,-0.19999999999999998,0.4964095119837774,0.978652081863091,0.08544303797468375,True,moderate,-0.06999999999999995,0.09999999999999998,4.0000000000000036,-8.235294117647053,13.33333333333333,False,专用机械,False,1.0,True,falling,False,False,0.0,0.35483767294170054,0.4172034716866938,专用机械,-5.0,-2.0,3.0,0.3,0.5,0.011913706767530008,0.08861528084014277,-0.17727189350304753,False,False,0.11123825413048075,0.8172771931236988,,,,,,,0.6492985971943889,1,0.0,single_year_drop,0.15185374720281228,False,decreasing_vol,2.0,中度恶化-10分,,,0,0
300468.SZ,四方精创,软件服务,0.1477,-0.04029143247618225,-0.041,0.5854071981959944,0.13172839228992161,-0.1591035847462855,0.13,88.0,-0.03458333333333333,-0.4,0.4624327264504764,has_near_zero,has_near_zero,has_near_zero,False,0,True,5,False,0,True,5,0.5284854539152427,0.08455767262643882,1.1250000000000002,moderate,False,False,none,-0.09,0.0,0.025,0.11499999999999999,0.49550489236790607,0.8321917808219178,0.8928571428571428,False,none,0.04000000000000001,0.009999999999999995,62.5,44.44444444444445,12.499999999999993,False,软件服务,False,1.0,False,rising,False,False,0.0,0.5284854539152427,0.5561216964655276,软件服务,-5.0,-2.0,3.0,0.3,0.5,0.024860839420916728,0.8931096459299427,0.11348155793017578,True,False,-0.04029143247618225,0.5854071981959944,,,,,,,0.07161803713527852,0,0.0,none,0.33931802007850986,False,decreasing_vol,12.0,"趋势不确定预警-4分(Bootstrap CI跨零: [-0.097, 0.025]); 峰值明显下跌-8分(从0.3跌至0.1，跌幅-50.0%)",,,0,0
300469.SZ,信息发展,软件服务,-0.5696000000000001,-0.06420685634619959,-0.072,0.2738515264413404,0.3655050620131148,,-0.47,98.0,-0.060000000000000005,-0.6,0.22067136191984693,poor,poor,poor,True,5,True,5,True,5,True,5,0.4081232018946847,0.22365151463828722,0.8759124087591241,volatile,False,False,none,-0.23500000000000001,0.0,0.15500000000000003,0.39,0.5379183477808019,0.8733526620980497,0.7258308157099697,False,none,0.32000000000000006,-0.010000000000000009,39.743589743589745,40.50632911392405,-1.2820512820512833,False,软件服务,False,1.0,False,rising,False,False,0.0,0.4081232018946847,0.45983189484908116,软件服务,-5.0,-2.0,3.0,0.3,0.5,0.1313776175910253,0.727567307297977,0.33724590467591387,True,False,-0.06420685634619959,0.2738515264413404,,,,,,,0.07161803713527852,0,0.0,none,0.35129514600972667,False,stable,2.0,趋势不可靠-2分(Bootstrap CI过宽: 0.354),,,0,0
300475.SZ,香农芯创,元器件,0.6051,0.011140026470675312,0.01399999999999998,0.02891796748187994,0.784530120216292,0.40227820367441725,0.58,49.82868708016059,0.13124999999999998,0.6,0.22067136191984693,has_near_zero,has_near_zero,has_near_zero,False,0,True,5,False,0,True,5,0.4669765492703916,0.26617663308412326,1.2105263157894735,moderate,False,False,none,0.30000000000000004,0.0,-0.08500000000000002,-0.38500000000000006,0.5661281098416406,0.9768451519536904,0.41443594646271525,True,severe,-0.26,0.08999999999999997,-22.66666666666667,-30.952380952380953,11.999999999999995,False,元器件,False,1.0,True,falling,False,False,0.0,0.4669765492703916,0.5069145727496467,元器件,-5.0,-2.0,3.0,0.3,0.5,-0.07077380949131379,0.42968646857881476,-0.3426258396788076,False,True,0.10600296911945291,0.49518949652673033,,,,,,,0.9737039819684448,1,0.0,cliff_drop,0.3357598659699867,False,decreasing_vol,50.17131291983941,严重恶化-15分; 单年巨幅下滑-15.0分(年跌-31.0%); 加速下滑-0.2分(加速度-0.34); 贝叶斯高置信度恶化-12分(恶化概率97.4%，严重恶化确认); 峰值明显下跌-8分(从0.8跌至0.6，跌幅-31.0%),,,0,0
300476.SZ,胜宏科技,元器件,0.9518000000000001,0.017872270511725262,0.02200000000000001,0.14744429996766695,0.5233905842383102,0.18920711500272103,1.34,94.4,0.14250000000000002,0.6,0.22067136191984693,has_near_zero,has_near_zero,has_near_zero,False,0,True,4,False,0,True,5,0.27996783547592047,0.25589060162499133,0.7330415754923414,stable,False,False,none,0.125,0.0,0.21000000000000002,0.08500000000000002,0.25117778762143433,0.9173189823874759,0.5192307692307693,False,none,0.56,-0.14,45.652173913043484,71.7948717948718,-15.217391304347828,False,元器件,False,1.1794871794871795,True,rising,False,False,0.0,0.27996783547592047,0.3812392256456937,元器件,-5.0,-2.0,3.0,0.3,0.5,0.1394734040219326,0.49060454299780076,0.04160210105658402,False,False,0.08875153758801575,0.6125829406724206,,,,,,,0.07161803713527852,0,0.0,none,0.17570312077116643,False,increasing_vol,5.6000000000000005,波动率飙升预警-5.6分(近期波动是早期的2.8倍),,,0,0
300479.SZ,神思电子,软件服务,-0.332955,0.05766558808107351,0.06735,0.05352206435312701,0.7080872201003972,,0.08,113.0,0.266825,0.4,0.4624327264504764,poor,poor,poor,True,3,True,5,True,3,True,5,1.2264883292666366,0.4331466183638053,2.907747196738023,high_volatility,False,False,none,-0.9877,0.0,0.33168,1.31938,0.855939536682604,1.0,0.9884982267406636,False,none,0.4318,0.23609999999999998,113.60775642116006,122.74019329164298,40.15989113794863,False,软件服务,False,1.0,False,rising,False,False,0.0,1.2264883292666366,1.0,软件服务,-5.0,-2.0,3.0,0.3,0.5,0.3191682457708175,0.9647522509863647,0.6187733802538606,True,False,0.05766558808107351,0.05352206435312701,,,,,,,0.07161803713527852,0,0.0,none,1.1888443755720672,False,decreasing_vol,2.0,趋势不可靠-2分(Bootstrap CI过宽: 0.702),high_growth,"高速成长(稳健CAGR=26.7%, MK趋势=0.40)",1,0
300482.SZ,万孚生物,医疗保健,1.6145,-0.09281088313280995,-0.165,0.21988327644260489,0.42562143100579763,-0.10311669290824477,1.21,67.74031488590522,-0.16499999999999998,-0.4,0.4624327264504764,good,good,good,False,0,False,0,False,0,False,0,0.39356328342736724,0.6548893036231391,0.9675480769230768,volatile,False,False,none,0.41999999999999993,0.0,-0.75,-1.17,0.46960450174973195,0.4170870113493063,0.6952741955420051,False,none,0.10999999999999988,-1.6099999999999999,-55.35055350553506,9.999999999999988,-59.40959409594095,False,医疗保健,False,2.1422924901185767,True,rising,False,False,0.0,0.39356328342736724,0.6004896254243708,医疗保健,-5.0,-2.0,3.0,0.3,0.5,-0.3500800403208866,0.6735944326169083,-0.519370228189564,False,True,-0.09281088313280995,0.21988327644260489,,,,,,,0.6067415730337079,0,0.0,none,0.3609860959658651,False,stable,32.25968511409478,单年巨幅下滑-15.0分(年跌-59.4%); 加速下滑-0.3分(加速度-0.52); 趋势不可靠-2分(Bootstrap CI过宽: 0.626); 峰值大幅下跌-15分(从2.7跌至1.2，跌幅-55.4%),,,0,0
300484.SZ,蓝海华腾,电气设备,0.22510000000000002,-0.04215534240647454,-0.043,0.32515514548488733,0.31549941133001047,-0.15081789050122008,0.13,64.7659247697522,-0.03833333333333333,-0.2,0.8064959405073401,has_near_zero,has_near_zero,has_near_zero,False,0,True,5,False,0,True,5,0.5071691387229045,0.12070625501605126,1.2184873949579833,volatile,False,False,none,0.07500000000000001,0.0,-0.135,-0.21000000000000002,0.5014004566510637,0.9642857142857143,0.6947268106734434,False,none,0.020000000000000004,-0.29000000000000004,-67.5,18.181818181818183,-72.50000000000001,False,电气设备,True,3.6363636363636367,True,rising,False,False,0.0,0.5071691387229045,0.8905837958268085,电气设备,-5.0,-2.0,3.0,0.3,0.5,-0.1301993647171925,0.6931146120095489,-0.2014837938289184,False,True,-0.04215534240647454,0.32515514548488733,,,,,,,0.6067415730337079,0,0.0,none,0.4190636746276344,False,increasing_vol,35.2340752302478,单年巨幅下滑-15.0分(年跌-72.5%); 相对加权暴跌-15.0分(最新仅为加权57.8%); 加速下滑-0.1分(加速度-0.20); 波动率飙升预警-4.1分(近期波动是早期的2.1倍); 峰值大幅下跌-15分(从0.4跌至0.1，跌幅-67.5%),,,0,0
300489.SZ,光智科技,专用机械,-0.5194249999999999,-0.1532464157298268,-0.19634999999999997,0.13468275910470548,0.543443554714956,,0.089,69.96325100264148,-0.324875,-0.4,0.4624327264504764,poor,poor,poor,True,2,True,4,True,2,True,4,1.8100695742496427,0.8335732403334454,4.203074785025623,high_volatility,False,False,none,-0.5058499999999999,0.0,0.4629,0.9687499999999999,0.5181809610830361,0.8542187991199834,0.2505137724732309,False,none,1.8497,-0.9238999999999999,110.6357552581262,105.05480774691884,-110.40869980879539,False,专用机械,False,1.0,False,rising,False,False,0.0,1.8100695742496427,1.0,专用机械,-5.0,-2.0,3.0,0.3,0.5,0.4250149783944779,0.3537149330346552,0.8925986742559789,True,False,-0.1532464157298268,0.13468275910470548,,,,,,,0.07161803713527852,0,0.0,none,1.6798459078910084,True,increasing_vol,30.03674899735852,单年巨幅下滑-15.0分(年跌-110.4%); 波动率飙升预警-5.5分(近期波动是早期的2.7倍); 趋势不可靠-2分(Bootstrap CI过宽: 1.122); 峰值明显下跌-8分(从0.2跌至0.1，跌幅-49.1%),,,0,0
300493.SZ,润欣科技,元器件,0.08750000000000001,-0.008964285482846546,-0.008999999999999998,0.3897907506641515,0.26026112301671434,-0.060895584246247414,0.07,66.0,-0.00833333333333333,-0.5,0.3122163883433192,has_near_zero,has_near_zero,has_near_zero,False,0,True,5,False,0,True,5,0.24786422284763868,0.022803508501982758,0.5434782608695651,stable,False,False,none,0.03,0.0,-0.018999999999999996,-0.048999999999999995,0.4967879518072289,1.0,0.8698795180722889,False,none,0.0,-0.039999999999999994,-36.36363636363636,0.0,-36.36363636363636,False,元器件,False,1.0,True,falling,False,False,0.0,0.24786422284763868,0.33162471161144425,元器件,-5.0,-2.0,3.0,0.3,0.5,-0.01991820345057079,0.7500000000000001,-0.029868416038869097,False,False,-0.008964285482846546,0.3897907506641515,,,,,,,0.7941176470588236,0,0.0,none,0.1936796704478854,False,stable,34.0,单年巨幅下滑-15.0分(年跌-36.4%); 贝叶斯中度恶化预警-5分(恶化概率79.4%); 峰值明显下跌-8分(从0.1跌至0.1，跌幅-41.7%); 连续下跌警示-6分(2年下跌，累计-22.2%),,,0,0
300496.SZ,中科创达,软件服务,1.2303039999999998,-0.05924244108593294,-0.08972,0.16906700947249445,0.49162306283878215,-0.04816324514883186,0.8869,26.76507128072062,-0.08929999999999993,-0.4,0.4624327264504764,good,good,good,False,0,True,1,False,0,True,1,0.2993195088219277,0.37631047288110386,0.7060021316873738,moderate,False,False,none,0.347,0.0,-0.4438,-0.7908,0.6412181454707476,0.9732716262735244,0.8573098284339514,True,severe,-0.13019999999999987,-0.7574000000000001,-50.01972386587771,-12.801101169993107,-42.68244575936884,False,软件服务,False,1.0,True,falling,False,False,0.0,0.2993195088219277,0.3727889403908755,软件服务,-5.0,-2.0,3.0,0.3,0.5,-0.26944569317125683,0.8765640410016311,-0.4698574385587668,False,True,-0.05924244108593294,0.16906700947249445,,,,,,,0.9507042253521126,2,-0.7000851065995146,sustained_decline,0.27723669946553503,False,stable,73.23492871927938,复合恶化-14.0分(触发2项恶化信号); 严重恶化-15分; 单年巨幅下滑-15.0分(年跌-42.7%); 加速下滑-0.2分(加速度-0.47); 贝叶斯高置信度恶化-12分(恶化概率95.1%，严重恶化确认); 趋势不可靠-2分(Bootstrap CI过宽: 0.504); 峰值大幅下跌-15分(从1.8跌至0.9，跌幅-50.0%),,,0,0
300508.SZ,维宏股份,软件服务,0.5583340000000001,0.06910227524878679,0.08178,0.310926323003888,0.3287648181968378,0.28517622857444125,0.8727,98.0,0.07305833333333334,0.4,0.4624327264504764,has_near_zero,has_near_zero,has_near_zero,False,0,True,5,False,0,True,5,0.42763675839093973,0.22827250162908366,1.0355938553765454,volatile,False,False,none,0.07194999999999999,0.0,0.20445000000000002,0.13250000000000003,0.2251993725466119,0.18876187129695202,0.5727474578730608,False,none,0.5103,-0.10139999999999999,88.16300129366107,140.8112582781457,-21.862871927554977,False,软件服务,False,1.794150110375276,True,rising,False,False,0.0,0.42763675839093973,0.5813294214294553,软件服务,-5.0,-2.0,3.0,0.3,0.5,0.16991764149339803,0.5548406481259186,0.10295724495759259,False,False,0.06910227524878679,0.310926323003888,,,,,,,0.07161803713527852,0,0.0,none,0.3524130484357066,False,stable,2.0,趋势不可靠-2分(Bootstrap CI过宽: 0.341),,,0,0
300509.SZ,新美星,专用机械,0.1434,-0.02172691791833121,-0.022000000000000002,0.4466695173385684,0.21752187529659406,-0.06939514089790044,0.15,85.0,-0.028333333333333335,-0.5,0.3122163883433192,has_near_zero,has_near_zero,has_near_zero,False,0,True,5,False,0,True,5,0.3464101615137755,0.051961524227066326,0.8,moderate,False,False,none,-0.04000000000000001,0.0,0.015,0.05500000000000001,0.3455743394401113,0.7499999999999999,0.18243243243243246,False,none,0.06999999999999999,-0.039999999999999994,25.0,87.49999999999999,-33.33333333333333,False,专用机械,False,1.0,False,rising,False,False,0.0,0.3464101615137755,0.4104614625443538,专用机械,-5.0,-2.0,3.0,0.3,0.5,0.014864634893090152,0.1815601290244411,0.054352764868322176,False,False,-0.02172691791833121,0.4466695173385684,,,,,,,0.07161803713527852,0,0.0,none,0.2573367875415838,False,stable,15.0,单年巨幅下滑-15.0分(年跌-33.3%),,,0,0
300525.SZ,博思软件,软件服务,0.461415,-0.04400086819656135,-0.049170000000000005,0.7958532378532158,0.04184782694539991,-0.08591726063789029,0.4052,82.0,-0.045383333333333345,-0.6,0.22067136191984693,has_near_zero,has_near_zero,has_near_zero,False,0,True,5,False,0,True,5,0.17944020813203299,0.08720794115216803,0.36131687242798355,ultra_stable,False,False,none,-0.07815000000000003,0.0,-0.009449999999999986,0.06870000000000004,0.2564515066127415,0.7480806267421246,0.3025733259546201,True,moderate,-0.0343,0.015400000000000025,-4.456496109408152,-7.8043230944254836,3.631219052110357,False,软件服务,False,1.2029002593727895,True,falling,False,False,0.0,0.17944020813203299,0.30393886775533163,软件服务,-5.0,-2.0,3.0,0.3,0.5,-0.008729251938519228,0.3041830865815337,0.061084738629872376,True,False,-0.04400086819656135,0.7958532378532158,,,,,,,0.8223350253807107,1,0.0,single_year_drop,0.08129532372844578,False,decreasing_vol,18.0,中度恶化-10分; 贝叶斯中度恶化预警-5分(恶化概率82.2%); 峰值明显下跌-8分(从0.6跌至0.4，跌幅-30.2%),,,0,0
300529.SZ,健帆生物,医疗保健,1.1500000000000001,0.0013420039716848463,0.0020000000000000018,0.2009950624454901,0.44891986825834,-0.011562636825987682,1.05,85.0,-0.02375000000000002,-0.4,0.4624327264504764,good,good,good,False,0,False,0,False,0,False,0,0.15220585616304474,0.17868967513541453,0.37478705281090285,stable,False,False,none,0.3899999999999999,0.0,-0.13299999999999998,-0.5229999999999999,0.5777706308169597,1.0,0.7317063081695968,True,moderate,-0.06000000000000005,-0.010000000000000009,-6.250000000000005,-5.40540540540541,-0.8928571428571435,False,医疗保健,False,1.0,True,falling,False,False,0.0,0.15220585616304474,0.2550980182637691,医疗保健,-5.0,-2.0,3.0,0.3,0.5,-0.02372147622543852,0.8531708826424382,-0.030414853477387427,False,False,-0.03002588300858532,0.18657701249022227,,,,,,,0.9737039819684448,1,4.5125482625482665,single_year_drop,0.13779509685685287,True,decreasing_vol,15.0,中度恶化-10分; 贝叶斯恶化预警-8分(恶化概率97.4%); 波动聚集提示-2分(大波动后可能跟着大波动),,,0,0
300530.SZ,领湃科技,电气设备,-1.3597000000000001,-0.2819506275521932,-0.43899999999999995,0.8827315230859039,0.017683976653401004,,-2.29,48.36098744895614,-0.48125,-0.8,0.0864107329737,poor,poor,poor,True,5,True,2,True,5,True,2,0.6064288015168735,0.7446945682627207,1.6042345276872962,moderate,False,False,none,-0.47000000000000003,0.0,-0.42400000000000004,0.045999999999999985,0.18874746102776113,1.0,0.7568241138334596,True,severe,-1.05,0.26,-52.66666666666667,-84.67741935483872,17.333333333333336,False,电气设备,True,inf,True,falling,False,False,0.0,0.6064288015168735,1.0,电气设备,-5.0,-2.0,3.0,0.3,0.5,-0.1857603795262578,0.4736220195728651,0.25423323910790185,True,False,-0.2819506275521932,0.8827315230859039,,,,,,,0.9866768176627332,1,0.0,cliff_drop,0.2196698029596522,False,stable,51.63901255104386,轻度衰退-5.6分(log斜率-0.282); 严重恶化-15分; 持续衰退重罚-10.0分(最新<加权); 单年巨幅下滑-15.0分(年跌-84.7%); 贝叶斯高置信度恶化-12分(恶化概率98.7%，严重恶化确认); 趋势不可靠-2分(Bootstrap CI过宽: 0.339),,,0,0
300532.SZ,今天国际,软件服务,0.7032999999999999,0.1447774433627157,0.17099999999999999,0.4614924766047476,0.20717446597974465,0.2904072325508227,0.61,41.0,0.21000000000000002,0.6,0.22067136191984693,has_near_zero,has_near_zero,has_near_zero,False,0,True,4,False,0,True,4,0.6402708352285007,0.4174565845689825,1.5950920245398772,volatile,False,False,none,0.31,0.0,-0.11499999999999999,-0.425,0.4162731047841369,0.8781602193116056,0.12173979748389073,True,severe,-0.65,0.42000000000000004,-27.38095238095238,-51.587301587301596,50.000000000000014,False,软件服务,False,1.0,True,falling,False,False,0.0,0.6402708352285007,0.6455500015161338,软件服务,-5.0,-2.0,3.0,0.3,0.5,-0.09310916503571309,0.15037543692867245,-0.36577732217606007,False,False,0.1447774433627157,0.4614924766047476,,,,,,,0.9737039819684448,1,0.0,cliff_drop,0.4878349522585613,False,increasing_vol,59.0,严重恶化-15分; 单年巨幅下滑-15.0分(年跌-51.6%); 贝叶斯高置信度恶化-12分(恶化概率97.4%，严重恶化确认); 趋势不可靠-2分(Bootstrap CI过宽: 0.469); 峰值大幅下跌-15分(从1.3跌至0.6，跌幅-51.6%),,,0,0
300540.SZ,蜀道装备,专用机械,0.03834799999999998,0.15033574103167818,0.15655999999999998,0.37784071820309717,0.2699007458590029,,0.4503,111.0,0.275925,0.6,0.22067136191984693,poor,poor,poor,True,2,True,5,True,2,True,5,46.783459500528835,0.40327342089455886,123.35266821345698,high_volatility,False,False,none,-0.6886,0.0,0.35523,1.04383,0.7545297701676056,1.0,0.983309035812775,False,none,0.2471,0.3624,382.8517587939698,121.60433070866141,227.63819095477388,False,专用机械,False,1.0,False,rising,False,False,0.0,46.783459500528835,1.0,专用机械,-5.0,-2.0,3.0,0.3,0.5,0.2974291540428626,0.9852960433553585,0.41446077863767633,False,False,0.15033574103167818,0.37784071820309717,,,,,,,0.07161803713527852,0,0.0,none,36.93249204309537,True,decreasing_vol,4.0,波动聚集提示-2分(大波动后可能跟着大波动); 趋势不可靠-2分(Bootstrap CI过宽: 0.589),high_growth,"高速成长(稳健CAGR=27.6%, MK趋势=0.60)",1,0
300545.SZ,联得装备,专用机械,0.7631,0.20004817045366668,0.257,0.65584093399348,0.09665392229057312,0.2778862084925451,1.36,111.0,0.33000000000000007,0.6,0.22067136191984693,has_near_zero,has_near_zero,has_near_zero,False,0,True,3,False,0,True,3,0.7135862583540661,0.4895201732308895,1.7930029154518945,volatile,False,False,none,-0.38,0.0,0.426,0.806,0.6598497064579256,1.0,0.9864970645792561,False,none,0.3600000000000001,0.5700000000000001,216.27906976744188,36.00000000000001,132.55813953488374,False,专用机械,False,1.0,False,rising,False,False,0.0,0.7135862583540661,0.7042023400165862,专用机械,-5.0,-2.0,3.0,0.3,0.5,0.3483835079606994,0.9648067016828873,0.3845808389580352,False,False,0.20004817045366668,0.65584093399348,,,,,,,0.07161803713527852,0,0.0,none,0.39790177823664646,False,stable,4.0,"趋势不确定预警-4分(Bootstrap CI跨零: [-0.083, 0.387])",high_growth,"高速成长(稳健CAGR=33.0%, MK趋势=0.60)",1,0
300546.SZ,雄帝科技,IT设备,0.061900000000000004,0.032865738974089134,0.03300000000000001,0.0951264015728954,0.6136182486309731,,0.16,89.0,0.04708333333333334,0.2,0.8064959405073401,poor,poor,poor,True,2,True,5,True,2,True,5,3.2618695405255376,0.16961721610732797,7.5,high_volatility,False,False,none,0.185,0.0,-0.05,-0.235,0.2831511263292442,0.9997565725413824,0.06092607636068238,False,none,0.29000000000000004,-0.39,-38.46153846153847,223.0769230769231,-150.0,False,IT设备,True,inf,True,rising,False,False,0.0,3.2618695405255376,1.0,IT设备,-5.0,-2.0,3.0,0.3,0.5,-0.04891563432384958,0.059158231427854216,-0.23238349154062873,False,False,0.032865738974089134,0.0951264015728954,,,,,,,0.6067415730337079,0,0.0,none,3.1036995961967637,False,increasing_vol,11.0,单年巨幅下滑-15.0分(年跌-150.0%); 趋势不可靠-2分(Bootstrap CI过宽: 0.324); 峰值明显下跌-8分(从0.3跌至0.2，跌幅-38.5%),,,0,0
300550.SZ,和仁科技,软件服务,0.068,0.0019806529848627437,0.001999999999999999,0.12499999999999997,0.5594043441634877,,0.15,92.0,-0.013750000000000002,-0.1,1.0,has_loss,has_loss,has_near_zero,True,1,True,5,False,0,True,5,3.0556680738666495,0.22611943746613206,7.8378378378378395,high_volatility,False,False,none,-0.29,0.0,0.23500000000000001,0.525,0.5707880532565671,0.907880532565671,0.7500000000000001,False,none,0.0,0.47,146.87499999999997,0.0,146.87499999999997,False,软件服务,False,1.0,False,falling,False,False,0.0,3.0556680738666495,1.0,软件服务,-5.0,-2.0,3.0,0.3,0.5,0.23210955010187395,0.7499999999999999,0.5180757143677766,True,False,-0.019561992680748704,0.019213158164810194,,,,,,,0.16167664670658682,0,0.0,none,3.0256391606019393,False,stable,8.0,峰值明显下跌-8分(从0.3跌至0.1，跌幅-42.3%),,,0,0
300558.SZ,贝达药业,化学制药,0.8769,-0.0009444736848552404,-0.001000000000000023,0.0017355499117014102,0.9469722746378793,-0.10557280900008414,0.96,90.0,-0.09000000000000002,-0.2,0.8064959405073401,has_near_zero,has_near_zero,has_near_zero,False,0,True,4,False,0,True,5,0.4489860460293681,0.40947527397878375,1.2609649122807014,volatile,False,False,none,-0.575,0.0,0.305,0.8799999999999999,0.7226308091595657,0.9999747958463554,0.9011139812721989,False,none,0.13,0.48,174.28571428571428,15.66265060240964,137.14285714285714,False,化学制药,False,1.0,False,rising,False,False,0.0,0.4489860460293681,0.49252217015682787,化学制药,-5.0,-2.0,3.0,0.3,0.5,0.2547915310714942,0.8864971989740438,0.680562362172077,True,False,-0.07516529905579503,0.1528632308669566,,,,,,,0.07161803713527852,0,0.0,none,0.40055336334083685,True,decreasing_vol,10.0,波动聚集提示-2分(大波动后可能跟着大波动); 峰值明显下跌-8分(从1.5跌至1.0，跌幅-36.0%),,,0,0
300562.SZ,乐心医疗,医疗保健,0.138833,-0.004691118157762181,-0.005489999999999995,0.0013520528130200262,0.9531931892411574,,0.2827,98.0,0.0190125,0.0,1.0,has_loss,has_loss,has_loss,True,1,True,5,True,1,True,5,1.4577634775912884,0.2047866133320242,3.701594533029613,high_volatility,False,False,none,-0.26,0.0,0.21635000000000001,0.47635000000000005,0.5870676974192879,0.9764082811747714,0.9415686930181066,False,none,0.123,0.3097,288.46666666666664,77.01941139636818,206.46666666666667,False,医疗保健,False,1.0,False,rising,False,False,0.0,1.4577634775912884,1.0,医疗保健,-5.0,-2.0,3.0,0.3,0.5,0.21425345038315596,0.9394427841747087,0.46999457109612036,True,False,-0.004691118157762181,0.0013520528130200262,,,,,,,0.07161803713527852,0,0.0,none,1.4564532888958375,False,stable,2.0,趋势不可靠-2分(Bootstrap CI过宽: 0.492),,,0,0
300566.SZ,激智科技,元器件,0.5702,-0.019837094877988248,-0.026000000000000002,0.020768545680569163,0.8171468097864508,-0.04564479384070097,0.73,98.0,-0.008749999999999994,0.0,1.0,has_near_zero,has_near_zero,has_near_zero,False,0,True,5,False,0,True,5,0.4306881370606769,0.24893774322107126,1.1418685121107266,volatile,False,False,none,-0.33,0.0,0.255,0.585,0.7017040549323534,0.995126408772464,0.9719730941704037,False,none,0.17999999999999994,0.33000000000000007,231.81818181818184,32.72727272727272,150.00000000000003,False,元器件,False,1.0,False,rising,False,False,0.0,0.4306881370606769,0.4778838429818748,元器件,-5.0,-2.0,3.0,0.3,0.5,0.22940371224547682,0.9630642691120094,0.517235733321494,True,False,-0.019837094877988248,0.020768545680569163,,,,,,,0.07161803713527852,0,0.0,none,0.42477483846156133,False,stable,2.0,趋势不可靠-2分(Bootstrap CI过宽: 0.530),,,0,0
300573.SZ,兴齐眼药,化学制药,1.9892,-0.03909100390546512,-0.09100000000000004,0.400326769694024,0.25196080176654984,0.1550314455742361,1.94,99.7833812552226,0.015000000000000013,0.2,0.8064959405073401,good,good,good,False,0,False,0,False,0,False,0,0.2741233492217536,0.5350887776808629,0.6762295081967213,moderate,False,False,none,1.3,0.0,-0.18300000000000008,-1.483,0.6773507333410325,1.0,0.7735073334103244,False,none,0.010000000000000009,-0.4800000000000002,-19.502074688796686,0.5181347150259072,-19.917012448132787,False,化学制药,False,1.2487046632124355,True,rising,False,False,0.0,0.2741233492217536,0.3857926344723943,化学制药,-5.0,-2.0,3.0,0.3,0.5,-0.09840057710352079,0.7325127870145675,-0.4332374895548242,False,True,0.07520454124402035,0.19078421976289386,,,,,,,0.435483870967742,0,0.0,none,0.2550591631363435,False,decreasing_vol,0.2166187447774121,加速下滑-0.2分(加速度-0.43),,,0,0
300588.SZ,熙菱信息,IT设备,-0.39646000000000003,0.028161499161307956,0.030000000000000006,0.1894212538558842,0.46388235310709075,,-0.318,56.0,0.139,0.6,0.22067136191984693,poor,poor,poor,True,5,True,5,True,5,True,5,0.5589675882825782,0.2437098684912041,1.415137614678899,moderate,False,False,none,0.255,0.0,-0.0010000000000000009,-0.256,0.49941370902103005,0.9818799546998866,0.0002571355104139885,True,severe,-0.10900000000000001,0.10700000000000001,-0.6329113924050639,-52.153110047846894,33.86075949367089,False,IT设备,False,1.0,True,falling,False,False,0.0,0.5589675882825782,0.5805074039593959,IT设备,-5.0,-2.0,3.0,0.3,0.5,-0.0009532506263285334,0.0002500028235511162,-0.22189238580138299,False,False,0.11634647564733366,0.7347817157673774,,,,,,,0.9487554904831625,1,0.0,cliff_drop,0.28981243335659357,True,decreasing_vol,44.0,严重恶化-15分; 单年巨幅下滑-15.0分(年跌-52.2%); 贝叶斯高置信度恶化-12分(恶化概率94.9%，严重恶化确认); 波动聚集提示-2分(大波动后可能跟着大波动),,,0,0
300595.SZ,欧普康视,医疗保健,0.69211,-0.00550954183630642,-0.006579999999999986,0.05365607105888423,0.7077287041225364,-0.028713166358330322,0.6408,90.0,-0.0030333333333333046,-0.2,0.8064959405073401,has_near_zero,has_near_zero,has_near_zero,False,0,True,5,False,0,True,5,0.06572244975417273,0.04570339155905171,0.15156744319815924,ultra_stable,False,False,none,-0.0017999999999999683,0.0,-0.0378,-0.03600000000000003,0.1879691276428676,0.0023237577936731733,0.4840090873368958,True,moderate,-0.10539999999999994,0.029799999999999938,-10.552763819095476,-14.124899490753142,4.159687325516463,False,医疗保健,False,1.1416768665850674,True,falling,False,False,0.0,0.06572244975417273,0.2048015420146805,医疗保健,-5.0,-2.0,3.0,0.3,0.5,-0.03127789093535155,0.4894338816843621,-0.02981588226974663,False,False,-0.00550954183630642,0.05365607105888423,,,,,,,0.8223350253807107,1,0.0,single_year_drop,0.06399693956669963,False,stable,10.0,中度恶化-10分; 贝叶斯中度恶化预警-5分(恶化概率82.2%),,,0,0
300602.SZ,飞荣达,元器件,0.2365,-0.003959686900371584,-0.004999999999999993,0.0021485052090413695,0.941003977565636,-0.05850902265187996,0.33,100.0,0.0325,0.1,1.0,has_near_zero,has_near_zero,has_near_zero,False,0,True,5,False,0,True,5,0.5862812683212312,0.139534941860453,1.5126050420168067,high_volatility,False,False,none,-0.36,0.0,0.081,0.441,0.5781383139136395,1.0,0.8993831391363946,False,none,0.14,0.0,73.6842105263158,73.6842105263158,0.0,False,元器件,False,1.0,False,rising,False,False,0.0,0.5862812683212312,0.6023583479903183,元器件,-5.0,-2.0,3.0,0.3,0.5,0.06770564028057803,0.7500000000000001,0.17753823690732834,True,False,-0.003959686900371584,0.0021485052090413695,,,,,,,0.07161803713527852,0,0.0,none,0.585339510929229,False,decreasing_vol,0.0,,,,0,0
300604.SZ,长川科技,半导体,0.4606,0.052839916782022066,0.061999999999999986,0.0933909961108123,0.6170429866240983,0.2823003889256015,0.73,91.56,0.10749999999999998,0.2,0.8064959405073401,has_near_zero,has_near_zero,has_near_zero,False,0,True,5,False,0,True,5,0.682193291212105,0.30152943471575044,1.583710407239819,high_volatility,False,False,none,0.09999999999999998,0.0,0.038,-0.06199999999999998,0.12346497795868433,1.0,0.022099785736149367,False,none,0.6599999999999999,-0.7,-5.194805194805199,942.8571428571427,-90.9090909090909,False,半导体,True,11.0,True,rising,False,False,0.0,0.682193291212105,1.0,半导体,-5.0,-2.0,3.0,0.3,0.5,-0.016000054527776086,0.0019740233726106976,-0.23712394156599967,False,False,0.052839916782022066,0.0933909961108123,,,,,,,0.2783505154639176,0,0.0,none,0.6451336737874747,True,increasing_vol,8.44,单年巨幅下滑-15.0分(年跌-90.9%); 波动率飙升预警-5.4分(近期波动是早期的2.7倍); 趋势不可靠-2分(Bootstrap CI过宽: 0.506),,,0,0
300613.SZ,富瀚微,半导体,1.5613000000000001,0.0020063489149371393,0.0030000000000000027,0.000376112802950305,0.9753088140104327,0.004514787456623814,1.12,66.0,-0.15499999999999997,-0.1,1.0,good,good,good,False,0,False,0,False,0,False,0,0.5164743086421848,0.835655431383055,1.1928306551297898,volatile,False,False,none,1.9299999999999997,0.0,-0.6369999999999999,-2.5669999999999997,0.6825446778212887,1.0,0.8254467782128871,False,none,0.020000000000000018,-0.6399999999999999,-35.632183908045974,1.8181818181818195,-36.78160919540229,False,半导体,False,2.754545454545454,True,rising,False,False,0.0,0.5164743086421848,0.7804521741864751,半导体,-5.0,-2.0,3.0,0.3,0.5,-0.17859599069730459,0.7219296845906893,-0.3638853586465581,False,False,-0.08507704031169713,0.12282336417361508,,,,,,,0.6067415730337079,0,0.0,none,0.48232121937317185,True,decreasing_vol,34.0,单年巨幅下滑-15.0分(年跌-36.8%); 波动聚集提示-2分(大波动后可能跟着大波动); 趋势不可靠-2分(Bootstrap CI过宽: 0.412); 峰值大幅下跌-15分(从3.0跌至1.1，跌幅-63.0%),,,0,0
300617.SZ,安靠智电,电气设备,1.1305,0.004179600990067134,0.0050000000000000044,0.002722489309854225,0.9335957272791398,0.01869968259813537,1.12,98.35845837874038,-0.017500000000000016,0.0,1.0,good,good,good,False,0,True,1,False,0,True,1,0.167668071990681,0.1891295852054882,0.4343971631205674,stable,False,False,none,0.32000000000000006,0.0,-0.033999999999999996,-0.35400000000000004,0.22837795015535722,1.0,0.043328335832083946,True,moderate,-0.1299999999999999,0.38,28.73563218390806,-10.399999999999991,43.67816091954023,False,电气设备,False,1.5000000000000002,True,falling,False,False,0.0,0.167668071990681,0.3341344575925449,电气设备,-5.0,-2.0,3.0,0.3,0.5,0.08866625351187418,0.4420811541508601,0.15015412887015478,False,False,0.004179600990067134,0.002722489309854225,,,,,,,0.4807121661721069,1,0.0,single_year_drop,0.16752152689652686,False,decreasing_vol,1.6415416212596252,中度恶化-10分,,,0,0
300618.SZ,寒锐钴业,小金属,0.9401280000000002,-0.09739682955716156,-0.12779999999999997,0.5525314763010489,0.14994736807325093,-0.13849493059891194,0.65,70.0,-0.2396666666666667,-0.6,0.22067136191984693,has_near_zero,has_near_zero,has_near_zero,False,0,True,3,False,0,True,4,0.6688389615172572,0.6841419969567721,1.660409823244173,volatile,False,False,none,0.9684000000000001,0.0,-0.47312000000000004,-1.4415200000000001,0.5358861582224426,1.0,0.6078242034160811,False,none,0.2,-0.23600000000000004,-5.247813411078721,44.44444444444445,-34.40233236151604,False,小金属,True,4.774222222222222,True,rising,True,False,0.0,0.6688389615172572,1.0,小金属,-5.0,-2.0,1.6,0.3,0.24,-0.014967646423431513,0.01825036636709298,0.16600565419108892,False,False,-0.18558124175320903,0.47307547162354346,,,,,,,0.2783505154639176,0,0.0,none,0.5153065588324022,False,decreasing_vol,30.0,"单年巨幅下滑-15.0分(年跌-34.4%); 相对加权下滑-10.0分(最新为加权69.1%); 趋势不确定预警-4分(Bootstrap CI跨零: [-0.209, 0.014]); 峰值大幅下跌-15分(从2.1跌至0.7，跌幅-69.7%)",,,0,0
300623.SZ,捷捷微电,半导体,0.5276000000000001,-0.025497322278246737,-0.027999999999999997,0.09011937429343764,0.6235961007888788,0.020888094097230914,0.63,79.0,-0.03083333333333333,-0.2,0.8064959405073401,has_near_zero,has_near_zero,has_near_zero,False,0,True,5,False,0,True,5,0.2787915277987783,0.14943225890014514,0.7089552238805973,moderate,False,False,none,-0.044999999999999984,0.0,0.07,0.11499999999999999,0.2007150463074501,0.2241697416974167,0.17861482381530985,False,none,0.33,-0.19,28.571428571428577,110.00000000000001,-38.775510204081634,False,半导体,False,2.266666666666667,True,rising,False,False,0.0,0.2787915277987783,0.525255444461245,半导体,-5.0,-2.0,3.0,0.3,0.5,0.06106459913793005,0.16533626117874778,0.10073952341339776,False,False,-0.025497322278246737,0.09011937429343764,,,,,,,0.07161803713527852,0,0.0,none,0.2662752032191689,True,increasing_vol,21.0,单年巨幅下滑-15.0分(年跌-38.8%); 波动聚集风险-6分(ARCH效应+波动上升),,,0,0
300629.SZ,新劲刚,元器件,0.5945,0.012784449128548458,0.013000000000000001,0.027465981596590642,0.7899577061298362,0.07456993182354199,0.52,72.88545365364746,-0.0325,-0.1,1.0,has_near_zero,has_near_zero,has_near_zero,False,0,True,5,False,0,True,5,0.23852002922350968,0.14024977718342369,0.5612244897959183,moderate,False,False,none,0.32999999999999996,0.0,-0.07299999999999998,-0.4029999999999999,0.5728150899133156,1.0,0.897893850042123,True,severe,-0.06999999999999995,-0.13,-27.777777777777775,-11.864406779661008,-18.055555555555557,False,元器件,False,1.0,False,falling,False,False,0.0,0.23852002922350968,0.32414935671214107,元器件,-5.0,-2.0,3.0,0.3,0.5,-0.08497289114893847,0.9745784176537939,-0.22909269270508603,False,True,0.012784449128548458,0.027465981596590642,,,,,,,0.9060402684563759,2,-0.3428943937418519,sustained_decline,0.23594448909516658,False,decreasing_vol,27.114546346352544,严重恶化-15分; 加速下滑-0.1分(加速度-0.23); 贝叶斯高置信度恶化-12分(恶化概率90.6%，严重恶化确认),,,0,0
300634.SZ,彩讯股份,软件服务,0.5122,0.06643689624659335,0.074,0.5604975724113279,0.14542015681166193,0.11206739220322648,0.52,84.94117647058823,0.07083333333333333,0.8,0.0864107329737,has_near_zero,has_near_zero,has_near_zero,False,0,True,5,False,0,True,5,0.32429078738919803,0.15890248582070704,0.7959183673469387,moderate,False,False,none,0.08499999999999999,0.0,0.0050000000000000044,-0.07999999999999999,0.2217830816327198,0.7939560439560437,0.001619870410367174,True,moderate,-0.20999999999999996,0.21999999999999997,1.960784313725492,-28.767123287671232,43.13725490196078,False,软件服务,False,1.0,True,falling,False,False,0.0,0.32429078738919803,0.3927659632446918,软件服务,-5.0,-2.0,3.0,0.3,0.5,0.004445141510084183,0.0017768716730956545,-0.073739763385092,False,False,0.06643689624659335,0.5604975724113279,,,,,,,0.7873633049817741,1,0.0,single_year_drop,0.2194233478484182,True,increasing_vol,15.058823529411764,中度恶化-10分; 贝叶斯中度恶化预警-5分(恶化概率78.7%); 波动率飙升预警-5.1分(近期波动是早期的2.5倍),,,0,0
300636.SZ,同和药业,化学制药,0.33481900000000003,-0.06465115065606654,-0.06946999999999999,0.8806946603047896,0.018158924236654474,-0.17330940672147777,0.2538,40.0,-0.065075,-1.0,0.02748633611151033,has_near_zero,has_near_zero,has_near_zero,False,0,True,5,False,0,True,5,0.3305097216969791,0.11754908761874759,0.814260810886802,ultra_stable,False,False,none,-0.1175,0.0,-0.02729999999999999,0.0902,0.5653779317087949,0.9761668574515336,0.9972124596364152,True,severe,-0.02479999999999999,-0.029799999999999993,-17.704280155642017,-8.901651112706386,-9.662775616083007,False,化学制药,False,1.0,False,falling,False,False,0.0,0.3305097216969791,0.39774111069091667,化学制药,-5.0,-2.0,3.0,0.3,0.5,-0.026279037389872667,0.997421906585249,0.08171093837028268,True,False,-0.06465115065606654,0.8806946603047896,,,,,,,0.9872029250457038,4,-0.07876872377226508,chronic_decline,0.1177076295973104,True,decreasing_vol,60.0,严重恶化-15分; 贝叶斯高置信度恶化-12分(恶化概率98.7%，严重恶化确认); 波动聚集提示-2分(大波动后可能跟着大波动); 峰值大幅下跌-15分(从0.5跌至0.3，跌幅-53.3%); 智能连续下跌-16分(4年实质性下跌，累计跌幅-53.3%),,,0,0
300653.SZ,正海生物,医疗保健,1.055,-0.05770872154192632,-0.08199999999999999,0.27601734346078793,0.3632659440654939,-0.06705397810029268,0.75,39.858759175733304,-0.1449999999999999,-0.4,0.4624327264504764,has_near_zero,has_near_zero,has_near_zero,False,0,True,2,False,0,True,2,0.2319564875941918,0.25422431040323423,0.5930656934306568,stable,False,False,none,0.4099999999999999,0.0,-0.217,-0.6269999999999999,0.6217063707945598,1.0,0.9630637079455976,True,severe,-0.31000000000000005,-0.21999999999999997,-41.40625,-29.24528301886793,-17.187499999999996,False,医疗保健,False,1.0,True,falling,False,False,0.0,0.2319564875941918,0.31889852340868674,医疗保健,-5.0,-2.0,3.0,0.3,0.5,-0.18652523217353373,0.9821953413230359,-0.28248164853339264,False,True,-0.05770872154192632,0.27601734346078793,,,,,,,0.9985301326410322,3,0.701543739279589,accelerating_decline,0.1995235814258415,False,stable,60.141240824266696,复合恶化-14.0分(触发2项恶化信号); 严重恶化-15分; 加速下滑-0.1分(加速度-0.28); 贝叶斯高置信度恶化-12分(恶化概率99.9%，严重恶化确认); 趋势不可靠-2分(Bootstrap CI过宽: 0.306); 峰值明显下跌-8分(从1.4跌至0.8，跌幅-46.4%); 连续下跌警示-9分(3年下跌，累计-24.2%),,,0,0
300657.SZ,弘信电子,元器件,-0.3821,-0.04152050014495908,-0.047,0.019283203434124298,0.8237627858273419,,0.12,75.39672799743708,-0.07625,-0.4,0.4624327264504764,poor,poor,poor,True,3,True,5,True,3,True,5,1.3772376104825879,0.5068234406575923,3.0434782608695654,high_volatility,False,False,none,-0.8700000000000001,0.0,0.205,1.0750000000000002,0.6361988027046815,1.0,0.361988027046815,False,none,1.01,-0.22999999999999998,118.18181818181819,113.48314606741572,-34.848484848484844,False,元器件,False,1.0,False,rising,False,False,0.0,1.3772376104825879,1.0,元器件,-5.0,-2.0,3.0,0.3,0.5,0.36965171706113076,0.5740836790992472,0.7934559948741639,True,False,-0.04152050014495908,0.019283203434124298,,,,,,,0.07161803713527852,0,0.0,none,1.3623524160891036,False,stable,24.603272002562917,单年巨幅下滑-15.0分(年跌-34.8%); 趋势不可靠-2分(Bootstrap CI过宽: 0.852); 峰值明显下跌-8分(从0.2跌至0.1，跌幅-47.8%),,,0,0
300660.SZ,江苏雷利,电气设备,0.97401,-0.014532554334189606,-0.020540000000000003,0.3610567572728909,0.28386100376184675,-0.03335359648183034,0.9255,90.0,-0.02609999999999999,-0.4,0.4624327264504764,has_near_zero,has_near_zero,has_near_zero,False,0,True,3,False,0,True,3,0.05468083314705667,0.05382125044998494,0.13664810826187676,ultra_stable,False,False,none,-0.1200000000000001,0.0,-0.0032199999999999785,0.11678000000000013,0.32810023265655913,1.0,0.011728932739971006,True,moderate,-0.07810000000000006,0.011300000000000088,-6.7318351305048845,-7.78198485452372,1.1387685175854165,False,电气设备,False,1.0676595744680852,True,falling,False,False,0.0,0.05468083314705667,0.18609927644672336,电气设备,-5.0,-2.0,3.0,0.3,0.5,-0.024108600664887736,0.6284550037237435,-0.00048273875180576686,False,False,-0.014532554334189606,0.3610567572728909,,,,,,,0.8223350253807107,1,0.0,single_year_drop,0.043603958393732434,False,decreasing_vol,10.0,中度恶化-10分; 贝叶斯中度恶化预警-5分(恶化概率82.2%),,,0,0
300661.SZ,圣邦股份,半导体,1.6720420000000003,-0.21549590651815453,-0.39806,0.444825823478632,0.2188306908926195,-0.1312790235397342,1.0619,57.45166270995665,-0.47216666666666673,-0.4,0.4624327264504764,good,good,good,False,0,True,1,False,0,True,1,0.5438480266792036,0.9742819858747261,1.3259575988300045,volatile,False,False,none,1.112,0.0,-0.7596,-1.8716000000000002,0.6715236357892146,1.0,0.7611565832496313,False,none,0.4608000000000001,-1.8522,-56.715444503322054,76.65945766095493,-75.49830840092936,False,半导体,True,4.951755115621362,True,rising,False,False,0.0,0.5438480266792036,1.0,半导体,-5.0,-2.0,3.0,0.3,0.5,-0.3526364325351674,0.42713729740928313,-0.476838319360517,False,True,-0.21549590651815453,0.444825823478632,,,,,,,0.6067415730337079,0,0.0,none,0.4151386177594744,False,stable,42.54833729004335,轻度衰退-4.3分(log斜率-0.215); 持续衰退重罚-10.0分(最新<加权); 单年巨幅下滑-15.0分(年跌-75.5%); 相对加权下滑-10.0分(最新为加权63.5%); 加速下滑-0.2分(加速度-0.48); 趋势不可靠-2分(Bootstrap CI过宽: 0.843); 峰值大幅下跌-15分(从3.0跌至1.1，跌幅-64.3%),,,0,0
300666.SZ,江丰电子,半导体,1.0091,0.15433471874412658,0.217,0.710667673555451,0.07288474257572336,0.22525232742397305,1.51,100.0,0.21500000000000002,0.6,0.22067136191984693,has_near_zero,has_near_zero,has_near_zero,False,0,True,3,False,0,True,3,0.4263425741348916,0.4024673899833377,1.1016949152542375,moderate,False,False,none,-0.20000000000000007,0.0,0.297,0.49700000000000005,0.4597605577343537,1.0,0.7960023462527634,False,none,0.55,-0.15000000000000013,36.03603603603602,57.29166666666667,-13.513513513513525,False,半导体,False,1.5524475524475527,True,rising,False,False,0.0,0.4263425741348916,0.5480670663009204,半导体,-5.0,-2.0,3.0,0.3,0.5,0.12162024969239943,0.46517576550827056,-0.04294998289652319,False,False,0.15433471874412658,0.710667673555451,,,,,,,0.07161803713527852,0,0.0,none,0.2228545188295928,False,stable,0.0,,,,0,0
300674.SZ,宇信科技,软件服务,0.5870000000000001,-0.005247695965163756,-0.005999999999999994,0.010504167250380347,0.8697346997621287,-0.16474119694038825,0.55,83.0,-0.10749999999999998,-0.4,0.4624327264504764,has_near_zero,has_near_zero,has_near_zero,False,0,True,4,False,0,True,5,0.4724763275603669,0.2957701810527897,1.2140575079872202,moderate,False,False,none,-0.37999999999999995,0.0,0.09000000000000002,0.47,0.639261542026299,0.9567137809187279,0.9959016393442622,False,none,0.08000000000000007,0.09999999999999998,48.64864864864866,17.0212765957447,27.027027027027025,False,软件服务,False,1.0,False,rising,False,False,0.0,0.4724763275603669,0.5113143953816268,软件服务,-5.0,-2.0,3.0,0.3,0.5,0.08172066336877118,0.9945690234683677,0.3858897682338266,True,False,-0.10129552987213324,0.4692159627990229,,,,,,,0.07161803713527852,0,0.0,none,0.3397339594516379,True,decreasing_vol,17.0,波动聚集提示-2分(大波动后可能跟着大波动); 峰值大幅下跌-15分(从1.1跌至0.6，跌幅-51.3%),,,0,0
300679.SZ,电连技术,元器件,1.092,-0.009566039462153042,-0.012999999999999989,0.060072513250643396,0.6910860942635682,0.10952323170682332,1.47,93.70370370370371,0.08500000000000002,0.2,0.8064959405073401,has_near_zero,has_near_zero,has_near_zero,False,0,True,3,False,0,True,4,0.24218757214095188,0.25284382531515376,0.603448275862069,stable,False,False,none,-0.08999999999999997,0.0,0.15499999999999997,0.24499999999999994,0.3036807509557252,0.9999999999999998,0.48267202410848814,False,none,0.63,-0.22000000000000008,38.67924528301886,75.0,-20.75471698113208,False,元器件,False,1.232558139534884,True,rising,False,False,0.0,0.24218757214095188,0.3580911429840794,元器件,-5.0,-2.0,3.0,0.3,0.5,0.12741803976628352,0.37160716660946835,0.09583324188545184,False,False,0.06056836227171205,0.3359119663820278,,,,,,,0.07161803713527852,0,0.0,none,0.19369038241508574,True,increasing_vol,6.296296296296297,波动率飙升预警-6.3分(近期波动是早期的3.1倍),,,0,0
300684.SZ,中石科技,元器件,0.551867,-0.024731415268088218,-0.02710999999999999,0.05072791844778722,0.7156733825900282,-0.011075267364888508,0.6761,85.0,-0.00839999999999999,-0.4,0.4624327264504764,has_near_zero,has_near_zero,has_near_zero,False,0,True,5,False,0,True,5,0.34612707793761627,0.19383116364506509,0.7991071428571429,moderate,False,False,none,-0.238,0.0,0.019230000000000018,0.25723,0.22806466326694935,1.0,0.014994736636905953,False,none,0.4167,-0.42929999999999996,-1.829533904457666,160.63993831919814,-62.33483374473645,False,元器件,False,1.891253604283949,True,rising,False,False,0.0,0.34612707793761627,0.5290688095879529,元器件,-5.0,-2.0,3.0,0.3,0.5,-0.005203821533098896,0.0005575645651070029,0.0022588927227147337,False,False,-0.024731415268088218,0.05072791844778722,,,,,,,0.2783505154639176,0,0.0,none,0.33755734466531756,False,increasing_vol,15.0,单年巨幅下滑-15.0分(年跌-62.3%),,,0,0
300685.SZ,艾德生物,医疗保健,0.7364999999999999,-0.029494591027200878,-0.03649999999999999,0.6295359487317238,0.10914117658239716,-0.06007861573492623,0.64,81.0,-0.04916666666666665,-0.8,0.0864107329737,has_near_zero,has_near_zero,has_near_zero,False,0,True,4,False,0,True,5,0.24426817481302246,0.18955210365490544,0.5798969072164949,stable,False,False,none,0.27000000000000013,0.0,-0.13600000000000004,-0.40600000000000014,0.4464403220686594,1.0,0.6544939844302903,False,none,-0.020000000000000018,-0.010000000000000009,-4.4776119402985115,-3.030303030303033,-1.492537313432837,False,医疗保健,False,1.0,True,falling,False,False,0.0,0.24426817481302246,0.3287478731837513,医疗保健,-5.0,-2.0,3.0,0.3,0.5,-0.012547875845106915,0.9636517095901417,0.047598663451447976,False,False,-0.06147915054540013,0.45860336568143034,,,,,,,0.8299282164549973,0,1.0303030303030305,none,0.183730079777103,False,decreasing_vol,19.0,贝叶斯中度恶化预警-5分(恶化概率83.0%); 峰值明显下跌-8分(从1.1跌至0.6，跌幅-41.3%); 连续下跌警示-6分(2年下跌，累计-22.0%),,,0,0
300693.SZ,盛弘股份,电气设备,1.081004,0.1377286238883409,0.19608,0.7379900558017863,0.062153867860647805,0.15420753199649995,1.3843,100.0,0.1647333333333333,0.8,0.0864107329737,has_near_zero,has_near_zero,has_near_zero,False,0,True,2,False,0,True,2,0.34400508630777443,0.3516351191220809,0.8135553425032773,stable,False,False,none,-0.22730000000000006,0.0,0.27107000000000003,0.4983700000000001,0.5422300145475473,1.0,0.8721017107378798,False,none,0.07940000000000014,0.21589999999999998,27.1166207529844,6.084757452678377,19.82552800734619,False,电气设备,False,1.0,False,rising,False,False,0.0,0.34400508630777443,0.40853740237955294,电气设备,-5.0,-2.0,3.0,0.3,0.5,0.09294768535929854,0.9258496552888595,-0.020028632342731056,False,False,0.1377286238883409,0.7379900558017863,,,,,,,0.07161803713527852,0,0.0,none,0.16231796319315392,False,decreasing_vol,0.0,,,,0,0
300705.SZ,九典制药,化学制药,0.88,0.027058625565945505,0.03800000000000002,0.29102996243773144,0.34807135422841023,0.3160740129524926,1.05,100.0,0.14500000000000002,0.6,0.22067136191984693,has_near_zero,has_near_zero,has_near_zero,False,0,True,3,False,0,True,3,0.34942696644886584,0.2907232360854564,0.8653846153846154,stable,False,False,none,0.52,0.0,0.07900000000000003,-0.441,0.6036535920293655,1.0,0.6545359202936547,False,none,-0.020000000000000018,0.2500000000000001,28.04878048780489,-1.8691588785046744,30.487804878048795,False,化学制药,False,1.1829268292682926,True,falling,False,False,0.0,0.34942696644886584,0.437265150394865,化学制药,-5.0,-2.0,3.0,0.3,0.5,0.084040584389666,0.6891347997836728,-0.1184534196147736,False,True,0.1289752379945432,0.7337031966746975,,,,,,,0.16167664670658682,0,0.0,none,0.17217312095644216,False,decreasing_vol,0.0,,,,0,0
300708.SZ,聚灿光电,半导体,0.1713,0.030623427056609788,0.030999999999999993,0.06915565693187707,0.6690705840941815,,0.3,110.0,0.049166666666666664,0.2,0.8064959405073401,has_loss,has_loss,has_loss,True,1,True,5,True,1,True,5,1.1518591295603255,0.18660117898877274,2.8395061728395063,high_volatility,False,False,none,-0.1,0.0,0.21,0.31,0.3008106089242645,0.1879699248120301,0.9018404907975459,False,none,0.09,0.32999999999999996,350.0,42.857142857142854,274.99999999999994,False,半导体,True,inf,True,rising,False,False,0.0,1.1518591295603255,1.0,半导体,-5.0,-2.0,3.0,0.3,0.5,0.20769344898109987,0.8991056944441697,0.30750782992773695,False,False,0.030623427056609788,0.06915565693187707,,,,,,,0.07161803713527852,0,0.0,none,1.111411139190635,False,decreasing_vol,2.0,趋势不可靠-2分(Bootstrap CI过宽: 0.369),cyclical_bottom,"周期底部(mid_up), 近期强势(20.8%)",0,0
300709.SZ,精研科技,元器件,0.4932000000000001,-0.12645603648493173,-0.176,0.8975445954646947,0.014371430307271595,,0.64,77.9348343875297,-0.15333333333333332,-0.4,0.4624327264504764,has_loss,has_loss,has_near_zero,True,1,True,2,False,0,True,2,1.9167259511053136,1.0465323693035014,4.725274725274725,high_volatility,False,False,none,-1.245,0.0,0.945,2.19,0.6016149770165475,0.7229257030922067,0.6986400500691057,True,moderate,-0.13,2.02,151.2,-16.883116883116884,161.60000000000002,False,元器件,True,inf,True,falling,False,False,0.0,1.9167259511053136,1.0,元器件,-5.0,-2.0,3.0,0.3,0.5,0.8252068727303792,0.701904061511914,1.8696687750594037,True,False,-0.12645603648493173,0.05164428484956225,,,,,,,0.6492985971943889,1,0.0,single_year_drop,1.8477212225526658,False,stable,22.0651656124703,中度恶化-10分; 周期回落期-3分(景气下行趋势); 峰值大幅下跌-15分(从1.3跌至0.6，跌幅-51.9%),,,0,0
300724.SZ,捷佳伟创,专用机械,4.3337,0.3762159529737355,1.5190000000000001,0.9772874312503619,0.0014627620649939246,0.48562166622821823,7.94,117.85507246376811,1.4312500000000001,1.0,0.02748633611151033,good,good,good,False,0,False,0,False,0,False,0,0.6581452319607087,2.5522872095436284,1.6271273852501291,moderate,False,False,none,0.69,0.0,2.4650000000000003,1.7750000000000004,0.694005778224163,0.9727576108424709,0.9673001713991585,False,none,3.25,1.6800000000000006,163.78737541528244,69.2963752665245,55.813953488372114,False,专用机械,False,1.0,False,rising,False,False,0.0,0.6581452319607087,0.6598495189019004,专用机械,-5.0,-2.0,3.0,0.3,0.5,0.4736992904043301,0.9969277646406572,0.19528572749002093,True,False,0.3762159529737355,0.9772874312503619,,,,,,,0.07161803713527852,0,0.0,none,0.22268651661837127,True,increasing_vol,7.144927536231886,波动率飙升预警-7.1分(近期波动是早期的3.6倍),"high_growth,turnaround","高速成长(稳健CAGR=143.1%, MK趋势=1.00); 底部强力反转(曾跌164%, 近期斜率0.47)",1,1
300725.SZ,药石科技,化学制药,1.4285,-0.03824679708141797,-0.058499999999999996,0.19226272414829101,0.4601575238419508,-0.0390501048786448,1.1,68.0,-0.17,-0.4,0.4624327264504764,good,good,good,False,0,True,1,False,0,True,1,0.39736277446906226,0.5896863573120884,0.9905660377358491,moderate,False,False,none,1.17,0.0,-0.46699999999999997,-1.637,0.6811418472700214,1.0,0.8114184727002138,False,none,0.1100000000000001,-0.5900000000000001,-30.379746835443033,11.111111111111121,-37.34177215189874,False,化学制药,False,2.484848484848485,True,rising,False,False,0.0,0.39736277446906226,0.6492033508883812,化学制药,-5.0,-2.0,3.0,0.3,0.5,-0.14399427420391891,0.5622729046322221,-0.22699242076009468,False,False,-0.10019718909307307,0.2771504475152738,,,,,,,0.6067415730337079,0,0.0,none,0.34502894117550553,True,decreasing_vol,32.0,单年巨幅下滑-15.0分(年跌-37.3%); 波动聚集提示-2分(大波动后可能跟着大波动); 峰值大幅下跌-15分(从2.5跌至1.1，跌幅-55.3%),,,0,0
300735.SZ,光弘科技,元器件,0.42900000000000005,-0.009465956243811264,-0.010000000000000004,0.06892470634808232,0.6696104847463733,-0.048930058442970825,0.36,43.55555555555556,-0.01750000000000001,-0.2,0.8064959405073401,has_near_zero,has_near_zero,has_near_zero,False,0,True,5,False,0,True,5,0.14352452997601325,0.06228964600958976,0.36866359447004615,stable,False,False,none,0.020000000000000018,0.0,-0.017000000000000008,-0.037000000000000026,0.13361091959394192,1.0,0.09337641357027472,True,severe,-0.16000000000000003,0.13,-7.692307692307699,-30.769230769230777,33.33333333333333,False,元器件,False,1.2564102564102564,True,falling,False,False,0.0,0.14352452997601325,0.2823409915021782,元器件,-5.0,-2.0,3.0,0.3,0.5,-0.014044646694642421,0.03268428093731984,0.009044768547423476,False,False,-0.009465956243811264,0.06892470634808232,,,,,,,0.9487554904831625,1,0.0,cliff_drop,0.1388236896902495,True,increasing_vol,56.44444444444444,严重恶化-15分; 单年巨幅下滑-15.0分(年跌-30.8%); 贝叶斯高置信度恶化-12分(恶化概率94.9%，严重恶化确认); 波动率飙升预警-6.4分(近期波动是早期的3.2倍); 峰值明显下跌-8分(从0.5跌至0.4，跌幅-30.8%),,,0,0
300743.SZ,天地数码,IT设备,0.37170000000000003,0.091692022590758,0.099,0.8132732407001686,0.036382209250396084,0.28134466016383186,0.62,94.16666666666667,0.10125,0.8,0.0864107329737,has_near_zero,has_near_zero,has_near_zero,False,0,True,5,False,0,True,5,0.5095611275035604,0.17426990560621763,1.2573099415204678,moderate,False,False,none,0.020000000000000004,0.0,0.175,0.15499999999999997,0.4538434504792332,0.25,0.9784345047923323,False,none,0.21999999999999997,0.13,129.62962962962962,54.99999999999999,48.148148148148145,False,IT设备,False,1.0,False,rising,False,False,0.0,0.5095611275035604,0.5409822353361817,IT设备,-5.0,-2.0,3.0,0.3,0.5,0.15953813267461356,0.9830124221042984,0.14013628517093413,False,False,0.091692022590758,0.8132732407001686,,,,,,,0.07161803713527852,0,0.0,none,0.22397546302365542,True,increasing_vol,5.833333333333332,波动率飙升预警-5.8分(近期波动是早期的2.9倍),,,0,0
300750.SZ,宁德时代,电气设备,9.824168,0.35341837731208453,2.30856,0.6887744266408503,0.08201536005868004,0.4678927352767064,11.58,96.0,2.3642249999999994,0.4,0.4624327264504764,good,good,good,False,0,False,0,False,0,False,0,0.4790347240292056,4.374353485945094,1.1414867055061544,moderate,False,False,none,5.2118,0.0,-0.6688999999999998,-5.8807,0.7946790668363555,0.9916169245015376,0.8643871695085726,False,none,-0.20999999999999908,-1.1278000000000006,-10.356252612673982,-1.7811704834605522,-8.73058879995046,False,电气设备,False,1.0,True,falling,False,False,0.0,0.4790347240292056,0.5165611125566978,电气设备,-5.0,-2.0,3.0,0.3,0.5,-0.05448120765455333,0.8693955968606603,-0.8585678489628866,False,True,0.35341837731208453,0.6887744266408503,,,,,,,0.32530120481927716,0,-0.795985067642785,none,0.2639924209837305,False,decreasing_vol,4.0,"加速下滑-0.4分(加速度-0.86); 趋势不确定预警-4分(Bootstrap CI跨零: [-0.059, 0.829])",,,0,0
300751.SZ,迈为股份,专用机械,4.7433,-0.22431273452914963,-1.149,0.9418005327026355,0.006066330866443476,-0.18648190093549522,3.32,33.513745309417004,-1.2824999999999998,-0.8,0.0864107329737,good,good,good,False,0,False,0,False,0,False,0,0.3670618657927996,1.867610773153764,0.8431603773584907,ultra_stable,False,False,none,-1.295,0.0,-0.8350000000000002,0.45999999999999974,0.4327607789309093,0.9998757875072043,0.7365312158878835,False,none,0.029999999999999805,-1.7000000000000002,-33.46693386773548,0.9118541033434591,-34.06813627254509,False,专用机械,False,1.0,False,rising,False,False,0.0,0.3670618657927996,0.426982825967573,专用机械,-5.0,-2.0,3.0,0.3,0.5,-0.19770858562124838,0.733528579992785,0.00854545779187399,False,False,-0.22431273452914963,0.9418005327026355,,,,,,,0.6067415730337079,0,0.0,none,0.08509732163883212,False,decreasing_vol,66.486254690583,轻度衰退-4.5分(log斜率-0.224); 持续衰退重罚-10.0分(最新<加权); 单年巨幅下滑-15.0分(年跌-34.1%); 相对加权下滑-10.0分(最新为加权70.0%); 峰值大幅下跌-15分(从7.6跌至3.3，跌幅-56.2%); 智能连续下跌-12分(3年实质性下跌，累计跌幅-56.2%),,,0,0
300752.SZ,隆利科技,元器件,-0.18690000000000004,0.09283342311836765,0.097,0.0417304881982345,0.7417225945748964,,0.47,98.0,0.14375,0.2,0.8064959405073401,poor,poor,poor,True,2,True,4,True,2,True,4,3.975366751549829,0.8586792183347634,9.490740740740737,high_volatility,False,False,none,-0.97,0.0,1.025,1.9949999999999999,0.6841668382097621,0.9982670816239918,0.8434013004736293,False,none,0.26,1.79,129.74683544303795,123.80952380952381,113.29113924050634,False,元器件,False,1.0,False,rising,False,False,0.0,3.975366751549829,1.0,元器件,-5.0,-2.0,3.0,0.3,0.5,0.8462774185709635,0.8562680729426729,1.6417678228117996,True,False,0.09283342311836765,0.0417304881982345,,,,,,,0.07161803713527852,0,0.0,none,3.91144116654132,False,stable,2.0,趋势不可靠-2分(Bootstrap CI过宽: 1.733),,,0,0
300759.SZ,康龙化成,化学制药,1.267961,-0.12639302710730776,-0.21332999999999994,0.5470976845431936,0.1530775706581653,-0.09074471268620588,1.0133,83.0,-0.17653333333333326,-0.6,0.22067136191984693,good,good,good,False,0,True,1,False,0,True,1,0.36080033626453467,0.4805716158909096,0.8970990119823417,moderate,False,False,none,0.6156999999999999,0.0,-0.35139,-0.9670899999999999,0.5656969409062576,1.0,0.6894432318900885,False,none,0.1100000000000001,-0.2592000000000001,-12.834408602150537,12.177571128085917,-22.296774193548394,False,化学制药,False,2.3228163400863497,True,rising,False,False,0.0,0.36080033626453467,0.5983491143564744,化学制药,-5.0,-2.0,3.0,0.3,0.5,-0.05049808122624333,0.31185408145211807,0.04613868256947157,False,False,-0.12639302710730776,0.5470976845431936,,,,,,,0.2783505154639176,0,0.0,none,0.2569958030521501,False,decreasing_vol,17.0,趋势不可靠-2分(Bootstrap CI过宽: 0.328); 峰值大幅下跌-15分(从2.1跌至1.0，跌幅-51.7%),,,0,0
300760.SZ,迈瑞医疗,医疗保健,8.40404,0.14882796431241707,1.129,0.9472382506203268,0.005227404115671434,0.15171206853693775,9.6356,115.0,1.1710750000000003,1.0,0.02748633611151033,good,good,good,False,0,False,0,False,0,False,0,0.23298593876241952,1.8265025863655382,0.5305285769318099,ultra_stable,False,False,none,1.2318500000000001,0.0,0.8477000000000001,-0.38415,0.4155991715326818,0.9967650630290722,0.7839893124514858,False,none,0.07699999999999996,1.6184000000000003,21.352106999823686,0.8055572991860728,20.38235812699932,False,医疗保健,False,1.0,False,rising,False,False,0.0,0.23298593876241952,0.319722084343269,医疗保健,-5.0,-2.0,3.0,0.3,0.5,0.0961330169833905,0.781073265383989,-0.08745747002912108,False,True,0.14882796431241707,0.9472382506203268,,,,,,,0.07161803713527852,0,0.0,none,0.049322306258808325,False,stable,0.0,,high_growth,"高速成长(稳健CAGR=117.1%, MK趋势=1.00)",1,0
300763.SZ,锦浪科技,电气设备,2.1125,-0.047395125655071334,-0.10700000000000001,0.18347653344621456,0.4717880422953007,-0.06705397810029268,1.75,41.83842928720708,-0.12500000000000003,-0.4,0.4624327264504764,good,good,good,False,0,False,0,False,0,False,0,0.2019977571630714,0.4375271420152126,0.5124653739612188,stable,False,False,none,0.2749999999999999,0.0,-0.5549999999999999,-0.8299999999999998,0.5166703992534554,0.3458987650556485,0.8974215791007087,True,severe,-0.22999999999999998,-0.8799999999999999,-38.811188811188806,-11.616161616161616,-30.769230769230766,False,电气设备,False,1.4818652849740932,True,falling,False,False,0.0,0.2019977571630714,0.3591802437270029,电气设备,-5.0,-2.0,3.0,0.3,0.5,-0.22366090375523673,0.9191378821838437,-0.3231414255858507,False,True,-0.047395125655071334,0.18347653344621456,,,,,,,0.9507042253521126,2,-0.6224747474747474,sustained_decline,0.18628537117245939,False,stable,58.16157071279292,严重恶化-15分; 单年巨幅下滑-15.0分(年跌-30.8%); 加速下滑-0.2分(加速度-0.32); 贝叶斯高置信度恶化-12分(恶化概率95.1%，严重恶化确认); 趋势不可靠-2分(Bootstrap CI过宽: 0.371); 峰值明显下跌-8分(从2.9跌至1.8，跌幅-38.8%); 连续下跌警示-6分(2年下跌，累计-24.2%),,,0,0
300768.SZ,迪普科技,软件服务,0.3828,-0.1296414963998685,-0.144,0.6895772011611533,0.08167214517987781,-0.22415899474902334,0.25,93.0,-0.13666666666666666,-0.4,0.4624327264504764,has_near_zero,has_near_zero,has_near_zero,False,0,True,5,False,0,True,5,0.6447071025829975,0.27464522570035693,1.3145539906103287,volatile,False,False,none,-0.22999999999999998,0.0,0.009999999999999995,0.24,0.30401785584542085,0.6381182147165257,0.1578947368421052,False,none,0.04999999999999999,-0.03,8.69565217391304,24.999999999999993,-13.043478260869565,False,软件服务,True,3.8,True,rising,False,False,0.0,0.6447071025829975,1.0,软件服务,-5.0,-2.0,3.0,0.3,0.5,0.009723744822340702,0.1568221800554059,0.2179417612935168,False,False,-0.1296414963998685,0.6895772011611533,,,,,,,0.13366336633663367,0,0.0,none,0.36054076122323186,False,decreasing_vol,19.0,"相对加权下滑-10.0分(最新为加权65.3%); 趋势不确定预警-4分(Bootstrap CI跨零: [-0.283, 0.015]); 峰值大幅下跌-15分(从0.8跌至0.2，跌幅-67.1%)",cyclical_bottom,周期底部(mid_up),0,0
300772.SZ,运达股份,电气设备,0.8651000000000001,-0.05394756847369273,-0.08299999999999999,0.08529074247549545,0.6335113397704167,0.032299454307683995,0.67,66.0,-0.08083333333333333,0.0,1.0,has_near_zero,has_near_zero,has_near_zero,False,0,True,3,False,0,True,3,0.4782215717984364,0.4256171989006084,1.1235955056179776,volatile,False,False,none,1.0,0.0,-0.316,-1.316,0.6815683711811795,1.0,0.8156837118117954,False,none,0.07000000000000006,-0.4,-32.99999999999999,11.666666666666679,-40.0,False,电气设备,False,2.6500000000000004,True,rising,False,False,0.0,0.4782215717984364,0.7359105907720825,电气设备,-5.0,-2.0,3.0,0.3,0.5,-0.12672855125891486,0.5825253067365024,-0.28729980656322235,False,False,-0.05394756847369273,0.08529074247549545,,,,,,,0.6067415730337079,0,0.0,none,0.45492091206362334,True,decreasing_vol,34.0,单年巨幅下滑-15.0分(年跌-40.0%); 波动聚集提示-2分(大波动后可能跟着大波动); 趋势不可靠-2分(Bootstrap CI过宽: 0.576); 峰值大幅下跌-15分(从1.6跌至0.7，跌幅-57.9%),,,0,0
300773.SZ,拉卡拉,软件服务,0.28169999999999995,-0.16741950850486548,-0.221,0.847384935711728,0.026567521805037506,,0.45,74.69300172356314,-0.18374999999999997,-0.4,0.4624327264504764,has_loss,has_loss,has_near_zero,True,1,True,2,False,0,True,3,3.6857523132927055,1.2826418050258614,9.25287356321839,high_volatility,False,False,none,-1.5,0.0,1.145,2.645,0.587746677414579,0.6952741955420049,0.7043094031481115,True,moderate,-0.13999999999999996,2.43,124.45652173913042,-23.728813559322028,132.06521739130434,False,软件服务,True,inf,True,falling,False,False,0.0,3.6857523132927055,1.0,软件服务,-5.0,-2.0,3.0,0.3,0.5,0.9028763786752105,0.6986498111549353,2.082783787320901,True,False,-0.16741950850486548,0.06970105339548388,,,,,,,0.6492985971943889,1,0.0,single_year_drop,3.5463396813363497,False,stable,25.30699827643686,轻度衰退-3.3分(log斜率-0.167); 中度恶化-10分; 周期回落期-3分(景气下行趋势); 峰值大幅下跌-15分(从1.4跌至0.5，跌幅-67.4%),,,0,0
300776.SZ,帝尔激光,专用机械,2.4833,-0.18120036754211505,-0.509,0.8144087364367696,0.03603647865148193,-0.13899285359550906,1.94,63.375992649157695,-0.5541666666666667,-0.6,0.22067136191984693,good,good,good,False,0,False,0,False,0,False,0,0.3368924211317183,0.8880484221032094,0.7245827010622155,stable,False,False,none,-0.5549999999999999,0.0,-0.24,0.31499999999999995,0.3021775422419849,0.7028789837985849,0.4185032695567934,False,none,0.25,-0.73,-19.834710743801654,14.792899408284024,-30.165289256198346,False,专用机械,False,2.1301775147928996,True,rising,False,False,0.0,0.3368924211317183,0.553537605544428,专用机械,-5.0,-2.0,3.0,0.3,0.5,-0.10031346420025777,0.3818815286424989,0.07809982921604952,True,False,-0.18120036754211505,0.8144087364367696,,,,,,,0.435483870967742,0,0.0,none,0.14241392893118682,False,stable,36.624007350842305,轻度衰退-3.6分(log斜率-0.181); 持续衰退重罚-10.0分(最新<加权); 单年巨幅下滑-15.0分(年跌-30.2%); 峰值明显下跌-8分(从3.6跌至1.9，跌幅-46.1%),,,0,0
300790.SZ,宇瞳光学,元器件,0.5389,-0.010334971661101134,-0.011999999999999988,0.07873020767787724,0.6474877426787742,-0.025124660983270708,0.56,96.0,-0.13166666666666665,-0.4,0.4624327264504764,has_near_zero,has_near_zero,has_near_zero,False,0,True,4,False,0,True,5,0.6615164041378426,0.37971041597512173,1.8292682926829262,high_volatility,False,False,none,0.5299999999999999,0.0,-0.21099999999999994,-0.7409999999999999,0.3874241926214283,1.0,0.38776292296302745,False,none,0.4600000000000001,-0.33999999999999997,27.27272727272728,460.00000000000006,-77.27272727272727,False,元器件,True,11.499999999999998,True,rising,False,False,0.0,0.6615164041378426,1.0,元器件,-5.0,-2.0,3.0,0.3,0.5,0.0536553099137729,0.056229983940985655,0.13314804898029864,False,False,-0.09870817915211591,0.24089792862338297,,,,,,,0.07161803713527852,0,0.0,none,0.5776975639110273,False,decreasing_vol,16.0,单年巨幅下滑-15.0分(年跌-77.3%); 峰值大幅下跌-15分(从1.1跌至0.6，跌幅-51.3%),cyclical_bottom,周期底部(mid_up),0,0
300791.SZ,仙乐健康,医疗保健,1.450465,0.021445330456106526,0.03700999999999999,0.16950944343388089,0.4909991262008134,-0.1020024295398354,1.3916,92.0,-0.13880000000000003,-0.2,0.8064959405073401,good,good,good,False,0,False,0,False,0,False,0,0.2499059979134118,0.3778278801253291,0.6354340291557531,moderate,False,False,none,-0.8500000000000001,0.0,0.06839999999999997,0.9184000000000001,0.6637296318365167,1.0,0.30049631836516666,True,moderate,-0.16690000000000005,0.3792,18.00220469770202,-10.709015078601222,32.15466802340371,False,医疗保健,False,1.3215466802340372,True,falling,False,False,0.0,0.2499059979134118,0.3761310223619344,医疗保健,-5.0,-2.0,3.0,0.3,0.5,0.06521818148772585,0.3356857027643352,0.3161653415965283,True,False,-0.058847391632822287,0.22715401128787008,,,,,,,0.4807121661721069,1,0.0,single_year_drop,0.21436383943279452,False,decreasing_vol,8.0,中度恶化-10分; 峰值明显下跌-8分(从2.1跌至1.4，跌幅-35.0%),,,0,0
300803.SZ,指南针,软件服务,0.378,-0.01894644415775882,-0.02,0.09690253095865134,0.610148707162256,0.03247449449274642,0.25,73.73847069225138,-0.002916666666666668,0.0,1.0,has_near_zero,has_near_zero,has_near_zero,False,0,True,5,False,0,True,5,0.6994017936233872,0.26857028875138067,1.692708333333333,high_volatility,False,False,none,0.30499999999999994,0.0,-0.29,-0.595,0.582540838100433,0.9747642333216904,0.6606441476826393,False,none,0.07,-0.6499999999999999,-69.87951807228916,38.88888888888889,-78.3132530120482,False,软件服务,True,4.611111111111111,True,rising,False,False,0.0,0.6994017936233872,1.0,软件服务,-5.0,-2.0,3.0,0.3,0.5,-0.25422841922177536,0.6506559722188479,-0.5230586154972414,False,True,-0.01894644415775882,0.015842921485923072,,,,,,,0.6067415730337079,0,0.0,none,0.694536669223327,False,stable,26.26152930774862,单年巨幅下滑-15.0分(年跌-78.3%); 相对加权下滑-10.0分(最新为加权66.1%); 加速下滑-0.3分(加速度-0.52); 峰值大幅下跌-15分(从0.8跌至0.2，跌幅-69.9%),,,0,0
300820.SZ,英杰电气,电气设备,1.75,0.056794748113014396,0.10000000000000002,0.13830823069723852,0.5376382064373961,0.06615071640921455,1.46,62.73676763776638,0.12625000000000003,0.2,0.8064959405073401,good,good,good,False,0,False,0,False,0,False,0,0.27822060730245113,0.478539444560216,0.7209302325581396,moderate,False,False,none,0.6200000000000001,0.0,-0.45500000000000007,-1.0750000000000002,0.828765823802157,0.9914030261348006,0.9910244135950217,True,severe,-0.53,-0.3800000000000001,-38.39662447257384,-26.633165829145728,-16.03375527426161,False,电气设备,False,1.0,True,falling,False,False,0.0,0.27822060730245113,0.35590981917529424,电气设备,-5.0,-2.0,3.0,0.3,0.5,-0.21273458873462625,0.9789346116408888,-0.5264647244672416,False,True,0.056794748113014396,0.13830823069723852,,,,,,,0.9970097660789048,2,0.6610685003967199,accelerating_decline,0.2625951114101446,False,stable,37.26323236223362,严重恶化-15分; 加速下滑-0.3分(加速度-0.53); 贝叶斯高置信度恶化-12分(恶化概率99.7%，严重恶化确认); 趋势不可靠-2分(Bootstrap CI过宽: 0.528); 峰值明显下跌-8分(从2.4跌至1.5，跌幅-38.4%),,,0,0
300827.SZ,上能电气,电气设备,0.796,0.03305259622416177,0.04000000000000001,0.029225367263499998,0.7833991690791626,0.0043197549675848546,1.17,98.0,0.09250000000000001,0.2,0.8064959405073401,has_near_zero,has_near_zero,has_near_zero,False,0,True,3,False,0,True,3,0.49083117632081985,0.3848116422355228,1.0586734693877549,volatile,False,False,none,-0.4049999999999999,0.0,0.4149999999999999,0.8199999999999998,0.6483903043435224,0.849723709203937,0.9941793342312873,False,none,0.3599999999999999,0.47000000000000003,244.11764705882345,44.44444444444443,138.23529411764704,False,电气设备,False,1.0,False,rising,False,False,0.0,0.49083117632081985,0.5259982743899893,电气设备,-5.0,-2.0,3.0,0.3,0.5,0.3314283307526119,0.9831017940616046,0.6563272318343485,True,False,0.03305259622416177,0.029225367263499998,,,,,,,0.07161803713527852,0,0.0,none,0.4841565227543818,False,stable,2.0,趋势不可靠-2分(Bootstrap CI过宽: 0.698),,,0,0
300831.SZ,派瑞股份,半导体,0.138608,0.005680255864440921,0.005760000000000001,0.033529022088176944,0.7681674457236464,0.15524359479535188,0.1774,79.13850415512465,0.004266666666666669,0.4,0.4624327264504764,has_near_zero,has_near_zero,has_near_zero,False,0,True,5,False,0,True,5,0.3612645662773212,0.049449893832039724,0.793395675043834,volatile,False,False,none,0.06720000000000001,0.0,-0.007120000000000001,-0.07432000000000001,0.20579556294749815,1.0,0.03151100458482929,False,none,0.1086,-0.10300000000000001,3.2596041909196702,157.84883720930233,-59.953434225844006,False,半导体,False,2.497093023255814,True,rising,False,False,0.0,0.3612645662773212,0.6219573894559656,半导体,-5.0,-2.0,3.0,0.3,0.5,0.0027582692549026067,0.0020667912980465515,-0.033006658533343364,False,False,0.005680255864440921,0.033529022088176944,,,,,,,0.13366336633663367,0,0.0,none,0.3550846844362101,False,increasing_vol,20.861495844875346,单年巨幅下滑-15.0分(年跌-60.0%); 波动率飙升预警-5.9分(近期波动是早期的2.9倍),,,0,0
300832.SZ,新产业,医疗保健,1.9867400000000002,0.040723657454056664,0.07612000000000001,0.07546323019025128,0.6546840895162314,-0.0054155432467895,2.3271,96.0,0.26995000000000013,0.2,0.8064959405073401,good,good,good,False,0,False,0,False,0,False,0,0.24586587772436533,0.4791139186039162,0.5830613543526901,moderate,False,False,none,-1.1362,0.0,0.36700000000000005,1.5032,0.8055899149106628,1.0,0.9794262958242783,False,none,0.22170000000000023,0.41469999999999985,37.64121369846809,10.530065545739538,24.52830188679244,False,医疗保健,False,1.0,False,rising,False,False,0.0,0.24586587772436533,0.3300260355128256,医疗保健,-5.0,-2.0,3.0,0.3,0.5,0.14246763281629848,0.9586655021745325,0.2949302130203457,False,False,0.040723657454056664,0.07546323019025128,,,,,,,0.07161803713527852,0,0.0,none,0.23798185620917717,True,decreasing_vol,4.0,波动聚集提示-2分(大波动后可能跟着大波动); 趋势不可靠-2分(Bootstrap CI过宽: 0.438),,,0,0
300833.SZ,浩洋股份,专用机械,2.9010100000000003,0.21376251537632146,0.5166999999999999,0.41194863351513145,0.24301381947421152,0.19576587444353621,2.3851,62.57573315679369,0.37516249999999995,0.6,0.22067136191984693,good,good,good,False,0,False,0,False,0,False,0,0.535268360232776,1.4698469171992026,1.1564821558630738,volatile,False,False,none,1.52855,0.0,-0.9193,-2.44785,0.6558498249581763,0.8566890813219298,0.7018091682598339,True,severe,-1.9571999999999998,0.11859999999999982,-43.53055377986126,-45.07288764019068,2.807964580817762,False,专用机械,False,1.0,True,falling,False,False,0.0,0.535268360232776,0.5615480215195542,专用机械,-5.0,-2.0,3.0,0.3,0.5,-0.2719473858303101,0.7129007448626812,-0.8485336864126234,False,True,0.21376251537632146,0.41194863351513145,,,,,,,0.9866768176627332,1,0.0,cliff_drop,0.44496901336543876,False,stable,52.42426684320631,严重恶化-15分; 单年巨幅下滑-15.0分(年跌-45.1%); 加速下滑-0.4分(加速度-0.85); 贝叶斯高置信度恶化-12分(恶化概率98.7%，严重恶化确认); 趋势不可靠-2分(Bootstrap CI过宽: 0.888); 峰值明显下跌-8分(从4.3跌至2.4，跌幅-45.1%),high_growth,"高速成长(稳健CAGR=37.5%, MK趋势=0.60)",1,0
300836.SZ,佰奥智能,专用机械,-0.072054,0.017180723468194038,0.018420000000000002,0.003601714492569594,0.9236333323352091,,0.4321,98.0,0.011512499999999995,0.1,1.0,poor,poor,poor,True,3,True,5,True,3,True,5,6.141398087885893,0.4764496636581875,15.108275328692962,high_volatility,False,True,deterioration_to_recovery,-0.54,0.0,0.58605,1.12605,0.9263698347828755,0.9998857012229974,0.9969602457136628,False,none,0.6421,0.53,158.3918918918919,305.76190476190476,71.62162162162163,False,专用机械,False,1.0,False,rising,False,False,0.0,6.141398087885893,1.0,专用机械,-5.0,-2.0,3.0,0.3,0.5,0.5523999715457257,0.9937695684401293,1.0618481344209663,True,False,0.017180723468194038,0.003601714492569594,,,,,,,0.07161803713527852,0,0.0,none,6.129913147674707,False,stable,2.0,趋势不可靠-2分(Bootstrap CI过宽: 1.067),,,0,0
300843.SZ,胜蓝股份,元器件,0.5935,-0.0308259347027419,-0.03699999999999999,0.13738804718233133,0.5391032369402843,-0.03059658150039024,0.68,100.0,-0.04625000000000003,-0.4,0.4624327264504764,has_near_zero,has_near_zero,has_near_zero,False,0,True,5,False,0,True,5,0.2487205072481745,0.1522169504358828,0.6045751633986928,moderate,False,False,none,-0.185,0.0,0.14,0.325,0.5520817634332145,0.885893011216566,0.984924623115578,False,none,0.17000000000000004,0.10999999999999999,70.0,33.33333333333334,27.499999999999996,False,元器件,False,1.0,False,rising,False,False,0.0,0.2487205072481745,0.3323097391318729,元器件,-5.0,-2.0,3.0,0.3,0.5,0.12308482501251194,0.9885124641143159,0.28260238562034834,True,False,-0.0308259347027419,0.13738804718233133,,,,,,,0.07161803713527852,0,0.0,none,0.22961731755428494,False,stable,0.0,,,,0,0
300845.SZ,捷安高科,软件服务,0.46620000000000006,0.002734193996374967,0.002999999999999997,0.02947294168637767,0.7824927676017217,-0.17988250284818985,0.38,75.0,-0.04000000000000001,-0.4,0.4624327264504764,has_near_zero,has_near_zero,has_near_zero,False,0,True,5,False,0,True,5,0.3991716752314627,0.19639246421387963,0.9349593495934959,moderate,False,False,none,-0.44999999999999996,0.0,0.001999999999999996,0.45199999999999996,0.5570521737784024,1.0,0.006896551724137904,True,moderate,-0.07,0.04999999999999999,-5.000000000000004,-15.555555555555555,12.499999999999996,False,软件服务,False,1.1538461538461537,True,falling,False,False,0.0,0.3991716752314627,0.47318349403132404,软件服务,-5.0,-2.0,3.0,0.3,0.5,-0.009316464153577675,0.07838599047773147,0.17746548682135282,False,False,-0.07290786153042769,0.4770571207326712,,,,,,,0.9025069637883009,1,0.0,single_year_drop,0.28801609079542034,False,decreasing_vol,25.0,中度恶化-10分; 贝叶斯恶化预警-8分(恶化概率90.3%); 峰值大幅下跌-15分(从0.8跌至0.4，跌幅-54.8%),,,0,0
300855.SZ,图南股份,小金属,0.7845,0.001408627462517953,0.0010000000000000009,0.000574649190068695,0.9694810267874038,0.015271592434465298,0.68,86.9241377089719,-0.02250000000000002,-0.2,0.8064959405073401,has_near_zero,has_near_zero,has_near_zero,False,0,True,5,False,0,True,5,0.1494580136166533,0.1171750826754562,0.34438775510204084,stable,False,False,none,0.27,0.0,-0.06999999999999999,-0.34,0.5524827586206897,1.0,0.8448275862068968,True,moderate,-0.15999999999999992,-0.010000000000000009,-19.999999999999993,-19.047619047619037,-1.176470588235295,False,小金属,False,1.0,True,falling,True,False,0.0,0.1494580136166533,0.5989160272333066,小金属,-5.0,-2.0,1.6,0.3,0.24,-0.06751623178203431,0.7922809104246322,-0.15172458205618844,False,True,0.001408627462517953,0.000574649190068695,,,,,,,0.9932937344318835,1,15.19047619047617,single_year_drop,0.14944440611322304,False,decreasing_vol,13.075862291028095,中度恶化-10分; 加速下滑-0.1分(加速度-0.15); 贝叶斯恶化预警-8分(恶化概率99.3%),,,0,0
300857.SZ,协创数据,IT设备,1.3282,0.05435938581460409,0.07200000000000001,0.173079138963297,0.4860005462660309,0.4927184301748446,2.83,107.0,0.4375,1.0,0.02748633611151033,has_near_zero,has_near_zero,has_near_zero,False,0,True,3,False,0,True,4,0.8219121529314394,0.9649248675415097,1.9250425894378198,volatile,False,False,none,0.030000000000000027,0.0,1.1,1.07,0.6899852724594993,0.9642857142857143,0.9355670103092784,False,none,1.6,0.6,349.2063492063493,130.08130081300814,95.23809523809523,False,IT设备,False,1.0,False,rising,False,False,0.0,0.8219121529314394,0.7908630556784848,IT设备,-5.0,-2.0,3.0,0.3,0.5,0.5844462124737957,0.9802232346450455,0.5587220095515377,True,False,0.28983386661273725,0.7717912192002633,,,,,,,0.07161803713527852,0,0.0,none,0.44308574124888755,True,increasing_vol,8.0,波动率飙升预警-8.0分(近期波动是早期的36.7倍),high_growth,"高速成长(稳健CAGR=43.8%, MK趋势=1.00)",1,0
300866.SZ,安克创新,元器件,3.240673,0.15572615148657068,0.5041100000000001,0.9165248852552996,0.010504316050799701,0.15426005681850996,3.9939,110.77178571428571,0.4803041666666667,1.0,0.02748633611151033,good,good,good,False,0,False,0,False,0,False,0,0.272267096779104,0.8411528594732351,0.5644712310321611,ultra_stable,False,False,none,0.16999999999999993,0.0,0.5885,0.4185000000000001,0.3957957094958128,1.0,0.8883374812411007,False,none,0.02059999999999995,1.1633,42.131672597864764,0.5184607253416543,41.39857651245551,False,元器件,False,1.0,False,rising,False,False,0.0,0.272267096779104,0.35114701075661653,元器件,-5.0,-2.0,3.0,0.3,0.5,0.16832253411664555,0.7611715555971779,0.06510803805390464,True,False,0.15572615148657068,0.9165248852552996,,,,,,,0.07161803713527852,0,0.0,none,0.08698646681154805,False,increasing_vol,4.2282142857142855,波动率飙升预警-4.2分(近期波动是早期的2.1倍),high_growth,"高速成长(稳健CAGR=48.0%, MK趋势=1.00)",1,0
300870.SZ,欧陆通,电气设备,1.8243,0.07521270511355002,0.161,0.08688716598301134,0.6301999414006795,0.03993479874096839,2.69,113.0,0.25625,0.2,0.8064959405073401,good,good,good,False,0,True,1,False,0,True,1,0.43883893980372923,0.779377957091423,1.0304054054054055,volatile,False,False,none,-0.72,0.0,0.915,1.635,0.6861493040669562,0.870967741935484,0.9905252987340776,False,none,0.76,1.0699999999999998,212.79069767441862,39.37823834196891,124.41860465116277,False,电气设备,False,1.0,False,rising,False,False,0.0,0.43883893980372923,0.48440448517631673,电气设备,-5.0,-2.0,3.0,0.3,0.5,0.46836749706063335,0.9604226750302987,0.8640877457211362,True,False,0.07521270511355002,0.08688716598301134,,,,,,,0.07161803713527852,0,0.0,none,0.41477057471153667,False,stable,2.0,趋势不可靠-2分(Bootstrap CI过宽: 0.918),high_growth,"高速成长(稳健CAGR=25.6%, MK趋势=0.20)",1,0
300896.SZ,爱美客,医疗保健,6.220219999999999,0.1373689635121876,0.8154,0.6380911928817133,0.10500131573505155,0.09580269025677612,6.5,101.46774193548387,0.6779999999999999,0.6,0.22067136191984693,good,good,good,False,0,False,0,False,0,False,0,0.2864961200377823,1.7119862148977718,0.6978378740210188,stable,False,False,none,0.6659999999999999,0.0,0.33000000000000007,-0.33599999999999985,0.21885010091954876,0.7062228930625346,0.05242634315424612,True,moderate,-2.0999999999999996,2.76,11.3013698630137,-24.418604651162788,47.26027397260274,False,医疗保健,False,1.9413092550790068,True,falling,False,False,0.0,0.2864961200377823,0.48803813004076013,医疗保健,-5.0,-2.0,3.0,0.3,0.5,0.05284291761841531,0.07130936964242678,-0.0741806618748515,False,False,0.1373689635121876,0.6380911928817133,,,,,,,0.6492985971943889,1,0.0,single_year_drop,0.18849447231747113,True,increasing_vol,13.532258064516126,中度恶化-10分; 波动率飙升预警-6.5分(近期波动是早期的3.3倍); 趋势不可靠-2分(Bootstrap CI过宽: 0.328),high_growth,"高速成长(稳健CAGR=67.8%, MK趋势=0.60)",1,0
300907.SZ,康平科技,电气设备,0.561131,0.0385625870130833,0.042969999999999994,0.05120374409223812,0.7143662171411006,0.014837070244864137,0.8862,98.0,0.14477500000000001,0.4,0.4624327264504764,has_near_zero,has_near_zero,has_near_zero,False,0,True,5,False,0,True,5,0.5636238168633966,0.3090011213571886,1.2724354297388003,volatile,False,False,none,-0.6469,0.0,0.22957,0.8764700000000001,0.669817630129631,1.0,0.9452363012963098,False,none,0.36929999999999996,0.20290000000000002,182.22929936305735,71.445153801509,64.61783439490446,False,电气设备,False,1.0,False,rising,False,False,0.0,0.5636238168633966,0.5842323868240507,电气设备,-5.0,-2.0,3.0,0.3,0.5,0.2447588707622463,0.9819116378864999,0.47030549511468,True,False,0.0385625870130833,0.05120374409223812,,,,,,,0.07161803713527852,0,0.0,none,0.5498308806886332,False,stable,2.0,趋势不可靠-2分(Bootstrap CI过宽: 0.520),,,0,0
300909.SZ,汇创达,元器件,0.8743000000000001,-0.15949163815786696,-0.219,0.7782227648877693,0.04768617347515093,-0.16963881362991362,0.58,40.81016723684266,-0.20083333333333334,-0.6,0.22067136191984693,has_near_zero,has_near_zero,has_near_zero,False,0,True,3,False,0,True,3,0.4270584321631712,0.40143492623338095,0.9680851063829787,moderate,False,False,none,0.26,0.0,-0.29800000000000004,-0.558,0.48196575191209534,1.0,0.8123307720453715,False,none,0.010000000000000009,-0.28,-31.764705882352946,1.7543859649122824,-32.94117647058824,False,元器件,False,2.5964912280701755,True,rising,False,False,0.0,0.4270584321631712,0.6878455761398938,元器件,-5.0,-2.0,3.0,0.3,0.5,-0.10981893589124503,0.7204419719387418,0.018919408859092823,False,False,-0.15949163815786696,0.7782227648877693,,,,,,,0.6067415730337079,0,0.0,none,0.21605830366818735,False,decreasing_vol,59.18983276315734,轻度衰退-3.2分(log斜率-0.159); 持续衰退重罚-10.0分(最新<加权); 单年巨幅下滑-15.0分(年跌-32.9%); 相对加权下滑-10.0分(最新为加权66.3%); 峰值大幅下跌-15分(从1.5跌至0.6，跌幅-60.8%); 连续下跌警示-6分(2年下跌，累计-52.5%),,,0,0
300916.SZ,朗特智能,元器件,1.5852000000000002,-0.2432564371592,-0.476,0.7996755995720157,0.04062263855352556,-0.2080391402991425,1.07,43.10220331909086,-0.41375000000000006,-0.8,0.0864107329737,good,good,good,False,0,True,1,False,0,True,1,0.46943537000872276,0.8111843193750728,1.1400462962962965,stable,False,False,none,-0.41500000000000015,0.0,-0.4099999999999999,0.0050000000000002265,0.15477921099280106,0.9828324139242914,0.4862128808330119,False,none,0.32000000000000006,-1.14,-43.38624338624338,42.66666666666667,-60.317460317460316,False,元器件,False,1.0,False,rising,False,False,0.0,0.46943537000872276,0.5088816293403116,元器件,-5.0,-2.0,3.0,0.3,0.5,-0.23165803826735926,0.4231033781648229,-0.0653358754502748,False,True,-0.2432564371592,0.7996755995720157,,,,,,,0.6067415730337079,0,0.0,none,0.17512840062191393,False,increasing_vol,56.89779668090914,轻度衰退-4.9分(log斜率-0.243); 持续衰退重罚-10.0分(最新<加权); 单年巨幅下滑-15.0分(年跌-60.3%); 相对加权下滑-10.0分(最新为加权67.5%); 加速下滑-0.0分(加速度-0.07); 趋势不可靠-2分(Bootstrap CI过宽: 0.305); 峰值大幅下跌-15分(从2.7跌至1.1，跌幅-60.7%),,,0,0
300919.SZ,中伟股份,电气设备,1.9754,0.14965974809824759,0.27799999999999997,0.3374901995599624,0.3043429262191733,0.17817772791267905,1.58,62.669319533017145,0.5049999999999999,0.4,0.4624327264504764,good,good,good,False,0,True,1,False,0,True,1,0.4358847159626299,0.8246938826012958,1.0993657505285412,volatile,False,False,none,0.8500000000000001,0.0,-0.47,-1.32,0.6477999616788499,0.999584947426674,0.4784146693618252,True,severe,-1.3199999999999998,0.3799999999999999,-37.3015873015873,-45.51724137931034,15.079365079365076,False,电气设备,False,1.0,True,falling,False,False,0.0,0.4358847159626299,0.4820411061034373,电气设备,-5.0,-2.0,3.0,0.3,0.5,-0.2081489881993216,0.5294852714402085,-0.6613609339657177,False,True,0.14965974809824759,0.3374901995599624,,,,,,,0.9866768176627332,1,0.0,cliff_drop,0.3688104474099695,False,stable,52.330680466982855,严重恶化-15分; 单年巨幅下滑-15.0分(年跌-45.5%); 加速下滑-0.3分(加速度-0.66); 贝叶斯高置信度恶化-12分(恶化概率98.7%，严重恶化确认); 趋势不可靠-2分(Bootstrap CI过宽: 0.671); 峰值明显下跌-8分(从2.9跌至1.6，跌幅-45.5%),high_growth,"高速成长(稳健CAGR=50.5%, MK趋势=0.40)",1,0
300922.SZ,天秦装备,专用机械,0.38270000000000004,-0.13449834248330456,-0.151,0.6567216299208615,0.0962481683748735,-0.2304829271135097,0.27,81.0,-0.1375,-0.4,0.4624327264504764,has_near_zero,has_near_zero,has_near_zero,False,0,True,5,False,0,True,5,0.6824669968955936,0.29209587467131404,1.4018691588785048,volatile,False,False,none,-0.3,0.0,0.05,0.35,0.5498872180451128,0.8120300751879698,0.9868421052631581,False,none,0.060000000000000026,0.03999999999999998,58.82352941176471,28.571428571428587,23.52941176470587,False,专用机械,False,1.0,False,rising,False,False,0.0,0.6824669968955936,0.6793069308498082,专用机械,-5.0,-2.0,3.0,0.3,0.5,0.04881551548737274,0.9874790328501963,0.31875491801296907,True,False,-0.13449834248330456,0.6567216299208615,,,,,,,0.07161803713527852,0,0.0,none,0.39317299935808064,False,decreasing_vol,19.0,"趋势不确定预警-4分(Bootstrap CI跨零: [-0.299, 0.049]); 峰值大幅下跌-15分(从0.8跌至0.3，跌幅-64.9%)",,,0,0
300930.SZ,屹通新材,小金属,0.7195,-0.0939220889240577,-0.11499999999999999,0.6499297951264766,0.09939783617102899,-0.11988826320660662,0.51,65.68421052631578,-0.09916666666666665,-0.5,0.3122163883433192,has_near_zero,has_near_zero,has_near_zero,False,0,True,5,False,0,True,5,0.301647613229817,0.22744230037528199,0.6233421750663131,stable,False,False,none,0.13,0.0,-0.182,-0.312,0.5471594677584442,1.0,0.8475946775844421,False,none,0.0,-0.41000000000000003,-44.56521739130435,0.0,-44.56521739130435,False,小金属,True,1.0,True,falling,True,False,0.0,0.301647613229817,0.9032952264596339,小金属,-5.0,-2.0,1.6,0.3,0.24,-0.16676046449808796,0.7499999999999999,-0.1929712930343893,False,False,-0.0939220889240577,0.6499297951264766,,,,,,,0.7941176470588236,0,0.0,none,0.18120564969030067,False,increasing_vol,34.31578947368421,"单年巨幅下滑-15.0分(年跌-44.6%); 贝叶斯中度恶化预警-5分(恶化概率79.4%); 波动率飙升预警-4.3分(近期波动是早期的2.2倍); 趋势不确定预警-4分(Bootstrap CI跨零: [-0.207, 0.036]); 峰值明显下跌-8分(从1.0跌至0.5，跌幅-48.0%); 连续下跌警示-6分(2年下跌，累计-40.0%)",,,0,0
300950.SZ,德固特,专用机械,0.5055000000000001,-0.046967098090537285,-0.05499999999999998,0.15709589118708317,0.508890818852482,-0.06007861573492623,0.64,85.0,-0.06999999999999999,-0.4,0.4624327264504764,has_near_zero,has_near_zero,has_near_zero,False,0,True,5,False,0,True,5,0.41006909467739205,0.21405606742159866,1.0727969348659003,volatile,False,False,none,-0.36999999999999994,0.0,0.039,0.4089999999999999,0.4810238724044338,1.0,0.10522310619162918,False,none,0.38,-0.18,45.45454545454546,146.15384615384613,-40.90909090909091,False,专用机械,False,1.0,False,rising,False,False,0.0,0.41006909467739205,0.46138860907524704,专用机械,-5.0,-2.0,3.0,0.3,0.5,0.08795363934269149,0.2589479794356523,0.24860169382704478,False,False,-0.046967098090537285,0.15709589118708317,,,,,,,0.07161803713527852,0,0.0,none,0.37470353513598603,False,stable,15.0,单年巨幅下滑-15.0分(年跌-40.9%),,,0,0
300953.SZ,震裕科技,电气设备,1.5605000000000002,-0.04785089662460016,-0.025000000000000088,0.023585252324993592,0.8052337307852653,0.07636118646786372,2.51,72.41457726963814,-0.15500000000000008,0.0,1.0,good,good,good,False,0,True,1,False,0,True,1,0.5211360705612147,0.8171413586399846,1.332908163265306,volatile,False,False,none,-0.39,0.0,0.7099999999999999,1.0999999999999999,0.5457768422229577,0.673803898405198,0.4426200719992975,False,none,2.09,-0.6700000000000002,130.27522935779814,497.61904761904765,-61.46788990825689,False,电气设备,True,4.642857142857143,True,rising,False,False,0.0,0.5211360705612147,1.0,电气设备,-5.0,-2.0,3.0,0.3,0.5,0.3536676173749915,0.322072980036472,0.5738353903401159,True,False,-0.04785089662460016,0.023585252324993592,,,,,,,0.07161803713527852,0,0.0,none,0.5205259704967452,False,increasing_vol,27.58542273036186,单年巨幅下滑-15.0分(年跌-61.5%); 周期顶部预警-5分(警惕景气回落); 波动率飙升预警-5.9分(近期波动是早期的2.9倍); 趋势不可靠-2分(Bootstrap CI过宽: 0.864),,,0,0
300962.SZ,中金辐照,医疗保健,0.39157000000000003,0.02446833290143834,0.026059999999999993,0.8208027686283451,0.03411389036768499,0.07327104158353515,0.4124,100.0,0.027049999999999998,1.0,0.02748633611151033,has_near_zero,has_near_zero,has_near_zero,False,0,True,5,False,0,True,5,0.12008765413819002,0.04545798059747045,0.2683996407248903,ultra_stable,False,False,none,0.04865,0.0,0.0021499999999999853,-0.046500000000000014,0.6144107353223783,0.992243888669181,0.9504797806716904,False,none,0.0030000000000000027,0.0012999999999999678,1.0536633178142538,0.7327796775769425,0.31854937515314086,False,医疗保健,False,1.0,False,rising,False,False,0.0,0.12008765413819002,0.22940345664388534,医疗保健,-5.0,-2.0,3.0,0.3,0.5,0.0019891162621429037,0.9505555601946588,-0.04378257247335998,False,False,0.02446833290143834,0.8208027686283451,,,,,,,0.13366336633663367,0,0.0,none,0.050719747232026824,False,decreasing_vol,0.0,,,,0,0
300976.SZ,达瑞电子,元器件,2.5845000000000002,-0.10093754192988676,-0.20199999999999996,0.12784091626005015,0.5546500224040783,-0.17251175958962373,2.56,68.0,-1.1625,-0.6,0.22067136191984693,good,good,good,False,0,True,1,False,0,True,1,0.607567336977281,1.7206306983196598,1.652542372881356,volatile,False,False,none,-1.665,0.0,0.21500000000000008,1.8800000000000001,0.6516621039917776,0.9630351208328027,0.0535859190849724,False,none,1.78,-1.3499999999999999,20.187793427230055,228.2051282051282,-63.38028169014084,False,元器件,False,1.0,False,rising,False,False,0.0,0.607567336977281,0.6193872029151581,元器件,-5.0,-2.0,3.0,0.3,0.5,0.08449034920167764,0.027650100473729983,0.5337764219606421,False,False,-0.26309821269355255,0.4584150619184232,,,,,,,0.07161803713527852,0,0.0,none,0.39620587369382165,False,stable,32.0,单年巨幅下滑-15.0分(年跌-63.4%); 趋势不可靠-2分(Bootstrap CI过宽: 0.819); 峰值大幅下跌-15分(从5.5跌至2.6，跌幅-53.1%),,,0,0
300996.SZ,普联软件,软件服务,0.815041,-0.16099134414807126,-0.21033,0.6373389279190401,0.10536227881423547,-0.16846869386456587,0.6024,46.70395031202743,-0.16469999999999996,-0.6,0.22067136191984693,has_near_zero,has_near_zero,has_near_zero,False,0,True,2,False,0,True,2,0.4600324043133605,0.40397285552373435,1.082629193522673,moderate,False,False,none,-0.16260000000000008,0.0,-0.22972999999999993,-0.06712999999999986,0.17845466731661977,1.0,0.5608429112214594,False,none,0.2931,-0.8122999999999999,-46.291012838801706,94.7623666343356,-72.42332382310984,False,软件服务,False,1.5946541551148077,True,rising,False,False,0.0,0.4600324043133605,0.5806464774659961,软件服务,-5.0,-2.0,3.0,0.3,0.5,-0.19695854711356597,0.351597289858708,-0.1524456100222807,False,True,-0.16099134414807126,0.6373389279190401,,,,,,,0.6067415730337079,0,0.0,none,0.2611667879867158,False,increasing_vol,53.29604968797257,轻度衰退-3.2分(log斜率-0.161); 持续衰退重罚-10.0分(最新<加权); 单年巨幅下滑-15.0分(年跌-72.4%); 加速下滑-0.1分(加速度-0.15); 波动率飙升预警-8.0分(近期波动是早期的5.9倍); 趋势不可靠-2分(Bootstrap CI过宽: 0.357); 峰值大幅下跌-15分(从1.3跌至0.6，跌幅-52.2%),,,0,0
301012.SZ,扬电科技,电气设备,0.5270090000000001,-0.044139024516792635,-0.05226000000000001,0.4917209144797509,0.1870046232133832,-0.10579685831276742,0.4987,69.0,-0.07516250000000005,-0.4,0.4624327264504764,has_near_zero,has_near_zero,has_near_zero,False,0,True,5,False,0,True,5,0.5467618201812692,0.30799093330810895,1.2994851766376707,volatile,False,False,none,-0.08000000000000007,0.0,-0.13359,-0.053589999999999915,0.14195519959232283,1.0,0.27820919851298753,False,none,0.4458,-0.732,-36.46324372531533,842.7221172022684,-93.26028793476875,False,电气设备,False,2.0850046486917257,True,rising,False,False,0.0,0.5467618201812692,0.7154100759705788,电气设备,-5.0,-2.0,3.0,0.3,0.5,-0.12039244932459464,0.1266576822326757,-0.12232198535164684,False,False,-0.10736428609024642,0.3642906877485679,,,,,,,0.6067415730337079,0,0.0,none,0.42854644562568805,False,increasing_vol,31.0,单年巨幅下滑-15.0分(年跌-93.3%); 波动率飙升预警-8.0分(近期波动是早期的7.1倍); 峰值明显下跌-8分(从0.8跌至0.5，跌幅-36.5%),,,0,0
301018.SZ,申菱环境,专用机械,0.5523,-0.06913041755377405,-0.07899999999999999,0.714715439118342,0.07124860760977089,-0.11150530063168984,0.43,65.0,-0.07250000000000001,-0.5,0.3122163883433192,has_near_zero,has_near_zero,has_near_zero,False,0,True,5,False,0,True,5,0.2562161224218509,0.1475804865149861,0.5034722222222221,stable,False,False,none,0.0,0.0,-0.12999999999999998,-0.12999999999999998,0.24171303574058423,0.0,0.6644823066841417,False,none,0.02999999999999997,-0.2899999999999999,-37.68115942028985,7.499999999999993,-42.02898550724637,False,专用机械,False,1.2897196261682242,True,rising,False,False,0.0,0.2562161224218509,0.3769355147599106,专用机械,-5.0,-2.0,3.0,0.3,0.5,-0.11335575270168563,0.6595407068747899,-0.11335575270168563,False,False,-0.06913041755377405,0.714715439118342,,,,,,,0.6067415730337079,0,0.0,none,0.1364532530154105,False,increasing_vol,35.0,"单年巨幅下滑-15.0分(年跌-42.0%); 波动率飙升预警-8.0分(近期波动是早期的8.0倍); 趋势不确定预警-4分(Bootstrap CI跨零: [-0.136, 0.010]); 峰值明显下跌-8分(从0.7跌至0.4，跌幅-37.7%)",,,0,0
301023.SZ,江南奕帆,电气设备,1.6137000000000001,-0.1309383986592642,-0.261,0.4125053625488954,0.2425906048884054,-0.08315655126092025,1.71,83.0,-0.43500000000000005,-0.6,0.22067136191984693,good,good,good,False,0,True,1,False,0,True,1,0.35271855728580376,0.5967997989275801,0.9219858156028368,moderate,False,False,none,-0.5,0.0,0.14500000000000002,0.645,0.50764042721345,0.9779632285826051,0.11261381896089985,False,none,0.85,-0.5599999999999999,20.422535211267608,98.83720930232558,-39.436619718309856,False,电气设备,False,1.0,False,rising,False,False,0.0,0.35271855728580376,0.41550817916197635,电气设备,-5.0,-2.0,3.0,0.3,0.5,0.07816374501532208,0.08338056081599832,0.31193921593271856,False,False,-0.1309383986592642,0.4125053625488954,,,,,,,0.07161803713527852,0,0.0,none,0.2548011419507936,False,stable,17.0,单年巨幅下滑-15.0分(年跌-39.4%); 趋势不可靠-2分(Bootstrap CI过宽: 0.425),,,0,0
301026.SZ,浩通科技,小金属,1.3693170000000001,-0.0667274939681268,-0.10315999999999996,0.6500020401378762,0.09936408429932146,-0.07817395660258852,1.03,79.0,-0.1488,-0.6,0.22067136191984693,good,good,good,False,0,True,1,False,0,True,1,0.4499497185487347,0.6487645011866787,1.127224557169212,volatile,False,False,none,1.1189000000000002,0.0,-0.49135000000000006,-1.6102500000000002,0.655052364402102,1.0,0.7171249834840956,False,none,0.10999999999999999,-0.36760000000000004,-20.006213109661388,11.956521739130432,-28.54923889406648,False,小金属,True,2.7666304347826087,True,rising,True,False,0.0,0.4499497185487347,1.0,小金属,-5.0,-2.0,1.6,0.3,0.24,-0.08421971654286453,0.4447523753003839,-0.043037917731207576,False,False,-0.13418719606086427,0.41442334947077686,,,,,,,0.435483870967742,0,0.0,none,0.36351157249073707,True,decreasing_vol,21.0,"波动聚集提示-2分(大波动后可能跟着大波动); 趋势不确定预警-4分(Bootstrap CI跨零: [-0.110, 0.033]); 峰值大幅下跌-15分(从2.5跌至1.0，跌幅-59.5%)",,,0,0
301028.SZ,东亚机械,专用机械,0.4975,-0.0010895886469115767,-0.0010000000000000176,0.0007430515867495386,0.9652970968336214,0.028196615313359485,0.57,100.0,0.006666666666666654,0.2,0.8064959405073401,has_near_zero,has_near_zero,has_near_zero,False,0,True,5,False,0,True,5,0.14156270467481583,0.07049822692805827,0.3012048192771084,stable,False,False,none,-0.04500000000000001,0.0,0.07499999999999998,0.12,0.4219299501455376,0.4023178807947018,0.7997630331753557,False,none,0.13999999999999996,0.010000000000000009,35.71428571428571,32.558139534883715,2.380952380952383,False,专用机械,False,1.3333333333333335,True,rising,False,False,0.0,0.14156270467481583,0.29102794151763045,专用机械,-5.0,-2.0,3.0,0.3,0.5,0.06719514881395927,0.8011040767099612,0.10799412561717264,True,False,-0.0010895886469115767,0.0007430515867495386,,,,,,,0.07161803713527852,0,0.0,none,0.14152709589430656,False,stable,0.0,,,,0,0
301029.SZ,怡合达,专用机械,0.8905,-0.01749817485190981,-0.02300000000000002,0.045122820713331305,0.7315847692537643,-0.020629638664440786,0.69,64.87281549928682,-0.03500000000000003,-0.3,0.6133543559547467,has_near_zero,has_near_zero,has_near_zero,False,0,True,3,False,0,True,3,0.19224726786335433,0.1734070356127456,0.41019955654102014,stable,False,False,none,0.31000000000000005,0.0,-0.12200000000000004,-0.4320000000000001,0.567822319474836,1.0,0.8142231947483589,True,severe,-0.26,-0.1100000000000001,-34.9056603773585,-27.368421052631582,-10.377358490566046,False,专用机械,False,1.0,False,falling,False,False,0.0,0.19224726786335433,0.2871311476240168,专用机械,-5.0,-2.0,3.0,0.3,0.5,-0.1393575446419345,0.9385539904594197,-0.2543690014263635,False,True,-0.01749817485190981,0.045122820713331305,,,,,,,0.9979383302870978,2,1.6373205741626777,accelerating_decline,0.18797214780493796,False,stable,35.127184500713184,严重恶化-15分; 加速下滑-0.1分(加速度-0.25); 贝叶斯高置信度恶化-12分(恶化概率99.8%，严重恶化确认); 峰值明显下跌-8分(从1.1跌至0.7，跌幅-34.9%),,,0,0
301031.SZ,中熔电气,电气设备,1.9936200000000002,0.18336962637824805,0.38499999999999995,0.7764567472939691,0.04828788869638145,0.26361817592615044,2.83,113.0,0.34234999999999993,0.8,0.0864107329737,good,good,good,False,0,False,0,False,0,False,0,0.3738533693345766,0.7021414900146551,0.9158094264477242,stable,False,False,none,0.25,0.0,0.38594,0.13594,0.18752494743243353,1.0,0.6032792670025092,False,none,1.06,-0.5506000000000002,21.951219512195113,59.887005649717516,-23.726622425234858,False,电气设备,False,1.3110734463276836,True,rising,False,False,0.0,0.3738533693345766,0.47389248831135244,电气设备,-5.0,-2.0,3.0,0.3,0.5,0.0924049151355949,0.18575749387367022,-0.2182973630139478,False,False,0.18336962637824805,0.7764567472939691,,,,,,,0.07161803713527852,0,0.0,none,0.1863110562639683,False,stable,2.0,趋势不可靠-2分(Bootstrap CI过宽: 0.338),high_growth,"高速成长(稳健CAGR=34.2%, MK趋势=0.80)",1,0
301033.SZ,迈普医学,医疗保健,0.8019000000000001,-0.02445663473249111,-0.029999999999999992,0.21478986978866255,0.43177487467893455,0.12468265038069815,1.2,95.44827586206897,0.06,0.2,0.8064959405073401,has_near_zero,has_near_zero,has_near_zero,False,0,True,4,False,0,True,5,0.32723715431026196,0.2552449803620043,0.846153846153846,moderate,False,False,none,-0.10499999999999998,0.0,0.32999999999999996,0.43499999999999994,0.5320782020277626,0.6113678373382623,0.8394141829393627,False,none,0.58,0.07999999999999996,122.22222222222221,93.54838709677419,14.814814814814806,False,医疗保健,False,1.462962962962963,True,rising,False,False,0.0,0.32723715431026196,0.4568514518432713,医疗保健,-5.0,-2.0,3.0,0.3,0.5,0.24963665519532713,0.851682153918788,0.3378603335807809,True,False,0.05067103303701339,0.1748374891338722,,,,,,,0.07161803713527852,0,0.0,none,0.2918673583977717,False,increasing_vol,4.551724137931034,波动率飙升预警-4.6分(近期波动是早期的2.3倍),,,0,0
301039.SZ,中集车辆,汽车整车,0.7074,-0.007058853955072325,-0.008499999999999985,0.050895828429819066,0.7152113736960284,-0.032831789866165306,0.56,35.0,0.015833333333333345,0.2,0.8064959405073401,has_near_zero,has_near_zero,has_near_zero,False,0,True,4,False,0,True,5,0.4371913950434306,0.30166206257996714,1.072463768115942,volatile,False,False,none,-0.044999999999999984,0.0,0.0050000000000000044,0.04999999999999999,0.08194446208069411,0.314766839378238,0.00016956816640289433,True,severe,-0.6599999999999999,0.6699999999999999,1.8181818181818195,-54.0983606557377,121.8181818181818,False,汽车整车,False,2.5416666666666665,True,falling,False,False,0.0,0.4371913950434306,0.6886420049236334,汽车整车,-5.0,-2.0,3.0,0.3,0.5,0.004371812987574442,0.00023034763079672662,0.04304195540406747,False,False,0.042826868493737846,0.08834555136575115,,,,,,,0.8810333106730117,1,0.0,cliff_drop,0.4164996514672463,False,increasing_vol,65.0,严重恶化-15分; 单年巨幅下滑-15.0分(年跌-54.1%); 贝叶斯高置信度恶化-12分(恶化概率88.1%，严重恶化确认); 波动率飙升预警-8.0分(近期波动是早期的5.8倍); 峰值大幅下跌-15分(从1.2跌至0.6，跌幅-54.1%),,,0,0
301041.SZ,金百泽,元器件,0.44258600000000003,-0.07788345617749895,-0.08798,0.698863796653835,0.07774846093420856,-0.14882559978754295,0.37,88.0,-0.09436249999999999,-0.5,0.3122163883433192,has_near_zero,has_near_zero,has_near_zero,False,0,True,5,False,0,True,5,0.3532344632765517,0.16565989858743724,0.8207173013774574,stable,False,False,none,-0.19244999999999998,0.0,0.024999999999999994,0.21744999999999998,0.5645452915041158,0.9605529150411573,0.7500000000000001,False,none,0.0,0.04999999999999999,15.624999999999996,0.0,15.624999999999996,False,元器件,False,1.0,False,falling,False,False,0.0,0.3532344632765517,0.4159209039545747,元器件,-5.0,-2.0,3.0,0.3,0.5,0.023631570611090447,0.7500000000000001,0.19458167158184161,True,False,-0.07788345617749895,0.698863796653835,,,,,,,0.16167664670658682,0,0.0,none,0.19181105832764075,False,decreasing_vol,12.0,"趋势不确定预警-4分(Bootstrap CI跨零: [-0.179, 0.027]); 峰值明显下跌-8分(从0.7跌至0.4，跌幅-47.5%)",,,0,0
301042.SZ,安联锐视,IT设备,1.28812,-0.054854761781088765,-0.08979999999999999,0.4908563580013924,0.1875646914055805,-0.09336063590488941,1.05,59.0,-0.09866666666666665,-0.6,0.22067136191984693,good,good,good,False,0,False,0,False,0,False,0,0.15216915475391093,0.20284452667005834,0.3780888508799568,ultra_stable,False,False,none,-0.03144999999999998,0.0,-0.22055000000000002,-0.18910000000000005,0.2789635347345826,0.033508902766608915,0.9680046714362787,True,severe,-0.29000000000000004,-0.1511,-29.58218764670378,-21.64179104477612,-10.133458520555296,False,IT设备,False,1.2122764227642278,True,falling,False,False,0.0,0.15216915475391093,0.28337218017169247,IT设备,-5.0,-2.0,3.0,0.3,0.5,-0.1367627462744807,0.9580750647882654,-0.1194965875252475,False,False,-0.054854761781088765,0.4908563580013924,,,,,,,0.9951058034640636,2,1.1356766794748954,accelerating_decline,0.10867411698619646,False,stable,41.0,严重恶化-15分; 贝叶斯高置信度恶化-12分(恶化概率99.5%，严重恶化确认); 峰值明显下跌-8分(从1.6跌至1.1，跌幅-32.4%); 连续下跌警示-6分(2年下跌，累计-32.4%),,,0,0
301053.SZ,远信工业,专用机械,0.7469,-0.15552081406451268,-0.197,0.5561520528331746,0.14788069974611187,-0.13625303059226923,0.59,64.88958371870974,-0.19,-0.6,0.22067136191984693,has_near_zero,has_near_zero,has_near_zero,False,0,True,3,False,0,True,3,0.5049338186194786,0.4069766578072998,1.2779156327543424,moderate,False,False,none,0.18999999999999995,0.0,-0.267,-0.45699999999999996,0.34193395594336684,1.0,0.6125800214822771,False,none,0.37,-0.6900000000000001,-35.164835164835175,168.1818181818182,-75.82417582417584,False,专用机械,True,5.681818181818182,True,rising,False,False,0.0,0.5049338186194786,1.0,专用机械,-5.0,-2.0,3.0,0.3,0.5,-0.12802517232647398,0.18207216992918024,-0.07458083579401037,False,False,-0.15552081406451268,0.5561520528331746,,,,,,,0.6067415730337079,0,0.0,none,0.32497560080570154,False,increasing_vol,35.110416281290256,轻度衰退-3.1分(log斜率-0.156); 持续衰退重罚-10.0分(最新<加权); 单年巨幅下滑-15.0分(年跌-75.8%); 波动率飙升预警-4.0分(近期波动是早期的2.0倍); 趋势不可靠-2分(Bootstrap CI过宽: 0.410); 峰值大幅下跌-15分(从1.2跌至0.6，跌幅-52.8%),,,0,0
301065.SZ,本立科技,化学制药,0.8617000000000001,-0.04936914224294007,-0.060999999999999985,0.3778236240641551,0.26991471056063576,-0.2262754152427373,0.62,70.0,-0.23624999999999996,-0.8,0.0864107329737,has_near_zero,has_near_zero,has_near_zero,False,0,True,4,False,0,True,5,0.49926383107477934,0.4693080012102926,1.2446808510638296,moderate,False,False,none,-0.78,0.0,-0.12699999999999997,0.653,0.6605454770755886,1.0,0.7994547707558862,False,none,0.05999999999999994,-0.2799999999999999,-26.190476190476186,10.714285714285703,-33.33333333333333,False,化学制药,False,1.0,False,rising,False,False,0.0,0.49926383107477934,0.5327443981931568,化学制药,-5.0,-2.0,3.0,0.3,0.5,-0.08885014473070413,0.5453112949073216,0.18731626322060796,True,False,-0.17714148338141297,0.813657904305183,,,,,,,0.435483870967742,0,0.0,none,0.2377546524991058,False,decreasing_vol,30.0,单年巨幅下滑-15.0分(年跌-33.3%); 峰值大幅下跌-15分(从1.7跌至0.6，跌幅-64.2%),,,0,0
301086.SZ,鸿富瀚,元器件,2.015,-0.23049457574433144,-0.51,0.7995626235603125,0.04065864273381823,-0.19602185208582423,1.22,35.24649357758821,-0.48916666666666664,-0.8,0.0864107329737,good,good,good,False,0,False,0,False,0,False,0,0.41062542610078334,0.8902359237864983,0.8025830258302582,stable,False,False,none,-0.1399999999999999,0.0,-0.7100000000000001,-0.5700000000000002,0.43701750280903084,0.8546511627906979,0.7288895315211105,False,none,0.040000000000000036,-1.4600000000000002,-53.787878787878796,3.3898305084745797,-55.30303030303031,False,元器件,False,1.0,False,rising,False,False,0.0,0.41062542610078334,0.46183367421396004,元器件,-5.0,-2.0,3.0,0.3,0.5,-0.33464637628077387,0.7213445356391994,-0.2872298150503251,False,True,-0.23049457574433144,0.7995626235603125,,,,,,,0.6067415730337079,0,0.0,none,0.17397922338386132,False,increasing_vol,64.75350642241179,轻度衰退-4.6分(log斜率-0.230); 持续衰退重罚-10.0分(最新<加权); 单年巨幅下滑-15.0分(年跌-55.3%); 相对加权下滑-10.0分(最新为加权60.5%); 加速下滑-0.1分(加速度-0.29); 波动率飙升预警-8.0分(近期波动是早期的5.4倍); 趋势不可靠-2分(Bootstrap CI过宽: 0.384); 峰值大幅下跌-15分(从2.9跌至1.2，跌幅-58.2%),,,0,0
301087.SZ,可孚医疗,医疗保健,2.0439060000000002,-0.24205827967054178,-0.6155800000000001,0.72015445701432,0.06907556123813097,-0.18877743685466497,1.53,66.15883440658916,-0.5603625000000001,-0.6,0.22067136191984693,good,good,good,False,0,False,0,False,0,False,0,0.5077456706968343,1.1315518468015509,1.0288614274560484,moderate,False,False,none,-1.0414500000000002,0.0,0.040000000000000036,1.0814500000000002,0.5696021332791389,0.8011959824668704,0.07132243684992584,False,none,0.29000000000000004,-0.20999999999999996,5.51724137931035,23.38709677419355,-14.482758620689653,False,医疗保健,False,1.0,False,rising,False,False,0.0,0.5077456706968343,0.5395298698908008,医疗保健,-5.0,-2.0,3.0,0.3,0.5,0.02229275437718603,0.06399749584531347,0.42630045876091416,False,False,-0.24205827967054178,0.72015445701432,,,,,,,0.13366336633663367,0,0.0,none,0.25896125863897856,False,decreasing_vol,33.841165593410835,"轻度衰退-4.8分(log斜率-0.242); 持续衰退重罚-10.0分(最新<加权); 趋势不确定预警-4分(Bootstrap CI跨零: [-0.493, 0.022]); 峰值大幅下跌-15分(从3.5跌至1.5，跌幅-56.7%)",,,0,0
301095.SZ,广立微,半导体,0.5162,0.03068144612313578,0.03400000000000001,0.10639675446400472,0.5921750504232954,0.04146641284934427,0.4,47.84241575188873,0.04749999999999998,0.2,0.8064959405073401,has_near_zero,has_near_zero,has_near_zero,False,0,True,5,False,0,True,5,0.3341031693123187,0.16905620367203328,0.7707509881422924,moderate,False,False,none,0.19499999999999998,0.0,-0.16499999999999998,-0.36,0.5551678557834808,0.8961115475255301,0.9355670103092781,True,severe,-0.24,-0.08999999999999997,-45.20547945205479,-37.5,-12.328767123287667,False,半导体,False,1.0,True,falling,False,False,0.0,0.3341031693123187,0.40061586878318833,半导体,-5.0,-2.0,3.0,0.3,0.5,-0.1435175060800603,0.9279463500906124,-0.3151684962225372,False,True,0.03068144612313578,0.10639675446400472,,,,,,,0.9990858038396239,2,2.0416666666666674,accelerating_decline,0.31676087597071667,False,stable,52.15758424811127,严重恶化-15分; 单年巨幅下滑-15.0分(年跌-37.5%); 加速下滑-0.2分(加速度-0.32); 贝叶斯高置信度恶化-12分(恶化概率99.9%，严重恶化确认); 趋势不可靠-2分(Bootstrap CI过宽: 0.327); 峰值明显下跌-8分(从0.7跌至0.4，跌幅-45.2%),,,0,0
301099.SZ,雅创电子,元器件,1.2457,-0.028347008880060188,-0.041,0.022384872321784877,0.8102164249652551,0.04926820457229164,1.2,75.0,-0.023750000000000014,0.0,1.0,has_near_zero,has_near_zero,has_near_zero,False,0,True,2,False,0,True,2,0.38351544814845373,0.4824624337707548,1.0015898251192368,volatile,False,False,none,0.47,0.0,-0.365,-0.835,0.5074172501726405,0.997591449646244,0.33286832680936124,False,none,0.5299999999999999,-1.2599999999999998,-37.82383419689119,79.10447761194028,-65.28497409326424,False,元器件,False,2.880597014925373,True,rising,False,False,0.0,0.38351544814845373,0.6908919605088126,元器件,-5.0,-2.0,3.0,0.3,0.5,-0.19795592658821026,0.2550264618827884,-0.4667560141726191,False,False,-0.028347008880060188,0.022384872321784877,,,,,,,0.6067415730337079,0,0.0,none,0.3800376272796173,False,increasing_vol,25.0,单年巨幅下滑-15.0分(年跌-65.3%); 趋势不可靠-2分(Bootstrap CI过宽: 0.622); 峰值明显下跌-8分(从1.9跌至1.2，跌幅-37.8%),,,0,0
301106.SZ,骏成科技,元器件,1.115955,-0.06264493868615825,-0.09445000000000002,0.5292831074366231,0.16358360562359903,-0.05521239346227813,0.9394,79.0,-0.1161166666666667,-0.6,0.22067136191984693,has_near_zero,has_near_zero,has_near_zero,False,0,True,2,False,0,True,2,0.18035862219150026,0.2097895421607093,0.4326071631217869,stable,False,False,none,0.26360000000000006,0.0,-0.18099000000000004,-0.4445900000000001,0.582119723738154,1.0,0.9320172373815405,False,none,-0.037899999999999934,-0.3003000000000001,-26.471509079524107,-3.878031310754112,-23.505009392611154,False,元器件,False,1.0,True,falling,False,False,0.0,0.18035862219150026,0.27762023108653355,元器件,-5.0,-2.0,3.0,0.3,0.5,-0.1134259529019328,0.8389945809738978,-0.14455580884685015,False,False,-0.06264493868615825,0.5292831074366231,,,,,,,0.49090909090909096,0,-0.835012560685333,none,0.12667165425638222,False,stable,21.0,"趋势不确定预警-4分(Bootstrap CI跨零: [-0.155, 0.050]); 峰值明显下跌-8分(从1.4跌至0.9，跌幅-34.9%); 连续下跌警示-9分(3年下跌，累计-20.3%)",,,0,0
301121.SZ,紫建电子,电气设备,1.1469,-0.22169672203455776,-0.377,0.48068637147812227,0.19422616942707507,-0.15628961430663724,1.13,60.566065559308846,-0.355,-0.6,0.22067136191984693,has_near_zero,has_near_zero,has_near_zero,False,0,True,2,False,0,True,2,0.6317879064051228,0.7960527620704547,1.507936507936508,volatile,False,False,none,-0.76,0.0,0.20999999999999996,0.97,0.6118977920183234,0.9035824164363562,0.27539550374687766,False,none,0.7999999999999998,-0.37999999999999995,59.15492957746478,242.42424242424235,-53.52112676056338,False,电气设备,False,1.0,False,rising,False,False,0.0,0.6317879064051228,0.6387636584574315,电气设备,-5.0,-2.0,3.0,0.3,0.5,0.15476884509074784,0.2293964059327138,0.5953514777743971,False,False,-0.22169672203455776,0.48068637147812227,,,,,,,0.07161803713527852,0,0.0,none,0.41874199713700644,False,stable,39.433934440691154,轻度衰退-4.4分(log斜率-0.222); 持续衰退重罚-10.0分(最新<加权); 单年巨幅下滑-15.0分(年跌-53.5%); 趋势不可靠-2分(Bootstrap CI过宽: 0.720); 峰值明显下跌-8分(从2.2跌至1.1，跌幅-49.3%),,,0,0
301128.SZ,强瑞技术,专用机械,0.948117,0.003865205992877241,0.010590000000000021,0.0006755829313638806,0.9669097121644046,0.0328694563158658,1.3202,98.0,-0.03359999999999999,0.0,1.0,has_near_zero,has_near_zero,has_near_zero,False,0,True,3,False,0,True,3,0.33617397701030255,0.31766423783611525,0.8457679852689061,moderate,False,False,none,-0.31949999999999995,0.0,0.3996,0.7191,0.6332582997732329,0.9488393601298825,0.9455436376024468,False,none,0.5657000000000001,0.23349999999999993,153.39731285988483,74.97680583167663,44.8176583493282,False,专用机械,False,1.0,False,rising,False,False,0.0,0.33617397701030255,0.40227251494157534,专用机械,-5.0,-2.0,3.0,0.3,0.5,0.29539594808397274,0.9642137594562606,0.5404940726613787,True,False,0.003865205992877241,0.0006755829313638806,,,,,,,0.07161803713527852,0,0.0,none,0.3357066387359724,False,stable,2.0,趋势不可靠-2分(Bootstrap CI过宽: 0.555),,,0,0
301130.SZ,西点药业,化学制药,0.62746,-0.06918736237874451,-0.08404,0.6752689021627813,0.08788614306741502,-0.10900291609605217,0.5173,75.0,-0.09178750000000001,-0.6,0.22067136191984693,has_near_zero,has_near_zero,has_near_zero,False,0,True,5,False,0,True,5,0.24124581378572524,0.16150924741326733,0.5094999103782041,stable,False,False,none,-0.14744999999999997,0.0,-0.004300000000000026,0.14314999999999994,0.1504389802197097,0.6557335117089401,0.005161425993972351,True,moderate,-0.10770000000000002,0.09909999999999997,-1.6352918805856727,-17.232000000000003,18.843886670469665,False,化学制药,False,1.4103441718957976,True,falling,False,False,0.0,0.24124581378572524,0.38104254061468656,化学制药,-5.0,-2.0,3.0,0.3,0.5,-0.0038125290410327417,0.005390387478580645,0.11847315181110935,False,False,-0.06918736237874451,0.6752689021627813,,,,,,,0.9025069637883009,1,0.0,single_year_drop,0.13713105334199896,False,decreasing_vol,25.0,"中度恶化-10分; 贝叶斯恶化预警-8分(恶化概率90.3%); 趋势不确定预警-4分(Bootstrap CI跨零: [-0.141, 0.009]); 峰值明显下跌-8分(从0.9跌至0.5，跌幅-39.7%)",,,0,0
301132.SZ,满坤科技,元器件,0.8280000000000001,-0.07169350468374498,-0.09600000000000002,0.966839106873903,0.002588838648449821,-0.09847764654762137,0.72,73.0,-0.10125,-1.0,0.02748633611151033,has_near_zero,has_near_zero,has_near_zero,False,0,True,4,False,0,True,4,0.17659046214933552,0.1546932448428179,0.4223744292237444,ultra_stable,False,False,none,-0.11000000000000004,0.0,-0.07500000000000001,0.03500000000000003,0.37001619282361387,0.9891008174386922,0.8479899497487439,False,none,-0.020000000000000018,-0.13,-17.241379310344833,-2.7027027027027053,-14.942528735632186,False,元器件,False,1.0,False,falling,False,False,0.0,0.17659046214933552,0.27460570305280174,元器件,-5.0,-2.0,3.0,0.3,0.5,-0.05871347527350196,0.8509579087352833,0.019887650381275213,False,False,-0.07169350468374498,0.966839106873903,,,,,,,0.49090909090909096,0,-0.819126819126819,none,0.03405578513738885,False,stable,27.0,高置信度衰退-3分(Bootstrap CI确认下行); 峰值明显下跌-8分(从1.1跌至0.7，跌幅-33.9%); 智能连续下跌-16分(4年实质性下跌，累计跌幅-33.9%),,,0,0
301138.SZ,华研精机,专用机械,0.8015,-0.0401571929680307,-0.05300000000000001,0.21404518961211708,0.4326823103625746,-0.008734460963645274,0.84,100.0,-0.07499999999999998,-0.4,0.4624327264504764,has_near_zero,has_near_zero,has_near_zero,False,0,True,4,False,0,True,4,0.21896238518665884,0.1813008549345535,0.567632850241546,stable,False,False,none,-0.08500000000000002,0.0,0.07,0.15500000000000003,0.20868881605068762,0.17928039702233245,0.42857142857142877,False,none,0.20999999999999996,-0.06999999999999995,20.000000000000004,33.33333333333333,-9.999999999999993,False,专用机械,False,1.7460317460317463,True,rising,False,False,0.0,0.21896238518665884,0.40797414095355994,专用机械,-5.0,-2.0,3.0,0.3,0.5,0.05546632781911026,0.4163168662984694,0.12233363342857428,False,False,-0.0401571929680307,0.21404518961211708,,,,,,,0.07161803713527852,0,0.0,none,0.19416857136471255,False,decreasing_vol,0.0,,,,0,0
301158.SZ,德石股份,专用机械,0.5855,0.0043753934555345155,0.004999999999999993,0.11773680366084983,0.5718469484164118,0.060351202603818654,0.67,94.0,0.02750000000000001,0.6,0.22067136191984693,has_near_zero,has_near_zero,has_near_zero,False,0,True,5,False,0,True,5,0.1059916313473208,0.06041522986797286,0.2631578947368421,ultra_stable,False,False,none,-0.0050000000000000044,0.0,0.07500000000000001,0.08000000000000002,0.4253984962406015,0.10714285714285712,0.9868421052631579,False,none,0.09000000000000008,0.05999999999999994,28.84615384615385,15.51724137931036,11.538461538461526,False,专用机械,False,1.0576923076923077,True,rising,False,False,0.0,0.1059916313473208,0.2258189461034977,专用机械,-5.0,-2.0,3.0,0.3,0.5,0.0644440200226552,0.9888122903839711,0.0688710044498374,False,False,0.026618725598069624,0.6587224716494571,,,,,,,0.07161803713527852,0,0.0,none,0.0619648526752609,True,increasing_vol,5.999999999999996,波动率飙升预警-6.0分(近期波动是早期的3.0倍),,,0,0
301162.SZ,国能日新,软件服务,0.9690000000000001,-0.03001008654745422,-0.04200000000000002,0.4504212601360118,0.21487358174181778,-0.02021244139780043,0.94,100.0,-0.050833333333333355,-0.4,0.4624327264504764,has_near_zero,has_near_zero,has_near_zero,False,0,True,2,False,0,True,2,0.09973948312187632,0.09874208829065755,0.26262626262626276,ultra_stable,False,False,none,0.09000000000000008,0.0,-0.06900000000000005,-0.15900000000000014,0.365297552564245,1.0,0.6285148514851489,False,none,0.08999999999999997,-0.18000000000000005,-8.73786407766991,10.588235294117645,-17.47572815533981,False,软件服务,False,1.3058823529411767,True,rising,False,False,0.0,0.09973948312187632,0.25390923355632466,软件服务,-5.0,-2.0,3.0,0.3,0.5,-0.03206196035906905,0.23886844626197473,-0.03555358342944026,False,False,-0.03001008654745422,0.4504212601360118,,,,,,,0.2783505154639176,0,0.0,none,0.07381343800583887,False,increasing_vol,0.0,,,,0,0
301183.SZ,东田微,元器件,0.5025999999999999,-0.21222555619739047,-0.258,0.3211353205171279,0.31920313642810016,,0.7,75.0,-0.315,-0.6,0.22067136191984693,has_loss,has_loss,has_loss,True,1,True,3,True,1,True,3,1.1646548533652796,0.6754998149518621,2.7931034482758625,high_volatility,False,False,none,-0.48,0.0,0.22499999999999998,0.705,0.4610506817363924,0.7966804979253111,0.16241578440808468,False,none,1.1099999999999999,-0.6599999999999999,179.99999999999997,270.73170731707313,-263.99999999999994,False,元器件,False,1.0,False,rising,False,False,0.0,1.1646548533652796,1.0,元器件,-5.0,-2.0,3.0,0.3,0.5,0.20260005226754613,0.14580230633111924,0.5900464563122487,False,False,-0.21222555619739047,0.3211353205171279,,,,,,,0.07161803713527852,0,0.0,none,0.9283005837769716,False,increasing_vol,25.0,单年巨幅下滑-15.0分(年跌-264.0%); 趋势不可靠-2分(Bootstrap CI过宽: 0.900); 峰值明显下跌-8分(从1.2跌至0.7，跌幅-42.1%),,,0,0
301185.SZ,鸥玛软件,软件服务,0.48725000000000007,-0.01254613083261701,-0.014000000000000002,0.799976784039434,0.04052671649166535,-0.034792938604265466,0.46,87.08087055310521,-0.02624999999999999,-0.4,0.4624327264504764,has_near_zero,has_near_zero,has_near_zero,False,0,True,5,False,0,True,5,0.26094958288729947,0.12969194269498782,0.7243460764587526,moderate,False,False,none,-0.10500000000000001,0.0,0.07,0.17500000000000002,0.178906454531007,0.3371559633027523,0.5714285714285715,True,moderate,-0.034999999999999976,0.175,43.75000000000001,-7.0707070707070665,54.6875,False,软件服务,False,1.8359375,True,falling,False,False,0.0,0.26094958288729947,0.45355133297650624,软件服务,-5.0,-2.0,3.0,0.3,0.5,0.06518788956444604,0.5765087530959734,0.1617411062104346,True,False,-0.028493105514561978,0.15138863003578001,,,,,,,0.4807121661721069,1,0.0,single_year_drop,0.23959191318597184,False,decreasing_vol,12.919129446894782,中度恶化-10分; 峰值明显下跌-8分(从0.7跌至0.5，跌幅-32.4%),,,0,0
301186.SZ,超达装备,专用机械,1.1625,0.042772718358477846,0.06500000000000003,0.24490195354512653,0.3966621812692617,0.022168545092816627,1.31,100.0,0.05333333333333333,0.5,0.3122163883433192,has_near_zero,has_near_zero,has_near_zero,False,0,True,2,False,0,True,2,0.17951736969115747,0.20285462775100796,0.3805309734513274,stable,False,False,none,-0.31999999999999995,0.0,0.165,0.485,0.5828968291528632,1.0,0.8589682915286321,False,none,0.0,0.3600000000000001,37.894736842105274,0.0,37.894736842105274,False,专用机械,False,1.0,False,falling,False,False,0.0,0.17951736969115747,0.27694722908625935,专用机械,-5.0,-2.0,3.0,0.3,0.5,0.11948038506948289,0.7500000000000003,0.20468060363946528,True,False,0.042772718358477846,0.24490195354512653,,,,,,,0.16167664670658682,0,0.0,none,0.1547724109061301,False,stable,0.0,,,,0,0
301195.SZ,北路智控,软件服务,1.9285,-0.04385767949364246,-0.09100000000000001,0.11999967230264659,0.5679247251292981,-0.028665857667993677,1.54,47.782398454299326,-0.10874999999999996,-0.4,0.4624327264504764,good,good,good,False,0,False,0,False,0,False,0,0.232880662644551,0.45970642806034373,0.5623100303951366,moderate,False,False,none,0.45999999999999996,0.0,-0.5549999999999999,-1.015,0.6857846295160244,0.9960772006904126,0.8617690944698312,True,severe,-0.16999999999999993,-0.94,-41.886792452830186,-9.941520467836254,-35.471698113207545,False,软件服务,False,1.0,True,falling,False,False,0.0,0.232880662644551,0.31963786344897416,软件服务,-5.0,-2.0,3.0,0.3,0.5,-0.2423974647085375,0.8824062500281403,-0.43520309140135494,False,True,-0.04385767949364246,0.11999967230264659,,,,,,,0.9507042253521126,2,-0.7197337314918503,sustained_decline,0.22117988495268956,False,stable,52.217601545700674,严重恶化-15分; 单年巨幅下滑-15.0分(年跌-35.5%); 加速下滑-0.2分(加速度-0.44); 贝叶斯高置信度恶化-12分(恶化概率95.1%，严重恶化确认); 趋势不可靠-2分(Bootstrap CI过宽: 0.461); 峰值明显下跌-8分(从2.6跌至1.5，跌幅-41.9%),,,0,0
301196.SZ,唯科科技,专用机械,1.6096,-0.030368559022499908,-0.05916000000000003,0.08784373132434871,0.628231714842244,0.007968298951703812,1.7729,98.0,-0.039108333333333384,0.0,1.0,good,good,good,False,0,False,0,False,0,False,0,0.1895492145934265,0.3107052815772529,0.45107919813565317,stable,False,False,none,-0.20389999999999997,0.0,0.23159999999999992,0.4354999999999999,0.390204146070679,0.30311035217052873,0.8094967402946824,False,none,0.4261999999999999,0.03699999999999992,35.36687791097196,31.64773149179475,2.8250744445292755,False,专用机械,False,1.5645567687256623,True,rising,False,False,0.0,0.1895492145934265,0.36024694083816283,专用机械,-5.0,-2.0,3.0,0.3,0.5,0.1264260975033239,0.8154565035335343,0.23908013296851116,True,False,-0.030368559022499908,0.08784373132434871,,,,,,,0.07161803713527852,0,0.0,none,0.18075526274705062,False,decreasing_vol,2.0,趋势不可靠-2分(Bootstrap CI过宽: 0.350),,,0,0
301197.SZ,工大科雅,软件服务,0.5838,-0.09482511323916848,-0.11400000000000002,0.5569191982136935,0.1474447456983897,-0.12450843188652327,0.47,81.0,-0.09625000000000003,-0.3,0.6133543559547467,has_near_zero,has_near_zero,has_near_zero,False,0,True,5,False,0,True,5,0.3919399826109909,0.24221890925359235,0.8899676375404529,moderate,False,False,none,-0.2,0.0,0.034999999999999976,0.235,0.2776565503427241,0.4948453608247424,0.7500000000000001,False,none,0.0,0.06999999999999995,17.49999999999999,0.0,17.49999999999999,False,软件服务,False,2.3749999999999996,True,falling,False,False,0.0,0.3919399826109909,0.6302186527554594,软件服务,-5.0,-2.0,3.0,0.3,0.5,0.032092019571119734,0.7500000000000001,0.20340848770846753,True,False,-0.09482511323916848,0.5569191982136935,,,,,,,0.16167664670658682,0,0.0,none,0.26181609799586897,False,decreasing_vol,19.0,"趋势不确定预警-4分(Bootstrap CI跨零: [-0.233, 0.037]); 峰值大幅下跌-15分(从0.9跌至0.5，跌幅-50.5%)",,,0,0
301199.SZ,迈赫股份,专用机械,0.509829,-0.0988477585100841,-0.11917,0.2583809582884046,0.3818626511247384,-0.10054624059630712,0.646,90.0,-0.17005,-0.4,0.4624327264504764,has_near_zero,has_near_zero,has_near_zero,False,0,True,5,False,0,True,5,0.644769308735182,0.3517732394597406,1.5136185344037538,volatile,False,False,none,-0.4129,0.0,0.2424,0.6553,0.6097381808725723,0.9591449326134317,0.8276368761122908,False,none,0.43400000000000005,0.050799999999999984,300.74441687344915,204.7169811320755,31.51364764267989,False,专用机械,False,1.0,False,rising,False,False,0.0,0.644769308735182,0.6491487803214789,专用机械,-5.0,-2.0,3.0,0.3,0.5,0.22367878879071174,0.8325560784726824,0.5794994696608962,True,False,-0.0988477585100841,0.2583809582884046,,,,,,,0.07161803713527852,0,0.0,none,0.5444725703962028,False,decreasing_vol,10.0,趋势不可靠-2分(Bootstrap CI过宽: 0.599); 峰值明显下跌-8分(从1.0跌至0.6，跌幅-34.5%),,,0,0
301200.SZ,大族数控,专用机械,0.9043000000000001,-0.06106627603727941,-0.07249999999999998,0.18708183266930842,0.4669750146028056,-0.04064710006335803,0.72,80.0,-0.17083333333333334,-0.4,0.4624327264504764,has_near_zero,has_near_zero,has_near_zero,False,0,True,3,False,0,True,4,0.590365875182568,0.5655705084249001,1.5970772442588728,volatile,False,False,none,1.0,0.0,-0.41200000000000003,-1.412,0.6501271873498973,1.0,0.6709779429203889,False,none,0.39999999999999997,-0.73,-31.428571428571434,124.99999999999997,-69.52380952380952,False,专用机械,True,5.78125,True,rising,False,False,0.0,0.590365875182568,1.0,专用机械,-5.0,-2.0,3.0,0.3,0.5,-0.12365825255993762,0.1672888034084045,-0.1961849018171113,False,False,-0.12642186615736897,0.26791256972420213,,,,,,,0.6067415730337079,0,0.0,none,0.5111279715451273,True,decreasing_vol,20.0,单年巨幅下滑-15.0分(年跌-69.5%); 波动聚集提示-2分(大波动后可能跟着大波动); 趋势不可靠-2分(Bootstrap CI过宽: 0.401); 峰值大幅下跌-15分(从1.9跌至0.7，跌幅-61.1%),,,0,0
301221.SZ,光庭信息,软件服务,0.43953000000000003,-0.22817449858700306,-0.26730000000000004,0.6167828529544174,0.11545484516456989,,0.322,53.43651002825994,-0.29793333333333333,-0.7,0.12955135290440883,has_loss,has_loss,has_loss,True,1,True,3,True,1,True,3,1.010887270553571,0.525378332252102,2.3416455014238435,high_volatility,False,False,none,-0.3532,0.0,-0.010800000000000004,0.34240000000000004,0.3231600249913518,0.7500000000000001,0.00139884091926299,False,none,0.489,-0.5106,-6.286379511059373,292.814371257485,-148.60302677532016,False,软件服务,False,1.0,False,rising,False,False,0.0,1.010887270553571,0.9420431497761901,软件服务,-5.0,-2.0,3.0,0.3,0.5,-0.010247292328945778,0.001293600143474582,0.2793106440030681,False,False,-0.22817449858700306,0.6167828529544174,,,,,,,0.2783505154639176,0,0.0,none,0.600493335125854,False,stable,46.56348997174006,轻度衰退-4.6分(log斜率-0.228); 持续衰退重罚-10.0分(最新<加权); 单年巨幅下滑-15.0分(年跌-148.6%); 趋势不可靠-2分(Bootstrap CI过宽: 0.547); 峰值大幅下跌-15分(从1.1跌至0.3，跌幅-69.3%),,,0,0
301222.SZ,浙江恒威,电气设备,1.24938,0.0037492822258056837,0.006000000000000005,0.03206991780162131,0.7732119531589282,0.003913969125180383,1.29,100.0,0.007500000000000007,0.2,0.8064959405073401,good,good,good,False,0,False,0,False,0,False,0,0.04224613952091021,0.05265474337607207,0.0897800028883648,ultra_stable,False,False,none,-0.09000000000000008,0.0,0.02381000000000002,0.1138100000000001,0.29784355610840324,1.0,0.272747068076341,False,none,0.09000000000000008,-0.09190000000000009,-0.14707020667234405,7.500000000000007,-7.113553680625443,False,电气设备,False,1.0856302521008405,True,rising,False,False,0.0,0.04224613952091021,0.17854761189684026,电气设备,-5.0,-2.0,3.0,0.3,0.5,-0.0005817663613703061,0.00031298847805031525,-0.007320006701998727,False,False,0.0037492822258056837,0.03206991780162131,,,,,,,0.2783505154639176,0,0.0,none,0.04155479792228657,False,stable,0.0,,,,0,0
301235.SZ,华康洁净,医疗保健,0.8629200000000001,-0.006440854024239684,-0.007840000000000003,0.004309644906634557,0.9164745919673931,-0.013128926192502832,0.63,35.867225211320175,-0.006775000000000003,-0.2,0.8064959405073401,has_near_zero,has_near_zero,has_near_zero,False,0,True,3,False,0,True,3,0.23244972495071178,0.20149671957627502,0.46144617230400076,moderate,False,False,none,0.3658,0.0,-0.11699999999999999,-0.4828,0.5581805266711681,1.0,0.6162052667116812,True,severe,-0.39,0.030000000000000027,-36.36363636363637,-38.235294117647065,3.030303030303033,False,医疗保健,False,1.0353535353535352,True,falling,False,False,0.0,0.23244972495071178,0.32400691800770753,医疗保健,-5.0,-2.0,3.0,0.3,0.5,-0.13995295044252626,0.6936008756642579,-0.2655495773596389,False,True,-0.006440854024239684,0.004309644906634557,,,,,,,0.9866768176627332,1,0.0,cliff_drop,0.2320094269410123,False,stable,64.13277478867982,复合恶化-14.0分(触发2项恶化信号); 严重恶化-15分; 单年巨幅下滑-15.0分(年跌-38.2%); 加速下滑-0.1分(加速度-0.27); 贝叶斯高置信度恶化-12分(恶化概率98.7%，严重恶化确认); 峰值明显下跌-8分(从1.0跌至0.6，跌幅-38.8%),,,0,0
301257.SZ,普蕊斯,医疗保健,1.4644000000000001,0.004237479688983648,0.007000000000000006,0.12499999999999997,0.559404344163488,0.14334334781455094,1.35,43.64285714285714,0.21000000000000002,0.7,0.12955135290440883,good,good,good,False,0,True,1,False,0,False,0,0.3735434621052373,0.5237079338715427,1.0342368045649075,moderate,False,False,none,0.28,0.0,0.0,-0.28,0.22070939252894153,0.8421052631578948,0.0,True,severe,-0.8900000000000001,0.8900000000000001,0.0,-39.73214285714286,65.92592592592594,False,医疗保健,False,1.0,True,falling,False,False,0.0,0.3735434621052373,0.4321681030175232,医疗保健,-5.0,-2.0,3.0,0.3,0.5,0.0,0.0,-0.1918659663341608,False,False,0.12473552392059448,0.4570240380216372,,,,,,,0.9487554904831625,1,0.0,cliff_drop,0.2907032422141726,False,increasing_vol,56.35714285714286,严重恶化-15分; 单年巨幅下滑-15.0分(年跌-39.7%); 贝叶斯高置信度恶化-12分(恶化概率94.9%，严重恶化确认); 波动率飙升预警-6.4分(近期波动是早期的3.2倍); 峰值明显下跌-8分(从2.2跌至1.4，跌幅-39.7%),,,0,0
301272.SZ,英华特,专用机械,1.426,0.04441747522644505,0.076,0.1999494209887228,0.4502492600394323,0.012172625843879903,1.27,86.89610471274625,0.10166666666666661,0.4,0.4624327264504764,good,good,good,False,0,False,0,False,0,False,0,0.1969377471270304,0.2733495930123182,0.4610951008645533,stable,False,False,none,0.19500000000000006,0.0,-0.16500000000000004,-0.3600000000000001,0.416395776478222,0.5672550969666834,0.4514925373134331,True,moderate,-0.48,0.1499999999999999,-20.625000000000004,-27.42857142857143,9.374999999999995,False,专用机械,False,1.5765765765765765,True,falling,False,False,0.0,0.1969377471270304,0.3677604079118345,专用机械,-5.0,-2.0,3.0,0.3,0.5,-0.09447854537338596,0.4768764297257599,-0.20779057450748983,False,True,0.04441747522644505,0.1999494209887228,,,,,,,0.9487554904831625,1,0.0,single_year_drop,0.17688750477722087,False,stable,13.103895287253746,中度恶化-10分; 加速下滑-0.1分(加速度-0.21); 贝叶斯恶化预警-8分(恶化概率94.9%),,,0,0
301275.SZ,汉朔科技,元器件,1.0344,0.3672525121821291,0.508,0.8176574218083678,0.035054497382006784,,1.87,113.0,0.5433333333333334,0.8,0.0864107329737,has_loss,has_loss,has_loss,True,1,True,3,True,1,True,3,1.0031739368439556,0.8847994122963689,2.142857142857143,volatile,False,False,none,-0.25,0.0,0.6900000000000001,0.9400000000000001,0.6795541709934233,1.0,0.9155417099342332,False,none,0.09000000000000008,1.23,240.0,5.056179775280904,223.63636363636363,False,元器件,False,1.0,False,rising,False,False,0.0,1.0031739368439556,0.9358724828084979,元器件,-5.0,-2.0,3.0,0.3,0.5,0.4292292632812867,0.7876872101932965,0.280498525243321,False,False,0.3672525121821291,0.8176574218083678,,,,,,,0.07161803713527852,0,0.0,none,0.4207403404335142,False,increasing_vol,2.0,趋势不可靠-2分(Bootstrap CI过宽: 0.605),high_growth,"高速成长(稳健CAGR=54.3%, MK趋势=0.80)",1,0
301280.SZ,珠城科技,元器件,2.0364999999999998,-0.04567543296300145,-0.09700000000000006,0.27338266952321294,0.3659913927177782,-0.02675571126431464,1.92,77.0,-0.1891666666666667,-0.4,0.4624327264504764,good,good,good,False,0,False,0,False,0,False,0,0.2255124847493772,0.47898851760767713,0.6167608286252355,stable,False,False,none,0.6699999999999999,0.0,-0.342,-1.012,0.5917963478483588,1.0,0.6374754741661217,False,none,0.41999999999999993,-0.75,-14.66666666666667,27.999999999999996,-33.33333333333333,False,元器件,False,1.8733333333333333,True,rising,False,False,0.0,0.2255124847493772,0.43018776557727956,元器件,-5.0,-2.0,3.0,0.3,0.5,-0.07144143667834058,0.15959410777452473,-0.09424647274705134,False,False,-0.07563693341459539,0.33924321634906784,,,,,,,0.2783505154639176,0,0.0,none,0.1840785010319049,False,stable,23.0,单年巨幅下滑-15.0分(年跌-33.3%); 峰值明显下跌-8分(从2.8跌至1.9，跌幅-31.7%),,,0,0
301282.SZ,金禄电子,元器件,0.6716000000000001,-0.05863630306091026,-0.068,0.12567343326038236,0.5582717967231804,-0.01681271107585791,0.57,70.3668384580946,-0.05666666666666668,-0.2,0.8064959405073401,has_near_zero,has_near_zero,has_near_zero,False,0,True,4,False,0,True,4,0.46258577502076526,0.3201093563143696,1.2138728323699421,volatile,False,False,none,0.25500000000000006,0.0,-0.2750000000000001,-0.5300000000000001,0.45460314312557687,0.9988479262672809,0.415445889031313,False,none,0.2899999999999999,-0.8400000000000001,-49.10714285714287,103.57142857142854,-75.0,False,元器件,False,4.0,True,rising,False,False,0.0,0.46258577502076526,0.9034019533499456,元器件,-5.0,-2.0,3.0,0.3,0.5,-0.2104015894336529,0.3686928530599445,-0.40357798577159393,False,True,-0.05863630306091026,0.12567343326038236,,,,,,,0.6067415730337079,0,0.0,none,0.43571221406173066,False,increasing_vol,29.6331615419054,单年巨幅下滑-15.0分(年跌-75.0%); 加速下滑-0.2分(加速度-0.40); 波动率飙升预警-4.4分(近期波动是早期的2.2倍); 趋势不可靠-2分(Bootstrap CI过宽: 0.509); 峰值明显下跌-8分(从1.1跌至0.6，跌幅-49.1%),,,0,0
301290.SZ,东星医疗,医疗保健,1.1400000000000001,-0.05769346879371122,-0.088,0.42522590602685406,0.23305160005158562,-0.043334629745145015,0.98,91.91764103627463,-0.10333333333333328,-0.4,0.4624327264504764,has_near_zero,has_near_zero,has_near_zero,False,0,True,2,False,0,True,2,0.18442356843184032,0.21835750502329893,0.4222972972972973,stable,False,False,none,0.30000000000000004,0.0,-0.183,-0.48300000000000004,0.5845091744323403,1.0,0.8790917443234023,False,none,0.010000000000000009,-0.3600000000000001,-26.315789473684216,1.0309278350515474,-27.067669172932334,False,医疗保健,False,1.5154639175257731,True,rising,False,False,0.0,0.18442356843184032,0.3496007104155754,医疗保健,-5.0,-2.0,3.0,0.3,0.5,-0.1147250903057297,0.7266182782028533,-0.16471792745073893,False,True,-0.05769346879371122,0.42522590602685406,,,,,,,0.435483870967742,0,0.0,none,0.14213299978353133,False,stable,8.082358963725369,加速下滑-0.1分(加速度-0.16); 峰值明显下跌-8分(从1.5跌至1.0，跌幅-33.3%),,,0,0
301291.SZ,明阳电气,电气设备,1.4489,0.19877531266324538,0.3430000000000001,0.7890911572920503,0.04405078024278535,0.21588088708000597,2.12,113.0,0.37,0.8,0.0864107329737,has_near_zero,has_near_zero,has_near_zero,False,0,True,2,False,0,True,2,0.446093242368757,0.600441504228347,1.062407132243685,stable,False,False,none,-0.28,0.0,0.49800000000000005,0.778,0.6535943100995733,1.0,0.9799431009957326,False,none,0.30000000000000004,0.6900000000000002,87.61061946902657,16.483516483516485,61.06194690265488,False,电气设备,False,1.0,False,rising,False,False,0.0,0.446093242368757,0.49020792722833895,电气设备,-5.0,-2.0,3.0,0.3,0.5,0.26283547615527475,0.9279002692760429,0.20764705985330367,False,False,0.19877531266324538,0.7890911572920503,,,,,,,0.07161803713527852,0,0.0,none,0.19145358614111507,False,stable,2.0,趋势不可靠-2分(Bootstrap CI过宽: 0.345),high_growth,"高速成长(稳健CAGR=37.0%, MK趋势=0.80)",1,0
301293.SZ,三博脑科,医疗保健,0.5445000000000001,0.0008817410478270449,0.0010000000000000009,0.12500000000000003,0.5594043441634872,-0.009570478860890463,0.51,93.0,-0.007500000000000007,-0.3,0.6133543559547467,has_near_zero,has_near_zero,has_near_zero,False,0,True,5,False,0,True,5,0.10119014524470249,0.05585696017507577,0.2536231884057972,ultra_stable,False,False,none,0.12,0.0,-0.041,-0.161,0.5029789473684211,1.0,0.7077894736842107,True,moderate,-0.030000000000000027,0.010000000000000009,-3.7735849056603805,-5.55555555555556,1.8867924528301903,False,医疗保健,False,1.1226415094339621,True,falling,False,False,0.0,0.10119014524470249,0.23063765078695697,医疗保健,-5.0,-2.0,3.0,0.3,0.5,-0.008872125937266384,0.43008473971539085,-0.008872125937266384,False,False,-0.013001299372279151,0.1819658643203085,,,,,,,0.8223350253807107,1,0.0,single_year_drop,0.09161545513398758,False,decreasing_vol,7.0,中度恶化-10分; 贝叶斯中度恶化预警-5分(恶化概率82.2%),,,0,0
301297.SZ,富乐德,半导体,0.317355,-0.0026609515099134283,-0.002805000000000002,0.1418978779223973,0.5319765815272893,-0.006348070375576831,0.3217,92.0,-0.006166666666666644,-0.4,0.4624327264504764,has_near_zero,has_near_zero,has_near_zero,False,0,True,5,False,0,True,5,0.10825813839973354,0.03491324963391406,0.26759689922480623,ultra_stable,False,False,none,0.019999999999999962,0.0,-0.01683,-0.03682999999999996,0.19286702222744578,1.0,0.29471769161016376,False,none,0.057999999999999996,-0.08340000000000003,-7.317775857101709,21.99469093667046,-24.02765773552291,False,半导体,False,1.3272658323852862,True,rising,False,False,0.0,0.10825813839973354,0.26357528837115834,半导体,-5.0,-2.0,3.0,0.3,0.5,-0.012044214782008733,0.08670978159066219,-0.020142632528554805,False,False,-0.009826907099505455,0.21660999330418687,,,,,,,0.2783505154639176,0,0.0,none,0.09578458444546693,False,increasing_vol,8.0,波动率飙升预警-8.0分(近期波动是早期的6.2倍),,,0,0
301301.SZ,川宁生物,化学制药,0.327899,0.13131242371058308,0.13953,0.869989760406137,0.02073057309710909,0.5315591198086751,0.63,94.0,0.16822499999999999,0.8,0.0864107329737,has_near_zero,has_near_zero,has_near_zero,False,0,True,5,False,0,True,5,0.8282646733946628,0.23691682717780937,2.0077611522863936,moderate,False,False,none,-0.058800000000000005,0.0,0.19329000000000002,0.25209000000000004,0.5849715680681935,1.0,0.995042252647859,False,none,0.21000000000000002,0.21,200.00000000000006,50.000000000000014,100.0,False,化学制药,False,1.0,False,rising,False,False,0.0,0.8282646733946628,0.7959450720490636,化学制药,-5.0,-2.0,3.0,0.3,0.5,0.19294628061405678,0.9995478810714631,0.14582874423726805,True,False,0.13131242371058308,0.869989760406137,,,,,,,0.07161803713527852,0,0.0,none,0.3019154344279013,True,increasing_vol,6.0,波动聚集风险-6分(ARCH效应+波动上升),,,0,0
301308.SZ,江波龙,半导体,0.4554,0.06616903201501859,0.092,0.12500488648216454,0.5593961137697847,,1.2,95.0,-0.3925,-0.2,0.8064959405073401,has_loss,has_loss,has_near_zero,True,1,True,2,False,0,True,4,3.0250060730640667,1.724253461646518,8.315789473684212,high_volatility,False,False,none,-0.275,0.0,0.5049999999999999,0.7799999999999999,0.27201137429328465,0.04235033880271043,0.09466289701933903,False,none,3.21,-2.1999999999999997,531.578947368421,159.70149253731344,-1157.8947368421052,False,半导体,True,inf,True,rising,False,False,0.0,3.0250060730640667,1.0,半导体,-5.0,-2.0,3.0,0.3,0.5,0.41354905980169243,0.10875366421726738,0.6616755395658385,False,False,-0.2515829053207306,0.11138881994788313,,,,,,,0.07161803713527852,0,0.0,none,2.833341480624862,False,stable,17.0,单年巨幅下滑-15.0分(年跌-1157.9%); 趋势不可靠-2分(Bootstrap CI过宽: 0.704); 峰值大幅下跌-15分(从2.7跌至1.2，跌幅-56.0%),cyclical_bottom,"周期底部(mid_up), 近期强势(41.4%)",0,0
301315.SZ,威士顿,软件服务,0.7857799999999999,-0.06606816615195885,-0.08348,0.7363688771986693,0.06277011374767563,-0.10358296980462323,0.5876,41.0,-0.08779999999999999,-0.6,0.22067136191984693,has_near_zero,has_near_zero,has_near_zero,False,0,True,5,False,0,True,5,0.18566909473358448,0.15364488927393583,0.4379350348027841,ultra_stable,False,False,none,0.010000000000000009,0.0,-0.17120000000000002,-0.18120000000000003,0.5274447763774649,0.25000000000000144,0.999983623292046,True,severe,-0.1724,-0.17000000000000004,-36.81720430107527,-22.68421052631579,-18.27956989247312,False,软件服务,False,1.0,True,falling,False,False,0.0,0.18566909473358448,0.28186860912020095,软件服务,-5.0,-2.0,3.0,0.3,0.5,-0.1364185730992971,0.9992329691706712,-0.1437779081404827,False,False,-0.06606816615195885,0.7363688771986693,,,,,,,0.9935602575896965,2,0.2409597523219814,sustained_decline,0.09503267529223815,True,increasing_vol,59.0,"严重恶化-15分; 贝叶斯高置信度恶化-12分(恶化概率99.4%，严重恶化确认); 波动率飙升预警-8.0分(近期波动是早期的5.7倍); 趋势不确定预警-4分(Bootstrap CI跨零: [-0.136, 0.010]); 峰值明显下跌-8分(从0.9跌至0.6，跌幅-38.1%); 智能连续下跌-12分(3年实质性下跌，累计跌幅-35.4%)",,,0,0
301316.SZ,慧博云通,软件服务,0.20406,-0.001710551408218261,-0.0017499999999999987,0.03927875231520819,0.7493201535476444,-0.07457119726794148,0.164,54.74933333333333,-0.011799999999999991,-0.6,0.22067136191984693,has_near_zero,has_near_zero,has_near_zero,False,0,True,5,False,0,True,5,0.1400445120117894,0.0294737679980012,0.37869428870094074,ultra_stable,False,False,none,0.010050000000000003,0.0,-0.03985,-0.0499,0.4561649251482026,0.46291076584628127,0.9989384856357449,True,severe,-0.0421,-0.037599999999999995,-32.704144439885106,-20.426977195536146,-15.428805908904389,False,软件服务,False,1.1340158213122382,True,falling,False,False,0.0,0.1400445120117894,0.26323771911773,软件服务,-5.0,-2.0,3.0,0.3,0.5,-0.039038232360868425,0.9987870998008722,-0.048824518355655294,False,False,-0.012561904603281307,0.47278667982238304,,,,,,,0.9935602575896965,2,0.32395062301919136,sustained_decline,0.1018088423687799,True,increasing_vol,45.25066666666667,严重恶化-15分; 贝叶斯高置信度恶化-12分(恶化概率99.4%，严重恶化确认); 波动率飙升预警-4.3分(近期波动是早期的2.1倍); 峰值明显下跌-8分(从0.2跌至0.2，跌幅-32.7%); 连续下跌警示-6分(2年下跌，累计-26.7%),,,0,0
301319.SZ,唯特偶,元器件,1.4875,0.027556922453410126,0.05199999999999998,0.5770675679675923,0.1362348747611618,-0.08223414508611915,1.05,26.556821983533922,0.03250000000000003,0.1,1.0,good,good,good,False,0,False,0,False,0,False,0,0.1877030409342754,0.2860594343838357,0.452755905511811,stable,False,False,none,0.13,0.0,-0.345,-0.475,0.5700000000000001,1.0,0.7500000000000001,True,severe,-0.69,0.0,-39.655172413793096,-39.655172413793096,0.0,False,元器件,False,1.0,False,falling,False,False,0.0,0.1877030409342754,0.28349576608075366,元器件,-5.0,-2.0,3.0,0.3,0.5,-0.2023174669227431,0.7500000000000001,-0.2709714175475316,False,True,-0.04679998353544936,0.19391633747712891,,,,,,,0.9866768176627332,1,0.0,cliff_drop,0.17174499618594322,False,increasing_vol,73.44317801646608,"复合恶化-14.0分(触发2项恶化信号); 严重恶化-15分; 单年巨幅下滑-15.0分(年跌-39.7%); 加速下滑-0.1分(加速度-0.27); 贝叶斯高置信度恶化-12分(恶化概率98.7%，严重恶化确认); 波动率飙升预警-5.3分(近期波动是早期的2.7倍); 趋势不确定预警-4分(Bootstrap CI跨零: [-0.016, 0.069]); 峰值明显下跌-8分(从1.7跌至1.1，跌幅-39.7%)",,,0,0
301327.SZ,华宝新能,电气设备,2.0944000000000003,-0.12457650074745255,-0.36650000000000005,0.5097380148102378,0.17555068475431973,,1.93,72.0,-0.5437500000000001,-0.4,0.4624327264504764,has_loss,has_loss,good,True,1,False,0,False,0,False,0,0.9504494082956294,2.2392588059445027,2.2495755517826828,high_volatility,False,False,none,0.02499999999999991,0.0,-0.8800000000000001,-0.905,0.221895057218255,0.030290791599353557,0.11637412839624912,False,none,3.32,-5.08,-47.696476964769644,238.8489208633094,-137.66937669376694,False,电气设备,True,inf,True,rising,False,False,0.0,0.9504494082956294,1.0,电气设备,-5.0,-2.0,3.0,0.3,0.5,-0.30238164371906734,0.03274714109053499,-0.30896244809356993,False,False,-0.43880092541141735,0.25570156652333764,,,,,,,0.6067415730337079,0,0.0,none,0.7489220107877113,False,increasing_vol,28.0,"单年巨幅下滑-15.0分(年跌-137.7%); 波动率飙升预警-8.0分(近期波动是早期的17.1倍); 趋势不确定预警-4分(Bootstrap CI跨零: [-0.302, 0.016]); 峰值大幅下跌-15分(从3.9跌至1.9，跌幅-50.6%)",,,0,0
301330.SZ,熵基科技,IT设备,1.260869,-0.13281552147341813,-0.21677,0.8497340488976615,0.02593574547594076,-0.13862116606648467,0.9496,71.38707947095496,-0.19442916666666665,-0.8,0.0864107329737,has_near_zero,has_near_zero,has_near_zero,False,0,True,2,False,0,True,2,0.27771923894582834,0.3682279389182738,0.6088694471679614,ultra_stable,False,False,none,-0.11110000000000009,0.0,-0.27654999999999996,-0.16544999999999987,0.22266636133064063,0.8554556577071248,0.7067450762270078,False,none,0.03200000000000003,-0.5851,-36.80708058827444,3.4873583260680068,-38.93658082118853,False,IT设备,False,1.0,False,rising,False,False,0.0,0.27771923894582834,0.35550872448999604,IT设备,-5.0,-2.0,3.0,0.3,0.5,-0.17548865347027187,0.7002235507804452,-0.1169301670009879,False,True,-0.13281552147341813,0.8497340488976615,,,,,,,0.6067415730337079,0,0.0,none,0.10152035763161821,False,increasing_vol,28.61292052904504,单年巨幅下滑-15.0分(年跌-38.9%); 加速下滑-0.1分(加速度-0.12); 波动率飙升预警-5.6分(近期波动是早期的2.8倍); 峰值明显下跌-8分(从1.7跌至0.9，跌幅-44.9%),,,0,0
301333.SZ,诺思格,医疗保健,1.9225,-0.04573547198646821,-0.09100000000000001,0.23106455540672746,0.41242731206992805,-0.05713156325957469,1.47,54.70368548746099,-0.08124999999999999,-0.2,0.8064959405073401,good,good,good,False,0,False,0,False,0,False,0,0.15953180690871496,0.3139585959963511,0.38109756097560976,stable,False,False,none,0.18000000000000005,0.0,-0.3750000000000001,-0.5550000000000002,0.576506539725619,0.7708168120539258,0.8842485852022637,True,severe,-0.6100000000000001,-0.14000000000000012,-33.78378378378379,-29.326923076923077,-6.306306306306311,False,医疗保健,False,1.0,True,falling,False,False,0.0,0.15953180690871496,0.2609587788603053,医疗保健,-5.0,-2.0,3.0,0.3,0.5,-0.17994967159576092,0.8692251916150395,-0.25929569174469735,False,True,-0.04573547198646821,0.23106455540672746,,,,,,,0.9983822509822048,2,3.6504120879120845,accelerating_decline,0.14179242225517327,False,increasing_vol,45.29631451253901,严重恶化-15分; 加速下滑-0.1分(加速度-0.26); 贝叶斯高置信度恶化-12分(恶化概率99.8%，严重恶化确认); 波动率飙升预警-4.2分(近期波动是早期的2.1倍); 峰值明显下跌-8分(从2.2跌至1.5，跌幅-33.8%); 连续下跌警示-6分(2年下跌，累计-21.0%),,,0,0
301338.SZ,凯格精机,专用机械,1.241,-0.21846599003860073,-0.32999999999999996,0.5581660174198765,0.14673764642310397,-0.19478645691647578,0.66,42.68795391688699,-0.29375,-0.2,0.8064959405073401,has_near_zero,has_near_zero,has_near_zero,False,0,True,2,False,0,True,2,0.5386074798736158,0.7217340230306453,1.134328358208955,volatile,False,False,none,0.21999999999999986,0.0,-0.6749999999999998,-0.8949999999999997,0.5762842858727589,0.8175675675675674,0.6568672209140274,False,none,0.17000000000000004,-1.5199999999999998,-67.16417910447761,34.69387755102042,-75.62189054726367,False,专用机械,True,4.1020408163265305,True,rising,False,False,0.0,0.5386074798736158,0.9778247594090967,专用机械,-5.0,-2.0,3.0,0.3,0.5,-0.4142545519818625,0.620109667969233,-0.5218162010456087,False,True,-0.21846599003860073,0.5581660174198765,,,,,,,0.6067415730337079,0,0.0,none,0.37212550191237265,False,increasing_vol,57.31204608311301,"轻度衰退-4.4分(log斜率-0.218); 持续衰退重罚-10.0分(最新<加权); 单年巨幅下滑-15.0分(年跌-75.6%); 相对加权暴跌-15.0分(最新仅为加权53.2%); 加速下滑-0.3分(加速度-0.52); 波动率飙升预警-7.7分(近期波动是早期的3.8倍); 趋势不确定预警-4分(Bootstrap CI跨零: [-0.541, 0.120]); 峰值大幅下跌-15分(从2.0跌至0.7，跌幅-67.2%)",,,0,0
301339.SZ,通行宝,IT设备,0.48724,-0.005394966827111625,-0.006040000000000006,0.038367991125159054,0.7522051632708426,0.002539330921040861,0.5152,100.0,-0.0034833333333333426,0.0,1.0,has_near_zero,has_near_zero,has_near_zero,False,0,True,5,False,0,True,5,0.09841030716051268,0.04824663718851295,0.251091257699996,ultra_stable,False,False,none,-0.04655000000000001,0.0,0.04915,0.09570000000000001,0.45288551669149735,0.5259212530773156,0.9986327164193913,False,none,0.045999999999999985,0.05230000000000001,23.578795874310387,9.803921568627448,12.544974814104105,False,IT设备,False,1.2952746461981293,True,rising,False,False,0.0,0.09841030716051268,0.2514315318881607,IT设备,-5.0,-2.0,3.0,0.3,0.5,0.044542570573760265,0.9982043550756514,0.08677140939119421,True,False,-0.005394966827111625,0.038367991125159054,,,,,,,0.07161803713527852,0,0.0,none,0.09646311708367458,False,decreasing_vol,0.0,,,,0,0
301359.SZ,东南电子,元器件,0.6648000000000001,-0.11542420025105429,-0.144,0.8272158241982663,0.03222711014714715,-0.1488842564815499,0.53,92.0,-0.1383333333333333,-0.8,0.0864107329737,has_near_zero,has_near_zero,has_near_zero,False,0,True,4,False,0,True,4,0.3530225886981236,0.24993999279827148,0.7768361581920905,stable,False,False,none,-0.20500000000000002,0.0,-0.034999999999999976,0.17000000000000004,0.41706620536159583,0.8737006237006238,0.24999999999999978,False,none,0.07,-0.13999999999999996,-11.666666666666659,15.217391304347828,-23.33333333333333,False,元器件,False,1.0,False,rising,False,False,0.0,0.3530225886981236,0.4157514042918322,元器件,-5.0,-2.0,3.0,0.3,0.5,-0.030471242710740087,0.24280592992362915,0.12932981128999527,False,False,-0.11542420025105429,0.8272158241982663,,,,,,,0.2783505154639176,0,0.0,none,0.1456241403252204,False,decreasing_vol,8.0,峰值明显下跌-8分(从1.0跌至0.5，跌幅-47.5%),,,0,0
301360.SZ,荣旗科技,专用机械,1.1692,-0.07920806313635469,-0.11599999999999996,0.30449760686091787,0.3349036097011012,-0.07552459527886646,0.84,20.78892178389006,-0.08041666666666664,-0.4,0.4624327264504764,has_near_zero,has_near_zero,has_near_zero,False,0,True,2,False,0,True,2,0.29938375576501963,0.3604580419410836,0.7059800664451827,moderate,False,False,none,0.27,0.0,-0.425,-0.6950000000000001,0.619083321496533,0.9981743496120493,0.8026588653532809,True,severe,-0.06000000000000005,-0.7899999999999999,-50.29585798816568,-6.666666666666672,-46.74556213017751,False,专用机械,False,1.0,True,falling,False,False,0.0,0.29938375576501963,0.37284033794534904,专用机械,-5.0,-2.0,3.0,0.3,0.5,-0.26606994913213733,0.8132998330806128,-0.42215643221988514,False,True,-0.07920806313635469,0.30449760686091787,,,,,,,0.9507042253521126,2,-0.8573839662447256,sustained_decline,0.2577294852911425,False,increasing_vol,79.21107821610994,复合恶化-14.0分(触发2项恶化信号); 严重恶化-15分; 单年巨幅下滑-15.0分(年跌-46.7%); 加速下滑-0.2分(加速度-0.42); 贝叶斯高置信度恶化-12分(恶化概率95.1%，严重恶化确认); 趋势不可靠-2分(Bootstrap CI过宽: 0.455); 峰值大幅下跌-15分(从1.7跌至0.8，跌幅-50.3%); 连续下跌警示-6分(2年下跌，累计-27.0%),,,0,0
301361.SZ,众智科技,电气设备,0.6865,-0.0074595330382800865,-0.008999999999999998,0.22864449020876307,0.41524743997691044,-0.007117890078255917,0.69,100.0,-0.02333333333333331,-0.4,0.4624327264504764,has_near_zero,has_near_zero,has_near_zero,False,0,True,5,False,0,True,5,0.07973814325006671,0.05549774770204643,0.2155172413793104,ultra_stable,False,False,none,-0.019999999999999962,0.0,0.009999999999999953,0.029999999999999916,0.12395352376719677,0.12903225806451565,0.10714285714285629,False,none,0.05999999999999994,-0.040000000000000036,2.9850746268656576,9.523809523809515,-5.970149253731348,False,电气设备,False,1.2380952380952381,True,rising,False,False,0.0,0.07973814325006671,0.22886987967941846,电气设备,-5.0,-2.0,3.0,0.3,0.5,0.008269260171610449,0.1050419334298335,0.024730838315546955,False,False,-0.015536495468206712,0.2940349556573801,,,,,,,0.13366336633663367,0,0.0,none,0.06704553215701206,False,decreasing_vol,0.0,,,,0,0
301362.SZ,民爆光电,电气设备,2.4835,0.013543189276926526,0.03500000000000001,0.1165596083772204,0.5739042890363591,-0.003350130829910758,2.22,72.84262905816769,0.006250000000000033,0.0,1.0,good,good,good,False,0,False,0,False,0,False,0,0.16378489470083638,0.40389355033226254,0.3933495539334954,stable,False,False,none,0.43999999999999995,0.0,-0.45499999999999985,-0.8949999999999998,0.6446574618587918,0.6740164790530349,0.9825581395348836,True,severe,-0.34999999999999964,-0.56,-29.073482428115007,-13.618677042801544,-17.891373801916934,False,电气设备,False,1.449074074074074,True,falling,False,False,0.0,0.16378489470083638,0.32423779230387895,电气设备,-5.0,-2.0,3.0,0.3,0.5,-0.16043405183634984,0.9917009888714894,-0.31474188366461464,False,True,0.013543189276926526,0.02218701059661388,,,,,,,0.9060402684563759,2,-0.23881322957198522,sustained_decline,0.16224021334264024,False,stable,27.157370941832305,严重恶化-15分; 加速下滑-0.2分(加速度-0.31); 贝叶斯高置信度恶化-12分(恶化概率90.6%，严重恶化确认),,,0,0
301363.SZ,美好医疗,医疗保健,0.8785000000000001,0.02262869845488078,0.029000000000000015,0.11467458488465897,0.5772233095086634,0.06107489724392323,0.9,99.89901351855893,0.033750000000000016,0.4,0.4624327264504764,has_near_zero,has_near_zero,has_near_zero,False,0,True,4,False,0,True,4,0.16421323053367085,0.14188023118109164,0.4282407407407408,stable,False,False,none,0.18500000000000005,0.0,-0.09000000000000002,-0.2750000000000001,0.4578511101703274,0.9882098171318574,0.33425034387895464,False,none,0.13,-0.31000000000000005,-16.66666666666667,16.883116883116884,-28.70370370370371,False,医疗保健,False,1.4025974025974026,True,rising,False,False,0.0,0.16421323053367085,0.3183835714399237,医疗保健,-5.0,-2.0,3.0,0.3,0.5,-0.06397965772526554,0.3140487173913266,-0.20197296288212913,False,True,0.02262869845488078,0.11467458488465897,,,,,,,0.435483870967742,0,0.0,none,0.15540107174155043,False,stable,0.10098648144106456,加速下滑-0.1分(加速度-0.20),,,0,0
301379.SZ,天山电子,元器件,1.120203,-0.02899337397504027,-0.044,0.17794027034431145,0.47929288040057055,0.1389150422713814,1.06,99.7890076963636,0.05370000000000001,0.0,1.0,good,good,good,False,0,True,1,False,0,False,0,0.2861529230916848,0.315054368323945,0.7673932788374205,moderate,False,False,none,0.65,0.0,-0.10747999999999999,-0.75748,0.5997353456859216,1.0,0.4823934568592157,False,none,-9.999999999998899e-05,-0.41480000000000006,-28.13072072682894,-0.009433072351663898,-28.12394060614279,False,元器件,False,1.0,True,falling,False,False,0.0,0.2861529230916848,0.36225567180668117,元器件,-5.0,-2.0,3.0,0.3,0.5,-0.12879450792976443,0.7501997959568802,-0.4219846072728093,False,True,0.051462343520499054,0.13659934605584692,,,,,,,0.49090909090909096,0,-0.9996645892379106,none,0.27098599855793953,False,decreasing_vol,0.21099230363640464,加速下滑-0.2分(加速度-0.42),,,0,0
301380.SZ,挖金客,软件服务,1.01,-0.08953183764078378,-0.13599999999999998,0.695852813989831,0.07901123299137404,-0.09560362023528235,0.95,88.0,-0.12874999999999995,-0.6,0.22067136191984693,has_near_zero,has_near_zero,has_near_zero,False,0,True,3,False,0,True,3,0.23690358693481883,0.2553820667157347,0.5194805194805194,stable,False,False,none,-0.26999999999999996,0.0,0.034999999999999976,0.30499999999999994,0.5586775713959912,0.9282682512733446,0.548507462686567,False,none,0.08999999999999997,-0.020000000000000018,7.954545454545449,10.465116279069765,-2.2727272727272747,False,软件服务,False,1.0,False,rising,False,False,0.0,0.23690358693481883,0.32285620288118844,软件服务,-5.0,-2.0,3.0,0.3,0.5,0.02582287372390535,0.5444567140520037,0.20363544186401006,True,False,-0.08953183764078378,0.695852813989831,,,,,,,0.13366336633663367,0,0.0,none,0.12779955546786284,False,decreasing_vol,12.0,"趋势不确定预警-4分(Bootstrap CI跨零: [-0.190, 0.026]); 峰值明显下跌-8分(从1.4跌至0.9，跌幅-33.1%)",,,0,0
301383.SZ,天键股份,元器件,1.1787,0.04864082127191447,0.06900000000000002,0.12856097104287229,0.553454634888616,0.10562035308816431,1.3,96.0,0.03374999999999999,0.0,1.0,has_near_zero,has_near_zero,has_near_zero,False,0,True,2,False,0,True,2,0.27670258832002653,0.3204215972745907,0.6390328151986183,moderate,False,False,none,0.64,0.0,-0.005999999999999983,-0.646,0.3067230327260768,1.0,0.0005863192182410391,False,none,-0.040000000000000036,0.5700000000000001,68.83116883116884,-2.985074626865674,74.02597402597402,False,元器件,False,1.8506493506493507,True,falling,False,False,0.0,0.27670258832002653,0.46811531740926804,元器件,-5.0,-2.0,3.0,0.3,0.5,0.18469030898425448,0.7011514523726108,0.22335567714170235,False,False,0.04864082127191447,0.12856097104287229,,,,,,,0.16167664670658682,0,0.0,none,0.26016964690923433,True,decreasing_vol,4.0,波动聚集提示-2分(大波动后可能跟着大波动); 趋势不可靠-2分(Bootstrap CI过宽: 0.327),,,0,0
301386.SZ,未来电器,电气设备,0.75135,-0.0013427310987922715,-0.0017000000000000014,0.12100320176809275,0.5661987571787531,-0.09261715230238188,0.644,67.0,-0.06108333333333332,-0.8,0.0864107329737,has_near_zero,has_near_zero,has_near_zero,False,0,True,5,False,0,True,5,0.13949373516335295,0.10919569588587269,0.3909044455799693,ultra_stable,False,False,none,-0.16499999999999992,0.0,-0.0422,0.12279999999999992,0.45789816029635466,1.0,0.6983686274509805,True,moderate,-0.124,0.0010000000000000009,-16.03650586701434,-16.145833333333336,0.1303780964797915,False,电气设备,False,1.001303780964798,True,falling,False,False,0.0,0.13949373516335295,0.24510215892598877,电气设备,-5.0,-2.0,3.0,0.3,0.5,-0.050252485429505445,0.7440806060593201,0.01918799852012082,False,False,-0.04921991885044495,0.8347481747857813,,,,,,,0.9487554904831625,1,0.0,single_year_drop,0.05759478427084419,False,stable,33.0,中度恶化-10分; 贝叶斯恶化预警-8分(恶化概率94.9%); 峰值明显下跌-8分(从0.9跌至0.6，跌幅-32.2%); 智能连续下跌-12分(3年实质性下跌，累计跌幅-32.2%),,,0,0
301392.SZ,汇成真空,专用机械,0.9035,0.01393688657070843,0.019000000000000017,0.040673667003490004,0.7449681931317509,0.010119332419691762,0.76,82.8308541404919,0.03625000000000003,0.3,0.6133543559547467,has_near_zero,has_near_zero,has_near_zero,False,0,True,4,False,0,True,4,0.16374708094107657,0.14638989036132244,0.3914988814317675,stable,False,False,none,0.10999999999999999,0.0,-0.09499999999999997,-0.20499999999999996,0.39620747272665413,0.7499999999999999,0.3484555984555982,True,moderate,-0.32000000000000006,0.13000000000000012,-19.999999999999996,-29.629629629629633,13.684210526315802,False,专用机械,False,1.0,True,falling,False,False,0.0,0.16374708094107657,0.2643309980861946,专用机械,-5.0,-2.0,3.0,0.3,0.5,-0.07222235464357118,0.3693002921689621,-0.15647353719801688,False,True,0.01393688657070843,0.040673667003490004,,,,,,,0.9487554904831625,1,0.0,single_year_drop,0.16026198278907808,False,increasing_vol,17.169145859508102,中度恶化-10分; 加速下滑-0.1分(加速度-0.16); 贝叶斯恶化预警-8分(恶化概率94.9%); 波动率飙升预警-4.1分(近期波动是早期的2.0倍),,,0,0
301439.SZ,泓淋电力,电气设备,0.5485,0.01892029096701192,0.020999999999999998,0.19610295087995866,0.4551772195052843,0.04973631452792926,0.51,86.93597914649193,0.018749999999999982,0.2,0.8064959405073401,has_near_zero,has_near_zero,has_near_zero,False,0,True,5,False,0,True,5,0.1411905502961557,0.07596051605933177,0.3531598513011153,stable,False,False,none,0.095,0.0,-0.04999999999999999,-0.145,0.5613269513991164,0.9304123711340204,0.892857142857143,True,moderate,-0.07999999999999996,-0.020000000000000018,-16.393442622950815,-13.5593220338983,-3.2786885245901667,False,电气设备,False,1.0,True,falling,False,False,0.0,0.1411905502961557,0.2462857735702579,电气设备,-5.0,-2.0,3.0,0.3,0.5,-0.043621365106457755,0.8906663103549921,-0.12804170701612888,False,True,0.01892029096701192,0.19610295087995866,,,,,,,0.9866768176627332,1,3.1355932203389774,single_year_drop,0.12698718254569524,False,decreasing_vol,13.064020853508065,中度恶化-10分; 加速下滑-0.1分(加速度-0.13); 贝叶斯恶化预警-8分(恶化概率98.7%),,,0,0
301458.SZ,钧崴电子,元器件,0.5225,-0.007139611351013398,-0.008000000000000002,0.06834555956628442,0.6709686620491929,-0.009217573221021014,0.53,100.0,-0.019166666666666676,-0.2,0.8064959405073401,has_near_zero,has_near_zero,has_near_zero,False,0,True,5,False,0,True,5,0.20922136528260532,0.11256109452204167,0.520446096654275,stable,False,False,none,-0.05500000000000002,0.0,0.04500000000000001,0.10000000000000003,0.19759395147027503,0.15201005025125644,0.8321917808219178,False,none,0.08000000000000002,0.010000000000000009,20.45454545454546,17.777777777777782,2.2727272727272747,False,元器件,False,1.6363636363636362,True,rising,False,False,0.0,0.20922136528260532,0.38555891040790247,元器件,-5.0,-2.0,3.0,0.3,0.5,0.0404844795923254,0.8334296861671476,0.08976797651852386,False,False,-0.026812062723803154,0.18996988988795427,,,,,,,0.07161803713527852,0,0.0,none,0.18834325862166487,False,decreasing_vol,0.0,,,,0,0
301479.SZ,弘景光电,元器件,1.8377000000000001,0.4378800992923374,0.8190000000000002,0.9434467130525832,0.0058077766000225435,0.7161979183662437,3.47,107.97727272727273,0.9475,0.8,0.0864107329737,has_near_zero,has_near_zero,has_near_zero,False,0,True,2,False,0,True,2,0.8440187115310357,1.343677788757409,1.934673366834171,moderate,False,False,none,-0.010000000000000009,0.0,1.042,1.052,0.7271267024968686,1.0,0.9968820008079621,False,none,1.0300000000000002,1.18,175.3968253968254,42.21311475409838,93.65079365079364,False,元器件,False,1.0,False,rising,False,False,0.0,0.8440187115310357,0.8085483025581619,元器件,-5.0,-2.0,3.0,0.3,0.5,0.4518106277767193,0.9773695175175642,0.11991590748903463,True,False,0.4378800992923374,0.9434467130525832,,,,,,,0.07161803713527852,0,0.0,none,0.22522808079607068,True,increasing_vol,7.0227272727272725,波动率飙升预警-5.0分(近期波动是早期的2.5倍); 趋势不可靠-2分(Bootstrap CI过宽: 0.346),high_growth,"高速成长(稳健CAGR=94.8%, MK趋势=0.80)",1,0
301489.SZ,思泉新材,元器件,1.1764999999999999,-0.00866255725711378,-0.014000000000000035,0.12552418975773377,0.5585224873992857,-0.09221260416967847,0.91,51.0,-0.08625000000000003,-0.6,0.22067136191984693,good,good,good,False,0,True,1,False,0,False,0,0.1524434688697106,0.18689569283426521,0.3588907014681893,ultra_stable,False,False,none,0.0050000000000000044,0.0,-0.22000000000000003,-0.22500000000000003,0.4667355096602265,0.25,0.9673550966022652,True,severe,-0.2899999999999999,-0.15000000000000013,-32.592592592592595,-24.16666666666666,-11.11111111111112,False,元器件,False,1.0150375939849625,True,falling,False,False,0.0,0.1524434688697106,0.25729312096043017,元器件,-5.0,-2.0,3.0,0.3,0.5,-0.1461455103664866,0.9571694195652063,-0.14912878202677338,False,False,-0.06532865080862318,0.69131730191613,,,,,,,0.9975828729281768,2,1.1749999999999978,accelerating_decline,0.08329129779943273,True,increasing_vol,49.0,严重恶化-15分; 贝叶斯高置信度恶化-12分(恶化概率99.8%，严重恶化确认); 波动率飙升预警-8.0分(近期波动是早期的14.7倍); 峰值明显下跌-8分(从1.4跌至0.9，跌幅-32.6%); 连续下跌警示-6分(2年下跌，累计-32.1%),,,0,0
301491.SZ,汉桑科技,IT设备,2.0205,0.0,0.0,0.0,1.0,0.07525458966166454,2.62,92.0,0.0,0.1,1.0,good,good,good,False,0,False,0,False,0,False,0,0.2163768673923282,0.4288589511715945,0.6104944500504542,moderate,False,False,none,0.0,0.0,0.33000000000000007,0.33000000000000007,0.21403645966436685,0.0,0.2967032967032968,False,none,1.2100000000000002,-0.55,33.67346938775511,85.81560283687945,-28.061224489795922,False,IT设备,False,1.0,False,rising,False,False,0.0,0.2163768673923282,0.3064348272471959,IT设备,-5.0,-2.0,3.0,0.3,0.5,0.13264814678162729,0.23505431121661532,0.13264814678162729,False,False,0.024877082629005298,0.04132654864509667,,,,,,,0.07161803713527852,0,0.0,none,0.20747460349919902,True,increasing_vol,8.0,波动率飙升预警-8.0分(近期波动是早期的inf倍),,,0,0
301503.SZ,智迪科技,IT设备,1.1855,0.028143618219934406,0.047,0.12412992013908303,0.5608727766237359,0.04882705744743898,1.44,94.0,0.04125000000000001,0.2,0.8064959405073401,has_near_zero,has_near_zero,has_near_zero,False,0,True,2,False,0,True,2,0.16835386959835807,0.19562719647329202,0.41308089500860595,stable,False,False,none,-0.19999999999999996,0.0,0.10799999999999998,0.30799999999999994,0.34197693830009174,1.0,0.38343195266272184,False,none,0.48,-0.27,17.073170731707314,50.0,-21.951219512195124,False,IT设备,False,1.2615384615384615,True,rising,False,False,0.0,0.16835386959835807,0.3028882238838147,IT设备,-5.0,-2.0,3.0,0.3,0.5,0.06298790332323179,0.1652292140805405,0.05024671235703693,False,False,0.028143618219934406,0.12412992013908303,,,,,,,0.07161803713527852,0,0.0,none,0.15573382387234608,True,increasing_vol,6.0,波动聚集风险-6分(ARCH效应+波动上升),,,0,0
301507.SZ,民生健康,化学制药,0.279,-0.0019357638040751635,-0.0020000000000000074,0.040412830583407645,0.7457759903615933,-0.018356423308626968,0.26,87.0,-0.00416666666666667,-0.2,0.8064959405073401,has_near_zero,has_near_zero,has_near_zero,False,0,True,5,False,0,True,5,0.05646924393157816,0.015811388300841885,0.14285714285714277,ultra_stable,False,False,none,0.009999999999999981,0.0,-0.01999999999999999,-0.02999999999999997,0.44116483516483507,0.42857142857142777,0.9230769230769234,True,moderate,-0.02999999999999997,-0.010000000000000009,-13.333333333333327,-10.344827586206886,-3.3333333333333366,False,化学制药,False,1.111111111111111,True,falling,False,False,0.0,0.05646924393157816,0.19332354329341064,化学制药,-5.0,-2.0,3.0,0.3,0.5,-0.01925834952520375,0.9225180715110798,-0.028862527624084228,False,False,-0.0019357638040751635,0.040412830583407645,,,,,,,0.9708943882086427,1,2.1034482758620627,single_year_drop,0.05532833351724876,False,stable,13.0,中度恶化-10分; 贝叶斯恶化预警-8分(恶化概率97.1%),,,0,0
301520.SZ,万邦医药,生物制药,1.638,0.035206004030744406,0.06400000000000003,0.06968440408016502,0.6678381507606999,0.029381312076353527,1.28,47.79572743230462,0.10750000000000004,0.4,0.4624327264504764,good,good,good,False,0,False,0,False,0,False,0,0.243620419020289,0.3912543929465841,0.5354919053549192,moderate,False,False,none,0.41500000000000004,0.0,-0.345,-0.76,0.6223659471476791,0.9862092002290515,0.7174502712477394,True,severe,-0.72,0.030000000000000027,-35.025380710659896,-36.0,1.52284263959391,False,生物制药,False,1.0,True,falling,False,False,0.0,0.243620419020289,0.32822966854956453,生物制药,-5.0,-2.0,3.0,0.3,0.5,-0.18197017841645569,0.7222215555855657,-0.4085451353907499,False,True,0.035206004030744406,0.06968440408016502,,,,,,,0.9866768176627332,1,0.0,cliff_drop,0.23533112980103976,False,stable,52.20427256769538,严重恶化-15分; 单年巨幅下滑-15.0分(年跌-36.0%); 加速下滑-0.2分(加速度-0.41); 贝叶斯高置信度恶化-12分(恶化概率98.7%，严重恶化确认); 趋势不可靠-2分(Bootstrap CI过宽: 0.418); 峰值明显下跌-8分(从2.0跌至1.3，跌幅-36.0%),,,0,0
301522.SZ,上大股份,小金属,0.39573600000000003,0.11816619911534995,0.12511999999999998,0.9397322574053829,0.0063967208684284895,0.6763215360759414,0.5488,95.0,0.14105,1.0,0.02748633611151033,has_near_zero,has_near_zero,has_near_zero,False,0,True,5,False,0,True,5,0.5683169117650726,0.20357111779424897,1.3380792853154662,stable,False,False,none,0.1572,0.0,0.08244999999999997,-0.07475000000000004,0.4764759340307737,0.9938605894241698,0.7867472638032739,False,none,0.008099999999999996,0.15679999999999994,42.95389424329251,1.4980580728685031,40.843969783797846,False,小金属,True,1.0,False,rising,True,False,0.0,0.5683169117650726,1.0,小金属,-5.0,-2.0,1.6,0.3,0.24,0.07469152034405957,0.7856273452932594,-0.07810923515203835,False,True,0.11816619911534995,0.9397322574053829,,,,,,,0.07161803713527852,0,0.0,none,0.13399357864987863,False,decreasing_vol,5.0,周期顶部预警-5分(警惕景气回落),,,0,0
301536.SZ,星宸科技,半导体,1.0779,-0.16123539595107078,-0.23700000000000002,0.4069789362620619,0.24681333460882734,-0.1244422279739108,0.62,53.77529208097859,-0.30333333333333334,-0.4,0.4624327264504764,has_near_zero,has_near_zero,has_near_zero,False,0,True,2,False,0,True,2,0.5452065585153213,0.6264423357341041,1.3054830287206267,volatile,False,False,none,0.9850000000000001,0.0,-0.5210000000000001,-1.5060000000000002,0.687074277832133,1.0,0.870742778321331,False,none,0.07999999999999996,-0.95,-58.38926174496645,14.814814814814806,-63.758389261744966,False,半导体,True,3.7777777777777777,True,rising,False,False,0.0,0.5452065585153213,0.9398689505159608,半导体,-5.0,-2.0,3.0,0.3,0.5,-0.30165222580614265,0.6649783492582282,-0.4363865645228551,False,False,-0.16123539595107078,0.4069789362620619,,,,,,,0.6067415730337079,0,0.0,none,0.43690468759240453,False,stable,46.22470791902141,轻度衰退-3.2分(log斜率-0.161); 持续衰退重罚-10.0分(最新<加权); 单年巨幅下滑-15.0分(年跌-63.8%); 相对加权暴跌-15.0分(最新仅为加权57.5%); 趋势不可靠-2分(Bootstrap CI过宽: 0.690); 峰值大幅下跌-15分(从2.0跌至0.6，跌幅-69.6%),,,0,0
301556.SZ,托普云农,软件服务,1.5133,0.13330452242605725,0.23100000000000004,0.9486831346486468,0.005011887564221958,0.16019884554381214,1.83,100.0,0.22666666666666668,1.0,0.02748633611151033,good,good,good,False,0,False,0,False,0,False,0,0.2597460707509452,0.37507332616436484,0.5678670360110804,ultra_stable,False,False,none,0.21999999999999997,0.0,0.19000000000000006,-0.029999999999999916,0.2727888087845869,0.9355670103092784,0.8088125466766244,False,none,0.030000000000000027,0.3500000000000001,26.206896551724146,1.666666666666668,24.137931034482765,False,软件服务,False,1.0,False,rising,False,False,0.0,0.2597460707509452,0.3411301899340895,软件服务,-5.0,-2.0,3.0,0.3,0.5,0.09910679167058956,0.8044652471946857,-0.04003187039799144,False,False,0.13330452242605725,0.9486831346486468,,,,,,,0.07161803713527852,0,0.0,none,0.05907774553107852,False,stable,0.0,,,,0,0
301557.SZ,常友科技,电气设备,2.728,0.008090270214068407,0.0,0.0032814259166318053,0.9271039961614768,-0.023055247333520157,3.17,98.0,0.09625,0.0,1.0,good,good,good,False,0,False,0,False,0,False,0,0.22916274946336432,0.6251559805360578,0.5901759530791789,moderate,False,False,none,-1.6099999999999999,0.0,0.376,1.9859999999999998,0.6825408687529192,1.0,0.8254086875291919,False,none,0.6799999999999997,-0.13999999999999968,20.532319391634985,27.30923694779115,-5.323193916349798,False,电气设备,False,1.2064220183486236,True,rising,False,False,0.0,0.22916274946336432,0.3441864686838413,电气设备,-5.0,-2.0,3.0,0.3,0.5,0.08820909378913111,0.54657133589966,0.22108547409493395,False,False,0.008090270214068407,0.0032814259166318053,,,,,,,0.07161803713527852,0,0.0,none,0.22916274946336432,False,decreasing_vol,2.0,趋势不可靠-2分(Bootstrap CI过宽: 0.396),,,0,0
301563.SZ,N云汉,元器件,2.0503,0.08163920259211084,0.06100000000000001,0.0660527433265609,0.6764071538312286,0.2868669873105407,1.81,77.62047872626759,-0.14249999999999996,0.0,1.0,good,good,good,False,0,True,1,False,0,True,1,0.5088853957952537,1.0340551242559555,1.2992125984251968,volatile,False,False,none,2.6399999999999997,0.0,-0.5639999999999998,-3.2039999999999997,0.6826609843563225,1.0,0.8266098435632244,False,none,0.19999999999999996,-1.1699999999999997,-34.89208633093524,12.422360248447202,-42.086330935251794,False,元器件,False,2.0496894409937885,True,rising,False,False,0.0,0.5088853957952537,0.6804002421020414,元器件,-5.0,-2.0,3.0,0.3,0.5,-0.195596948225516,0.5660792421282195,-0.7590425474648141,False,True,0.08163920259211084,0.0660527433265609,,,,,,,0.6067415730337079,0,0.0,none,0.5066669441842783,False,decreasing_vol,22.379521273732408,单年巨幅下滑-15.0分(年跌-42.1%); 加速下滑-0.4分(加速度-0.76); 趋势不可靠-2分(Bootstrap CI过宽: 1.015); 峰值明显下跌-8分(从3.3跌至1.8，跌幅-45.2%),,,0,0
301566.SZ,达利凯普,元器件,0.3435,0.024281688045602094,0.025,0.2666283592981208,0.3730618059963132,0.13286269946516294,0.28,62.86189985959702,0.021249999999999995,0.2,0.8064959405073401,has_near_zero,has_near_zero,has_near_zero,False,0,True,5,False,0,True,5,0.38148679033724625,0.12817956155331472,1.0416666666666667,volatile,False,False,none,0.175,0.0,-0.12,-0.295,0.7041867959578738,0.9997279651795428,0.9795918367346941,True,severe,-0.08999999999999997,-0.15000000000000002,-46.15384615384615,-24.324324324324316,-28.84615384615385,False,元器件,False,1.0,True,falling,False,False,0.0,0.38148679033724625,0.4385227656031303,元器件,-5.0,-2.0,3.0,0.3,0.5,-0.11128187654537075,0.9825220672262076,-0.27620028080597453,False,True,0.024281688045602094,0.1010998838924163,,,,,,,0.9872029250457038,2,-0.15675675675675718,sustained_decline,0.36289392350458743,True,stable,37.13810014040298,严重恶化-15分; 加速下滑-0.1分(加速度-0.28); 贝叶斯高置信度恶化-12分(恶化概率98.7%，严重恶化确认); 波动聚集提示-2分(大波动后可能跟着大波动); 峰值明显下跌-8分(从0.5跌至0.3，跌幅-46.2%),,,0,0
301571.SZ,国科天成,元器件,0.8464,0.11341680017122098,0.14799999999999996,0.9588451530601119,0.00358814086730862,0.19709179286835687,1.15,94.625,0.14874999999999997,1.0,0.02748633611151033,has_near_zero,has_near_zero,has_near_zero,False,0,True,4,False,0,True,4,0.3000819741943406,0.24066574330386112,0.7356608478802992,ultra_stable,False,False,none,0.07999999999999996,0.0,0.21499999999999997,0.135,0.7725138916953381,1.0,0.9998197548666186,False,none,0.20999999999999996,0.21999999999999997,59.72222222222222,22.34042553191489,30.555555555555554,False,元器件,False,1.0,False,rising,False,False,0.0,0.3000819741943406,0.37339891268880576,元器件,-5.0,-2.0,3.0,0.3,0.5,0.15729596352753772,0.9980526464428869,0.08992088712722895,True,False,0.11341680017122098,0.9588451530601119,,,,,,,0.07161803713527852,0,0.0,none,0.07009211632197106,True,increasing_vol,5.375000000000002,波动率飙升预警-5.4分(近期波动是早期的2.7倍),,,0,0
301580.SZ,爱迪特,医疗保健,1.8875000000000002,0.22542321532859297,0.425,0.8193115225046366,0.03455859798186539,0.2588282553763883,2.26,108.0,0.4733333333333333,0.8,0.0864107329737,good,good,good,False,0,True,1,False,0,True,1,0.42490351967600576,0.7478301946297701,0.9488636363636365,stable,False,False,none,0.565,0.0,0.11499999999999999,-0.44999999999999996,0.4125904010221204,0.8413203900553461,0.18009532455742167,True,moderate,-0.31000000000000005,0.54,11.330049261083744,-12.062256809338525,26.600985221674883,False,医疗保健,False,1.0,True,falling,False,False,0.0,0.42490351967600576,0.47325614907413793,医疗保健,-5.0,-2.0,3.0,0.3,0.5,0.04861993861498548,0.20209924159219383,-0.2754325657979255,False,False,0.22542321532859297,0.8193115225046366,,,,,,,0.4807121661721069,1,0.0,single_year_drop,0.18645325935352733,False,stable,7.0,中度恶化-10分; 趋势不可靠-2分(Bootstrap CI过宽: 0.357),high_growth,"高速成长(稳健CAGR=47.3%, MK趋势=0.80)",1,0
301581.SZ,黄山谷捷,半导体,1.6394,0.2792750431168002,0.458,0.7794894537592681,0.0472564798531921,0.4277667807416661,1.87,108.0,0.525,0.8,0.0864107329737,has_near_zero,has_near_zero,has_near_zero,False,0,True,2,False,0,True,2,0.5682843675785741,0.8535631201030185,1.4447403462050596,moderate,False,False,none,0.62,0.0,0.09000000000000008,-0.5299999999999999,0.403549244792233,0.9696460102581353,0.03329223181257711,True,moderate,-0.75,0.9300000000000002,10.650887573964507,-28.62595419847328,55.02958579881658,False,半导体,False,1.0,True,falling,False,False,0.0,0.5682843675785741,0.5879608273961927,半导体,-5.0,-2.0,3.0,0.3,0.5,0.044099927278117956,0.045200891121836846,-0.3857447982884372,False,False,0.2792750431168002,0.7794894537592681,,,,,,,0.6492985971943889,1,0.0,single_year_drop,0.30082601856602786,False,stable,7.0,中度恶化-10分; 趋势不可靠-2分(Bootstrap CI过宽: 0.412),high_growth,"高速成长(稳健CAGR=52.5%, MK趋势=0.80)",1,0
301589.SZ,诺瓦星云,IT设备,6.031600000000001,0.017536345035150492,0.10799999999999992,0.04047440734375358,0.7455850458255344,0.22897548661448952,6.57,112.7020646827905,0.7312500000000001,0.6,0.22067136191984693,good,good,good,False,0,False,0,False,0,False,0,0.3241351174900307,1.878038870737238,0.8836727649292371,moderate,False,False,none,2.56,0.0,-0.7149999999999999,-3.275,0.6993222169592184,0.9998728595912181,0.4933493100009649,False,none,0.54,-1.9699999999999998,-17.874999999999996,8.955223880597016,-24.624999999999996,False,IT设备,False,1.3266998341625207,True,rising,False,False,0.0,0.3241351174900307,0.436201405213694,IT设备,-5.0,-2.0,3.0,0.3,0.5,-0.09753460167568373,0.46217283631946593,-0.5958706344189969,False,True,0.16956368931786409,0.5058768165595589,,,,,,,0.435483870967742,0,0.0,none,0.24155960828215986,True,decreasing_vol,2.2979353172094985,加速下滑-0.3分(加速度-0.60); 波动聚集提示-2分(大波动后可能跟着大波动),high_growth,"高速成长(稳健CAGR=73.1%, MK趋势=0.60)",1,0
301590.SZ,优优绿能,电气设备,7.8715,0.0,0.0,0.0,1.0,0.0,8.13,100.0,0.0,0.1,1.0,good,good,good,False,0,False,0,False,0,False,0,0.10907511735800088,0.8564578214950228,0.2763627101375446,ultra_stable,False,False,none,-0.8900000000000006,0.0,0.8900000000000006,1.7800000000000011,0.5566282263403619,0.7500000000000001,0.5918997683513095,False,none,-0.3899999999999988,2.17,28.031496062992144,-4.577464788732381,34.17322834645669,False,电气设备,False,1.3417322834645669,True,falling,False,False,0.0,0.10907511735800088,0.26615773168167634,电气设备,-5.0,-2.0,3.0,0.3,0.5,0.12236201100857791,0.611630543711204,0.24472402201715582,True,False,0.0046520697025931755,0.003993156144227431,,,,,,,0.16167664670658682,0,0.0,none,0.10879203233749864,False,stable,0.0,,,,0,0
301592.SZ,六九一二,软件服务,1.4468120000000002,0.035643427687238494,0.062349999999999996,0.11137106843976789,0.583115031597696,0.9891993331070417,1.7583,112.66035606501687,0.35685,0.6,0.22067136191984693,good,good,good,False,0,True,1,False,0,False,0,0.5579474017945526,0.7420254085946114,1.3479758180943215,moderate,False,False,none,0.89635,0.0,-0.07335000000000003,-0.9697,0.7770919363554932,0.9934409631193739,0.6537946877935428,False,none,0.019099999999999895,-0.16579999999999995,-7.700787401574806,1.0982060717571236,-8.703412073490812,False,软件服务,False,1.09533118675253,True,rising,False,False,0.0,0.5579474017945526,0.5924020796693128,软件服务,-5.0,-2.0,3.0,0.3,0.5,-0.03515816377252945,0.6504652150503046,-0.6792878699662628,False,True,0.27828585527445016,0.6691668831611426,,,,,,,0.2783505154639176,0,0.0,none,0.31098562647152767,True,decreasing_vol,2.3396439349831315,加速下滑-0.3分(加速度-0.68); 波动聚集提示-2分(大波动后可能跟着大波动),high_growth,"高速成长(稳健CAGR=35.7%, MK趋势=0.60)",1,0
301598.SZ,博科测试,专用机械,2.11977,0.057848646388392266,0.12918,0.8340285524686462,0.030268607046749347,0.06588485570692959,2.2459,100.0,0.13323750000000004,0.8,0.0864107329737,good,good,good,False,0,False,0,False,0,False,0,0.10862261425581253,0.2232390243662608,0.24615848733444262,ultra_stable,False,False,none,0.235,0.0,0.01794999999999991,-0.21705000000000008,0.5197240745943467,0.9671628721541156,0.2959778737893512,False,none,0.06589999999999963,-0.029999999999999805,1.6244343891402633,3.022935779816496,-1.3574660633484075,False,专用机械,False,1.013761467889908,True,rising,False,False,0.0,0.10862261425581253,0.22206628712330445,专用机械,-5.0,-2.0,3.0,0.3,0.5,0.007350386641995499,0.2927562741710327,-0.09908215440526924,False,False,0.057848646388392266,0.8340285524686462,,,,,,,0.13366336633663367,0,0.0,none,0.043837663609596615,False,decreasing_vol,0.0,,,,0,0
301601.SZ,惠通科技,专用机械,0.9573,-0.004321901260438255,-0.005999999999999961,0.07007611373961153,0.6669283694112267,0.2729426488785214,1.024,99.79845149838117,0.12274999999999998,0.4,0.4624327264504764,has_near_zero,has_near_zero,good,False,0,True,2,False,0,True,1,0.34513959434704966,0.31808065015024095,0.9244791666666666,moderate,False,False,none,0.6249999999999999,0.0,-0.027799999999999957,-0.6527999999999998,0.5880701548986453,1.0,0.07510154898645342,False,none,0.08699999999999997,-0.30499999999999994,-17.552334943639288,9.284951974386335,-24.55716586151368,False,专用机械,False,1.3255069370330843,True,rising,False,False,0.0,0.34513959434704966,0.4528459337487177,专用机械,-5.0,-2.0,3.0,0.3,0.5,-0.07217147321988115,0.46420935773749245,-0.4030970032376678,False,True,0.09791927680442578,0.37816059036243177,,,,,,,0.435483870967742,0,0.0,none,0.2782791698865492,False,decreasing_vol,0.2015485016188339,加速下滑-0.2分(加速度-0.40),,,0,0
301602.SZ,超研股份,医疗保健,0.31410000000000005,0.04498344546063274,0.04700000000000001,0.8054957754198213,0.038785006499318125,0.16120615091657364,0.4,100.0,0.05,0.6,0.22067136191984693,has_near_zero,has_near_zero,has_near_zero,False,0,True,5,False,0,True,5,0.27588242262078083,0.08276472678623424,0.6333333333333334,stable,False,False,none,-0.010000000000000009,0.0,0.054000000000000006,0.06400000000000002,0.23409399887393897,1.0,0.7515463917525773,False,none,0.08000000000000002,-0.02999999999999997,14.285714285714299,25.000000000000007,-8.571428571428562,False,医疗保健,False,1.320754716981132,True,rising,False,False,0.0,0.27588242262078083,0.39680656702744227,医疗保健,-5.0,-2.0,3.0,0.3,0.5,0.023406882342385665,0.37939141050444075,-0.039072441480645176,False,False,0.04498344546063274,0.8054957754198213,,,,,,,0.07161803713527852,0,0.0,none,0.12144957801491113,False,stable,0.0,,,,0,0
301606.SZ,绿联科技,元器件,1.00396,0.05537803849862146,0.07864000000000002,0.7173053125776679,0.07021024187964568,0.07078902901847584,1.1832,91.66857142857143,0.09040000000000002,0.6,0.22067136191984693,has_near_zero,has_near_zero,has_near_zero,False,0,True,3,False,0,True,3,0.15174765383901068,0.14638185679926324,0.3765135179963511,ultra_stable,False,False,none,-0.08000000000000007,0.0,0.12496000000000003,0.2049600000000001,0.5379944331674115,1.0,0.9700243316741146,False,none,0.1432,0.16000000000000003,34.45454545454546,13.769230769230766,18.181818181818183,False,元器件,False,1.0,False,rising,False,False,0.0,0.15174765383901068,0.25473145640454187,元器件,-5.0,-2.0,3.0,0.3,0.5,0.10562324804623113,0.997123088108974,0.11309324107666407,False,False,0.05537803849862146,0.7173053125776679,,,,,,,0.07161803713527852,0,0.0,none,0.08007807522440882,False,increasing_vol,8.331428571428567,"波动率飙升预警-4.3分(近期波动是早期的2.2倍); 趋势不确定预警-4分(Bootstrap CI跨零: [-0.015, 0.107])",,,0,0
301609.SZ,山大电力,电气设备,0.808,0.07406211764936715,0.096,0.7106692121562257,0.07288411758948252,0.11619387270992343,1.04,88.0,0.10124999999999999,0.6,0.22067136191984693,has_near_zero,has_near_zero,has_near_zero,False,0,True,4,False,0,True,4,0.2366592861658546,0.1798610574860495,0.5526315789473685,stable,False,False,none,-0.020000000000000018,0.0,0.20500000000000002,0.22500000000000003,0.609098876688074,0.5714285714285713,0.9998017446471056,False,none,0.20000000000000007,0.20999999999999996,65.07936507936508,23.80952380952382,33.33333333333333,False,电气设备,False,1.0,False,rising,False,False,0.0,0.2366592861658546,0.32266076226601703,电气设备,-5.0,-2.0,3.0,0.3,0.5,0.15749900835780128,0.9981572188306821,0.17426779495753675,True,False,0.07406211764936715,0.7106692121562257,,,,,,,0.07161803713527852,0,0.0,none,0.12695834376925202,False,increasing_vol,12.0,"波动率飙升预警-8.0分(近期波动是早期的6.8倍); 趋势不确定预警-4分(Bootstrap CI跨零: [-0.020, 0.159])",,,0,0
301611.SZ,珂玛科技,半导体,0.37220000000000003,0.015717219633830236,0.016000000000000004,0.3946016775093232,0.256448345050924,0.5243982444638442,0.81,92.0,0.0575,0.8,0.0864107329737,has_near_zero,has_near_zero,has_near_zero,False,0,True,5,False,0,True,5,0.8139220808672825,0.2702221308479378,1.9879518072289157,volatile,False,False,none,0.05500000000000001,0.0,0.275,0.22000000000000003,0.43899117648884944,0.9972527472527473,0.7092060018755861,False,none,0.5800000000000001,-0.03,211.53846153846155,252.17391304347828,-11.538461538461538,False,半导体,False,1.1304347826086956,True,rising,False,False,0.0,0.8139220808672825,0.8018623023749855,半导体,-5.0,-2.0,3.0,0.3,0.5,0.2416507819484209,0.7049383286692026,0.18779416778439229,True,False,0.12015622062782513,0.6259068352025472,,,,,,,0.07161803713527852,0,0.0,none,0.5051807372585978,False,increasing_vol,8.0,波动率飙升预警-8.0分(近期波动是早期的5.5倍),,,0,0
301626.SZ,苏州天脉,元器件,1.4485000000000001,0.21528580071934514,0.355,0.9701946859083452,0.0022037286034180506,0.29874310580999897,2.02,115.0,0.3458333333333333,1.0,0.02748633611151033,has_near_zero,has_near_zero,has_near_zero,False,0,True,2,False,0,True,2,0.4236724125142409,0.5685683775941114,0.9761549925484352,ultra_stable,False,False,none,0.14,0.0,0.394,0.254,0.4802281803379165,1.0,0.9778029730410682,False,none,0.24,0.42999999999999994,49.629629629629626,13.48314606741573,31.851851851851848,False,元器件,False,1.0,False,rising,False,False,0.0,0.4236724125142409,0.47227126334472613,元器件,-5.0,-2.0,3.0,0.3,0.5,0.17198584722526533,0.9608523394464076,-0.051880553278366104,False,True,0.21528580071934514,0.9701946859083452,,,,,,,0.07161803713527852,0,0.0,none,0.06750764063995045,False,stable,0.0,,high_growth,"高速成长(稳健CAGR=34.6%, MK趋势=1.00)",1,0
301628.SZ,强达电路,元器件,1.6460000000000001,0.0,0.0,0.0,1.0,0.04089993648377299,1.89,100.0,0.10499999999999993,0.5,0.26725749315438785,good,good,good,False,0,False,0,False,0,False,0,0.1325934386751735,0.212414688757628,0.37453183520599237,ultra_stable,False,False,none,-0.32000000000000006,0.0,0.17999999999999997,0.5,0.5898004434589801,1.0,0.8980044345898004,False,none,0.2799999999999998,0.0,17.391304347826072,17.391304347826072,0.0,False,元器件,False,1.0,False,rising,False,False,0.0,0.1325934386751735,0.23940808427347215,元器件,-5.0,-2.0,3.0,0.3,0.5,0.06952992216134768,0.7500000000000001,0.06952992216134768,False,False,0.04600519394110867,0.4064726815376639,,,,,,,0.07161803713527852,0,0.0,none,0.10018677976398936,False,decreasing_vol,0.0,,,,0,0
301629.SZ,矽电股份,半导体,2.8518000000000003,-0.008275537155622925,-0.025999999999999978,0.1996054839597967,0.450687479097534,0.27896413961409094,2.97,99.68186308237733,0.2925000000000001,0.2,0.8064959405073401,good,good,good,False,0,False,0,False,0,False,0,0.3537559649187587,0.972121391596749,0.9425036390101891,moderate,False,False,none,1.9999999999999998,0.0,-0.12699999999999992,-2.127,0.6689185385021407,1.0,0.18918538502140614,False,none,0.1200000000000001,-0.8500000000000001,-19.729729729729726,4.210526315789477,-22.972972972972975,False,半导体,False,1.2982456140350878,True,rising,False,False,0.0,0.3537559649187587,0.45610418713968537,半导体,-5.0,-2.0,3.0,0.3,0.5,-0.10517198200763267,0.614851793979874,-0.6362738352453337,False,True,0.16209641133640443,0.3795624743074006,,,,,,,0.435483870967742,0,0.0,none,0.2924211316736391,False,decreasing_vol,0.3181369176226668,加速下滑-0.3分(加速度-0.64),,,0,0
301631.SZ,壹连科技,元器件,4.128900000000001,0.25846082450727087,0.843,0.7234596604005707,0.06776926721145399,0.32109591834607376,4.63,104.0,0.9412499999999999,0.6,0.22067136191984693,good,good,good,False,0,False,0,False,0,False,0,0.4011208338430317,1.5547443519755908,0.9778121775025799,moderate,False,False,none,1.6500000000000001,0.0,-0.0950000000000002,-1.7450000000000003,0.6572714799483003,0.9994004209289806,0.07331437855402151,True,moderate,-0.6799999999999997,0.4899999999999993,-3.9419087136929543,-12.806026365348394,10.165975103734425,False,元器件,False,1.0,True,falling,False,False,0.0,0.4011208338430317,0.45423000040775874,元器件,-5.0,-2.0,3.0,0.3,0.5,-0.019672491998456776,0.08115818416689566,-0.5550255052808062,False,False,0.25846082450727087,0.7234596604005707,,,,,,,0.8223350253807107,1,0.0,single_year_drop,0.2064962841695341,False,decreasing_vol,11.0,"中度恶化-10分; 贝叶斯中度恶化预警-5分(恶化概率82.2%); 趋势不确定预警-4分(Bootstrap CI跨零: [-0.020, 0.551])",high_growth,"高速成长(稳健CAGR=94.1%, MK趋势=0.60)",1,0
301633.SZ,港迪技术,专用机械,1.965515,0.016939914456684347,0.038695000000000014,0.34908402276006417,0.2941338773201808,0.020727358463135115,2.14,98.0,0.10157500000000014,0.6,0.22067136191984693,good,good,good,False,0,False,0,False,0,False,0,0.11753503001895153,0.2260433697324476,0.30064475873544094,ultra_stable,False,False,none,-0.40959999999999996,0.0,0.19336000000000003,0.6029599999999999,0.6133763758116566,1.0,0.9278437581165664,False,none,0.06910000000000016,0.19900000000000007,14.322346279181595,3.3367135062050393,10.630909770821095,False,专用机械,False,1.0,False,rising,False,False,0.0,0.11753503001895153,0.22736135734849455,专用机械,-5.0,-2.0,3.0,0.3,0.5,0.0598566433647606,0.9217389039355552,0.08282510163975365,False,False,0.039389141375103055,0.3301305571245462,,,,,,,0.07161803713527852,0,0.0,none,0.09472819438636486,True,decreasing_vol,2.0,波动聚集提示-2分(大波动后可能跟着大波动),,,0,0
301636.SZ,泽润新能,电气设备,2.4829999999999997,0.0,0.0,0.0,1.0,0.022160773277764667,2.74,100.0,0.028750000000000053,0.3,0.5790997419539189,good,good,good,False,0,False,0,False,0,False,0,0.10576920188014387,0.2601922366251539,0.28861788617886197,ultra_stable,False,False,none,-0.24,0.0,0.3550000000000002,0.5950000000000002,0.5900312420624841,0.7499999999999999,0.9603124206248413,False,none,0.23000000000000043,0.48,34.9753694581281,9.163346613545835,23.645320197044338,False,电气设备,False,1.0,False,rising,False,False,0.0,0.10576920188014387,0.21794869483744844,电气设备,-5.0,-2.0,3.0,0.3,0.5,0.13794135625576232,0.9478790823124972,0.23492471569687068,True,False,0.01638319872586158,0.06417857296580587,,,,,,,0.07161803713527852,0,0.0,none,0.10155281916800894,False,stable,0.0,,,,0,0
301662.SZ,宏工科技,专用机械,3.3942,0.36130537709072275,0.914,0.5642412187564178,0.14331774045186127,0.33174432076603977,3.46,45.57397334090341,0.7333333333333333,0.4,0.4624327264504764,good,good,good,False,0,True,1,False,0,True,1,0.6677636745998211,2.083422664751442,1.4166666666666665,volatile,False,False,none,1.93,0.0,-0.75,-2.6799999999999997,0.611609969746091,0.6977776667686564,0.6094037774005995,True,severe,-1.79,0.29000000000000004,-30.241935483870968,-34.095238095238095,5.846774193548388,False,专用机械,True,6.325301204819278,True,falling,False,False,0.0,0.6677636745998211,1.0,专用机械,-5.0,-2.0,3.0,0.3,0.5,-0.17494509726476537,0.633036505117701,-0.8520533181931816,False,True,0.36130537709072275,0.5642412187564178,,,,,,,0.9866768176627332,1,0.0,cliff_drop,0.4809999446419533,False,decreasing_vol,54.42602665909659,"严重恶化-15分; 单年巨幅下滑-15.0分(年跌-34.1%); 周期回落期-3分(景气下行趋势); 加速下滑-0.4分(加速度-0.85); 贝叶斯高置信度恶化-12分(恶化概率98.7%，严重恶化确认); 趋势不确定预警-4分(Bootstrap CI跨零: [-0.194, 0.909]); 峰值明显下跌-8分(从5.2跌至3.5，跌幅-34.1%)",,,0,0
301668.SZ,C昊创,电气设备,0.9296000000000001,0.1749211776935943,0.23200000000000004,0.9994366839385792,5.675321575437657e-06,0.341443558889033,1.36,100.0,0.22000000000000006,1.0,0.02748633611151033,has_near_zero,has_near_zero,has_near_zero,False,0,True,3,False,0,True,3,0.4278690579761419,0.367967389859482,1.0930232558139537,ultra_stable,False,False,none,0.21,0.0,0.26000000000000006,0.05000000000000007,0.509141692434123,0.9992447129909368,0.9921722113502937,False,none,0.30000000000000004,0.22000000000000008,61.90476190476192,28.301886792452834,26.190476190476204,False,电气设备,False,1.0,False,rising,False,False,0.0,0.4278690579761419,0.4756285797142469,电气设备,-5.0,-2.0,3.0,0.3,0.5,0.17545564682119275,0.9972752842360321,-0.0020738601241914734,False,False,0.1749211776935943,0.9994366839385792,,,,,,,0.07161803713527852,0,0.0,none,0.03370087615392896,True,stable,0.0,波动聚集提示-2分(大波动后可能跟着大波动),,,0,0
301678.SZ,新恒汇,半导体,0.7195,0.15414545184158057,0.185,0.9622546245281096,0.0031482950362239255,0.41421356237309515,1.04,100.0,0.19250000000000003,1.0,0.02748633611151033,has_near_zero,has_near_zero,has_near_zero,False,0,True,4,False,0,True,4,0.4473423967340987,0.29703535143144155,1.1746987951807228,ultra_stable,False,False,none,0.30000000000000004,0.0,0.16799999999999998,-0.13200000000000006,0.3566014460306539,1.0,0.9477501678979179,False,none,0.19000000000000006,0.24,70.49180327868854,22.352941176470594,39.34426229508197,False,半导体,False,1.0,False,rising,False,False,0.0,0.4473423967340987,0.49120725072061233,半导体,-5.0,-2.0,3.0,0.3,0.5,0.16599801818434745,0.9906989743199551,0.005885746616279858,False,False,0.15414545184158057,0.9622546245281096,,,,,,,0.07161803713527852,0,0.0,none,0.07778290065431767,False,stable,0.0,,,,0,0
430017.BJ,星昊医药,化学制药,0.782,-0.006737480194570012,-0.007999999999999997,0.027915871862463408,0.7882605421999097,-0.02742336912358556,0.68,72.93362549376033,-0.009999999999999995,-0.1,1.0,has_near_zero,has_near_zero,has_near_zero,False,0,True,5,False,0,True,5,0.10320254346398597,0.08111719916269297,0.2671755725190839,ultra_stable,False,False,none,0.065,0.0,-0.10499999999999998,-0.16999999999999998,0.5006204986149585,0.7499999999999999,0.9162049861495848,True,severe,-0.15999999999999992,-0.050000000000000044,-23.595505617977526,-19.047619047619037,-5.6179775280898925,False,化学制药,False,1.0,True,falling,False,False,0.0,0.10320254346398597,0.21589536810452212,化学制药,-5.0,-2.0,3.0,0.3,0.5,-0.08260526072887092,0.910750589706926,-0.13274901247931897,False,True,-0.006737480194570012,0.027915871862463408,,,,,,,0.9966790918332769,2,2.390476190476186,accelerating_decline,0.1019400795115019,False,increasing_vol,27.06637450623966,严重恶化-15分; 加速下滑-0.1分(加速度-0.13); 贝叶斯高置信度恶化-12分(恶化概率99.7%，严重恶化确认),,,0,0
430047.BJ,诺思兰德,生物制药,-0.19070000000000004,0.004918185305515782,0.004999999999999999,0.5209737772767212,0.16861404552704493,,-0.17,96.0,-0.00375,0.0,1.0,poor,poor,poor,True,5,True,5,True,5,True,5,0.26965514586460804,0.05069516742254631,0.7446808510638299,moderate,False,False,none,-0.07,0.0,0.045,0.115,0.5129959661153691,0.9932432432432433,0.9067164179104479,False,none,0.01999999999999999,0.07,34.61538461538461,10.52631578947368,26.923076923076927,False,生物制药,False,1.0,False,rising,False,False,0.0,0.26965514586460804,0.34905745002501976,生物制药,-5.0,-2.0,3.0,0.3,0.5,0.043982356288909744,0.9076539997991296,0.11270360534602851,True,False,-0.008914047529990185,0.08021203623322568,,,,,,,0.07161803713527852,0,0.0,none,0.2588136303341035,False,decreasing_vol,4.0,"趋势不确定预警-4分(Bootstrap CI跨零: [-0.001, 0.010])",,,0,0
600032.SH,浙江新能,新型电力,0.25862700000000005,0.004354989766338693,0.004490000000000003,0.15766740896854517,0.5080489421752569,0.11652646398094357,0.2356,64.91383947102206,0.021725000000000005,0.4,0.4624327264504764,has_near_zero,has_near_zero,has_near_zero,False,0,True,5,False,0,True,5,0.3191895731460238,0.08051237793035304,0.876546146527117,moderate,False,False,none,0.11054999999999998,0.0,-0.06854999999999999,-0.17909999999999998,0.5263709745503005,0.9695211826792054,0.9359885628237996,True,severe,-0.037500000000000006,-0.09959999999999997,-36.7856184598873,-13.731233980227026,-26.723906627314186,False,新型电力,False,1.0,True,falling,False,False,0.0,0.3191895731460238,0.3886849918501524,新型电力,-5.0,-2.0,3.0,0.3,0.5,-0.06554855699803379,0.9379265828585209,-0.17232105795588584,False,True,0.020844567350265998,0.17993969242531968,,,,,,,0.9507042253521126,2,-0.48618163610134396,sustained_decline,0.28995172744587056,False,decreasing_vol,35.08616052897794,严重恶化-15分; 加速下滑-0.1分(加速度-0.17); 贝叶斯高置信度恶化-12分(恶化概率95.1%，严重恶化确认); 峰值明显下跌-8分(从0.4跌至0.2，跌幅-36.8%),,,0,0
600055.SH,万东医疗,医疗保健,0.2792,-0.04346205469648618,-0.045599999999999995,0.9164452102396818,0.010519627690586892,-0.1451668290237509,0.22,62.0,-0.047666666666666656,-0.8,0.0864107329737,has_near_zero,has_near_zero,has_near_zero,False,0,True,5,False,0,True,5,0.24968731816568016,0.0754055700860354,0.6357615894039734,ultra_stable,False,False,none,-0.07299999999999998,0.0,-0.023000000000000007,0.049999999999999975,0.5284670519961597,0.9994373593398348,0.6852331606217618,True,moderate,-0.05000000000000002,0.0040000000000000036,-17.29323308270677,-18.518518518518523,1.5037593984962419,False,医疗保健,False,1.0150375939849625,True,falling,False,False,0.0,0.24968731816568016,0.33508820039720577,医疗保健,-5.0,-2.0,3.0,0.3,0.5,-0.0223480535825053,0.6856108290991202,0.046749366487803146,False,False,-0.04346205469648618,0.9164452102396818,,,,,,,0.9487554904831625,1,0.0,single_year_drop,0.07311810133698286,False,decreasing_vol,38.0,中度恶化-10分; 贝叶斯恶化预警-8分(恶化概率94.9%); 峰值明显下跌-8分(从0.4跌至0.2，跌幅-46.6%); 智能连续下跌-12分(3年实质性下跌，累计跌幅-46.6%),,,0,0
600062.SH,华润双鹤,化学制药,1.2557749999999999,0.104208944638818,0.16439,0.883705684878869,0.017458467732204514,0.13230168842204293,1.5838,100.0,0.18917500000000004,0.8,0.0864107329737,has_near_zero,has_near_zero,has_near_zero,False,0,True,2,False,0,True,2,0.236256877824863,0.2772663466777027,0.5853030896913717,ultra_stable,False,False,none,-0.06659999999999999,0.0,0.22374,0.29034,0.5572589463242972,1.0,0.9919094632429718,False,none,0.2836000000000001,0.17670000000000008,40.97018246550959,21.81202891862791,15.727636849132184,False,化学制药,False,1.0,False,rising,False,False,0.0,0.236256877824863,0.32233883559322374,化学制药,-5.0,-2.0,3.0,0.3,0.5,0.13715162576285833,0.9893547059594948,0.08178390193105312,True,False,0.104208944638818,0.883705684878869,,,,,,,0.07161803713527852,0,0.0,none,0.08224555835074851,False,increasing_vol,0.0,,,,0,0
600066.SH,宇通客车,汽车整车,0.8172,0.06652482114313604,0.074,0.24145534038519623,0.40053306254218085,0.7251362950710243,1.86,107.0,0.34125,1.0,0.02748633611151033,has_near_zero,has_near_zero,has_near_zero,False,0,True,4,False,0,True,5,0.9833394312453393,0.6903042807342281,2.350427350427351,volatile,False,False,none,0.06500000000000002,0.0,0.76,0.695,0.6344745276981719,0.998031496062992,0.9567137809187279,False,none,1.04,0.4799999999999999,447.05882352941177,126.82926829268293,141.17647058823525,False,汽车整车,False,1.0,False,rising,False,False,0.0,0.9833394312453393,0.9200048783296048,汽车整车,-5.0,-2.0,3.0,0.3,0.5,0.5227225624545685,0.9858981645526127,0.46008156166869185,True,False,0.2813199124690942,0.8266257392012306,,,,,,,0.07161803713527852,0,0.0,none,0.4678787885669779,True,increasing_vol,8.0,波动率飙升预警-8.0分(近期波动是早期的11.7倍),high_growth,"高速成长(稳健CAGR=34.1%, MK趋势=1.00)",1,0
600071.SH,凤凰光学,元器件,-0.0382,0.0004995485316923655,0.0004999999999999998,0.004030134104779841,0.9192248297702631,,0.05,77.60960143388863,-0.0125,-0.3,0.6133543559547467,has_loss,has_loss,has_near_zero,True,1,True,5,False,0,True,5,5.44803840377246,0.1525450753056289,12.499999999999998,high_volatility,False,False,none,-0.015000000000000001,0.0,0.014999999999999993,0.029999999999999992,0.14403887614095523,0.9642857142857143,0.00597874224977856,False,none,0.35,-0.32,150.0,116.66666666666667,-1600.0,False,元器件,False,1.0,False,rising,False,False,0.0,5.44803840377246,1.0,元器件,-5.0,-2.0,3.0,0.3,0.5,0.014990261581369568,0.0061277596773919125,0.029980523162739133,False,False,-0.033566238856944944,0.12417650332204157,,,,,,,0.07161803713527852,0,0.0,none,5.098519192783692,True,increasing_vol,22.390398566111372,单年巨幅下滑-15.0分(年跌-1600.0%); 波动率飙升预警-8.0分(近期波动是早期的22.3倍),,,0,0
600072.SH,中船科技,电气设备,0.125613,-0.01947670273949613,-0.019690000000000006,0.5851051043560969,0.13189028935669728,-0.15975117584285636,0.0972,46.0,-0.023650000000000004,-0.8,0.0864107329737,has_near_zero,has_near_zero,has_near_zero,False,0,True,5,False,0,True,5,0.3094648957382933,0.04070082308750033,0.7436131386861314,stable,False,False,none,-0.0863,0.0,-0.007640000000000003,0.07866,0.3981726647582201,1.0,0.18365731330509935,True,severe,-0.0102,-0.04189999999999999,-34.89618218352311,-9.497206703910615,-28.064300066979236,False,电气设备,False,1.373505059797608,True,falling,False,False,0.0,0.3094648957382933,0.43070592456364903,电气设备,-5.0,-2.0,3.0,0.3,0.5,-0.025851618586177634,0.8904600621616068,-0.0033345995982016,False,False,-0.01947670273949613,0.5851051043560969,,,,,,,0.9507042253521126,2,-0.6615911787842829,sustained_decline,0.19933642435353072,True,decreasing_vol,54.0,"严重恶化-15分; 贝叶斯高置信度恶化-12分(恶化概率95.1%，严重恶化确认); 波动聚集提示-2分(大波动后可能跟着大波动); 趋势不确定预警-4分(Bootstrap CI跨零: [-0.031, 0.005]); 峰值大幅下跌-15分(从0.2跌至0.1，跌幅-50.2%); 连续下跌警示-6分(2年下跌，累计-50.2%)",,,0,0
600079.SH,人福医药,化学制药,1.0681000000000003,0.0476941772418228,0.06700000000000002,0.09884882192064387,0.6063869614826487,0.029491459347960935,0.82,47.747945792960536,0.061249999999999985,0.2,0.8064959405073401,has_near_zero,has_near_zero,has_near_zero,False,0,True,3,False,0,True,3,0.3429411083713452,0.35940228157316984,0.7729007633587787,moderate,False,False,none,0.405,0.0,-0.36000000000000004,-0.7650000000000001,0.6323017919201803,0.841010083746368,0.9520078354554355,True,severe,-0.5000000000000001,-0.21999999999999997,-46.753246753246756,-37.87878787878788,-14.285714285714285,False,化学制药,False,1.0,True,falling,False,False,0.0,0.3429411083713452,0.40768622003040955,化学制药,-5.0,-2.0,3.0,0.3,0.5,-0.23426939924846857,0.9337207673775728,-0.5041084140789307,False,True,0.0476941772418228,0.09884882192064387,,,,,,,0.9989727443734407,2,1.651515151515152,accelerating_decline,0.327705014828549,False,stable,52.252054207039464,严重恶化-15分; 单年巨幅下滑-15.0分(年跌-37.9%); 加速下滑-0.3分(加速度-0.50); 贝叶斯高置信度恶化-12分(恶化概率99.9%，严重恶化确认); 趋势不可靠-2分(Bootstrap CI过宽: 0.528); 峰值明显下跌-8分(从1.5跌至0.8，跌幅-46.8%),,,0,0
600099.SH,林海股份,汽车整车,0.056198,0.011839047869719158,0.01186,0.8737427793632894,0.019814636971322276,0.24289418360265547,0.084,92.0,0.011349999999999999,1.0,0.02748633611151033,has_near_zero,has_near_zero,has_near_zero,False,0,True,5,False,0,True,5,0.3811473951284757,0.02006359887956296,0.9270516717325229,stable,False,False,none,0.0038999999999999972,0.0,0.020500000000000004,0.016600000000000007,0.573015045074367,0.9825581395348836,0.9950670876085244,False,none,0.023000000000000007,0.018000000000000002,95.34883720930235,37.7049180327869,41.86046511627908,False,汽车整车,False,1.0,False,rising,False,False,0.0,0.3811473951284757,0.43825124943611393,汽车整车,-5.0,-2.0,3.0,0.3,0.5,0.02045738425051772,0.9951176892841581,0.016560371834758097,False,False,0.011839047869719158,0.8737427793632894,,,,,,,0.07161803713527852,0,0.0,none,0.13553103171740274,True,increasing_vol,8.0,波动率飙升预警-8.0分(近期波动是早期的5.3倍),,,0,0
600100.SH,同方股份,IT设备,-0.18608000000000002,0.036367264916984804,0.039400000000000004,0.051771981469103036,0.7128135418391255,,0.042,98.0,0.069075,0.4,0.4624327264504764,poor,poor,poor,True,3,True,5,True,3,True,5,1.34014262118055,0.26521422473163087,3.2819605861546237,high_volatility,False,False,none,-0.6421000000000001,0.0,0.19505,0.8371500000000001,0.6564088234998052,1.0,0.8897882349980522,False,none,0.2703,0.0020000000000000018,118.23708206686929,118.39684625492772,0.8684324793747293,False,IT设备,False,1.0,False,rising,False,False,0.0,1.34014262118055,1.0,IT设备,-5.0,-2.0,3.0,0.3,0.5,0.13514949533336074,0.7554087483850997,0.2666017098178494,False,False,0.036367264916984804,0.051771981469103036,,,,,,,0.07161803713527852,0,0.0,none,1.3026471998121067,False,decreasing_vol,2.0,趋势不可靠-2分(Bootstrap CI过宽: 0.442),,,0,0
600161.SH,天坛生物,生物制药,0.644,0.053865884436152846,0.06400000000000002,0.8134794649065551,0.03631932276448095,0.11206739220322648,0.78,95.0,0.06374999999999997,0.8,0.0864107329737,has_near_zero,has_near_zero,has_near_zero,False,0,True,5,False,0,True,5,0.18356008718932834,0.11233877335986896,0.4411764705882352,ultra_stable,False,False,none,0.010000000000000009,0.0,0.125,0.11499999999999999,0.4332365787079163,0.10714285714285757,0.9952229299363057,False,none,0.10999999999999999,0.14,47.16981132075471,16.41791044776119,26.41509433962264,False,生物制药,False,1.0754716981132073,True,rising,False,False,0.0,0.18356008718932834,0.290244296166557,生物制药,-5.0,-2.0,3.0,0.3,0.5,0.10454609039211898,0.9927374827811234,0.0956739644548526,False,False,0.053865884436152846,0.8134794649065551,,,,,,,0.07161803713527852,0,0.0,none,0.07971445044215984,False,increasing_vol,5.000000000000007,波动率飙升预警-5.0分(近期波动是早期的2.5倍),,,0,0
600163.SH,中闽能源,新型电力,0.353325,-0.0060648652436959775,-0.006440000000000001,0.41369834043979287,0.24168536128509666,0.04441423115398302,0.3422,99.96775726136558,-0.000125000000000014,0.0,1.0,has_near_zero,has_near_zero,has_near_zero,False,0,True,5,False,0,True,5,0.10804944725549341,0.03768332522482589,0.2738272737699276,ultra_stable,False,False,none,0.08679999999999999,0.0,-0.012320000000000003,-0.09911999999999999,0.5453789803374982,1.0,0.7555498033749818,False,none,-0.01429999999999998,-0.026600000000000013,-10.67606369094231,-4.011220196353431,-6.943356825894026,False,新型电力,False,1.0,True,falling,False,False,0.0,0.10804944725549341,0.21977289113772808,新型电力,-5.0,-2.0,3.0,0.3,0.5,-0.01922408711487894,0.971293859818072,-0.06448547726883727,False,True,0.008733685242133443,0.14930364983742203,,,,,,,0.32530120481927716,0,-0.4222938130740606,none,0.09980683104527122,False,decreasing_vol,0.032242738634418636,加速下滑-0.0分(加速度-0.06),,,0,0
600171.SH,上海贝岭,半导体,0.52,-0.03178462132125659,-0.03799999999999999,0.5271756165273128,0.1648515503006464,,0.56,85.0,-0.12587500000000001,-0.6,0.22067136191984693,has_loss,has_loss,has_near_zero,True,1,True,4,False,0,True,5,0.7341244333421556,0.41500054216832055,1.9989386166637184,high_volatility,False,False,none,-0.09175,0.0,-0.003249999999999975,0.08850000000000002,0.118447397497803,0.14769631946241601,7.425007425007309e-05,False,none,0.65,-0.6565,-1.1473962930273522,722.2222222222223,-115.88702559576345,False,半导体,True,inf,True,rising,False,False,0.0,0.7341244333421556,1.0,半导体,-5.0,-2.0,3.0,0.3,0.5,-0.0028317114937045917,6.11995219753015e-05,0.07379813031573229,False,False,-0.13171020819743579,0.3130713591708491,,,,,,,0.2783505154639176,0,0.0,none,0.600468887013731,True,increasing_vol,15.0,单年巨幅下滑-15.0分(年跌-115.9%); 波动聚集风险-6分(ARCH效应+波动上升); 峰值明显下跌-8分(从1.0跌至0.6，跌幅-46.2%),,,0,0
600183.SH,生益科技,元器件,0.7521000000000001,0.0,0.0,0.0,1.0,0.0,0.74,92.0,-0.05999999999999999,-0.3,0.6133543559547467,has_near_zero,has_near_zero,has_near_zero,False,0,True,4,False,0,True,5,0.35283383800956025,0.27309339061939963,0.9431524547803617,moderate,False,False,none,0.49,0.0,-0.163,-0.653,0.4406336728349053,1.0,0.4474778947368423,False,none,0.24,-0.16000000000000003,12.121212121212114,48.0,-24.242424242424246,False,元器件,False,2.46,True,rising,False,False,0.0,0.35283383800956025,0.6102670704076483,元器件,-5.0,-2.0,3.0,0.3,0.5,0.03276919519055754,0.0990830189385891,0.06553839038111509,False,False,-0.05538260711327042,0.18364530534327622,,,,,,,0.07161803713527852,0,0.0,none,0.3197707044439828,False,decreasing_vol,8.0,峰值明显下跌-8分(从1.2跌至0.7，跌幅-39.8%),,,0,0
600192.SH,长城电工,电气设备,-0.355028,-0.008196036551393508,-0.009359999999999997,0.01429727766749862,0.84812074717666,,-0.5092,57.904471173106984,0.019599999999999992,0.2,0.8064959405073401,poor,poor,poor,True,5,True,5,True,5,True,5,0.3292914830925594,0.11598304617486126,0.7390267446482311,moderate,False,False,none,0.08535000000000001,0.0,-0.119,-0.20435,0.49200555746921043,0.8310690866969197,0.6802864879951845,True,severe,-0.2603,0.022299999999999986,-87.75811209439527,-104.58015267175571,8.22271386430678,False,电气设备,False,1.0,True,falling,False,False,0.0,0.3292914830925594,0.39676651980738087,电气设备,-5.0,-2.0,3.0,0.3,0.5,-0.11072218552159824,0.6775326291877949,-0.19105765378602485,False,True,-0.008196036551393508,0.01429727766749862,,,,,,,0.9866768176627332,1,0.0,cliff_drop,0.32659975086595117,False,increasing_vol,42.095528826893016,严重恶化-15分; 单年巨幅下滑-15.0分(年跌-104.6%); 加速下滑-0.1分(加速度-0.19); 贝叶斯高置信度恶化-12分(恶化概率98.7%，严重恶化确认),,,0,0
600196.SH,复星医药,化学制药,1.2758,-0.10648915837730477,-0.174,0.5537925762145927,0.1492257979064158,-0.07652673811179478,1.04,73.0,-0.18749999999999994,-0.5,0.3122163883433192,good,good,good,False,0,True,1,False,0,True,1,0.28377666411040137,0.37685540993861294,0.7228915662650603,stable,False,False,none,0.42000000000000015,0.0,-0.297,-0.7170000000000001,0.6079653783263366,1.0,0.7945683015808676,False,none,0.15000000000000002,-0.5399999999999999,-27.272727272727266,16.853932584269664,-37.76223776223776,False,化学制药,False,2.0786516853932584,True,rising,False,False,0.0,0.28377666411040137,0.5041748893407556,化学制药,-5.0,-2.0,3.0,0.3,0.5,-0.12295971166127617,0.45963135669667127,-0.12295971166127617,False,False,-0.10648915837730477,0.5537925762145927,,,,,,,0.435483870967742,0,0.0,none,0.1939353255843502,False,stable,27.0,"单年巨幅下滑-15.0分(年跌-37.8%); 趋势不确定预警-4分(Bootstrap CI跨零: [-0.295, 0.031]); 峰值明显下跌-8分(从1.9跌至1.0，跌幅-43.8%)",,,0,0
600211.SH,西藏药业,生物制药,2.2679,0.2328914101465706,0.5529999999999999,0.5729921909307558,0.1384652749321085,0.17850851259181333,3.26,111.0,0.5816666666666667,0.6,0.22067136191984693,good,good,good,False,0,True,1,False,0,True,1,0.5184380844979084,1.0897568536146034,1.1512844909609896,moderate,False,False,none,-0.85,0.0,0.9,1.75,0.68924439743505,1.0,0.892443974350499,False,none,0.029999999999999805,1.74,118.79194630872483,0.9287925696594366,116.7785234899329,False,生物制药,False,1.0,False,rising,False,False,0.0,0.5184380844979084,0.5480838009316601,生物制药,-5.0,-2.0,3.0,0.3,0.5,0.3542027421529236,0.7593523238426904,0.4074706102096224,False,False,0.2328914101465706,0.5729921909307558,,,,,,,0.07161803713527852,0,0.0,none,0.309429599189149,False,stable,4.0,"趋势不确定预警-4分(Bootstrap CI跨零: [-0.122, 0.580])",high_growth,"高速成长(稳健CAGR=58.2%, MK趋势=0.60)",1,0
600216.SH,浙江医药,化学制药,0.8204,0.0150870418394349,0.02799999999999998,0.008853026275916073,0.8803772275433714,0.12701845247412735,1.21,98.0,-0.027500000000000007,0.0,1.0,has_near_zero,has_near_zero,has_near_zero,False,0,True,3,False,0,True,3,0.40569426019476873,0.3294237392781522,0.9359605911330049,volatile,False,False,none,-0.09499999999999997,0.0,0.32499999999999996,0.41999999999999993,0.3631684585520569,0.1251733703190013,0.6261114404267931,False,none,0.76,-0.11000000000000004,116.07142857142854,168.88888888888889,-19.64285714285715,False,化学制药,False,2.4222222222222225,True,rising,False,False,0.0,0.40569426019476873,0.647518371118778,化学制药,-5.0,-2.0,3.0,0.3,0.5,0.24406759784150311,0.604073322139752,0.3235291511446446,False,False,0.0150870418394349,0.008853026275916073,,,,,,,0.07161803713527852,0,0.0,none,0.40201390666213127,False,stable,2.0,趋势不可靠-2分(Bootstrap CI过宽: 0.526),,,0,0
600237.SH,铜峰电子,元器件,0.11677700000000002,0.033035173739779246,0.03319,0.8360820487279234,0.029687594835323187,0.8092176081223301,0.15,98.0,0.031974999999999996,0.9,0.04326272780691066,has_near_zero,has_near_zero,has_near_zero,False,0,True,5,False,0,True,5,0.5369937942557573,0.05736167710239999,1.2731698183860698,moderate,False,False,none,0.058,0.0,0.009999999999999995,-0.04800000000000001,0.5314558324159926,0.9685583241599254,0.7500000000000001,False,none,0.0,0.01999999999999999,15.384615384615378,0.0,15.384615384615378,False,元器件,False,1.0,False,falling,False,False,0.0,0.5369937942557573,0.5629283687379392,元器件,-5.0,-2.0,3.0,0.3,0.5,0.009903264924313718,0.7500000000000001,-0.047915258890352024,False,False,0.033035173739779246,0.8360820487279234,,,,,,,0.16167664670658682,0,0.0,none,0.2168206368401554,True,decreasing_vol,2.0,波动聚集提示-2分(大波动后可能跟着大波动),,,0,0
600241.SH,时代万恒,电气设备,0.07800000000000001,0.05980196159806963,0.06,0.49870471188721194,0.18251578886623115,,0.07,42.90793140206245,0.04625,0.6,0.22067136191984693,poor,poor,poor,True,2,True,5,True,2,True,5,2.2422706745122856,0.13453624047073712,5.166666666666667,high_volatility,False,False,none,0.135,0.0,-0.05,-0.185,0.4734048713806387,0.8832794830371565,0.4807692307692309,True,severe,-0.13999999999999999,0.03999999999999998,-58.82352941176471,-66.66666666666666,23.52941176470587,False,电气设备,False,1.0,True,falling,False,False,0.0,2.2422706745122856,1.0,电气设备,-5.0,-2.0,3.0,0.3,0.5,-0.04962433845789678,0.48303707137677676,-0.18413719587509825,False,True,0.05980196159806963,0.49870471188721194,,,,,,,0.9866768176627332,1,0.0,cliff_drop,1.5898986690282428,False,decreasing_vol,57.09206859793755,严重恶化-15分; 单年巨幅下滑-15.0分(年跌-66.7%); 加速下滑-0.1分(加速度-0.18); 贝叶斯高置信度恶化-12分(恶化概率98.7%，严重恶化确认); 峰值大幅下跌-15分(从0.2跌至0.1，跌幅-66.7%),,,0,0
600255.SH,鑫科材料,小金属,0.020200000000000003,0.0,0.0,0.0,1.0,,0.03,83.0,0.0,-0.1,1.0,has_loss,has_loss,has_near_zero,True,1,True,5,False,0,True,5,1.378704626191191,0.0303315017762062,3.6363636363636367,high_volatility,False,False,none,0.0,0.0,-0.008,-0.008,0.01651298527443102,0.0,0.08888888888888889,False,none,0.06,-0.08,-40.00000000000001,200.0,-160.0,False,小金属,True,inf,True,rising,True,False,0.0,1.378704626191191,1.0,小金属,-5.0,-2.0,1.6,0.3,0.24,-0.009991844123912205,0.057630270836988524,-0.019983688247824413,False,False,-0.005999100364304852,0.09784590862576488,,,,,,,0.6067415730337079,0,0.0,none,1.3095327537170849,True,increasing_vol,17.0,单年巨幅下滑-15.0分(年跌-160.0%); 波动率飙升预警-8.0分(近期波动是早期的7.0倍); 峰值明显下跌-8分(从0.1跌至0.0，跌幅-40.0%),,,0,0
600262.SH,北方股份,专用机械,0.7506,0.13202195328334912,0.162,0.9954201339078486,0.00013172426806905448,0.28929240884716356,1.05,100.0,0.16333333333333333,1.0,0.02748633611151033,has_near_zero,has_near_zero,has_near_zero,False,0,True,4,False,0,True,4,0.36615506094607414,0.257040852784144,0.9544159544159545,ultra_stable,False,False,none,0.15999999999999998,0.0,0.17500000000000004,0.015000000000000069,0.3157496433515872,0.9986996098829648,0.9784345047923323,False,none,0.22000000000000008,0.13,50.000000000000014,26.506024096385556,18.571428571428573,False,专用机械,False,1.0,False,rising,False,False,0.0,0.36615506094607414,0.4262573820901927,专用机械,-5.0,-2.0,3.0,0.3,0.5,0.13181208289589968,0.9845971244249515,-0.008820004413498228,False,False,0.13202195328334912,0.9954201339078486,,,,,,,0.07161803713527852,0,0.0,none,0.030552151836933345,False,stable,0.0,,,,0,0
600267.SH,海正药业,化学制药,0.3341,0.0,0.0,0.0,1.0,,0.52,77.0,-0.0025000000000000022,-0.1,1.0,has_loss,has_loss,has_near_zero,True,1,True,5,False,0,True,5,0.6990659572224376,0.24047868928451852,1.744186046511628,high_volatility,False,False,none,-0.0050000000000000044,0.0,0.05000000000000002,0.05500000000000002,0.1309423024108792,0.7500000000000001,0.024193548387096784,False,none,0.6,-0.5,23.80952380952382,750.0,-119.04761904761905,False,化学制药,False,1.0,False,rising,False,False,0.0,0.6990659572224376,0.6925860991112834,化学制药,-5.0,-2.0,3.0,0.3,0.5,0.045244118313297554,0.021105147581649605,0.04984576411917513,False,False,-0.03350885209063799,0.05147522850168415,,,,,,,0.07161803713527852,0,0.0,none,0.6824124037198299,True,increasing_vol,23.0,单年巨幅下滑-15.0分(年跌-119.0%); 波动率飙升预警-8.0分(近期波动是早期的110.0倍),,,0,0
600268.SH,国电南自,电气设备,0.27140000000000003,0.0372652091162319,0.038000000000000006,0.3213002893746215,0.31905046860604064,0.3579060687170441,0.34,98.0,0.058333333333333334,0.4,0.4624327264504764,has_near_zero,has_near_zero,has_near_zero,False,0,True,5,False,0,True,5,0.41155643382755186,0.10700467279516349,1.0384615384615385,moderate,False,False,none,0.27,0.0,-0.00399999999999999,-0.274,0.4366297101449276,1.0,0.005797101449275335,False,none,0.07,0.05000000000000002,54.545454545454554,25.925925925925924,22.727272727272734,False,电气设备,False,1.6818181818181819,True,rising,False,False,0.0,0.41155643382755186,0.5534875713044658,电气设备,-5.0,-2.0,3.0,0.3,0.5,0.057752722102999976,0.991624857180266,-0.0014616921673373529,False,False,0.0372652091162319,0.3213002893746215,,,,,,,0.07161803713527852,0,0.0,none,0.3405529787873639,True,decreasing_vol,2.0,波动聚集提示-2分(大波动后可能跟着大波动),,,0,0
600276.SH,恒瑞医药,化学制药,0.8257,-0.028099852547459704,-0.04099999999999998,0.05836917880864841,0.6954082287379468,-0.042556269523784884,1.0,98.0,-0.031249999999999972,-0.2,0.8064959405073401,has_near_zero,has_near_zero,has_near_zero,False,0,True,3,False,0,True,3,0.2944134403702054,0.2467184630302321,0.6921241050119332,moderate,False,False,none,-0.29,0.0,0.195,0.485,0.572435631356689,0.8748266296809986,0.8795296838858906,False,none,0.31999999999999995,0.07000000000000006,63.934426229508205,47.058823529411754,11.475409836065584,False,化学制药,False,1.0,False,rising,False,False,0.0,0.2944134403702054,0.3688640856294977,化学制药,-5.0,-2.0,3.0,0.3,0.5,0.1519963476851965,0.8886895672898116,0.36808365899058043,True,False,-0.028099852547459704,0.05836917880864841,,,,,,,0.07161803713527852,0,0.0,none,0.284068454210539,False,stable,2.0,趋势不可靠-2分(Bootstrap CI过宽: 0.387),,,0,0
600301.SH,华锡有色,小金属,0.4484,0.20008943635572884,0.22800000000000004,0.7751783693768317,0.048725370861713246,1.2581008643532257,1.04,105.3529411764706,0.22,0.8,0.0864107329737,has_near_zero,has_near_zero,has_near_zero,False,0,True,4,False,0,True,4,1.0855063794022548,0.4124924241728568,2.6315789473684212,volatile,False,False,none,0.020000000000000004,0.0,0.48,0.45999999999999996,0.49562632462930495,0.0398671096345515,0.9963961366584978,False,none,0.53,0.43,1200.0,103.921568627451,537.5,False,小金属,True,2.875,True,rising,True,False,0.0,1.0855063794022548,1.0,小金属,-5.0,-2.0,1.6,0.3,0.24,0.4147310082616741,0.9999606223426479,0.3947682230174392,False,False,0.20008943635572884,0.7751783693768317,,,,,,,0.07161803713527852,0,0.0,none,0.5275643086136436,True,increasing_vol,9.647058823529411,"周期顶部预警-5分(警惕景气回落); 波动率飙升预警-5.6分(近期波动是早期的2.8倍); 趋势不确定预警-4分(Bootstrap CI跨零: [-0.001, 0.415])",high_growth,"高速成长(稳健CAGR=22.0%, MK趋势=0.80)",1,0
600312.SH,平高电气,电气设备,0.387456,0.17248317353217596,0.18712,0.8399097675511212,0.02861617192694632,0.687869665054101,0.754,92.0,0.16735416666666666,0.8,0.0864107329737,has_near_zero,has_near_zero,has_near_zero,False,0,True,5,False,0,True,5,0.9743761991600164,0.32283032230569664,2.1181938911022575,volatile,False,False,none,0.0317,0.0,0.29885,0.26715,0.4825689159507418,0.3651299653724431,0.9262591941349749,False,none,0.15280000000000005,0.44489999999999996,382.40563019833655,25.415834996673333,284.64491362763914,False,电气设备,False,1.0,False,rising,False,False,0.0,0.9743761991600164,0.9128342926613464,电气设备,-5.0,-2.0,3.0,0.3,0.5,0.2703368032002924,0.913761949454639,0.23888499629836565,True,False,0.17248317353217596,0.8399097675511212,,,,,,,0.07161803713527852,0,0.0,none,0.3898623543524912,False,increasing_vol,8.0,波动率飙升预警-8.0分(近期波动是早期的4.1倍),,,0,0
600320.SH,振华重工,专用机械,0.089,0.005975750221413239,0.006000000000000001,0.4997240896400446,0.1818658122793281,0.05737126344056409,0.1,94.0,0.0058333333333333345,0.4,0.43342193095607373,has_near_zero,has_near_zero,has_near_zero,False,0,True,5,False,0,True,5,0.1560047426162644,0.01341640786499874,0.34883720930232553,ultra_stable,False,False,none,-0.0049999999999999975,0.0,0.015,0.019999999999999997,0.4225185185185183,0.7500000000000001,0.7499999999999999,False,none,0.0,0.03,42.85714285714285,0.0,42.85714285714285,False,专用机械,False,1.0,False,falling,False,False,0.0,0.1560047426162644,0.25813712742634487,专用机械,-5.0,-2.0,3.0,0.3,0.5,0.014945559939902868,0.7500000000000001,0.01993153617745034,False,False,0.005975750221413239,0.4997240896400446,,,,,,,0.16167664670658682,0,0.0,none,0.1103120114012225,False,increasing_vol,6.000000000000003,波动率飙升预警-6.0分(近期波动是早期的3.0倍),,,0,0
600353.SH,旭光电子,元器件,0.130405,0.006647824993091483,0.006690000000000004,0.8874809353317484,0.016594632265490124,0.05506976593955781,0.1228,91.96578782593237,0.006862500000000002,0.4,0.4624327264504764,has_near_zero,has_near_zero,has_near_zero,False,0,True,5,False,0,True,5,0.2495024577702011,0.031701782284281756,0.6374940972768771,moderate,False,False,none,0.04050000000000001,0.0,-0.028650000000000002,-0.06915000000000002,0.4756711456852296,0.8214886711941826,0.7969227856581133,False,none,-0.003600000000000006,-0.0537,-31.81565796779567,-2.8481012658227893,-29.81676846196557,False,元器件,False,1.0,True,falling,False,False,0.0,0.2495024577702011,0.3329352995494942,元器件,-5.0,-2.0,3.0,0.3,0.5,-0.028323440053328486,0.7970980184234486,-0.06842434813526446,False,True,0.006647824993091483,0.1121982673644673,,,,,,,0.6585365853658537,0,-0.9044798811965207,none,0.23520377815888774,False,stable,8.034212174067632,加速下滑-0.0分(加速度-0.07); 峰值明显下跌-8分(从0.2跌至0.1，跌幅-31.8%),,,0,0
600363.SH,联创光电,元器件,0.6055,-0.009944345045574865,-0.0115,0.20072496124555814,0.4492628502785798,-0.034535057191563134,0.53,82.6470588235294,-0.0008333333333333341,0.0,1.0,has_near_zero,has_near_zero,has_near_zero,False,0,True,5,False,0,True,5,0.1528780779381201,0.0920326029187483,0.38205980066445183,stable,False,False,none,-0.0050000000000000044,0.0,-0.034999999999999976,-0.02999999999999997,0.10292742130910036,0.010273972602739751,0.09696569920844317,True,moderate,-0.21999999999999997,0.15000000000000002,-11.666666666666659,-29.33333333333333,25.000000000000007,False,元器件,False,1.4423076923076923,True,falling,False,False,0.0,0.1528780779381201,0.3146101546581884,元器件,-5.0,-2.0,3.0,0.3,0.5,-0.030471242710740087,0.10414399189586265,-0.026193246252288804,False,False,0.005512177942677688,0.01260027097909601,,,,,,,0.9025069637883009,1,0.0,single_year_drop,0.15176852823429626,True,increasing_vol,17.35294117647059,中度恶化-10分; 贝叶斯恶化预警-8分(恶化概率90.3%); 波动率飙升预警-4.4分(近期波动是早期的2.2倍),,,0,0
600375.SH,汉马科技,汽车整车,-1.2688,0.211828915724873,0.264,0.23792553437075245,0.40453531332856485,,0.1,113.0,0.2925,0.2,0.8064959405073401,poor,poor,poor,True,4,True,2,True,4,True,2,0.7379236397850021,0.9947210664301828,1.8100890207715135,high_volatility,False,False,none,-0.73,0.0,1.22,1.95,0.6819036938460965,0.8457387716235518,0.9732981668374129,False,none,1.57,0.8699999999999999,104.27350427350429,106.80272108843538,37.179487179487175,False,汽车整车,False,1.0,False,rising,False,False,0.0,0.7379236397850021,0.723672245161335,汽车整车,-5.0,-2.0,3.0,0.3,0.5,0.8429730246605497,0.9185195954806127,1.2390655350755373,True,False,0.211828915724873,0.23792553437075245,,,,,,,0.07161803713527852,0,0.0,none,0.669807774848479,False,increasing_vol,2.0,趋势不可靠-2分(Bootstrap CI过宽: 1.285),high_growth,"高速成长(稳健CAGR=29.2%, MK趋势=0.20)",1,0
600379.SH,宝光股份,电气设备,0.20089100000000001,0.03209976687971241,0.03277,0.9247751835625913,0.00896248620343946,0.18277525607216116,0.2736,94.22093023255813,0.03175,1.0,0.02748633611151033,has_near_zero,has_near_zero,has_near_zero,False,0,True,5,False,0,True,5,0.2822781763967556,0.053932068382364126,0.7003035695593007,ultra_stable,False,False,none,0.017199999999999993,0.0,0.04970000000000001,0.032500000000000015,0.5040278733018907,0.9885938335412581,0.9866848994776486,False,none,0.0597,0.03970000000000001,57.060849598163045,27.910238429172512,22.789896670493697,False,电气设备,False,1.0,False,rising,False,False,0.0,0.2822781763967556,0.3591558744507378,电气设备,-5.0,-2.0,3.0,0.3,0.5,0.048482924351012646,0.9873317018870652,0.03149182426905643,False,False,0.03209976687971241,0.9247751835625913,,,,,,,0.07161803713527852,0,0.0,none,0.07833221752557892,True,increasing_vol,5.779069767441864,波动率飙升预警-5.8分(近期波动是早期的2.9倍),,,0,0
600380.SH,健康元,化学制药,0.73065,0.004360744389286219,0.0053599999999999984,0.04912495100857032,0.7201251517108811,0.06496255144662544,0.74,97.94445049559977,0.038487499999999994,0.4,0.4624327264504764,has_near_zero,has_near_zero,has_near_zero,False,0,True,5,False,0,True,5,0.11949742349245548,0.08491486913373887,0.3067830002814522,ultra_stable,False,False,none,0.10899999999999999,0.0,-0.026650000000000007,-0.13565,0.777222862259417,0.9998762883474563,0.9660744324390499,False,none,-0.018000000000000016,-0.0353,-6.718769696205724,-2.3746701846965723,-4.44976679692424,False,化学制药,False,1.0,True,falling,False,False,0.0,0.11949742349245548,0.22893127212729772,化学制药,-5.0,-2.0,3.0,0.3,0.5,-0.021149953671552923,0.9672282770091003,-0.11109900880046891,False,True,0.03332418786194271,0.5627667881879388,,,,,,,0.32530120481927716,0,-0.46633828398872773,none,0.07948860071919617,True,decreasing_vol,2.0555495044002345,加速下滑-0.1分(加速度-0.11); 波动聚集提示-2分(大波动后可能跟着大波动),,,0,0
600405.SH,动力源,电气设备,-0.367352,-0.14487123851434103,-0.15743999999999997,0.6840334798826117,0.08405541169876349,,-0.74,56.0,-0.16385833333333333,-0.6,0.22067136191984693,poor,poor,poor,True,5,True,5,True,5,True,5,0.9333300939794048,0.2987776296846871,2.217918280644758,volatile,False,False,none,0.0225,0.0,-0.355,-0.3775,0.4756713466970591,0.03551106472167743,0.966202402248914,True,severe,-0.24,-0.47,-2366.666666666667,-48.0,-1566.6666666666665,False,电气设备,True,inf,True,falling,False,False,0.0,0.9333300939794048,1.0,电气设备,-5.0,-2.0,3.0,0.3,0.5,-0.32756623614153746,0.9546563573010571,-0.35003341767321394,False,False,-0.14487123851434103,0.6840334798826117,,,,,,,0.9872029250457038,2,-0.9693617021276596,sustained_decline,0.5161382364767415,False,increasing_vol,44.0,"严重恶化-15分; 单年巨幅下滑-15.0分(年跌-1566.7%); 贝叶斯高置信度恶化-12分(恶化概率98.7%，严重恶化确认); 趋势不确定预警-4分(Bootstrap CI跨零: [-0.344, 0.048]); 连续下跌警示-6分(2年下跌，累计-886.7%)",,,0,0
600406.SH,国电南瑞,电气设备,0.9630000000000001,-0.024177310791508866,-0.034000000000000016,0.744542163063798,0.059689526347560924,-0.027018831096064844,0.95,100.0,-0.04250000000000004,-0.8,0.0864107329737,has_near_zero,has_near_zero,has_near_zero,False,0,True,3,False,0,True,3,0.06331466145913704,0.0620483682299543,0.16326530612244902,ultra_stable,False,False,none,-0.04500000000000004,0.0,-0.010000000000000009,0.03500000000000003,0.2996123327378455,0.9959016393442627,0.07692307692307718,False,none,0.04999999999999993,-0.06999999999999995,-2.061855670103095,5.555555555555548,-7.2164948453608195,False,电气设备,False,1.0,False,rising,False,False,0.0,0.06331466145913704,0.18398506250064298,电气设备,-5.0,-2.0,3.0,0.3,0.5,-0.0072139006637063074,0.07487614402477151,0.024370897217125376,False,False,-0.024177310791508866,0.744542163063798,,,,,,,0.2783505154639176,0,0.0,none,0.03161619058128503,False,stable,0.0,,,,0,0
600416.SH,湘电股份,电气设备,0.1694,0.0375996219046801,0.038,0.6058704002087986,0.12099425542266211,0.24141189809919417,0.19,85.95806602779776,0.03375,0.4,0.4624327264504764,has_near_zero,has_near_zero,has_near_zero,False,0,True,5,False,0,True,5,0.4890238929640977,0.07726577508832744,1.0126582278481013,moderate,False,False,none,0.07,0.0,-0.015,-0.085,0.39053341376405476,0.6966824644549765,0.519230769230769,True,moderate,-0.04000000000000001,0.010000000000000009,-13.636363636363635,-17.39130434782609,4.545454545454549,False,电气设备,False,3.2857142857142856,True,falling,False,False,0.0,0.4890238929640977,0.8293143524665163,电气设备,-5.0,-2.0,3.0,0.3,0.5,-0.014693946431787522,0.5200447933554059,-0.08386794440448025,False,True,0.0375996219046801,0.6058704002087986,,,,,,,0.9025069637883009,1,0.0,single_year_drop,0.30746728611369917,False,decreasing_vol,14.04193397220224,"中度恶化-10分; 加速下滑-0.0分(加速度-0.08); 贝叶斯恶化预警-8分(恶化概率90.3%); 趋势不确定预警-4分(Bootstrap CI跨零: [-0.015, 0.089])",,,0,0
600420.SH,国药现代,化学制药,0.6466749999999999,-0.009339575474201323,-0.01090000000000002,0.20848357657697467,0.43952370015801595,0.06342761733533364,0.808,95.11812179016874,0.019500000000000003,0.0,1.0,has_near_zero,has_near_zero,has_near_zero,False,0,True,5,False,0,True,5,0.16926158847074244,0.1065603256376406,0.42045237943960867,stable,False,False,none,-0.07840000000000003,0.0,0.06958000000000002,0.14798000000000006,0.36828329373490853,1.0,0.5330252207792551,False,none,0.26470000000000005,-0.06799999999999995,32.17732700801572,48.72078041597645,-11.123834451169632,False,化学制药,False,1.1147989422813895,True,rising,False,False,0.0,0.16926158847074244,0.2840491297474459,化学制药,-5.0,-2.0,3.0,0.3,0.5,0.08020631940853379,0.4993749387186584,0.08891175550142366,False,False,0.027714759830100875,0.2473215145342113,,,,,,,0.07161803713527852,0,0.0,none,0.14580427903356435,False,increasing_vol,4.881878209831255,波动率飙升预警-4.9分(近期波动是早期的2.4倍),,,0,0
600444.SH,国机通用,专用机械,0.28795,-0.012709403212800063,-0.013259999999999994,0.6472460715175488,0.10065543483373728,-0.031060736468789818,0.2743,100.0,-0.010895833333333323,-0.6,0.22067136191984693,has_near_zero,has_near_zero,has_near_zero,False,0,True,5,False,0,True,5,0.08857320691617378,0.02609189529336647,0.19960621902369463,ultra_stable,False,False,none,0.021100000000000008,0.0,-0.018209999999999997,-0.039310000000000005,0.3045620035879064,1.0,0.697272030506326,False,none,0.0007999999999999674,-0.008099999999999996,-2.5923295454545556,0.2925045703839003,-2.8764204545454533,False,专用机械,False,1.2149908592321754,True,rising,False,False,0.0,0.08857320691617378,0.23285734676389575,专用机械,-5.0,-2.0,3.0,0.3,0.5,-0.003516678451088856,0.6686054195983632,0.01067277192221286,False,False,-0.012709403212800063,0.6472460715175488,,,,,,,0.2783505154639176,0,0.0,none,0.05272318017652088,False,decreasing_vol,0.0,,,,0,0
600456.SH,宝钛股份,小金属,1.14161,0.0013096631710499019,0.0020999999999999465,0.016908575184473404,0.8349046345230615,0.09379974578436823,1.2065,100.0,0.04379999999999995,0.4,0.4624327264504764,good,good,good,False,0,True,1,False,0,False,0,0.13535334546782407,0.14989300183797774,0.3283307146340141,ultra_stable,False,False,none,0.3396000000000001,0.0,0.0044999999999999485,-0.3351000000000002,0.5212245421513136,1.0,0.042045421513135964,False,none,0.0673999999999999,-0.026999999999999913,3.4645399193894173,5.916951979633035,-2.315410342166188,False,小金属,False,1.0381002545869547,True,rising,True,False,0.0,0.13535334546782407,0.5821367673117346,小金属,-5.0,-2.0,1.6,0.3,0.24,0.013019515265789039,0.3502575185136096,-0.10111572466653868,False,True,0.04802919660321099,0.5189555678712298,,,,,,,0.13366336633663367,0,0.0,none,0.09374838580158754,False,decreasing_vol,0.0,,,,0,0
600459.SH,贵研铂业,小金属,0.699595,-0.0022621155055904006,-0.0024900000000000035,0.005032633823229926,0.9097508579658038,0.006601018397082825,0.77,94.1540436456996,-0.012874999999999998,0.0,1.0,has_near_zero,has_near_zero,has_near_zero,False,0,True,5,False,0,True,5,0.08759210744755483,0.06138805258354432,0.22059243193881642,ultra_stable,False,False,none,-0.03075,0.0,0.04075000000000001,0.07150000000000001,0.2857202993081821,0.6515444015444016,0.2776317175402136,False,none,0.15460000000000007,-0.07310000000000005,11.837327523602035,25.121871953201186,-10.617283950617292,False,小金属,False,1.0627460060199119,True,rising,True,False,0.0,0.08759210744755483,0.4940080167010832,小金属,-5.0,-2.0,1.6,0.3,0.24,0.03292524457248208,0.2683724286633075,0.05788885893174278,False,False,-0.0022621155055904006,0.005032633823229926,,,,,,,0.07161803713527852,0,0.0,none,0.08741178357060092,False,increasing_vol,5.845956354300391,波动率飙升预警-5.8分(近期波动是早期的2.9倍),,,0,0
600475.SH,华光环能,电气设备,0.8460099999999999,-0.0710254579801077,-0.09646,0.8289000172455157,0.031738533702590964,-0.09100630039662161,0.7456,70.0,-0.09371250000000003,-0.8,0.0864107329737,has_near_zero,has_near_zero,has_near_zero,False,0,True,3,False,0,True,3,0.18759417944058684,0.16775421902295037,0.3874798711755234,ultra_stable,False,False,none,-0.15480000000000005,0.0,-0.018449999999999966,0.13635000000000008,0.3966728247164705,0.8238013080140157,0.608176555716353,True,moderate,-0.04409999999999992,0.007199999999999984,-4.715654952076669,-5.5843991389135015,0.9201277955271545,False,电气设备,False,1.0092012779552715,True,falling,False,False,0.0,0.18759417944058684,0.28463551394650566,电气设备,-5.0,-2.0,3.0,0.3,0.5,-0.014660596100347978,0.6095989024533078,0.098378251768439,True,False,-0.0710254579801077,0.8289000172455157,,,,,,,0.8223350253807107,1,0.0,single_year_drop,0.0781200385160015,False,decreasing_vol,30.0,中度恶化-10分; 贝叶斯中度恶化预警-5分(恶化概率82.2%); 峰值明显下跌-8分(从1.1跌至0.7，跌幅-31.7%); 智能连续下跌-12分(3年实质性下跌，累计跌幅-31.7%),,,0,0
600476.SH,湘邮科技,软件服务,-0.012059999999999998,0.000799661686777043,0.0008,0.17391689667282012,0.48483649099103965,,0.082,100.0,0.008875000000000001,0.4,0.4624327264504764,has_loss,has_loss,has_near_zero,True,1,True,5,False,0,True,5,8.356427565461495,0.13036027002119932,20.961538461538463,high_volatility,False,False,none,-0.13599999999999998,0.0,0.1635,0.2995,0.5214007798312145,0.7555144055334676,0.8594933927786769,False,none,0.049,0.278,133.46938775510205,148.4848484848485,113.46938775510205,False,软件服务,False,1.0,False,rising,False,False,0.0,8.356427565461495,1.0,软件服务,-5.0,-2.0,3.0,0.3,0.5,0.16226064683873823,0.8601005265041932,0.29706546282512625,True,False,0.011781994027717124,0.020760324135262728,,,,,,,0.07161803713527852,0,0.0,none,8.27039844667705,False,stable,0.0,,,,0,0
600478.SH,科力远,电气设备,0.033521,0.0033775122460438832,0.0033799999999999998,0.5063519568319753,0.17767191068603727,,0.0469,74.73111111111112,-0.0023875000000000025,0.0,1.0,has_loss,has_loss,has_near_zero,True,1,True,5,False,0,True,5,1.5320198303981387,0.053253009304639304,4.289413118527043,high_volatility,False,False,none,0.037,0.0,-0.03055,-0.06755,0.11739649661241132,0.6697651663405089,0.16612708192293701,False,none,0.088,-0.1491,-56.574074074074076,214.11192214111924,-138.05555555555557,False,电气设备,True,inf,True,rising,False,False,0.0,1.5320198303981387,1.0,电气设备,-5.0,-2.0,3.0,0.3,0.5,-0.030454159513512175,0.16554864919956414,-0.06735300434682512,False,False,-0.004130676797657387,0.015085048265667467,,,,,,,0.6067415730337079,0,0.0,none,1.5204579608866706,False,increasing_vol,25.26888888888889,"单年巨幅下滑-15.0分(年跌-138.1%); 波动率飙升预警-5.3分(近期波动是早期的2.6倍); 趋势不确定预警-4分(Bootstrap CI跨零: [-0.001, 0.008]); 峰值大幅下跌-15分(从0.1跌至0.0，跌幅-56.6%)",,,0,0
600483.SH,福能股份,新型电力,1.0365,0.05085200617697444,0.069,0.4797843480902369,0.19482358189681198,0.04420391475343943,1.07,100.0,0.04291666666666667,0.4,0.4624327264504764,has_near_zero,has_near_zero,has_near_zero,False,0,True,2,False,0,True,3,0.2377889808798774,0.23826455884163722,0.6487025948103792,moderate,False,False,none,0.21500000000000002,0.0,-0.13,-0.34500000000000003,0.26985726235285484,0.4229185727355902,0.6369346733668341,False,none,0.040000000000000036,-0.30000000000000004,-19.548872180451127,3.883495145631071,-22.55639097744361,False,新型电力,False,1.5555555555555556,True,rising,False,False,0.0,0.2377889808798774,0.39763859211130936,新型电力,-5.0,-2.0,3.0,0.3,0.5,-0.08329774188541555,0.6286612485003373,-0.2271696177795866,False,True,0.05085200617697444,0.22626644625719639,,,,,,,0.435483870967742,0,0.0,none,0.21139670521987988,False,decreasing_vol,0.0,加速下滑-0.1分(加速度-0.23),,,0,0
600488.SH,津药药业,化学制药,0.07472,0.024322070652404458,0.024399999999999998,0.7802423769803378,0.047001817656852844,0.4084762694084283,0.122,89.33333333333333,0.024041666666666666,0.8,0.0864107329737,has_near_zero,has_near_zero,has_near_zero,False,0,True,5,False,0,True,5,0.6479621053570799,0.043672645901067175,1.3501483679525224,moderate,False,False,none,0.0005000000000000004,0.0,0.045,0.0445,0.38111059689077664,0.004098360655737714,0.870967741935484,False,none,0.015,0.075,281.25,14.018691588785046,234.375,False,化学制药,False,1.40625,True,rising,False,False,0.0,0.6479621053570799,0.7058696842856639,化学制药,-5.0,-2.0,3.0,0.3,0.5,0.04485241336874016,0.8706044799897928,0.044352661267528154,False,False,0.024322070652404458,0.7802423769803378,,,,,,,0.07161803713527852,0,0.0,none,0.30366538108092245,False,increasing_vol,10.666666666666668,"波动率飙升预警-6.7分(近期波动是早期的3.3倍); 趋势不确定预警-4分(Bootstrap CI跨零: [-0.001, 0.049])",,,0,0
600513.SH,联环药业,化学制药,0.4,-0.007821187349940428,-0.008000000000000002,0.026448839077765685,0.7938482332611481,-0.05262073705629877,0.29,35.92355690469361,0.006249999999999999,0.0,1.0,has_near_zero,has_near_zero,has_near_zero,False,0,True,5,False,0,True,5,0.20230511625448067,0.0817312669668102,0.49504950495049505,stable,False,False,none,0.065,0.0,-0.1,-0.165,0.5136733963710708,0.9825581395348838,0.8241758241758242,True,severe,-0.18,-0.020000000000000018,-40.816326530612244,-38.297872340425535,-4.081632653061228,False,化学制药,False,1.0,True,falling,False,False,0.0,0.20230511625448067,0.2951774263369179,化学制药,-5.0,-2.0,3.0,0.3,0.5,-0.09308399922594998,0.8218907924474741,-0.15288619061279118,False,True,-0.007821187349940428,0.026448839077765685,,,,,,,0.9983149583553994,1,8.382978723404248,cliff_drop,0.1998676162196668,False,increasing_vol,64.07644309530639,复合恶化-14.0分(触发2项恶化信号); 严重恶化-15分; 单年巨幅下滑-15.0分(年跌-38.3%); 加速下滑-0.1分(加速度-0.15); 贝叶斯高置信度恶化-12分(恶化概率99.8%，严重恶化确认); 峰值明显下跌-8分(从0.5跌至0.3，跌幅-40.8%),,,0,0
600520.SH,三佳科技,半导体,-0.02969999999999999,0.021900494837690694,0.022000000000000002,0.46172415099462455,0.20701518257992918,,0.14,91.0,0.01625,0.2,0.8064959405073401,has_loss,has_loss,has_near_zero,True,1,True,5,False,0,True,5,15.54265337946112,0.2797677608303001,37.77777777777779,high_volatility,False,False,none,0.060000000000000005,0.0,-0.015,-0.07500000000000001,0.09868304946100091,0.8120300751879698,0.0015240460600587041,False,none,0.65,-0.68,-17.64705882352941,127.45098039215685,-400.0,False,半导体,True,inf,True,rising,False,False,0.0,15.54265337946112,1.0,半导体,-5.0,-2.0,3.0,0.3,0.5,-0.01482249101466504,0.0015842342070503336,-0.0744287139475884,False,False,-0.037096729195853516,0.04690303287152203,,,,,,,0.435483870967742,0,0.0,none,15.160407743954746,True,increasing_vol,9.0,单年巨幅下滑-15.0分(年跌-400.0%); 波动率飙升预警-8.0分(近期波动是早期的11.1倍),,,0,0
600521.SH,华海药业,化学制药,0.6407,0.04216615701616212,0.048999999999999995,0.16971637920793745,0.4907076342537663,0.047315878053997285,0.77,100.0,0.05875000000000001,0.2,0.8064959405073401,has_near_zero,has_near_zero,has_near_zero,False,0,True,5,False,0,True,5,0.2985554198630434,0.1868956928342652,0.7507987220447285,moderate,False,False,none,-0.3,0.0,0.10499999999999998,0.40499999999999997,0.3560344038177041,1.0,0.3952321204516936,False,none,0.20000000000000007,-0.2400000000000001,-4.938271604938276,35.08771929824563,-29.62962962962964,False,化学制药,False,1.7802197802197806,True,rising,False,False,0.0,0.2985554198630434,0.47620697325307215,化学制药,-5.0,-2.0,3.0,0.3,0.5,-0.015693735711734325,0.02185882683720754,-0.08451232551091292,False,False,0.04216615701616212,0.16971637920793745,,,,,,,0.2783505154639176,0,0.0,none,0.2716946695224378,False,decreasing_vol,0.0,,,,0,0
600529.SH,山东药玻,医疗保健,1.168,0.07302989786286086,0.11199999999999999,0.8767996263000233,0.01908001470796802,0.10570986613209787,1.42,92.0,0.10374999999999998,1.0,0.02748633611151033,has_near_zero,has_near_zero,has_near_zero,False,0,True,2,False,0,True,2,0.17185437677109716,0.19110206696946003,0.42266187050359716,ultra_stable,False,False,none,0.040000000000000036,0.0,0.19499999999999995,0.15499999999999992,0.5284167378309137,1.0,0.9741673783091375,False,none,0.25,0.1399999999999999,37.864077669902905,21.36752136752137,13.592233009708728,False,医疗保健,False,1.0,False,rising,False,False,0.0,0.17185437677109716,0.27081683475021107,医疗保健,-5.0,-2.0,3.0,0.3,0.5,0.12356179517083221,0.9815210134868649,0.09513389592546506,True,False,0.07302989786286086,0.8767996263000233,,,,,,,0.07161803713527852,0,0.0,none,0.06459814746787036,True,increasing_vol,8.0,波动率飙升预警-8.0分(近期波动是早期的4.9倍),,,0,0
600530.SH,交大昂立,医疗保健,-0.09975,-0.012451808225413735,-0.0125,0.17547218067266476,0.4826844093928953,,0.04,85.0,-0.003125000000000001,0.0,1.0,poor,poor,has_loss,True,2,True,5,True,1,True,5,3.205008761796829,0.3076808411324956,7.864583333333333,high_volatility,False,False,none,-0.3775,0.0,0.34,0.7175,0.608275778096234,0.8702228894203857,0.7775348915419541,False,none,0.025,0.655,106.25,166.66666666666669,102.34375,False,医疗保健,False,1.0,False,rising,False,False,0.0,3.205008761796829,1.0,医疗保健,-5.0,-2.0,3.0,0.3,0.5,0.32140503690876326,0.7791112454167441,0.6801894121055054,True,False,-0.012451808225413735,0.004570714899291658,,,,,,,0.07161803713527852,0,0.0,none,3.1983895381927505,False,stable,15.0,峰值大幅下跌-15分(从0.1跌至0.0，跌幅-65.2%),,,0,0
600549.SH,厦门钨业,小金属,0.985101,0.1406448534566675,0.18407,0.8561171623676378,0.02424833468252032,0.2899469014401381,1.2094,93.0,0.16832499999999997,1.0,0.02748633611151033,has_near_zero,has_near_zero,has_near_zero,False,0,True,2,False,0,True,2,0.3320080114793883,0.3087276097144536,0.8308598959005462,ultra_stable,False,False,none,0.4028,0.0,0.12160000000000001,-0.2812,0.6018331704608767,1.0,0.9559317046087664,False,none,0.07430000000000003,0.10660000000000003,17.588721438988824,6.5456787948198425,10.36460865337871,False,小金属,True,1.0,False,rising,True,False,0.0,0.3320080114793883,0.9640160229587765,小金属,-5.0,-2.0,1.6,0.3,0.24,0.06029687660515992,0.986813169663027,-0.17840337932387954,False,True,0.1406448534566675,0.8561171623676378,,,,,,,0.07161803713527852,0,0.0,none,0.11076345553750824,True,decreasing_vol,7.0,周期顶部预警-5分(警惕景气回落); 波动聚集提示-2分(大波动后可能跟着大波动),,,0,0
600550.SH,保变电气,电气设备,-0.0034200000000000046,0.0002000699281412284,0.00020000000000000017,0.004591899051816214,0.9137868417025445,,0.052,72.51866284825962,0.005916666666666666,0.2,0.8064959405073401,has_loss,has_loss,has_near_zero,True,1,True,5,False,0,True,5,35.33874871148987,0.06360974768068177,91.1111111111111,high_volatility,False,False,none,0.0025000000000000005,0.0,0.018,0.015499999999999998,0.07261615626842727,0.1453488372093024,0.043610911701363955,False,none,0.164,-0.128,225.0,146.42857142857144,-800.0,False,电气设备,True,inf,True,rising,False,False,0.0,35.33874871148987,1.0,电气设备,-5.0,-2.0,3.0,0.3,0.5,0.0179886381954297,0.0436983594730202,0.015488868578819735,False,False,-0.005381122265279653,0.017950980995606443,,,,,,,0.07161803713527852,0,0.0,none,35.018954303260216,True,increasing_vol,27.481337151740384,单年巨幅下滑-15.0分(年跌-800.0%); 周期顶部预警-5分(警惕景气回落); 波动率飙升预警-8.0分(近期波动是早期的13.9倍),,,0,0
600552.SH,凯盛科技,元器件,0.15564,-0.011058645727799198,-0.011199999999999998,0.26024473204295534,0.3798573502547886,-0.015704481530892878,0.1484,85.0,-0.015358333333333331,-0.4,0.4624327264504764,has_near_zero,has_near_zero,has_near_zero,False,0,True,5,False,0,True,5,0.21533204073786089,0.03472013824857269,0.5742991813445796,stable,False,False,none,0.048000000000000015,0.0,-0.02397,-0.07197000000000002,0.40267442842448753,1.0,0.5973029096328148,False,none,0.0349,-0.0666,-17.60133259300389,30.748898678414093,-36.97945585785675,False,元器件,False,1.8158590308370044,True,rising,False,False,0.0,0.21533204073786089,0.41438017003522265,元器件,-5.0,-2.0,3.0,0.3,0.5,-0.015639842434130788,0.22522416106332022,-0.02648567052368947,False,False,-0.011058645727799198,0.26024473204295534,,,,,,,0.435483870967742,0,0.0,none,0.18521765051222316,False,stable,15.0,单年巨幅下滑-15.0分(年跌-37.0%),,,0,0
600560.SH,金自天正,电气设备,0.216675,0.015463270427036763,0.015790000000000002,0.8278488452841031,0.0320431348013464,0.08422505845788497,0.2352,100.0,0.015100000000000002,0.8,0.0864107329737,has_near_zero,has_near_zero,has_near_zero,False,0,True,5,False,0,True,5,0.1314021425223837,0.02743413931582327,0.311332503113325,ultra_stable,False,False,none,0.03670000000000001,0.0,0.012289999999999999,-0.02441000000000001,0.288959142775258,1.0,0.6567091953748125,False,none,0.0003999999999999837,0.038000000000000006,19.512195121951216,0.1703577512776762,19.308943089430898,False,电气设备,False,1.051321138211382,True,rising,False,False,0.0,0.1314021425223837,0.24529786577942458,电气设备,-5.0,-2.0,3.0,0.3,0.5,0.018766235514666135,0.7577802638421302,0.005684991810453274,False,False,0.015463270427036763,0.8278488452841031,,,,,,,0.07161803713527852,0,0.0,none,0.05446868533615378,False,stable,0.0,,,,0,0
600563.SH,法拉电子,元器件,4.218,0.14015340220809452,0.516,0.7604980058522254,0.05386433137197406,0.16946237962778388,4.62,113.0,0.48374999999999996,1.0,0.02748633611151033,good,good,good,False,0,False,0,False,0,False,0,0.23064280270263512,0.9133454987024351,0.5429292929292929,ultra_stable,False,False,none,0.9999999999999998,0.0,0.07500000000000018,-0.9249999999999996,0.7332643528586924,0.9841228185277522,0.9985207100591718,False,none,0.07000000000000028,0.08000000000000007,3.3557046979865857,1.5384615384615448,1.7897091722595095,False,元器件,False,1.0,False,rising,False,False,0.0,0.23064280270263512,0.3178475754954414,元器件,-5.0,-2.0,3.0,0.3,0.5,0.016117469731787404,0.9981535082185501,-0.26727633447784016,False,True,0.14015340220809452,0.7604980058522254,,,,,,,0.13366336633663367,0,0.0,none,0.10367691726293558,True,decreasing_vol,2.0,波动聚集提示-2分(大波动后可能跟着大波动),high_growth,"高速成长(稳健CAGR=48.4%, MK趋势=1.00)",1,0
600570.SH,恒生电子,软件服务,0.779,-0.1264371404532955,-0.16999999999999998,0.7559361127690258,0.05550432131702729,-0.1887779587162174,0.55,63.0,-0.17666666666666667,-0.8,0.0864107329737,has_near_zero,has_near_zero,has_near_zero,False,0,True,3,False,0,True,3,0.37056762648746266,0.307571129984594,0.8674698795180722,stable,False,False,none,-0.35000000000000003,0.0,-0.009999999999999953,0.3400000000000001,0.5166676263034091,0.9784345047923323,0.008241758241758167,True,moderate,-0.19999999999999996,0.18000000000000005,-3.508771929824545,-26.66666666666666,31.578947368421062,False,软件服务,False,1.3157894736842106,True,falling,False,False,0.0,0.37056762648746266,0.47189269768119824,软件服务,-5.0,-2.0,3.0,0.3,0.5,-0.008725028739606455,0.008959231915097995,0.24982283711058256,False,False,-0.1264371404532955,0.7559361127690258,,,,,,,0.9025069637883009,1,0.0,single_year_drop,0.18011947455091634,False,decreasing_vol,37.0,"中度恶化-10分; 贝叶斯恶化预警-8分(恶化概率90.3%); 趋势不确定预警-4分(Bootstrap CI跨零: [-0.269, 0.013]); 峰值大幅下跌-15分(从1.3跌至0.6，跌幅-56.7%)",,,0,0
600577.SH,精达股份,电气设备,0.2355,0.0029141177648584703,0.003,0.014664646394633156,0.8461913353855004,0.05253190869160562,0.27,100.0,0.004583333333333334,0.0,1.0,has_near_zero,has_near_zero,has_near_zero,False,0,True,5,False,0,True,5,0.1671590360308372,0.039115214431215906,0.38461538461538475,stable,False,False,none,-0.015,0.0,0.04000000000000001,0.05500000000000001,0.2809650404874283,0.10714285714285708,0.9230769230769229,False,none,0.060000000000000026,0.01999999999999999,42.10526315789475,28.571428571428587,10.52631578947368,False,电气设备,False,1.473684210526316,True,rising,False,False,0.0,0.1671590360308372,0.33021845689484525,电气设备,-5.0,-2.0,3.0,0.3,0.5,0.03897382616681684,0.9239816486776269,0.05366777259860436,False,False,0.0029141177648584703,0.014664646394633156,,,,,,,0.07161803713527852,0,0.0,none,0.16592537314801012,False,decreasing_vol,0.0,,,,0,0
600580.SH,卧龙电驱,电气设备,0.5882449999999999,-0.009257475630281032,-0.010980000000000012,0.570238047922272,0.13998313673467871,-0.02130406980951216,0.6103,79.0,-0.03733333333333334,-0.6,0.22067136191984693,has_near_zero,has_near_zero,has_near_zero,False,0,True,5,False,0,True,5,0.21113434949350182,0.12907909590634728,0.5765833551426328,stable,False,False,none,-0.025000000000000022,0.0,-0.0024500000000000077,0.022550000000000014,0.09949970294340953,0.11675106990680484,0.0004243707965020986,False,none,0.20349999999999996,-0.20839999999999997,-0.7964889466840078,50.02458210422811,-33.87516254876463,False,电气设备,False,1.8665191740412979,True,rising,False,False,0.0,0.21113434949350182,0.4177767028003079,电气设备,-5.0,-2.0,3.0,0.3,0.5,-0.002089015392757798,0.00038914406119644663,0.018965658290186982,False,False,-0.03968038018979942,0.3141010601870383,,,,,,,0.2783505154639176,0,0.0,none,0.17401838323386018,True,increasing_vol,21.0,单年巨幅下滑-15.0分(年跌-33.9%); 波动聚集风险-6分(ARCH效应+波动上升),,,0,0
600582.SH,天地科技,专用机械,0.50275,0.07065227313969362,0.07849999999999999,0.9945134174381975,0.0001727659280326171,0.1768536063624182,0.633,100.0,0.08024999999999999,1.0,0.02748633611151033,has_near_zero,has_near_zero,has_near_zero,False,0,True,5,False,0,True,5,0.2597866415169361,0.12448975861491578,0.6323038397328882,ultra_stable,False,False,none,0.061,0.0,0.0824,0.021400000000000002,0.41013646369086587,1.0,0.9936718864334845,False,none,0.06300000000000006,0.09799999999999998,34.11016949152543,11.052631578947379,20.762711864406775,False,专用机械,False,1.0,False,rising,False,False,0.0,0.2597866415169361,0.3411626465468822,专用机械,-5.0,-2.0,3.0,0.3,0.5,0.07044337962718786,0.982129235659985,0.004572172662693247,False,False,0.07065227313969362,0.9945134174381975,,,,,,,0.07161803713527852,0,0.0,none,0.020024148362710544,False,stable,0.0,,,,0,0
600584.SH,长电科技,半导体,1.1924000000000001,-0.04258891171399939,-0.07200000000000001,0.04610086438629025,0.7287365821345169,0.026690096080340897,0.9,67.70727493119145,0.012916666666666646,0.2,0.8064959405073401,has_near_zero,has_near_zero,has_near_zero,False,0,True,3,False,0,True,3,0.4200826950411196,0.5099803917799193,0.8319604612850081,volatile,False,False,none,0.9099999999999999,0.0,-0.346,-1.2559999999999998,0.6715747937343058,1.0,0.7157479373430587,False,none,0.08000000000000007,-1.0,-50.54945054945055,9.756097560975618,-54.94505494505494,False,半导体,False,2.2195121951219514,True,rising,False,False,0.0,0.4200826950411196,0.6320011153824892,半导体,-5.0,-2.0,3.0,0.3,0.5,-0.2756228129978112,0.6683627946663765,-0.5854501376170853,False,True,-0.04258891171399939,0.04610086438629025,,,,,,,0.6067415730337079,0,0.0,none,0.4094824196684288,False,stable,32.292725068808544,单年巨幅下滑-15.0分(年跌-54.9%); 加速下滑-0.3分(加速度-0.59); 趋势不可靠-2分(Bootstrap CI过宽: 0.671); 峰值大幅下跌-15分(从1.8跌至0.9，跌幅-50.5%),,,0,0
600587.SH,新华医疗,医疗保健,1.1854,-0.016804990743030056,-0.026000000000000044,0.1432798856098168,0.5298191167699859,0.1840477433948149,1.14,87.0,0.08499999999999995,0.2,0.8064959405073401,good,good,good,False,0,True,1,False,0,False,0,0.29430640001339914,0.338452360015409,0.7391304347826088,moderate,False,False,none,0.7900000000000001,0.0,-0.049000000000000064,-0.8390000000000002,0.6408532885261643,0.9999999999999998,0.23053288526164234,True,moderate,-0.29000000000000004,0.19999999999999996,-7.317073170731714,-20.279720279720284,16.260162601626014,False,医疗保健,False,1.1382113821138211,True,falling,False,False,0.0,0.29430640001339914,0.38720663762589547,医疗保健,-5.0,-2.0,3.0,0.3,0.5,-0.02902490420048598,0.10185587396672999,-0.27074407150798097,False,False,0.0885653087324858,0.3319767804383177,,,,,,,0.9025069637883009,1,0.0,single_year_drop,0.24555019045043677,False,decreasing_vol,13.0,中度恶化-10分; 贝叶斯恶化预警-8分(恶化概率90.3%),,,0,0
600589.SH,大位科技,软件服务,-0.8694000000000003,-0.0013931678628125832,-0.0020000000000000018,0.05050008879397106,0.7163015519115868,,-0.01,110.1301020793234,0.3358333333333333,0.6,0.22067136191984693,poor,poor,poor,True,5,True,1,True,5,False,0,0.6330881504783861,0.6153616822649912,1.7695473251028808,moderate,False,False,none,0.33499999999999996,0.0,0.525,0.19000000000000006,0.30273922580218093,0.7053739786297926,0.7642804325723266,False,none,1.03,0.020000000000000018,99.05660377358491,99.03846153846155,1.8867924528301903,False,软件服务,True,inf,True,rising,False,False,0.0,0.6330881504783861,1.0,软件服务,-5.0,-2.0,3.0,0.3,0.5,0.4565851303939852,0.7613259040299963,0.2602041586467866,True,False,0.2597932729936609,0.7289016740837527,,,,,,,0.07161803713527852,0,0.0,none,0.30216103677873457,False,stable,4.869897920676607,周期顶部预警-5分(警惕景气回落),high_growth,"高速成长(稳健CAGR=33.6%, MK趋势=0.60)",1,0
600601.SH,方正科技,元器件,-0.14993000000000004,0.14914694869487816,0.15389999999999998,0.7947812204022363,0.04219404713584857,,0.06,100.0,0.13974999999999999,0.8,0.0864107329737,poor,poor,poor,True,3,True,5,True,3,True,5,1.401349142885459,0.2748045669198385,3.1208567057623666,high_volatility,False,False,none,-0.13350000000000006,0.0,0.19660000000000002,0.33010000000000006,0.3862466828452439,1.0,0.8044263516522852,False,none,0.03,0.13,160.0,100.0,130.0,False,元器件,False,1.0,False,rising,False,False,0.0,1.401349142885459,1.0,元器件,-5.0,-2.0,3.0,0.3,0.5,0.07989906854727076,0.8848187771968006,-0.07376232430364939,False,True,0.14914694869487816,0.7947812204022363,,,,,,,0.07161803713527852,0,0.0,none,0.6511431585211633,False,decreasing_vol,0.0,,,,0,0
600602.SH,云赛智联,软件服务,0.15245,-0.01134628152083344,-0.011500000000000002,0.5199662237434378,0.1692297302263709,-0.05038496547334448,0.148,96.0,-0.010916666666666668,-0.2,0.8064959405073401,has_near_zero,has_near_zero,has_near_zero,False,0,True,5,False,0,True,5,0.1593121011582641,0.025203174403237383,0.3539823008849557,ultra_stable,False,False,none,-0.024999999999999994,0.0,0.007999999999999993,0.03299999999999999,0.4089878149884483,0.6611424541607898,0.9948186528497408,False,none,0.007000000000000006,0.00899999999999998,12.12121212121211,4.9645390070922035,6.818181818181802,False,软件服务,False,1.424242424242424,True,rising,False,False,0.0,0.1593121011582641,0.3173486708256012,软件服务,-5.0,-2.0,3.0,0.3,0.5,0.007922655870601314,0.9947738708381803,0.03261779579746331,False,False,-0.01134628152083344,0.5199662237434378,,,,,,,0.07161803713527852,0,0.0,none,0.11031654387016418,False,decreasing_vol,4.0,"趋势不确定预警-4分(Bootstrap CI跨零: [-0.029, 0.008])",,,0,0
600645.SH,中源协和,医疗保健,0.1764,-0.0019512128925399607,-0.0020000000000000018,0.20043696106687958,0.4496288791154451,,0.22,89.86898318555629,-0.009999999999999988,-0.2,0.8064959405073401,has_loss,has_loss,has_near_zero,True,1,True,5,False,0,True,5,1.5923427883328252,0.23885141824992376,4.000000000000001,high_volatility,False,False,none,0.6000000000000001,0.0,-0.034,-0.6340000000000001,0.7825876016710188,1.0,0.7506493506493507,False,none,-0.010000000000000009,-0.009999999999999981,-8.33333333333333,-4.347826086956525,-4.166666666666659,False,医疗保健,False,1.0,True,falling,False,False,0.0,1.5923427883328252,1.0,医疗保健,-5.0,-2.0,3.0,0.3,0.5,-0.00974542085625886,0.9999996023921132,-0.26203362888742926,False,True,0.08739038254647649,0.3431625417199564,,,,,,,0.49090909090909096,0,0.04347826086956794,none,1.2942608358098115,True,decreasing_vol,10.131016814443715,加速下滑-0.1分(加速度-0.26); 波动聚集提示-2分(大波动后可能跟着大波动); 峰值明显下跌-8分(从0.3跌至0.2，跌幅-33.3%),,,0,0
600664.SH,哈药股份,化学制药,0.1051,0.0156577161126881,0.016000000000000004,0.4118808986538954,0.24306534338576782,,0.25,100.0,0.065,0.8,0.0864107329737,has_loss,has_loss,has_near_zero,True,1,True,5,False,0,True,5,4.3576665559103995,0.27889065957826553,10.625000000000002,high_volatility,False,False,none,0.5800000000000001,0.0,0.027000000000000003,-0.553,0.7101329899708235,1.0,0.6000000000000001,False,none,0.09,-0.03,31.57894736842105,56.25,-15.789473684210526,False,化学制药,False,1.1875,True,rising,False,False,0.0,4.3576665559103995,1.0,化学制药,-5.0,-2.0,3.0,0.3,0.5,0.029295723485478126,0.4264522673711933,-0.2740135335234569,False,True,0.1340301881658011,0.6034150331341259,,,,,,,0.07161803713527852,0,0.0,none,2.74473483891204,False,decreasing_vol,0.0,,,,0,0
600667.SH,太极实业,半导体,0.2202,-0.024411654404659318,-0.026000000000000006,0.7991983036251116,0.0407748338437989,,0.31,92.34542911246696,-0.031249999999999993,-0.4,0.4624327264504764,has_loss,has_loss,has_near_zero,True,1,True,5,False,0,True,5,1.431464993744662,0.32637401857378295,3.421052631578947,high_volatility,False,False,none,-0.375,0.0,0.32999999999999996,0.705,0.5442581729978363,0.7200460829493087,0.7047023295944779,True,moderate,-0.03999999999999998,0.7,188.57142857142856,-11.428571428571423,200.0,False,半导体,True,inf,True,falling,False,False,0.0,1.431464993744662,1.0,半导体,-5.0,-2.0,3.0,0.3,0.5,0.32422978750558606,0.706210661190347,0.6908582249339157,True,False,-0.02441165440465931,0.014618704618867344,,,,,,,0.4807121661721069,1,0.0,single_year_drop,1.4200640919474492,False,stable,7.654570887533042,中度恶化-10分; 周期回落期-3分(景气下行趋势),,,0,0
600686.SH,金龙汽车,汽车整车,-0.28190000000000004,0.09822655923830421,0.10700000000000003,0.14591367526537463,0.5257408812139389,,0.22,113.0,0.2875,0.4,0.4624327264504764,poor,poor,poor,True,4,True,5,True,4,True,5,1.4012015036314576,0.4399772721402777,3.5350318471337583,high_volatility,False,False,none,-0.87,0.0,0.361,1.2309999999999999,0.7741371935939977,1.0,0.9779820644628721,False,none,0.52,0.27999999999999997,137.9310344827586,173.33333333333334,48.275862068965516,False,汽车整车,False,1.0,False,rising,False,False,0.0,1.4012015036314576,1.0,汽车整车,-5.0,-2.0,3.0,0.3,0.5,0.3849312345086,0.9639121427818551,0.6507316818439541,True,False,0.09822655923830421,0.14591367526537463,,,,,,,0.07161803713527852,0,0.0,none,1.2934700731815312,False,stable,2.0,趋势不可靠-2分(Bootstrap CI过宽: 0.724),high_growth,"高速成长(稳健CAGR=28.7%, MK趋势=0.40)",1,0
600707.SH,彩虹股份,元器件,0.07869999999999999,0.06266441430294742,0.059,0.03504356803846739,0.7630499958387643,,0.35,95.0,0.139375,0.2,0.8064959405073401,poor,poor,poor,True,2,True,5,True,2,True,5,9.28120802264343,0.5661536893812492,24.262295081967213,high_volatility,False,False,none,-0.2575,0.0,0.5449999999999999,0.8025,0.3216407475734222,0.11746534390362728,0.863695841814481,False,none,0.16999999999999998,0.9199999999999999,147.2972972972973,94.44444444444444,124.32432432432432,False,元器件,True,inf,True,rising,False,False,0.0,9.28120802264343,1.0,元器件,-5.0,-2.0,3.0,0.3,0.5,0.5141747645952714,0.8662151416298335,0.7451669759904661,False,False,0.06266441430294742,0.03504356803846739,,,,,,,0.07161803713527852,0,0.0,none,9.154347018558996,False,decreasing_vol,17.0,趋势不可靠-2分(Bootstrap CI过宽: 0.977); 峰值大幅下跌-15分(从0.7跌至0.3，跌幅-52.7%),cyclical_bottom,"周期底部(mid_up), 近期强势(51.4%)",0,0
600711.SH,盛屯矿业,小金属,0.24855500000000003,0.08681657679037436,0.09345,0.25846992799219887,0.38176670398221696,,0.6422,98.0,0.10175000000000001,0.4,0.4624327264504764,has_loss,has_loss,has_loss,True,1,True,5,True,1,True,5,1.2926858129706522,0.28506307547628823,3.060946852893162,high_volatility,False,False,none,-0.029149999999999995,0.0,0.3375,0.36665000000000003,0.3845563150495477,0.016740060232676136,0.8756387302074738,False,none,0.5578,0.1172,2057.9268292682927,660.9004739336492,357.31707317073165,False,小金属,True,inf,True,rising,True,False,0.0,1.2926858129706522,1.0,小金属,-5.0,-2.0,1.6,0.3,0.24,0.31873346294903393,0.8822968265113735,0.3478791423653506,False,False,0.08681657679037436,0.25846992799219887,,,,,,,0.07161803713527852,0,0.0,none,1.1054780760484963,False,stable,2.0,周期顶部预警-5分(警惕景气回落); 趋势不可靠-2分(Bootstrap CI过宽: 0.530),,,0,0
600721.SH,百花医药,生物制药,-0.07013700000000002,-0.005064072679436362,-0.005099999999999998,0.007117459999052596,0.8927106536648839,,0.1085,102.0,0.1136,0.4,0.4624327264504764,poor,poor,has_loss,True,2,True,5,True,1,True,5,3.289092350873667,0.4015981760416748,8.023751023751023,high_volatility,False,False,none,0.9797,0.0,-0.002629999999999996,-0.98233,0.59656221540544,1.0,0.0009621540544001141,False,none,0.0743,0.1267,217.2972972972973,217.2514619883041,136.97297297297297,False,生物制药,True,inf,True,rising,False,False,0.0,3.289092350873667,1.0,生物制药,-5.0,-2.0,3.0,0.3,0.5,0.10032841742322716,0.9777178368335399,-0.2276693888796511,False,True,0.15886668911509944,0.460131375828346,,,,,,,0.07161803713527852,0,0.0,none,2.4056444395668755,True,decreasing_vol,10.0,波动聚集提示-2分(大波动后可能跟着大波动); 峰值明显下跌-8分(从0.2跌至0.1，跌幅-32.0%),cyclical_bottom,"周期底部(mid_up), 近期强势(10.0%)",0,0
600733.SH,北汽蓝谷,汽车整车,-1.27797,0.005257920122368054,0.008500000000000018,0.4483749843920864,0.21631552399649556,,-1.2466,90.0,0.1340125,0.8,0.0864107329737,poor,poor,poor,True,5,False,0,True,5,False,0,0.21947807146390266,0.29639196682771274,0.580255324190634,stable,False,False,none,0.5519999999999998,0.0,0.037350000000000036,-0.5146499999999998,0.5743682777733596,1.0,0.21438277773359626,True,moderate,-0.17469999999999986,0.20279999999999987,2.2044402604534414,-16.298162141990844,15.909625794304533,False,汽车整车,False,1.0,True,falling,False,False,0.0,0.21947807146390266,0.3089157905044555,汽车整车,-5.0,-2.0,3.0,0.3,0.5,0.008731622383744808,0.01492006774289244,-0.14834339551869302,False,False,0.08124978865121028,0.6003959857939516,,,,,,,0.7873633049817741,1,0.0,single_year_drop,0.13918471380806705,False,decreasing_vol,10.0,中度恶化-10分; 贝叶斯中度恶化预警-5分(恶化概率78.7%),,,0,0
600763.SH,通策医疗,医疗保健,1.5505000000000002,0.0021685193579308757,0.0040000000000000036,0.008811289332483496,0.8806587034717108,-0.07652673811179478,1.12,56.0,-0.22249999999999992,-0.4,0.4624327264504764,good,good,good,False,0,False,0,False,0,False,0,0.23707296394811195,0.3850064934517338,0.6588669950738915,stable,False,False,none,0.6499999999999999,0.0,-0.33599999999999997,-0.9859999999999999,0.6938409861325116,1.0,0.9664098613251153,True,severe,-0.43999999999999995,-0.1499999999999999,-34.50292397660818,-28.2051282051282,-8.771929824561399,False,医疗保健,False,1.0,True,falling,False,False,0.0,0.23707296394811195,0.3229917044918229,医疗保健,-5.0,-2.0,3.0,0.3,0.5,-0.171072945788869,0.9107020202656781,-0.21563855294437395,False,False,-0.0803953049975269,0.39758920388804153,,,,,,,0.9991285110947241,3,2.2153846153846164,accelerating_decline,0.18899778508713264,False,decreasing_vol,44.0,严重恶化-15分; 贝叶斯高置信度恶化-12分(恶化概率99.9%，严重恶化确认); 峰值明显下跌-8分(从2.2跌至1.1，跌幅-48.9%); 连续下跌警示-9分(3年下跌，累计-27.3%),,,0,0
600789.SH,鲁抗医药,化学制药,0.2625,0.052609996184791785,0.05500000000000001,0.4220096138106664,0.23543998795577947,0.1405644528811083,0.44,100.0,0.08250000000000002,0.6,0.22067136191984693,has_near_zero,has_near_zero,has_near_zero,False,0,True,5,False,0,True,5,0.5405128500355988,0.1329661611087573,1.4227642276422763,volatile,False,False,none,-0.17,0.0,0.11700000000000002,0.28700000000000003,0.5545195459382759,1.0,0.9711954593827598,False,none,0.15999999999999998,0.12000000000000002,175.00000000000003,57.14285714285713,75.00000000000001,False,化学制药,False,1.0,False,rising,False,False,0.0,0.5405128500355988,0.5657436133618123,化学制药,-5.0,-2.0,3.0,0.3,0.5,0.1337941871304004,0.9948615275400778,0.18270982145424997,True,False,0.052609996184791785,0.4220096138106664,,,,,,,0.07161803713527852,0,0.0,none,0.4088853019669265,False,stable,0.0,,,,0,0
600812.SH,华北制药,化学制药,-0.050200000000000015,0.001993735803402391,0.0020000000000000005,0.010670715090680677,0.8687097189983798,,0.074,100.0,-0.0002500000000000002,0.0,1.0,has_loss,has_loss,has_near_zero,True,1,True,5,False,0,True,5,3.911170137504081,0.1986874429852073,9.370078740157481,high_volatility,False,False,none,-0.231,0.0,0.23800000000000002,0.46900000000000003,0.5625575948480122,0.828556936342886,0.8590190121372349,False,none,0.071,0.405,118.40796019900498,2366.6666666666665,100.74626865671641,False,化学制药,False,1.0,False,rising,False,False,0.0,3.911170137504081,1.0,化学制药,-5.0,-2.0,3.0,0.3,0.5,0.23291213037555458,0.861164441274574,0.45883997557292155,True,False,0.0019937358034023854,0.0002634811095871694,,,,,,,0.07161803713527852,0,0.0,none,3.910674729091346,False,stable,0.0,,,,0,0
600817.SH,宇通重工,专用机械,0.5599,-0.05880870147279602,-0.06699999999999999,0.43341626640652803,0.22703993988128576,-0.07603799845308667,0.43,76.9059584779977,-0.05166666666666665,-0.4,0.4624327264504764,has_near_zero,has_near_zero,has_near_zero,False,0,True,5,False,0,True,5,0.28119838672931197,0.16309506430300091,0.603448275862069,moderate,False,False,none,0.16000000000000003,0.0,-0.129,-0.28900000000000003,0.5360921665490473,1.0,0.782921665490473,False,none,0.02999999999999997,-0.32999999999999996,-41.0958904109589,7.499999999999993,-45.20547945205479,False,专用机械,False,1.875,True,rising,False,False,0.0,0.28119838672931197,0.4749587093834496,专用机械,-5.0,-2.0,3.0,0.3,0.5,-0.12966341624463645,0.6706831669791055,-0.18808304400459036,False,True,-0.05880870147279602,0.43341626640652803,,,,,,,0.6067415730337079,0,0.0,none,0.2138035314475723,False,increasing_vol,23.094041522002293,单年巨幅下滑-15.0分(年跌-45.2%); 加速下滑-0.1分(加速度-0.19); 峰值明显下跌-8分(从0.8跌至0.4，跌幅-42.7%),,,0,0
600821.SH,金开新能,新型电力,0.3477,0.01132142244178858,0.011999999999999993,0.10137726625405946,0.601560915804713,0.5556842475303001,0.41,97.89928690559296,0.07,0.6,0.22067136191984693,has_near_zero,has_near_zero,has_near_zero,False,0,True,5,False,0,True,5,0.4749477546091691,0.15388307249337077,1.1728395061728396,moderate,False,False,none,0.19,0.0,-0.020000000000000018,-0.21000000000000002,0.559241771811838,0.9917582417582418,0.5714285714285722,False,none,0.009999999999999953,-0.04999999999999999,-8.888888888888896,2.4999999999999885,-11.111111111111107,False,新型电力,False,1.125,True,rising,False,False,0.0,0.4749477546091691,0.5299582036873354,新型电力,-5.0,-2.0,3.0,0.3,0.5,-0.018372833897908336,0.569968091325444,-0.2014261888140777,False,True,0.07626756892692771,0.6589605261683356,,,,,,,0.2783505154639176,0,0.0,none,0.27739170701750454,True,decreasing_vol,2.100713094407039,加速下滑-0.1分(加速度-0.20); 波动聚集提示-2分(大波动后可能跟着大波动),,,0,0
600845.SH,宝信软件,软件服务,1.03095,-0.010511562609646507,-0.01599999999999997,0.27031185906276234,0.36919090643145874,-0.08699380180238825,0.797,62.0,-0.077,-0.8,0.0864107329737,good,good,good,False,0,True,1,False,0,False,0,0.15062657316662087,0.16156206237851756,0.3906395674063024,ultra_stable,False,False,none,0.06899999999999995,0.0,-0.12940000000000002,-0.19839999999999997,0.5255573207508463,1.0,0.8587732075084628,True,moderate,-0.2859999999999999,-0.037000000000000144,-28.83928571428572,-26.408125577100638,-3.3035714285714413,False,软件服务,False,1.0,True,falling,False,False,0.0,0.15062657316662087,0.25383459186663004,软件服务,-5.0,-2.0,3.0,0.3,0.5,-0.11670487458677858,0.8289126604776651,-0.10777363941663376,False,False,-0.05898574096039418,0.6567018960518758,,,,,,,0.9932937344318835,1,6.993810985500703,single_year_drop,0.08723527666709453,False,increasing_vol,38.0,中度恶化-10分; 贝叶斯恶化预警-8分(恶化概率99.3%); 峰值明显下跌-8分(从1.2跌至0.8，跌幅-34.5%); 智能连续下跌-12分(3年实质性下跌，累计跌幅-30.5%),,,0,0
600850.SH,电科数字,软件服务,0.77118,0.006326541846195921,0.008040000000000002,0.1210701938220911,0.5660838280116363,0.01840852030633533,0.8001,95.14503816793892,0.013837499999999975,0.2,0.8064959405073401,has_near_zero,has_near_zero,has_near_zero,False,0,True,5,False,0,True,5,0.04727989213732739,0.03627124205207208,0.10962511079826903,ultra_stable,False,False,none,0.03275,0.0,-0.004599999999999993,-0.037349999999999994,0.11534931290230552,0.8976895779221682,0.009944029587717477,False,none,0.07490000000000008,-0.08410000000000006,-1.136784875818607,10.32818532818534,-10.391696527863594,False,软件服务,False,1.1159680088251518,True,rising,False,False,0.0,0.04727989213732739,0.18661964821988214,软件服务,-5.0,-2.0,3.0,0.3,0.5,-0.003583766776356301,0.009571925747088464,-0.029450804809779796,False,False,0.006326541846195921,0.1210701938220911,,,,,,,0.2783505154639176,0,0.0,none,0.04428093329201559,True,increasing_vol,4.854961832061073,波动率飙升预警-4.9分(近期波动是早期的2.4倍),,,0,0
600851.SH,海欣股份,化学制药,0.12538,0.007986103694548429,0.00804,0.5694711133093505,0.14040733034549127,0.06029919175354448,0.125,89.0,0.008512499999999997,0.6,0.22067136191984693,has_near_zero,has_near_zero,has_near_zero,False,0,True,5,False,0,True,5,0.13885545855053424,0.016851498449692835,0.31888595912986156,ultra_stable,False,False,none,0.018499999999999996,0.0,-0.0054499999999999965,-0.023949999999999992,0.5124662985187116,0.9413247765299105,0.6354382086572054,True,moderate,-0.0126,0.001700000000000007,-8.02060338484179,-9.156976744186046,1.250919793966157,False,化学制药,False,1.0,True,falling,False,False,0.0,0.13885545855053424,0.24441770017376074,化学制药,-5.0,-2.0,3.0,0.3,0.5,-0.00540418670840636,0.6355287697868872,-0.023777007578348233,False,False,0.007986103694548429,0.5694711133093505,,,,,,,0.8223350253807107,1,0.0,single_year_drop,0.09115072718215055,False,decreasing_vol,11.0,"中度恶化-10分; 贝叶斯中度恶化预警-5分(恶化概率82.2%); 趋势不确定预警-4分(Bootstrap CI跨零: [-0.005, 0.019])",,,0,0
600875.SH,东方电气,电气设备,0.9205000000000001,0.08388771080206517,0.10899999999999999,0.7090085184873892,0.07356005959120188,0.11877860054372347,0.94,88.0,0.14500000000000002,0.8,0.0864107329737,has_near_zero,has_near_zero,has_near_zero,False,0,True,4,False,0,True,4,0.2399514766927995,0.20779797881596437,0.623556581986143,stable,False,False,none,0.16000000000000003,0.0,0.009999999999999953,-0.15000000000000008,0.3512758608835406,0.9884169884169884,0.0067567567567567025,True,moderate,-0.19999999999999996,0.21999999999999986,2.1739130434782505,-17.543859649122805,23.913043478260853,False,电气设备,False,1.0,True,falling,False,False,0.0,0.2399514766927995,0.325294514687573,电气设备,-5.0,-2.0,3.0,0.3,0.5,0.007322742189956488,0.00748963870819164,-0.120094353660125,False,False,0.08388771080206517,0.7090085184873892,,,,,,,0.7873633049817741,1,0.0,single_year_drop,0.1340561609992334,True,stable,12.0,中度恶化-10分; 贝叶斯中度恶化预警-5分(恶化概率78.7%); 波动聚集提示-2分(大波动后可能跟着大波动),,,0,0
600885.SH,宏发股份,电气设备,1.3695,0.04750240952486433,0.079,0.5044581532650171,0.17886458084495874,0.08636719791429859,1.56,96.0,0.09166666666666665,0.6,0.22067136191984693,good,good,good,False,0,False,0,False,0,False,0,0.13238208166660909,0.17606816861659008,0.33082706766917286,ultra_stable,False,False,none,0.039999999999999925,0.0,0.18000000000000005,0.14000000000000012,0.22935418964859877,0.06177606177606161,0.9838056680161942,False,none,0.21999999999999997,0.14000000000000012,30.00000000000001,16.41791044776119,11.666666666666679,False,电气设备,False,1.1916666666666667,True,rising,False,False,0.0,0.13238208166660909,0.2647945542221761,电气设备,-5.0,-2.0,3.0,0.3,0.5,0.1058089121008613,0.9891700132274779,0.07968918717353135,False,False,0.04750240952486433,0.5044581532650171,,,,,,,0.07161803713527852,0,0.0,none,0.09329824305565929,False,decreasing_vol,4.0,"趋势不确定预警-4分(Bootstrap CI跨零: [-0.042, 0.109])",,,0,0
600905.SH,三峡能源,新型电力,0.22903,0.008712046208416448,0.008900000000000002,0.2323938895316036,0.41088638688141993,0.04286998533076036,0.2135,89.97407936276622,0.009875000000000005,0.4,0.4624327264504764,has_near_zero,has_near_zero,has_near_zero,False,0,True,5,False,0,True,5,0.13021643927887697,0.02924400793325019,0.3134740404310269,ultra_stable,False,False,none,0.0348,0.0,-0.018299999999999997,-0.053099999999999994,0.5297945804978111,0.958131586442609,0.7336142185355021,True,moderate,-0.03740000000000002,0.0008000000000000229,-14.634146341463413,-14.906337186129939,0.3198720511795374,False,新型电力,False,1.0,True,falling,False,False,0.0,0.13021643927887697,0.2375064847564349,新型电力,-5.0,-2.0,3.0,0.3,0.5,-0.017826524403948787,0.7336831004670205,-0.05184127446755589,False,True,0.008712046208416448,0.2323938895316036,,,,,,,0.8223350253807107,1,0.0,single_year_drop,0.1141493399182743,False,decreasing_vol,10.025920637233778,中度恶化-10分; 加速下滑-0.0分(加速度-0.05); 贝叶斯中度恶化预警-5分(恶化概率82.2%),,,0,0
600930.SH,华电新能,新型电力,0.21760000000000002,0.006819559561410402,0.007000000000000001,0.2603790585889833,0.37971319871517356,0.21535916162753832,0.24,93.0,0.03,0.8,0.0864107329737,has_near_zero,has_near_zero,has_near_zero,False,0,True,5,False,0,True,5,0.2832053168273681,0.05890670590009257,0.7211538461538461,stable,False,False,none,0.09000000000000001,0.0,0.014999999999999994,-0.07500000000000001,0.525,1.0,0.5999999999999996,True,moderate,-0.020000000000000018,0.03,4.3478260869565135,-7.692307692307699,13.043478260869565,False,新型电力,False,1.0,True,falling,False,False,0.0,0.2832053168273681,0.3598975867952278,新型电力,-5.0,-2.0,3.0,0.3,0.5,0.004867388624908958,0.1076710970148041,-0.054252414366110356,False,False,0.031441500462748656,0.7365521194003396,,,,,,,0.6492985971943889,1,0.0,single_year_drop,0.1450298377788304,True,decreasing_vol,7.0,中度恶化-10分; 波动聚集提示-2分(大波动后可能跟着大波动),,,0,0
600980.SH,北矿科技,专用机械,0.483375,0.011608961938477918,0.013120000000000015,0.26204813186954407,0.37792622671155235,0.16036275561110558,0.5591,100.0,0.0572,0.6,0.22067136191984693,has_near_zero,has_near_zero,has_near_zero,False,0,True,5,False,0,True,5,0.2029726413996926,0.09311166951569498,0.5464969263635175,ultra_stable,False,False,none,0.1851,0.0,0.023370000000000012,-0.16172999999999998,0.47483864469898995,1.0,0.42492644698989956,False,none,0.07430000000000003,0.03689999999999999,24.82697030587185,15.325907590759083,8.238446081714665,False,专用机械,False,1.101808439383791,True,rising,False,False,0.0,0.2029726413996926,0.3092859050375929,专用机械,-5.0,-2.0,3.0,0.3,0.5,0.04965239306268035,0.9656877323904395,-0.015559836401848326,False,False,0.04516433598977977,0.6958839604170838,,,,,,,0.07161803713527852,0,0.0,none,0.1111730329916228,False,decreasing_vol,0.0,,,,0,0
601016.SH,节能风电,新型电力,0.21682,0.021054563747224385,0.021399999999999995,0.22634243500945514,0.417948063832316,0.10334950632575923,0.206,64.92886989474422,0.017041666666666663,0.4,0.4624327264504764,has_near_zero,has_near_zero,has_near_zero,False,0,True,5,False,0,True,5,0.34148834374771075,0.07184914752451835,0.8555133079847909,moderate,False,False,none,0.09,0.0,-0.05650000000000001,-0.14650000000000002,0.5026846419398192,0.8120300751879698,0.9218163442102224,True,severe,-0.028000000000000025,-0.08499999999999999,-35.42319749216302,-11.965811965811977,-26.645768025078365,False,新型电力,False,1.0,True,falling,False,False,0.0,0.34148834374771075,0.40652400833150193,新型电力,-5.0,-2.0,3.0,0.3,0.5,-0.05462662380045144,0.9232432307942168,-0.14226021051156149,False,True,0.021054563747224385,0.22634243500945514,,,,,,,0.9507042253521126,2,-0.5509301156359975,sustained_decline,0.3012498241947511,False,decreasing_vol,35.07113010525578,严重恶化-15分; 加速下滑-0.1分(加速度-0.14); 贝叶斯高置信度恶化-12分(恶化概率95.1%，严重恶化确认); 峰值明显下跌-8分(从0.3跌至0.2，跌幅-35.4%),,,0,0
601089.SH,福元医药,化学制药,0.98,0.05661314919718208,0.07600000000000001,0.775562631949981,0.048593700822504624,0.09251553164827375,1.04,94.0,0.07375000000000001,0.7,0.12955135290440883,has_near_zero,has_near_zero,has_near_zero,False,0,True,2,False,0,True,2,0.14446731071086202,0.136088206689632,0.32908704883227186,ultra_stable,False,False,none,0.15500000000000003,0.0,0.0,-0.15500000000000003,0.5833229721756759,0.9996532593619972,0.0,False,none,0.020000000000000018,-0.020000000000000018,0.0,1.960784313725492,-1.9230769230769247,False,化学制药,False,1.0196078431372548,True,rising,False,False,0.0,0.14446731071086202,0.2515215609869903,化学制药,-5.0,-2.0,3.0,0.3,0.5,0.0,0.0,-0.11615329804350455,False,False,0.05661314919718208,0.775562631949981,,,,,,,0.2783505154639176,0,0.0,none,0.06780772578629007,True,decreasing_vol,6.0,"波动聚集提示-2分(大波动后可能跟着大波动); 趋势不确定预警-4分(Bootstrap CI跨零: [-0.002, 0.116])",,,0,0
601126.SH,四方股份,电气设备,0.6881000000000002,0.08962384623257245,0.10699999999999998,0.9911862957277937,0.00035211037495417165,0.19264913974996367,0.87,100.0,0.10833333333333334,1.0,0.02748633611151033,has_near_zero,has_near_zero,has_near_zero,False,0,True,5,False,0,True,5,0.2586077617164421,0.16964669168598603,0.6707317073170731,ultra_stable,False,False,none,0.13000000000000006,0.0,0.10099999999999998,-0.02900000000000008,0.49098771331058066,1.0,0.9947342759629446,False,none,0.12,0.07999999999999996,29.850746268656707,16.0,11.94029850746268,False,电气设备,False,1.0,False,rising,False,False,0.0,0.2586077617164421,0.340219542706487,电气设备,-5.0,-2.0,3.0,0.3,0.5,0.07924234639978522,0.9896856950629443,-0.025844146130289958,False,False,0.08962384623257245,0.9911862957277937,,,,,,,0.07161803713527852,0,0.0,none,0.019130945728675543,False,stable,0.0,,,,0,0
601127.SH,赛力斯,汽车整车,-0.3297000000000001,-0.013847483501149616,-0.025,0.19900008418620116,0.45145998178167335,,3.94,103.07875476403792,0.5800000000000002,0.2,0.8064959405073401,poor,poor,poor,True,4,False,0,True,5,False,0,4.038073379458774,2.6166715498892863,10.216049382716047,high_volatility,False,False,none,-0.5950000000000001,0.0,3.31,3.9050000000000002,0.6546714488658747,0.6812103136424861,0.8655041750162602,False,none,5.57,1.0500000000000003,247.01492537313433,341.717791411043,39.17910447761195,False,汽车整车,True,inf,True,rising,False,False,0.0,4.038073379458774,1.0,汽车整车,-5.0,-2.0,3.0,0.3,0.5,1.896069795716493,0.8370932338249987,2.1575095280758454,True,False,0.6400045418417064,0.432233213798249,,,,,,,0.07161803713527852,0,0.0,none,3.0989973275952676,False,increasing_vol,11.921245235962077,周期顶部预警-5分(警惕景气回落); 波动率飙升预警-8.0分(近期波动是早期的4.7倍),high_growth,"高速成长(稳健CAGR=58.0%, MK趋势=0.20)",1,0
601137.SH,博威合金,小金属,1.0664,0.22516640196465132,0.328,0.787591497861218,0.04454547077278415,0.2977142304227276,1.73,106.88235294117646,0.29500000000000004,0.8,0.0864107329737,has_near_zero,has_near_zero,has_near_zero,False,0,True,3,False,0,True,3,0.5977648015802979,0.5786363279297283,1.384297520661157,moderate,False,False,none,-0.21999999999999997,0.0,0.477,0.697,0.6358862286114115,1.0,0.9648622861141148,False,none,0.30000000000000004,0.7499999999999999,154.41176470588232,20.979020979020984,110.29411764705881,False,小金属,True,1.0,False,rising,True,False,0.0,0.5977648015802979,1.0,小金属,-5.0,-2.0,1.6,0.3,0.24,0.33986353391373064,0.9151641196802993,0.3104514948404361,False,False,0.22516640196465132,0.787591497861218,,,,,,,0.07161803713527852,0,0.0,none,0.26511573584222003,False,increasing_vol,8.117647058823529,"周期顶部预警-5分(警惕景气回落); 波动率飙升预警-4.1分(近期波动是早期的2.1倍); 趋势不确定预警-4分(Bootstrap CI跨零: [-0.003, 0.404])",high_growth,"高速成长(稳健CAGR=29.5%, MK趋势=0.80)",1,0
601179.SH,中国西电,电气设备,0.117566,0.0006660214454932714,0.0006699999999999998,0.05003731506451144,0.7175821166814433,0.24466595457695672,0.1128,50.0,0.024874999999999998,0.6,0.22067136191984693,has_near_zero,has_near_zero,has_near_zero,False,0,True,5,False,0,True,5,0.4006689449080113,0.04472266763063223,1.1261422684106788,moderate,False,False,none,0.03625,0.0,-0.003349999999999999,-0.039599999999999996,0.29275640866478014,0.8830451962341325,0.010418310604443037,True,severe,-0.059899999999999995,0.0532,-5.606694560669454,-34.684423856398375,44.51882845188285,False,电气设备,False,1.0,True,falling,False,False,0.0,0.4006689449080113,0.45386848925974244,电气设备,-5.0,-2.0,3.0,0.3,0.5,-0.0033276230762796996,0.010495523846150281,-0.039444965062462124,False,False,0.01971097890487349,0.49200151863568947,,,,,,,0.9487554904831625,1,0.0,cliff_drop,0.2858508906766424,False,increasing_vol,50.0,严重恶化-15分; 单年巨幅下滑-15.0分(年跌-34.7%); 贝叶斯高置信度恶化-12分(恶化概率94.9%，严重恶化确认); 峰值明显下跌-8分(从0.2跌至0.1，跌幅-34.7%),,,0,0
601222.SH,林洋能源,新型电力,0.46799999999999997,0.0,0.0,0.0,1.0,-0.10240232889546608,0.37,74.0,-0.04583333333333332,-0.7,0.12955135290440883,has_near_zero,has_near_zero,has_near_zero,False,0,True,5,False,0,True,5,0.1508619862238193,0.07362064927722384,0.40983606557377034,ultra_stable,False,False,none,-0.044999999999999984,0.0,-0.05499999999999999,-0.010000000000000009,0.21689684528438521,0.9642857142857143,0.5567484662576685,True,moderate,-0.14,0.030000000000000027,-22.916666666666664,-27.450980392156865,6.250000000000005,False,新型电力,False,1.0625,True,falling,False,False,0.0,0.1508619862238193,0.2623562556457221,新型电力,-5.0,-2.0,3.0,0.3,0.5,-0.05060649948322976,0.5612924260281988,-0.010767306858081888,False,False,-0.03617827684335105,0.7340576905599699,,,,,,,0.9487554904831625,1,0.0,single_year_drop,0.07721903148121628,False,increasing_vol,26.0,中度恶化-10分; 贝叶斯恶化预警-8分(恶化概率94.9%); 峰值明显下跌-8分(从0.6跌至0.4，跌幅-35.1%),,,0,0
601231.SH,环旭电子,元器件,0.9388,-0.003290247869197871,-0.0040000000000000036,0.018751651379264007,0.8261932623265893,-0.012741455098566168,0.76,49.78945803780282,0.0050000000000000044,0.0,1.0,has_near_zero,has_near_zero,has_near_zero,False,0,True,4,False,0,True,5,0.27853249918268175,0.2618205492317209,0.6808510638297871,moderate,False,False,none,0.29999999999999993,0.0,-0.31999999999999995,-0.6199999999999999,0.5946874234815118,0.8120300751879698,0.8948441596271481,True,severe,-0.13,-0.5099999999999999,-45.714285714285715,-14.606741573033707,-36.42857142857142,False,元器件,False,1.0,True,falling,False,False,0.0,0.27853249918268175,0.35615933267947875,元器件,-5.0,-2.0,3.0,0.3,0.5,-0.21842702927039115,0.9111520726938391,-0.4210839243943693,False,True,-0.003290247869197871,0.0008646866346343646,,,,,,,0.9507042253521126,2,-0.5990306234853491,sustained_decline,0.27845122328390365,False,stable,50.21054196219718,严重恶化-15分; 单年巨幅下滑-15.0分(年跌-36.4%); 加速下滑-0.2分(加速度-0.42); 贝叶斯高置信度恶化-12分(恶化概率95.1%，严重恶化确认); 峰值明显下跌-8分(从1.4跌至0.8，跌幅-45.7%),,,0,0
601311.SH,骆驼股份,电气设备,0.533,-0.042921235751717524,-0.05,0.35351755146832,0.2902984434181189,-0.05425839099682417,0.52,100.0,-0.04291666666666667,-0.2,0.8064959405073401,has_near_zero,has_near_zero,has_near_zero,False,0,True,5,False,0,True,5,0.2355114193691686,0.13141537200799608,0.5913978494623656,stable,False,False,none,-0.125,0.0,0.06,0.185,0.35743626278357005,0.5272778402699663,0.9230769230769234,False,none,0.030000000000000027,0.08999999999999997,30.0,6.122448979591842,22.499999999999993,False,电气设备,False,1.825,True,rising,False,False,0.0,0.2355114193691686,0.4317424688286682,电气设备,-5.0,-2.0,3.0,0.3,0.5,0.054496562342843835,0.9206152339607564,0.16509105933886808,True,False,-0.042921235751717524,0.35351755146832,,,,,,,0.07161803713527852,0,0.0,none,0.18812936877434713,False,decreasing_vol,0.0,,,,0,0
601567.SH,三星医疗,电气设备,1.0421,0.183641726285713,0.267,0.749819291547073,0.05773532148710861,0.2340072833066109,1.6,105.83333333333333,0.23875000000000002,0.6,0.22067136191984693,has_near_zero,has_near_zero,has_near_zero,False,0,True,3,False,0,True,3,0.501304697718911,0.48225511920559233,1.1434511434511434,moderate,False,False,none,-0.18999999999999995,0.0,0.398,0.588,0.6121356887085223,1.0,0.9453568870852233,False,none,0.25,0.68,138.80597014925374,18.51851851851852,101.49253731343283,False,电气设备,False,1.0,False,rising,False,False,0.0,0.501304697718911,0.5343770915084621,电气设备,-5.0,-2.0,3.0,0.3,0.5,0.3105334217015815,0.9090555569125467,0.31880268187319194,False,False,0.183641726285713,0.749819291547073,,,,,,,0.07161803713527852,0,0.0,none,0.24233420237050227,False,increasing_vol,9.166666666666668,"波动率飙升预警-5.2分(近期波动是早期的2.6倍); 趋势不确定预警-4分(Bootstrap CI跨零: [-0.030, 0.335])",high_growth,"高速成长(稳健CAGR=23.9%, MK趋势=0.60)",1,0
601608.SH,中信重工,专用机械,0.06472,0.01037548980716307,0.010400000000000001,0.49423816171786544,0.185379430882671,0.13848501952444336,0.084,94.2,0.009583333333333336,0.4,0.4624327264504764,has_near_zero,has_near_zero,has_near_zero,False,0,True,5,False,0,True,5,0.379606413066598,0.023383755044902435,0.8766233766233765,moderate,False,False,none,-0.008,0.0,0.025,0.033,0.35768158310398845,0.6575342465753427,0.6903534609720177,False,none,-0.00399999999999999,0.05399999999999999,147.05882352941174,-4.545454545454533,158.82352941176467,False,专用机械,False,2.0588235294117645,True,falling,False,False,0.0,0.379606413066598,0.5781949343748469,专用机械,-5.0,-2.0,3.0,0.3,0.5,0.024954037804617652,0.6904621549686024,0.032946906469968396,False,False,0.01037548980716307,0.49423816171786544,,,,,,,0.16167664670658682,0,0.0,none,0.26989094078727793,False,increasing_vol,5.800000000000001,波动率飙升预警-5.8分(近期波动是早期的2.9倍),,,0,0
601616.SH,广电电气,电气设备,0.065964,0.0011060811437797011,0.0011099999999999986,0.052458010074381195,0.7109509347295183,0.019799706997084554,0.0875,77.38005395790637,-0.0028499999999999997,0.0,1.0,has_near_zero,has_near_zero,has_near_zero,False,0,True,5,False,0,True,5,0.43557463267218355,0.029453556661293043,1.047027506654836,volatile,False,False,none,-0.006499999999999999,0.0,0.009799999999999996,0.016299999999999995,0.1590831584859927,0.5254103797048584,0.07186614518896912,False,none,0.0708,-0.0512,28.865979381443285,423.95209580838326,-75.40500736377025,False,电气设备,False,5.095808383233533,True,rising,False,False,0.0,0.43557463267218355,1.0,电气设备,-5.0,-2.0,3.0,0.3,0.5,0.009770397907784702,0.07163992879858001,0.016252437687507733,False,False,-0.0055144961097568475,0.08789516344996819,,,,,,,0.07161803713527852,0,0.0,none,0.41601146079521895,True,increasing_vol,22.619946042093634,单年巨幅下滑-15.0分(年跌-75.4%); 波动率飙升预警-8.0分(近期波动是早期的5.7倍),,,0,0
601619.SH,嘉泽新能,新型电力,0.25930000000000003,0.030516248271919573,0.031,0.25804648619669607,0.38222355352853316,0.26982343247386553,0.26,93.0,0.030000000000000002,0.2,0.8064959405073401,has_near_zero,has_near_zero,has_near_zero,False,0,True,5,False,0,True,5,0.3898717737923586,0.09746794344808965,0.9600000000000001,moderate,False,False,none,0.24000000000000002,0.0,-0.013000000000000003,-0.253,0.4591569620253165,1.0,0.08556962025316457,True,moderate,-0.07,0.11000000000000001,18.181818181818183,-21.21212121212121,50.000000000000014,False,新型电力,False,1.5227272727272727,True,falling,False,False,0.0,0.3898717737923586,0.5149277220641899,新型电力,-5.0,-2.0,3.0,0.3,0.5,0.01944672053656632,0.13146222703917543,-0.039767693733771016,False,False,0.030516248271919573,0.25804648619669607,,,,,,,0.6492985971943889,1,0.0,single_year_drop,0.33698664661971406,True,decreasing_vol,7.0,中度恶化-10分; 波动聚集提示-2分(大波动后可能跟着大波动),,,0,0
601633.SH,长城汽车,汽车整车,0.9647000000000001,0.03767316810764323,0.04600000000000002,0.39388608048682466,0.2570130415973,0.2606181747219223,1.49,95.25,0.17000000000000004,0.8,0.0864107329737,has_near_zero,has_near_zero,has_near_zero,False,0,True,4,False,0,True,5,0.38122274933000305,0.34615025639164276,0.9911894273127754,stable,False,False,none,0.16000000000000003,0.0,0.29,0.12999999999999995,0.29368001722809545,0.9948186528497408,0.6359969750441139,False,none,0.6699999999999999,-0.08999999999999997,63.73626373626373,81.70731707317071,-9.890109890109887,False,汽车整车,False,1.1097560975609755,True,rising,False,False,0.0,0.38122274933000305,0.4529456791387992,汽车整车,-5.0,-2.0,3.0,0.3,0.5,0.18646098140378864,0.6168493483727059,0.05843580907731466,True,False,0.1329083846085038,0.7781394108919784,,,,,,,0.07161803713527852,0,0.0,none,0.19239271710928432,False,increasing_vol,4.749999999999998,波动率飙升预警-4.7分(近期波动是早期的2.4倍),,,0,0
601700.SH,风范股份,电气设备,0.08074,-0.0002000419134877862,-0.00020000000000000155,0.00020821997368202956,0.9816280083203535,-0.19446559072684544,0.08,83.0,-0.019250000000000003,-0.4,0.4624327264504764,has_near_zero,has_near_zero,has_near_zero,False,0,True,5,False,0,True,5,0.6932749564849837,0.06100819617067857,1.8409090909090908,volatile,False,False,none,-0.081,0.0,0.026000000000000002,0.10700000000000001,0.5660843853820599,0.9642857142857143,0.9825581395348838,False,none,0.020000000000000004,0.032,185.71428571428572,33.33333333333334,114.28571428571428,False,电气设备,False,1.0,False,rising,False,False,0.0,0.6932749564849837,0.6879532985213203,电气设备,-5.0,-2.0,3.0,0.3,0.5,0.025959284435493946,0.9824560008774983,0.1063986204118931,True,False,-0.02398645302486886,0.39234633225486115,,,,,,,0.07161803713527852,0,0.0,none,0.5399700596229907,True,decreasing_vol,17.0,波动聚集提示-2分(大波动后可能跟着大波动); 峰值大幅下跌-15分(从0.2跌至0.1，跌幅-57.9%),,,0,0
601717.SH,中创智领,专用机械,1.5799900000000002,0.2155568643009634,0.3733000000000001,0.9882560479581974,0.0005420599799546737,0.3262328172706841,2.212,115.0,0.371875,1.0,0.02748633611151033,good,good,good,False,0,True,1,False,0,True,1,0.40222041333670644,0.590459566778285,1.019754768392371,ultra_stable,False,False,none,0.39900000000000013,0.0,0.3701,-0.028900000000000148,0.2548218783477051,1.0,0.9986312510594244,False,none,0.3590000000000002,0.40700000000000003,52.973720608575405,19.37398812736105,28.146611341632095,False,专用机械,False,1.0,False,rising,False,False,0.0,0.40222041333670644,0.4551096640026985,专用机械,-5.0,-2.0,3.0,0.3,0.5,0.18509183132765605,0.993279191703387,-0.06466793353236427,False,True,0.2155568643009634,0.9882560479581974,,,,,,,0.07161803713527852,0,0.0,none,0.010989809694110073,False,stable,0.0,,high_growth,"高速成长(稳健CAGR=37.2%, MK趋势=1.00)",1,0
601778.SH,晶科科技,新型电力,0.11140000000000001,-0.021784937208050758,-0.022000000000000002,0.5700142718816096,0.1401068393083208,-0.1703933452462636,0.09,74.0,-0.022500000000000003,-0.6,0.22067136191984693,has_near_zero,has_near_zero,has_near_zero,False,0,True,5,False,0,True,5,0.3901987943464861,0.04604345773288535,1.0169491525423728,moderate,False,False,none,-0.06,0.0,0.009999999999999995,0.06999999999999999,0.489,1.0,0.24999999999999983,True,moderate,-0.020000000000000004,0.039999999999999994,28.57142857142855,-18.181818181818183,57.14285714285713,False,新型电力,False,1.5714285714285714,True,falling,False,False,0.0,0.3901987943464861,0.5216828450009985,新型电力,-5.0,-2.0,3.0,0.3,0.5,0.009967990862272486,0.25044641472591445,0.06943401864072517,False,False,-0.021784937208050758,0.5700142718816096,,,,,,,0.6492985971943889,1,0.0,single_year_drop,0.2556458157457348,True,decreasing_vol,26.0,"中度恶化-10分; 波动聚集提示-2分(大波动后可能跟着大波动); 趋势不确定预警-4分(Bootstrap CI跨零: [-0.059, 0.014]); 峰值大幅下跌-15分(从0.2跌至0.1，跌幅-52.6%)",,,0,0
601877.SH,正泰电器,电气设备,1.9337,0.011661431888654117,0.023,0.1025693178253723,0.5993088630428036,-0.1179324472874651,1.81,90.0,-0.09999999999999992,-0.2,0.8064959405073401,good,good,good,False,0,False,0,False,0,False,0,0.2825774230188959,0.5651548460377918,0.7050000000000001,moderate,False,False,none,-1.4100000000000001,0.0,0.053000000000000005,1.463,0.6767651262505956,1.0,0.26765126250595556,False,none,0.08000000000000007,-0.15999999999999992,-4.232804232804225,4.624277456647403,-8.465608465608462,False,电气设备,False,1.1419939577039273,True,rising,False,False,0.0,0.2825774230188959,0.378327799442307,电气设备,-5.0,-2.0,3.0,0.3,0.5,-0.01902219722698184,0.24158303540054105,0.19195187725941187,False,False,-0.08423885274592739,0.34630571357908646,,,,,,,0.2783505154639176,0,0.0,none,0.2220909160681724,True,decreasing_vol,10.0,波动聚集提示-2分(大波动后可能跟着大波动); 峰值明显下跌-8分(从3.0跌至1.8，跌幅-39.5%),,,0,0
601958.SH,金钼股份,小金属,0.5759000000000001,0.22307515615181278,0.253,0.91030489614541,0.011723415155787457,0.9788329998992447,0.92,100.0,0.25583333333333336,0.8,0.0864107329737,has_near_zero,has_near_zero,has_near_zero,False,0,True,5,False,0,True,5,0.8439194274336858,0.4219597137168429,1.7999999999999998,moderate,False,False,none,0.09,0.0,0.286,0.19599999999999998,0.30168964655999286,1.0,0.8698000850701828,False,none,-0.039999999999999925,0.55,124.39024390243902,-4.166666666666659,134.14634146341464,False,小金属,True,1.0,True,falling,True,False,0.0,0.8439194274336858,1.0,小金属,-5.0,-2.0,1.6,0.3,0.24,0.2121775446882433,0.6987149265532004,0.042507573257948295,False,False,0.22307515615181278,0.91030489614541,,,,,,,0.16167664670658682,0,0.0,none,0.2685330519693991,False,increasing_vol,0.0,周期回落期-3分(景气下行趋势),,,0,0
601985.SH,中国核电,新型电力,0.47481000000000007,0.0021511472377368614,0.002360000000000001,0.10871789944131802,0.5879184846153924,0.051321256082999644,0.463,87.0,0.03655000000000001,0.6,0.22067136191984693,has_near_zero,has_near_zero,has_near_zero,False,0,True,5,False,0,True,5,0.13682346363494474,0.06303183322734635,0.3798732308760963,ultra_stable,False,False,none,0.04450000000000001,0.0,-0.0025000000000000022,-0.047000000000000014,0.264664297885701,0.959181795284134,0.0023882307986243818,True,moderate,-0.09100000000000003,0.08600000000000002,-1.0683760683760692,-16.425992779783396,18.376068376068382,False,新型电力,False,1.0,True,falling,False,False,0.0,0.13682346363494474,0.24279210424128914,新型电力,-5.0,-2.0,3.0,0.3,0.5,-0.00226646919986051,0.0024731475057357634,-0.04323705039677106,False,False,0.02574345930942476,0.5090706465225343,,,,,,,0.9025069637883009,1,0.0,single_year_drop,0.09650343870064138,False,increasing_vol,13.0,中度恶化-10分; 贝叶斯恶化预警-8分(恶化概率90.3%),,,0,0
603014.SH,威高血净,医疗保健,1.0345,0.07663150969216939,0.10899999999999999,0.6661675722524477,0.09194591089832932,0.07981371912334767,1.21,96.0,0.11499999999999999,0.6,0.22067136191984693,has_near_zero,has_near_zero,has_near_zero,False,0,True,3,False,0,True,3,0.2133116832690497,0.20904544960366872,0.4795918367346938,stable,False,False,none,-0.15000000000000002,0.0,0.173,0.323,0.5554729315318051,1.0,0.908729315318051,False,none,0.020000000000000018,0.31999999999999995,39.08045977011494,1.6806722689075646,36.78160919540229,False,医疗保健,False,1.0,False,rising,False,False,0.0,0.2133116832690497,0.3039826799485731,医疗保健,-5.0,-2.0,3.0,0.3,0.5,0.11797904616769239,0.7905708142890617,0.125486203143791,False,False,0.07663150969216939,0.6661675722524477,,,,,,,0.07161803713527852,0,0.0,none,0.12072554159402026,False,stable,4.0,"趋势不确定预警-4分(Bootstrap CI跨零: [-0.023, 0.170])",,,0,0
603015.SH,弘讯科技,电气设备,0.16000000000000003,0.0019763919360716144,0.0020000000000000018,0.5000000000000002,0.1816901138162097,0.016265496309229466,0.16,100.0,0.0012500000000000011,0.1,1.0,has_near_zero,has_near_zero,has_near_zero,False,0,True,5,False,0,True,5,0.2242703965998142,0.0363318042491699,0.6172839506172839,moderate,False,False,none,0.07,0.0,-0.013999999999999999,-0.084,0.23367193627450966,1.0,0.19215686274509797,False,none,0.0,0.04000000000000001,33.33333333333334,0.0,33.33333333333334,False,电气设备,False,1.8333333333333335,True,falling,False,False,0.0,0.2242703965998142,0.4238607617242959,电气设备,-5.0,-2.0,3.0,0.3,0.5,0.019805614733269188,0.7499999999999999,0.03467024962635934,False,False,-0.003917390821385036,0.02995775744709028,,,,,,,0.16167664670658682,0,0.0,none,0.2208462199999792,False,decreasing_vol,0.0,,,,0,0
603016.SH,新宏泰,电气设备,0.44499999999999995,0.0201930253650228,0.022000000000000002,0.5493493804257371,0.1517762835590537,0.03394630791434117,0.48,100.0,0.015000000000000006,0.8,0.0864107329737,has_near_zero,has_near_zero,has_near_zero,False,0,True,5,False,0,True,5,0.10758172838644012,0.046690470119715013,0.27649769585253453,ultra_stable,False,False,none,-0.06,0.0,0.037,0.097,0.4901154152601649,1.0,0.807669616519174,False,none,0.019999999999999962,0.010000000000000009,6.66666666666666,4.3478260869565135,2.222222222222224,False,电气设备,False,1.0,False,rising,False,False,0.0,0.10758172838644012,0.21939871604248543,电气设备,-5.0,-2.0,3.0,0.3,0.5,0.013601225677845025,0.964809741675228,-0.00015350483312134844,False,False,0.0201930253650228,0.5493493804257371,,,,,,,0.13366336633663367,0,0.0,none,0.07176226498800665,False,decreasing_vol,0.0,,,,0,0
603019.SH,中科曙光,IT设备,1.0652,0.13184255741397238,0.184,0.9548940302292726,0.004122129159570136,0.2056462551887217,1.31,100.0,0.19,1.0,0.02748633611151033,has_near_zero,has_near_zero,has_near_zero,False,0,True,2,False,0,True,2,0.29337687901047627,0.2963106478005811,0.6831683168316831,ultra_stable,False,False,none,0.22000000000000003,0.0,0.125,-0.09500000000000003,0.5071957960295835,0.9891008174386922,0.892857142857143,False,none,0.050000000000000044,0.19999999999999996,23.584905660377355,3.9682539682539715,18.867924528301884,False,IT设备,False,1.0,False,rising,False,False,0.0,0.29337687901047627,0.3680348365417143,IT设备,-5.0,-2.0,3.0,0.3,0.5,0.0806816865249449,0.8866199140016314,-0.08795389440987272,False,True,0.13184255741397238,0.9548940302292726,,,,,,,0.07161803713527852,0,0.0,none,0.05565730424774326,False,decreasing_vol,0.0,,,,0,0
603031.SH,安孚科技,电气设备,0.4997,0.291884339436289,0.31900000000000006,0.6342421414492071,0.10685442144553348,,0.8,103.0,0.31833333333333336,0.6,0.22067136191984693,poor,poor,poor,True,2,True,4,True,2,True,4,1.5616242276581713,0.6308961879739012,3.6386138613861383,high_volatility,False,False,none,0.395,0.0,0.03500000000000003,-0.36,0.21878705577731744,0.4254840469048267,0.05769230769230779,True,moderate,-0.20999999999999996,0.28,9.58904109589042,-20.79207920792079,38.35616438356165,False,电气设备,True,inf,True,falling,False,False,0.0,1.5616242276581713,1.0,电气设备,-5.0,-2.0,3.0,0.3,0.5,0.02779896205728749,0.06437745715413191,-0.3407182330057974,False,False,0.291884339436289,0.6342421414492071,,,,,,,0.7873633049817741,1,0.0,single_year_drop,0.9380747266216073,False,decreasing_vol,12.0,中度恶化-10分; 周期回落期-3分(景气下行趋势); 贝叶斯中度恶化预警-5分(恶化概率78.7%); 趋势不可靠-2分(Bootstrap CI过宽: 0.730),high_growth,"高速成长(稳健CAGR=31.8%, MK趋势=0.60)",1,0
603036.SH,如通股份,专用机械,0.4075,0.043819521978872435,0.04699999999999999,0.7529644222226293,0.056583611207656,0.09243593994325816,0.47,100.0,0.04166666666666666,0.8,0.0864107329737,has_near_zero,has_near_zero,has_near_zero,False,0,True,5,False,0,True,5,0.22219509383022437,0.08532291603080616,0.5208333333333333,ultra_stable,False,False,none,-0.06,0.0,0.06699999999999999,0.127,0.49800100759816635,1.0,0.8810598626104027,False,none,0.009999999999999953,0.07,20.5128205128205,2.1739130434782505,17.94871794871795,False,专用机械,False,1.0,False,rising,False,False,0.0,0.22219509383022437,0.31108940839751287,专用机械,-5.0,-2.0,3.0,0.3,0.5,0.036742367635484996,0.840965723569466,0.00851820338322426,False,False,0.043819521978872435,0.7529644222226293,,,,,,,0.07161803713527852,0,0.0,none,0.10917330112632594,False,decreasing_vol,0.0,,,,0,0
603039.SH,泛微网络,软件服务,0.8695,-0.08516828405038643,-0.11700000000000002,0.7233433852583183,0.06781503945348274,-0.0844271496571618,0.78,92.0,-0.1325,-0.6,0.22067136191984693,has_near_zero,has_near_zero,has_near_zero,False,0,True,3,False,0,True,3,0.2350274558935216,0.218105479069188,0.5495689655172414,stable,False,False,none,-0.12500000000000006,0.0,-0.03999999999999998,0.08500000000000008,0.19535639720847964,0.5034908700322238,0.22119815668202736,False,none,0.09000000000000008,-0.17000000000000004,-9.302325581395344,13.043478260869579,-19.76744186046512,False,软件服务,False,1.7391304347826089,True,rising,False,False,0.0,0.2350274558935216,0.41990602268583177,软件服务,-5.0,-2.0,3.0,0.3,0.5,-0.030931726034483575,0.21148036198296033,0.05817772572330948,False,False,-0.08516828405038643,0.7233433852583183,,,,,,,0.2783505154639176,0,0.0,none,0.12449502264905064,False,decreasing_vol,8.0,峰值明显下跌-8分(从1.2跌至0.8，跌幅-35.0%),,,0,0
603045.SH,福达合金,小金属,0.31615499999999996,2.652808935706963e-05,3.999999999999004e-05,1.1692147158372653e-05,0.9956463209630078,0.009030775624399245,0.3369,112.0,-0.0024125000000000097,0.0,1.0,has_near_zero,has_near_zero,has_near_zero,False,0,True,5,False,0,True,5,0.2256798284040238,0.07243419772455549,0.6284272183449651,moderate,False,False,none,-0.05260000000000001,0.0,0.05854999999999999,0.11115,0.26609772131706333,0.27186320567002364,0.9500629106862254,False,none,0.0353,0.08179999999999998,53.27570518653321,11.704244031830239,37.21565059144677,False,小金属,True,1.9176524112829845,True,rising,True,False,0.0,0.2256798284040238,1.0,小金属,-5.0,-2.0,1.6,0.3,0.24,0.05638219906620434,0.948500449835463,0.10711572784211032,False,False,-0.0090122897538658,0.04276150159758275,,,,,,,0.07161803713527852,0,0.0,none,0.2206584748263253,False,decreasing_vol,0.0,,cyclical_bottom,周期底部(mid_up),0,0
603050.SH,科林电气,电气设备,0.8033000000000001,-0.004996131206595078,-0.006000000000000005,0.20279314870144158,0.44664393082552156,-0.01121672693466158,0.65,35.0,0.024166666666666642,0.2,0.8064959405073401,has_near_zero,has_near_zero,has_near_zero,False,0,True,4,False,0,True,5,0.3922101413083145,0.3067083305031019,0.9846547314578007,volatile,False,False,none,0.014999999999999958,0.0,-0.02999999999999997,-0.04499999999999993,0.07227794657079767,0.03110599078340998,0.006548629638612647,True,severe,-0.67,0.6100000000000001,-8.450704225352105,-50.75757575757576,85.9154929577465,False,电气设备,False,2.4,True,falling,False,False,0.0,0.3922101413083145,0.6337681130466517,电气设备,-5.0,-2.0,3.0,0.3,0.5,-0.024807663513411293,0.008856403248824878,-0.03712499901033489,False,False,0.05151448500366035,0.1351323359297243,,,,,,,0.9487554904831625,1,0.0,cliff_drop,0.3649937615463844,True,increasing_vol,65.0,严重恶化-15分; 单年巨幅下滑-15.0分(年跌-50.8%); 贝叶斯高置信度恶化-12分(恶化概率94.9%，严重恶化确认); 波动率飙升预警-8.0分(近期波动是早期的4.4倍); 峰值大幅下跌-15分(从1.3跌至0.7，跌幅-50.8%),,,0,0
603063.SH,禾望电气,电气设备,0.8389,0.09415459495941839,0.123,0.6403401204014548,0.10392570305869182,0.1224444648611458,1.0,88.0,0.10625,0.4,0.4624327264504764,has_near_zero,has_near_zero,has_near_zero,False,0,True,3,False,0,True,3,0.3050916072271454,0.2446834689961706,0.6483790523690772,stable,False,False,none,-0.010000000000000009,0.0,0.195,0.20500000000000002,0.23503561532771178,0.4285714285714285,0.5192307692307694,True,moderate,-0.1299999999999999,0.5199999999999999,63.934426229508205,-11.504424778761054,85.24590163934424,False,电气设备,False,1.4508196721311475,True,falling,False,False,0.0,0.3050916072271454,0.437515908732536,电气设备,-5.0,-2.0,3.0,0.3,0.5,0.1519963476851965,0.5440680203657919,0.16049535751174265,True,False,0.09415459495941839,0.6403401204014548,,,,,,,0.4807121661721069,1,0.0,single_year_drop,0.18514215196095574,False,increasing_vol,12.0,"中度恶化-10分; 波动率飙升预警-8.0分(近期波动是早期的16.2倍); 趋势不确定预警-4分(Bootstrap CI跨零: [-0.019, 0.210])",,,0,0
603078.SH,江化微,半导体,0.31091,-0.03031837027245738,-0.031939999999999996,0.44888423460159904,0.21595611485783148,-0.11005466745470838,0.2558,44.0,-0.02754999999999997,-0.6,0.22067136191984693,has_near_zero,has_near_zero,has_near_zero,False,0,True,5,False,0,True,5,0.2311957166285017,0.07557325585152462,0.4705090553108175,stable,False,False,none,-0.1195,0.0,-0.023419999999999996,0.09608,0.16662928467070365,1.0,0.18706976230217706,True,severe,-0.01709999999999995,-0.13670000000000004,-37.54882812499999,-6.266031513374844,-33.374023437500014,False,半导体,False,1.4207422823447797,True,falling,False,False,0.0,0.2311957166285017,0.37438887761543865,半导体,-5.0,-2.0,3.0,0.3,0.5,-0.07292222506053897,0.8338006297845644,-0.07375533134761203,False,False,-0.03031837027245738,0.44888423460159904,,,,,,,0.9507042253521126,2,-0.812248243754328,sustained_decline,0.17199569569169043,False,decreasing_vol,56.0,严重恶化-15分; 单年巨幅下滑-15.0分(年跌-33.4%); 贝叶斯高置信度恶化-12分(恶化概率95.1%，严重恶化确认); 峰值明显下跌-8分(从0.4跌至0.3，跌幅-37.5%); 连续下跌警示-6分(2年下跌，累计-37.3%),,,0,0
603087.SH,甘李药业,生物制药,1.0161,-0.24410856336470044,-0.45299999999999996,0.15929887203726975,0.5056556327657166,,1.04,95.0,-0.4170833333333333,-0.2,0.8064959405073401,has_loss,has_loss,has_loss,True,1,True,2,True,1,True,2,1.1853552095879853,1.365529201445359,2.9253472222222223,high_volatility,False,False,none,-1.545,0.0,0.91,2.455,0.6411261904804484,0.6825466797563786,0.9183424515747449,False,none,0.44000000000000006,1.38,233.33333333333334,73.33333333333336,176.9230769230769,False,生物制药,True,inf,True,rising,False,False,0.0,1.1853552095879853,1.0,生物制药,-5.0,-2.0,3.0,0.3,0.5,0.8131757610564252,0.8987950787108993,1.9587923234791194,True,False,-0.24410856336470044,0.15929887203726975,,,,,,,0.07161803713527852,0,0.0,none,1.0092046517451125,False,decreasing_vol,17.0,趋势不可靠-2分(Bootstrap CI过宽: 2.179); 峰值大幅下跌-15分(从2.6跌至1.0，跌幅-59.8%),cyclical_bottom,"周期底部(mid_up), 近期强势(81.3%)",0,0
603090.SH,宏盛股份,专用机械,0.3929,0.1171870211618041,0.123,0.7379755257492635,0.062159379605411756,0.6265765616977856,0.49,88.88160696135606,0.10916666666666666,0.6,0.22067136191984693,has_near_zero,has_near_zero,has_near_zero,False,0,True,5,False,0,True,5,0.6379559185958351,0.22711230702011728,1.3202247191011238,moderate,False,False,none,0.23,0.0,-0.020000000000000018,-0.25,0.4947256385998108,0.8758278145695364,0.5714285714285715,True,moderate,-0.050000000000000044,0.010000000000000009,-7.547169811320761,-9.259259259259267,1.8867924528301903,False,专用机械,False,1.0,True,falling,False,False,0.0,0.6379559185958351,0.6436980682100014,专用机械,-5.0,-2.0,3.0,0.3,0.5,-0.017816350142192516,0.5730940823122282,-0.23678607728787526,False,True,0.1171870211618041,0.7379755257492635,,,,,,,0.8223350253807107,1,0.0,single_year_drop,0.3294729487171469,False,decreasing_vol,11.118393038643937,"中度恶化-10分; 加速下滑-0.1分(加速度-0.24); 贝叶斯中度恶化预警-5分(恶化概率82.2%); 趋势不确定预警-4分(Bootstrap CI跨零: [-0.018, 0.236])",,,0,0
603097.SH,江苏华辰,电气设备,0.6554199999999999,-0.010926726314435364,-0.012559999999999993,0.09080224999448472,0.6222176125312436,-0.04555575588556571,0.5726,79.0,-0.026224999999999977,-0.4,0.4624327264504764,has_near_zero,has_near_zero,has_near_zero,False,0,True,5,False,0,True,5,0.10417781718062445,0.0689344616284192,0.2820009067553272,ultra_stable,False,False,none,-0.02664999999999995,0.0,-0.03205000000000002,-0.005400000000000071,0.14459497263207893,0.9228103114483585,0.11427196483446089,True,moderate,-0.1866,0.12249999999999994,-10.06753573111356,-24.578503688092727,19.239830375373007,False,电气设备,False,1.19239830375373,True,falling,False,False,0.0,0.10417781718062445,0.24232869424499692,电气设备,-5.0,-2.0,3.0,0.3,0.5,-0.027425546436996517,0.12125695046848911,-0.005217621714065146,False,False,-0.010926726314435364,0.09080224999448472,,,,,,,0.9025069637883009,1,0.0,single_year_drop,0.09976112787398678,True,increasing_vol,21.0,中度恶化-10分; 贝叶斯恶化预警-8分(恶化概率90.3%); 波动率飙升预警-8.0分(近期波动是早期的5.8倍),,,0,0
603102.SH,百合股份,医疗保健,2.481,-0.05058190876403079,-0.13799999999999996,0.3503547293490229,0.2930307740033835,-0.04763669186498509,2.18,87.0,-0.16874999999999996,-0.6,0.22067136191984693,good,good,good,False,0,False,0,False,0,False,0,0.14652189562564238,0.37363083384538803,0.3529411764705882,ultra_stable,False,False,none,0.43000000000000016,0.0,-0.22599999999999998,-0.6560000000000001,0.3832102910267592,1.0,0.4678146180619162,True,moderate,-0.45999999999999996,0.43999999999999995,-0.9090909090909097,-17.424242424242422,19.999999999999996,False,医疗保健,False,1.3,True,falling,False,False,0.0,0.14652189562564238,0.29055084983384727,医疗保健,-5.0,-2.0,3.0,0.3,0.5,-0.004153688426043911,0.0017364239512659232,0.08178770953317172,False,False,-0.05058190876403079,0.3503547293490229,,,,,,,0.9025069637883009,1,0.0,single_year_drop,0.11894060109892317,False,stable,13.0,中度恶化-10分; 贝叶斯恶化预警-8分(恶化概率90.3%),,,0,0
603105.SH,芯能科技,电气设备,0.33840000000000003,0.06514696342395723,0.06799999999999999,0.7925213502607502,0.0429276305078233,0.24949969971969166,0.39,98.0,0.06,0.8,0.0864107329737,has_near_zero,has_near_zero,has_near_zero,False,0,True,5,False,0,True,5,0.3802301635268388,0.12091319200153472,0.8805031446540883,stable,False,False,none,0.11,0.0,0.0050000000000000044,-0.105,0.41697605586963754,0.9355670103092784,0.024193548387096826,True,moderate,-0.04999999999999999,0.06,2.6315789473684235,-11.36363636363636,15.789473684210526,False,电气设备,False,1.0,True,falling,False,False,0.0,0.3802301635268388,0.4375174641548044,电气设备,-5.0,-2.0,3.0,0.3,0.5,0.004666116089212413,0.02464337475011994,-0.10137253970990967,False,False,0.06514696342395723,0.7925213502607502,,,,,,,0.6492985971943889,1,0.0,single_year_drop,0.17395366900552622,False,decreasing_vol,2.0,中度恶化-10分,,,0,0
603106.SH,恒银科技,IT设备,-0.11120000000000001,-0.04300246607767423,-0.044000000000000004,0.09110752136919996,0.6216032197981469,,0.08,83.18299831303449,-0.07500000000000002,-0.3,0.6133543559547467,poor,poor,poor,True,2,True,5,True,2,True,5,2.3407193546093685,0.2293904967517181,4.8979591836734695,high_volatility,False,False,none,-0.185,0.0,0.185,0.37,0.5111281677362334,0.830032336297494,0.5412493410648394,False,none,0.48000000000000004,-0.11000000000000004,127.58620689655173,120.0,-37.93103448275863,False,IT设备,False,1.0,False,rising,False,False,0.0,2.3407193546093685,1.0,IT设备,-5.0,-2.0,3.0,0.3,0.5,0.18299831303448957,0.549570828384944,0.3659966260689791,True,False,-0.04300246607767423,0.09110752136919996,,,,,,,0.07161803713527852,0,0.0,none,2.2304731364282775,False,increasing_vol,16.81700168696551,单年巨幅下滑-15.0分(年跌-37.9%); 趋势不可靠-2分(Bootstrap CI过宽: 0.414),,,0,0
603109.SH,神驰机电,电气设备,1.022745,0.01734132660457819,0.018490000000000006,0.03154790621977154,0.7750454076247053,0.06558946467483762,0.9305,88.0,0.008075000000000013,0.0,1.0,has_near_zero,has_near_zero,has_near_zero,False,0,True,2,False,0,True,2,0.21707625454988905,0.22000678398631257,0.5929945732609767,moderate,False,False,none,0.601,0.0,-0.10891999999999999,-0.70992,0.6100262891629976,1.0,0.6804228916299762,True,moderate,-0.1595000000000001,0.08740000000000014,-7.191302613205659,-14.633027522935787,8.717334929184137,False,电气设备,False,1.2032216237781768,True,falling,False,False,0.0,0.21707625454988905,0.33409055347700145,电气设备,-5.0,-2.0,3.0,0.3,0.5,-0.025922344413355614,0.21295884318943867,-0.1323511399493752,False,False,0.01734132660457819,0.03154790621977154,,,,,,,0.8223350253807107,1,0.0,single_year_drop,0.2151511513114635,True,decreasing_vol,12.0,中度恶化-10分; 贝叶斯中度恶化预警-5分(恶化概率82.2%); 波动聚集提示-2分(大波动后可能跟着大波动),,,0,0
603159.SH,上海亚虹,专用机械,0.23900000000000002,-0.017454693436338438,-0.018,0.7224307247294568,0.06817477436279475,-0.07752347271230631,0.21,87.0,-0.01999999999999998,-0.8,0.0864107329737,has_near_zero,has_near_zero,has_near_zero,False,0,True,5,False,0,True,5,0.13494516557001218,0.03346640106136302,0.32258064516129026,ultra_stable,False,False,none,-0.03499999999999999,0.0,-0.0050000000000000044,0.029999999999999985,0.21621505376344047,0.9423076923076923,0.05769230769230778,True,moderate,-0.04000000000000001,0.03,-4.545454545454549,-16.000000000000004,13.636363636363635,False,专用机械,False,1.1363636363636365,True,falling,False,False,0.0,0.13494516557001218,0.2594712839711613,专用机械,-5.0,-2.0,3.0,0.3,0.5,-0.0048882786828766955,0.058095102826963035,0.02902112488442335,False,False,-0.017454693436338438,0.7224307247294568,,,,,,,0.9025069637883009,1,0.0,single_year_drop,0.07099522928088309,False,stable,13.0,中度恶化-10分; 贝叶斯恶化预警-8分(恶化概率90.3%),,,0,0
603160.SH,汇顶科技,半导体,0.9411,-0.28795868872856867,-0.623,0.13058602060760258,0.5501132433754514,,1.33,83.0,-0.6799999999999999,-0.4,0.4624327264504764,has_loss,has_loss,has_loss,True,1,True,1,True,1,True,1,1.7344241338561945,1.9564304229897875,4.698581560283687,high_volatility,False,False,none,-2.65,0.0,1.48,4.13,0.7425689460093358,0.9637642042855313,0.961925255807826,False,none,0.9700000000000001,1.9899999999999998,181.5950920245399,269.44444444444446,122.08588957055213,False,半导体,False,1.0,False,rising,False,False,0.0,1.7344241338561945,1.0,半导体,-5.0,-2.0,3.0,0.3,0.5,1.1806937820151422,0.9563826956947523,2.8187840548400005,True,False,-0.28795868872856867,0.13058602060760258,,,,,,,0.07161803713527852,0,0.0,none,1.4985410042660583,False,decreasing_vol,17.0,趋势不可靠-2分(Bootstrap CI过宽: 3.006); 峰值大幅下跌-15分(从3.7跌至1.3，跌幅-63.8%),,,0,0
603169.SH,兰石重装,专用机械,0.067034,0.0004766732734814247,0.00047999999999999985,0.5179756528467749,0.1704497649104276,,0.1196,93.11912246171593,0.009949999999999994,0.6,0.22067136191984693,has_loss,has_loss,has_near_zero,True,1,True,5,False,0,True,5,4.036153214286956,0.1758955570786255,9.304726938962828,high_volatility,False,True,growth_to_decline,0.38749999999999996,0.0,-0.0008299999999999988,-0.38832999999999995,0.7424123559947267,1.0,0.016132922731051578,False,none,0.001899999999999999,-0.016999999999999987,-11.210096510764654,1.6142735768903984,-12.620638455827757,False,专用机械,False,1.1444350042480882,True,rising,False,False,0.0,4.036153214286956,1.0,专用机械,-5.0,-2.0,3.0,0.3,0.5,-0.00748963262244122,0.6568437813665362,-0.20843507656814375,False,True,0.07748164472861137,0.4938781916041295,,,,,,,0.2783505154639176,0,0.0,none,2.8714040900421867,True,decreasing_vol,6.8808775382840714,"增长转衰退-0.8分(斜率变化-0.39); 加速下滑-0.1分(加速度-0.21); 波动聚集提示-2分(大波动后可能跟着大波动); 趋势不确定预警-4分(Bootstrap CI跨零: [-0.000, 0.001])",,,0,0
603171.SH,税友股份,软件服务,0.4093,-0.13192557659084242,-0.14899999999999997,0.8462333895608857,0.026879328153791477,-0.23788592090716787,0.28,58.0,-0.16749999999999998,-0.8,0.0864107329737,has_near_zero,has_near_zero,has_near_zero,False,0,True,5,False,0,True,5,0.5651400356654043,0.2565735761920935,1.365638766519824,moderate,False,False,none,-0.24,0.0,-0.034999999999999976,0.20500000000000002,0.5159421631000578,0.9994216310005783,0.24999999999999972,False,none,0.07000000000000003,-0.13999999999999999,-19.999999999999986,33.33333333333336,-40.0,False,软件服务,False,1.0,False,rising,False,False,0.0,0.5651400356654043,0.5854453618656568,软件服务,-5.0,-2.0,3.0,0.3,0.5,-0.03337843186014125,0.24548093981665836,0.17297244059229389,False,False,-0.13192557659084242,0.8462333895608857,,,,,,,0.435483870967742,0,0.0,none,0.22384208836062988,True,decreasing_vol,42.0,单年巨幅下滑-15.0分(年跌-40.0%); 相对加权下滑-10.0分(最新为加权68.4%); 波动聚集提示-2分(大波动后可能跟着大波动); 峰值大幅下跌-15分(从0.8跌至0.3，跌幅-66.3%),,,0,0
603203.SH,快克智能,专用机械,0.9955,-0.08387614401082864,-0.12099999999999997,0.5726101751244773,0.13867530164289413,-0.06870961199174042,0.85,73.0,-0.125,-0.6,0.22067136191984693,has_near_zero,has_near_zero,has_near_zero,False,0,True,2,False,0,True,2,0.2437964243186519,0.25744902408049636,0.6155303030303031,stable,False,False,none,0.29000000000000004,0.0,-0.205,-0.495,0.577551925210337,1.0,0.8135708063111023,False,none,0.07999999999999996,-0.3400000000000001,-23.423423423423433,10.389610389610384,-30.630630630630634,False,专用机械,False,1.844155844155844,True,rising,False,False,0.0,0.2437964243186519,0.4409245853423674,专用机械,-5.0,-2.0,3.0,0.3,0.5,-0.0929097581598754,0.5184988848891742,-0.08624956751411367,False,False,-0.08387614401082864,0.5726101751244773,,,,,,,0.435483870967742,0,0.0,none,0.16313597339678246,False,stable,27.0,"单年巨幅下滑-15.0分(年跌-30.6%); 趋势不确定预警-4分(Bootstrap CI跨零: [-0.224, 0.020]); 峰值明显下跌-8分(从1.4跌至0.8，跌幅-40.1%)",,,0,0
603207.SH,小方制药,化学制药,1.483,0.0038606654689672835,0.006999999999999984,0.19677053320237728,0.45431764444908196,0.005802149783824984,1.53,93.75912496581901,0.05166666666666666,0.4,0.4624327264504764,good,good,good,False,0,False,0,False,0,False,0,0.16606903487148608,0.24030189345904038,0.4492052522460262,stable,False,False,none,-0.44500000000000006,0.0,0.16799999999999998,0.613,0.5416965848473666,1.0,0.6186760192897852,True,moderate,-0.16999999999999993,0.24,4.79452054794521,-9.999999999999996,16.43835616438356,False,化学制药,False,1.6190476190476188,True,falling,False,False,0.0,0.16606903487148608,0.3487282437702047,化学制药,-5.0,-2.0,3.0,0.3,0.5,0.019460707329096105,0.08729425440237874,0.029269750985774,False,False,0.042313634965616444,0.21566188880199805,,,,,,,0.6492985971943889,1,0.0,single_year_drop,0.14625063424277554,True,decreasing_vol,6.240875034180991,中度恶化-10分; 波动聚集提示-2分(大波动后可能跟着大波动),,,0,0
603218.SH,日月股份,电气设备,0.6304,-0.006887351021175492,-0.008000000000000007,0.008858120033043556,0.8803429208788717,-0.1658583197823601,0.61,83.0,-0.13624999999999998,-0.4,0.4624327264504764,has_near_zero,has_near_zero,has_near_zero,False,0,True,4,False,0,True,5,0.5200288039467439,0.35153947146799885,1.3461538461538463,volatile,False,False,none,-0.455,0.0,0.13,0.585,0.6891872785251675,0.9791502443638657,0.998031496062992,False,none,0.14,0.12,74.28571428571429,29.787234042553195,34.285714285714285,False,电气设备,False,1.0,False,rising,False,False,0.0,0.5200288039467439,0.5493563764907284,电气设备,-5.0,-2.0,3.0,0.3,0.5,0.11707966828160307,0.9991013330069802,0.4723812709116735,True,False,-0.11431233833258488,0.4436165652540558,,,,,,,0.07161803713527852,0,0.0,none,0.3795178814564025,True,decreasing_vol,17.0,波动聚集提示-2分(大波动后可能跟着大波动); 峰值大幅下跌-15分(从1.3跌至0.6，跌幅-51.6%),,,0,0
603228.SH,景旺电子,元器件,1.21,0.030451793731028264,0.048,0.4604796588369519,0.20787168241626144,0.05057733775382034,1.34,95.41176470588235,0.047500000000000014,0.7,0.12955135290440883,good,good,good,False,0,False,0,False,0,False,0,0.09400498301631523,0.11148990985734986,0.20236087689713322,ultra_stable,False,False,none,0.010000000000000009,0.0,0.053000000000000005,0.043,0.14798558978694779,1.0,0.3470043236565783,False,none,0.22999999999999998,-0.15999999999999992,5.511811023622052,20.720720720720717,-12.598425196850387,False,元器件,False,1.144144144144144,True,rising,False,False,0.0,0.09400498301631523,0.22775653896560472,元器件,-5.0,-2.0,3.0,0.3,0.5,0.02128983065908563,0.080938252784699,-0.033549823009399404,False,False,0.030451793731028264,0.4604796588369519,,,,,,,0.13366336633663367,0,0.0,none,0.06886177736625775,True,increasing_vol,4.588235294117648,波动率飙升预警-4.6分(近期波动是早期的2.3倍),,,0,0
603232.SH,格尔软件,软件服务,0.17300000000000001,-0.048534507208751534,-0.05,0.2591090661913193,0.38107809536160464,,0.16,80.13851993547404,-0.04666666666666667,-0.3,0.6133543559547467,has_loss,has_loss,has_loss,True,1,True,5,True,1,True,5,0.8157570005396091,0.15336231610144652,2.021276595744681,high_volatility,False,False,none,-0.18,0.0,0.1,0.28,0.4605793162165188,0.7084548104956266,0.7499999999999999,False,none,0.0,0.2,500.0,0.0,500.0,False,软件服务,True,inf,True,falling,False,False,0.0,0.8157570005396091,1.0,软件服务,-5.0,-2.0,3.0,0.3,0.5,0.09965721043567137,0.7500000000000003,0.27703987094807997,True,False,-0.048534507208751534,0.2591090661913193,,,,,,,0.16167664670658682,0,0.0,none,0.6990179362127451,False,decreasing_vol,19.86148006452596,周期回落期-3分(景气下行趋势); 趋势不可靠-2分(Bootstrap CI过宽: 0.315); 峰值大幅下跌-15分(从0.3跌至0.2，跌幅-52.9%),,,0,0
603235.SH,天新药业,化学制药,1.5764,-0.11716369975893917,-0.23199999999999998,0.6519977299409012,0.09843384297457322,-0.09790777944699747,1.49,92.0,-0.36500000000000005,-0.8,0.0864107329737,good,good,good,False,0,False,0,False,0,False,0,0.26764587902324893,0.44054511687226766,0.7047387606318348,stable,False,False,none,-0.37,0.0,-0.010000000000000009,0.36,0.436658732837959,0.9997565725413826,0.001781472684085514,False,none,0.3999999999999999,-0.41999999999999993,-1.3245033112582794,36.69724770642201,-27.81456953642384,False,化学制药,False,1.0,False,rising,False,False,0.0,0.26764587902324893,0.3474500365519325,化学制药,-5.0,-2.0,3.0,0.3,0.5,-0.005547032596452062,0.0014613411926524167,0.16938322130590033,False,False,-0.11716369975893917,0.6519977299409012,,,,,,,0.2783505154639176,0,0.0,none,0.1482182326316103,False,stable,8.0,峰值明显下跌-8分(从2.2跌至1.5，跌幅-33.8%),,,0,0
603259.SH,药明康德,化学制药,2.6822,0.2261502559767239,0.5539999999999999,0.8549713310087981,0.024548076162058487,0.2677030368028761,3.28,113.0,0.5062499999999999,1.0,0.02748633611151033,good,good,good,False,0,False,0,False,0,False,0,0.37366809394799483,0.9401489243731548,0.7988871224165343,stable,False,False,none,0.8699999999999999,0.0,0.135,-0.7349999999999999,0.6184959661311424,0.9372213967310552,0.7777382645803693,False,none,0.009999999999999787,0.26000000000000023,8.970099667774088,0.3058103975535103,8.637873754152832,False,化学制药,False,1.0,False,rising,False,False,0.0,0.37366809394799483,0.4322678084917292,化学制药,-5.0,-2.0,3.0,0.3,0.5,0.040926854334983886,0.7767228202953923,-0.3398620282948529,False,True,0.2261502559767239,0.8549713310087981,,,,,,,0.13366336633663367,0,0.0,none,0.13571255110492705,False,decreasing_vol,2.0,趋势不可靠-2分(Bootstrap CI过宽: 0.354),high_growth,"高速成长(稳健CAGR=50.6%, MK趋势=1.00)",1,0
603277.SH,银都股份,专用机械,1.1320000000000001,0.08880911042912834,0.128,0.9553981326747094,0.004052584512237367,0.1376921101500601,1.29,100.0,0.125,1.0,0.02748633611151033,has_near_zero,has_near_zero,has_near_zero,False,0,True,2,False,0,True,2,0.1925062664610498,0.2055966925804012,0.48689138576779023,ultra_stable,False,False,none,0.20999999999999996,0.0,0.10700000000000001,-0.10299999999999995,0.5191708136030995,1.0,0.9857081360309944,False,none,0.07000000000000006,0.1399999999999999,19.44444444444444,5.737704918032792,12.962962962962955,False,专用机械,False,1.0,False,rising,False,False,0.0,0.1925062664610498,0.28733834650217316,专用机械,-5.0,-2.0,3.0,0.3,0.5,0.06775646700665355,0.9594344152532397,-0.04612143805180918,False,False,0.08880911042912834,0.9553981326747094,,,,,,,0.07161803713527852,0,0.0,none,0.03388944020759146,False,stable,0.0,,,,0,0
603283.SH,赛腾股份,专用机械,2.1839000000000004,0.28366182191983585,0.613,0.7954156135615992,0.041989024971272555,0.2900898021879421,2.77,105.0,0.5741666666666667,0.6,0.22067136191984693,good,good,good,False,0,True,1,False,0,True,1,0.5714564725331231,1.1429129450662463,1.295,moderate,False,False,none,0.32999999999999996,0.0,0.555,0.2250000000000001,0.2024811728159233,0.738638932851006,0.33153051340006456,True,moderate,-0.81,1.9200000000000002,66.86746987951808,-22.62569832402235,115.66265060240966,False,专用机械,True,3.6161616161616164,True,falling,False,False,0.0,0.5714564725331231,0.9393200601813807,专用机械,-5.0,-2.0,3.0,0.3,0.5,0.23136497246229393,0.41504396711788877,0.031871446549969595,False,False,0.28366182191983585,0.7954156135615992,,,,,,,0.6492985971943889,1,0.0,single_year_drop,0.3028314300068604,False,increasing_vol,10.0,中度恶化-10分; 周期回落期-3分(景气下行趋势); 波动率飙升预警-8.0分(近期波动是早期的4.0倍); 趋势不可靠-2分(Bootstrap CI过宽: 0.412),high_growth,"高速成长(稳健CAGR=57.4%, MK趋势=0.60)",1,0
603289.SH,泰瑞机器,专用机械,0.329,-0.011479951289434954,-0.012,0.6931884835168269,0.0801361402573748,-0.04024358666186734,0.28,86.0,-0.01916666666666667,-0.7,0.12955135290440883,has_near_zero,has_near_zero,has_near_zero,False,0,True,5,False,0,True,5,0.24632232749203323,0.08473488065725944,0.6104651162790696,moderate,False,False,none,0.15999999999999998,0.0,-0.06699999999999999,-0.22699999999999998,0.5242235294117648,1.0,0.788235294117647,False,none,-0.009999999999999953,-0.040000000000000036,-15.151515151515147,-3.4482758620689493,-12.121212121212132,False,专用机械,False,1.0,True,falling,False,False,0.0,0.24632232749203323,0.33039119532695993,专用机械,-5.0,-2.0,3.0,0.3,0.5,-0.023910801885900917,0.8935592503219748,-0.023910801885900917,False,False,-0.028181120599550365,0.31929961412618113,,,,,,,0.49090909090909096,0,-0.7155172413793118,none,0.20411034513420884,True,decreasing_vol,14.0,"波动聚集提示-2分(大波动后可能跟着大波动); 趋势不确定预警-4分(Bootstrap CI跨零: [-0.026, 0.002]); 峰值明显下跌-8分(从0.5跌至0.3，跌幅-42.9%)",,,0,0
603296.SH,华勤技术,元器件,3.428955,-0.005195322732956575,-0.010490000000000022,0.003032795945797165,0.9299171043567888,-0.04503872992885505,2.89,85.0,0.01563333333333324,0.0,1.0,good,good,good,False,0,False,0,False,0,False,0,0.15366572183094193,0.5277188219118207,0.31419253392347557,stable,False,False,none,0.22904999999999998,0.0,-0.52155,-0.7505999999999999,0.45742226113782125,0.19732377935867718,0.7242170419108925,True,moderate,-1.0789999999999997,0.03589999999999982,-26.52106480892934,-27.18568909045099,0.912766011543053,False,元器件,False,1.3667826027067047,True,falling,False,False,0.0,0.15366572183094193,0.30517025782564755,元器件,-5.0,-2.0,3.0,0.3,0.5,-0.14764131793466628,0.7276462688250518,-0.20740543097905817,False,False,-0.005195322732956575,0.003032795945797165,,,,,,,0.9487554904831625,1,0.0,single_year_drop,0.1535898046427848,False,stable,15.0,中度恶化-10分; 贝叶斯恶化预警-8分(恶化概率94.9%); 趋势不可靠-2分(Bootstrap CI过宽: 0.340),,,0,0
603297.SH,永新光学,元器件,2.1135,0.030901716487182495,0.05499999999999998,0.06582801497263766,0.676945609232211,0.061632080158303015,1.88,70.81207306669084,-0.012500000000000011,0.0,1.0,good,good,good,False,0,False,0,False,0,False,0,0.20212831091991007,0.4216396565789324,0.5081495685522531,stable,False,False,none,0.9100000000000001,0.0,-0.19300000000000006,-1.1030000000000002,0.6738847565208768,1.0,0.7388475652087675,True,severe,-0.26000000000000023,-0.3999999999999999,-25.98425196850394,-12.149532710280383,-15.748031496062989,False,元器件,False,1.0,True,falling,False,False,0.0,0.20212831091991007,0.2950359820692614,元器件,-5.0,-2.0,3.0,0.3,0.5,-0.13667015875325172,0.9923624352060978,-0.37585386661830944,False,True,0.030901716487182495,0.06582801497263766,,,,,,,0.9060402684563759,2,-0.22850467289719553,sustained_decline,0.19778247159362813,False,decreasing_vol,29.187926933309157,严重恶化-15分; 加速下滑-0.2分(加速度-0.38); 贝叶斯高置信度恶化-12分(恶化概率90.6%，严重恶化确认); 趋势不可靠-2分(Bootstrap CI过宽: 0.405),,,0,0
603309.SH,维力医疗,医疗保健,0.6244999999999999,0.02952781062395595,0.03550000000000001,0.6232921840714883,0.11221085405686057,0.06182345142883494,0.75,94.0,0.09,0.6,0.22067136191984693,has_near_zero,has_near_zero,has_near_zero,False,0,True,5,False,0,True,5,0.21076924493211016,0.12561846997953766,0.5704697986577182,stable,False,False,none,-0.18,0.0,0.11100000000000003,0.29100000000000004,0.5558694411414983,1.0,0.9766944114149825,False,none,0.08999999999999997,0.09000000000000008,31.578947368421062,13.63636363636363,15.789473684210542,False,医疗保健,False,1.0,False,rising,False,False,0.0,0.21076924493211016,0.3019487292790215,医疗保健,-5.0,-2.0,3.0,0.3,0.5,0.07510833755110946,0.9998579245244622,0.08375862302771031,False,False,0.04861177909655946,0.49909824491185123,,,,,,,0.07161803713527852,0,0.0,none,0.14682406470741863,True,decreasing_vol,6.0,"波动聚集提示-2分(大波动后可能跟着大波动); 趋势不确定预警-4分(Bootstrap CI跨零: [-0.013, 0.075])",,,0,0
603312.SH,西典新能,电气设备,1.2950000000000002,0.022718614114936496,0.04024999999999999,0.22441957136403923,0.4202174854162668,0.015326681915795337,1.44,95.2267782064844,0.08833333333333329,0.4,0.4624327264504764,good,good,good,False,0,True,1,False,0,False,0,0.31119709403355394,0.3917971413882444,0.8181096108022239,moderate,False,False,none,-0.755,0.0,0.288,1.043,0.6688331950207469,1.0,0.688331950207469,True,moderate,-0.18999999999999995,0.3599999999999999,13.385826771653536,-11.65644171779141,28.346456692913375,False,电气设备,False,2.716666666666667,True,falling,False,False,0.0,0.31119709403355394,0.6111798974490654,电气设备,-5.0,-2.0,3.0,0.3,0.5,0.05049373284033343,0.24325277853255103,0.07625312673790052,False,False,0.07948893336279775,0.2160418753018149,,,,,,,0.4807121661721069,1,0.0,single_year_drop,0.2722716625830349,True,decreasing_vol,4.773221793515596,中度恶化-10分; 波动聚集提示-2分(大波动后可能跟着大波动),,,0,0
603320.SH,迪贝电气,电气设备,0.405,0.009667544412143143,0.010000000000000004,0.013169702467600953,0.8542052446076907,0.12358271493257655,0.51,100.0,0.02375,0.1,1.0,has_near_zero,has_near_zero,has_near_zero,False,0,True,5,False,0,True,5,0.36151049004149155,0.14532721699667958,0.845771144278607,volatile,False,False,none,-0.03,0.0,0.125,0.155,0.22486973887808875,0.027327935222672073,0.9173189823874756,False,none,0.19,0.06,96.15384615384615,59.375,23.076923076923077,False,电气设备,False,2.3076923076923075,True,rising,False,False,0.0,0.36151049004149155,0.596900699725501,电气设备,-5.0,-2.0,3.0,0.3,0.5,0.11649090646160984,0.9215454163821288,0.1453007222144975,False,False,0.009667544412143143,0.013169702467600953,,,,,,,0.07161803713527852,0,0.0,none,0.35936449880161464,False,decreasing_vol,0.0,,,,0,0
603328.SH,依顿电子,元器件,0.280215,0.011658067251128269,0.011900000000000003,0.17717253782787085,0.48034478229062694,0.18785343367975216,0.438,100.0,0.050875000000000004,0.6,0.22067136191984693,has_near_zero,has_near_zero,has_near_zero,False,0,True,5,False,0,True,5,0.4040324133251641,0.10678576684184087,1.0896708286038594,moderate,False,False,none,-0.07,0.0,0.08395,0.15395,0.4857105036567043,1.0,0.8164566182273676,False,none,0.1935,-0.024500000000000022,62.82527881040891,79.14110429447852,-9.107806691449822,False,元器件,False,1.3637515842839039,True,rising,False,False,0.0,0.4040324133251641,0.5050594752313184,元器件,-5.0,-2.0,3.0,0.3,0.5,0.0796125166438543,0.640344502925209,0.055815412128983555,False,False,0.05063226105975875,0.616692844991721,,,,,,,0.07161803713527852,0,0.0,none,0.2500440340929282,False,stable,0.0,,,,0,0
603333.SH,尚纬股份,电气设备,0.0147,0.0,0.0,0.0,1.0,,0.03,98.0,0.0,0.2,0.7236736098317631,has_loss,has_loss,has_near_zero,True,1,True,5,False,0,True,5,3.354101966249684,0.040249223594996206,7.5,high_volatility,False,False,none,-0.09,0.0,0.027000000000000003,0.11699999999999999,0.4691142857142857,1.0,0.6000000000000002,False,none,0.0,0.0,0.0,0.0,0.0,False,电气设备,False,1.0,False,falling,False,False,0.0,3.354101966249684,1.0,电气设备,-5.0,-2.0,3.0,0.3,0.5,0.0,0.0,0.0,False,False,0.008995956001685821,0.12499999999999997,,,,,,,0.49090909090909096,0,0.0,none,3.1374750995027836,True,decreasing_vol,2.0,波动聚集提示-2分(大波动后可能跟着大波动),,,0,0
603339.SH,四方科技,专用机械,0.7877000000000002,0.11619499818058117,0.139,0.5439250999973788,0.15492111471902698,0.22674120217495375,0.77,82.82356729206441,0.15875,0.6,0.22067136191984693,has_near_zero,has_near_zero,has_near_zero,False,0,True,4,False,0,True,4,0.410393507027634,0.306153556242615,0.9919571045576407,moderate,False,False,none,0.32499999999999996,0.0,-0.10999999999999999,-0.43499999999999994,0.580568998710824,0.9599363829142681,0.47575360419397095,True,moderate,-0.31000000000000005,0.09000000000000008,-22.22222222222222,-28.70370370370371,9.090909090909099,False,专用机械,False,1.0,True,falling,False,False,0.0,0.410393507027634,0.46164813895544055,专用机械,-5.0,-2.0,3.0,0.3,0.5,-0.08260718560045344,0.49282279285527425,-0.3528654158711598,False,True,0.11619499818058117,0.5439250999973788,,,,,,,0.9487554904831625,1,0.0,single_year_drop,0.28570680925588315,False,decreasing_vol,17.176432707935582,"中度恶化-10分; 加速下滑-0.2分(加速度-0.35); 贝叶斯恶化预警-8分(恶化概率94.9%); 趋势不确定预警-4分(Bootstrap CI跨零: [-0.083, 0.280])",,,0,0
603344.SH,星德胜,电气设备,1.226,0.0092564290302386,0.015000000000000036,0.28608078183716884,0.35301872259928263,-0.03366185918473641,1.09,80.11111111111111,-0.007500000000000007,0.0,1.0,good,good,good,False,0,False,0,False,0,False,0,0.07516002694170609,0.09289779329994872,0.2022653721682848,ultra_stable,False,False,none,0.015000000000000013,0.0,-0.09499999999999997,-0.10999999999999999,0.3154714566988034,0.25,0.5298434442270058,True,moderate,-0.25,0.06000000000000005,-14.843749999999995,-18.656716417910445,4.687500000000004,False,电气设备,False,1.098360655737705,True,falling,False,False,0.0,0.07516002694170609,0.20657610898505888,电气设备,-5.0,-2.0,3.0,0.3,0.5,-0.06129710814808731,0.541445868232746,-0.0705994242769643,False,False,-0.013408739246104907,0.12789769293597,,,,,,,0.9025069637883009,1,0.0,single_year_drop,0.0706714168347005,True,increasing_vol,19.888888888888886,中度恶化-10分; 贝叶斯恶化预警-8分(恶化概率90.3%); 波动率飙升预警-6.9分(近期波动是早期的3.4倍),,,0,0
603350.SH,安乃达,电气设备,1.4143000000000003,0.02611455267090281,0.041000000000000016,0.03583684960349288,0.7604152975501617,0.03258315886245522,1.08,47.78763371822416,0.05374999999999999,0.2,0.8064959405073401,good,good,good,False,0,True,1,False,0,True,1,0.2587202508909302,0.3627257917490842,0.5563480741797432,moderate,False,False,none,0.39,0.0,-0.32499999999999996,-0.715,0.6126408755639706,0.9118705035971222,0.7845382520425846,True,severe,-0.6199999999999999,-0.030000000000000027,-37.57225433526011,-36.47058823529411,-1.7341040462427761,False,电气设备,False,1.0,True,falling,False,False,0.0,0.2587202508909302,0.3403095340460775,电气设备,-5.0,-2.0,3.0,0.3,0.5,-0.18955289325994346,0.7798465060226178,-0.42473256355168004,False,True,0.02611455267090281,0.03583684960349288,,,,,,,0.9983149583553994,1,20.031372549019583,cliff_drop,0.2545548046274441,False,stable,52.21236628177584,严重恶化-15分; 单年巨幅下滑-15.0分(年跌-36.5%); 加速下滑-0.2分(加速度-0.42); 贝叶斯高置信度恶化-12分(恶化概率99.8%，严重恶化确认); 趋势不可靠-2分(Bootstrap CI过宽: 0.445); 峰值明显下跌-8分(从1.7跌至1.1，跌幅-37.6%),,,0,0
603351.SH,威尔药业,化学制药,0.8665,0.004686244115736826,0.005999999999999994,0.05665273915095268,0.6998319125713346,0.0882614809537201,1.08,92.0,0.056249999999999994,0.4,0.4624327264504764,has_near_zero,has_near_zero,has_near_zero,False,0,True,4,False,0,True,5,0.17321875865676822,0.14411800720243118,0.43269230769230776,ultra_stable,False,False,none,-0.025000000000000022,0.0,0.18000000000000005,0.20500000000000007,0.5254864978312579,0.8928571428571428,0.952007835455436,False,none,0.2500000000000001,0.10999999999999999,50.000000000000014,30.120481927710856,15.277777777777777,False,化学制药,False,1.0,False,rising,False,False,0.0,0.17321875865676822,0.2719083402587479,化学制药,-5.0,-2.0,3.0,0.3,0.5,0.13392601217451683,0.9606030796967413,0.15397411929057092,True,False,0.05103069324720803,0.5726903701600398,,,,,,,0.07161803713527852,0,0.0,none,0.11318197611406954,True,increasing_vol,8.0,波动率飙升预警-8.0分(近期波动是早期的7.2倍),,,0,0
603367.SH,辰欣药业,化学制药,0.9855,0.05059045516205407,0.07100000000000002,0.33046302559938234,0.31066056882194365,0.03660087740396545,1.12,100.0,0.04875,0.4,0.4624327264504764,has_near_zero,has_near_zero,has_near_zero,False,0,True,3,False,0,True,3,0.20096719044249245,0.19091883092036782,0.431578947368421,stable,False,False,none,-0.22999999999999998,0.0,0.15200000000000002,0.382,0.5559044735030971,1.0,0.7950447350309708,False,none,-0.029999999999999805,0.3799999999999999,45.45454545454547,-2.608695652173896,49.350649350649334,False,化学制药,False,1.554054054054054,True,falling,False,False,0.0,0.20096719044249245,0.36798095956120114,化学制药,-5.0,-2.0,3.0,0.3,0.5,0.12733162166932205,0.6919188766021025,0.20279665035969796,True,False,0.05059045516205407,0.33046302559938234,,,,,,,0.16167664670658682,0,0.0,none,0.16255406089877128,False,increasing_vol,0.0,,,,0,0
603370.SH,华新精科,电气设备,0.9311,0.1511116619135165,0.19699999999999998,0.9364494167931928,0.006933596957704686,0.26982343247386553,1.17,100.0,0.21500000000000002,0.8,0.0864107329737,has_near_zero,has_near_zero,has_near_zero,False,0,True,3,False,0,True,3,0.368617300072813,0.3214342856634929,0.8486238532110093,ultra_stable,False,False,none,0.22,0.0,0.13999999999999996,-0.08000000000000004,0.34551738018211603,0.9993117687543016,0.6966824644549763,False,none,-0.020000000000000018,0.29999999999999993,31.46067415730336,-1.6806722689075646,33.70786516853932,False,电气设备,False,1.0,True,falling,False,False,0.0,0.368617300072813,0.4282271733915838,电气设备,-5.0,-2.0,3.0,0.3,0.5,0.09760476094881254,0.700524277031724,-0.08507815025205767,False,True,0.1511116619135165,0.9364494167931928,,,,,,,0.16167664670658682,0,0.0,none,0.09100549225867632,False,stable,0.0,,,,0,0
603375.SH,盛景微,半导体,1.8717000000000001,0.1819358085574658,0.32900000000000007,0.5413526160098616,0.1564246284304955,0.2001609403742135,1.8050000000000002,45.72056697990753,0.26187499999999997,0.6,0.22067136191984693,good,good,good,False,0,True,1,False,0,True,1,0.42785161419433065,0.7585809119665483,0.964467005076142,moderate,False,False,none,0.79,0.0,-0.3225,-1.1125,0.6485983928931327,0.8822032700372235,0.6037806588941028,True,severe,-0.7749999999999999,0.1299999999999999,-26.3265306122449,-30.03875968992248,5.306122448979587,False,半导体,False,1.0,True,falling,False,False,0.0,0.42785161419433065,0.4756146246887979,半导体,-5.0,-2.0,3.0,0.3,0.5,-0.13781671919349003,0.6225801119216949,-0.5588660401849436,False,True,0.1819358085574658,0.5413526160098616,,,,,,,0.9737039819684448,1,0.0,cliff_drop,0.31140746680539516,False,decreasing_vol,54.27943302009247,"严重恶化-15分; 单年巨幅下滑-15.0分(年跌-30.0%); 加速下滑-0.3分(加速度-0.56); 贝叶斯高置信度恶化-12分(恶化概率97.4%，严重恶化确认); 趋势不确定预警-4分(Bootstrap CI跨零: [-0.138, 0.448]); 峰值明显下跌-8分(从2.6跌至1.8，跌幅-30.0%)",,,0,0
603380.SH,易德龙,元器件,1.095,0.016227531655778747,0.023999999999999976,0.6915876915895636,0.08081540934117809,0.02793381743494794,1.15,96.0,-0.024166666666666725,0.0,1.0,good,good,good,False,0,True,1,False,0,False,0,0.18921256526810987,0.21040437257813818,0.5215827338129495,stable,False,False,none,0.3899999999999999,0.0,-0.10900000000000003,-0.49899999999999994,0.40493765869699294,1.0,0.3521861568104344,False,none,0.30999999999999994,-0.28000000000000014,2.6785714285714106,36.9047619047619,-25.00000000000001,False,元器件,False,1.6904761904761905,True,rising,False,False,0.0,0.18921256526810987,0.37676687761131333,元器件,-5.0,-2.0,3.0,0.3,0.5,0.009916234742161578,0.006641597721583317,-0.020736359655123715,False,False,-0.022367754759376225,0.06405160944195301,,,,,,,0.13366336633663367,0,0.0,none,0.1829323257535423,False,stable,4.0,"趋势不确定预警-4分(Bootstrap CI跨零: [-0.000, 0.035])",,,0,0
603381.SH,永臻股份,电气设备,1.2886320000000002,0.20794787703095619,0.30244,0.6434155189080267,0.10246328581961635,0.33403991812189804,1.29,55.0,0.45282500000000003,0.6,0.22067136191984693,has_near_zero,has_near_zero,has_near_zero,False,0,True,2,False,0,True,2,0.5266785129199546,0.6309081906268137,1.3999499123466062,moderate,False,False,none,0.48765000000000003,0.0,-0.04630000000000001,-0.53395,0.4295776953100958,0.993245995394779,0.011363618091382824,True,severe,-0.7942999999999998,0.7016999999999998,-6.697526399537105,-38.10871755505445,50.752205988716895,False,电气设备,False,1.0,True,falling,False,False,0.0,0.5266785129199546,0.5546761436692971,电气设备,-5.0,-2.0,3.0,0.3,0.5,-0.027743765165700207,0.015688456939549924,-0.3932548035702045,False,False,0.20794787703095619,0.6434155189080267,,,,,,,0.9487554904831625,1,0.0,cliff_drop,0.3435563764200773,True,increasing_vol,60.0,"严重恶化-15分; 单年巨幅下滑-15.0分(年跌-38.1%); 贝叶斯高置信度恶化-12分(恶化概率94.9%，严重恶化确认); 波动聚集风险-6分(ARCH效应+波动上升); 趋势不确定预警-4分(Bootstrap CI跨零: [-0.028, 0.367]); 峰值明显下跌-8分(从2.1跌至1.3，跌幅-38.1%)",high_growth,"高速成长(稳健CAGR=45.3%, MK趋势=0.60)",1,0
603383.SH,顶点软件,软件服务,0.991314,0.05232996936524157,0.06711999999999999,0.634273220483275,0.10683939686433916,0.10049336138258624,0.95,41.146816037735846,0.16934999999999995,0.6,0.22067136191984693,has_near_zero,has_near_zero,has_near_zero,False,0,True,4,False,0,True,5,0.28407772738231235,0.27165784914115765,0.7657798971012674,moderate,False,False,none,0.16959999999999997,0.0,-0.018450000000000022,-0.18805,0.2827172004069908,0.9999971028845651,0.005993191333927775,True,severe,-0.42999999999999994,0.3930999999999999,-3.7389806464687454,-31.15942028985507,39.83179653460329,False,软件服务,False,1.0,True,falling,False,False,0.0,0.28407772738231235,0.3605955152391832,软件服务,-5.0,-2.0,3.0,0.3,0.5,-0.013253694296768148,0.007312054123627212,-0.1446462970012709,False,False,0.08531245107757485,0.5014618949416041,,,,,,,0.9487554904831625,1,0.0,cliff_drop,0.20836866976721402,True,increasing_vol,58.853183962264154,"严重恶化-15分; 单年巨幅下滑-15.0分(年跌-31.2%); 贝叶斯高置信度恶化-12分(恶化概率94.9%，严重恶化确认); 波动率飙升预警-4.9分(近期波动是早期的2.4倍); 趋势不确定预警-4分(Bootstrap CI跨零: [-0.022, 0.132]); 峰值明显下跌-8分(从1.4跌至0.9，跌幅-31.2%)",,,0,0
603391.SH,力聚热能,专用机械,3.305,0.06807725174826121,0.238,0.2803821198479882,0.35879008583421057,0.04044786257195421,3.75,93.725,0.19041666666666662,0.2,0.8064959405073401,good,good,good,False,0,False,0,False,0,False,0,0.20919830945641268,0.6665058139281308,0.48022598870056504,stable,False,False,none,-0.40000000000000013,0.0,0.675,1.0750000000000002,0.6531764977667158,0.9552238805970149,0.6515444015444015,False,none,-0.18000000000000016,1.5300000000000002,56.250000000000014,-4.580152671755729,63.750000000000014,False,专用机械,False,1.6375000000000002,True,falling,False,False,0.0,0.20919830945641268,0.38569198089846357,专用机械,-5.0,-2.0,3.0,0.3,0.5,0.21139335454985664,0.6703460829248298,0.3466061905312615,True,False,0.06807725174826121,0.2803821198479882,,,,,,,0.16167664670658682,0,0.0,none,0.17266449469312722,False,increasing_vol,6.2749999999999995,波动率飙升预警-4.3分(近期波动是早期的2.1倍); 趋势不可靠-2分(Bootstrap CI过宽: 0.387),,,0,0
603396.SH,金辰股份,专用机械,0.549,0.0,0.0,0.0,1.0,-0.11894947601957306,0.47,76.0,-0.05833333333333335,-0.7,0.0960923294556733,has_near_zero,has_near_zero,has_near_zero,False,0,True,5,False,0,True,5,0.2018051708744763,0.11704699910719626,0.5344827586206897,ultra_stable,False,False,none,-0.22999999999999998,0.0,-0.02400000000000002,0.20599999999999996,0.5512000000000001,1.0,0.6000000000000001,True,moderate,-0.08000000000000007,0.0,-14.545454545454556,-14.545454545454556,0.0,False,专用机械,False,1.0,False,falling,False,False,0.0,0.2018051708744763,0.2947774700329144,专用机械,-5.0,-2.0,3.0,0.3,0.5,-0.03563054453277936,0.7499999999999999,0.06011652852546656,True,False,-0.052551047036410115,0.7107125794677461,,,,,,,0.8223350253807107,1,0.0,single_year_drop,0.11026397900220329,False,decreasing_vol,24.0,中度恶化-10分; 贝叶斯中度恶化预警-5分(恶化概率82.2%); 峰值明显下跌-8分(从0.8跌至0.5，跌幅-39.7%); 连续下跌警示-6分(2年下跌，累计-39.7%),,,0,0
603456.SH,九洲药业,医疗保健,0.8623000000000001,0.0645012509571881,0.081,0.20531581870101567,0.4434720888067131,0.09673767786617171,0.68,47.79407760733739,0.12374999999999999,0.4,0.4624327264504764,has_near_zero,has_near_zero,has_near_zero,False,0,True,3,False,0,True,3,0.34927730293223824,0.2926943798572156,0.8233890214797137,moderate,False,False,none,0.32000000000000006,0.0,-0.21500000000000002,-0.5350000000000001,0.5732533980395172,0.9986996098829652,0.6638343705122071,True,severe,-0.47999999999999987,0.04999999999999982,-38.73873873873874,-41.37931034482758,4.504504504504489,False,医疗保健,False,1.0,True,falling,False,False,0.0,0.34927730293223824,0.4127551756791239,医疗保健,-5.0,-2.0,3.0,0.3,0.5,-0.1604259899419097,0.6734699666775709,-0.4118447853252116,False,True,0.0645012509571881,0.20531581870101567,,,,,,,0.9866768176627332,1,0.0,cliff_drop,0.31406586603481945,False,stable,52.20592239266261,严重恶化-15分; 单年巨幅下滑-15.0分(年跌-41.4%); 加速下滑-0.2分(加速度-0.41); 贝叶斯高置信度恶化-12分(恶化概率98.7%，严重恶化确认); 趋势不可靠-2分(Bootstrap CI过宽: 0.412); 峰值明显下跌-8分(从1.2跌至0.7，跌幅-41.4%),,,0,0
603501.SH,豪威集团,半导体,2.3229,-0.21686273356702998,-0.557,0.18564858140305723,0.4688815097588553,-0.03618499299648792,2.77,101.52468355909976,-0.5833333333333334,-0.4,0.4624327264504764,has_near_zero,has_near_zero,has_near_zero,False,0,True,2,False,0,True,2,0.7653895716772705,1.9058200334764037,1.8835341365461848,high_volatility,False,False,none,-1.185,0.0,0.9650000000000001,2.1500000000000004,0.4523437337443596,0.3000288443048522,0.610519242116305,False,none,2.3,-0.37,229.7619047619048,489.36170212765956,-44.047619047619044,False,半导体,True,10.97872340425532,True,rising,False,False,0.0,0.7653895716772705,1.0,半导体,-5.0,-2.0,3.0,0.3,0.5,0.48974568102410165,0.5298017948001138,1.0493671181995172,True,False,-0.21686273356702998,0.18564858140305723,,,,,,,0.07161803713527852,0,0.0,none,0.6787656524327114,False,decreasing_vol,10.475316440900242,单年巨幅下滑-15.0分(年跌-44.0%); 趋势不可靠-2分(Bootstrap CI过宽: 1.525); 峰值明显下跌-8分(从5.2跌至2.8，跌幅-46.3%),cyclical_bottom,"周期底部(mid_up), 近期强势(49.0%)",0,0
603507.SH,振江股份,电气设备,1.0153,0.059792683143405356,0.071,0.12457789379726808,0.5601160005694968,0.15769589567740683,0.97,86.13795361870368,0.10124999999999998,0.2,0.8064959405073401,has_near_zero,has_near_zero,has_near_zero,False,0,True,3,False,0,True,3,0.3774044002780871,0.37513997387641856,0.9054325955734406,volatile,False,False,none,0.8999999999999999,0.0,-0.08499999999999999,-0.9849999999999999,0.5462533503256187,1.0,0.1183359266235361,True,moderate,-0.32000000000000006,0.56,32.87671232876712,-24.806201550387602,76.7123287671233,False,电气设备,False,1.86986301369863,True,falling,False,False,0.0,0.3774044002780871,0.5512385887156204,电气设备,-5.0,-2.0,3.0,0.3,0.5,0.091465083218152,0.21378875413400672,0.011279829147252951,False,False,0.059792683143405356,0.12457789379726808,,,,,,,0.6492985971943889,1,0.0,single_year_drop,0.36010967677701505,True,decreasing_vol,13.862046381296324,中度恶化-10分; 波动聚集提示-2分(大波动后可能跟着大波动); 趋势不可靠-2分(Bootstrap CI过宽: 0.352); 峰值明显下跌-8分(从1.4跌至1.0，跌幅-32.6%),,,0,0
603508.SH,思维列控,IT设备,0.7455,0.00021319394762132627,0.002000000000000024,5.196178436193851e-06,0.9970976367210926,,1.44,111.0,0.3124999999999999,0.6,0.22067136191984693,has_loss,has_loss,good,True,1,True,1,False,0,True,1,2.826820158500502,1.526482885590271,6.666666666666668,high_volatility,False,False,none,3.59,0.0,0.020000000000000007,-3.57,0.6509610764055743,1.0,0.009610764055742441,False,none,0.3599999999999999,0.17000000000000004,58.241758241758234,33.33333333333332,18.681318681318686,False,IT设备,False,1.5714285714285714,True,rising,False,False,0.0,2.826820158500502,1.0,IT设备,-5.0,-2.0,3.0,0.3,0.5,0.17236614088744762,0.9707517556479521,-0.9922658378397823,False,True,0.5129522378221626,0.5051582049521779,,,,,,,0.07161803713527852,0,0.0,none,1.9920000323654015,True,decreasing_vol,4.0,波动聚集提示-2分(大波动后可能跟着大波动); 趋势不可靠-2分(Bootstrap CI过宽: 0.317),high_growth,"高速成长(稳健CAGR=31.2%, MK趋势=0.60)",1,0
603516.SH,淳中科技,IT设备,0.37540000000000007,-0.009244499859373128,-0.008999999999999998,0.009077654663734828,0.8788736897029331,-0.18191335004044829,0.43,68.23797448923497,-0.15625,-0.6,0.22067136191984693,has_near_zero,has_near_zero,has_near_zero,False,0,True,5,False,0,True,5,0.8192513784761349,0.3424470762030244,2.0813397129186604,high_volatility,False,False,none,-0.39999999999999997,0.0,0.135,0.5349999999999999,0.6110819981561831,0.9754115017272911,0.5654084798345399,False,none,0.33999999999999997,-0.07,168.75,377.77777777777777,-43.75000000000001,False,IT设备,False,1.0,False,rising,False,False,0.0,0.8192513784761349,0.7887344361142413,IT设备,-5.0,-2.0,3.0,0.3,0.5,0.1292092097881236,0.5593033487932325,0.47594897846993195,True,False,-0.12162929636825326,0.410530630276132,,,,,,,0.07161803713527852,0,0.0,none,0.6185957107621424,False,decreasing_vol,31.762025510765035,单年巨幅下滑-15.0分(年跌-43.8%); 趋势不可靠-2分(Bootstrap CI过宽: 0.333); 峰值大幅下跌-15分(从1.0跌至0.4，跌幅-55.2%),,,0,0
603530.SH,神马电力,电气设备,0.3839,0.003826552505226374,0.0040000000000000036,0.003852001593681777,0.9210277922087773,0.2195573559540276,0.73,94.36363636363636,0.08249999999999999,0.4,0.4624327264504764,has_near_zero,has_near_zero,has_near_zero,False,0,True,5,False,0,True,5,0.6508130542730148,0.2316894473211933,1.7415730337078652,volatile,False,False,none,-0.11000000000000001,0.0,0.31,0.42000000000000004,0.6978672720567325,0.9891008174386922,0.9914030261348006,False,none,0.36,0.26,563.6363636363636,97.29729729729729,236.36363636363637,False,电气设备,False,1.0,False,rising,False,False,0.0,0.6508130542730148,0.6539837767517452,电气设备,-5.0,-2.0,3.0,0.3,0.5,0.28364548300514625,0.9959353556065741,0.39089894761360616,True,False,0.08298534456753164,0.3873623955778076,,,,,,,0.07161803713527852,0,0.0,none,0.5029384366668391,True,increasing_vol,5.636363636363636,波动率飙升预警-5.6分(近期波动是早期的2.8倍),,,0,0
603577.SH,汇金通,电气设备,0.24894900000000003,0.0022582217578880127,0.003430000000000005,0.0005267556215850644,0.9707802446297265,0.05546769326062839,0.4562,91.24632725926787,-0.05637499999999999,-0.2,0.8064959405073401,has_near_zero,has_near_zero,has_near_zero,False,0,True,5,False,0,True,5,0.6515561278865888,0.1615337952256431,1.5287189415940625,high_volatility,False,False,none,-0.12455,0.0,0.16885,0.2934,0.5235091886737924,0.9888089955106588,0.659482891227265,False,none,0.379,-0.04129999999999999,284.9789029535865,490.9326424870466,-34.85232067510548,False,电气设备,False,1.0,False,rising,False,False,0.0,0.6515561278865888,0.6545782356426043,电气设备,-5.0,-2.0,3.0,0.3,0.5,0.16173630242475942,0.6560497415314673,0.28251778815380246,True,False,0.0022582217578880127,0.0005267556215850644,,,,,,,0.07161803713527852,0,0.0,none,0.6511888069110683,False,increasing_vol,8.753672740732124,单年巨幅下滑-15.0分(年跌-34.9%),,,0,0
603583.SH,捷昌驱动,电气设备,0.8347000000000001,-0.01199380459033388,-0.01399999999999999,0.04061646025745119,0.745145127886929,-0.17661782501624168,0.74,70.0,-0.15125,-0.4,0.4624327264504764,has_near_zero,has_near_zero,has_near_zero,False,0,True,4,False,0,True,5,0.4678663614886117,0.41733679444784166,1.1995515695067265,moderate,False,False,none,-0.9000000000000001,0.0,-0.022999999999999986,0.8770000000000001,0.6304597800095649,1.0,0.05059780009564798,False,none,0.19999999999999996,-0.31999999999999995,-13.953488372093023,37.037037037037024,-37.20930232558139,False,电气设备,False,1.376,True,rising,False,False,0.0,0.4678663614886117,0.557759755857556,电气设备,-5.0,-2.0,3.0,0.3,0.5,-0.04685503602968666,0.12442482066838605,0.19086165882948541,False,False,-0.12824267405559836,0.5180584732467888,,,,,,,0.2783505154639176,0,0.0,none,0.3229156902709834,False,decreasing_vol,30.0,单年巨幅下滑-15.0分(年跌-37.2%); 峰值大幅下跌-15分(从1.6跌至0.7，跌幅-54.0%),,,0,0
603606.SH,东方电缆,电气设备,1.455,0.01528108425468142,0.026499999999999968,0.16468465311603825,0.49785691420923645,0.019634699353404672,1.47,98.0,0.023749999999999993,0.2,0.8064959405073401,good,good,good,False,0,False,0,False,0,False,0,0.14918295421969086,0.21810547906918804,0.4035567715458277,stable,False,False,none,0.44999999999999996,0.0,-0.07900000000000003,-0.529,0.33557867810105974,1.0,0.17602594838527716,False,none,0.020000000000000018,0.22999999999999998,20.491803278688526,1.3793103448275874,18.852459016393443,False,电气设备,False,1.4836065573770492,True,rising,False,False,0.0,0.14918295421969086,0.3171605710260259,电气设备,-5.0,-2.0,3.0,0.3,0.5,0.0746460254004434,0.8064273160410388,0.11754422165168255,False,False,-0.0061591238283351,0.006604503800969133,,,,,,,0.07161803713527852,0,0.0,none,0.14841262768936272,True,decreasing_vol,2.0,波动聚集提示-2分(大波动后可能跟着大波动),,,0,0
603611.SH,诺力股份,专用机械,1.5131000000000001,0.1402646549923284,0.23700000000000002,0.9133157873783557,0.011127303439671783,0.1842759495812596,1.79,100.0,0.23999999999999994,1.0,0.02748633611151033,good,good,good,False,0,True,1,False,0,True,1,0.2699860747990714,0.38931991986026093,0.6102635228848822,ultra_stable,False,False,none,0.325,0.0,0.11499999999999999,-0.21000000000000002,0.5189386483961382,0.9868421052631579,0.7825443786982246,False,none,0.010000000000000009,0.21999999999999997,14.743589743589741,0.5617977528089892,14.1025641025641,False,专用机械,False,1.0,False,rising,False,False,0.0,0.2699860747990714,0.34932219317259044,专用机械,-5.0,-2.0,3.0,0.3,0.5,0.05899150970041023,0.7810137461348479,-0.14666325895835908,False,True,0.1402646549923284,0.9133157873783557,,,,,,,0.07161803713527852,0,0.0,none,0.07321894722814737,False,decreasing_vol,0.0,,,,0,0
603618.SH,杭电股份,电气设备,0.19,0.011814040527146814,0.012,0.43335161281501583,0.22708700301179396,0.04146641284934427,0.2,100.0,0.00875,0.3,0.6133543559547467,has_near_zero,has_near_zero,has_near_zero,False,0,True,5,False,0,True,5,0.15657456837921666,0.028809720581775864,0.38043478260869557,ultra_stable,False,False,none,-0.03,0.0,0.017,0.047,0.2228812316208274,1.0,0.46991869918699214,False,none,0.0,-0.009999999999999981,-4.761904761904753,0.0,-4.761904761904753,False,电气设备,False,1.4999999999999998,True,falling,False,False,0.0,0.15657456837921666,0.3252596547033733,电气设备,-5.0,-2.0,3.0,0.3,0.5,-0.00489811986244372,0.7499999999999999,-0.024545476931910448,False,False,0.011814040527146814,0.43335161281501583,,,,,,,0.49090909090909096,0,0.0,none,0.11782327928629784,False,decreasing_vol,0.0,,,,0,0
603628.SH,清源股份,电气设备,0.3723,0.05703469635043723,0.061,0.3224014165283206,0.3180329249047238,0.07187337372826175,0.33,50.0,0.06416666666666668,0.4,0.4624327264504764,has_near_zero,has_near_zero,has_near_zero,False,0,True,5,False,0,True,5,0.4854320665466654,0.17184295155751952,1.271186440677966,volatile,False,False,none,0.07500000000000001,0.0,-0.035,-0.11000000000000001,0.2017399766246865,0.41259168704156485,0.0534934497816594,True,severe,-0.29,0.21999999999999997,-17.5,-46.774193548387096,54.99999999999999,False,电气设备,False,3.6470588235294117,True,falling,False,False,0.0,0.4854320665466654,0.8746201630412539,电气设备,-5.0,-2.0,3.0,0.3,0.5,-0.032874512316626,0.058351446101032205,-0.1041589414283519,False,False,0.05703469635043723,0.3224014165283206,,,,,,,0.9737039819684448,1,0.0,cliff_drop,0.40176106156384944,False,increasing_vol,50.0,严重恶化-15分; 单年巨幅下滑-15.0分(年跌-46.8%); 贝叶斯高置信度恶化-12分(恶化概率97.4%，严重恶化确认); 峰值明显下跌-8分(从0.6跌至0.3，跌幅-46.8%),,,0,0
603638.SH,艾迪精密,专用机械,0.4583520000000001,-0.09717341215516416,-0.11335999999999999,0.6017614099146147,0.1231131642138105,-0.16949100268139328,0.41,79.0,-0.11397500000000002,-0.4,0.4624327264504764,has_near_zero,has_near_zero,has_near_zero,False,0,True,5,False,0,True,5,0.4667042956783429,0.2297865270201889,1.141035015029653,moderate,False,True,deterioration_to_recovery,-0.28090000000000004,0.0,0.05499999999999999,0.33590000000000003,0.7717779928615177,0.998158095230706,0.9355670103092786,False,none,0.07999999999999996,0.030000000000000027,36.666666666666664,24.242424242424228,10.000000000000009,False,专用机械,False,1.0,False,rising,False,False,0.0,0.4667042956783429,0.5066967698760076,专用机械,-5.0,-2.0,3.0,0.3,0.5,0.051815476746250755,0.937350016083961,0.29408003917636216,True,False,-0.09717341215516416,0.6017614099146147,,,,,,,0.07161803713527852,0,0.0,none,0.2920428310376884,True,decreasing_vol,21.0,"波动聚集提示-2分(大波动后可能跟着大波动); 趋势不确定预警-4分(Bootstrap CI跨零: [-0.243, 0.052]); 峰值大幅下跌-15分(从0.9跌至0.4，跌幅-52.4%)",,,0,0
603656.SH,泰禾智能,专用机械,0.15780000000000002,-0.05299280186690909,-0.054000000000000006,0.7671910649908342,0.051495135582839115,-0.19796039941741228,0.12,70.0,-0.06083333333333332,-0.8,0.0864107329737,has_near_zero,has_near_zero,has_near_zero,False,0,True,5,False,0,True,5,0.5595706411327855,0.09736529155710467,1.3218390804597702,moderate,False,False,none,-0.07499999999999998,0.0,-0.010000000000000009,0.06499999999999997,0.3445465736698612,0.8928571428571428,0.05769230769230778,False,none,0.06,-0.08000000000000002,-14.285714285714295,100.0,-57.14285714285715,False,专用机械,False,1.0,False,rising,False,False,0.0,0.5595706411327855,0.5809898462395617,专用机械,-5.0,-2.0,3.0,0.3,0.5,-0.009916401753543976,0.05730052210029589,0.06335112858076453,False,False,-0.05299280186690909,0.7671910649908342,,,,,,,0.2783505154639176,0,0.0,none,0.26895078061603656,False,stable,30.0,单年巨幅下滑-15.0分(年跌-57.1%); 峰值大幅下跌-15分(从0.3跌至0.1，跌幅-58.6%),,,0,0
603658.SH,安图生物,医疗保健,1.9689999999999999,0.051428928561039665,0.10999999999999999,0.7415907692571161,0.06079437776811044,0.044372131257446545,2.07,100.0,0.11000000000000007,0.6,0.22067136191984693,good,good,good,False,0,False,0,False,0,False,0,0.10485829637870095,0.20069877926883364,0.22988505747126445,ultra_stable,False,False,none,0.13,0.0,0.03499999999999992,-0.09500000000000008,0.2174961781322709,0.5348101265822784,0.4651898734177191,False,none,-0.03000000000000025,0.10000000000000009,3.499999999999992,-1.4285714285714404,5.000000000000004,False,医疗保健,False,1.2650602409638556,True,falling,False,False,0.0,0.10485829637870095,0.25256133589814156,医疗保健,-5.0,-2.0,3.0,0.3,0.5,0.015436867223744821,0.46969029653812056,-0.04591803750583967,False,False,0.051428928561039665,0.7415907692571161,,,,,,,0.27835051546391754,0,0.0,none,0.05232491518726981,False,decreasing_vol,0.0,,,,0,0
603676.SH,卫信康,化学制药,0.4039,0.10599605562607435,0.11299999999999999,0.9710331644533864,0.0021108498969376593,0.4204851732431589,0.57,100.0,0.11041666666666666,1.0,0.02748633611151033,has_near_zero,has_near_zero,has_near_zero,False,0,True,5,False,0,True,5,0.4891070559690231,0.18096961070853854,1.162162162162162,ultra_stable,False,False,none,0.13499999999999998,0.0,0.07999999999999999,-0.05499999999999999,0.4929124508122366,0.9642857142857143,0.9948186528497408,False,none,0.06999999999999995,0.09000000000000002,39.02439024390244,13.99999999999999,21.95121951219513,False,化学制药,False,1.0,False,rising,False,False,0.0,0.4891070559690231,0.5246189781085518,化学制药,-5.0,-2.0,3.0,0.3,0.5,0.07181325220090123,0.9934567378860784,-0.05806542137412807,False,True,0.10599605562607435,0.9710331644533864,,,,,,,0.07161803713527852,0,0.0,none,0.07774675601968932,False,decreasing_vol,0.0,,,,0,0
603693.SH,江苏新能,新型电力,0.46840000000000004,-0.003620490476217464,-0.0040000000000000036,0.0603286127770916,0.6904419154043736,0.17095299652898488,0.47,89.92148024845967,0.030000000000000027,0.3,0.6133543559547467,has_near_zero,has_near_zero,has_near_zero,False,0,True,5,False,0,True,5,0.2576245201271092,0.11696153213770757,0.6167400881057269,stable,False,False,none,0.24,0.0,-0.006000000000000005,-0.246,0.5058666666666667,1.0,0.06666666666666668,True,moderate,-0.06000000000000005,0.0,-11.320754716981142,-11.320754716981142,0.0,False,新型电力,False,1.0,False,falling,False,False,0.0,0.2576245201271092,0.33943294943502067,新型电力,-5.0,-2.0,3.0,0.3,0.5,-0.026831527198906302,0.7499999999999999,-0.15703950308065823,False,True,0.04491384950157676,0.42462937665645545,,,,,,,0.8223350253807107,1,0.0,single_year_drop,0.19602286750032596,False,decreasing_vol,10.078519751540329,中度恶化-10分; 加速下滑-0.1分(加速度-0.16); 贝叶斯中度恶化预警-5分(恶化概率82.2%),,,0,0
603698.SH,航天工程,专用机械,0.331,0.009501036040842292,0.009999999999999992,0.3662977665216726,0.2794475428795307,0.01481885136652572,0.35,100.0,0.013333333333333322,0.5,0.3122163883433192,has_near_zero,has_near_zero,has_near_zero,False,0,True,5,False,0,True,5,0.0799902135607687,0.026076809620810593,0.18404907975460125,ultra_stable,False,False,none,-0.040000000000000036,0.0,0.022,0.062000000000000034,0.5020296296296296,1.0,0.8962962962962965,False,none,0.0,0.03999999999999998,12.903225806451607,0.0,12.903225806451607,False,专用机械,False,1.0,False,falling,False,False,0.0,0.0799902135607687,0.19732550418194827,专用机械,-5.0,-2.0,3.0,0.3,0.5,0.018991767580357866,0.7500000000000001,0.0285159051864754,False,False,0.009501036040842292,0.3662977665216726,,,,,,,0.16167664670658682,0,0.0,none,0.06360871580775378,False,decreasing_vol,0.0,,,,0,0
603707.SH,健友股份,生物制药,0.5073,-0.06586969413108021,-0.08049999999999999,0.7177093870112823,0.07004883133699141,,0.51,83.0,-0.10749999999999998,-0.6,0.22067136191984693,has_loss,has_loss,has_near_zero,True,1,True,5,False,0,True,5,0.7296570278012158,0.40714862151307846,1.7741935483870965,high_volatility,False,False,none,-0.09499999999999997,0.0,-0.08000000000000002,0.014999999999999958,0.12283935307911673,0.7106299212598426,0.03669023504681829,False,none,0.63,-0.79,-23.880597014925375,525.0,-117.91044776119404,False,生物制药,True,inf,True,rising,False,False,0.0,0.7296570278012158,1.0,生物制药,-5.0,-2.0,3.0,0.3,0.5,-0.06888916153273938,0.029977570909547557,0.0065716192983901744,False,False,-0.14835147971555368,0.3933731147843661,,,,,,,0.435483870967742,0,0.0,none,0.5505249751195371,True,increasing_vol,17.0,单年巨幅下滑-15.0分(年跌-117.9%); 波动率飙升预警-8.0分(近期波动是早期的6.8倍); 峰值明显下跌-8分(从0.9跌至0.5，跌幅-41.4%),,,0,0
603778.SH,国晟科技,电气设备,-0.19199999999999998,0.019545865400468477,0.02,0.15463746543037213,0.5125330697241595,,-0.16,67.1978156324893,0.03083333333333333,0.3,0.6133543559547467,poor,poor,poor,True,5,True,5,True,5,True,5,0.40624399095333746,0.08043631020876083,1.0101010101010102,volatile,False,False,none,-0.15,0.0,0.059,0.209,0.5140949117341641,1.0,0.7229491173416407,True,severe,-0.05,0.14,36.0,-45.45454545454546,56.00000000000001,False,电气设备,False,inf,True,falling,False,False,0.0,0.40624399095333746,1.0,电气设备,-5.0,-2.0,3.0,0.3,0.5,0.044070690840973856,0.3993416307532887,0.08814138168194771,True,False,0.019545865400468477,0.15463746543037213,,,,,,,0.7873633049817741,1,0.0,cliff_drop,0.37353256741617363,False,stable,32.802184367510705,严重恶化-15分; 单年巨幅下滑-15.0分(年跌-45.5%); 贝叶斯中度恶化预警-5分(恶化概率78.7%),,,0,0
603799.SH,华友钴业,小金属,2.3142,-0.015909541077508083,-0.039000000000000014,0.10212486334362485,0.6001468247208379,0.24817562150700145,2.5,110.0,0.17499999999999996,0.2,0.8064959405073401,good,good,good,False,0,False,0,False,0,False,0,0.3593623362347261,0.8128776045629502,0.9814323607427057,moderate,False,False,none,2.2199999999999998,0.0,-0.268,-2.4879999999999995,0.6481523196567444,0.9999999999999996,0.4815231965674443,False,none,0.4500000000000002,-0.43000000000000016,0.8064516129032264,21.951219512195134,-17.338709677419363,False,小金属,True,1.5853658536585367,True,rising,True,False,0.0,0.3593623362347261,1.0,小金属,-5.0,-2.0,1.6,0.3,0.24,0.003726767741282999,0.0013173331124342875,-0.3649477899377511,False,False,0.10607082954065446,0.20281382955953603,,,,,,,0.13366336633663367,0,0.0,none,0.33815438677591675,True,decreasing_vol,2.0,波动聚集提示-2分(大波动后可能跟着大波动),cyclical_bottom,周期底部(mid_up),0,0
603800.SH,洪田股份,专用机械,0.45452600000000004,0.21048786137887804,0.22782,0.6214248415090381,0.11313688137235799,,0.58,50.0,0.24727500000000002,0.6,0.22067136191984693,has_loss,has_loss,has_loss,True,1,True,5,True,1,True,5,1.2008687888871097,0.463751508892424,3.003780620436066,high_volatility,False,False,none,0.24455,0.0,0.034999999999999976,-0.20955000000000001,0.21369235178153131,0.4861764997345344,0.018220128904313314,True,severe,-0.41000000000000003,0.48,13.725490196078422,-41.41414141414142,94.11764705882352,False,专用机械,True,inf,True,falling,False,False,0.0,1.2008687888871097,1.0,专用机械,-5.0,-2.0,3.0,0.3,0.5,0.030730700070541572,0.022179562721823507,-0.2038891412754894,False,False,0.21048786137887804,0.6214248415090381,,,,,,,0.7873633049817741,1,0.0,cliff_drop,0.7563305999675909,False,stable,50.0,"严重恶化-15分; 单年巨幅下滑-15.0分(年跌-41.4%); 周期回落期-3分(景气下行趋势); 贝叶斯中度恶化预警-5分(恶化概率78.7%); 趋势不确定预警-4分(Bootstrap CI跨零: [-0.020, 0.541]); 峰值明显下跌-8分(从1.0跌至0.6，跌幅-41.4%)",,,0,0
603811.SH,诚意药业,化学制药,0.6742999999999999,-0.026354535109845933,-0.030999999999999982,0.30665871691325397,0.33282961153293694,-0.11402052671056806,0.61,92.0,-0.105,-0.8,0.0864107329737,has_near_zero,has_near_zero,has_near_zero,False,0,True,5,False,0,True,5,0.25913077843162224,0.18242806801586206,0.6960227272727273,stable,False,False,none,-0.26,0.0,-0.05499999999999999,0.20500000000000002,0.5156927816221315,1.0,0.48987854251012153,False,none,0.10999999999999999,-0.18999999999999995,-11.59420289855072,21.999999999999996,-27.536231884057965,False,化学制药,False,1.0,False,rising,False,False,0.0,0.25913077843162224,0.3406379560786311,化学制药,-5.0,-2.0,3.0,0.3,0.5,-0.03353705659789208,0.16705725290935675,0.08137784707328827,False,False,-0.07896663479475222,0.7351171758076146,,,,,,,0.2783505154639176,0,0.0,none,0.13307999011150592,False,stable,8.0,峰值明显下跌-8分(从1.0跌至0.6，跌幅-38.4%),,,0,0
603829.SH,洛凯股份,电气设备,0.5900000000000001,0.08606635893636816,0.1,0.9058367149339682,0.01262845891000788,0.1854732946192923,0.79,92.0,0.10375,1.0,0.02748633611151033,has_near_zero,has_near_zero,has_near_zero,False,0,True,5,False,0,True,5,0.2974702008742443,0.16658331248957683,0.6964285714285714,ultra_stable,False,False,none,0.034999999999999976,0.0,0.16000000000000003,0.12500000000000006,0.5073125311592714,0.8546511627906972,0.9684741488020177,False,none,0.10999999999999999,0.21000000000000008,68.08510638297875,16.176470588235293,44.680851063829806,False,电气设备,False,1.0,False,rising,False,False,0.0,0.2974702008742443,0.3713094940327288,电气设备,-5.0,-2.0,3.0,0.3,0.5,0.13531057510778643,0.9618502204009447,0.1032185555366667,True,False,0.08606635893636816,0.9058367149339682,,,,,,,0.07161803713527852,0,0.0,none,0.09364364715804929,False,increasing_vol,8.0,波动率飙升预警-8.0分(近期波动是早期的4.6倍),,,0,0
603855.SH,华荣股份,专用机械,1.218,0.09686700002634673,0.14400000000000002,0.8152120810032824,0.03579266279137337,0.15121513629999384,1.37,100.0,0.14375000000000002,0.6,0.22067136191984693,good,good,good,False,0,True,1,False,0,True,1,0.21872524528133166,0.25065913109240606,0.5322862129144851,ultra_stable,False,False,none,0.34999999999999987,0.0,0.10500000000000005,-0.24499999999999983,0.38772098195216065,1.0,0.6572280178837563,False,none,-0.019999999999999796,0.32999999999999985,29.24528301886793,-1.4388489208632946,31.132075471698094,False,专用机械,False,1.1886792452830186,True,falling,False,False,0.0,0.21872524528133166,0.33347076226280115,专用机械,-5.0,-2.0,3.0,0.3,0.5,0.09862511115738604,0.7055266952768551,-0.004472638859512934,False,False,0.09686700002634673,0.8152120810032824,,,,,,,0.16167664670658682,0,0.0,none,0.09147748765080535,False,stable,0.0,,,,0,0
603859.SH,能科科技,软件服务,1.0485,0.006350685528534528,0.013000000000000012,0.004020704866983873,0.9193192522367724,-0.02411411195481794,0.78,31.8659665929749,0.13750000000000007,0.2,0.8064959405073401,has_near_zero,has_near_zero,has_near_zero,False,0,True,2,False,0,True,2,0.21972566591207765,0.22895414388038493,0.527831094049904,moderate,False,False,none,0.16999999999999998,0.0,-0.20999999999999996,-0.37999999999999995,0.5292530862935292,0.9988479262672809,0.5336829366680113,True,severe,-0.55,0.13000000000000012,-35.0,-41.35338345864662,10.833333333333343,False,软件服务,False,1.0,True,falling,False,False,0.0,0.21972566591207765,0.30911386606299546,软件服务,-5.0,-2.0,3.0,0.3,0.5,-0.14949927004234337,0.5586900236092248,-0.26806681405020316,False,True,0.006350685528534528,0.004020704866983873,,,,,,,0.9866768176627332,1,0.0,cliff_drop,0.2188383909225725,False,increasing_vol,68.1340334070251,复合恶化-14.0分(触发2项恶化信号); 严重恶化-15分; 单年巨幅下滑-15.0分(年跌-41.4%); 加速下滑-0.1分(加速度-0.27); 贝叶斯高置信度恶化-12分(恶化概率98.7%，严重恶化确认); 波动率飙升预警-4.0分(近期波动是早期的2.0倍); 峰值明显下跌-8分(从1.3跌至0.8，跌幅-41.4%),,,0,0
603861.SH,白云电器,电气设备,0.242406,0.003634090693973885,0.0037000000000000006,0.007637505462043295,0.8888698049862453,0.2056138475210576,0.45,94.38719512195122,0.060175000000000006,0.4,0.4624327264504764,has_near_zero,has_near_zero,has_near_zero,False,0,True,5,False,0,True,5,0.6351635234205226,0.14260691427837574,1.6399429894886872,volatile,False,False,none,-0.06559999999999999,0.0,0.1841,0.2497,0.7023696692178142,0.9711032748017187,0.9975197986407307,False,none,0.2,0.16820000000000002,450.1222493887531,80.0,205.62347188264062,False,电气设备,False,1.0,False,rising,False,False,0.0,0.6351635234205226,0.6414641520697514,电气设备,-5.0,-2.0,3.0,0.3,0.5,0.17717030958283303,0.9986186987603813,0.24202649530004366,True,False,0.056926831417629366,0.4309902504770928,,,,,,,0.07161803713527852,0,0.0,none,0.4766007765467406,False,increasing_vol,5.612804878048782,波动率飙升预警-5.6分(近期波动是早期的2.8倍),,,0,0
603890.SH,春秋电子,元器件,0.43079999999999996,-0.09371083166679171,-0.10400000000000001,0.35116116763049965,0.2923322989346632,-0.07299522717123008,0.48,101.0,-0.11916666666666667,-0.4,0.4624327264504764,has_near_zero,has_near_zero,has_near_zero,False,0,True,5,False,0,True,5,0.5892854658350002,0.2722498852157701,1.515151515151515,volatile,False,False,none,-0.14500000000000002,0.0,0.06,0.20500000000000002,0.2534377681074862,0.49238875878220156,0.07692307692307693,False,none,0.42,-0.3,33.33333333333333,700.0,-83.33333333333334,False,元器件,True,12.666666666666668,True,rising,False,False,0.0,0.5892854658350002,1.0,元器件,-5.0,-2.0,3.0,0.3,0.5,0.05530339497736536,0.07043437701200038,0.1845928867323973,False,False,-0.09371083166679171,0.35116116763049965,,,,,,,0.07161803713527852,0,0.0,none,0.46965208156244215,False,stable,11.0,单年巨幅下滑-15.0分(年跌-83.3%); 趋势不可靠-2分(Bootstrap CI过宽: 0.414); 峰值明显下跌-8分(从0.8跌至0.5，跌幅-36.8%),cyclical_bottom,周期底部(mid_up),0,0
603893.SH,瑞芯微,半导体,0.9439,-0.0002505197364893297,0.012999999999999979,1.2191303986148763e-06,0.9985941625425117,0.15788469457076149,1.42,109.0,-0.02250000000000002,-0.2,0.8064959405073401,has_near_zero,has_near_zero,has_near_zero,False,0,True,3,False,0,True,3,0.5172991985708175,0.48626124665656834,1.202127659574468,volatile,False,False,none,-0.03500000000000003,0.0,0.35,0.385,0.24813167194480323,0.007550852681323212,0.3951612903225807,False,none,1.0999999999999999,-0.39999999999999997,97.22222222222221,343.74999999999994,-55.55555555555556,False,半导体,True,4.53125,True,rising,False,False,0.0,0.5172991985708175,1.0,半导体,-5.0,-2.0,3.0,0.3,0.5,0.24028892955892306,0.32891380578732315,0.2682220707460469,False,False,-0.0002505197364893297,1.2191303986148763e-06,,,,,,,0.07161803713527852,0,0.0,none,0.5168368246406817,False,stable,3.0,单年巨幅下滑-15.0分(年跌-55.6%); 趋势不可靠-2分(Bootstrap CI过宽: 0.761),cyclical_bottom,"周期底部(mid_up), 近期强势(24.0%)",0,0
603897.SH,长城科技,电气设备,1.1284,0.02196551619233411,0.03199999999999999,0.7947108140496404,0.042216825555274125,0.03853154813286719,1.14,92.0,0.03166666666666667,0.2,0.8064959405073401,has_near_zero,has_near_zero,good,False,0,True,2,False,0,True,1,0.39734766330477767,0.4545657268206656,1.0751748251748252,volatile,False,False,none,0.9099999999999999,0.0,-0.186,-1.0959999999999999,0.43411411174357545,1.0,0.21816118047673105,False,none,0.08999999999999986,0.39,72.7272727272727,8.571428571428557,59.09090909090909,False,电气设备,False,2.8636363636363633,True,rising,False,False,0.0,0.39734766330477767,0.6996963124620039,电气设备,-5.0,-2.0,3.0,0.3,0.5,0.17869925203392584,0.8730965268744786,0.3024847135870164,False,False,-0.025738538640751575,0.021075590615357135,,,,,,,0.07161803713527852,0,0.0,none,0.3907939051182459,False,decreasing_vol,8.0,峰值明显下跌-8分(从1.9跌至1.1，跌幅-39.7%),,,0,0
603920.SH,世运电路,元器件,0.8326,0.054174386183563586,0.07350000000000002,0.8204392063547028,0.03422210187098414,0.0979721101505,1.09,100.0,0.12250000000000008,0.8,0.0864107329737,has_near_zero,has_near_zero,has_near_zero,False,0,True,4,False,0,True,4,0.3275499310785485,0.26072974513852465,0.8793969849246231,moderate,False,False,none,-0.36,0.0,0.22100000000000009,0.5810000000000001,0.6068898152446385,1.0,0.9068981524463843,False,none,0.16000000000000003,0.1100000000000001,32.9268292682927,17.20430107526882,13.414634146341475,False,元器件,False,1.0,False,rising,False,False,0.0,0.3275499310785485,0.3953732781961722,元器件,-5.0,-2.0,3.0,0.3,0.5,0.0976969327580075,0.9922997366308465,0.07016574149056859,False,False,0.09511779636060481,0.5056241762845219,,,,,,,0.07161803713527852,0,0.0,none,0.22036909107129427,False,decreasing_vol,0.0,,,,0,0
603966.SH,法兰泰克,专用机械,0.5549999999999999,-0.06382816723643356,-0.074,0.7957408088416157,0.04188408365551856,-0.11206427838512989,0.46,77.0,-0.07999999999999999,-0.6,0.22067136191984693,has_near_zero,has_near_zero,has_near_zero,False,0,True,5,False,0,True,5,0.2213418017608066,0.13103434664239752,0.48986486486486475,ultra_stable,False,False,none,-0.02999999999999997,0.0,-0.11000000000000001,-0.08000000000000004,0.11918367161868573,0.2967032967032961,0.7159763313609465,False,none,0.010000000000000009,-0.23000000000000004,-32.35294117647059,2.222222222222224,-33.82352941176471,False,专用机械,False,1.2592592592592593,True,rising,False,False,0.0,0.2213418017608066,0.3449746759765465,专用机械,-5.0,-2.0,3.0,0.3,0.5,-0.09552660532402843,0.7143460068545104,-0.07106510316959844,False,False,-0.06382816723643356,0.7957408088416157,,,,,,,0.6067415730337079,0,0.0,none,0.09964784597130157,False,stable,23.0,单年巨幅下滑-15.0分(年跌-33.8%); 峰值明显下跌-8分(从0.7跌至0.5，跌幅-37.8%),,,0,0
603976.SH,正川股份,医疗保健,0.40880000000000005,-0.007639888817600304,-0.007999999999999997,0.05124663888528464,0.7142486937033283,0.0,0.35,68.0,-0.03333333333333333,-0.3,0.6133543559547467,has_near_zero,has_near_zero,has_near_zero,False,0,True,5,False,0,True,5,0.4043740096246738,0.17064583206161232,1.0426540284360188,volatile,False,False,none,0.36,0.0,-0.12399999999999997,-0.484,0.5666909090909091,1.0,0.6989090909090907,False,none,0.07999999999999996,-0.15999999999999998,-18.6046511627907,29.629629629629612,-37.20930232558139,False,医疗保健,False,2.6296296296296293,True,rising,False,False,0.0,0.4043740096246738,0.6741164916503564,医疗保健,-5.0,-2.0,3.0,0.3,0.5,-0.03726097217780952,0.24380779152219392,-0.07452194435561904,False,False,-0.03940169738796455,0.16814060684935345,,,,,,,0.435483870967742,0,0.0,none,0.3692426764129375,True,decreasing_vol,32.0,单年巨幅下滑-15.0分(年跌-37.2%); 波动聚集提示-2分(大波动后可能跟着大波动); 峰值大幅下跌-15分(从0.7跌至0.3，跌幅-50.7%),,,0,0
603986.SH,兆易创新,半导体,1.976,-0.19834691336690408,-0.38,0.20848619511764452,0.43952045204026746,-0.03446353508846056,1.66,67.86473429951691,-0.4983333333333333,-0.4,0.4624327264504764,good,good,good,False,0,True,1,False,0,True,1,0.6221199754793915,1.3002307487519282,1.5789473684210522,high_volatility,False,False,none,1.6300000000000001,0.0,-0.8500000000000002,-2.4800000000000004,0.5614174861699521,1.0,0.5374224549606512,False,none,1.42,-2.8600000000000003,-46.45161290322581,591.6666666666667,-92.25806451612904,False,半导体,True,14.75,True,rising,False,False,0.0,0.6221199754793915,1.0,半导体,-5.0,-2.0,3.0,0.3,0.5,-0.2846215203144934,0.12123748221703615,-0.5081002329013223,False,False,-0.19834691336690408,0.20848619511764452,,,,,,,0.6067415730337079,0,0.0,none,0.5517142700631416,False,increasing_vol,32.13526570048309,持续衰退重罚-10.0分(最新<加权); 单年巨幅下滑-15.0分(年跌-92.3%); 波动率飙升预警-4.1分(近期波动是早期的2.1倍); 趋势不可靠-2分(Bootstrap CI过宽: 1.236); 峰值大幅下跌-15分(从3.5跌至1.7，跌幅-53.1%),,,0,0
603987.SH,康德莱,医疗保健,0.5665,-0.00575112626553167,-0.007000000000000006,0.00930444261814087,0.8773746233730483,0.01592012140929655,0.49,64.89893054764872,-0.01625000000000002,0.0,1.0,has_near_zero,has_near_zero,has_near_zero,False,0,True,5,False,0,True,5,0.19178255358838106,0.10931605554537721,0.43859649122807004,stable,False,False,none,0.12499999999999997,0.0,-0.10999999999999999,-0.23499999999999996,0.5243925104022191,0.8928571428571426,0.8810679611650488,True,severe,-0.040000000000000036,-0.17999999999999994,-30.985915492957744,-7.547169811320761,-25.352112676056333,False,医疗保健,False,1.0,True,falling,False,False,0.0,0.19178255358838106,0.2867593762040382,医疗保健,-5.0,-2.0,3.0,0.3,0.5,-0.09429496388160202,0.8857326777948524,-0.20213890470255405,False,True,-0.00575112626553167,0.00930444261814087,,,,,,,0.9507042253521126,2,-0.7023060796645699,sustained_decline,0.19079703554282443,False,stable,35.101069452351275,严重恶化-15分; 加速下滑-0.1分(加速度-0.20); 贝叶斯高置信度恶化-12分(恶化概率95.1%，严重恶化确认); 峰值明显下跌-8分(从0.7跌至0.5，跌幅-31.0%),,,0,0
603993.SH,洛阳钼业,小金属,0.36340000000000006,0.04284026074961028,0.044000000000000004,0.5199024141555291,0.16926876414486727,0.5469880754719465,0.63,91.71225205161467,0.11499999999999999,1.0,0.02748633611151033,has_near_zero,has_near_zero,has_near_zero,False,0,True,5,False,0,True,5,0.5932992629921126,0.19460215826141292,1.5853658536585367,stable,False,False,none,0.08500000000000002,0.0,0.175,0.08999999999999997,0.4953531320999677,0.9145569620253167,0.9423076923076921,False,none,0.25,0.09999999999999998,124.99999999999997,65.78947368421053,35.7142857142857,False,小金属,True,1.0,False,rising,True,False,0.0,0.5932992629921126,1.0,小金属,-5.0,-2.0,1.6,0.3,0.24,0.1589571099682905,0.9487051885550664,0.07561444724573149,True,False,0.11028477330745579,0.9301740603229647,,,,,,,0.07161803713527852,0,0.0,none,0.168650203487065,False,increasing_vol,8.28774794838533,"周期顶部预警-5分(警惕景气回落); 波动率飙升预警-4.1分(近期波动是早期的2.1倍); 趋势不确定预警-4分(Bootstrap CI跨零: [-0.010, 0.090])",,,0,0
605058.SH,澳弘电子,元器件,0.9755,-0.02024977311409747,-0.029000000000000015,0.4280085558961115,0.23099787374141773,-0.025996253574703254,0.99,100.0,-0.03125,-0.5,0.3122163883433192,has_near_zero,has_near_zero,has_near_zero,False,0,True,3,False,0,True,3,0.07034539533931375,0.06964194138592061,0.17171717171717177,ultra_stable,False,False,none,-0.08500000000000002,0.0,0.02999999999999997,0.11499999999999999,0.546972602739726,0.9897260273972601,0.7500000000000001,False,none,0.05999999999999994,0.0,6.451612903225799,6.451612903225799,0.0,False,元器件,False,1.0,False,rising,False,False,0.0,0.07034539533931375,0.18960964960478432,元器件,-5.0,-2.0,3.0,0.3,0.5,0.021642360520523873,0.7499999999999999,0.08131577985796745,True,False,-0.02024977311409747,0.4280085558961115,,,,,,,0.13366336633663367,0,0.0,none,0.05294606103425406,False,decreasing_vol,0.0,,,,0,0
605116.SH,奥锐特,化学制药,0.6289,0.10380499998071249,0.123,0.9135313194552953,0.011085060338794911,0.2065218158638915,0.89,92.60000000000001,0.13125,0.9,0.04326272780691066,has_near_zero,has_near_zero,has_near_zero,False,0,True,5,False,0,True,5,0.34523159195214387,0.20437710243566914,0.793918918918919,ultra_stable,False,False,none,0.05000000000000002,0.0,0.185,0.13499999999999998,0.5019756572541383,0.7500000000000001,0.9997565725413826,False,none,0.18000000000000005,0.18999999999999995,71.15384615384615,25.35211267605635,36.538461538461526,False,化学制药,False,1.0,False,rising,False,False,0.0,0.34523159195214387,0.4095186068950485,化学制药,-5.0,-2.0,3.0,0.3,0.5,0.15119352339853903,0.99835881434391,0.10594940508524148,True,False,0.10380499998071249,0.9135313194552953,,,,,,,0.07161803713527852,0,0.0,none,0.10613029285439034,True,increasing_vol,7.399999999999998,波动率飙升预警-7.4分(近期波动是早期的3.7倍),,,0,0
605117.SH,德业股份,电气设备,4.5143,0.1013821005778111,0.4009999999999999,0.34214894775567256,0.3002090288723918,0.12326943378824784,4.76,97.74600989565408,0.4179166666666666,0.6,0.22067136191984693,good,good,good,False,0,False,0,False,0,False,0,0.28928395196258055,1.271113684923579,0.764679107874374,moderate,False,False,none,1.6799999999999997,0.0,-0.7949999999999999,-2.4749999999999996,0.6397086886597425,0.8999904337751512,0.4970964528222741,False,none,0.5899999999999999,-2.1799999999999997,-25.03937007874016,14.148681055155873,-34.33070866141732,False,电气设备,False,1.5227817745803356,True,rising,False,False,0.0,0.28928395196258055,0.43446473151410925,电气设备,-5.0,-2.0,3.0,0.3,0.5,-0.1417473595994463,0.45103618771543497,-0.5079802086918186,False,True,0.1013821005778111,0.34214894775567256,,,,,,,0.435483870967742,0,0.0,none,0.25072667622161765,False,stable,17.25399010434591,单年巨幅下滑-15.0分(年跌-34.3%); 加速下滑-0.3分(加速度-0.51); 趋势不可靠-2分(Bootstrap CI过宽: 0.565),high_growth,"高速成长(稳健CAGR=41.8%, MK趋势=0.60)",1,0
605118.SH,力鼎光电,元器件,0.39444500000000005,-0.0005105507059744551,-0.0005599999999999939,0.004543896619056898,0.9142379621417892,0.022303969954345026,0.431,100.0,0.009475000000000011,0.2,0.8064959405073401,has_near_zero,has_near_zero,has_near_zero,False,0,True,5,False,0,True,5,0.06750418835461709,0.026314482704396833,0.18316145913498544,ultra_stable,False,False,none,-0.03500000000000003,0.0,0.02089000000000001,0.05589000000000004,0.49077535485394885,1.0,0.7959735485394884,False,none,0.05169999999999997,-0.005299999999999971,12.06448257930317,13.630371737411012,-1.378055122204881,False,元器件,False,1.0410069021518473,True,rising,False,False,0.0,0.06750418835461709,0.19280427097060665,元器件,-5.0,-2.0,3.0,0.3,0.5,0.021481449063982916,0.6645855365038287,0.026140342206437905,False,False,0.008576923932000458,0.30755549190206516,,,,,,,0.07161803713527852,0,0.0,none,0.05611740947255561,False,stable,0.0,,,,0,0
605196.SH,华通线缆,电气设备,0.5177,0.08895930956501226,0.099,0.6714254598707773,0.08959035889048529,0.14557175491919105,0.62,95.0,0.09583333333333333,0.6,0.22067136191984693,has_near_zero,has_near_zero,has_near_zero,False,0,True,5,False,0,True,5,0.3902599241337019,0.19044684297724654,0.9631147540983607,moderate,False,False,none,-0.12,0.0,0.13399999999999998,0.254,0.352979919869352,1.0,0.7205457463884427,True,moderate,-0.08999999999999997,0.19999999999999996,21.56862745098039,-12.676056338028166,39.21568627450979,False,电气设备,False,2.9583333333333335,True,falling,False,False,0.0,0.3902599241337019,0.706652383751406,电气设备,-5.0,-2.0,3.0,0.3,0.5,0.04788038541146672,0.3131500465397737,-0.020866030180300615,False,False,0.08895930956501226,0.6714254598707773,,,,,,,0.4807121661721069,1,0.0,single_year_drop,0.22229120571841654,False,stable,5.0,中度恶化-10分,,,0,0
605258.SH,协和电子,元器件,0.76164,-0.11302945126678099,-0.15519999999999998,0.44536531898984605,0.21844720407129506,-0.12005117144806698,0.81,90.0,-0.1925,-0.6,0.22067136191984693,has_near_zero,has_near_zero,has_near_zero,False,0,True,4,False,0,True,4,0.4412753684753367,0.35663875280176716,1.1519425884682009,moderate,False,False,none,-0.3905,0.0,0.12000000000000005,0.5105000000000001,0.5882345165691283,0.9892521424354676,0.3720930232558141,False,none,0.39000000000000007,-0.14999999999999997,42.105263157894754,92.85714285714289,-26.31578947368421,False,元器件,False,1.0,False,rising,False,False,0.0,0.4412753684753367,0.4863536281136027,元器件,-5.0,-2.0,3.0,0.3,0.5,0.09876370347606517,0.3499348139919295,0.3818822142631645,True,False,-0.11302945126678099,0.44536531898984605,,,,,,,0.07161803713527852,0,0.0,none,0.3202085882670149,False,stable,10.0,趋势不可靠-2分(Bootstrap CI过宽: 0.385); 峰值明显下跌-8分(从1.4跌至0.8，跌幅-40.0%),,,0,0
605288.SH,凯迪股份,电气设备,1.6478000000000002,-0.02500228386948824,-0.043,0.024852027981740032,0.8001143320026087,-0.25100077930286624,1.24,71.45811938129043,-0.48250000000000004,-0.6,0.22067136191984693,good,good,good,False,0,True,1,False,0,True,1,0.6871040990452225,1.2464068356680333,1.7916207276736498,volatile,False,False,none,-1.625,0.0,0.275,1.9,0.6865550231851447,0.9501043428201345,0.41544588903131285,True,moderate,-0.29000000000000004,0.8400000000000001,79.71014492753625,-18.954248366013076,121.73913043478264,False,电气设备,False,2.217391304347826,True,falling,False,False,0.0,0.6871040990452225,0.8453354531492214,电气设备,-5.0,-2.0,3.0,0.3,0.5,0.19843789358192787,0.4653662086685746,0.9162387625808741,True,False,-0.21516714506315635,0.4201364278349686,,,,,,,0.6492985971943889,1,0.0,single_year_drop,0.4888102280549814,True,decreasing_vol,28.541880618709563,中度恶化-10分; 波动聚集提示-2分(大波动后可能跟着大波动); 趋势不可靠-2分(Bootstrap CI过宽: 0.540); 峰值大幅下跌-15分(从3.9跌至1.2，跌幅-68.5%),,,0,0
605369.SH,拱东医疗,医疗保健,2.0466,-0.29163062008074203,-0.658,0.7980917695118919,0.04112854532740331,-0.25189628139703724,1.09,32.151484957036075,-0.6537499999999999,-0.6,0.22067136191984693,good,good,good,False,0,True,1,False,0,True,1,0.5082324357578204,1.140473585840549,1.1185383244206772,moderate,False,False,none,-0.2849999999999999,0.0,-0.91,-0.6250000000000001,0.2785029149632202,0.5742988451567285,0.7007503102786868,False,none,0.1200000000000001,-1.9400000000000002,-62.54295532646048,12.371134020618568,-66.66666666666667,False,医疗保健,False,1.5561497326203209,True,rising,False,False,0.0,0.5082324357578204,0.6140725796222991,医疗保健,-5.0,-2.0,3.0,0.3,0.5,-0.4229958322453923,0.6765361127055654,-0.33768763563933946,False,True,-0.29163062008074203,0.7980917695118919,,,,,,,0.6067415730337079,0,0.0,none,0.20819685827014012,False,increasing_vol,67.84851504296392,轻度衰退-5.8分(log斜率-0.292); 持续衰退重罚-10.0分(最新<加权); 单年巨幅下滑-15.0分(年跌-66.7%); 相对加权暴跌-15.0分(最新仅为加权53.3%); 加速下滑-0.2分(加速度-0.34); 波动率飙升预警-4.8分(近期波动是早期的2.4倍); 趋势不可靠-2分(Bootstrap CI过宽: 0.498); 峰值大幅下跌-15分(从3.5跌至1.1，跌幅-68.7%),,,0,0
605376.SH,博迁新材,小金属,0.4443,-0.17683385060074402,-0.199,0.5485685256063187,0.15222688082406458,,0.33,62.9395134641756,-0.16166666666666668,-0.6,0.22067136191984693,has_loss,has_loss,has_loss,True,1,True,5,True,1,True,5,0.8213902299156945,0.41398067587751003,2.0436507936507935,volatile,False,False,none,-0.11000000000000004,0.0,-0.12999999999999998,-0.019999999999999934,0.12415009063894496,0.451492537313433,0.13097390855076202,False,none,0.45,-0.71,-44.06779661016949,375.00000000000006,-120.33898305084745,False,小金属,True,inf,True,rising,True,False,0.0,0.8213902299156945,1.0,小金属,-5.0,-2.0,1.6,0.3,0.24,-0.1179723906367324,0.11676866136125404,-0.02785897263726808,False,False,-0.17683385060074402,0.5485685256063187,,,,,,,0.6067415730337079,0,0.0,none,0.5337910067398018,False,increasing_vol,37.0604865358244,轻度衰退-3.5分(log斜率-0.177); 持续衰退重罚-10.0分(最新<加权); 单年巨幅下滑-15.0分(年跌-120.3%); 波动率飙升预警-5.5分(近期波动是早期的2.8倍); 趋势不可靠-2分(Bootstrap CI过宽: 0.457); 峰值大幅下跌-15分(从0.9跌至0.3，跌幅-63.7%),,,0,0
605378.SH,野马电池,电气设备,0.8421000000000001,-0.02052706565154814,-0.032999999999999974,0.04167134510102845,0.7419030882344946,-0.05778451963226772,0.93,100.0,0.06750000000000003,0.2,0.8064959405073401,has_near_zero,has_near_zero,has_near_zero,False,0,True,4,False,0,True,4,0.2516504185774909,0.2144061566280222,0.6572769953051643,moderate,False,False,none,-0.5599999999999999,0.0,0.09800000000000002,0.6579999999999999,0.7948325459628576,1.0,0.9720647773279351,False,none,0.14,0.050000000000000044,25.675675675675684,17.72151898734177,6.756756756756762,False,电气设备,False,1.0,False,rising,False,False,0.0,0.2516504185774909,0.33465366819532605,电气设备,-5.0,-2.0,3.0,0.3,0.5,0.07293605852082402,0.9353094469006803,0.23192517538785828,True,False,-0.02052706565154814,0.04167134510102845,,,,,,,0.07161803713527852,0,0.0,none,0.24408489760097782,False,decreasing_vol,0.0,,,,0,0
605507.SH,国邦医药,化学制药,1.403,-0.051175017097533505,-0.09,0.32686824172735673,0.31393131786938516,-0.04877560128131275,1.4,85.0,-0.10125,-0.4,0.4624327264504764,good,good,good,False,0,False,0,False,0,False,0,0.16827320346733335,0.24365959862069866,0.42127071823204415,stable,False,False,none,-0.33000000000000007,0.0,-0.048999999999999974,0.2810000000000001,0.21782788428836403,1.0,0.07914949728036919,False,none,0.2999999999999998,-0.5499999999999998,-15.151515151515152,27.272727272727256,-33.33333333333333,False,化学制药,False,1.3306451612903225,True,rising,False,False,0.0,0.16827320346733335,0.3120379176125764,化学制药,-5.0,-2.0,3.0,0.3,0.5,-0.06860351730279701,0.17698368863390554,-0.053258269800892544,False,False,-0.051175017097533505,0.32686824172735673,,,,,,,0.435483870967742,0,0.0,none,0.13659376038758134,False,stable,15.0,单年巨幅下滑-15.0分(年跌-33.3%),,,0,0
688003.SH,天准科技,专用机械,0.7844800000000001,0.013620667067727387,0.01579999999999999,0.08847365798356016,0.6269419875144571,0.039316531893097695,0.6499,43.398340248962654,0.10650000000000001,0.4,0.4624327264504764,has_near_zero,has_near_zero,has_near_zero,False,0,True,4,False,0,True,5,0.2831421406822282,0.21700579946167334,0.7368022755147307,moderate,False,False,none,0.1205,0.0,-0.07405,-0.19455,0.2981885030335536,0.9823203423178616,0.09418672279399305,True,severe,-0.4717999999999999,0.3236999999999999,-18.55889724310777,-42.06115717214941,40.56390977443608,False,专用机械,False,1.0,True,falling,False,False,0.0,0.2831421406822282,0.35984704587911587,专用机械,-5.0,-2.0,3.0,0.3,0.5,-0.05998264450492541,0.11118604735369343,-0.15973308127736163,False,False,0.046677008198171624,0.1995085226726242,,,,,,,0.9737039819684448,1,0.0,cliff_drop,0.25445115361294757,True,increasing_vol,56.601659751037346,严重恶化-15分; 单年巨幅下滑-15.0分(年跌-42.1%); 贝叶斯高置信度恶化-12分(恶化概率97.4%，严重恶化确认); 波动率飙升预警-6.6分(近期波动是早期的3.3倍); 峰值明显下跌-8分(从1.1跌至0.6，跌幅-42.1%),,,0,0
688008.SH,澜起科技,半导体,0.9083000000000001,0.0073829999479066545,0.021000000000000008,0.0019298319720005004,0.9440847696478611,0.06272521313440382,1.25,78.22388059701493,0.058750000000000024,0.2,0.8064959405073401,has_near_zero,has_near_zero,has_near_zero,False,0,True,3,False,0,True,3,0.38013838171998626,0.3428848203114276,0.9423503325942351,volatile,False,False,none,-0.25,0.0,0.081,0.331,0.21192767827304346,1.0,0.0709029016047982,False,none,0.85,-0.7499999999999999,8.695652173913052,212.5,-65.21739130434781,False,半导体,False,2.0353982300884956,True,rising,False,False,0.0,0.38013838171998626,0.5754971360544552,半导体,-5.0,-2.0,3.0,0.3,0.5,0.03201342941995172,0.0077959769641554495,-0.026189394069893346,False,False,0.0073829999479066545,0.0019298319720005004,,,,,,,0.13366336633663367,0,0.0,none,0.3783518302100141,True,increasing_vol,21.776119402985074,单年巨幅下滑-15.0分(年跌-65.2%); 波动率飙升预警-4.8分(近期波动是早期的2.4倍); 趋势不可靠-2分(Bootstrap CI过宽: 0.431),,,0,0
688012.SH,中微公司,半导体,2.1513,0.21795624500723623,0.45099999999999996,0.8390824405802868,0.028846470205261415,0.2978161374172563,2.61,110.0,0.45624999999999993,0.8,0.0864107329737,good,good,good,False,0,True,1,False,0,True,1,0.3839779150851214,0.7740994768116047,0.9771825396825398,stable,False,False,none,0.84,0.0,0.354,-0.486,0.39681035491490085,1.0,0.6997766361402722,True,moderate,-0.28000000000000025,0.9900000000000002,37.368421052631575,-9.6885813148789,52.105263157894754,False,半导体,False,1.0,True,falling,False,False,0.0,0.3839779150851214,0.4405156654014305,半导体,-5.0,-2.0,3.0,0.3,0.5,0.14466428413389143,0.5206708423664298,-0.14250535320562058,False,True,0.21795624500723623,0.8390824405802868,,,,,,,0.4807121661721069,1,0.0,single_year_drop,0.14940975178222687,False,stable,5.0,中度恶化-10分,high_growth,"高速成长(稳健CAGR=45.6%, MK趋势=0.80)",1,0
688013.SH,天臣医疗,医疗保健,0.585,0.025884543422329653,0.029999999999999992,0.7757339116100064,0.04853505754833228,0.04744179520421987,0.65,90.5,0.03374999999999999,0.7,0.12955135290440883,has_near_zero,has_near_zero,has_near_zero,False,0,True,5,False,0,True,5,0.0944765755637632,0.05385164807134503,0.22807017543859648,ultra_stable,False,False,none,0.0,0.0,0.05499999999999999,0.05499999999999999,0.41072527472527476,0.0,0.9972527472527473,False,none,0.050000000000000044,0.05999999999999994,20.370370370370367,8.333333333333341,11.1111111111111,False,医疗保健,False,1.0,False,rising,False,False,0.0,0.0944765755637632,0.2089145937843439,医疗保健,-5.0,-2.0,3.0,0.3,0.5,0.04726224498686299,0.9964835991759302,0.04726224498686299,False,False,0.025884543422329653,0.7757339116100064,,,,,,,0.07161803713527852,0,0.0,none,0.0447282413473051,False,increasing_vol,9.499999999999995,"波动率飙升预警-5.5分(近期波动是早期的2.7倍); 趋势不确定预警-4分(Bootstrap CI跨零: [-0.003, 0.048])",,,0,0
688016.SH,心脉医疗,医疗保健,4.78,0.056273166638770314,0.20200000000000012,0.23676316786402568,0.4058617862498104,0.08104690136690751,4.07,58.36363636363637,0.7800000000000001,0.4,0.4624327264504764,good,good,good,False,0,False,0,False,0,False,0,0.30378428625970594,1.4101666568175548,0.8250753985351141,moderate,False,False,none,0.99,0.0,-0.44499999999999984,-1.4349999999999998,0.4936867556672252,0.9434016748483974,0.10135895992219889,True,severe,-2.7399999999999993,1.8499999999999996,-17.943548387096765,-40.234948604992645,37.298387096774185,False,医疗保健,False,1.0,True,falling,False,False,0.0,0.30378428625970594,0.37636076234109805,医疗保健,-5.0,-2.0,3.0,0.3,0.5,-0.09650583753007758,0.14322277901150354,-0.34273609422817797,False,False,0.10305814588536358,0.3096038040928664,,,,,,,0.9737039819684448,1,0.0,cliff_drop,0.2602599416178543,False,increasing_vol,56.63636363636363,严重恶化-15分; 单年巨幅下滑-15.0分(年跌-40.2%); 贝叶斯高置信度恶化-12分(恶化概率97.4%，严重恶化确认); 波动率飙升预警-4.6分(近期波动是早期的2.3倍); 趋势不可靠-2分(Bootstrap CI过宽: 0.369); 峰值明显下跌-8分(从6.8跌至4.1，跌幅-40.2%),high_growth,"高速成长(稳健CAGR=78.0%, MK趋势=0.40)",1,0
688018.SH,乐鑫科技,半导体,2.040229,0.119733356492648,0.28003000000000006,0.2823255740691177,0.35681272309909745,0.24140938627132158,3.0889,113.0,0.32543750000000005,0.4,0.4624327264504764,good,good,good,False,0,False,0,False,0,False,0,0.412300459938247,0.8065504057403976,0.9589923423745795,moderate,False,False,none,-0.043849999999999945,0.0,0.9380000000000001,0.98185,0.4793111518175916,0.003855929973430522,0.9288363756024349,False,none,1.3877000000000002,0.48829999999999996,154.6706241240003,81.5718316482483,40.258883667243786,False,半导体,False,2.042625113364663,True,rising,False,False,0.0,0.412300459938247,0.602190383065886,半导体,-5.0,-2.0,3.0,0.3,0.5,0.41099251136201176,0.9658923370183536,0.43829823324151773,False,False,0.119733356492648,0.2823255740691177,,,,,,,0.07161803713527852,0,0.0,none,0.344619966793609,False,stable,2.0,趋势不可靠-2分(Bootstrap CI过宽: 0.663),high_growth,"高速成长(稳健CAGR=32.5%, MK趋势=0.40)",1,0
688019.SH,安集科技,半导体,3.7406,0.12098375661234859,0.4219999999999999,0.5022443682848593,0.1802645065816948,0.0930765711758681,4.14,111.0,0.3533333333333333,0.4,0.4624327264504764,good,good,good,False,0,False,0,False,0,False,0,0.2611615688469586,0.9438379098129085,0.6198118428334255,stable,False,False,none,0.845,0.0,-0.2250000000000001,-1.07,0.441096647057088,0.5239781316504,0.6675824175824178,False,none,0.04999999999999982,-0.5,-9.803921568627455,1.222493887530558,-10.893246187363834,False,半导体,False,1.4254658385093169,True,rising,False,False,0.0,0.2611615688469586,0.39899136687880915,半导体,-5.0,-2.0,3.0,0.3,0.5,-0.050283884638885556,0.6630192121092594,-0.27145762210733093,False,True,0.12098375661234859,0.5022443682848593,,,,,,,0.2783505154639176,0,0.0,none,0.18471160794161534,False,decreasing_vol,4.0,"加速下滑-0.1分(加速度-0.27); 趋势不确定预警-4分(Bootstrap CI跨零: [-0.059, 0.317])",high_growth,"高速成长(稳健CAGR=35.3%, MK趋势=0.40)",1,0
688025.SH,杰普特,专用机械,1.0257,0.1452163127775914,0.19899999999999998,0.8138893339240181,0.03619446319852439,0.3068378352572798,1.4,115.0,0.22499999999999998,0.8,0.0864107329737,has_near_zero,has_near_zero,has_near_zero,False,0,True,3,False,0,True,3,0.3573753256679907,0.345224564595279,0.9523809523809523,stable,False,False,none,0.51,0.0,0.15499999999999997,-0.35500000000000004,0.3571292623912635,1.0,0.6619369059099051,False,none,0.26,0.31999999999999995,70.73170731707317,22.80701754385965,39.02439024390244,False,专用机械,False,1.2073170731707317,True,rising,False,False,0.0,0.3573753256679907,0.44687587029049014,专用机械,-5.0,-2.0,3.0,0.3,0.5,0.19488624159927204,0.9900192841933744,0.05240752015557579,True,False,0.1452163127775914,0.8138893339240181,,,,,,,0.07161803713527852,0,0.0,none,0.14704712966625766,False,stable,0.0,,high_growth,"高速成长(稳健CAGR=22.5%, MK趋势=0.80)",1,0
688026.SH,洁特生物,医疗保健,0.7802,-0.21177844711636676,-0.28600000000000003,0.6183516346076524,0.11466892551746573,-0.19200089774964912,0.52,57.76443105767267,-0.30916666666666665,-0.6,0.22067136191984693,has_near_zero,has_near_zero,has_near_zero,False,0,True,3,False,0,True,3,0.6813226595624358,0.5900254231810693,1.6859122401847575,volatile,False,False,none,0.49,0.0,-0.39499999999999996,-0.885,0.4435154541712608,1.0,0.631232932133104,False,none,0.27,-0.38,-17.46031746031746,108.0,-60.317460317460316,False,医疗保健,True,6.84,True,rising,False,False,0.0,0.6813226595624358,1.0,医疗保健,-5.0,-2.0,3.0,0.3,0.5,-0.04767523342291974,0.07076238774854181,0.1694923723562008,False,False,-0.21177844711636676,0.6183516346076524,,,,,,,0.435483870967742,0,0.0,none,0.43764281840241354,False,decreasing_vol,42.23556894232733,轻度衰退-4.2分(log斜率-0.212); 持续衰退重罚-10.0分(最新<加权); 单年巨幅下滑-15.0分(年跌-60.3%); 相对加权下滑-10.0分(最新为加权66.6%); 趋势不可靠-2分(Bootstrap CI过宽: 0.550); 峰值大幅下跌-15分(从1.7跌至0.5，跌幅-69.6%),,,0,0
688029.SH,南微医学,医疗保健,2.446485,0.08149696181673512,0.21433,0.4539570766767197,0.21239601037054928,0.10824427591940022,2.95,113.0,0.2300333333333333,0.6,0.22067136191984693,good,good,good,False,0,False,0,False,0,False,0,0.2051802120391024,0.479982173627313,0.5063437238171777,stable,False,False,none,-0.09504999999999997,0.0,0.59225,0.6873,0.4628341003759446,0.07577775872861477,0.9512393101644995,False,none,0.3600000000000003,0.8244999999999998,67.09147550269046,13.899613899613913,46.70065137354856,False,医疗保健,False,1.3794958935145851,True,rising,False,False,0.0,0.2051802120391024,0.3480769554332266,医疗保健,-5.0,-2.0,3.0,0.3,0.5,0.23447650591328417,0.9291950103203593,0.27949584643576897,False,False,0.08149696181673512,0.4539570766767197,,,,,,,0.07161803713527852,0,0.0,none,0.14530335288235044,False,stable,2.0,趋势不可靠-2分(Bootstrap CI过宽: 0.325),high_growth,"高速成长(稳健CAGR=23.0%, MK趋势=0.60)",1,0
688031.SH,星环科技-U,软件服务,-2.6405,-0.03770224284889327,-0.10099999999999994,0.30151947638432786,0.337779098927013,,-2.84,87.0,-0.10499999999999984,-0.5,0.3122163883433192,poor,poor,poor,True,5,False,0,True,5,False,0,0.11342417622832722,0.29376861643136754,0.2548262548262547,ultra_stable,False,False,none,-0.52,0.0,0.0030000000000000695,0.5230000000000001,0.42701087969207374,1.0,0.00033314825097169825,True,moderate,-0.44999999999999973,0.44999999999999973,0.0,-18.828451882845176,15.845070422535205,False,软件服务,False,inf,True,falling,False,False,0.0,0.11342417622832722,1.0,软件服务,-5.0,-2.0,3.0,0.3,0.5,0.0,0.0,0.12262234084770507,False,False,-0.03770224284889327,0.30151947638432786,,,,,,,0.9025069637883009,1,0.0,single_year_drop,0.09520134774024552,False,stable,13.0,中度恶化-10分; 贝叶斯恶化预警-8分(恶化概率90.3%),,,0,0
688035.SH,德邦科技,半导体,0.750929,-0.0051228183930688955,-0.006270000000000009,0.5183691088062747,0.17020822718281545,0.0830401037218449,0.69,72.81869317810697,0.02288749999999999,0.0,1.0,has_near_zero,has_near_zero,has_near_zero,False,0,True,4,False,0,True,5,0.2747813139467173,0.20325573792638676,0.7608489928349332,moderate,False,False,none,0.28140000000000004,0.0,-0.18715000000000004,-0.4685500000000001,0.5731769147404692,0.9849738322010211,0.8096953152036708,False,none,-0.030000000000000027,-0.34430000000000005,-35.16865545428921,-4.1666666666666705,-32.34990134360613,False,半导体,False,1.0,True,falling,False,False,0.0,0.2747813139467173,0.35315838449070713,半导体,-5.0,-2.0,3.0,0.3,0.5,-0.1408313364801138,0.8147513209854903,-0.3626136437860785,False,True,0.03216141431914059,0.1023981395740485,,,,,,,0.6585365853658537,0,-0.8712000193629585,none,0.26287538281830414,False,decreasing_vol,27.18130682189304,"单年巨幅下滑-15.0分(年跌-32.3%); 加速下滑-0.2分(加速度-0.36); 趋势不确定预警-4分(Bootstrap CI跨零: [-0.012, 0.000]); 峰值明显下跌-8分(从1.1跌至0.7，跌幅-35.2%)",,,0,0
688037.SH,芯源微,半导体,1.3728,0.12101083615287953,0.17600000000000002,0.21556797995597488,0.4308288403841389,0.14874423545594895,1.01,26.580881285231925,0.22375000000000006,0.4,0.4624327264504764,has_near_zero,has_near_zero,has_near_zero,False,0,True,2,False,0,True,2,0.5297887116309045,0.6993210993527937,1.2803030303030305,volatile,False,False,none,0.845,0.0,-0.63,-1.475,0.6867120963769411,0.8936110299945768,0.9735099337748343,True,severe,-0.81,-0.44999999999999996,-55.50660792951542,-44.50549450549451,-19.823788546255507,False,半导体,False,1.0,True,falling,False,False,0.0,0.5297887116309045,0.5571643026380569,半导体,-5.0,-2.0,3.0,0.3,0.5,-0.33491185347898306,0.9473344942326668,-0.8382374295361663,False,True,0.12101083615287953,0.21556797995597488,,,,,,,0.9988208180227877,2,1.2450549450549453,accelerating_decline,0.4860366596534556,False,stable,73.41911871476808,复合恶化-14.0分(触发2项恶化信号); 严重恶化-15分; 单年巨幅下滑-15.0分(年跌-44.5%); 加速下滑-0.4分(加速度-0.84); 贝叶斯高置信度恶化-12分(恶化概率99.9%，严重恶化确认); 趋势不可靠-2分(Bootstrap CI过宽: 0.867); 峰值大幅下跌-15分(从2.3跌至1.0，跌幅-55.5%),,,0,0
688041.SH,海光信息,半导体,0.44058800000000004,0.1908838723299655,0.20796,0.9958494140003095,0.00011363042470439052,,0.83,100.0,0.206475,1.0,0.02748633611151033,has_loss,has_loss,has_loss,True,1,True,5,True,1,True,5,0.8732177020002152,0.3302509348964814,2.249074563722898,ultra_stable,False,False,none,0.2003,0.0,0.22499999999999998,0.024699999999999972,0.3014618135591446,0.9972854772161049,0.9729340166559898,False,none,0.2899999999999999,0.16000000000000003,118.42105263157893,53.70370370370369,42.10526315789475,False,半导体,False,1.0,False,rising,False,False,0.0,0.8732177020002152,0.8319074949335055,半导体,-5.0,-2.0,3.0,0.3,0.5,0.19226045426362715,0.980498948956506,-0.00374001312256389,False,False,0.1908838723299655,0.9958494140003095,,,,,,,0.07161803713527852,0,0.0,none,0.08137982331468731,False,stable,0.0,,,,0,0
688046.SH,药康生物,生物制药,0.3328,0.015418570222766487,0.016000000000000007,0.08702328345428752,0.6299191445532494,0.06484431680301594,0.27,49.91455715033111,0.017500000000000012,0.2,0.8064959405073401,has_near_zero,has_near_zero,has_near_zero,False,0,True,5,False,0,True,5,0.2643839437643756,0.08671793355471519,0.6402439024390243,moderate,False,False,none,0.105,0.0,-0.07499999999999998,-0.18,0.5217142857142857,0.9642857142857143,0.8928571428571428,True,severe,-0.12,-0.02999999999999997,-35.71428571428571,-30.769230769230766,-7.142857142857137,False,生物制药,False,1.0,True,falling,False,False,0.0,0.2643839437643756,0.34484048834483383,生物制药,-5.0,-2.0,3.0,0.3,0.5,-0.07085877045993347,0.8904276997351572,-0.17088569933777295,False,True,0.015418570222766487,0.08702328345428752,,,,,,,0.999190470683474,2,3.3076923076923106,accelerating_decline,0.2528834311381429,False,stable,50.08544284966889,严重恶化-15分; 单年巨幅下滑-15.0分(年跌-30.8%); 加速下滑-0.1分(加速度-0.17); 贝叶斯高置信度恶化-12分(恶化概率99.9%，严重恶化确认); 峰值明显下跌-8分(从0.4跌至0.3，跌幅-35.7%),,,0,0
688049.SH,炬芯科技,半导体,0.5900000000000001,0.05624101732404548,0.06,0.17272324210281814,0.4864960923523813,0.29886673087501436,0.74,96.0,0.09000000000000002,0.4,0.4624327264504764,has_near_zero,has_near_zero,has_near_zero,False,0,True,5,False,0,True,5,0.43344657716211993,0.24793144213673263,1.1013986013986012,volatile,False,False,none,0.63,0.0,-0.03600000000000001,-0.666,0.45797142217913356,1.0,0.05217391304347829,False,none,0.20999999999999996,0.09000000000000002,68.18181818181817,39.622641509433954,20.45454545454546,False,半导体,False,2.022727272727273,True,rising,False,False,0.0,0.43344657716211993,0.6164542314266657,半导体,-5.0,-2.0,3.0,0.3,0.5,0.1291072599892413,0.9557120097352529,0.04422870718269048,False,False,0.05624101732404548,0.17272324210281814,,,,,,,0.07161803713527852,0,0.0,none,0.40046033221302957,True,decreasing_vol,4.0,波动聚集提示-2分(大波动后可能跟着大波动); 趋势不可靠-2分(Bootstrap CI过宽: 0.330),,,0,0
688050.SH,爱博医疗,医疗保健,2.068,0.15761961395221777,0.31999999999999995,0.6184107183641232,0.11463937704829738,0.17376870557274438,2.05,96.0,0.5574999999999999,0.6,0.22067136191984693,good,good,good,False,0,False,0,False,0,False,0,0.3418767670399591,0.6741809846027994,0.9178498985801218,moderate,False,False,none,0.565,0.0,-0.08000000000000007,-0.645,0.48963834321535843,0.999765111180708,0.03217158176943703,True,moderate,-0.8400000000000003,0.6800000000000002,-7.239819004524893,-29.065743944636687,30.769230769230777,False,医疗保健,False,1.0,True,falling,False,False,0.0,0.3418767670399591,0.40683474696530064,医疗保健,-5.0,-2.0,3.0,0.3,0.5,-0.03400780933292691,0.041440779064796804,-0.33249005768835554,False,False,0.15761961395221777,0.6184107183641232,,,,,,,0.9025069637883009,1,0.0,single_year_drop,0.22594109160270523,True,stable,19.0,"中度恶化-10分; 贝叶斯恶化预警-8分(恶化概率90.3%); 波动聚集提示-2分(大波动后可能跟着大波动); 趋势不确定预警-4分(Bootstrap CI跨零: [-0.034, 0.303])",high_growth,"高速成长(稳健CAGR=55.7%, MK趋势=0.60)",1,0
688062.SH,迈威生物-U,生物制药,-2.5425,-0.02913177895711261,-0.07700000000000004,0.6059642531598504,0.1209460700701317,,-2.61,96.0,-0.08625,-0.6,0.22067136191984693,poor,poor,poor,True,5,False,0,True,5,False,0,0.06242052383367238,0.15630099167951564,0.1517571884984027,ultra_stable,False,False,none,-0.31000000000000005,0.0,-0.03200000000000003,0.278,0.44104029108160536,1.0,0.21974248927038648,False,none,0.03000000000000025,-0.20000000000000018,-6.967213114754095,1.1363636363636458,-8.196721311475418,False,生物制药,False,inf,True,rising,False,False,0.0,0.06242052383367238,1.0,生物制药,-5.0,-2.0,3.0,0.3,0.5,-0.0313063545357376,0.6251739541314785,0.003944846763845766,False,False,-0.02913177895711261,0.6059642531598504,,,,,,,0.2783505154639176,0,0.0,none,0.03914451098890866,False,decreasing_vol,4.0,"趋势不确定预警-4分(Bootstrap CI跨零: [-0.048, 0.004])",,,0,0
688067.SH,爱威科技,医疗保健,0.38670000000000004,-0.06460318828220689,-0.07099999999999998,0.6028599227858604,0.12254490429689648,-0.12872204367866558,0.34,88.0,-0.06291666666666666,-0.4,0.4624327264504764,has_near_zero,has_near_zero,has_near_zero,False,0,True,5,False,0,True,5,0.35152561988837805,0.14342245291445826,0.8088235294117645,moderate,False,False,none,-0.16499999999999998,0.0,0.04000000000000001,0.205,0.5214144884241971,0.8810679611650484,0.9230769230769231,False,none,0.020000000000000018,0.06,30.769230769230777,6.250000000000005,23.076923076923077,False,医疗保健,False,1.0,False,rising,False,False,0.0,0.35152561988837805,0.41455382924403583,医疗保健,-5.0,-2.0,3.0,0.3,0.5,0.038306001566433656,0.9218824755371315,0.18984336551539024,True,False,-0.06460318828220689,0.6028599227858604,,,,,,,0.07161803713527852,0,0.0,none,0.21877660216122355,False,decreasing_vol,12.0,"趋势不确定预警-4分(Bootstrap CI跨零: [-0.164, 0.041]); 峰值明显下跌-8分(从0.6跌至0.3，跌幅-42.4%)",,,0,0
688072.SH,拓荆科技,半导体,2.6136000000000004,-0.009036221213871598,-0.016500000000000004,0.012960459502007565,0.8553630157108696,-0.0324658309647875,2.48,87.0,0.20583333333333337,0.2,0.8064959405073401,good,good,good,False,0,True,1,False,0,False,0,0.4299978094237096,1.0964944140304593,1.1058823529411768,volatile,False,False,none,-2.1100000000000003,0.0,0.5640000000000001,2.6740000000000004,0.4758591168202476,1.0,0.33759551706571583,True,moderate,-1.06,0.3599999999999999,-22.012578616352204,-29.943502824858758,11.320754716981128,False,半导体,False,4.916666666666667,True,falling,False,False,0.0,0.4299978094237096,0.9995538030945234,半导体,-5.0,-2.0,3.0,0.3,0.5,-0.11705171422945049,0.4596391921576787,-0.17235656577824898,False,False,0.10606899744338953,0.10129074721890344,,,,,,,0.9487554904831625,1,0.0,single_year_drop,0.40941251596355094,False,decreasing_vol,13.0,中度恶化-10分; 贝叶斯恶化预警-8分(恶化概率94.9%),,,0,0
688073.SH,毕得医药,化学制药,1.7085000000000001,-0.045107112002547,-0.085,0.05309621609755689,0.7092296752144827,-0.0018850225180480074,1.32,67.67525403249616,-0.02125000000000002,-0.2,0.8064959405073401,good,good,good,False,0,False,0,False,0,False,0,0.3842882127084815,0.6663557608365069,0.8996539792387543,volatile,False,False,none,0.72,0.0,-0.725,-1.4449999999999998,0.6693341886388424,0.9999357037227544,0.6934061826656699,False,none,0.1100000000000001,-1.56,-52.34657039711191,9.090909090909099,-56.317689530685925,False,化学制药,False,2.2892561983471076,True,rising,False,False,0.0,0.3842882127084815,0.6126647299463996,化学制药,-5.0,-2.0,3.0,0.3,0.5,-0.3262519868438559,0.6723468805649578,-0.6494919350076834,False,True,-0.045107112002547,0.05309621609755689,,,,,,,0.6067415730337079,0,0.0,none,0.3763909211762974,False,stable,32.324745967503844,单年巨幅下滑-15.0分(年跌-56.3%); 加速下滑-0.3分(加速度-0.65); 趋势不可靠-2分(Bootstrap CI过宽: 0.709); 峰值大幅下跌-15分(从2.8跌至1.3，跌幅-52.3%),,,0,0
688082.SH,盛美上海,半导体,1.6607,0.3280560268212521,0.569,0.9643237230161615,0.002891156711070293,0.5158578622731129,2.64,115.0,0.5499999999999999,1.0,0.02748633611151033,has_near_zero,has_near_zero,has_near_zero,False,0,True,2,False,0,True,2,0.6115489861942394,0.9112079894294167,1.436241610738255,ultra_stable,False,False,none,0.18000000000000005,0.0,0.643,0.46299999999999997,0.5912245721169329,1.0,0.9862457211693284,False,none,0.5500000000000003,0.5499999999999998,71.42857142857143,26.315789473684227,35.7142857142857,False,半导体,False,1.0,False,rising,False,False,0.0,0.6115489861942394,0.6225725222887248,半导体,-5.0,-2.0,3.0,0.3,0.5,0.24062925691513548,0.9961833963714994,-0.1271390113509429,False,True,0.3280560268212521,0.9643237230161615,,,,,,,0.07161803713527852,0,0.0,none,0.09701991695210084,False,stable,0.0,,high_growth,"高速成长(稳健CAGR=55.0%, MK趋势=1.00)",1,0
688088.SH,虹软科技,软件服务,0.3393,-0.04429296039121646,-0.049,0.15950943756608724,0.5053478025647887,-0.08216366427655963,0.44,98.0,-0.05499999999999999,-0.2,0.8064959405073401,has_near_zero,has_near_zero,has_near_zero,False,0,True,5,False,0,True,5,0.5320942227331573,0.1883613548475377,1.3559322033898304,volatile,False,False,none,-0.24,0.0,0.15,0.39,0.6490797983653873,0.9948186528497408,0.9323204419889504,False,none,0.22,0.07999999999999999,214.28571428571428,100.0,57.14285714285713,False,软件服务,False,1.0,False,rising,False,False,0.0,0.5320942227331573,0.5590087115198592,软件服务,-5.0,-2.0,3.0,0.3,0.5,0.1436834001101256,0.9361998493601377,0.36685953928677695,True,False,-0.04429296039121646,0.15950943756608724,,,,,,,0.07161803713527852,0,0.0,none,0.4850003611487369,False,decreasing_vol,2.0,趋势不可靠-2分(Bootstrap CI过宽: 0.370),,,0,0
688092.SH,爱科科技,专用机械,0.9765,-0.018474016556493424,-0.02300000000000002,0.038622974432687154,0.7513938972926981,-0.07080836419904446,0.82,44.0,-0.05833333333333335,-0.2,0.8064959405073401,has_near_zero,has_near_zero,has_near_zero,False,0,True,3,False,0,True,3,0.21487546743391137,0.21229696182470445,0.5263157894736842,moderate,False,False,none,-0.16500000000000004,0.0,0.024999999999999967,0.19,0.17006849915233263,0.9924058323207775,0.007594167679222336,True,severe,-0.4700000000000001,0.52,6.493506493506485,-36.434108527131784,67.53246753246754,False,专用机械,False,1.6753246753246753,True,falling,False,False,0.0,0.21487546743391137,0.39527699732375243,专用机械,-5.0,-2.0,3.0,0.3,0.5,0.019569561054217532,0.00963214385824806,0.14020780547159067,False,False,-0.018474016556493424,0.038622974432687154,,,,,,,0.8810333106730117,1,0.0,cliff_drop,0.21169942348693957,True,increasing_vol,56.0,严重恶化-15分; 单年巨幅下滑-15.0分(年跌-36.4%); 贝叶斯高置信度恶化-12分(恶化概率88.1%，严重恶化确认); 波动率飙升预警-6.0分(近期波动是早期的3.0倍); 峰值明显下跌-8分(从1.3跌至0.8，跌幅-36.4%),,,0,0
688097.SH,博众精工,专用机械,0.7918000000000001,0.06660814579346806,0.0828,0.6085595123492866,0.11961737696195049,0.07618219431913409,0.892,100.0,0.06633333333333336,0.8,0.0864107329737,has_near_zero,has_near_zero,has_near_zero,False,0,True,5,False,0,True,5,0.21973245494876625,0.16488723419355422,0.5183901918976546,stable,False,False,none,-0.16200000000000003,0.0,0.12290000000000001,0.28490000000000004,0.4328159768186031,1.0,0.7579890550234734,False,none,0.015000000000000013,0.062000000000000055,9.447852760736206,1.7103762827822135,7.607361963190192,False,专用机械,False,1.0,False,rising,False,False,0.0,0.21973245494876625,0.30911929729234633,专用机械,-5.0,-2.0,3.0,0.3,0.5,0.029285130339242904,0.8876076468926177,-0.031005194386444057,False,False,0.06660814579346806,0.6085595123492866,,,,,,,0.13366336633663367,0,0.0,none,0.13358303610444397,False,decreasing_vol,0.0,,,,0,0
688099.SH,晶晨股份,半导体,1.5163000000000002,0.18931817531882933,0.261,0.3738079099081991,0.2732093947943175,0.6286473189923656,1.97,83.0,0.2033333333333333,0.3,0.6133543559547467,good,good,good,False,0,True,1,False,0,True,1,0.5007292138179568,0.7200486094702218,1.1752433936022253,volatile,False,False,none,1.69,0.0,-0.05700000000000001,-1.7469999999999999,0.6040849940277865,1.0,0.0408499402778651,False,none,0.77,-0.5700000000000001,11.299435028248585,64.16666666666667,-32.20338983050848,False,半导体,False,1.6416666666666666,True,rising,False,False,0.0,0.5007292138179568,0.6194722599432543,半导体,-5.0,-2.0,3.0,0.3,0.5,0.047179997867516144,0.04724149205536338,-0.48247665945209905,False,False,0.18931817531882933,0.3738079099081991,,,,,,,0.07161803713527852,0,0.0,none,0.4103318502204624,False,stable,17.0,单年巨幅下滑-15.0分(年跌-32.2%); 趋势不可靠-2分(Bootstrap CI过宽: 0.840),,,0,0
688111.SH,金山办公,软件服务,2.795805,0.13876860296379004,0.39213,0.9714708223037778,0.0020629150032229417,0.169968311989092,3.56,110.61538461538461,0.38685000000000014,1.0,0.02748633611151033,good,good,good,False,0,False,0,False,0,False,0,0.24540232468043252,0.6379822395647076,0.6385253910006387,ultra_stable,False,False,none,0.26,0.0,0.5700000000000001,0.31000000000000005,0.5557122582517213,0.9541657450827644,0.9829568374344492,False,none,0.7000000000000002,0.43999999999999995,47.10743801652893,24.475524475524484,18.18181818181818,False,软件服务,False,1.0,False,rising,False,False,0.0,0.24540232468043252,0.3296551930776793,软件服务,-5.0,-2.0,3.0,0.3,0.5,0.1824856995399018,0.99308804059977,0.07293336824215957,True,False,0.13876860296379004,0.9714708223037778,,,,,,,0.07161803713527852,0,0.0,none,0.057834462975018444,False,increasing_vol,4.384615384615385,波动率飙升预警-4.4分(近期波动是早期的2.2倍),high_growth,"高速成长(稳健CAGR=38.7%, MK趋势=1.00)",1,0
688113.SH,联测科技,专用机械,1.3465,-0.020191553599333355,-0.03500000000000001,0.27987650850348916,0.3593060801905235,-0.04018721495956923,1.29,95.0,-0.03166666666666669,-0.4,0.4624327264504764,good,good,good,False,0,False,0,False,0,False,0,0.07594260505911175,0.10358571330062845,0.1759530791788856,ultra_stable,False,False,none,-0.20999999999999996,0.0,0.007999999999999985,0.21799999999999994,0.44615999999999995,1.0,0.02559999999999994,True,moderate,-0.1299999999999999,0.1399999999999999,0.7812500000000007,-9.154929577464783,10.937499999999991,False,专用机械,False,1.109375,True,falling,False,False,0.0,0.07594260505911175,0.20867075071395608,专用机械,-5.0,-2.0,3.0,0.3,0.5,0.0030707701048039437,0.004369779163350077,0.07287507888129952,False,False,-0.020191553599333355,0.27987650850348916,,,,,,,0.6492985971943889,1,0.0,single_year_drop,0.0641966731059086,False,stable,5.0,中度恶化-10分,,,0,0
688120.SH,华海清科,半导体,3.8259,0.27670370251950205,0.813,0.677122228909555,0.08706967829925073,0.35094023363413607,4.33,111.0,0.89625,0.4,0.4624327264504764,good,good,good,False,0,False,0,False,0,False,0,0.45661493385549484,1.6355946930703829,1.1027359017308764,moderate,False,False,none,1.975,0.0,-0.45999999999999996,-2.435,0.7365568175988392,0.9487570841339721,0.9168110918544191,False,none,-0.21999999999999975,-0.7000000000000002,-17.523809523809522,-4.8351648351648295,-13.333333333333336,False,半导体,False,1.0,True,falling,False,False,0.0,0.45661493385549484,0.49862528041772924,半导体,-5.0,-2.0,3.0,0.3,0.5,-0.09426739990076616,0.9267009123158536,-0.7352041585450367,False,True,0.27670370251950205,0.677122228909555,,,,,,,0.49090909090909096,0,-0.6373626373626379,none,0.2823310425116441,False,decreasing_vol,4.0,"加速下滑-0.4分(加速度-0.74); 趋势不确定预警-4分(Bootstrap CI跨零: [-0.100, 0.651])",high_growth,"高速成长(稳健CAGR=89.6%, MK趋势=0.40)",1,0
688122.SH,西部超导,小金属,1.455578,0.02439309432144444,0.026259999999999995,0.015175595871141643,0.8435481738307221,0.10055023673079488,1.2326,88.65955246119364,0.0863,0.2,0.8064959405073401,good,good,good,False,0,True,1,False,0,True,1,0.3978555990166345,0.5759755506963816,1.02721558333909,volatile,False,False,none,0.7435500000000002,0.0,-0.5473500000000001,-1.2909000000000002,0.6693590065738968,0.9944110671117772,0.6991789986271906,False,none,0.07450000000000001,-1.1692000000000002,-47.03733940617884,6.432950522407394,-50.23847376788554,False,小金属,True,2.0095846645367414,True,rising,True,False,0.0,0.3978555990166345,1.0,小金属,-5.0,-2.0,1.6,0.3,0.24,-0.27221637475799887,0.6846062792522005,-0.680895077612734,False,True,0.02439309432144444,0.015175595871141643,,,,,,,0.6067415730337079,0,0.0,none,0.396820499388634,False,stable,11.340447538806366,单年巨幅下滑-15.0分(年跌-50.2%); 加速下滑-0.3分(加速度-0.68); 趋势不可靠-2分(Bootstrap CI过宽: 0.741); 峰值明显下跌-8分(从2.3跌至1.2，跌幅-47.0%),,,0,0
688123.SH,聚辰股份,半导体,1.5536000000000003,0.031621509056237965,0.072,0.011332369410120393,0.8647155009933059,0.08049065136841915,1.84,89.0,-0.0037500000000000033,0.0,1.0,has_near_zero,has_near_zero,has_near_zero,False,0,True,2,False,0,True,2,0.5908554749781247,0.905190587666487,1.4947780678851177,high_volatility,False,False,none,0.79,0.0,-0.545,-1.335,0.30398394151617536,0.5490776855626265,0.22638525443967375,False,none,1.2000000000000002,-2.29,-37.20136518771331,187.50000000000003,-78.15699658703072,False,半导体,True,3.8051948051948052,True,rising,False,False,0.0,0.5908554749781247,0.9800436873418071,半导体,-5.0,-2.0,3.0,0.3,0.5,-0.21318594160185578,0.12430248574270399,-0.5569372065546272,False,False,0.031621509056237965,0.011332369410120393,,,,,,,0.6067415730337079,0,0.0,none,0.5861640605424441,False,stable,11.0,单年巨幅下滑-15.0分(年跌-78.2%); 趋势不可靠-2分(Bootstrap CI过宽: 0.963); 峰值明显下跌-8分(从2.9跌至1.8，跌幅-37.2%),,,0,0
688127.SH,蓝特光学,元器件,0.4226,0.019928958367005895,0.022000000000000013,0.07671832459971753,0.6518998342762964,0.029299240613706035,0.55,100.0,0.032500000000000015,0.2,0.8064959405073401,has_near_zero,has_near_zero,has_near_zero,False,0,True,5,False,0,True,5,0.29421348616912,0.12239281024635394,0.7451923076923077,moderate,False,False,none,-0.125,0.0,0.15500000000000003,0.28,0.5539920189041623,0.9952229299363057,0.9597203728362187,False,none,0.10000000000000003,0.21000000000000002,129.16666666666669,22.22222222222223,87.50000000000001,False,元器件,False,1.0,False,rising,False,False,0.0,0.29421348616912,0.36870412226862936,元器件,-5.0,-2.0,3.0,0.3,0.5,0.14386334941305673,0.9544539143840843,0.2611113313500479,True,False,0.019928958367005895,0.07671832459971753,,,,,,,0.07161803713527852,0,0.0,none,0.2820808733020377,False,stable,0.0,,,,0,0
688128.SH,中国电研,专用机械,0.9644999999999999,0.0833251588092712,0.11299999999999999,0.9963556833554487,9.347349934327981e-05,0.13213951831181636,1.15,100.0,0.11374999999999999,1.0,0.02748633611151033,has_near_zero,has_near_zero,has_near_zero,False,0,True,3,False,0,True,3,0.19753301017420508,0.17935997323817818,0.49559471365638774,ultra_stable,False,False,none,0.08000000000000007,0.0,0.12199999999999997,0.0419999999999999,0.5081587131367292,1.0,0.9975871313672925,False,none,0.1399999999999999,0.10999999999999999,27.77777777777776,13.861386138613852,12.22222222222222,False,专用机械,False,1.0,False,rising,False,False,0.0,0.19753301017420508,0.2913597414726974,专用机械,-5.0,-2.0,3.0,0.3,0.5,0.08734960907828643,0.9973561884173703,0.009249424293073072,False,False,0.0833251588092712,0.9963556833554487,,,,,,,0.07161803713527852,0,0.0,none,0.01732613735963901,False,stable,0.0,,,,0,0
688131.SH,皓元医药,化学制药,1.6389000000000002,-0.24630104907925285,-0.477,0.7536252485638099,0.056342856884735275,-0.19622249193586006,0.96,38.073979018414946,-0.4666666666666667,-0.6,0.22067136191984693,has_near_zero,has_near_zero,has_near_zero,False,0,True,2,False,0,True,2,0.4987510870236445,0.8887744370761346,1.1728395061728394,moderate,False,False,none,0.6400000000000001,0.0,-0.6950000000000001,-1.3350000000000002,0.654195464919617,1.0,0.8551309628134655,False,none,0.10999999999999999,-1.0100000000000002,-48.38709677419356,12.941176470588234,-54.301075268817215,False,化学制药,False,3.458823529411765,True,rising,False,False,0.0,0.4987510870236445,0.860177340207151,化学制药,-5.0,-2.0,3.0,0.3,0.5,-0.2632044296630434,0.6361539907468003,-0.16767189619806394,False,False,-0.24630104907925285,0.7536252485638099,,,,,,,0.6067415730337079,0,0.0,none,0.26386647555640985,False,decreasing_vol,61.926020981585054,轻度衰退-4.9分(log斜率-0.246); 持续衰退重罚-10.0分(最新<加权); 单年巨幅下滑-15.0分(年跌-54.3%); 相对加权暴跌-15.0分(最新仅为加权58.6%); 趋势不可靠-2分(Bootstrap CI过宽: 0.477); 峰值大幅下跌-15分(从2.9跌至1.0，跌幅-67.3%),,,0,0
688138.SH,清溢光电,半导体,0.4275,0.0962305387500971,0.10500000000000001,0.7896381444619566,0.04387089975923545,0.2235700548153572,0.65,100.0,0.135,0.8,0.0864107329737,has_near_zero,has_near_zero,has_near_zero,False,0,True,5,False,0,True,5,0.4695883441243568,0.1859569842732453,1.212121212121212,moderate,False,False,none,-0.11999999999999997,0.0,0.15699999999999997,0.2769999999999999,0.567236103678015,1.0,0.9917119291892977,False,none,0.15000000000000002,0.13,75.67567567567568,30.000000000000004,35.13513513513514,False,半导体,False,1.0,False,rising,False,False,0.0,0.4695883441243568,0.5090040086328188,半导体,-5.0,-2.0,3.0,0.3,0.5,0.12459259626089633,0.9993696209760835,0.08661389292765195,False,False,0.0962305387500971,0.7896381444619566,,,,,,,0.07161803713527852,0,0.0,none,0.21154171685413478,False,stable,0.0,,,,0,0
688139.SH,海尔生物,医疗保健,1.5958999999999999,-0.06941063724960053,-0.147,0.12488394856903189,0.5595998658252317,-0.008439573071729045,1.16,39.0,-0.24250000000000005,-0.4,0.4624327264504764,good,good,good,False,0,False,0,False,0,False,0,0.39481413032145546,0.6474951737271869,0.9207317073170732,volatile,False,False,none,1.47,0.0,-0.514,-1.984,0.6920543554006968,1.0,0.9205435540069685,True,severe,-0.1200000000000001,-0.6099999999999999,-38.62433862433863,-9.375000000000009,-32.275132275132265,False,医疗保健,False,1.0,True,falling,False,False,0.0,0.39481413032145546,0.44918463759049776,医疗保健,-5.0,-2.0,3.0,0.3,0.5,-0.20160977570615585,0.8855720675606049,-0.3902888487188158,False,False,-0.06941063724960053,0.12488394856903189,,,,,,,0.9747292418772563,3,-0.7095286885245898,chronic_decline,0.36850033517702535,True,decreasing_vol,61.0,严重恶化-15分; 单年巨幅下滑-15.0分(年跌-32.3%); 贝叶斯高置信度恶化-12分(恶化概率97.5%，严重恶化确认); 波动聚集提示-2分(大波动后可能跟着大波动); 趋势不可靠-2分(Bootstrap CI过宽: 0.583); 峰值大幅下跌-15分(从2.7跌至1.2，跌幅-56.6%),,,0,0
688146.SH,中船特气,半导体,0.7050000000000001,-0.034636994763251015,-0.041999999999999996,0.30717849375844924,0.3323323583039569,-0.04664106489403175,0.57,64.91122766089576,-0.059999999999999984,-0.5,0.3122163883433192,has_near_zero,has_near_zero,has_near_zero,False,0,True,5,False,0,True,5,0.16802149511820283,0.12198360545581526,0.38567493112947665,stable,False,False,none,0.08000000000000002,0.0,-0.14,-0.22000000000000003,0.5163509933774835,0.7499999999999999,0.9735099337748347,True,severe,-0.10000000000000009,-0.17999999999999994,-32.94117647058824,-14.925373134328371,-21.17647058823529,False,半导体,False,1.0,False,falling,False,False,0.0,0.16802149511820283,0.26775052942789557,半导体,-5.0,-2.0,3.0,0.3,0.5,-0.1141534639510407,0.9787015117361026,-0.17754467820847747,False,True,-0.034636994763251015,0.30717849375844924,,,,,,,0.9507042253521126,2,-0.29519071310116013,sustained_decline,0.14094079605825327,False,increasing_vol,35.08877233910424,严重恶化-15分; 加速下滑-0.1分(加速度-0.18); 贝叶斯高置信度恶化-12分(恶化概率95.1%，严重恶化确认); 峰值明显下跌-8分(从0.8跌至0.6，跌幅-32.9%),,,0,0
688147.SH,微导纳米,专用机械,0.48170100000000005,-0.06168823805881217,-0.09173,0.06910981233464968,0.6691776793670615,-0.1967723127184693,0.5,75.30966994330404,-0.04244999999999999,0.0,1.0,has_near_zero,has_near_zero,has_near_zero,False,0,True,4,False,0,True,4,0.8707679418251931,0.44341245133622487,2.133262636974196,high_volatility,False,False,none,-1.0863,0.0,0.16253,1.24883,0.6702878455606646,1.0,0.7028784556066457,True,moderate,-0.09999999999999998,0.47,284.6153846153846,-16.666666666666664,361.5384615384615,False,专用机械,True,5.221932114882506,True,falling,False,False,0.0,0.8707679418251931,1.0,专用机械,-5.0,-2.0,3.0,0.3,0.5,0.17578761736163662,0.5719502430848404,0.6193398866081041,True,False,-0.06168823805881217,0.06910981233464968,,,,,,,0.6492985971943889,1,0.0,single_year_drop,0.8228683583267072,False,decreasing_vol,24.69033005669595,中度恶化-10分; 周期回落期-3分(景气下行趋势); 趋势不可靠-2分(Bootstrap CI过宽: 0.763); 峰值大幅下跌-15分(从1.2跌至0.5，跌幅-58.4%),,,0,0
688150.SH,莱特光电,元器件,0.28590000000000004,0.031290216197401764,0.032999999999999995,0.3106786571956563,0.3289996061405902,0.20380134350271595,0.42,95.23076923076923,0.037500000000000006,0.2,0.8064959405073401,has_near_zero,has_near_zero,has_near_zero,False,0,True,5,False,0,True,5,0.33658620760850994,0.09289779329994872,0.8333333333333334,moderate,False,False,none,0.035,0.0,0.07499999999999998,0.03999999999999998,0.19727343041466888,0.46518987341772183,0.41259168704156474,False,none,0.22999999999999998,-0.08000000000000002,55.555555555555536,121.05263157894737,-29.629629629629633,False,元器件,False,1.5789473684210527,True,rising,False,False,0.0,0.33658620760850994,0.4797952818762816,元器件,-5.0,-2.0,3.0,0.3,0.5,0.07085877045993347,0.40484856867208785,0.03679249217958373,False,False,0.031290216197401764,0.3106786571956563,,,,,,,0.07161803713527852,0,0.0,none,0.2784792130980412,False,increasing_vol,4.769230769230771,波动率飙升预警-4.8分(近期波动是早期的2.4倍),,,0,0
688155.SH,先惠技术,电气设备,0.6501380000000001,-0.03838460436906081,-0.048139999999999995,0.16222856578232736,0.5013942015988869,,1.87,100.0,0.09443750000000004,0.0,1.0,has_loss,has_loss,has_near_zero,True,1,True,3,False,0,True,5,1.8832368735108633,1.144895024882194,5.115636411487977,high_volatility,False,False,none,-1.10185,0.0,1.5550000000000002,2.6568500000000004,0.6757066947919196,0.7628268744552896,0.9942400734639059,False,none,1.35,1.76,250.80645161290326,259.61538461538464,141.93548387096774,False,电气设备,False,1.0,False,rising,False,False,0.0,1.8832368735108633,1.0,电气设备,-5.0,-2.0,3.0,0.3,0.5,1.2126348832749385,0.9762321890574526,2.1610359216881823,True,False,0.07278957424147973,0.01562506799592779,,,,,,,0.07161803713527852,0,0.0,none,1.8473627620582163,False,stable,0.0,,,,0,0
688158.SH,优刻得-W,软件服务,-0.8917,-0.0076383228412921335,-0.010000000000000009,0.2049618655104943,0.4439156440203815,,-0.53,100.0,0.13374999999999998,0.4,0.4624327264504764,poor,poor,poor,True,5,True,4,True,5,True,5,0.3812432383759379,0.35379372521287034,1.0452586206896552,moderate,False,False,none,-0.68,0.0,0.296,0.976,0.6853213742028389,1.0,0.9012137420283892,False,none,0.33999999999999997,0.050000000000000044,42.391304347826086,39.08045977011494,5.434782608695657,False,软件服务,False,1.0,False,rising,False,False,0.0,0.3812432383759379,0.4383279240340836,软件服务,-5.0,-2.0,3.0,0.3,0.5,0.15788833856082157,0.8371161345008853,0.19561310222961525,False,False,0.08890163395539372,0.3241059308753822,,,,,,,0.07161803713527852,0,0.0,none,0.32069280535855427,False,decreasing_vol,0.0,,,,0,0
688161.SH,威高骨科,医疗保健,1.0098,-0.24703816391382477,-0.354,0.6875687069046781,0.08253205715625268,-0.22595562819998616,0.56,52.05923672172351,-0.41000000000000003,-0.6,0.22067136191984693,has_near_zero,has_near_zero,has_near_zero,False,0,True,2,False,0,True,2,0.5944312344079143,0.6633852575992325,1.3799283154121862,moderate,False,False,none,0.26,0.0,-0.48599999999999993,-0.746,0.49898922437081855,1.0,0.780091155294273,False,none,0.28,-1.08,-58.82352941176471,100.0,-79.41176470588235,False,医疗保健,True,6.5,True,rising,False,False,0.0,0.5944312344079143,1.0,医疗保健,-5.0,-2.0,3.0,0.3,0.5,-0.2901432207046497,0.4568988725424718,-0.23360299919542327,False,False,-0.24703816391382477,0.6875687069046781,,,,,,,0.6067415730337079,0,0.0,none,0.3190643679386534,False,increasing_vol,47.94076327827649,轻度衰退-4.9分(log斜率-0.247); 持续衰退重罚-10.0分(最新<加权); 单年巨幅下滑-15.0分(年跌-79.4%); 相对加权暴跌-15.0分(最新仅为加权55.5%); 趋势不可靠-2分(Bootstrap CI过宽: 0.549); 峰值大幅下跌-15分(从1.8跌至0.6，跌幅-69.2%),,,0,0
688163.SH,赛伦生物,生物制药,0.5844,-0.11210004306377863,-0.132,0.7390676065556822,0.06174569319889763,-0.14852419172240472,0.41,70.0,-0.125,-0.6,0.22067136191984693,has_near_zero,has_near_zero,has_near_zero,False,0,True,5,False,0,True,5,0.3923173808925974,0.24480604567698078,0.9294871794871794,moderate,False,False,none,0.15999999999999992,0.0,-0.186,-0.3459999999999999,0.4745103269734968,1.0,0.8264691829909221,False,none,0.04999999999999999,-0.27,-34.920634920634924,13.888888888888888,-42.85714285714286,False,生物制药,False,2.611111111111111,True,rising,False,False,0.0,0.3923173808925974,0.6620020528622261,生物制药,-5.0,-2.0,3.0,0.3,0.5,-0.09753745512315926,0.5785287045915309,-0.03623961372677781,False,False,-0.11210004306377863,0.7390676065556822,,,,,,,0.6067415730337079,0,0.0,none,0.2050405461738712,False,stable,30.0,单年巨幅下滑-15.0分(年跌-42.9%); 峰值大幅下跌-15分(从0.9跌至0.4，跌幅-56.4%),,,0,0
688165.SH,埃夫特-U,专用机械,-0.2808,0.01702762539553022,0.018000000000000006,0.7853773127159127,0.04527992322190228,,-0.3,50.0,0.024166666666666663,0.8,0.0864107329737,poor,poor,poor,True,5,True,5,True,5,True,5,0.4028853774105044,0.1184483009586883,0.9863945578231292,moderate,False,False,none,0.024999999999999994,0.0,0.015000000000000013,-0.009999999999999981,0.13150248308475218,0.8928571428571428,0.013157894736842132,True,severe,-0.21,0.24000000000000002,9.090909090909099,-233.33333333333334,72.72727272727273,False,专用机械,False,1.0,True,falling,False,False,0.0,0.4028853774105044,0.45564163526173684,专用机械,-5.0,-2.0,3.0,0.3,0.5,0.01430662378702044,0.012516487028067506,-0.009251424376027884,False,False,0.04236188682972993,0.33818767571986447,,,,,,,0.8810333106730117,1,0.0,cliff_drop,0.3260696860192344,True,increasing_vol,50.0,严重恶化-15分; 单年巨幅下滑-15.0分(年跌-233.3%); 贝叶斯高置信度恶化-12分(恶化概率88.1%，严重恶化确认); 波动率飙升预警-8.0分(近期波动是早期的9.0倍),,,0,0
688166.SH,博瑞医药,化学制药,0.502,-0.0032081442933183544,-0.003999999999999992,0.004749971702516526,0.9123178008746493,0.02354552593148851,0.45,72.93303863668825,-0.024999999999999994,-0.2,0.8064959405073401,has_near_zero,has_near_zero,has_near_zero,False,0,True,5,False,0,True,5,0.16397582151900303,0.08264381404557752,0.376984126984127,stable,False,False,none,0.19,0.0,-0.05499999999999998,-0.245,0.5419339477726574,1.0,0.9293394777265741,True,severe,-0.02999999999999997,-0.09999999999999998,-22.413793103448267,-6.249999999999995,-17.241379310344826,False,化学制药,False,1.0,True,falling,False,False,0.0,0.16397582151900303,0.26451399054853575,化学制药,-5.0,-2.0,3.0,0.3,0.5,-0.05777494636278857,0.9146297177959033,-0.13392272662348548,False,True,-0.0032081442933183544,0.004749971702516526,,,,,,,0.9060402684563759,2,-0.6375000000000003,sustained_decline,0.16349495297184652,False,decreasing_vol,27.06696136331174,严重恶化-15分; 加速下滑-0.1分(加速度-0.13); 贝叶斯高置信度恶化-12分(恶化概率90.6%，严重恶化确认),,,0,0
688176.SH,亚虹医药-U,化学制药,-0.5955,-0.04015386966595239,-0.047,0.40420794349413963,0.2489488990184855,,-0.68,79.64791827859732,-0.04416666666666666,-0.2,0.8064959405073401,poor,poor,poor,True,5,True,5,True,5,True,5,0.20139070982984905,0.11519548602267364,0.472027972027972,stable,False,False,none,0.05500000000000002,0.0,-0.12500000000000003,-0.18000000000000005,0.4657212285845137,0.9355670103092784,0.6903534609720181,False,none,0.019999999999999907,-0.26999999999999996,-58.13953488372094,2.857142857142844,-62.790697674418595,False,化学制药,False,inf,True,rising,False,False,0.0,0.20139070982984905,1.0,化学制药,-5.0,-2.0,3.0,0.3,0.5,-0.10923073517708809,0.6937825340388073,-0.1587088973508255,False,True,-0.04015386966595239,0.40420794349413963,,,,,,,0.6067415730337079,0,0.0,none,0.15388091628875838,False,increasing_vol,20.352081721402683,单年巨幅下滑-15.0分(年跌-62.8%); 加速下滑-0.1分(加速度-0.16); 波动率飙升预警-5.3分(近期波动是早期的2.6倍),,,0,0
688180.SH,君实生物-U,生物制药,-1.8135000000000001,-0.008072435080850116,-0.005000000000000027,0.0010661816007359565,0.9584330156054707,,-1.3,98.0,0.04291666666666663,0.0,1.0,poor,poor,poor,True,5,True,1,True,5,True,1,0.40860101267379473,0.740385034964916,0.987858719646799,volatile,False,False,none,-0.28500000000000014,0.0,0.65,0.9350000000000002,0.4217806657057252,0.09713198070713926,0.9025206493876392,False,none,1.0199999999999998,0.28000000000000025,50.0,43.9655172413793,10.769230769230779,False,生物制药,False,inf,True,rising,False,False,0.0,0.40860101267379473,1.0,生物制药,-5.0,-2.0,3.0,0.3,0.5,0.3026460425214237,0.8761042365645471,0.41603164228099365,False,False,-0.008072435080850116,0.0010661816007359565,,,,,,,0.07161803713527852,0,0.0,none,0.4085777185394436,False,decreasing_vol,2.0,趋势不可靠-2分(Bootstrap CI过宽: 0.825),,,0,0
688183.SH,生益电子,元器件,0.32160000000000005,0.008438195294040735,0.009000000000000003,0.29608087901256164,0.3430830927051395,,0.4,74.26814116020881,-0.10250000000000001,-0.2,0.8064959405073401,has_loss,has_loss,has_near_zero,True,1,True,5,False,0,True,5,0.7101248589968568,0.2471234509309062,1.9827586206896552,high_volatility,False,False,none,-0.33,0.0,-0.020000000000000007,0.31,0.3022072024539829,1.0,0.01631321370309952,False,none,0.43000000000000005,-0.41000000000000003,5.263157894736847,1433.3333333333335,-107.89473684210526,False,元器件,False,2.5333333333333328,True,rising,False,False,0.0,0.7101248589968568,0.9058776649752632,元器件,-5.0,-2.0,3.0,0.3,0.5,0.009316464153577675,0.0015412526833196894,0.13341006028353974,False,False,-0.08133903248645251,0.30254187980041697,,,,,,,0.13366336633663367,0,0.0,none,0.586868569552325,False,increasing_vol,25.731858839791183,单年巨幅下滑-15.0分(年跌-107.9%); 波动率飙升预警-4.4分(近期波动是早期的2.2倍); 峰值明显下跌-8分(从0.7跌至0.4，跌幅-39.4%),,,0,0
688188.SH,柏楚电子,专用机械,4.394,0.01925071933446123,0.06799999999999998,0.022763853965305905,0.8086288425104728,0.03758488487203926,4.3,99.72619676716177,-0.026249999999999996,0.0,1.0,good,good,good,False,0,False,0,False,0,False,0,0.20522076567217923,0.8947625383307015,0.5,moderate,False,False,none,1.7800000000000002,0.0,-0.1890000000000001,-1.9690000000000003,0.4113136953877713,1.0,0.06678632526572627,True,moderate,-0.6900000000000004,1.6800000000000002,29.90936555891238,-13.827655310621251,50.755287009063444,False,专用机械,False,1.583081570996979,True,falling,False,False,0.0,0.20522076567217923,0.37525415533734063,专用机械,-5.0,-2.0,3.0,0.3,0.5,0.12642334678888645,0.39344580593903766,0.18127154446948168,False,False,0.01925071933446123,0.022763853965305905,,,,,,,0.4807121661721069,1,0.0,single_year_drop,0.20373376958162934,False,decreasing_vol,0.2738032328382296,中度恶化-10分,,,0,0
688191.SH,智洋创新,软件服务,0.38350000000000006,-0.10121889669487198,-0.11499999999999999,0.5443805443977987,0.15465573685473966,-0.19258422078815873,0.34,79.0,-0.11499999999999999,-0.4,0.4624327264504764,has_near_zero,has_near_zero,has_near_zero,False,0,True,5,False,0,True,5,0.582672188645776,0.24355697485393435,1.4832535885167468,volatile,False,True,deterioration_to_recovery,-0.31000000000000005,0.0,0.08000000000000002,0.39000000000000007,0.8740025772382681,0.9996532593619972,0.9948186528497408,False,none,0.07,0.09000000000000002,88.8888888888889,25.925925925925924,50.000000000000014,False,软件服务,False,1.0,False,rising,False,False,0.0,0.582672188645776,0.5994710842499541,软件服务,-5.0,-2.0,3.0,0.3,0.5,0.07736322365605813,0.9939920982152024,0.35417639951188057,True,False,-0.10121889669487198,0.5443805443977987,,,,,,,0.07161803713527852,0,0.0,none,0.3876594768174086,True,decreasing_vol,21.0,"波动聚集提示-2分(大波动后可能跟着大波动); 趋势不确定预警-4分(Bootstrap CI跨零: [-0.280, 0.079]); 峰值大幅下跌-15分(从0.8跌至0.3，跌幅-57.5%)",,,0,0
688192.SH,迪哲医药-U,生物制药,-2.0980000000000003,-0.03837003286493919,-0.08000000000000003,0.7526319704206913,0.05670489292745439,,-2.04,73.0,-0.10625000000000001,-0.6,0.22067136191984693,poor,poor,poor,True,5,False,0,True,5,False,0,0.20888277534922697,0.4206899095533432,0.5412115193644489,stable,False,False,none,-0.2300000000000002,0.0,-0.144,0.08600000000000022,0.1437670206508395,1.0,0.19801375095492732,False,none,0.6800000000000002,-0.9000000000000001,-12.087912087912086,25.000000000000007,-49.45054945054946,False,生物制药,False,inf,True,rising,False,False,0.0,0.20888277534922697,1.0,生物制药,-5.0,-2.0,3.0,0.3,0.5,-0.05063483664681001,0.0718440627201645,-0.0029669941171873715,False,False,-0.07399728459898922,0.4451531693786555,,,,,,,0.2783505154639176,0,0.0,none,0.16197655617302112,False,increasing_vol,27.0,"单年巨幅下滑-15.0分(年跌-49.5%); 波动率飙升预警-8.0分(近期波动是早期的5.9倍); 趋势不确定预警-4分(Bootstrap CI跨零: [-0.057, 0.007])",,,0,0
688195.SH,腾景科技,元器件,0.47930000000000006,0.007660521990306974,0.009000000000000008,0.02834443239175539,0.7866568776959115,-0.07259864749856337,0.54,100.0,-0.05124999999999999,-0.2,0.8064959405073401,has_near_zero,has_near_zero,has_near_zero,False,0,True,5,False,0,True,5,0.3105160226112602,0.15339491516996254,0.8299595141700405,moderate,False,False,none,-0.3,0.0,0.02000000000000001,0.32,0.47216326530612246,1.0,0.08163265306122458,False,none,0.22000000000000003,-0.13,20.000000000000004,68.75000000000001,-28.888888888888893,False,元器件,False,1.2,True,rising,False,False,0.0,0.3105160226112602,0.4084128180890082,元器件,-5.0,-2.0,3.0,0.3,0.5,0.04032507746864861,0.15740376246766133,0.16083540900819626,False,False,-0.04237085357063689,0.2459084476703814,,,,,,,0.07161803713527852,0,0.0,none,0.2679989169669988,False,stable,0.0,,,,0,0
688197.SH,首药控股-U,化学制药,-1.5489000000000002,-0.015350328225008657,-0.026000000000000002,0.29290040035579734,0.346217029132136,,-1.43,89.78115256119509,0.03750000000000003,0.3,0.6133543559547467,poor,poor,poor,True,5,False,0,True,5,False,0,0.45987171530963633,0.7560290999690422,1.0583941605839418,moderate,False,False,none,1.6900000000000002,0.0,-0.038999999999999965,-1.729,0.8279088287959826,1.0,0.3508650519031139,True,moderate,-0.17999999999999994,0.0,-14.399999999999997,-14.399999999999997,0.0,False,化学制药,False,1.0,False,falling,False,False,0.0,0.45987171530963633,0.5012307055810424,化学制药,-5.0,-2.0,3.0,0.3,0.5,-0.053851669345569286,0.7499999999999999,-0.4376948776098396,False,True,0.13508242019804423,0.41694905321417697,,,,,,,0.8223350253807107,1,0.0,single_year_drop,0.34428304445668373,False,decreasing_vol,10.21884743880492,中度恶化-10分; 加速下滑-0.2分(加速度-0.44); 贝叶斯中度恶化预警-5分(恶化概率82.2%),,,0,0
688198.SH,佰仁医疗,医疗保健,0.7864,0.10029232745677712,0.12800000000000003,0.8712401402719597,0.02042370565449657,0.16046739146035338,1.07,100.0,0.155,0.8,0.0864107329737,has_near_zero,has_near_zero,has_near_zero,False,0,True,4,False,0,True,4,0.29051020545455497,0.21730163368000713,0.7219251336898396,ultra_stable,False,False,none,-0.05999999999999994,0.0,0.177,0.23699999999999993,0.5467467575709529,1.0,0.993467575709529,False,none,0.22000000000000008,0.15000000000000002,52.85714285714288,25.882352941176478,21.428571428571434,False,医疗保健,False,1.0,False,rising,False,False,0.0,0.29051020545455497,0.3657414976969773,医疗保健,-5.0,-2.0,3.0,0.3,0.5,0.13867431879396885,0.9930434141004196,0.09245657395825502,True,False,0.10029232745677712,0.8712401402719597,,,,,,,0.07161803713527852,0,0.0,none,0.10577561735215235,False,increasing_vol,0.0,,,,0,0
688200.SH,华峰测控,半导体,3.9212000000000007,-0.1890980658099522,-0.716,0.30476550861242807,0.33464593265583187,-0.07678147766852428,2.47,61.6651503103834,-0.9416666666666667,-0.4,0.4624327264504764,good,good,good,False,0,False,0,False,0,False,0,0.5457167317451777,2.2570844024980548,1.2814313346228239,volatile,False,False,none,3.7600000000000002,0.0,-1.8,-5.5600000000000005,0.6822309980406688,1.0,0.8223099804066881,False,none,0.6100000000000001,-3.9299999999999997,-57.340241796200345,32.795698924731184,-67.87564766839378,False,半导体,True,3.8494623655913975,True,rising,False,False,0.0,0.5457167317451777,0.9498350341416619,半导体,-5.0,-2.0,3.0,0.3,0.5,-0.4103116519112624,0.5315773202304989,-0.6696993792331932,False,True,-0.1890980658099522,0.30476550861242807,,,,,,,0.6067415730337079,0,0.0,none,0.4721075142540848,False,stable,38.3348496896166,持续衰退重罚-10.0分(最新<加权); 单年巨幅下滑-15.0分(年跌-67.9%); 相对加权下滑-10.0分(最新为加权63.0%); 加速下滑-0.3分(加速度-0.67); 趋势不可靠-2分(Bootstrap CI过宽: 1.024); 峰值大幅下跌-15分(从7.2跌至2.5，跌幅-65.5%),,,0,0
688208.SH,道通科技,IT设备,0.8171,0.012912246948600548,0.037,0.002825045258066857,0.932357725115647,0.10289833639520674,1.45,98.0,0.05374999999999999,0.0,1.0,has_near_zero,has_near_zero,has_near_zero,False,0,True,4,False,0,True,4,0.610505047890066,0.49206706859939325,1.5136476426799006,high_volatility,False,False,none,-0.375,0.0,0.61,0.985,0.6582200656725705,0.7599981985227887,0.8522024582029164,False,none,1.0499999999999998,0.17,530.4347826086956,262.49999999999994,73.91304347826087,False,IT设备,False,1.0,False,rising,False,False,0.0,0.610505047890066,0.6217373716453861,IT设备,-5.0,-2.0,3.0,0.3,0.5,0.4693426794841491,0.8749505713769198,0.7889134469476906,True,False,0.012912246948600548,0.002825045258066857,,,,,,,0.07161803713527852,0,0.0,none,0.6061749571009452,False,increasing_vol,2.0,趋势不可靠-2分(Bootstrap CI过宽: 0.828),,,0,0
688209.SH,英集芯,半导体,0.2641,-0.012451762832897317,-0.013000000000000001,0.019932486328192257,0.8208398845576523,0.12663016009868322,0.29,89.0,-0.038333333333333316,-0.2,0.8064959405073401,has_near_zero,has_near_zero,has_near_zero,False,0,True,5,False,0,True,5,0.5377537582180267,0.14411800720243118,1.3059701492537312,volatile,False,False,none,0.24,0.0,-0.06999999999999999,-0.31,0.39497329137837695,1.0,0.33378746594005443,False,none,0.21999999999999997,-0.31,-23.684210526315795,314.2857142857142,-81.57894736842105,False,半导体,True,5.999999999999999,True,rising,False,False,0.0,0.5377537582180267,1.0,半导体,-5.0,-2.0,3.0,0.3,0.5,-0.04266033844453879,0.07537221599149127,-0.13884058200943578,False,False,-0.012451762832897317,0.019932486328192257,,,,,,,0.435483870967742,0,0.0,none,0.5322562067622041,False,increasing_vol,11.0,单年巨幅下滑-15.0分(年跌-81.6%); 趋势不可靠-2分(Bootstrap CI过宽: 0.301); 峰值明显下跌-8分(从0.4跌至0.3，跌幅-31.0%),,,0,0
688210.SH,统联精密,元器件,0.6691999999999999,-0.14083388456443185,-0.176,0.8047045877993194,0.03903282877227602,-0.19869426385178135,0.47,70.0,-0.17625,-0.6,0.22067136191984693,has_near_zero,has_near_zero,has_near_zero,False,0,True,4,False,0,True,4,0.42728026772988226,0.308496353300975,1.0664819944598336,stable,False,False,none,-0.34999999999999987,0.0,-0.14300000000000002,0.20699999999999985,0.2811838905411396,1.0,0.6300724079494687,False,none,0.09999999999999998,-0.47,-44.047619047619044,27.027027027027025,-55.952380952380956,False,元器件,False,1.4482758620689653,True,rising,False,False,0.0,0.42728026772988226,0.5349276624597679,元器件,-5.0,-2.0,3.0,0.3,0.5,-0.15468993140381077,0.5408419227501717,-0.04799549836843103,False,False,-0.14083388456443185,0.8047045877993194,,,,,,,0.6067415730337079,0,0.0,none,0.18442388660253853,False,stable,30.0,单年巨幅下滑-15.0分(年跌-56.0%); 峰值大幅下跌-15分(从1.1跌至0.5，跌幅-58.8%),,,0,0
688213.SH,思特威-W,半导体,0.7833200000000001,-0.017363087488811556,-0.025000000000000022,0.679877317349377,0.08586233253632679,,0.98,97.55471112615055,-0.030000000000000027,-0.4,0.4624327264504764,has_loss,has_loss,good,True,1,True,2,False,0,True,1,0.7142332525462664,0.5648299407786384,1.676614147340735,high_volatility,False,False,none,-0.63795,0.0,0.59795,1.2359,0.6134996438687226,0.7206523515442818,0.7249414172752396,False,none,-0.040000000000000036,1.2359,553.9138490041686,-3.921568627450984,572.4409448818898,False,半导体,True,inf,True,falling,False,False,0.0,0.7142332525462664,1.0,半导体,-5.0,-2.0,3.0,0.3,0.5,0.5407087293257657,0.7303966322768235,1.1094222523011006,True,False,-0.017363087488811556,0.002964752288508412,,,,,,,0.16167664670658682,0,0.0,none,0.712482086180454,False,stable,2.44528887384945,周期回落期-3分(景气下行趋势),,,0,0
688215.SH,瑞晟智能,专用机械,0.3163,-0.001910683329040902,-0.0020000000000000074,0.00854145239888882,0.8824949601808424,-0.10354165550423955,0.31,90.0,-0.033749999999999995,-0.4,0.4624327264504764,has_near_zero,has_near_zero,has_near_zero,False,0,True,5,False,0,True,5,0.2789259271093336,0.09148770409186142,0.7317073170731707,moderate,False,False,none,-0.12,0.0,0.035,0.155,0.6027038085064182,0.9795918367346939,0.9932432432432433,False,none,0.02999999999999997,0.040000000000000036,29.166666666666668,10.714285714285703,16.666666666666682,False,专用机械,False,1.0,False,rising,False,False,0.0,0.2789259271093336,0.3564740750208002,专用机械,-5.0,-2.0,3.0,0.3,0.5,0.033742135386414115,0.9928235458877088,0.14649132091392944,True,False,-0.036384980433620664,0.45018088334831363,,,,,,,0.07161803713527852,0,0.0,none,0.206046591330527,True,decreasing_vol,10.0,波动聚集提示-2分(大波动后可能跟着大波动); 峰值明显下跌-8分(从0.5跌至0.3，跌幅-35.4%),,,0,0
688220.SH,翱捷科技-U,半导体,-2.0859,-0.012723475715720167,-0.025999999999999978,0.004945745066964479,0.9105320300876751,,-1.7,68.30387333690295,0.5675000000000001,0.2,0.8064959405073401,poor,poor,poor,True,5,True,1,True,5,True,1,1.0684997396115452,2.577221371943047,2.632669983416252,high_volatility,False,False,none,5.39,0.0,-0.09999999999999996,-5.489999999999999,0.657013606396409,1.0,0.07013606396409028,True,severe,-0.48,-0.61,-178.68852459016392,-39.34426229508197,-100.0,False,半导体,False,1.0,True,falling,False,False,0.0,1.0684997396115452,0.9881331250225696,半导体,-5.0,-2.0,3.0,0.3,0.5,-0.3617197675957483,0.979951342438732,-1.3922533261940968,False,True,0.28795164307096355,0.34894197611764916,,,,,,,0.9872029250457038,2,-0.6065573770491803,sustained_decline,0.796208550666046,True,decreasing_vol,46.69612666309705,严重恶化-15分; 单年巨幅下滑-15.0分(年跌-100.0%); 加速下滑-0.7分(加速度-1.39); 贝叶斯高置信度恶化-12分(恶化概率98.7%，严重恶化确认); 波动聚集提示-2分(大波动后可能跟着大波动); 趋势不可靠-2分(Bootstrap CI过宽: 0.700),high_growth,"高速成长(稳健CAGR=56.8%, MK趋势=0.20)",1,0
688221.SH,前沿生物-U,生物制药,-0.766,0.030698414167510946,0.036,0.13248531165354546,0.547006331271394,,-0.54,100.0,0.062499999999999986,0.2,0.8064959405073401,poor,poor,poor,True,5,True,5,True,5,True,5,0.21297583127287548,0.1669730517179344,0.5612244897959183,moderate,False,False,none,-0.08999999999999997,0.0,0.21999999999999997,0.30999999999999994,0.4986541353383458,0.4567669172932328,0.9097744360902255,False,none,0.33999999999999997,0.09999999999999998,44.897959183673464,38.63636363636363,10.20408163265306,False,生物制药,False,inf,True,rising,False,False,0.0,0.21297583127287548,1.0,生物制药,-5.0,-2.0,3.0,0.3,0.5,0.1752303415203137,0.8985241192659412,0.24247646691244085,True,False,0.030698414167510946,0.13248531165354546,,,,,,,0.07161803713527852,0,0.0,none,0.20021853949335283,False,stable,0.0,,,,0,0
688222.SH,成都先导,化学制药,0.11980000000000002,-0.01386010921638385,-0.014000000000000002,0.2399581946424316,0.40222586170375735,-0.06486651637576035,0.13,100.0,-0.010000000000000005,-0.4,0.4624327264504764,has_near_zero,has_near_zero,has_near_zero,False,0,True,5,False,0,True,5,0.3633509782602842,0.04505552130427524,0.8870967741935485,moderate,False,False,none,-0.05500000000000001,0.0,0.035,0.09000000000000001,0.4990810810810811,0.8175675675675675,0.9932432432432433,False,none,0.03,0.04000000000000001,116.66666666666667,30.0,66.66666666666669,False,化学制药,False,1.0,False,rising,False,False,0.0,0.3633509782602842,0.4240141159415607,化学制药,-5.0,-2.0,3.0,0.3,0.5,0.03483626607049815,0.9930882586228761,0.08945005494042887,True,False,-0.01386010921638385,0.2399581946424316,,,,,,,0.07161803713527852,0,0.0,none,0.3164744656507837,False,decreasing_vol,0.0,,,,0,0
688225.SH,亚信安全,软件服务,0.43467500000000003,0.0,0.0,0.0,1.0,0.0,0.4778,100.0,0.0,-0.1,1.0,has_near_zero,has_near_zero,has_near_zero,False,0,True,5,False,0,True,5,0.24106951443412444,0.1050098804875046,0.5693296602387512,moderate,False,False,none,-0.11475,0.0,0.11475,0.2295,0.45601801662865316,0.6899038566494785,0.7500000000000001,False,none,0.0,0.2295,92.42851389448249,0.0,92.42851389448249,False,软件服务,False,1.9987917841320983,True,falling,False,False,0.0,0.24106951443412444,0.4593611827649127,软件服务,-5.0,-2.0,3.0,0.3,0.5,0.10772551443744034,0.7500000000000001,0.21545102887488068,True,False,-0.0016632079001199563,0.0007131379644948421,,,,,,,0.16167664670658682,0,0.0,none,0.24097596962251597,False,stable,0.0,,,,0,0
688226.SH,威腾电气,电气设备,0.5579,0.0638310768046724,0.073,0.5922573471376811,0.1280842428405318,0.10442567571367545,0.61,90.2128615390755,0.05333333333333333,0.8,0.0864107329737,has_near_zero,has_near_zero,has_near_zero,False,0,True,5,False,0,True,5,0.28404812452489936,0.15224979474534606,0.6716417910447762,stable,False,False,none,0.030000000000000027,0.0,0.08299999999999999,0.052999999999999964,0.17054656618390104,1.0,0.4726586620926242,True,moderate,-0.16000000000000003,0.32,35.55555555555555,-20.779220779220783,71.11111111111111,False,电气设备,False,1.0,True,falling,False,False,0.0,0.28404812452489936,0.3605718329532528,电气设备,-5.0,-2.0,3.0,0.3,0.5,0.07066561139870475,0.26785783119725143,0.05229277750079642,False,False,0.0638310768046724,0.5922573471376811,,,,,,,0.6492985971943889,1,0.0,single_year_drop,0.18523310349029895,False,increasing_vol,9.787138460924492,中度恶化-10分; 波动率飙升预警-8.0分(近期波动是早期的12.0倍),,,0,0
688230.SH,芯导科技,半导体,1.3721999999999999,-0.17508008155121746,-0.306,0.6034247151135106,0.12225324459961875,-0.12891624361412402,0.95,42.49839836897565,-0.25583333333333336,-0.6,0.22067136191984693,has_near_zero,has_near_zero,has_near_zero,False,0,True,2,False,0,True,2,0.4515073823987777,0.6610068078318105,1.133879781420765,moderate,False,False,none,0.8300000000000001,0.0,-0.519,-1.3490000000000002,0.6586019529841217,1.0,0.7901582598747416,False,none,0.13,-0.6,-33.098591549295776,15.853658536585366,-42.25352112676056,False,半导体,False,3.024390243902439,True,rising,False,False,0.0,0.4515073823987777,0.7644579384393474,半导体,-5.0,-2.0,3.0,0.3,0.5,-0.15198969441619936,0.5270984151785155,-0.08917119690278175,False,False,-0.17508008155121746,0.6034247151135106,,,,,,,0.6067415730337079,0,0.0,none,0.30763498588618404,True,decreasing_vol,57.50160163102435,轻度衰退-3.5分(log斜率-0.175); 持续衰退重罚-10.0分(最新<加权); 单年巨幅下滑-15.0分(年跌-42.3%); 相对加权下滑-10.0分(最新为加权69.2%); 波动聚集提示-2分(大波动后可能跟着大波动); 趋势不可靠-2分(Bootstrap CI过宽: 0.450); 峰值大幅下跌-15分(从2.5跌至0.9，跌幅-61.7%),,,0,0
688232.SH,新点软件,软件服务,1.2165,-0.2246387637176861,-0.34500000000000003,0.699718670839008,0.07739157753782529,-0.21511122998777688,0.63,32.25722472564628,-0.30708333333333326,-0.4,0.4624327264504764,has_near_zero,has_near_zero,has_near_zero,False,0,True,2,False,0,True,2,0.4991671208209968,0.6589005994837157,1.0530303030303032,moderate,False,False,none,0.32000000000000006,0.0,-0.5199999999999999,-0.84,0.633188347285349,1.0,0.8491928898938507,False,none,0.040000000000000036,-1.15,-63.79310344827586,6.779661016949159,-66.0919540229885,False,软件服务,False,3.3559322033898304,True,rising,False,False,0.0,0.4991671208209968,0.8467913237754415,软件服务,-5.0,-2.0,3.0,0.3,0.5,-0.36327337720869946,0.7148240742058217,-0.38355589064642426,False,False,-0.2246387637176861,0.699718670839008,,,,,,,0.6067415730337079,0,0.0,none,0.2799829253287881,False,increasing_vol,67.74277527435372,"轻度衰退-4.5分(log斜率-0.225); 持续衰退重罚-10.0分(最新<加权); 单年巨幅下滑-15.0分(年跌-66.1%); 相对加权暴跌-15.0分(最新仅为加权51.8%); 波动率飙升预警-4.2分(近期波动是早期的2.1倍); 趋势不确定预警-4分(Bootstrap CI跨零: [-0.478, 0.039]); 峰值大幅下跌-15分(从2.0跌至0.6，跌幅-68.2%)",,,0,0
688234.SH,天岳先进,半导体,-0.19140000000000001,0.03593539614458223,0.03799999999999999,0.03337157260128588,0.7687062534125879,,0.42,106.0,0.4658333333333333,0.6,0.22067136191984693,poor,poor,poor,True,3,True,4,True,2,True,5,2.6833826649173136,0.821115095464698,6.797385620915033,high_volatility,False,False,none,1.89,0.0,0.087,-1.803,0.6093381037567084,1.0,0.09338103756708405,False,none,0.53,0.3,202.4390243902439,481.8181818181818,73.17073170731707,False,半导体,True,inf,True,rising,False,False,0.0,2.6833826649173136,1.0,半导体,-5.0,-2.0,3.0,0.3,0.5,0.40392210444286586,0.9739590375896146,-0.03660621445126805,False,False,0.3040003355524873,0.5239347593631459,,,,,,,0.07161803713527852,0,0.0,none,1.8178278988661698,True,decreasing_vol,9.0,周期顶部预警-5分(警惕景气回落); 波动聚集提示-2分(大波动后可能跟着大波动); 趋势不可靠-2分(Bootstrap CI过宽: 0.683),high_growth,"高速成长(稳健CAGR=46.6%, MK趋势=0.60)",1,0
688235.SH,百济神州-U,生物制药,-7.924499999999999,0.004372704259735105,0.06200000000000028,0.004542216528491893,0.914253794659603,,-3.64,115.0,1.2650000000000001,0.6,0.22067136191984693,poor,poor,poor,True,5,False,0,True,5,False,0,0.3340722424736974,2.7741359015015825,0.82490366088632,moderate,False,False,none,0.15500000000000025,0.0,3.27,3.1149999999999998,0.5622637218017258,0.013975877915883003,0.8668255550961843,False,none,5.489999999999998,1.0500000000000007,64.24361493123772,60.13143483023,10.314341846758357,False,生物制药,False,inf,True,rising,False,False,0.0,0.3340722424736974,1.0,生物制药,-5.0,-2.0,3.0,0.3,0.5,0.506244607894305,0.829192095766595,0.4913156495117328,False,False,0.19633421659947556,0.5197023371029938,,,,,,,0.07161803713527852,0,0.0,none,0.23149179404605982,False,stable,0.0,,high_growth,"高速成长(稳健CAGR=126.5%, MK趋势=0.60)",1,0
688247.SH,宣泰医药,化学制药,0.24480000000000002,-0.023306641719665493,-0.023999999999999994,0.2283021581854171,0.41564792419689867,-0.01710031891382935,0.28,85.0,-0.02833333333333333,-0.4,0.4624327264504764,has_near_zero,has_near_zero,has_near_zero,False,0,True,5,False,0,True,5,0.3142195697591929,0.07918333157931662,0.7936507936507937,moderate,False,False,none,-0.039999999999999994,0.0,0.030000000000000013,0.07,0.24628574199580827,0.4948453608247421,0.15789473684210534,False,none,0.15000000000000002,-0.09,27.27272727272728,115.3846153846154,-40.90909090909091,False,化学制药,False,2.5384615384615383,True,rising,False,False,0.0,0.3142195697591929,0.5898371942688928,化学制药,-5.0,-2.0,3.0,0.3,0.5,0.02910089196288959,0.1549111056469491,0.06780596202465966,False,False,-0.023306641719665493,0.2283021581854171,,,,,,,0.07161803713527852,0,0.0,none,0.2757865135538739,False,increasing_vol,15.0,单年巨幅下滑-15.0分(年跌-40.9%),,,0,0
688248.SH,南网科技,电气设备,0.4434,0.08936747079956789,0.098,0.942464313328702,0.005961602132364077,0.2574334296829355,0.65,94.2,0.09875,1.0,0.02748633611151033,has_near_zero,has_near_zero,has_near_zero,False,0,True,5,False,0,True,5,0.38707682365236973,0.16024980499208105,0.9420289855072465,ultra_stable,False,False,none,0.04999999999999999,0.0,0.14500000000000002,0.09500000000000003,0.6501069465216794,0.9868421052631576,0.9996038034865297,False,none,0.15000000000000002,0.14,80.55555555555557,30.000000000000004,38.88888888888889,False,电气设备,False,1.0,False,rising,False,False,0.0,0.38707682365236973,0.4429947922552291,电气设备,-5.0,-2.0,3.0,0.3,0.5,0.12928949175503193,0.9999895763291284,0.08154500088518943,True,False,0.08936747079956789,0.942464313328702,,,,,,,0.07161803713527852,0,0.0,none,0.09870925962175149,True,increasing_vol,5.800000000000002,波动率飙升预警-5.8分(近期波动是早期的2.9倍),,,0,0
688252.SH,天德钰,半导体,0.5006,0.02256949982783275,0.02200000000000001,0.02112495478059149,0.8155955743351937,0.2716977157034135,0.68,110.0,0.02583333333333333,0.2,0.8064959405073401,has_near_zero,has_near_zero,has_near_zero,False,0,True,5,False,0,True,5,0.5731998618235342,0.28316073174082595,1.2955465587044532,high_volatility,False,False,none,0.64,0.0,-0.07299999999999997,-0.713,0.3960167684304561,1.0,0.10561886829848367,False,none,0.4,-0.06999999999999995,94.28571428571432,142.85714285714286,-19.999999999999986,False,半导体,True,3.214285714285714,True,rising,False,False,0.0,0.5731998618235342,0.887131318030256,半导体,-5.0,-2.0,3.0,0.3,0.5,0.1464917073548976,0.5860434606628948,0.10345910406843309,False,False,0.02256949982783275,0.02112495478059149,,,,,,,0.07161803713527852,0,0.0,none,0.5688583274869929,False,decreasing_vol,2.0,趋势不可靠-2分(Bootstrap CI过宽: 0.472),cyclical_bottom,"周期底部(mid_up), 近期强势(14.6%)",0,0
688253.SH,英诺特,医疗保健,2.0214,0.06660156878782723,0.12000000000000002,0.5462860772116597,0.15354806191872397,-0.25161393824271416,1.81,81.0,0.04500000000000004,0.2,0.8064959405073401,good,good,good,False,0,False,0,False,0,False,0,0.8778867730140868,1.9805125599197797,2.0345744680851063,high_volatility,False,True,deterioration_to_recovery,-4.59,0.0,0.19300000000000003,4.7829999999999995,0.8965623854184728,1.0,0.7318793594655664,False,none,0.53,0.040000000000000036,45.96774193548387,41.40625,3.2258064516129057,False,医疗保健,False,1.0,False,rising,False,False,0.0,0.8778867730140868,0.8356427517446028,医疗保健,-5.0,-2.0,3.0,0.3,0.5,0.15697804687112915,0.8090016749759844,0.8629352377214806,True,False,-0.21328251388485442,0.3017320541722826,,,,,,,0.07161803713527852,0,0.0,none,0.6857858298083868,False,decreasing_vol,19.0,"趋势不确定预警-4分(Bootstrap CI跨零: [-0.013, 0.157]); 峰值大幅下跌-15分(从5.8跌至1.8，跌幅-68.6%)",,,0,0
688256.SH,寒武纪-U,半导体,-1.8987000000000003,0.0075566988336152495,0.010999999999999987,0.0009657816014281236,0.9604378704193313,,-1.09,98.0,0.005000000000000032,0.0,1.0,poor,poor,poor,True,5,False,0,True,5,False,0,0.4407224700710215,0.8382541380750829,1.077812828601472,volatile,False,True,deterioration_to_recovery,-0.9950000000000001,0.0,1.025,2.02,0.9294175672594818,0.9975733046720183,0.999357937791306,False,none,0.9799999999999998,1.0700000000000003,65.28662420382165,47.34299516908212,34.076433121019114,False,半导体,False,1.0,False,rising,False,False,0.0,0.4407224700710215,0.4859113093901506,半导体,-5.0,-2.0,3.0,0.3,0.5,0.45910456430127267,0.9919129026450808,0.8982277660032867,True,False,0.0075566988336152495,0.0009657816014281236,,,,,,,0.07161803713527852,0,0.0,none,0.4406275941700144,False,stable,2.0,趋势不可靠-2分(Bootstrap CI过宽: 0.905),,,0,0
688266.SH,泽璟制药-U,生物制药,-1.277676,0.1674109202411464,0.24668,0.5040095943469536,0.17914773441972312,,-0.52,105.96011602610588,0.30229999999999996,0.4,0.4624327264504764,poor,poor,poor,True,5,True,1,True,5,True,1,0.42996476155219077,0.5811747688948652,1.0283499053030303,moderate,False,False,none,-0.27579999999999993,0.0,0.695,0.9707999999999999,0.6721595515662098,0.7906632291870515,0.989332286475046,False,none,0.5700000000000001,0.8199999999999998,72.77486910994764,52.293577981651374,42.931937172774866,False,生物制药,False,1.0,False,rising,False,False,0.0,0.42996476155219077,0.47730514257508594,生物制药,-5.0,-2.0,3.0,0.3,0.5,0.45180890492155884,0.9999145563960091,0.5963508677609612,True,False,0.1674109202411464,0.5040095943469536,,,,,,,0.07161803713527852,0,0.0,none,0.31875562945686137,False,increasing_vol,9.039883973894128,"波动率飙升预警-5.0分(近期波动是早期的2.5倍); 趋势不确定预警-4分(Bootstrap CI跨零: [-0.163, 0.453])",high_growth,"高速成长(稳健CAGR=30.2%, MK趋势=0.40)",1,0
688271.SH,联影医疗,医疗保健,1.924,0.04604300418898555,0.092,0.1097927989823703,0.5859645740932007,0.043264290014729756,1.54,47.81104252822505,0.21499999999999997,0.4,0.4624327264504764,good,good,good,False,0,False,0,False,0,False,0,0.2418075202345746,0.4541145230005311,0.5857294994675185,moderate,False,False,none,0.44499999999999995,0.0,-0.32499999999999996,-0.7699999999999999,0.5993217657543372,0.9278072778385134,0.5254103797048582,True,severe,-0.8599999999999999,0.20999999999999996,-29.68036529680365,-35.83333333333333,9.589041095890408,False,医疗保健,False,1.0,True,falling,False,False,0.0,0.2418075202345746,0.326779349520993,医疗保健,-5.0,-2.0,3.0,0.3,0.5,-0.15438314611573356,0.557339810227572,-0.37791494354989874,False,True,0.04604300418898555,0.1097927989823703,,,,,,,0.9737039819684448,1,0.0,cliff_drop,0.22906603103354842,False,stable,52.18895747177495,严重恶化-15分; 单年巨幅下滑-15.0分(年跌-35.8%); 加速下滑-0.2分(加速度-0.38); 贝叶斯高置信度恶化-12分(恶化概率97.4%，严重恶化确认); 趋势不可靠-2分(Bootstrap CI过宽: 0.396); 峰值明显下跌-8分(从2.4跌至1.5，跌幅-35.8%),,,0,0
688273.SH,麦澜德,医疗保健,1.2632,-0.11489975570040274,-0.187,0.7652960441510162,0.05216147032944432,-0.10764562936823852,1.0309,68.95432076666376,-0.1656125,-0.8,0.0864107329737,good,good,good,False,0,True,1,False,0,True,1,0.2520438436425346,0.33252144291759594,0.5515045857651784,ultra_stable,False,False,none,-0.04739999999999989,0.0,-0.22075000000000006,-0.17335000000000017,0.27118347972812573,1.0,0.7500373763798411,False,none,0.13269999999999993,-0.5650000000000001,-29.544833242208863,14.773992429303043,-38.613996719518866,False,医疗保健,False,1.0,False,rising,False,False,0.0,0.2520438436425346,0.33496840824736107,医疗保健,-5.0,-2.0,3.0,0.3,0.5,-0.1355600422980321,0.5079627864720678,-0.09135846667249103,False,True,-0.11489975570040274,0.7652960441510162,,,,,,,0.435483870967742,0,0.0,none,0.1153222927770232,False,increasing_vol,31.045679233336244,单年巨幅下滑-15.0分(年跌-38.6%); 加速下滑-0.0分(加速度-0.09); 波动率飙升预警-8.0分(近期波动是早期的4.3倍); 峰值明显下跌-8分(从1.6跌至1.0，跌幅-36.6%),,,0,0
688276.SH,百克生物,生物制药,0.7768999999999999,-0.04490676902978462,-0.056999999999999974,0.06829404706157866,0.6710897644984748,-0.16281624236344472,0.56,43.94285714285714,-0.08249999999999998,-0.2,0.8064959405073401,has_near_zero,has_near_zero,has_near_zero,False,0,True,3,False,0,True,3,0.4466684656233718,0.3546547617049572,0.969773299748111,volatile,False,False,none,-0.5199999999999999,0.0,0.05900000000000001,0.579,0.36368128170181946,1.0,0.049239691633071674,True,severe,-0.6499999999999999,0.77,27.27272727272728,-53.71900826446281,175.0,False,生物制药,False,2.75,True,falling,False,False,0.0,0.4466684656233718,0.7240014391653642,生物制药,-5.0,-2.0,3.0,0.3,0.5,0.0536553099137729,0.028581835152554122,0.32869262674638244,False,False,-0.04490676902978462,0.06829404706157866,,,,,,,0.7873633049817741,1,0.0,cliff_drop,0.43200552952992344,False,increasing_vol,56.05714285714286,严重恶化-15分; 单年巨幅下滑-15.0分(年跌-53.7%); 贝叶斯中度恶化预警-5分(恶化概率78.7%); 波动率飙升预警-4.1分(近期波动是早期的2.0倍); 趋势不可靠-2分(Bootstrap CI过宽: 0.557); 峰值大幅下跌-15分(从1.2跌至0.6，跌幅-53.7%),,,0,0
688277.SH,天智航-U,医疗保健,-0.25460000000000005,-0.040889856651778786,-0.041999999999999996,0.6861013599814216,0.08316283052389076,,-0.27,83.0,-0.05499999999999999,-0.8,0.0864107329737,poor,poor,poor,True,5,True,5,True,5,True,5,0.3323814471436397,0.08043631020876081,0.8677685950413222,stable,False,False,none,-0.06,0.0,-0.0050000000000000044,0.05499999999999999,0.31479119584107607,0.9908256880733946,0.010273972602739751,False,none,0.07999999999999996,-0.08999999999999997,-3.8461538461538494,22.857142857142847,-34.615384615384606,False,医疗保健,False,1.0,False,rising,False,False,0.0,0.3323814471436397,0.39923849104824516,医疗保健,-5.0,-2.0,3.0,0.3,0.5,-0.004833159198463,0.010508499912583168,0.053971688105111784,False,False,-0.040889856651778786,0.6861013599814216,,,,,,,0.2783505154639176,0,0.0,none,0.18755050773405305,True,stable,17.0,单年巨幅下滑-15.0分(年跌-34.6%); 波动聚集提示-2分(大波动后可能跟着大波动),,,0,0
688278.SH,特宝生物,生物制药,1.1019999999999999,0.30261511074000785,0.44000000000000006,0.9640537549147603,0.0029242790592390036,0.6265765616977856,2.03,108.71428571428571,0.4475,1.0,0.02748633611151033,has_near_zero,has_near_zero,has_near_zero,False,0,True,3,False,0,True,3,0.7441271106234469,0.7218032973047435,1.7938144329896906,stable,False,False,none,0.21,0.0,0.6599999999999999,0.44999999999999996,0.7289667656017185,0.9814540059347183,1.0,False,none,0.6599999999999997,0.6600000000000001,185.91549295774647,48.1751824817518,92.95774647887326,False,生物制药,False,1.0,False,rising,False,False,0.0,0.7441271106234469,0.7286350218320908,生物制药,-5.0,-2.0,3.0,0.3,0.5,0.39806615184450905,0.9921026716282876,0.21068718873695705,True,False,0.30261511074000785,0.9640537549147603,,,,,,,0.07161803713527852,0,0.0,none,0.19830292847083858,True,increasing_vol,6.285714285714286,波动率飙升预警-6.3分(近期波动是早期的3.1倍),high_growth,"高速成长(稳健CAGR=44.8%, MK趋势=1.00)",1,0
688279.SH,峰岹科技,半导体,1.8884,-0.002771727151026604,-0.006000000000000005,0.0075389923047393115,0.8895870240521986,0.20580768603590727,2.41,100.0,0.26,0.6,0.22067136191984693,good,good,good,False,0,False,0,False,0,False,0,0.254378934753913,0.4614433876435982,0.7001102535832415,stable,False,False,none,0.81,0.0,0.15900000000000006,-0.651,0.44206404464756743,1.0,0.4452840158520477,False,none,0.5200000000000002,0.20999999999999996,43.45238095238096,27.513227513227527,12.499999999999998,False,半导体,False,1.1607142857142858,True,rising,False,False,0.0,0.254378934753913,0.35826505256503516,半导体,-5.0,-2.0,3.0,0.3,0.5,0.16132087947432094,0.9578346947184182,0.004497176087587262,False,False,0.12448610599339524,0.7098733445867332,,,,,,,0.07161803713527852,0,0.0,none,0.1340952832300823,False,stable,0.0,,,,0,0
688302.SH,海创药业-U,生物制药,-3.5459000000000005,0.11449566823846476,0.342,0.5445975009752738,0.15452940647357966,,-2.01,111.0,0.8800000000000003,1.0,0.02748633611151033,poor,poor,poor,True,5,False,0,True,5,False,0,0.4866115921973677,1.887079754541392,1.2790097988653946,stable,False,False,none,2.8499999999999996,0.0,0.668,-2.1819999999999995,0.7812570918730597,1.0,0.9727165714783973,False,none,0.9600000000000004,0.34999999999999964,39.45783132530121,32.32323232323234,10.542168674698784,False,生物制药,False,1.0,False,rising,False,False,0.0,0.4866115921973677,0.5226226070912275,生物制药,-5.0,-2.0,3.0,0.3,0.5,0.23347971644353038,0.9097928496612339,-0.12892581629807098,False,True,0.26980375900943115,0.9427443697999313,,,,,,,0.07161803713527852,0,0.0,none,0.18187199116507044,False,decreasing_vol,4.0,"趋势不确定预警-4分(Bootstrap CI跨零: [-0.059, 0.233])",high_growth,"高速成长(稳健CAGR=88.0%, MK趋势=1.00)",1,0
688307.SH,中润光学,元器件,0.5355,0.027573481940939483,0.03099999999999999,0.2341269376022733,0.40888608735265114,0.11126455154605153,0.61,85.0,0.037916666666666654,0.4,0.4624327264504764,has_near_zero,has_near_zero,has_near_zero,False,0,True,5,False,0,True,5,0.19469669933958256,0.10124228365658293,0.423076923076923,stable,False,False,none,0.14,0.0,0.0019999999999999853,-0.13800000000000004,0.26164681634970954,1.0,0.0008695652173912916,False,none,0.18,-0.19,-1.6129032258064528,41.860465116279066,-30.64516129032258,False,元器件,False,1.4418604651162792,True,rising,False,False,0.0,0.19469669933958256,0.34800542148716995,元器件,-5.0,-2.0,3.0,0.3,0.5,-0.004259020305008965,0.0020217286545459816,-0.10219082654923534,False,False,0.027573481940939483,0.2341269376022733,,,,,,,0.2783505154639176,0,0.0,none,0.17035791594941282,False,increasing_vol,15.0,单年巨幅下滑-15.0分(年跌-30.6%),,,0,0
688311.SH,盟升电子,元器件,0.4719,-0.20688773970549384,-0.24699999999999997,0.31075293578564117,0.3289291755595315,,0.66,101.0,-0.3016666666666667,-0.4,0.4624327264504764,has_loss,has_loss,has_loss,True,1,True,3,True,1,True,3,1.216026189276122,0.6639502993447627,2.9487179487179485,high_volatility,False,False,none,-0.43000000000000005,0.0,0.21500000000000002,0.645,0.4121072599324706,0.6722821476184708,0.15335065796748867,False,none,1.09,-0.66,186.95652173913044,253.48837209302326,-286.95652173913044,False,元器件,True,inf,True,rising,False,False,0.0,1.216026189276122,1.0,元器件,-5.0,-2.0,3.0,0.3,0.5,0.195785305910451,0.13969374732261777,0.553577534264579,False,False,-0.20688773970549384,0.31075293578564117,,,,,,,0.07161803713527852,0,0.0,none,0.983411601422651,False,increasing_vol,11.0,单年巨幅下滑-15.0分(年跌-287.0%); 趋势不可靠-2分(Bootstrap CI过宽: 0.915); 峰值明显下跌-8分(从1.2跌至0.7，跌幅-44.1%),cyclical_bottom,"周期底部(mid_up), 近期强势(19.6%)",0,0
688312.SH,燕麦科技,专用机械,0.6405000000000001,-0.05497219705251224,-0.067,0.44695436151292667,0.21732010302367288,-0.04991003907606728,0.66,100.0,-0.07666666666666663,-0.4,0.4624327264504764,has_near_zero,has_near_zero,has_near_zero,False,0,True,5,False,0,True,5,0.2323747189785069,0.15662056059151366,0.5489614243323442,stable,False,False,none,-0.12000000000000005,0.0,0.04500000000000004,0.1650000000000001,0.3463527241006193,0.6279069767441864,0.25000000000000033,False,none,0.18000000000000005,-0.08999999999999997,15.789473684210542,37.500000000000014,-15.789473684210522,False,专用机械,False,1.7708333333333333,True,rising,False,False,0.0,0.2323747189785069,0.4220108862939167,专用机械,-5.0,-2.0,3.0,0.3,0.5,0.03832953913287884,0.2404069793870032,0.137093242608944,False,False,-0.05497219705251224,0.44695436151292667,,,,,,,0.07161803713527852,0,0.0,none,0.17115450740021756,False,stable,0.0,,,,0,0
688314.SH,康拓医疗,医疗保健,1.175,-0.05467147095511775,-0.08599999999999998,0.3308290659096924,0.31032901403039204,-0.0237494018611889,1.09,92.0,-0.09749999999999998,-0.4,0.4624327264504764,good,good,good,False,0,True,1,False,0,True,1,0.19699301466326702,0.23993749185985921,0.5254515599343186,stable,False,False,none,0.3700000000000001,0.0,-0.181,-0.5510000000000002,0.5701289680876582,1.0,0.7125829255029907,False,none,0.16000000000000003,-0.37,-16.15384615384615,17.20430107526882,-28.46153846153846,False,医疗保健,False,1.6881720430107527,True,rising,False,False,0.0,0.19699301466326702,0.3826840174653806,医疗保健,-5.0,-2.0,3.0,0.3,0.5,-0.06742381517202944,0.2961693209208954,-0.09866277755963193,False,False,-0.05467147095511775,0.3308290659096924,,,,,,,0.435483870967742,0,0.0,none,0.16230428628113722,False,stable,8.0,峰值明显下跌-8分(从1.6跌至1.1，跌幅-30.6%),,,0,0
688315.SH,诺禾致源,医疗保健,0.4266,0.007267733216262817,0.007999999999999997,0.5000000000000001,0.18169011381620953,0.4801656089845705,0.48,94.0,0.029999999999999985,0.3,0.6133543559547467,has_near_zero,has_near_zero,has_near_zero,False,0,True,5,False,0,True,5,0.444702683531048,0.1814386948806676,1.176470588235294,volatile,False,False,none,0.48,0.0,-0.029999999999999992,-0.51,0.5363511450381679,1.0,0.34351145038167946,False,none,0.03999999999999998,0.0,9.090909090909086,9.090909090909086,0.0,False,医疗保健,False,1.0,True,rising,False,False,0.0,0.444702683531048,0.4890954801581717,医疗保健,-5.0,-2.0,3.0,0.3,0.5,0.018169333040657043,0.7500000000000001,-0.14537035457279743,False,True,0.06021499751652448,0.3064098197379185,,,,,,,0.13366336633663367,0,0.0,none,0.3742061955882197,True,decreasing_vol,6.0,"波动聚集提示-2分(大波动后可能跟着大波动); 趋势不确定预警-4分(Bootstrap CI跨零: [-0.000, 0.018])",,,0,0
688316.SH,青云科技-U,软件服务,-4.097700000000001,0.21431259263324565,0.8010000000000002,0.6366915591415131,0.10567337964422306,,-2.0,111.0,1.3025000000000002,0.6,0.22067136191984693,poor,poor,poor,True,5,False,0,True,5,False,0,0.3801478936301244,1.6490815625674797,1.0050714615029968,moderate,False,False,none,-1.75,0.0,1.466,3.216,0.8582845309584319,1.0,0.9963265154746229,False,none,1.5699999999999998,1.5800000000000005,61.16504854368932,43.977591036414566,30.679611650485445,False,软件服务,False,1.0,False,rising,False,False,0.0,0.3801478936301244,0.4374516482374329,软件服务,-5.0,-2.0,3.0,0.3,0.5,0.44890191522724676,0.9861220665767377,0.5031534312445899,False,False,0.21431259263324565,0.6366915591415131,,,,,,,0.07161803713527852,0,0.0,none,0.24346633208021917,False,stable,4.0,"趋势不确定预警-4分(Bootstrap CI跨零: [-0.092, 0.449])",high_growth,"高速成长(稳健CAGR=130.3%, MK趋势=0.60)",1,0
688322.SH,奥比中光-UW,元器件,-0.7399000000000001,0.013438304131903823,0.017000000000000005,0.19982376601354257,0.4504093056465125,,-0.16,115.0,0.3225,1.0,0.02748633611151033,poor,poor,poor,True,5,True,4,True,5,True,5,0.6663051083141928,0.5583636807672935,1.84964200477327,moderate,False,False,none,0.85,0.0,0.21799999999999997,-0.632,0.6065146325016858,1.0,0.8011463250168577,False,none,0.5299999999999999,0.08000000000000007,79.2207792207792,76.81159420289855,10.389610389610398,False,元器件,False,1.0,False,rising,False,False,0.0,0.6663051083141928,0.6663774199846876,元器件,-5.0,-2.0,3.0,0.3,0.5,0.27487268056053615,0.8367940115434959,-0.023531886897654897,False,False,0.2427492033393947,0.8836003929818447,,,,,,,0.07161803713527852,0,0.0,none,0.2515820494506503,False,decreasing_vol,0.0,,high_growth,"高速成长(稳健CAGR=32.2%, MK趋势=1.00)",1,0
688325.SH,赛微微电,半导体,0.899642,0.0535164838405234,0.06830000000000001,0.7391059283863931,0.06173119791551186,0.11359546283950639,0.9633,92.0,0.03710833333333334,0.4,0.4624327264504764,has_near_zero,has_near_zero,has_near_zero,False,0,True,4,False,0,True,5,0.3880097660532338,0.3500779313238697,0.9537373647809896,volatile,False,False,none,0.8605000000000002,0.0,-0.15524000000000002,-1.01574,0.5499772266282041,1.0,0.30497257715979864,False,none,0.2368,0.018400000000000083,36.04010732947325,32.59463179628355,2.5985030362943204,False,半导体,False,2.099844654709787,True,rising,False,False,0.0,0.3880097660532338,0.5903871001372253,半导体,-5.0,-2.0,3.0,0.3,0.5,0.09794675782803447,0.8068841589007199,0.06396715357035598,False,False,0.001447191143607407,9.022429552296856e-05,,,,,,,0.07161803713527852,0,0.0,none,0.3877128558094575,False,decreasing_vol,8.0,峰值明显下跌-8分(从1.5跌至1.0，跌幅-35.2%),,,0,0
688327.SH,云从科技-UW,软件服务,-0.9259000000000001,0.12157620398285096,0.167,0.6728870765623878,0.08894051057917411,,-0.67,96.0,0.1775,0.6,0.22067136191984693,poor,poor,poor,True,5,True,2,True,5,True,2,0.3318153872604307,0.32385181796618034,0.7069672131147542,stable,False,False,none,0.020000000000000018,0.0,0.3,0.27999999999999997,0.15010687041516343,0.015075376884422134,0.6878980891719744,True,moderate,-0.050000000000000044,0.65,47.24409448818898,-8.064516129032265,51.181102362204726,False,软件服务,False,inf,True,falling,False,False,0.0,0.3318153872604307,1.0,软件服务,-5.0,-2.0,3.0,0.3,0.5,0.21605487632819553,0.6776944689649067,0.20380126131790122,False,False,0.12157620398285096,0.6728870765623878,,,,,,,0.4807121661721069,1,0.0,single_year_drop,0.19211407100789374,False,stable,4.0,"中度恶化-10分; 趋势不确定预警-4分(Bootstrap CI跨零: [-0.029, 0.251])",,,0,0
688330.SH,宏力达,电气设备,2.6229400000000003,-0.26447933872985313,-0.7378,0.797685270880849,0.04125879108536825,-0.20062753166766467,1.6006,42.60457923494184,-0.8163833333333333,-0.6,0.22067136191984693,good,good,good,False,0,False,0,False,0,False,0,0.45101038216739125,1.2827998097910678,0.9630556766563065,stable,False,False,none,0.20999999999999996,0.0,-0.93774,-1.14774,0.561125975839165,1.0,0.856098756577731,False,none,0.2098,-1.7892000000000001,-49.66666666666667,15.084843255680184,-56.26415094339623,False,电气设备,False,2.9695139488064424,True,rising,False,False,0.0,0.45101038216739125,0.7567434989081054,电气设备,-5.0,-2.0,3.0,0.3,0.5,-0.3122898774743347,0.6138940557798234,-0.21166798092220462,False,True,-0.26447933872985313,0.797685270880849,,,,,,,0.6067415730337079,0,0.0,none,0.18759612634861134,False,increasing_vol,57.39542076505816,轻度衰退-5.3分(log斜率-0.264); 持续衰退重罚-10.0分(最新<加权); 单年巨幅下滑-15.0分(年跌-56.3%); 相对加权下滑-10.0分(最新为加权61.0%); 加速下滑-0.1分(加速度-0.21); 趋势不可靠-2分(Bootstrap CI过宽: 0.448); 峰值大幅下跌-15分(从4.1跌至1.6，跌幅-61.2%),,,0,0
688332.SH,中科蓝讯,半导体,2.1795,-0.016325236530708054,-0.04099999999999997,0.1252649902541059,0.5589582811833697,0.0020100603926707095,2.5,100.0,-0.0058333333333333015,0.0,1.0,good,good,good,False,0,False,0,False,0,False,0,0.2261106655110528,0.4974434641243162,0.5363636363636362,moderate,False,False,none,-0.5549999999999999,0.0,0.565,1.1199999999999999,0.6675236583554905,0.7028789837985855,0.9723575997563203,False,none,0.3999999999999999,0.73,82.48175182481751,19.047619047619044,53.28467153284671,False,半导体,False,1.8613138686131385,True,rising,False,False,0.0,0.2261106655110528,0.42906371489059403,半导体,-5.0,-2.0,3.0,0.3,0.5,0.26340541496376024,0.9509128071020235,0.5230840621862375,True,False,-0.016325236530708054,0.012562128217440145,,,,,,,0.07161803713527852,0,0.0,none,0.22418239880482202,False,stable,0.0,,,,0,0
688334.SH,西高院,电气设备,0.6078150000000001,0.004163019363345316,0.004749999999999988,0.09465461264853463,0.6145458628519556,0.06210831053738142,0.7223,95.46335078534032,0.03512500000000002,0.6,0.22067136191984693,has_near_zero,has_near_zero,has_near_zero,False,0,True,5,False,0,True,5,0.1330861525457023,0.07839306729552048,0.3432704060844765,ultra_stable,False,False,none,-0.00930000000000003,0.0,0.08665,0.09595000000000004,0.42449381438750794,0.15096787707059403,0.9020702668044855,False,none,0.1361,0.03720000000000001,31.56648451730419,23.217331968611393,6.775956284153006,False,电气设备,False,1.0,False,rising,False,False,0.0,0.1330861525457023,0.2398022553698952,电气设备,-5.0,-2.0,3.0,0.3,0.5,0.07311784541110633,0.9061105058776209,0.08123800383974317,False,False,0.0317829116684784,0.5736387095730777,,,,,,,0.07161803713527852,0,0.0,none,0.08690495505083137,False,increasing_vol,4.536649214659678,波动率飙升预警-4.5分(近期波动是早期的2.3倍),,,0,0
688336.SH,三生国健,生物制药,0.3761,0.311131103645052,0.347,0.9442817551451667,0.005678132522806185,,1.14,110.28888888888889,0.3737499999999999,1.0,0.02748633611151033,has_loss,has_loss,has_loss,True,1,True,4,True,1,True,4,2.0993580642679612,0.5710253934808853,5.551470588235294,high_volatility,False,False,none,0.22499999999999998,0.0,0.5299999999999999,0.30499999999999994,0.5422531473702328,0.8321917808219176,0.9803396928804098,False,none,0.6599999999999999,0.39999999999999997,1324.9999999999998,137.49999999999997,499.9999999999999,False,生物制药,False,1.0,False,rising,False,False,0.0,2.0993580642679612,1.0,生物制药,-5.0,-2.0,3.0,0.3,0.5,0.44853658814841946,0.993006061346551,0.2275595717806855,True,False,0.311131103645052,0.9442817551451667,,,,,,,0.07161803713527852,0,0.0,none,0.5818530143973835,False,increasing_vol,4.71111111111111,波动率飙升预警-4.7分(近期波动是早期的2.4倍),high_growth,"高速成长(稳健CAGR=37.4%, MK趋势=1.00)",1,0
688338.SH,赛科希德,医疗保健,1.1295,0.005225219852721341,0.007000000000000029,0.012473798295199767,0.8580929560984091,0.019617183017009543,1.07,99.9179761815109,-0.0050000000000000044,0.0,1.0,good,good,good,False,0,True,1,False,0,True,1,0.09941161860714542,0.11193748255164576,0.25754884547069273,ultra_stable,False,False,none,0.14500000000000002,0.0,-0.10499999999999998,-0.25,0.5308887168842136,0.9542360060514373,0.8546511627906979,False,none,-0.030000000000000027,-0.17999999999999994,-16.406249999999996,-2.7272727272727297,-14.062499999999995,False,医疗保健,False,1.0,True,falling,False,False,0.0,0.09941161860714542,0.21286262821904967,医疗保健,-5.0,-2.0,3.0,0.3,0.5,-0.06809122061835965,0.8591143049107742,-0.16404763697821856,False,True,0.005225219852721341,0.012473798295199767,,,,,,,0.49090909090909096,0,-0.8060606060606058,none,0.09892447438733,False,stable,0.08202381848910928,加速下滑-0.1分(加速度-0.16),,,0,0
688343.SH,云天励飞-U,软件服务,-1.5095,0.034062141725472964,0.06100000000000003,0.1463658630043036,0.5250450430674262,,-1.63,58.0,0.04375000000000004,0.4,0.4624327264504764,poor,poor,poor,True,5,False,0,True,5,False,0,0.16031203760556506,0.2468805379125702,0.40909090909090917,stable,False,False,none,0.32000000000000006,0.0,0.002000000000000024,-0.31800000000000006,0.2478606370386794,1.0,0.00011641443538999115,True,severe,-0.48,0.53,2.976190476190479,-41.73913043478261,31.54761904761905,False,软件服务,False,inf,True,falling,False,False,0.0,0.16031203760556506,1.0,软件服务,-5.0,-2.0,3.0,0.3,0.5,0.012929308987821742,0.0057630648483602154,-0.012096168548612729,False,False,0.034062141725472964,0.1463658630043036,,,,,,,0.8810333106730117,1,0.0,cliff_drop,0.14757198917318612,False,increasing_vol,42.0,严重恶化-15分; 单年巨幅下滑-15.0分(年跌-41.7%); 贝叶斯高置信度恶化-12分(恶化概率88.1%，严重恶化确认),,,0,0
688349.SH,三一重能,电气设备,1.5561099999999999,0.017310335907524975,0.031060000000000042,0.20292849186684017,0.4464731321696943,0.02091991780643032,1.5073,90.0,0.03272500000000006,0.2,0.8064959405073401,good,good,good,False,0,False,0,False,0,False,0,0.07215362524430101,0.11115843197886523,0.19025302158927168,ultra_stable,False,False,none,0.22209999999999996,0.0,-0.014419999999999943,-0.2365199999999999,0.41246779728586036,1.0,0.05164086896442753,True,moderate,-0.1733,0.16270000000000007,-0.6983332235325083,-10.311793407116506,10.718756176296203,False,电气设备,False,1.0837999868239014,True,falling,False,False,0.0,0.07215362524430101,0.20222956510529433,电气设备,-5.0,-2.0,3.0,0.3,0.5,-0.002922895989069363,0.003209876439420766,-0.03990113733024414,False,False,0.017310335907524975,0.20292849186684017,,,,,,,0.8223350253807107,1,0.0,single_year_drop,0.06472987597819514,False,stable,10.0,中度恶化-10分; 贝叶斯中度恶化预警-5分(恶化概率82.2%),,,0,0
688351.SH,微电生理,医疗保健,0.029956,-0.0005799465595321584,-0.00058,0.10055550363899116,0.6031220025169262,,0.1106,100.0,0.022449999999999998,0.4,0.4624327264504764,has_loss,has_loss,has_near_zero,True,1,True,5,False,0,True,5,2.27472992644605,0.052227799111201303,6.119337979094077,high_volatility,False,False,none,-0.044899999999999995,0.0,0.04266,0.08756,0.5015183812285526,1.0,0.8400638122855265,False,none,0.0985,0.0050999999999999995,1480.0,814.0495867768597,72.85714285714285,False,医疗保健,False,1.0,False,rising,False,False,0.0,2.27472992644605,1.0,医疗保健,-5.0,-2.0,3.0,0.3,0.5,0.05168790310971896,0.7869047187502167,0.0556876504708948,False,False,0.02327478743949975,0.4983011324452794,,,,,,,0.07161803713527852,0,0.0,none,1.6110196812678108,False,stable,0.0,,,,0,0
688352.SH,颀中科技,半导体,0.2666,-0.007711506761219155,-0.007999999999999997,0.23729070841429398,0.40525923804193886,0.4427979759710412,0.26,86.92666109171448,0.015000000000000013,0.3,0.6133543559547467,has_near_zero,has_near_zero,has_near_zero,False,0,True,5,False,0,True,5,0.43893665298169243,0.11148990985734988,1.062992125984252,volatile,False,False,none,0.25,0.0,-0.012999999999999994,-0.263,0.5341887850467291,1.0,0.31588785046728945,True,moderate,-0.07,0.020000000000000018,-16.129032258064512,-21.21212121212121,6.451612903225811,False,半导体,False,1.0,True,falling,False,False,0.0,0.43893665298169243,0.4844826557186873,半导体,-5.0,-2.0,3.0,0.3,0.5,-0.024040835706106656,0.4829015189836642,-0.14667781657105378,False,True,0.04134328558475969,0.3576988319746346,,,,,,,0.9487554904831625,1,0.0,single_year_drop,0.35257658546831666,False,decreasing_vol,13.073338908285526,中度恶化-10分; 加速下滑-0.1分(加速度-0.15); 贝叶斯恶化预警-8分(恶化概率94.9%),,,0,0
688358.SH,祥生医疗,医疗保健,1.2349999999999999,-0.00347065321467388,-0.005999999999999983,0.01993881497241774,0.8208116355696128,0.001994027846918156,1.26,95.10620215584268,-0.01874999999999996,0.0,1.0,good,good,good,False,0,True,1,False,0,False,0,0.14420170223227666,0.1785217073635585,0.3796445880452342,stable,False,False,none,-0.15500000000000003,0.0,0.16000000000000003,0.31500000000000006,0.26538757564791793,0.4207530647985991,0.5921356977640708,True,moderate,-0.07000000000000006,0.3900000000000001,34.042553191489375,-5.263157894736847,41.489361702127674,False,医疗保健,False,1.4574468085106385,True,falling,False,False,0.0,0.14420170223227666,0.3096876029205731,医疗保健,-5.0,-2.0,3.0,0.3,0.5,0.10776009276688059,0.6058472674348213,0.21240431168534823,True,False,-0.00347065321467388,0.002197032006910371,,,,,,,0.4807121661721069,1,0.0,single_year_drop,0.1439979474684288,False,stable,4.893797844157326,中度恶化-10分,,,0,0
688366.SH,昊海生科,医疗保健,1.7591999999999999,0.07250581117690828,0.144,0.16001327148725736,0.5046122171048515,0.08475656754366057,1.8,98.0,0.1725,0.2,0.8064959405073401,good,good,good,False,0,False,0,False,0,False,0,0.32471289177028173,0.5572073222778035,0.8158508158508158,moderate,False,False,none,0.7,0.0,0.08,-0.62,0.24691598004780085,1.0,0.031201248049922012,True,moderate,-0.6399999999999999,1.4,73.07692307692307,-26.22950819672131,134.6153846153846,False,医疗保健,False,2.134615384615384,True,falling,False,False,0.0,0.32471289177028173,0.54438569803161,医疗保健,-5.0,-2.0,3.0,0.3,0.5,0.22053190612856377,0.373406114833227,0.3050689715970898,False,False,0.07250581117690828,0.16001327148725736,,,,,,,0.6492985971943889,1,0.0,single_year_drop,0.29636749017442965,False,stable,2.0,中度恶化-10分; 趋势不可靠-2分(Bootstrap CI过宽: 0.509),,,0,0
688372.SH,伟测科技,半导体,1.6861000000000002,0.011112348367317736,-0.012999999999999989,0.0010840341428949307,0.958086578555194,0.13959598427174913,1.13,71.41397323912217,0.10249999999999991,0.2,0.8064959405073401,good,good,good,False,0,True,1,False,0,True,1,0.6801774504479663,1.149499891257063,1.6863905325443789,high_volatility,False,False,none,1.425,0.0,-1.195,-2.62,0.6721791761605419,0.9999958961900227,0.721795865415396,False,none,0.08999999999999986,-2.48,-67.89772727272727,8.653846153846139,-70.45454545454545,False,半导体,True,3.3846153846153846,True,rising,False,False,0.0,0.6801774504479663,0.9954240116404243,半导体,-5.0,-2.0,3.0,0.3,0.5,-0.5004115492604848,0.7044468288462937,-1.172053521755654,False,True,0.011112348367317736,0.0010840341428949307,,,,,,,0.6067415730337079,0,0.0,none,0.6800686988119751,False,stable,28.58602676087783,单年巨幅下滑-15.0分(年跌-70.5%); 相对加权下滑-10.0分(最新为加权67.0%); 加速下滑-0.6分(加速度-1.17); 趋势不可靠-2分(Bootstrap CI过宽: 1.274); 峰值大幅下跌-15分(从3.5跌至1.1，跌幅-67.9%),,,0,0
688373.SH,盟科药业-U,化学制药,-0.4640500000000001,-0.007551903513069125,-0.008000000000000002,0.1477313921009303,0.5229513451397755,,-0.67,47.857142857142854,-0.05250000000000002,-0.6,0.22067136191984693,poor,poor,poor,True,5,True,5,True,5,True,5,0.2923508276687121,0.1300961183125769,0.7415730337078652,stable,False,False,none,-0.01999999999999999,0.0,-0.14500000000000002,-0.12500000000000003,0.3910993398679906,0.19672131147540975,0.8141335914811232,True,severe,-0.265,-0.025000000000000022,-76.31578947368422,-65.4320987654321,-6.5789473684210575,False,化学制药,False,inf,True,falling,False,False,0.0,0.2923508276687121,1.0,化学制药,-5.0,-2.0,3.0,0.3,0.5,-0.1282570465190767,0.81743064807444,-0.10944002661023786,False,False,-0.05652264577151968,0.5998597676314512,,,,,,,0.999190470683474,2,8.945679012345673,accelerating_decline,0.18591177065036854,False,increasing_vol,52.142857142857146,严重恶化-15分; 单年巨幅下滑-15.0分(年跌-65.4%); 贝叶斯高置信度恶化-12分(恶化概率99.9%，严重恶化确认); 波动率飙升预警-4.1分(近期波动是早期的2.1倍); 连续下跌警示-6分(2年下跌，累计-97.1%),,,0,0
688375.SH,国博电子,元器件,1.1328,0.0203422938706165,0.03600000000000001,0.024670596065774937,0.8008392071081359,-0.02050869141158429,0.81,33.82044519471161,0.14000000000000007,0.2,0.8064959405073401,has_near_zero,has_near_zero,has_near_zero,False,0,True,2,False,0,True,2,0.2787539128891136,0.3127618902615854,0.6327985739750446,moderate,False,False,none,0.24999999999999994,0.0,-0.2849999999999999,-0.5349999999999999,0.5583677602671758,0.9393787575150301,0.5742988451567285,True,severe,-0.71,0.14000000000000012,-41.304347826086946,-46.710526315789465,10.144927536231894,False,元器件,False,1.0,True,falling,False,False,0.0,0.2787539128891136,0.35633646364462424,元器件,-5.0,-2.0,3.0,0.3,0.5,-0.19292206458390337,0.6007158603109671,-0.3591096105767768,False,True,0.0203422938706165,0.024670596065774937,,,,,,,0.9866768176627332,1,0.0,cliff_drop,0.2740985877553818,False,increasing_vol,66.17955480528839,复合恶化-14.0分(触发2项恶化信号); 严重恶化-15分; 单年巨幅下滑-15.0分(年跌-46.7%); 加速下滑-0.2分(加速度-0.36); 贝叶斯高置信度恶化-12分(恶化概率98.7%，严重恶化确认); 趋势不可靠-2分(Bootstrap CI过宽: 0.367); 峰值明显下跌-8分(从1.5跌至0.8，跌幅-46.7%),,,0,0
688376.SH,美埃科技,专用机械,1.232,0.09564975579374756,0.144,0.9499737043801724,0.004822071490525589,0.14916012072365947,1.43,100.0,0.12999999999999995,1.0,0.02748633611151033,good,good,good,False,0,True,1,False,0,True,1,0.19958339487569354,0.2315167380558045,0.5258620689655172,ultra_stable,False,False,none,0.2500000000000001,0.0,0.11799999999999997,-0.13200000000000014,0.5268529145473857,1.0,0.995994277539342,False,none,0.1399999999999999,0.10000000000000009,20.168067226890756,10.852713178294564,8.403361344537823,False,专用机械,False,1.0,False,rising,False,False,0.0,0.19958339487569354,0.29300004923388817,专用机械,-5.0,-2.0,3.0,0.3,0.5,0.07287041854023968,0.9936538018171776,-0.057802557042307745,False,True,0.09564975579374756,0.9499737043801724,,,,,,,0.07161803713527852,0,0.0,none,0.03616582235069494,False,decreasing_vol,0.0,,,,0,0
688377.SH,迪威尔,专用机械,0.5067,0.04432590060067756,0.049,0.1274899128435335,0.5552341348961011,-0.021517957366442908,0.44,48.0,0.08083333333333334,0.2,0.8064959405073401,has_near_zero,has_near_zero,has_near_zero,False,0,True,5,False,0,True,5,0.4395604225365153,0.21626372788796552,1.1585365853658536,volatile,False,False,none,0.07500000000000001,0.0,-0.095,-0.17,0.1945111268207138,0.10221078134463962,0.3918234442836469,True,severe,-0.3,0.10999999999999999,-30.158730158730158,-40.54054054054054,17.46031746031746,False,专用机械,False,4.352941176470588,True,falling,False,False,0.0,0.4395604225365153,0.9320404948919574,专用机械,-5.0,-2.0,3.0,0.3,0.5,-0.08373272858806294,0.4085969270440121,-0.14929612413546883,False,False,0.04432590060067756,0.1274899128435335,,,,,,,0.9866768176627332,1,0.0,cliff_drop,0.41038543343924017,False,decreasing_vol,52.0,严重恶化-15分; 单年巨幅下滑-15.0分(年跌-40.5%); 贝叶斯高置信度恶化-12分(恶化概率98.7%，严重恶化确认); 趋势不可靠-2分(Bootstrap CI过宽: 0.391); 峰值明显下跌-8分(从0.7跌至0.4，跌幅-40.5%),,,0,0
688382.SH,益方生物-U,生物制药,-0.865139,0.06307337193744095,0.07266,0.3135659543389634,0.32627084044178256,,-0.4167,111.0,0.36137499999999995,0.8,0.0864107329737,poor,poor,poor,True,5,True,4,True,5,True,5,0.7706994177843389,0.7600021098654923,1.8996673832799253,volatile,False,False,none,1.51,0.0,0.15460000000000002,-1.3554,0.7144987120043441,1.0,0.6449871200434405,False,none,0.07719999999999999,0.45609999999999995,56.13684210526315,15.630694472565295,48.01052631578947,False,生物制药,True,inf,True,rising,False,False,0.0,0.7706994177843389,1.0,生物制药,-5.0,-2.0,3.0,0.3,0.5,0.2200384099414314,0.8662050383447327,-0.14031722970851748,False,True,0.2562801618666287,0.766466609156252,,,,,,,0.07161803713527852,0,0.0,none,0.4193866495145077,False,decreasing_vol,4.0,周期顶部预警-5分(警惕景气回落); 趋势不可靠-2分(Bootstrap CI过宽: 0.364),high_growth,"高速成长(稳健CAGR=36.1%, MK趋势=0.80)",1,0
688385.SH,复旦微电,半导体,0.7923,0.014947194474698233,0.019000000000000006,0.13555698505989083,0.5420354894392632,0.38543485587550674,0.7,49.66509209012413,0.11125000000000002,0.4,0.4624327264504764,has_near_zero,has_near_zero,has_near_zero,False,0,True,4,False,0,True,5,0.537841163034282,0.4066079192539172,1.4947089947089949,volatile,False,False,none,0.5650000000000001,0.0,-0.31000000000000005,-0.8750000000000001,0.7709510829105599,0.9956076515230275,0.9446264744429883,True,severe,-0.18000000000000005,-0.44000000000000006,-46.969696969696976,-20.45454545454546,-33.333333333333336,False,半导体,False,1.0,True,falling,False,False,0.0,0.537841163034282,0.563606263760759,半导体,-5.0,-2.0,3.0,0.3,0.5,-0.218960021999356,0.9597162462733646,-0.6698158197517363,False,True,0.10770550477590794,0.2732088023253544,,,,,,,0.9747292418772563,2,-0.38636363636363624,sustained_decline,0.4745848518579757,False,decreasing_vol,50.33490790987587,严重恶化-15分; 单年巨幅下滑-15.0分(年跌-33.3%); 加速下滑-0.3分(加速度-0.67); 贝叶斯高置信度恶化-12分(恶化概率97.5%，严重恶化确认); 峰值明显下跌-8分(从1.3跌至0.7，跌幅-47.0%),,,0,0
688389.SH,普门科技,医疗保健,0.6318,0.10863998936625965,0.126,0.972360508148966,0.0019666362811600244,0.2423716296996561,0.81,100.0,0.125,1.0,0.02748633611151033,has_near_zero,has_near_zero,has_near_zero,False,0,True,5,False,0,True,5,0.33975883596238926,0.20181674856165926,0.7912457912457912,ultra_stable,False,False,none,0.12999999999999998,0.0,0.10500000000000004,-0.02499999999999994,0.322297194669091,0.9921722113502937,0.8867292225201074,False,none,0.040000000000000036,0.17000000000000004,35.000000000000014,5.194805194805199,28.333333333333343,False,医疗保健,False,1.0,False,rising,False,False,0.0,0.33975883596238926,0.40514040210324476,医疗保健,-5.0,-2.0,3.0,0.3,0.5,0.0858165068388046,0.8817637621510974,-0.03171176670437806,False,False,0.10863998936625965,0.972360508148966,,,,,,,0.07161803713527852,0,0.0,none,0.05429129796834037,False,stable,0.0,,,,0,0
688392.SH,骄成超声,专用机械,1.0066,-0.08099579559116629,-0.10800000000000001,0.20478865808606267,0.4441328738742258,-0.06277397324263256,0.76,67.75278345543573,-0.095625,-0.2,0.8064959405073401,has_near_zero,has_near_zero,has_near_zero,False,0,True,3,False,0,True,3,0.4044410308733735,0.42021423107743505,1.0394610202117422,volatile,False,False,none,0.33749999999999997,0.0,-0.44999999999999996,-0.7874999999999999,0.582899164008035,0.9642857142857143,0.6048387096774195,False,none,0.18000000000000005,-1.08,-54.21686746987952,31.0344827586207,-65.06024096385543,False,专用机械,False,2.8620689655172415,True,rising,False,False,0.0,0.4044410308733735,0.7051620201009977,专用机械,-5.0,-2.0,3.0,0.3,0.5,-0.2896163255458034,0.5661273938115312,-0.4944330891285288,False,True,-0.08099579559116629,0.20478865808606267,,,,,,,0.6067415730337079,0,0.0,none,0.36954102227009406,False,increasing_vol,32.24721654456427,单年巨幅下滑-15.0分(年跌-65.1%); 加速下滑-0.2分(加速度-0.49); 趋势不可靠-2分(Bootstrap CI过宽: 0.560); 峰值大幅下跌-15分(从1.7跌至0.8，跌幅-54.2%),,,0,0
688401.SH,路维光电,半导体,0.7865,0.12910749176128106,0.155,0.6492555797612781,0.09971307869890418,0.30628839732409907,0.99,96.0,0.1595833333333333,0.6,0.22067136191984693,has_near_zero,has_near_zero,has_near_zero,False,0,True,4,False,0,True,4,0.42055044107014694,0.31120732639190873,1.0,moderate,False,False,none,0.37,0.0,-0.04500000000000004,-0.41500000000000004,0.4420283105772115,0.9192032229185315,0.07961992136304075,False,none,0.21999999999999997,-0.31000000000000005,-8.33333333333334,28.57142857142857,-28.70370370370371,False,半导体,False,1.4025974025974026,True,rising,False,False,0.0,0.42055044107014694,0.5234533398691046,半导体,-5.0,-2.0,3.0,0.3,0.5,-0.0312707194580093,0.0706205149408781,-0.332799669186725,False,False,0.12910749176128106,0.6492555797612781,,,,,,,0.2783505154639176,0,0.0,none,0.25919010511914375,False,stable,4.0,"趋势不确定预警-4分(Bootstrap CI跨零: [-0.058, 0.319])",,,0,0
688403.SH,汇成股份,半导体,0.216,-0.003924316389869689,-0.003999999999999998,0.10886410520256655,0.5876520823412021,-0.03598735626311145,0.19,87.0,-0.007083333333333332,-0.2,0.8064959405073401,has_near_zero,has_near_zero,has_near_zero,False,0,True,5,False,0,True,5,0.08823570670491443,0.019235384061671343,0.2293577981651376,ultra_stable,False,False,none,0.009999999999999995,0.0,-0.024999999999999994,-0.03499999999999999,0.43914285714285706,0.4285714285714282,0.8928571428571426,True,moderate,-0.04000000000000001,-0.009999999999999981,-20.83333333333333,-17.39130434782609,-4.166666666666659,False,半导体,False,1.1428571428571428,True,falling,False,False,0.0,0.08823570670491443,0.22296951774488394,半导体,-5.0,-2.0,3.0,0.3,0.5,-0.024439367288046382,0.8923221568990165,-0.03418478814430524,False,False,-0.003924316389869689,0.10886410520256655,,,,,,,0.9932937344318835,1,3.173913043478269,single_year_drop,0.08332982625956402,False,stable,13.0,中度恶化-10分; 贝叶斯恶化预警-8分(恶化概率99.3%),,,0,0
688408.SH,中信博,电气设备,1.8303,0.19482773661789585,0.36099999999999993,0.1370275432875251,0.5396787482999618,0.05399842537553856,3.11,113.0,0.3949999999999999,0.6,0.22067136191984693,has_near_zero,has_near_zero,has_near_zero,False,0,True,2,False,0,True,2,0.8093017390288303,1.3936175946076457,1.7421602787456447,high_volatility,False,False,none,-2.41,0.0,1.121,3.531,0.690111829391159,1.0,0.9011182939115906,False,none,0.5699999999999998,2.21,842.4242424242424,22.440944881889756,669.6969696969696,False,电气设备,False,1.0,False,rising,False,False,0.0,0.8093017390288303,0.7807747245563976,电气设备,-5.0,-2.0,3.0,0.3,0.5,0.7641914677199066,0.8419364393156459,1.4293650474649828,True,False,0.19482773661789585,0.1370275432875251,,,,,,,0.07161803713527852,0,0.0,none,0.738306866751182,False,stable,2.0,趋势不可靠-2分(Bootstrap CI过宽: 1.637),high_growth,"高速成长(稳健CAGR=39.5%, MK趋势=0.60)",1,0
688409.SH,富创精密,半导体,0.9104,-0.00312348065626582,-0.0040000000000000036,0.5000000000000001,0.1816901138162081,0.04997373087569357,0.79,76.75066404028738,0.0175,0.1,1.0,has_near_zero,has_near_zero,has_near_zero,False,0,True,4,False,0,True,5,0.34762771791159225,0.3135602015562562,0.8869179600886918,moderate,False,False,none,0.39999999999999997,0.0,-0.32999999999999996,-0.73,0.6125562913907284,0.8928571428571428,0.7727057710501418,False,none,-0.020000000000000018,-0.6399999999999999,-45.51724137931034,-2.469135802469138,-44.137931034482754,False,半导体,False,1.0,True,falling,False,False,0.0,0.34762771791159225,0.41143550766260717,半导体,-5.0,-2.0,3.0,0.3,0.5,-0.2209319108711763,0.7764740020468197,-0.49867191942523453,False,True,0.022723239073152768,0.02824731739737252,,,,,,,0.6585365853658537,0,-0.9440586419753085,none,0.34414531217189687,False,stable,23.249335959712617,单年巨幅下滑-15.0分(年跌-44.1%); 加速下滑-0.2分(加速度-0.50); 峰值明显下跌-8分(从1.4跌至0.8，跌幅-45.5%),,,0,0
688411.SH,海博思创,电气设备,2.5389,0.6713361312712243,1.403,0.9289860214124642,0.008209580324932698,,4.86,107.80882352941177,1.3483333333333334,1.0,0.02748633611151033,has_loss,has_loss,has_loss,True,1,True,2,True,1,True,2,1.1023181454568647,2.3347098320776394,2.3087818696883855,moderate,False,False,none,0.12,0.0,1.732,1.612,0.6488923183742706,1.0,0.935334651193245,False,none,0.5200000000000005,3.01,265.4135338345865,11.981566820276509,226.3157894736842,False,电气设备,False,1.0,False,rising,False,False,0.0,1.1023181454568647,1.0,电气设备,-5.0,-2.0,3.0,0.3,0.5,0.5939975808429336,0.8191431015861631,0.030694486211609195,False,False,0.6713361312712243,0.9289860214124642,,,,,,,0.07161803713527852,0,0.0,none,0.3436762247227472,False,increasing_vol,7.191176470588236,波动率飙升预警-5.2分(近期波动是早期的2.6倍); 趋势不可靠-2分(Bootstrap CI过宽: 0.547),high_growth,"高速成长(稳健CAGR=134.8%, MK趋势=1.00)",1,0
688419.SH,耐科装备,半导体,0.774,-0.0030978134852330808,-0.003999999999999981,0.0030131039589732164,0.9301447699171508,0.03112514572305436,0.78,100.0,0.002916666666666687,0.0,1.0,has_near_zero,has_near_zero,has_near_zero,False,0,True,5,False,0,True,5,0.14539600729451893,0.11282730166054669,0.3479381443298969,stable,False,False,none,0.17000000000000004,0.0,-0.05099999999999999,-0.22100000000000003,0.3929983514408233,1.0,0.31205758848230347,False,none,0.14,-0.27,-14.285714285714285,21.875000000000004,-29.67032967032967,False,半导体,False,1.421875,True,rising,False,False,0.0,0.14539600729451893,0.3059001391689485,半导体,-5.0,-2.0,3.0,0.3,0.5,-0.04965341348443536,0.2160840087611803,-0.13556662159390626,False,False,-0.0030978134852330808,0.0030131039589732164,,,,,,,0.2783505154639176,0,0.0,none,0.14516739707875204,False,increasing_vol,0.0,,,,0,0
688428.SH,诺诚健华-U,生物制药,-0.328,-0.0008549162552713818,0.0,5.0869139046853435e-05,0.9909190009505047,,-0.26,110.0,0.029166666666666667,0.2,0.8064959405073401,poor,poor,poor,True,5,True,5,True,5,True,5,0.6118105633100422,0.20067386476569388,1.6768292682926826,high_volatility,False,False,none,-0.09999999999999998,0.0,0.16999999999999998,0.26999999999999996,0.21682187643145118,0.12903225806451607,0.8965873836608064,False,none,0.07,0.26999999999999996,56.666666666666664,21.21212121212121,44.99999999999999,False,生物制药,True,inf,True,rising,False,False,0.0,0.6118105633100422,1.0,生物制药,-5.0,-2.0,3.0,0.3,0.5,0.1558342751096163,0.9025232990495462,0.24522906459038243,False,False,-0.0008549162552713818,5.0869139046853435e-05,,,,,,,0.07161803713527852,0,0.0,none,0.6118105633100424,False,decreasing_vol,2.0,趋势不可靠-2分(Bootstrap CI过宽: 0.360),cyclical_bottom,"周期底部(mid_up), 近期强势(15.6%)",0,0
688432.SH,有研硅,半导体,0.207373,0.0,0.0,0.0,1.0,0.0,0.1871,71.9356246247716,0.0,0.1,1.0,has_near_zero,has_near_zero,has_near_zero,False,0,True,5,False,0,True,5,0.31795142179264685,0.06558066025895135,0.8242024629108892,moderate,False,False,none,0.06645000000000001,0.0,-0.06645000000000001,-0.13290000000000002,0.36115980853086166,0.5526547169913654,0.7500000000000001,False,none,0.0,-0.13290000000000002,-41.53125,0.0,-41.53125,False,半导体,False,2.1333333333333333,True,falling,False,False,0.0,0.31795142179264685,0.538805581878562,半导体,-5.0,-2.0,3.0,0.3,0.5,-0.06437537522839877,0.7500000000000001,-0.12875075045679754,False,True,0.003658210937703499,0.008252658833496894,,,,,,,0.7941176470588236,0,0.0,none,0.3166769262130535,False,decreasing_vol,28.0643753752284,单年巨幅下滑-15.0分(年跌-41.5%); 加速下滑-0.1分(加速度-0.13); 贝叶斯中度恶化预警-5分(恶化概率79.4%); 峰值明显下跌-8分(从0.3跌至0.2，跌幅-41.5%),,,0,0
688439.SH,振华风光,元器件,1.925783,-0.010581439210242705,-0.020540000000000003,0.20897350103283843,0.4389164310865754,-0.015315628457423514,1.6127,45.44452958705833,0.097875,0.2,0.8064959405073401,good,good,good,False,0,False,0,False,0,False,0,0.37403356837936325,0.7015897255519068,0.9988058046424344,moderate,False,False,none,0.05135000000000001,0.0,-0.10270000000000001,-0.15405000000000002,0.11403921387614677,0.022423674224755788,0.0173778550000694,True,severe,-1.4403,1.2348999999999999,-11.297508387877455,-47.176547658041265,67.92255651504317,False,元器件,False,2.588384908859686,True,falling,False,False,0.0,0.37403356837936325,0.6443448425514489,元器件,-5.0,-2.0,3.0,0.3,0.5,-0.05175104410177911,0.028050892500036197,-0.07704849017795146,False,False,0.07264773090461489,0.14399346962947338,,,,,,,0.9487554904831625,1,0.0,cliff_drop,0.3465972349780033,True,increasing_vol,54.55547041294167,严重恶化-15分; 单年巨幅下滑-15.0分(年跌-47.2%); 贝叶斯高置信度恶化-12分(恶化概率94.9%，严重恶化确认); 波动率飙升预警-4.6分(近期波动是早期的2.3倍); 峰值明显下跌-8分(从3.1跌至1.6，跌幅-47.2%),,,0,0
688443.SH,智翔金泰-U,生物制药,-1.9815,0.0,0.0,0.0,1.0,,-2.17,98.0,-0.02624999999999994,-0.5,0.26725749315438785,poor,poor,poor,True,5,False,0,True,5,False,0,0.2203410829467474,0.424817607921329,0.5186721991701244,moderate,False,False,none,0.9300000000000002,0.0,-0.3,-1.2300000000000002,0.6657030223390276,1.0,0.6570302233902755,False,none,-0.06999999999999984,0.0,-3.3333333333333255,-3.3333333333333255,0.0,False,生物制药,False,1.0,True,falling,False,False,0.0,0.2203410829467474,0.3096061996907312,生物制药,-5.0,-2.0,3.0,0.3,0.5,-0.014846472498091234,0.7500000000000001,-0.014846472498091234,False,False,-0.055024371348253,0.1519245704868575,,,,,,,0.49090909090909096,0,0.0,none,0.20211418443425902,True,decreasing_vol,2.0,波动聚集提示-2分(大波动后可能跟着大波动),,,0,0
688448.SH,磁谷科技,专用机械,0.8095,-0.0674477895939406,-0.089,0.6226211027593999,0.11254322421399315,-0.06448412681164661,0.72,92.0,-0.07499999999999998,-0.6,0.22067136191984693,has_near_zero,has_near_zero,has_near_zero,False,0,True,4,False,0,True,4,0.21200524423900088,0.18105247858010673,0.5269320843091336,stable,False,False,none,0.18000000000000016,0.0,-0.13500000000000004,-0.31500000000000017,0.4415835247395642,1.0,0.7476923076923078,False,none,0.04999999999999993,-0.1499999999999999,-12.19512195121951,7.462686567164169,-18.292682926829258,False,专用机械,False,1.6716417910447763,True,rising,False,False,0.0,0.21200524423900088,0.39248976753050424,专用机械,-5.0,-2.0,3.0,0.3,0.5,-0.039617668170271625,0.419773079097049,0.005429837688478545,False,False,-0.0674477895939406,0.6226211027593999,,,,,,,0.2783505154639176,0,0.0,none,0.1333944154009679,False,decreasing_vol,8.0,峰值明显下跌-8分(从1.1跌至0.7，跌幅-35.7%),,,0,0
688449.SH,联芸科技,半导体,0.09409200000000001,0.06737578846440781,0.06844,0.2844306412233115,0.3546815983481437,,0.32,98.0,0.07319166666666667,0.6,0.22067136191984693,poor,poor,poor,True,2,True,5,True,2,True,5,2.746709283667025,0.20204793490654638,7.34094616639478,high_volatility,False,False,none,-0.1039,0.0,0.27,0.3739,0.503264564431569,0.34841675449086856,0.9562745955400087,False,none,0.17,0.37,245.45454545454547,113.33333333333336,168.1818181818182,False,半导体,True,inf,True,rising,False,False,0.0,2.746709283667025,1.0,半导体,-5.0,-2.0,3.0,0.3,0.5,0.2665194437293362,0.9541556274251716,0.36955104875980976,True,False,0.06737578846440781,0.2844306412233115,,,,,,,0.07161803713527852,0,0.0,none,2.3195507442000918,False,stable,2.0,周期顶部预警-5分(警惕景气回落); 趋势不可靠-2分(Bootstrap CI过宽: 0.414),,,0,0
688468.SH,科美诊断,医疗保健,0.353,-0.0019020630237346126,-0.0020000000000000018,0.013903633404306172,0.8502162801027175,-0.007663399931927439,0.32,86.97406437305729,-0.0012500000000000011,-0.1,1.0,has_near_zero,has_near_zero,has_near_zero,False,0,True,5,False,0,True,5,0.07632348071246492,0.027018512172212586,0.16949152542372878,ultra_stable,False,False,none,0.024999999999999994,0.0,-0.03,-0.05499999999999999,0.4873824884792627,0.892857142857143,0.870967741935484,True,moderate,-0.04999999999999999,-0.010000000000000009,-15.789473684210526,-13.513513513513512,-2.6315789473684235,False,医疗保健,False,1.0,True,falling,False,False,0.0,0.07632348071246492,0.19439211790330527,医疗保健,-5.0,-2.0,3.0,0.3,0.5,-0.028313205722384854,0.8700801815683405,-0.05187125388543318,False,True,-0.0019020630237346126,0.013903633404306172,,,,,,,0.9866768176627332,1,4.13513513513513,single_year_drop,0.07579891449151828,False,stable,13.025935626942717,中度恶化-10分; 加速下滑-0.0分(加速度-0.05); 贝叶斯恶化预警-8分(恶化概率98.7%),,,0,0
688469.SH,芯联集成-U,半导体,-0.2519,0.04522051758285904,0.04699999999999999,0.5149907820265194,0.17228835085760535,,-0.14,81.0,0.03833333333333333,0.6,0.22067136191984693,poor,poor,poor,True,5,True,5,True,5,True,5,0.3894199748143927,0.10358571330062848,1.0150375939849623,moderate,False,False,none,0.15999999999999998,0.0,0.022,-0.13799999999999998,0.2918592979582616,1.0,0.14235294117647052,False,none,0.18,-0.11000000000000001,33.33333333333333,56.25,-52.380952380952394,False,半导体,False,inf,True,rising,False,False,0.0,0.3894199748143927,1.0,半导体,-5.0,-2.0,3.0,0.3,0.5,0.03446984808413177,0.15247457562938144,-0.06093897740676575,False,False,0.04522051758285904,0.5149907820265194,,,,,,,0.07161803713527852,0,0.0,none,0.2712895109588449,False,stable,19.0,"单年巨幅下滑-15.0分(年跌-52.4%); 趋势不确定预警-4分(Bootstrap CI跨零: [-0.043, 0.103])",,,0,0
688472.SH,阿特斯,电气设备,0.5741999999999999,0.024213932721406605,0.02949999999999998,0.17976157874560986,0.4768084283877898,0.021610744860517395,0.61,87.0,0.08333333333333329,0.4,0.4624327264504764,has_near_zero,has_near_zero,has_near_zero,False,0,True,5,False,0,True,5,0.5847340300255576,0.31926478039395445,1.5384615384615383,volatile,False,False,none,-0.55,0.0,0.195,0.7450000000000001,0.4553693493419749,1.0,0.466593042517946,True,moderate,-0.24,0.15000000000000002,-12.857142857142852,-28.235294117647058,21.428571428571434,False,电气设备,True,85.0,True,falling,False,False,0.0,0.5847340300255576,1.0,电气设备,-5.0,-2.0,3.0,0.3,0.5,-0.03764283721660283,0.14835619398640085,-0.09686408328094953,False,False,0.08475512354099504,0.20898964033108697,,,,,,,0.9025069637883009,1,0.0,single_year_drop,0.5175086597054758,False,decreasing_vol,13.0,中度恶化-10分; 周期回落期-3分(景气下行趋势); 贝叶斯恶化预警-8分(恶化概率90.3%),,,0,0
688475.SH,萤石网络,IT设备,0.81186,-0.014381642497261815,-0.01743999999999999,0.030942271114060456,0.777192310754842,-0.031166791750633194,0.6399,50.0,-0.011200000000000002,-0.2,0.8064959405073401,has_near_zero,has_near_zero,has_near_zero,False,0,True,3,False,0,True,3,0.20555182150747606,0.1686717136926047,0.44078578566379883,moderate,False,False,none,0.2753000000000001,0.0,-0.08202000000000001,-0.3573200000000001,0.392491869114324,1.0,0.3275538371963144,True,severe,-0.3601,0.2649,-12.950618963406333,-36.01,36.035913481159035,False,IT设备,False,1.3614474221194395,True,falling,False,False,0.0,0.20555182150747606,0.34596778015523943,IT设备,-5.0,-2.0,3.0,0.3,0.5,-0.03922401506749612,0.0745237852565222,-0.04277665349741527,False,False,-0.014381642497261815,0.030942271114060456,,,,,,,0.9487554904831625,1,0.0,cliff_drop,0.20278633752112352,False,stable,50.0,严重恶化-15分; 单年巨幅下滑-15.0分(年跌-36.0%); 贝叶斯高置信度恶化-12分(恶化概率94.9%，严重恶化确认); 峰值明显下跌-8分(从1.0跌至0.6，跌幅-36.1%),,,0,0
688478.SH,晶升股份,半导体,0.434715,0.007699639843156453,0.008630000000000004,0.02161380576870411,0.8134894827082155,0.0035570488808087664,0.39,58.20415808017546,0.014987500000000008,0.2,0.8064959405073401,has_near_zero,has_near_zero,has_near_zero,False,0,True,5,False,0,True,5,0.21106509875904755,0.09084241850589407,0.5278810408921935,moderate,False,False,none,0.10020000000000001,0.0,-0.005689999999999995,-0.10589000000000001,0.15348914759320886,1.0,0.005329246975415586,True,severe,-0.17000000000000004,0.22720000000000007,17.187500000000007,-30.35714285714286,68.26923076923079,False,半导体,False,1.5695612980769234,True,falling,False,False,0.0,0.21106509875904755,0.3781269187508278,半导体,-5.0,-2.0,3.0,0.3,0.5,0.026895239146194683,0.0625221284628221,0.05122605003884345,False,False,0.007699639843156453,0.02161380576870411,,,,,,,0.7873633049817741,1,0.0,cliff_drop,0.20867045276723556,False,increasing_vol,41.79584191982454,严重恶化-15分; 单年巨幅下滑-15.0分(年跌-30.4%); 贝叶斯中度恶化预警-5分(恶化概率78.7%); 峰值明显下跌-8分(从0.6跌至0.4，跌幅-30.4%),,,0,0
688484.SH,南芯科技,半导体,0.688,-0.0017201645940032595,-0.002000000000000013,0.011027430422516762,0.8665412578291342,0.008873984011861014,0.72,94.66666666666664,-0.0020833333333333355,0.0,1.0,has_near_zero,has_near_zero,has_near_zero,False,0,True,5,False,0,True,5,0.045435343519589305,0.031304951684997036,0.11611030478955,ultra_stable,False,False,none,-0.007500000000000007,0.0,0.019999999999999962,0.02749999999999997,0.20272938144329933,0.2500000000000019,0.24999999999999928,False,none,0.07999999999999996,-0.040000000000000036,5.8823529411764595,12.499999999999993,-5.8823529411764754,False,半导体,False,1.109375,True,rising,False,False,0.0,0.045435343519589305,0.18426494148233813,半导体,-5.0,-2.0,3.0,0.3,0.5,0.016384628479270358,0.2453664072922365,0.022564941449027154,False,False,-0.0017201645940032595,0.011027430422516762,,,,,,,0.13366336633663367,0,0.0,none,0.04520293614629151,True,increasing_vol,5.333333333333354,波动率飙升预警-5.3分(近期波动是早期的2.7倍),,,0,0
688486.SH,龙迅股份,半导体,1.3623,-0.011107733324142454,-0.019999999999999997,0.07717917091178238,0.6508837051932341,0.2021117935943466,1.42,93.0,0.11499999999999995,0.2,0.8064959405073401,good,good,good,False,0,True,1,False,0,False,0,0.2841161604939269,0.3750333318519835,0.7121212121212122,moderate,False,False,none,0.9400000000000001,0.0,-0.038000000000000055,-0.9780000000000001,0.6098687747035574,1.0,0.14268774703557344,True,moderate,-0.13000000000000012,0.21999999999999997,6.766917293233071,-8.387096774193555,16.54135338345864,False,半导体,False,1.1917293233082706,True,falling,False,False,0.0,0.2841161604939269,0.38619017150291096,半导体,-5.0,-2.0,3.0,0.3,0.5,0.026470699215500715,0.17630537607544639,-0.203732159607192,False,False,0.09893403451327869,0.3849605716742488,,,,,,,0.6492985971943889,1,0.0,single_year_drop,0.22846593342652963,True,decreasing_vol,7.0,中度恶化-10分; 波动聚集提示-2分(大波动后可能跟着大波动),,,0,0
688506.SH,百利天恒,化学制药,1.7683000000000002,-0.23799074188122377,-0.295,0.4364523529557701,0.22483684715815563,,9.25,81.35628726331035,-0.4175,-0.2,0.8064959405073401,poor,poor,poor,True,3,True,3,True,4,True,4,3.5650992159917285,4.5276760043094955,8.818897637795274,high_volatility,False,False,none,-0.445,0.0,5.015,5.46,0.6314744360233333,0.994933846926813,0.6635657302367794,False,none,11.2,-1.17,1285.8974358974358,574.3589743589744,-149.99999999999997,False,化学制药,False,1.0,False,rising,False,False,0.0,3.5650992159917285,1.0,化学制药,-5.0,-2.0,3.0,0.3,0.5,1.8188272218618806,0.6092539002003858,2.232204201869655,True,False,0.4477217107066808,0.18097458229710436,,,,,,,0.07161803713527852,0,0.0,none,2.904065480872054,True,increasing_vol,28.643712736689647,轻度衰退-4.8分(log斜率-0.238); 单年巨幅下滑-15.0分(年跌-150.0%); 波动率飙升预警-8.0分(近期波动是早期的13.9倍); 趋势不可靠-2分(Bootstrap CI过宽: 0.693),turnaround,扭亏为盈(曾亏损3年 -> 最新9.2),0,1
688508.SH,芯朋微,半导体,0.9474,-0.05206629763643332,-0.06700000000000002,0.27679369861880304,0.36246626641156465,-0.04363983487897383,0.87,70.0,-0.15250000000000002,-0.4,0.4624327264504764,has_near_zero,has_near_zero,has_near_zero,False,0,True,3,False,0,True,4,0.4817498835235931,0.4798228839894988,1.285140562248996,volatile,False,False,none,0.74,0.0,-0.302,-1.042,0.4984759426486707,1.0,0.4964833968426782,False,none,0.37,-0.29000000000000004,10.126582278481006,74.0,-36.708860759493675,False,半导体,False,3.56,True,rising,False,False,0.0,0.4817498835235931,0.8600665734855413,半导体,-5.0,-2.0,3.0,0.3,0.5,0.03078033408637809,0.036373079980042876,0.12304854353103678,False,False,-0.11054261260111908,0.30549017321696903,,,,,,,0.07161803713527852,0,0.0,none,0.40736335637174054,False,decreasing_vol,30.0,单年巨幅下滑-15.0分(年跌-36.7%); 峰值大幅下跌-15分(从1.8跌至0.9，跌幅-51.1%),,,0,0
688512.SH,慧智微-U,半导体,-0.891,-0.020762063633531856,-0.02799999999999999,0.2801754697203539,0.35900090147962327,,-0.96,99.94191509967753,-0.02020833333333332,-0.4,0.4624327264504764,poor,poor,poor,True,5,True,5,True,5,True,5,0.09364646403387532,0.08212794895770865,0.2166476624857468,ultra_stable,False,False,none,0.057499999999999996,0.0,-0.09499999999999997,-0.15249999999999997,0.508871950283873,0.9943609022556392,0.7893586005830904,False,none,-0.010000000000000009,-0.17999999999999994,-24.675324675324667,-1.0526315789473695,-23.376623376623368,False,半导体,False,1.0,True,falling,False,False,0.0,0.09364646403387532,0.2082505045604336,半导体,-5.0,-2.0,3.0,0.3,0.5,-0.07186708812127218,0.7876355871298037,-0.11616980064494076,False,True,-0.020762063633531856,0.2801754697203539,,,,,,,0.49090909090909096,0,-0.954970760233918,none,0.07887536422130562,False,increasing_vol,0.05808490032247038,加速下滑-0.1分(加速度-0.12),,,0,0
688513.SH,苑东生物,化学制药,1.7595,0.010540836755006656,0.022,0.13725881826625647,0.5393094382944305,-0.06506864185684547,1.36,53.769800565564886,-0.065,-0.2,0.8064959405073401,good,good,good,False,0,False,0,False,0,False,0,0.1477353325615685,0.26651453994106955,0.38248337028824825,stable,False,False,none,0.1349999999999999,0.0,-0.34499999999999986,-0.47999999999999976,0.5861233150129235,0.9886980108499093,0.9125351392793251,True,severe,-0.5299999999999998,-0.15999999999999992,-33.658536585365844,-28.042328042328034,-7.804878048780485,False,化学制药,False,1.0,True,falling,False,False,0.0,0.1477353325615685,0.2515215993825881,化学制药,-5.0,-2.0,3.0,0.3,0.5,-0.17563230689267761,0.896811063626337,-0.2381766466480001,False,True,-0.047549668765081196,0.3007862073666078,,,,,,,0.9983822509822048,2,2.592923280423281,accelerating_decline,0.125462820848816,True,increasing_vol,46.230199434435114,严重恶化-15分; 加速下滑-0.1分(加速度-0.24); 贝叶斯高置信度恶化-12分(恶化概率99.8%，严重恶化确认); 波动率飙升预警-5.1分(近期波动是早期的2.6倍); 峰值明显下跌-8分(从2.0跌至1.4，跌幅-33.7%); 连续下跌警示-6分(2年下跌，累计-23.6%),,,0,0
688515.SH,裕太微-U,半导体,-1.2502,-0.2990779619907076,-0.5039999999999999,0.3756475305315884,0.2716965809559287,,-2.53,20.203508469421536,-0.4781249999999999,-0.5,0.3122163883433192,poor,poor,poor,True,5,True,3,True,5,True,3,1.0348613484344245,1.1373126219294323,2.292993630573249,high_volatility,False,False,none,0.4875,0.0,-1.2599999999999998,-1.7474999999999998,0.6659122143961519,0.7500000000000001,0.9091221439615185,True,severe,-0.5699999999999998,-1.95,-25200.0,-29.081632653061217,-19500.0,False,半导体,False,1.0,False,falling,False,False,0.0,1.0348613484344245,0.9612224120808729,半导体,-5.0,-2.0,3.0,0.3,0.5,-0.8241578835264384,0.8534849742320635,-1.2545215226953923,False,True,-0.2990779619907076,0.3756475305315884,,,,,,,0.9747292418772563,2,-0.9985086342229199,sustained_decline,0.7383468233144682,False,increasing_vol,79.79649153057846,复合恶化-14.0分(触发2项恶化信号); 严重恶化-15分; 持续衰退重罚-10.0分(最新<加权); 单年巨幅下滑-15.0分(年跌-19500.0%); 加速下滑-0.6分(加速度-1.25); 贝叶斯高置信度恶化-12分(恶化概率97.5%，严重恶化确认); 波动率飙升预警-5.2分(近期波动是早期的2.6倍); 趋势不可靠-2分(Bootstrap CI过宽: 1.396); 连续下跌警示-6分(2年下跌，累计-156.9%),,,0,0
688516.SH,奥特维,专用机械,4.2003,0.019731789457141647,0.1,0.04206477919959973,0.7407049012958637,0.23164511550295797,4.05,99.71508990877473,0.8125,0.6,0.22067136191984693,good,good,good,False,0,False,0,False,0,False,0,0.36112802376443975,1.4474011192478746,0.9555888223552894,moderate,False,False,none,1.56,0.0,-0.41500000000000004,-1.975,0.676405965233708,0.9741673783091377,0.2898922740279414,True,moderate,-1.54,0.71,-17.008196721311478,-27.549194991055458,14.549180327868852,False,专用机械,False,1.0,True,falling,False,False,0.0,0.36112802376443975,0.4222357523448852,专用机械,-5.0,-2.0,3.0,0.3,0.5,-0.09093008216895782,0.3301563555640809,-0.5698201824505458,False,True,0.19390746411220783,0.5258102723480281,,,,,,,0.9487554904831625,1,0.0,single_year_drop,0.2578164571364987,False,stable,15.284910091225273,中度恶化-10分; 加速下滑-0.3分(加速度-0.57); 贝叶斯恶化预警-8分(恶化概率94.9%); 趋势不可靠-2分(Bootstrap CI过宽: 0.325),high_growth,"高速成长(稳健CAGR=81.2%, MK趋势=0.60)",1,0
688517.SH,金冠电气,电气设备,0.6245,-0.008967618002463474,-0.010999999999999987,0.06289331831188646,0.6840694922971334,-0.021213466262955394,0.67,100.0,0.0025000000000000022,0.1,1.0,has_near_zero,has_near_zero,has_near_zero,False,0,True,5,False,0,True,5,0.10706934573993689,0.06745368781616023,0.23809523809523814,ultra_stable,False,False,none,-0.15000000000000002,0.0,0.028000000000000025,0.17800000000000005,0.5043719298245615,1.0,0.6877192982456142,False,none,0.08000000000000007,0.010000000000000009,15.51724137931036,13.559322033898319,1.7241379310344844,False,电气设备,False,1.0,False,rising,False,False,0.0,0.10706934573993689,0.21898880992528286,电气设备,-5.0,-2.0,3.0,0.3,0.5,0.03815846146219781,0.8336196431277947,0.1008938466389569,True,False,-0.008967618002463474,0.06289331831188646,,,,,,,0.07161803713527852,0,0.0,none,0.10344896366151023,False,decreasing_vol,0.0,,,,0,0
688518.SH,联赢激光,专用机械,0.5900000000000001,0.08961861424613145,0.1,0.3091487998987531,0.3304529311230018,0.17167100585756923,0.49,47.781643769758105,0.05875,0.4,0.4624327264504764,has_near_zero,has_near_zero,has_near_zero,False,0,True,5,False,0,True,5,0.528523163819598,0.29597297173897485,1.1250000000000002,volatile,False,False,none,0.315,0.0,-0.2,-0.515,0.5663295150079602,0.8091193259037781,0.8241758241758242,True,severe,-0.36,-0.040000000000000036,-44.943820224719104,-42.35294117647059,-4.494382022471914,False,专用机械,False,1.0,True,falling,False,False,0.0,0.528523163819598,0.5561518643890118,专用机械,-5.0,-2.0,3.0,0.3,0.5,-0.16458288911354935,0.8181298654254149,-0.4367124604837824,False,True,0.08961861424613145,0.3091487998987531,,,,,,,0.9983149583553994,1,8.423529411764697,cliff_drop,0.44678557154274307,False,decreasing_vol,52.218356230241895,严重恶化-15分; 单年巨幅下滑-15.0分(年跌-42.4%); 加速下滑-0.2分(加速度-0.44); 贝叶斯高置信度恶化-12分(恶化概率99.8%，严重恶化确认); 趋势不可靠-2分(Bootstrap CI过宽: 0.465); 峰值明显下跌-8分(从0.9跌至0.5，跌幅-44.9%),,,0,0
688520.SH,神州细胞,生物制药,-0.9622000000000002,0.375509771252775,0.506,0.7928398816356614,0.04282392467771852,,0.24,113.0,0.5225,0.8,0.0864107329737,poor,poor,poor,True,4,True,2,True,4,True,2,0.7836629916853665,0.8730005727374982,2.0017953321364454,moderate,False,False,none,-0.25,0.0,0.6990000000000001,0.9490000000000001,0.6852793008099896,1.0,0.9547930080998953,False,none,1.13,0.29999999999999993,120.16806722689076,126.96629213483143,25.210084033613438,False,生物制药,False,1.0,False,rising,False,False,0.0,0.7836629916853665,0.7602637266816266,生物制药,-5.0,-2.0,3.0,0.3,0.5,0.623654631706159,0.8711056537046207,0.4679695559762973,True,False,0.375509771252775,0.7928398816356614,,,,,,,0.07161803713527852,0,0.0,none,0.31359267421205683,False,stable,2.0,趋势不可靠-2分(Bootstrap CI过宽: 0.507),high_growth,"高速成长(稳健CAGR=52.2%, MK趋势=0.80)",1,0
688525.SH,佰维存储,半导体,-0.1217,0.029868491534288354,0.031,0.33518804338090197,0.30640165965652433,,0.37,75.34232808429384,0.008333333333333331,0.1,1.0,has_loss,has_loss,has_near_zero,True,1,True,4,False,0,True,5,9.631085738378617,0.7704868590702894,22.749999999999996,high_volatility,False,False,none,0.0,0.0,0.09499999999999997,0.09499999999999997,0.06220804665871571,0.0,0.009016884803676687,False,none,1.8199999999999998,-1.63,105.55555555555556,125.51724137931033,-905.5555555555555,False,半导体,True,inf,True,rising,False,False,0.0,9.631085738378617,1.0,半导体,-5.0,-2.0,3.0,0.3,0.5,0.09149860845360255,0.012012684843030759,0.09149860845360255,False,False,-0.111548587707526,0.07532168471869148,,,,,,,0.07161803713527852,0,0.0,none,9.230955902559604,True,increasing_vol,24.657671915706157,单年巨幅下滑-15.0分(年跌-905.6%); 周期顶部预警-5分(警惕景气回落); 波动率飙升预警-8.0分(近期波动是早期的12.3倍),,,0,0
688531.SH,日联科技,专用机械,1.1287,0.16805285136113718,0.229,0.7393889462664336,0.061624190622988045,0.3134549472120791,1.25,103.0,0.3075,0.8,0.0864107329737,has_near_zero,has_near_zero,has_near_zero,False,0,True,2,False,0,True,2,0.3979633984432916,0.4218412023498891,1.0471698113207548,moderate,False,False,none,0.39,0.0,0.025000000000000022,-0.365,0.5232315779155537,0.9825581395348838,0.019757639620653352,True,moderate,-0.28,0.33000000000000007,4.1666666666666705,-18.300653594771244,27.500000000000007,False,专用机械,False,1.0,True,falling,False,False,0.0,0.3979633984432916,0.4517040520879666,专用机械,-5.0,-2.0,3.0,0.3,0.5,0.015809939234783355,0.022742030133842368,-0.28790652394015875,False,False,0.16805285136113718,0.7393889462664336,,,,,,,0.7873633049817741,1,0.0,single_year_drop,0.20419135198035962,False,stable,12.0,中度恶化-10分; 贝叶斯中度恶化预警-5分(恶化概率78.7%); 趋势不可靠-2分(Bootstrap CI过宽: 0.302),high_growth,"高速成长(稳健CAGR=30.8%, MK趋势=0.80)",1,0
688535.SH,华海诚科,半导体,0.6157000000000001,-0.03563759153328898,-0.040499999999999994,0.38940717886222576,0.2605667738234,-0.05614047317688853,0.5,75.0,-0.08000000000000002,-0.4,0.4624327264504764,has_near_zero,has_near_zero,has_near_zero,False,0,True,5,False,0,True,5,0.3301647907674287,0.2113054660911544,0.859375,moderate,False,False,none,0.33999999999999997,0.0,-0.16699999999999998,-0.5069999999999999,0.5795313909511135,1.0,0.7813139095111358,False,none,0.08000000000000002,-0.26000000000000006,-26.470588235294123,19.04761904761905,-38.235294117647065,False,半导体,False,2.3095238095238098,True,rising,False,False,0.0,0.3301647907674287,0.572068340550451,半导体,-5.0,-2.0,3.0,0.3,0.5,-0.07749657236806784,0.4441262934021733,-0.09840960161481621,False,False,-0.06777944630226099,0.3840128358894234,,,,,,,0.435483870967742,0,0.0,none,0.2626092592557905,True,decreasing_vol,25.0,单年巨幅下滑-15.0分(年跌-38.2%); 波动聚集提示-2分(大波动后可能跟着大波动); 峰值明显下跌-8分(从1.0跌至0.5，跌幅-48.5%),,,0,0
688538.SH,和辉光电-U,半导体,-0.15130000000000002,-0.030651971127720203,-0.031,0.63064451434636,0.10860043707337591,,-0.18,79.66666666666666,-0.03166666666666666,-0.6,0.22067136191984693,poor,poor,poor,True,5,True,5,True,5,True,5,0.4352545673341534,0.06180614856144978,1.0563380281690142,moderate,False,False,none,0.020000000000000004,0.0,-0.041,-0.061000000000000006,0.26466640430834176,1.0,0.6428298279158701,False,none,0.05000000000000002,-0.11000000000000001,-50.0,21.739130434782613,-91.66666666666669,False,半导体,False,inf,True,rising,False,False,0.0,0.4352545673341534,1.0,半导体,-5.0,-2.0,3.0,0.3,0.5,-0.029664026967494282,0.2991589025840049,-0.019724141217709386,False,False,-0.030651971127720203,0.63064451434636,,,,,,,0.6067415730337079,0,0.0,none,0.26513874080305216,False,increasing_vol,20.333333333333336,单年巨幅下滑-15.0分(年跌-91.7%); 波动率飙升预警-5.3分(近期波动是早期的2.7倍),,,0,0
688543.SH,国科军工,专用机械,0.9925,0.10224181022393757,0.13699999999999998,0.9300499928722261,0.008023062892482332,0.15982128721156807,1.14,100.0,0.12874999999999998,1.0,0.02748633611151033,has_near_zero,has_near_zero,has_near_zero,False,0,True,2,False,0,True,2,0.242071287586597,0.22367386973001563,0.5519480519480519,ultra_stable,False,False,none,0.185,0.0,0.06999999999999995,-0.11500000000000005,0.5132784773692163,0.9604770813844716,0.9423076923076914,False,none,0.039999999999999813,0.10000000000000009,13.99999999999999,3.636363636363619,10.000000000000009,False,专用机械,False,1.0,False,rising,False,False,0.0,0.242071287586597,0.3269903634026109,专用机械,-5.0,-2.0,3.0,0.3,0.5,0.04780725038589634,0.9386683347596919,-0.09569008747275398,False,True,0.10224181022393757,0.9300499928722261,,,,,,,0.07161803713527852,0,0.0,none,0.06033003780159627,False,decreasing_vol,0.0,,,,0,0
688545.SH,兴福电子,元器件,0.6034999999999999,0.0,0.0,0.0,1.0,0.0,0.61,79.0,0.0,-0.1,1.0,has_near_zero,has_near_zero,has_near_zero,False,0,True,5,False,0,True,5,0.1506948877938544,0.09192388155425119,0.42622950819672134,stable,False,False,none,0.065,0.0,-0.065,-0.13,0.18740350877193024,0.7499999999999999,0.25,False,none,0.13,-0.26,-17.56756756756757,27.083333333333336,-35.13513513513514,False,元器件,False,1.5416666666666667,True,rising,False,False,0.0,0.1506948877938544,0.3261114657906391,元器件,-5.0,-2.0,3.0,0.3,0.5,-0.05387354122772453,0.23576059061419874,-0.10774708245544906,False,False,-0.011412877144171945,0.05289135349968803,,,,,,,0.435483870967742,0,0.0,none,0.14687920801407614,False,increasing_vol,21.0,单年巨幅下滑-15.0分(年跌-35.1%); 波动率飙升预警-6.0分(近期波动是早期的3.0倍),,,0,0
688553.SH,汇宇制药-W,化学制药,0.7311000000000001,-0.09646913511489072,-0.12299999999999997,0.330706732446854,0.3104397916679973,-0.05116263238727348,0.77,75.0,-0.16166666666666665,-0.4,0.4624327264504764,has_near_zero,has_near_zero,has_near_zero,False,0,True,4,False,0,True,4,0.4334588284826868,0.3328963802747035,1.1328124999999998,volatile,False,False,none,-0.18,0.0,0.09000000000000002,0.27,0.2540837402314292,0.34455866713931227,0.16553133514986387,False,none,0.44,-0.25999999999999995,30.508474576271194,133.33333333333331,-44.06779661016949,False,化学制药,False,3.6363636363636362,True,rising,False,False,0.0,0.4334588284826868,0.8316155476346343,化学制药,-5.0,-2.0,3.0,0.3,0.5,0.07441968228773,0.14711107662580783,0.2170904926021296,False,False,-0.09646913511489072,0.330706732446854,,,,,,,0.07161803713527852,0,0.0,none,0.35179751982415547,False,stable,25.0,单年巨幅下滑-15.0分(年跌-44.1%); 趋势不可靠-2分(Bootstrap CI过宽: 0.480); 峰值明显下跌-8分(从1.2跌至0.8，跌幅-35.8%),,,0,0
688557.SH,兰剑智能,专用机械,1.2765,-0.024008326215150488,-0.03899999999999999,0.09360471232770157,0.616619342416595,-0.07460881861902569,1.1,87.0,-0.03916666666666665,-0.2,0.8064959405073401,good,good,good,False,0,False,0,False,0,False,0,0.15762285545988802,0.2042792206760149,0.324074074074074,stable,False,False,none,-0.3899999999999999,0.0,0.024,0.4139999999999999,0.3161153073241807,1.0,0.02506527415143604,True,moderate,-0.41999999999999993,0.27,-11.999999999999993,-27.631578947368418,21.6,False,专用机械,False,1.3693693693693694,True,falling,False,False,0.0,0.15762285545988802,0.308680866950493,专用机械,-5.0,-2.0,3.0,0.3,0.5,-0.04862304141406221,0.14221080201073466,0.024962060904863137,False,False,-0.024008326215150488,0.09360471232770157,,,,,,,0.9025069637883009,1,0.0,single_year_drop,0.15026993791497142,False,stable,13.0,中度恶化-10分; 贝叶斯恶化预警-8分(恶化概率90.3%),,,0,0
688566.SH,吉贝尔,化学制药,0.9404000000000001,0.0941857901471344,0.12799999999999997,0.6960759836149508,0.07891732902946087,0.10064414988189863,1.13,100.0,0.14166666666666664,0.6,0.22067136191984693,has_near_zero,has_near_zero,has_near_zero,False,0,True,3,False,0,True,3,0.2668134626428616,0.24066574330386112,0.6208425720620843,stable,False,False,none,-0.16000000000000003,0.0,0.19,0.35000000000000003,0.539307009402501,1.0,0.8599333015721775,False,none,-0.040000000000000036,0.33999999999999997,36.14457831325301,-3.4188034188034218,40.963855421686745,False,化学制药,False,1.9180327868852458,True,falling,False,False,0.0,0.2668134626428616,0.4691884750323221,化学制药,-5.0,-2.0,3.0,0.3,0.5,0.10722701549013391,0.6594142213897346,0.08380058598792084,False,False,0.0941857901471344,0.6960759836149508,,,,,,,0.16167664670658682,0,0.0,none,0.1443797835574254,False,stable,0.0,,,,0,0
688567.SH,孚能科技,电气设备,-0.7944000000000002,-0.02570765720197653,-0.048,0.011184086064480722,0.8656001709886805,,-0.27,71.2280701754386,-0.11750000000000001,0.0,1.0,poor,poor,poor,True,5,True,4,True,5,True,4,0.6493055006205436,0.506458290484024,1.6153846153846154,high_volatility,False,False,none,-0.255,0.0,0.295,0.55,0.36601202920173526,0.7060260586319216,0.2189675417260757,False,none,1.26,-0.67,68.6046511627907,82.35294117647058,-77.90697674418605,False,电气设备,True,inf,True,rising,False,False,0.0,0.6493055006205436,1.0,电气设备,-5.0,-2.0,3.0,0.3,0.5,0.2560076896270158,0.29320146839425365,0.47381593516603004,False,False,-0.02570765720197653,0.011184086064480722,,,,,,,0.07161803713527852,0,0.0,none,0.6419736579601946,False,increasing_vol,28.771929824561404,单年巨幅下滑-15.0分(年跌-77.9%); 周期顶部预警-5分(警惕景气回落); 波动率飙升预警-6.8分(近期波动是早期的3.4倍); 趋势不可靠-2分(Bootstrap CI过宽: 0.545),,,0,0
688568.SH,中科星图,软件服务,0.8660000000000001,-0.02545695728717027,-0.03200000000000001,0.10416196806574492,0.5963226308520939,-0.044557207795633214,0.65,49.87736126295552,-0.031250000000000014,-0.2,0.8064959405073401,has_near_zero,has_near_zero,has_near_zero,False,0,True,3,False,0,True,3,0.18498454276202334,0.1631563667161046,0.4421768707482993,stable,False,False,none,0.13,0.0,-0.195,-0.325,0.5438930519405163,0.8622448979591839,0.9266856214459789,True,severe,-0.2899999999999999,-0.10000000000000009,-37.5,-30.85106382978723,-9.615384615384624,False,软件服务,False,1.0,True,falling,False,False,0.0,0.18498454276202334,0.281320967542952,软件服务,-5.0,-2.0,3.0,0.3,0.5,-0.1490763071275406,0.9163693835254392,-0.24527747408896045,False,True,-0.02545695728717027,0.10416196806574492,,,,,,,0.9991268971410525,2,2.208510638297869,accelerating_decline,0.1758649230566099,False,stable,50.12263873704448,严重恶化-15分; 单年巨幅下滑-15.0分(年跌-30.9%); 加速下滑-0.1分(加速度-0.25); 贝叶斯高置信度恶化-12分(恶化概率99.9%，严重恶化确认); 峰值明显下跌-8分(从1.0跌至0.7，跌幅-37.5%),,,0,0
688570.SH,天玛智控,专用机械,0.96,-0.006566254711131004,-0.007999999999999985,0.009722608163559958,0.8746581322128274,-0.018356423308626968,0.78,86.89496998904333,0.002500000000000016,0.0,1.0,has_near_zero,has_near_zero,has_near_zero,False,0,True,2,False,0,True,2,0.14971578820550363,0.1443260198301055,0.3319502074688797,stable,False,False,none,0.13000000000000006,0.0,-0.16000000000000003,-0.2900000000000001,0.5333338797266461,0.9337016574585634,0.8196371398078977,True,moderate,-0.29000000000000004,-0.030000000000000027,-29.090909090909093,-27.10280373831776,-2.7272727272727297,False,专用机械,False,1.0,True,falling,False,False,0.0,0.14971578820550363,0.2531059638977362,专用机械,-5.0,-2.0,3.0,0.3,0.5,-0.11668616786306452,0.8148022558564711,-0.21006002191334355,False,True,-0.006566254711131004,0.009722608163559958,,,,,,,0.9932937344318835,1,8.937694704049836,single_year_drop,0.14913967913963191,False,stable,13.105030010956671,中度恶化-10分; 加速下滑-0.1分(加速度-0.21); 贝叶斯恶化预警-8分(恶化概率99.3%),,,0,0
688576.SH,西山科技,医疗保健,1.820687,0.01798987478202039,0.03765,0.26080257718954647,0.3792590317727709,0.4412276309761791,1.97,105.0,0.40469999999999995,0.8,0.0864107329737,good,good,good,False,0,True,1,False,0,False,0,0.44952797228808,0.7660046553383341,1.2167697562235185,moderate,False,False,none,1.2113,0.0,0.15406999999999998,-1.0572300000000001,0.679525677981255,1.0,0.29525677981254916,True,moderate,-0.5599999999999998,0.6343999999999999,3.9248786663853146,-22.13438735177865,33.46697615530702,False,医疗保健,False,1.0,True,falling,False,False,0.0,0.44952797228808,0.4929557111637973,医疗保健,-5.0,-2.0,3.0,0.3,0.5,0.017095390503167773,0.01436468523208455,-0.4598477697051738,False,False,0.23500397683136914,0.6318017638856371,,,,,,,0.7873633049817741,1,0.0,single_year_drop,0.26807730995488116,False,stable,10.0,中度恶化-10分; 贝叶斯中度恶化预警-5分(恶化概率78.7%),high_growth,"高速成长(稳健CAGR=40.5%, MK趋势=0.80)",1,0
688578.SH,艾力斯,化学制药,1.1029,0.6390267532470384,0.943,0.9794249218324488,0.0012603852755057208,,3.18,107.88495575221239,0.9425000000000001,1.0,0.02748633611151033,has_loss,has_loss,has_loss,True,1,True,3,True,1,True,3,1.8879411622830606,1.5481117530721096,4.902439024390245,volatile,False,False,none,0.565,0.0,1.445,0.8800000000000001,0.6651483701066339,0.9061169457848423,0.9853667552814964,False,none,1.7500000000000002,1.14,996.5517241379312,122.3776223776224,393.10344827586204,False,化学制药,False,1.0,False,rising,False,False,0.0,1.8879411622830606,1.0,化学制药,-5.0,-2.0,3.0,0.3,0.5,0.7938996623864742,0.997009049150718,0.26905919423894487,True,False,0.6390267532470384,0.9794249218324488,,,,,,,0.07161803713527852,0,0.0,none,0.5080077088418175,False,increasing_vol,7.115044247787611,波动率飙升预警-5.1分(近期波动是早期的2.6倍); 趋势不可靠-2分(Bootstrap CI过宽: 0.314),high_growth,"高速成长(稳健CAGR=94.3%, MK趋势=1.00)",1,0
688579.SH,山大地纬,软件服务,0.19261,-0.02139421564975788,-0.021859999999999997,0.5500990649793327,0.15134434142027992,-0.09808225721302799,0.1602,78.0,-0.023937499999999997,-0.4,0.4624327264504764,has_near_zero,has_near_zero,has_near_zero,False,0,True,5,False,0,True,5,0.22879327813075034,0.046568583830732924,0.5055517343028397,stable,False,False,none,-0.04365000000000001,0.0,0.002700000000000008,0.046350000000000016,0.09555898829927027,0.6195143244535054,0.010499128673134872,True,moderate,-0.04269999999999999,0.048100000000000004,3.488372093023266,-21.04484967964514,31.072351421188632,False,软件服务,False,1.4877260981912146,True,falling,False,False,0.0,0.22879327813075034,0.3813981022634289,软件服务,-5.0,-2.0,3.0,0.3,0.5,0.002667119065940915,0.010578128263207243,0.045470593046722727,False,False,-0.02139421564975788,0.5500990649793327,,,,,,,0.7873633049817741,1,0.0,single_year_drop,0.15332964887033163,False,stable,22.0,"中度恶化-10分; 贝叶斯中度恶化预警-5分(恶化概率78.7%); 趋势不确定预警-4分(Bootstrap CI跨零: [-0.050, 0.009]); 峰值明显下跌-8分(从0.3跌至0.2，跌幅-37.8%)",,,0,0
688581.SH,安杰思,医疗保健,3.133856,0.27155697813915075,0.69832,0.7636472802642377,0.0527440823694101,0.36791389844120825,3.6414,106.0,0.8703000000000003,0.8,0.0864107329737,good,good,good,False,0,False,0,False,0,False,0,0.4224613184992243,1.2354289813663917,1.0772955450081385,stable,False,False,none,1.15,0.0,0.15070000000000006,-0.9992999999999999,0.660871046364255,0.9879479070693993,0.12216255657315041,True,moderate,-0.5490000000000004,0.8504000000000005,9.023952095808387,-13.101374570446744,25.46107784431139,False,医疗保健,False,1.0,True,falling,False,False,0.0,0.4224613184992243,0.47130238813271275,医疗保健,-5.0,-2.0,3.0,0.3,0.5,0.041523552384431284,0.14095345070606,-0.46419316822668366,False,False,0.27155697813915075,0.7636472802642377,,,,,,,0.6492985971943889,1,0.0,single_year_drop,0.1895177436054629,True,decreasing_vol,9.0,中度恶化-10分; 波动聚集提示-2分(大波动后可能跟着大波动); 趋势不可靠-2分(Bootstrap CI过宽: 0.493),high_growth,"高速成长(稳健CAGR=87.0%, MK趋势=0.80)",1,0
688582.SH,芯动联科,元器件,0.3078,0.04426729743920498,0.046000000000000006,0.4841570578012308,0.19193756347727894,0.16029789355304191,0.29000000000000004,48.0,0.08499999999999999,0.6,0.22067136191984693,has_near_zero,has_near_zero,has_near_zero,False,0,True,5,False,0,True,5,0.35803258141335426,0.10526157893552615,0.9523809523809526,moderate,False,False,none,0.09000000000000001,0.0,-0.024999999999999994,-0.115,0.4069803275992015,0.9959016393442622,0.10714285714285712,True,severe,-0.14999999999999997,0.09999999999999998,-14.705882352941172,-34.09090909090908,29.411764705882344,False,元器件,False,1.0,True,falling,False,False,0.0,0.35803258141335426,0.4197593984640168,元器件,-5.0,-2.0,3.0,0.3,0.5,-0.023843318535699903,0.11080648631969461,-0.11106495442598313,False,False,0.04426729743920498,0.4841570578012308,,,,,,,0.9487554904831625,1,0.0,cliff_drop,0.2588164949625415,True,stable,52.0,严重恶化-15分; 单年巨幅下滑-15.0分(年跌-34.1%); 贝叶斯高置信度恶化-12分(恶化概率94.9%，严重恶化确认); 波动聚集提示-2分(大波动后可能跟着大波动); 峰值明显下跌-8分(从0.4跌至0.3，跌幅-34.1%),,,0,0
688588.SH,凌志软件,软件服务,0.338271,-0.007632262054570421,-0.008060000000000001,0.5321343815631169,0.16187668735957708,-0.11486024925254412,0.3187,73.0,-0.0618875,-0.8,0.0864107329737,has_near_zero,has_near_zero,has_near_zero,False,0,True,5,False,0,True,5,0.3063463705432259,0.10866718455909309,0.8499661705006765,stable,False,False,none,-0.1542,0.0,-0.02742,0.12678,0.37214765972706754,1.0,0.28018504688778684,False,none,0.10099999999999998,-0.13529999999999998,-9.71671388101983,46.39412034910426,-38.32861189801699,False,软件服务,False,1.0,False,rising,False,False,0.0,0.3063463705432259,0.37841042976791406,软件服务,-5.0,-2.0,3.0,0.3,0.5,-0.01625710401472663,0.057712485437846135,0.05987627176296864,False,False,-0.05108918422056323,0.6323084387904157,,,,,,,0.2783505154639176,0,0.0,none,0.18470614798072998,False,stable,27.0,"单年巨幅下滑-15.0分(年跌-38.3%); 趋势不确定预警-4分(Bootstrap CI跨零: [-0.016, 0.002]); 峰值明显下跌-8分(从0.5跌至0.3，跌幅-38.6%)",,,0,0
688589.SH,力合微,半导体,0.6957,0.11782355377302707,0.13899999999999998,0.5957592904411687,0.12624112911758348,0.2068297984839611,0.7,46.0,0.15166666666666667,0.6,0.22067136191984693,has_near_zero,has_near_zero,has_near_zero,False,0,True,4,False,0,True,4,0.44848426771838373,0.293308711087823,1.131498470948012,moderate,False,False,none,0.21,0.0,-0.025000000000000022,-0.23500000000000001,0.34402283751839635,0.9018404907975459,0.015508684863523593,True,severe,-0.3700000000000001,0.32000000000000006,-6.666666666666672,-34.579439252336456,42.66666666666667,False,半导体,False,1.0,True,falling,False,False,0.0,0.44848426771838373,0.49212074750804036,半导体,-5.0,-2.0,3.0,0.3,0.5,-0.020240307238794775,0.01825252503291056,-0.20467074995003579,False,False,0.11782355377302707,0.5957592904411687,,,,,,,0.9487554904831625,1,0.0,cliff_drop,0.29699645501982824,False,increasing_vol,54.0,"严重恶化-15分; 单年巨幅下滑-15.0分(年跌-34.6%); 贝叶斯高置信度恶化-12分(恶化概率94.9%，严重恶化确认); 趋势不确定预警-4分(Bootstrap CI跨零: [-0.020, 0.264]); 峰值明显下跌-8分(从1.1跌至0.7，跌幅-34.6%)",,,0,0
688591.SH,泰凌微,半导体,0.2318,-0.013880514245505595,-0.015000000000000003,0.04446169504446514,0.733528403885944,,0.41,98.0,0.11249999999999998,0.2,0.8064959405073401,has_loss,has_loss,has_near_zero,True,1,True,5,False,0,True,5,2.359888510790181,0.4294997089638129,5.98901098901099,high_volatility,False,False,none,1.09,0.0,-0.039000000000000014,-1.129,0.6153095118268748,1.0,0.15309511826874697,False,none,0.15999999999999998,-0.030000000000000027,46.42857142857141,63.99999999999999,-10.714285714285724,False,半导体,False,2.12,True,rising,False,False,0.0,2.359888510790181,1.0,半导体,-5.0,-2.0,3.0,0.3,0.5,0.06141965484513123,0.5805880615325317,-0.34392472781453065,False,True,0.16066401982556683,0.37984073570340693,,,,,,,0.07161803713527852,0,0.0,none,1.8679702580387305,True,decreasing_vol,2.0,波动聚集提示-2分(大波动后可能跟着大波动),,,0,0
688596.SH,正帆科技,专用机械,1.2223000000000002,0.2232507192170603,0.34099999999999997,0.9715205310938397,0.002057494392325578,0.34178355221474366,1.88,110.95348837209302,0.37749999999999995,1.0,0.02748633611151033,has_near_zero,has_near_zero,has_near_zero,False,0,True,2,False,0,True,2,0.49216598794906335,0.5512259065029509,1.1607142857142856,ultra_stable,False,False,none,0.08000000000000007,0.0,0.4119999999999999,0.33199999999999985,0.5661438006816312,1.0,0.9974380068163122,False,none,0.4099999999999999,0.45999999999999996,86.13861386138612,27.89115646258503,45.54455445544554,False,专用机械,False,1.0,False,rising,False,False,0.0,0.49216598794906335,0.527066123692584,专用机械,-5.0,-2.0,3.0,0.3,0.5,0.250108927979979,0.9917667855702014,0.08169520540177877,True,False,0.2232507192170603,0.9715205310938397,,,,,,,0.07161803713527852,0,0.0,none,0.10237727533540847,True,increasing_vol,4.046511627906976,波动率飙升预警-4.0分(近期波动是早期的2.0倍),high_growth,"高速成长(稳健CAGR=37.7%, MK趋势=1.00)",1,0
688605.SH,先锋精科,半导体,0.8377,0.0,0.0,0.0,1.0,0.1849370025595991,1.38,92.0,0.0,0.1,1.0,has_near_zero,has_near_zero,has_near_zero,False,0,True,4,False,0,True,5,0.41320574529115306,0.3313910077235047,1.0598503740648377,moderate,False,False,none,0.0,0.0,0.33999999999999997,0.33999999999999997,0.3338807212205269,0.0,0.5714285714285715,False,none,0.8499999999999999,-0.16999999999999993,97.14285714285714,160.377358490566,-24.285714285714278,False,半导体,False,1.0,False,rising,False,False,0.0,0.41320574529115306,0.46389792956625575,半导体,-5.0,-2.0,3.0,0.3,0.5,0.23681773774765386,0.5360468815757701,0.23681773774765386,False,False,0.0802486798219027,0.28792473468005075,,,,,,,0.07161803713527852,0,0.0,none,0.34014427819199566,True,increasing_vol,8.0,波动率飙升预警-8.0分(近期波动是早期的inf倍),,,0,0
688608.SH,恒玄科技,半导体,2.331421,0.002468358252813574,0.09446999999999997,5.001719954016553e-05,0.9909953635345483,0.15023598673960414,3.8585,98.0,0.08321666666666667,0.2,0.8064959405073401,good,good,good,False,0,False,0,False,0,False,0,0.569505489011236,1.3116167016319973,1.2320023620542924,high_volatility,False,False,none,-0.5916,0.0,1.4186999999999999,2.0103,0.546772142159011,0.24787804941692682,0.7533833099852716,False,none,2.8245999999999998,0.012800000000000145,277.87679952991874,273.1985685269368,1.2535500930369352,False,半导体,True,3.3273920282048777,True,rising,False,False,0.0,0.569505489011236,0.8992566616363059,半导体,-5.0,-2.0,3.0,0.3,0.5,0.5817973773217604,0.7557538520066188,0.8994090231914451,True,False,0.002468358252813574,5.001719954016553e-05,,,,,,,0.07161803713527852,0,0.0,none,0.5658004149359809,False,stable,2.0,周期顶部预警-5分(警惕景气回落); 趋势不可靠-2分(Bootstrap CI过宽: 1.173),,,0,0
688615.SH,合合信息,软件服务,3.5994,0.27207643219975924,0.8779999999999998,0.908161195257531,0.012154605117982081,0.29927237325140577,4.93,115.0,0.8299999999999998,1.0,0.02748633611151033,good,good,good,False,0,False,0,False,0,False,0,0.4303078174819264,1.4355068791197065,0.9592326139088728,ultra_stable,False,False,none,1.025,0.0,0.575,-0.44999999999999996,0.3458175865292268,0.8224070450097847,0.9979625716872926,False,none,0.6200000000000001,0.5299999999999998,30.423280423280424,14.38515081206497,14.021164021164017,False,软件服务,False,1.0,False,rising,False,False,0.0,0.4303078174819264,0.4775795873188745,软件服务,-5.0,-2.0,3.0,0.3,0.5,0.12934560907418247,0.9999209485538701,-0.23265125820897958,False,True,0.27207643219975924,0.908161195257531,,,,,,,0.07161803713527852,0,0.0,none,0.10951302826166114,False,decreasing_vol,0.0,,high_growth,"高速成长(稳健CAGR=83.0%, MK趋势=1.00)",1,0
688617.SH,惠泰医疗,医疗保健,5.587899999999999,0.3105629900189545,1.4329999999999998,0.8788404264585622,0.018595310225421945,0.3306506985421547,6.96,108.0,1.4183333333333332,0.8,0.0864107329737,good,good,good,False,0,False,0,False,0,False,0,0.4759515797048217,2.45495824811747,1.1283443195036835,stable,False,False,none,1.5799999999999998,0.0,0.79,-0.7899999999999998,0.42712831999755607,0.9526668617149835,0.3487111673992403,True,moderate,-1.0799999999999992,2.6599999999999993,29.36802973977695,-13.432835820895514,49.442379182156124,False,医疗保健,False,1.0,True,falling,False,False,0.0,0.4759515797048217,0.5140945970971907,医疗保健,-5.0,-2.0,3.0,0.3,0.5,0.12704250377071502,0.39907837949174835,-0.29618623845504766,False,True,0.3105629900189545,0.8788404264585622,,,,,,,0.4807121661721069,1,0.0,single_year_drop,0.18321798352265098,False,stable,7.0,中度恶化-10分; 趋势不可靠-2分(Bootstrap CI过宽: 0.333),high_growth,"高速成长(稳健CAGR=141.8%, MK趋势=0.80)",1,0
688621.SH,阳光诺和,医疗保健,1.6239999999999999,0.007489163183460379,0.01399999999999999,0.1999699900193592,0.45022306743799717,0.06897593688269255,1.58,100.0,0.08124999999999999,0.4,0.4624327264504764,good,good,good,False,0,False,0,False,0,False,0,0.16852565766701705,0.26627053911388693,0.46835443037974683,stable,False,False,none,0.37,0.0,-0.18499999999999994,-0.5549999999999999,0.6484102828348424,0.9882098171318574,0.8858930112165658,False,none,-0.06999999999999984,-0.30000000000000004,-18.974358974358967,-4.242424242424233,-15.384615384615389,False,医疗保健,False,1.0,True,falling,False,False,0.0,0.16852565766701705,0.268153859466947,医疗保健,-5.0,-2.0,3.0,0.3,0.5,-0.09135653674315292,0.8939408725898655,-0.29070117778245763,False,True,0.050684404901921096,0.31101517266743994,,,,,,,0.49090909090909096,0,-0.7242424242424249,none,0.14368622011517118,False,decreasing_vol,0.0,加速下滑-0.1分(加速度-0.29),,,0,0
688623.SH,双元科技,专用机械,1.7995,0.10812403650984277,0.20500000000000002,0.3072799254468029,0.33223539278826597,0.09221237788511072,1.48,62.76257211400282,0.3849999999999999,0.6,0.22067136191984693,good,good,good,False,0,False,0,False,0,False,0,0.35997449754434624,0.6256356767320739,0.8860759493670886,moderate,False,False,none,0.5700000000000001,0.0,-0.3500000000000001,-0.9200000000000002,0.6195740771942764,0.9605794816201831,0.3951612903225808,True,severe,-1.1,0.3999999999999999,-32.11009174311927,-42.63565891472869,18.348623853211006,False,专用机械,False,1.0,True,falling,False,False,0.0,0.35997449754434624,0.4213129313688103,专用机械,-5.0,-2.0,3.0,0.3,0.5,-0.16886767688412596,0.44893442687110907,-0.4748557719943616,False,True,0.10812403650984277,0.3072799254468029,,,,,,,0.9866768176627332,1,0.0,cliff_drop,0.3078963276455049,False,stable,52.23742788599718,严重恶化-15分; 单年巨幅下滑-15.0分(年跌-42.6%); 加速下滑-0.2分(加速度-0.47); 贝叶斯高置信度恶化-12分(恶化概率98.7%，严重恶化确认); 趋势不可靠-2分(Bootstrap CI过宽: 0.484); 峰值明显下跌-8分(从2.6跌至1.5，跌幅-42.6%),high_growth,"高速成长(稳健CAGR=38.5%, MK趋势=0.60)",1,0
688627.SH,精智达,专用机械,0.9806610000000001,-0.015738630913572547,-0.021300000000000006,0.5136706556292018,0.17310501754947685,0.13895621877055797,0.8562,41.8687963491158,0.15089999999999998,0.2,0.8064959405073401,has_near_zero,has_near_zero,has_near_zero,False,0,True,4,False,0,True,5,0.352722884420776,0.3337463932389383,0.9847812301838934,moderate,False,False,none,0.4779,0.0,0.011039999999999994,-0.46686,0.36555541665638847,1.0,0.0029525843179714194,True,severe,-0.5844000000000001,0.5019000000000001,-8.788750399488658,-40.56643065389422,53.46756152125282,False,专用机械,False,1.2929050814956857,True,falling,False,False,0.0,0.352722884420776,0.4545656517360456,专用机械,-5.0,-2.0,3.0,0.3,0.5,-0.03070140820684364,0.021981727970868625,-0.20484548428505858,False,False,0.08631888358780718,0.3229384269788979,,,,,,,0.9487554904831625,1,0.0,cliff_drop,0.295918377921226,False,increasing_vol,58.1312036508842,"严重恶化-15分; 单年巨幅下滑-15.0分(年跌-40.6%); 贝叶斯高置信度恶化-12分(恶化概率94.9%，严重恶化确认); 波动率飙升预警-4.1分(近期波动是早期的2.1倍); 趋势不确定预警-4分(Bootstrap CI跨零: [-0.035, 0.005]); 峰值明显下跌-8分(从1.4跌至0.9，跌幅-40.6%)",,,0,0
688630.SH,芯碁微装,专用机械,1.1715,0.09531183807226787,0.13899999999999998,0.7808536736748085,0.04679546878674894,0.12060518393186204,1.23,95.0,0.16749999999999993,0.8,0.0864107329737,has_near_zero,has_near_zero,has_near_zero,False,0,True,2,False,0,True,2,0.22897382043506553,0.2523291501194422,0.5898366606170599,ultra_stable,False,False,none,0.17499999999999993,0.0,0.050000000000000044,-0.12499999999999989,0.29533116493487277,0.9975570032573289,0.1071428571428573,True,moderate,-0.19999999999999996,0.30000000000000004,8.849557522123902,-13.986013986013985,26.54867256637169,False,专用机械,False,1.0,True,falling,False,False,0.0,0.22897382043506553,0.31651238968138573,专用机械,-5.0,-2.0,3.0,0.3,0.5,0.032330282610612826,0.11869237578454606,-0.09437108582742554,False,False,0.09531183807226787,0.7808536736748085,,,,,,,0.6492985971943889,1,0.0,single_year_drop,0.11249157991684791,False,stable,5.0,中度恶化-10分,,,0,0
688631.SH,莱斯信息,软件服务,0.8105,0.0,0.0,0.0,1.0,0.0,0.79,87.0,0.0,0.1,1.0,has_near_zero,has_near_zero,has_near_zero,False,0,True,5,False,0,True,5,0.08688681192324868,0.06985699678629194,0.2363184079601991,ultra_stable,False,False,none,0.0,0.0,0.019000000000000006,0.019000000000000006,0.023259806662287587,0.0,0.09364461738002595,True,moderate,-0.13,0.19000000000000006,8.219178082191789,-14.130434782608695,26.027397260273982,False,软件服务,False,1.2602739726027399,True,falling,False,False,0.0,0.08688681192324868,0.23754597921896425,软件服务,-5.0,-2.0,3.0,0.3,0.5,0.02388508859884586,0.10207089281172277,0.04777017719769172,False,False,0.009881858130388287,0.08472310371106093,,,,,,,0.6492985971943889,1,0.0,single_year_drop,0.08304043722786317,False,increasing_vol,13.0,中度恶化-10分; 波动率飙升预警-8.0分(近期波动是早期的5.3倍),,,0,0
688652.SH,京仪装备,半导体,0.6839000000000001,0.18640441031431126,0.213,0.8590663058797605,0.0234832628723356,0.9734336780974697,0.91,98.0,0.21375000000000002,0.8,0.0864107329737,has_near_zero,has_near_zero,has_near_zero,False,0,True,5,False,0,True,5,0.5785131107890631,0.3586781286892191,1.3870967741935485,stable,False,False,none,0.32999999999999996,0.0,0.09500000000000003,-0.23499999999999993,0.5650929891559813,0.97029997029997,0.7106299212598426,False,none,-0.010000000000000009,0.20000000000000007,26.3888888888889,-1.0869565217391313,27.77777777777779,False,半导体,False,1.0,True,falling,False,False,0.0,0.5785131107890631,0.5961438219645838,半导体,-5.0,-2.0,3.0,0.3,0.5,0.07365359715479808,0.7125268397862116,-0.2308514871246749,False,True,0.18640441031431126,0.8590663058797605,,,,,,,0.16167664670658682,0,0.0,none,0.19903186594827274,True,decreasing_vol,2.0,波动聚集提示-2分(大波动后可能跟着大波动),,,0,0
688656.SH,浩欧博,医疗保健,0.8639,-0.13563189812709497,-0.187,0.7016400957271075,0.07659208897397946,-0.16262943352494508,0.59,57.0,-0.15625,-0.6,0.22067136191984693,has_near_zero,has_near_zero,has_near_zero,False,0,True,3,False,0,True,3,0.38971597917385997,0.35853870083995115,0.8804347826086957,moderate,False,False,none,0.19999999999999996,0.0,-0.23399999999999999,-0.43399999999999994,0.31971965033784167,1.0,0.6578087457952908,True,moderate,-0.16000000000000003,0.08999999999999997,-10.606060606060614,-21.333333333333336,13.63636363636363,False,医疗保健,False,1.6287878787878787,True,falling,False,False,0.0,0.38971597917385997,0.5289445005108051,医疗保健,-5.0,-2.0,3.0,0.3,0.5,-0.029679253656277993,0.19868349844510702,0.168512521571826,False,False,-0.13563189812709497,0.7016400957271075,,,,,,,0.9025069637883009,1,0.0,single_year_drop,0.2204338714499649,False,decreasing_vol,43.0,中度恶化-10分; 相对加权下滑-10.0分(最新为加权68.3%); 贝叶斯恶化预警-8分(恶化概率90.3%); 峰值大幅下跌-15分(从1.4跌至0.6，跌幅-57.9%),,,0,0
688662.SH,富信科技,元器件,0.5668000000000001,-0.20224570285330543,-0.24400000000000005,0.5003565307329992,0.1814632202062909,,0.52,48.19508594293389,-0.22000000000000003,-0.8,0.0864107329737,has_loss,has_loss,has_loss,True,1,True,3,True,1,True,3,0.8088107347751389,0.5176388702560889,1.984375,volatile,False,False,none,-0.25000000000000006,0.0,-0.04999999999999999,0.20000000000000007,0.224356751704678,0.7948283170835101,0.014261266400456352,False,none,0.67,-0.77,-16.129032258064512,446.6666666666667,-124.19354838709677,False,元器件,False,1.0,False,rising,False,False,0.0,0.8088107347751389,0.7803819211534444,元器件,-5.0,-2.0,3.0,0.3,0.5,-0.043435243901382536,0.01168439494457531,0.14548213213154954,False,False,-0.20224570285330543,0.5003565307329992,,,,,,,0.435483870967742,0,0.0,none,0.5392549475317774,True,increasing_vol,51.80491405706611,轻度衰退-4.0分(log斜率-0.202); 持续衰退重罚-10.0分(最新<加权); 单年巨幅下滑-15.0分(年跌-124.2%); 波动率飙升预警-5.8分(近期波动是早期的2.9倍); 趋势不可靠-2分(Bootstrap CI过宽: 0.550); 峰值大幅下跌-15分(从1.1跌至0.5，跌幅-53.6%),,,0,0
688663.SH,新风光,电气设备,1.091,0.049853479870496445,0.07399999999999998,0.5482751862874216,0.15239633781387116,0.05214951738102269,1.25,91.28571428571429,0.06375000000000003,0.6,0.22067136191984693,has_near_zero,has_near_zero,has_near_zero,False,0,True,2,False,0,True,2,0.14783720061314956,0.1558204094462596,0.33206831119544594,ultra_stable,False,False,none,-0.04999999999999999,0.0,0.16499999999999998,0.21499999999999997,0.49353348508020056,0.6048387096774192,0.9004961411245869,False,none,0.07000000000000006,0.2599999999999999,35.8695652173913,5.932203389830514,28.260869565217376,False,电气设备,False,1.0,False,rising,False,False,0.0,0.14783720061314956,0.251603093823853,电气设备,-5.0,-2.0,3.0,0.3,0.5,0.11196696110842413,0.8920017254417388,0.14786004058707847,True,False,0.049853479870496445,0.5482751862874216,,,,,,,0.07161803713527852,0,0.0,none,0.09763541333728978,False,increasing_vol,8.714285714285714,"波动率飙升预警-4.7分(近期波动是早期的2.4倍); 趋势不确定预警-4分(Bootstrap CI跨零: [-0.043, 0.121])",,,0,0
688676.SH,金盘科技,电气设备,0.9217000000000001,0.14672042751496878,0.199,0.8352694430248759,0.02991699402034298,0.2109037244395271,1.29,92.0,0.18291666666666667,0.8,0.0864107329737,has_near_zero,has_near_zero,has_near_zero,False,0,True,3,False,0,True,3,0.3998030587360883,0.34463023663050807,0.8352668213457078,stable,False,False,none,0.03500000000000003,0.0,0.31,0.27499999999999997,0.48933500927293266,0.4651898734177215,0.8781602193116052,False,none,0.1100000000000001,0.5099999999999999,92.53731343283582,9.322033898305094,76.1194029850746,False,电气设备,False,1.0,False,rising,False,False,0.0,0.3998030587360883,0.45317578032220396,电气设备,-5.0,-2.0,3.0,0.3,0.5,0.22221135030745365,0.863571624567286,0.19266555742272073,True,False,0.14672042751496878,0.8352694430248759,,,,,,,0.07161803713527852,0,0.0,none,0.16310550074855878,False,increasing_vol,8.0,波动率飙升预警-8.0分(近期波动是早期的4.8倍),,,0,0
688677.SH,海泰新光,医疗保健,1.4341,-0.05675757410918873,-0.09299999999999997,0.9943223434143267,0.00018187956315578657,-0.06730622796028063,1.12,40.79309644387814,-0.09166666666666665,-0.6,0.22067136191984693,good,good,good,False,0,False,0,False,0,False,0,0.2639545429870999,0.3859015418471401,0.6703146374829,moderate,False,False,none,0.31000000000000005,0.0,-0.49,-0.8,0.6031332154105483,0.6662814883290963,0.8107834308869877,True,severe,-0.07999999999999985,-0.9000000000000001,-46.666666666666664,-6.666666666666654,-42.85714285714286,False,医疗保健,False,1.4893617021276597,True,falling,False,False,0.0,0.2639545429870999,0.4097451946733679,医疗保健,-5.0,-2.0,3.0,0.3,0.5,-0.2618745761581195,0.8239884045530724,-0.4138071122437229,False,True,-0.05675757410918873,0.19252575810753195,,,,,,,0.9507042253521126,2,-0.8444444444444447,sustained_decline,0.24404087006288158,False,stable,59.20690355612186,严重恶化-15分; 单年巨幅下滑-15.0分(年跌-42.9%); 加速下滑-0.2分(加速度-0.41); 贝叶斯高置信度恶化-12分(恶化概率95.1%，严重恶化确认); 高置信度衰退-3分(Bootstrap CI确认下行); 峰值明显下跌-8分(从2.1跌至1.1，跌幅-46.7%); 连续下跌警示-6分(2年下跌，累计-24.3%),,,0,0
688681.SH,科汇股份,电气设备,0.28900000000000003,-0.1182280751349217,-0.12999999999999998,0.3823924720810475,0.26620026654091405,,0.29,83.0,-0.10291666666666666,-0.4,0.4624327264504764,has_loss,has_loss,has_loss,True,1,True,5,True,1,True,5,0.9825874709220994,0.32228869046244857,2.3475609756097566,high_volatility,False,False,none,-0.385,0.0,0.18,0.565,0.5974522735653869,0.8455504848830578,0.9989722507708118,False,none,0.16999999999999998,0.19,514.2857142857142,141.66666666666666,271.4285714285714,False,电气设备,False,1.0,False,rising,False,False,0.0,0.9825874709220994,0.9194033100710128,电气设备,-5.0,-2.0,3.0,0.3,0.5,0.1780123367969421,0.9985757074993036,0.5393170993478209,True,False,-0.1182280751349217,0.3823924720810475,,,,,,,0.07161803713527852,0,0.0,none,0.7568102463358652,False,decreasing_vol,17.0,趋势不可靠-2分(Bootstrap CI过宽: 0.576); 峰值大幅下跌-15分(从0.7跌至0.3，跌幅-58.6%),,,0,0
688683.SH,莱尔科技,元器件,0.33490000000000003,-0.09026903230939491,-0.097,0.8650982372498995,0.021947348570485078,-0.19446559072684533,0.24,70.0,-0.10583333333333332,-0.8,0.0864107329737,has_near_zero,has_near_zero,has_near_zero,False,0,True,5,False,0,True,5,0.45250513637108813,0.16471186963907608,1.0439560439560438,stable,False,False,none,-0.12499999999999997,0.0,-0.04000000000000001,0.08499999999999996,0.39115942108932716,0.9393787575150301,0.3720930232558141,False,none,0.04999999999999999,-0.13,-25.000000000000007,26.315789473684205,-40.625,False,元器件,False,1.0,False,rising,False,False,0.0,0.45250513637108813,0.49533744243020383,元器件,-5.0,-2.0,3.0,0.3,0.5,-0.03851111543319512,0.36812892221144156,0.07556614728627296,True,False,-0.09026903230939491,0.8650982372498995,,,,,,,0.435483870967742,0,0.0,none,0.16500677879610162,False,stable,30.0,单年巨幅下滑-15.0分(年跌-40.6%); 峰值大幅下跌-15分(从0.6跌至0.2，跌幅-57.9%),,,0,0
688687.SH,凯因科技,生物制药,0.6859999999999999,0.04550896962566311,0.055999999999999994,0.42071704730239073,0.2364042782509196,0.09557402882427435,0.85,100.0,0.06416666666666665,0.6,0.22067136191984693,has_near_zero,has_near_zero,has_near_zero,False,0,True,5,False,0,True,5,0.203159147908219,0.13367871932360811,0.547112462006079,stable,False,False,none,-0.04999999999999999,0.0,0.18,0.22999999999999998,0.4793291441498052,0.3424657534246573,0.9908256880733946,False,none,0.15000000000000002,0.20999999999999996,73.46938775510205,21.428571428571434,42.85714285714285,False,生物制药,False,1.3469387755102042,True,rising,False,False,0.0,0.203159147908219,0.3421191550612691,生物制药,-5.0,-2.0,3.0,0.3,0.5,0.14949386016671273,0.9859380770656158,0.19348454185898561,True,False,0.04550896962566311,0.42071704730239073,,,,,,,0.07161803713527852,0,0.0,none,0.1522034766997481,False,stable,0.0,,,,0,0
688689.SH,银河微电,半导体,0.6858,-0.036993314367856425,-0.04349999999999998,0.6202891435250606,0.11370188179043253,-0.060895584246247414,0.56,86.0,-0.06416666666666665,-0.6,0.22067136191984693,has_near_zero,has_near_zero,has_near_zero,False,0,True,4,False,0,True,5,0.34042545887774434,0.24306377763870948,0.8683473389355743,moderate,False,False,none,0.40000000000000013,0.0,-0.185,-0.5850000000000002,0.5692653440009537,1.0,0.7242619828589567,False,none,0.06000000000000005,-0.17000000000000004,-16.41791044776119,12.00000000000001,-25.373134328358216,False,半导体,False,2.24,True,rising,False,False,0.0,0.34042545887774434,0.5710070337688622,半导体,-5.0,-2.0,3.0,0.3,0.5,-0.0468462052740255,0.39767666061334656,-0.026317334147742233,False,False,-0.07520221648666638,0.4009930107793457,,,,,,,0.435483870967742,0,0.0,none,0.26936672982898496,True,decreasing_vol,14.0,"波动聚集提示-2分(大波动后可能跟着大波动); 趋势不确定预警-4分(Bootstrap CI跨零: [-0.064, 0.021]); 峰值明显下跌-8分(从1.1跌至0.6，跌幅-50.0%)",,,0,0
688691.SH,灿芯股份,半导体,0.646002,0.0,0.0,0.0,1.0,0.0,0.56,71.8075543242703,0.0,0.1,1.0,has_near_zero,has_near_zero,has_near_zero,False,0,True,4,False,0,True,5,0.35994340146378107,0.2317099652582944,0.8846739366825118,volatile,False,False,none,0.24705,0.0,-0.24705,-0.4941,0.4808076696594916,0.6378160318391936,0.7499999999999997,False,none,0.0,-0.4941,-46.87411061569111,0.0,-46.87411061569111,False,半导体,False,2.1751960379694597,True,falling,False,False,0.0,0.35994340146378107,0.5779808595669529,半导体,-5.0,-2.0,3.0,0.3,0.5,-0.1924456757296989,0.7499999999999999,-0.3848913514593978,False,True,0.0066828673838662585,0.0033738118465621147,,,,,,,0.7941176470588236,0,0.0,none,0.3594666574998614,False,stable,28.1924456757297,单年巨幅下滑-15.0分(年跌-46.9%); 加速下滑-0.2分(加速度-0.38); 贝叶斯中度恶化预警-5分(恶化概率79.4%); 峰值明显下跌-8分(从1.1跌至0.6，跌幅-46.9%),,,0,0
688692.SH,达梦数据,软件服务,5.2415,0.00924668801955999,0.05,0.08256068618327998,0.6392536248247315,0.20039561997603061,5.44,105.0,0.4150000000000005,0.4,0.4624327264504764,good,good,good,False,0,False,0,False,0,False,0,0.3578878351058206,1.8431223507949763,1.0019417475728154,moderate,False,False,none,5.16,0.0,-0.6549999999999999,-5.815,0.6383930449100859,1.0,0.3839304491008584,False,none,0.25,0.47000000000000064,15.254237288135608,4.816955684007707,9.957627118644082,False,软件服务,False,1.6483050847457628,True,rising,False,False,0.0,0.3578878351058206,0.5060842793840915,软件服务,-5.0,-2.0,3.0,0.3,0.5,0.0696378162457949,0.9637146708569155,-0.21290944916933963,False,False,0.10089673645667356,0.17398081324060052,,,,,,,0.07161803713527852,0,0.0,none,0.34542032955808255,True,decreasing_vol,10.0,波动聚集提示-2分(大波动后可能跟着大波动); 峰值明显下跌-8分(从7.8跌至5.4，跌幅-30.1%),high_growth,"高速成长(稳健CAGR=41.5%, MK趋势=0.40)",1,0
688698.SH,伟创电气,电气设备,0.9022,0.10005535133672364,0.13399999999999998,0.9451516049992068,0.00554417419837213,0.15580922956349008,1.16,94.15384615384616,0.13374999999999992,1.0,0.02748633611151033,has_near_zero,has_near_zero,has_near_zero,False,0,True,3,False,0,True,3,0.25395170844570075,0.218906372680194,0.5916473317865429,ultra_stable,False,False,none,0.065,0.0,0.18999999999999995,0.12499999999999994,0.5209994962639576,0.9825581395348834,0.977436823104693,False,none,0.1399999999999999,0.24,48.7179487179487,13.725490196078422,30.769230769230766,False,电气设备,False,1.0,False,rising,False,False,0.0,0.25395170844570075,0.3364947000898939,电气设备,-5.0,-2.0,3.0,0.3,0.5,0.13656856734884748,0.9695750415506886,0.08369342718272671,True,False,0.10005535133672364,0.9451516049992068,,,,,,,0.07161803713527852,0,0.0,none,0.06385781412771642,False,increasing_vol,5.846153846153844,波动率飙升预警-5.8分(近期波动是早期的2.9倍),,,0,0
688702.SH,盛科通信-U,半导体,-0.0776,-0.005996703509752127,-0.006000000000000001,0.1345137442825629,0.5437163859656278,,-0.17,66.0,-0.030000000000000002,-0.6,0.22067136191984693,poor,poor,poor,True,5,True,5,True,5,True,5,0.9207338730881488,0.06260990336999411,2.3529411764705888,volatile,False,False,none,0.019999999999999997,0.0,-0.045,-0.065,0.3413038553259141,0.9999999999999996,0.7297297297297298,True,severe,-0.12000000000000001,0.03,-112.5,-240.0,37.5,False,半导体,True,inf,True,falling,False,False,0.0,0.9207338730881488,1.0,半导体,-5.0,-2.0,3.0,0.3,0.5,-0.04463836222034931,0.5180455239658192,-0.019678657383863048,False,False,-0.031837162495585804,0.6533209838222086,,,,,,,0.9866768176627332,1,0.0,cliff_drop,0.5423261445466406,False,increasing_vol,34.0,严重恶化-15分; 单年巨幅下滑-15.0分(年跌-240.0%); 贝叶斯高置信度恶化-12分(恶化概率98.7%，严重恶化确认),,,0,0
688710.SH,益诺思,生物制药,1.3325,0.004426924608616667,0.007000000000000006,0.02246406808102476,0.8098835383856218,0.15419197162372322,1.26,50.0,0.2675,0.6,0.22067136191984693,good,good,good,False,0,True,1,False,0,False,0,0.31768165017730415,0.40663251222694924,0.8828125000000002,moderate,False,False,none,0.345,0.0,-0.06999999999999995,-0.4149999999999999,0.4222655795816417,0.9514388489208631,0.0534934497816593,True,severe,-0.5800000000000001,0.44000000000000017,-9.999999999999993,-31.521739130434785,31.428571428571445,False,生物制药,False,1.0,True,falling,False,False,0.0,0.31768165017730415,0.3874786534751766,生物制药,-5.0,-2.0,3.0,0.3,0.5,-0.04207864297364128,0.06616793753744023,-0.2806498457255317,False,False,0.11461178133517591,0.499497337805251,,,,,,,0.9487554904831625,1,0.0,cliff_drop,0.23279087042981048,False,stable,50.0,严重恶化-15分; 单年巨幅下滑-15.0分(年跌-31.5%); 贝叶斯高置信度恶化-12分(恶化概率94.9%，严重恶化确认); 峰值明显下跌-8分(从1.8跌至1.3，跌幅-31.5%),,,0,0
688720.SH,艾森股份,半导体,0.426,-0.0034504194506953523,-0.0040000000000000036,0.0046980506551350725,0.912797580186726,0.0066893361007969165,0.38,80.0,-0.0037500000000000033,0.0,1.0,has_near_zero,has_near_zero,has_near_zero,False,0,True,5,False,0,True,5,0.20395469946537567,0.0872926113711808,0.46728971962616833,moderate,False,False,none,0.18000000000000005,0.0,-0.03700000000000001,-0.21700000000000005,0.3490358123561176,1.0,0.26051379638439587,True,moderate,-0.10999999999999999,0.14,8.57142857142858,-22.448979591836732,40.00000000000001,False,半导体,False,1.4857142857142858,True,falling,False,False,0.0,0.20395469946537567,0.36125899766753866,半导体,-5.0,-2.0,3.0,0.3,0.5,0.01409041818880799,0.04314113815656288,0.023499201266321573,False,False,-0.0034504194506953523,0.0046980506551350725,,,,,,,0.7873633049817741,1,0.0,single_year_drop,0.2034186809315787,True,decreasing_vol,20.0,中度恶化-10分; 贝叶斯中度恶化预警-5分(恶化概率78.7%); 波动聚集提示-2分(大波动后可能跟着大波动); 峰值明显下跌-8分(从0.6跌至0.4，跌幅-30.9%),,,0,0
688721.SH,龙图光罩,半导体,0.8005,0.0,0.0,0.0,1.0,0.0,0.83,100.0,0.0,0.1,1.0,has_near_zero,has_near_zero,has_near_zero,False,0,True,5,False,0,True,5,0.09100137361600642,0.07280109889280514,0.2124999999999999,ultra_stable,False,False,none,-0.07999999999999996,0.0,0.07999999999999996,0.15999999999999992,0.44923465695858333,0.7500000000000001,0.7032967032967031,False,none,-0.010000000000000009,0.16999999999999993,23.88059701492536,-1.1904761904761916,25.373134328358198,False,半导体,False,1.253731343283582,True,falling,False,False,0.0,0.09100137361600642,0.23996527799728273,半导体,-5.0,-2.0,3.0,0.3,0.5,0.06400340774455043,0.7051783424915369,0.12800681548910087,True,False,0.0007675921729762058,0.00043487208663842803,,,,,,,0.16167664670658682,0,0.0,none,0.09097990849632677,False,stable,0.0,,,,0,0
688726.SH,拉普拉斯,专用机械,1.1839680000000001,0.0,0.0,0.0,1.0,0.14857705740696603,1.96,95.90265375424475,0.10422499999999998,0.3,0.5790997419539189,good,good,good,False,0,True,1,False,0,False,0,0.5079639416054621,0.5760006319440978,1.4364957581529885,volatile,False,False,none,-0.39755,0.0,0.81445,1.212,0.674981188209979,0.7499999999999999,0.99981188209979,False,none,0.8337999999999999,0.7951000000000001,491.9661733615221,74.03658320014206,240.1389308366053,False,专用机械,False,1.0,False,rising,False,False,0.0,0.5079639416054621,0.539704486617703,专用机械,-5.0,-2.0,3.0,0.3,0.5,0.5501358801373217,0.9906862367524564,0.871398837578397,True,False,0.09154916907849855,0.13616047859594202,,,,,,,0.07161803713527852,0,0.0,none,0.451618148372274,True,increasing_vol,4.09734624575525,波动率飙升预警-4.1分(近期波动是早期的2.0倍),,,0,0
688729.SH,屹唐股份,半导体,0.12090000000000001,0.04271514453961926,0.043000000000000003,0.8940274640770659,0.015135135596825569,1.1147425268811282,0.2,100.0,0.04541666666666667,0.8,0.0864107329737,has_near_zero,has_near_zero,has_near_zero,False,0,True,5,False,0,True,5,0.6657658523054648,0.07190271204899021,1.759259259259259,moderate,False,False,none,0.065,0.0,0.03,-0.035,0.27440354768614944,0.998031496062992,0.519230769230769,False,none,0.08000000000000002,-0.020000000000000018,42.85714285714285,66.66666666666669,-14.285714285714295,False,半导体,False,1.1666666666666667,True,rising,False,False,0.0,0.6657658523054648,0.6881682373999274,半导体,-5.0,-2.0,3.0,0.3,0.5,0.02957172822168805,0.5180335574228655,-0.03520168206082816,False,False,0.04271514453961926,0.8940274640770659,,,,,,,0.07161803713527852,0,0.0,none,0.21665479549625175,False,stable,0.0,,,,0,0
688750.SH,金天钛业,小金属,0.39111999999999997,0.0,0.0,0.0,1.0,0.0023790313980047717,0.4017,100.0,0.0004750000000000032,0.3,0.5790997419539189,has_near_zero,has_near_zero,has_near_zero,False,0,True,5,False,0,True,5,0.04660134298869472,0.018209008759402574,0.11107130060910067,ultra_stable,False,False,none,-0.019799999999999984,0.0,0.021699999999999997,0.04149999999999998,0.4648121056154362,0.7500000000000001,0.8151210561543617,False,none,0.0038000000000000256,0.03959999999999997,12.112754674853472,0.955013822568491,11.052190901479198,False,小金属,False,1.0,False,rising,True,False,0.0,0.04660134298869472,0.39320268597738944,小金属,-5.0,-2.0,1.6,0.3,0.24,0.020283939159162517,0.8146963579742414,0.03880365149783349,False,False,0.0007056907281966174,0.004293942551699867,,,,,,,0.07161803713527852,0,0.0,none,0.04649975633849379,False,stable,0.0,,,,0,0
688755.SH,汉邦科技,专用机械,0.8572,0.0,0.0,0.0,1.0,0.11370882455518161,1.2,92.75,0.05249999999999999,0.3,0.5790997419539189,has_near_zero,has_near_zero,has_near_zero,False,0,True,4,False,0,True,5,0.26090314521567565,0.21707141681944214,0.6971153846153845,moderate,False,False,none,-0.08000000000000002,0.0,0.29,0.37,0.5427221396731055,0.7499999999999999,0.937221396731055,False,none,0.41999999999999993,0.16000000000000003,93.54838709677419,53.84615384615383,25.80645161290323,False,专用机械,False,1.0,False,rising,False,False,0.0,0.26090314521567565,0.34205584950587387,专用机械,-5.0,-2.0,3.0,0.3,0.5,0.21503710096026202,0.9516402017243963,0.28057493187818067,True,False,0.05979970801693735,0.35426567230139266,,,,,,,0.07161803713527852,0,0.0,none,0.20636707722437264,True,increasing_vol,7.249999999999998,波动率飙升预警-7.2分(近期波动是早期的3.6倍),,,0,0
688772.SH,珠海冠宇,电气设备,0.4666,-0.13400047609069948,-0.15799999999999997,0.4267911125066752,0.2318949670211863,-0.18230532842392966,0.38,95.0,-0.14875,-0.2,0.8064959405073401,has_near_zero,has_near_zero,has_near_zero,False,0,True,5,False,0,True,5,0.7220232037127141,0.37111992670833505,1.6926070038910506,volatile,False,False,none,-0.385,0.0,0.15,0.535,0.4964110412503132,0.6540300044124137,0.9133964817320703,False,none,0.07,0.22999999999999998,375.0,22.580645161290324,287.49999999999994,False,电气设备,True,11.875,True,rising,False,False,0.0,0.7220232037127141,1.0,电气设备,-5.0,-2.0,3.0,0.3,0.5,0.14574373998453155,0.9096034225734284,0.49140500091718703,True,False,-0.13400047609069948,0.4267911125066752,,,,,,,0.07161803713527852,0,0.0,none,0.5339394830479199,False,decreasing_vol,17.0,趋势不可靠-2分(Bootstrap CI过宽: 0.555); 峰值大幅下跌-15分(从0.9跌至0.4，跌幅-60.0%),cyclical_bottom,"周期底部(mid_up), 近期强势(14.6%)",0,0
688775.SH,影石创新,IT设备,1.6446,0.37159570595024033,0.6419999999999999,0.9778049653798583,0.0014128284366182523,0.7005867287277308,2.76,110.925,0.6320833333333333,1.0,0.02748633611151033,has_near_zero,has_near_zero,has_near_zero,False,0,True,2,False,0,True,2,0.7140216075785557,1.0367593742040628,1.6735537190082643,stable,False,False,none,0.3999999999999999,0.0,0.815,0.41500000000000004,0.5406293136111765,0.9997917100604042,0.9405177703308633,False,none,0.45999999999999996,1.17,144.24778761061947,20.0,103.53982300884957,False,IT设备,False,1.0,False,rising,False,False,0.0,0.7140216075785557,0.7045506193961779,IT设备,-5.0,-2.0,3.0,0.3,0.5,0.38465610461369676,0.9054888253242618,0.061610586696887404,False,False,0.37159570595024033,0.9778049653798583,,,,,,,0.07161803713527852,0,0.0,none,0.14521721810583121,False,increasing_vol,4.075000000000001,波动率飙升预警-4.1分(近期波动是早期的2.0倍),high_growth,"高速成长(稳健CAGR=63.2%, MK趋势=1.00)",1,0
688777.SH,中控技术,专用机械,1.3800000000000001,0.0765866272664901,0.12,0.5716676402123049,0.13919419519369866,0.10570986613209787,1.42,96.0,0.12375,0.4,0.4624327264504764,good,good,good,False,0,True,1,False,0,True,1,0.1949929950944508,0.25739075352467505,0.5000000000000002,stable,False,False,none,0.33000000000000007,0.0,-0.09500000000000008,-0.42500000000000016,0.6148281621676118,0.9702999702999704,0.827981651376147,False,none,-0.020000000000000018,-0.17000000000000015,-11.801242236024855,-1.3888888888888902,-10.559006211180133,False,专用机械,False,1.0,True,falling,False,False,0.0,0.1949929950944508,0.28932772940889395,专用机械,-5.0,-2.0,3.0,0.3,0.5,-0.05235967500509531,0.8309985274246569,-0.25670904442639,False,True,0.0765866272664901,0.5716676402123049,,,,,,,0.32530120481927716,0,-0.8684640522875817,none,0.13176156917368254,False,decreasing_vol,4.0,"加速下滑-0.1分(加速度-0.26); 趋势不确定预警-4分(Bootstrap CI跨零: [-0.058, 0.210])",,,0,0
688789.SH,宏华数科,专用机械,2.8445,-0.07105598187809321,-0.21100000000000002,0.5815571223961717,0.133799263887091,-0.06224004641298109,2.32,52.0,-0.3325,-0.6,0.22067136191984693,good,good,good,False,0,False,0,False,0,False,0,0.15137026143570245,0.44654227123532225,0.3966101694915255,ultra_stable,False,False,none,0.4900000000000002,0.0,-0.39700000000000013,-0.8870000000000003,0.7739694256921348,1.0,0.9919066049907171,True,severe,-0.4200000000000004,-0.45999999999999996,-27.500000000000007,-15.328467153284683,-14.374999999999998,False,专用机械,False,1.0,True,falling,False,False,0.0,0.15137026143570245,0.2544295424818953,专用机械,-5.0,-2.0,3.0,0.3,0.5,-0.15081977506556865,0.9997872287581362,-0.18152833764799026,False,False,-0.07105598187809321,0.5815571223961717,,,,,,,0.9872029250457038,3,0.06632814979371718,chronic_decline,0.10061431532414805,False,stable,48.0,"严重恶化-15分; 贝叶斯高置信度恶化-12分(恶化概率98.7%，严重恶化确认); 趋势不确定预警-4分(Bootstrap CI跨零: [-0.151, 0.047]); 峰值明显下跌-8分(从3.5跌至2.3，跌幅-33.5%); 连续下跌警示-9分(3年下跌，累计-22.7%)",,,0,0
688798.SH,艾为电子,半导体,0.7427,-0.08606374963909003,-0.13099999999999995,0.038865543679055856,0.75062470982233,,1.1,102.0,-0.06499999999999997,0.0,1.0,has_loss,has_loss,has_loss,True,1,True,3,True,1,True,3,1.169164459261408,0.9142866071424212,3.0818414322250636,high_volatility,False,False,none,-0.5700000000000001,0.0,0.7100000000000001,1.2800000000000002,0.46166999276780374,0.2235396647019701,0.9812483778873605,False,none,0.8800000000000001,0.54,443.75,400.0000000000001,168.75,False,半导体,True,inf,True,rising,False,False,0.0,1.169164459261408,1.0,半导体,-5.0,-2.0,3.0,0.3,0.5,0.6325614549199623,0.9918163377628485,1.164054226476769,True,False,-0.08606374963909003,0.038865543679055856,,,,,,,0.07161803713527852,0,0.0,none,1.1387663686209664,False,decreasing_vol,10.0,趋势不可靠-2分(Bootstrap CI过宽: 1.446); 峰值明显下跌-8分(从2.1跌至1.1，跌幅-47.4%),cyclical_bottom,"周期底部(mid_up), 近期强势(63.3%)",0,0
688799.SH,华纳药厂,化学制药,1.9849999999999999,-0.004410411975641804,-0.010000000000000054,0.16035961065721258,0.5041073694185482,-0.03995253085484585,1.75,79.0,-0.05749999999999994,-0.4,0.4624327264504764,good,good,good,False,0,False,0,False,0,False,0,0.09034554819366604,0.18105247858010673,0.249500998003992,ultra_stable,False,False,none,-0.05500000000000005,0.0,-0.09999999999999998,-0.04499999999999993,0.16735270978532843,0.9972527472527473,0.1578947368421052,True,moderate,-0.5,0.30000000000000004,-10.256410256410255,-22.22222222222222,15.384615384615389,False,化学制药,False,1.153846153846154,True,falling,False,False,0.0,0.09034554819366604,0.22612259240108668,化学制药,-5.0,-2.0,3.0,0.3,0.5,-0.047575392407070316,0.17865435426203743,-0.023024294482000274,False,False,-0.01864466921467083,0.13147264699880873,,,,,,,0.9025069637883009,1,0.0,single_year_drop,0.08522568437520466,True,increasing_vol,21.0,中度恶化-10分; 贝叶斯恶化预警-8分(恶化概率90.3%); 波动率飙升预警-8.0分(近期波动是早期的7.3倍),,,0,0
688800.SH,瑞可达,元器件,1.2849,0.0025351207203029857,0.003000000000000014,0.0014878655055616148,0.9508996911905787,0.05092178938624636,1.11,69.65620532731066,0.01666666666666667,0.0,1.0,has_near_zero,has_near_zero,has_near_zero,False,0,True,2,False,0,True,2,0.46166132694011935,0.5927731437911133,1.129283489096573,volatile,False,False,none,0.7,0.0,-0.6,-1.2999999999999998,0.6453649834342599,0.9105550049554012,0.5991678224687933,False,none,0.2500000000000001,-1.4500000000000002,-51.94805194805194,29.069767441860478,-62.770562770562776,False,元器件,False,2.686046511627907,True,rising,False,False,0.0,0.46166132694011935,0.7274685964358164,元器件,-5.0,-2.0,3.0,0.3,0.5,-0.3086007905354122,0.5465948262260711,-0.6875893453786657,False,True,0.0025351207203029857,0.00015663940047751853,,,,,,,0.6067415730337079,0,0.0,none,0.4616465458681377,False,stable,30.343794672689334,单年巨幅下滑-15.0分(年跌-62.8%); 加速下滑-0.3分(加速度-0.69); 峰值大幅下跌-15分(从2.3跌至1.1，跌幅-51.9%),,,0,0
688819.SH,天能股份,电气设备,1.9669000000000003,-0.04638839162742932,-0.11699999999999999,0.10001133623676886,0.6041596536549094,-0.11933733227217969,1.6,48.0,-0.1383333333333333,-0.2,0.8064959405073401,good,good,good,False,0,False,0,False,0,False,0,0.2584016068984753,0.5173200170107475,0.6193806193806195,moderate,False,False,none,-1.2400000000000002,0.0,0.09500000000000006,1.3350000000000002,0.549231048244866,1.0,0.08525813612961133,True,severe,-0.77,0.41000000000000014,-18.3673469387755,-32.48945147679325,20.918367346938783,False,电气设备,False,1.6690140845070425,True,falling,False,False,0.0,0.2584016068984753,0.4292564967863859,电气设备,-5.0,-2.0,3.0,0.3,0.5,-0.08830957395654748,0.2563094455393058,0.05142321029652497,False,False,-0.04638839162742932,0.10001133623676886,,,,,,,0.9737039819684448,1,0.0,cliff_drop,0.24131483805398068,False,decreasing_vol,52.0,严重恶化-15分; 单年巨幅下滑-15.0分(年跌-32.5%); 贝叶斯高置信度恶化-12分(恶化概率97.4%，严重恶化确认); 趋势不可靠-2分(Bootstrap CI过宽: 0.431); 峰值明显下跌-8分(从2.7跌至1.6，跌幅-39.8%),,,0,0
688981.SH,中芯国际,半导体,1.2974,0.0,0.0,0.0,1.0,0.1936198331643082,1.36,97.82996183015354,0.08499999999999996,0.3,0.5790997419539189,good,good,good,False,0,True,1,False,0,False,0,0.2673191762093551,0.33575288531895003,0.6847133757961782,moderate,False,False,none,0.6900000000000001,0.0,-0.016999999999999994,-0.7070000000000001,0.5980666666666667,1.0,0.06666666666666665,False,none,0.0,-0.16999999999999993,-11.111111111111107,0.0,-11.111111111111107,False,半导体,False,1.0,True,falling,False,False,0.0,0.2673191762093551,0.3471886743008174,半导体,-5.0,-2.0,3.0,0.3,0.5,-0.04838966213114526,0.7499999999999999,-0.34007633969291473,False,True,0.09731880617224968,0.43898024920913803,,,,,,,0.49090909090909096,0,0.0,none,0.2031737313087462,True,decreasing_vol,2.1700381698464573,加速下滑-0.2分(加速度-0.34); 波动聚集提示-2分(大波动后可能跟着大波动),,,0,0
830946.BJ,森萱医药,化学制药,0.32372,-0.013790604361720527,-0.014520000000000005,0.36648829045677356,0.279288040912494,-0.05680210211250958,0.2899,67.0,-0.01808333333333334,-0.4,0.4624327264504764,has_near_zero,has_near_zero,has_near_zero,False,0,True,5,False,0,True,5,0.11479434165110881,0.03799463119968399,0.2604386972022479,ultra_stable,False,False,none,0.004899999999999988,0.0,-0.0431,-0.04799999999999999,0.20783275878995217,0.017441860465116192,0.9456309262816379,True,severe,-0.0252,-0.061,-22.919436320127627,-7.997461123452873,-16.2190906673757,False,化学制药,False,1.223089430894309,True,falling,False,False,0.0,0.11479434165110881,0.25491406410679496,化学制药,-5.0,-2.0,3.0,0.3,0.5,-0.0408843547974905,0.9469299459581977,-0.045478070968061196,False,False,-0.013790604361720527,0.36648829045677356,,,,,,,0.9060402684563759,2,-0.5069106346671106,sustained_decline,0.09146780850992758,False,stable,33.0,严重恶化-15分; 贝叶斯高置信度恶化-12分(恶化概率90.6%，严重恶化确认); 连续下跌警示-6分(2年下跌，累计-20.9%),,,0,0
831167.BJ,鑫汇科,元器件,0.5878000000000001,-0.1265843113005098,-0.154,0.8515389325783378,0.025454264398844993,-0.19980475898485572,0.41,60.0,-0.15875000000000003,-0.8,0.0864107329737,has_near_zero,has_near_zero,has_near_zero,False,0,True,4,False,0,True,4,0.41710222468843555,0.26444281045246815,0.9305993690851736,stable,False,False,none,-0.27,0.0,-0.025000000000000022,0.245,0.555111330521743,0.9562745955400092,0.6048387096774204,True,moderate,-0.06,0.009999999999999953,-10.869565217391314,-12.76595744680851,2.1739130434782505,False,元器件,False,1.0217391304347825,True,falling,False,False,0.0,0.41710222468843555,0.46991366380871946,元器件,-5.0,-2.0,3.0,0.3,0.5,-0.022923879045879197,0.6063586361299316,0.19518703489005118,True,False,-0.1265843113005098,0.8515389325783378,,,,,,,0.8223350253807107,1,0.0,single_year_drop,0.16269775341612142,False,decreasing_vol,40.0,中度恶化-10分; 相对加权下滑-10.0分(最新为加权69.8%); 贝叶斯中度恶化预警-5分(恶化概率82.2%); 峰值大幅下跌-15分(从1.0跌至0.4，跌幅-59.0%),,,0,0
831396.BJ,许昌智能,电气设备,0.3196,-0.005398038685362971,-0.005599999999999994,0.04085890890594049,0.744396146705972,-0.025064637257405598,0.262,86.9694091331076,-0.003499999999999996,-0.1,1.0,has_near_zero,has_near_zero,has_near_zero,False,0,True,5,False,0,True,5,0.13727770641686748,0.04425833254879808,0.30397022332506196,stable,False,False,none,0.07,0.0,-0.027399999999999997,-0.0974,0.4770271408860953,1.0,0.5754714088609535,True,moderate,-0.09799999999999998,0.019999999999999962,-22.941176470588236,-27.222222222222214,5.8823529411764595,False,电气设备,False,1.0588235294117645,True,falling,False,False,0.0,0.13727770641686748,0.25099863572172926,电气设备,-5.0,-2.0,3.0,0.3,0.5,-0.03733841524910736,0.5696139902019051,-0.06118173378480729,False,True,-0.005398038685362971,0.04085890890594049,,,,,,,0.9487554904831625,1,0.0,single_year_drop,0.13450241683644476,False,stable,13.030590866892403,中度恶化-10分; 加速下滑-0.0分(加速度-0.06); 贝叶斯恶化预警-8分(恶化概率94.9%),,,0,0
831627.BJ,力王股份,电气设备,0.4962000000000001,-0.09298897269708452,-0.10600000000000001,0.9387963102546085,0.006548236940084821,-0.1789032563313614,0.35,27.0,-0.10500000000000002,-1.0,0.02748633611151033,has_near_zero,has_near_zero,has_near_zero,False,0,True,5,False,0,True,5,0.32814925409944773,0.1732628061645084,0.7954545454545455,ultra_stable,False,False,none,-0.18000000000000005,0.0,-0.091,0.08900000000000005,0.35185605526770314,1.0,0.8833066666666665,True,severe,-0.020000000000000018,-0.19000000000000006,-37.500000000000014,-5.405405405405411,-33.92857142857144,False,电气设备,False,1.0,False,falling,False,False,0.0,0.32814925409944773,0.39585273661289155,电气设备,-5.0,-2.0,3.0,0.3,0.5,-0.0955012594338592,0.8231028970456801,-0.008078075917496347,False,False,-0.09298897269708452,0.9387963102546085,,,,,,,0.9872029250457038,4,-0.840682788051209,chronic_decline,0.0832041008957909,False,stable,73.0,严重恶化-15分; 单年巨幅下滑-15.0分(年跌-33.9%); 贝叶斯高置信度恶化-12分(恶化概率98.7%，严重恶化确认); 峰值大幅下跌-15分(从0.8跌至0.3，跌幅-54.5%); 智能连续下跌-16分(4年实质性下跌，累计跌幅-54.5%),,,0,0
831689.BJ,克莱特,专用机械,0.72438,0.0023502497731247686,0.0029200000000000116,0.1389554216479766,0.5366111937171608,0.1539006961732532,0.7446,95.0,0.065575,0.6,0.22067136191984693,has_near_zero,has_near_zero,has_near_zero,False,0,True,5,False,0,True,5,0.22720532358272857,0.1560718808754479,0.5968671752169102,stable,False,False,none,0.31,0.0,0.016380000000000016,-0.29362,0.5247405093297771,1.0,0.1601650932977713,True,moderate,-0.08539999999999992,0.12,4.87323943661973,-10.289156626506015,16.901408450704224,False,专用机械,False,1.0985915492957747,True,falling,False,False,0.0,0.22720532358272857,0.3282431321056195,专用机械,-5.0,-2.0,3.0,0.3,0.5,0.013990970003436687,0.08197960646425324,-0.11215874647645258,False,False,0.06394157139932821,0.5743246400840092,,,,,,,0.6492985971943889,1,0.0,single_year_drop,0.1479306388020118,False,decreasing_vol,5.0,中度恶化-10分,,,0,0
831832.BJ,科达自控,软件服务,0.654,-0.02141586208785058,-0.023999999999999987,0.08437556456412947,0.6354249551762124,-0.060327634536553876,0.46,29.892858411842155,-0.0050000000000000044,0.0,1.0,has_near_zero,has_near_zero,has_near_zero,False,0,True,5,False,0,True,5,0.20631308152934133,0.13740451229854134,0.4804804804804805,stable,False,False,none,0.09500000000000003,0.0,-0.16,-0.255,0.520618215905488,0.8995016611295682,0.7966804979253111,True,severe,-0.3,-0.020000000000000018,-41.02564102564102,-39.473684210526315,-2.5641025641025665,False,软件服务,False,1.0,True,falling,False,False,0.0,0.20631308152934133,0.2983837985568064,软件服务,-5.0,-2.0,3.0,0.3,0.5,-0.1359114174736615,0.7935659358519566,-0.21428317631570012,False,True,-0.02141586208785058,0.08437556456412947,,,,,,,0.9983149583553994,1,14.394736842105248,cliff_drop,0.19828917740803814,False,increasing_vol,70.10714158815784,复合恶化-14.0分(触发2项恶化信号); 严重恶化-15分; 单年巨幅下滑-15.0分(年跌-39.5%); 加速下滑-0.1分(加速度-0.21); 贝叶斯高置信度恶化-12分(恶化概率99.8%，严重恶化确认); 峰值明显下跌-8分(从0.8跌至0.5，跌幅-41.0%); 连续下跌警示-6分(2年下跌，累计-22.0%),,,0,0
831856.BJ,浩淼科技,专用机械,0.2692,-0.053938379332588084,-0.05600000000000001,0.4628582156640182,0.2062365477523803,-0.13882647003663295,0.22,72.9047619047619,-0.06999999999999999,-0.4,0.4624327264504764,has_near_zero,has_near_zero,has_near_zero,False,0,True,5,False,0,True,5,0.4542764131164116,0.1299230541512937,1.0839160839160837,moderate,False,False,none,-0.10000000000000003,0.0,-0.05499999999999999,0.04500000000000004,0.13863608028460087,1.0,0.29497805948317896,False,none,0.12,-0.30999999999999994,-46.34146341463414,120.0,-75.60975609756096,False,专用机械,False,2.05,True,rising,False,False,0.0,0.4542764131164116,0.6367544638264626,专用机械,-5.0,-2.0,3.0,0.3,0.5,-0.09052054680802082,0.3602180236038905,-0.09515488745062514,False,False,-0.053938379332588084,0.4628582156640182,,,,,,,0.6067415730337079,0,0.0,none,0.3324437573148171,False,increasing_vol,27.095238095238095,单年巨幅下滑-15.0分(年跌-75.6%); 波动率飙升预警-4.1分(近期波动是早期的2.0倍); 峰值明显下跌-8分(从0.4跌至0.2，跌幅-46.3%),,,0,0
832110.BJ,雷特科技,电气设备,1.0458,0.05292525483951984,0.06599999999999998,0.17128199315144468,0.4885092007115888,0.17176899214367425,1.15,98.0,0.041666666666666664,0.0,1.0,has_near_zero,has_near_zero,has_near_zero,False,0,True,2,False,0,True,2,0.27059732074283055,0.27763285108214414,0.6822612085769981,moderate,False,False,none,0.7000000000000001,0.0,-0.07600000000000004,-0.7760000000000001,0.5865913043478261,1.0,0.3139130434782611,False,none,0.2599999999999999,-0.2799999999999999,-1.7094017094017109,29.213483146067404,-23.93162393162393,False,电气设备,False,1.4719101123595506,True,rising,False,False,0.0,0.27059732074283055,0.41273253824220457,电气设备,-5.0,-2.0,3.0,0.3,0.5,-0.006529429670875386,0.003579827525633455,-0.2161514904218534,False,False,0.05292525483951984,0.17128199315144468,,,,,,,0.2783505154639176,0,0.0,none,0.25075455440505046,False,decreasing_vol,2.0,趋势不可靠-2分(Bootstrap CI过宽: 0.400),,,0,0
832491.BJ,奥迪威,元器件,0.5285,0.05115854360151367,0.056999999999999995,0.6488635088994907,0.09989661380331538,0.15366817209169148,0.62,96.0,0.058750000000000024,0.8,0.0864107329737,has_near_zero,has_near_zero,has_near_zero,False,0,True,5,False,0,True,5,0.223159136044214,0.111579568022107,0.54,stable,False,False,none,0.19000000000000006,0.0,0.038999999999999986,-0.15100000000000008,0.25887402685408933,1.0,0.3508650519031139,False,none,0.050000000000000044,0.14999999999999997,47.61904761904762,8.771929824561413,35.71428571428571,False,元器件,False,1.2857142857142858,True,rising,False,False,0.0,0.223159136044214,0.34995588026394264,元器件,-5.0,-2.0,3.0,0.3,0.5,0.08867936221468009,0.9186385797671349,0.056020035842748145,False,False,0.05115854360151367,0.6488635088994907,,,,,,,0.07161803713527852,0,0.0,none,0.1315674731839143,False,decreasing_vol,4.0,"趋势不确定预警-4分(Bootstrap CI跨零: [-0.004, 0.095])",,,0,0
832522.BJ,纳科诺尔,专用机械,1.2207000000000001,0.42050989629843566,0.5290000000000001,0.6799420135176885,0.08583407271864217,,1.48,71.46280024694363,0.5800000000000001,0.4,0.4624327264504764,has_loss,has_loss,has_loss,True,1,True,2,True,1,True,2,0.9803340745190651,1.0411147871392472,2.31638418079096,high_volatility,False,False,none,1.23,0.0,-0.24,-1.47,0.7961594393919733,0.9903770620581304,0.9109119662625198,True,severe,-0.3700000000000001,-0.10999999999999988,-24.489795918367346,-20.000000000000004,-5.612244897959178,False,专用机械,False,1.0,True,falling,False,False,0.0,0.9803340745190651,0.9176005929485854,专用机械,-5.0,-2.0,3.0,0.3,0.5,-0.1209923556739535,0.8999919111113549,-1.0743995061127407,False,True,0.42050989629843566,0.6799420135176885,,,,,,,0.9967697277341947,2,2.563636363636368,accelerating_decline,0.583741491687157,False,decreasing_vol,28.53719975305637,"严重恶化-15分; 加速下滑-0.5分(加速度-1.07); 贝叶斯高置信度恶化-12分(恶化概率99.7%，严重恶化确认); 趋势不确定预警-4分(Bootstrap CI跨零: [-0.121, 0.957])",,,0,0
832566.BJ,梓橦宫,化学制药,0.8314,-0.12051512908642951,-0.16200000000000003,0.7428313674136434,0.06032892064547433,-0.14614867200842296,0.59,61.0,-0.1316666666666667,-0.6,0.22067136191984693,has_near_zero,has_near_zero,has_near_zero,False,0,True,3,False,0,True,3,0.34392604432776264,0.30265491900843117,0.7954545454545454,stable,False,False,none,0.17999999999999994,0.0,-0.20900000000000002,-0.38899999999999996,0.356777778609956,0.9999999999999998,0.7273499292315376,True,moderate,-0.12,0.010000000000000009,-15.714285714285714,-16.901408450704224,1.42857142857143,False,化学制药,False,1.4285714285714286,True,falling,False,False,0.0,0.34392604432776264,0.4656170259384006,化学制药,-5.0,-2.0,3.0,0.3,0.5,-0.046217744835713837,0.6841585084653818,0.10597744696288758,True,False,-0.12051512908642951,0.7428313674136434,,,,,,,0.9487554904831625,1,0.0,single_year_drop,0.18319789011380214,False,decreasing_vol,39.0,中度恶化-10分; 贝叶斯恶化预警-8分(恶化概率94.9%); 峰值大幅下跌-15分(从1.3跌至0.6，跌幅-54.3%); 连续下跌警示-6分(2年下跌，累计-46.8%),,,0,0
832735.BJ,德源药业,化学制药,1.8525,0.11144926452023245,0.225,0.8052093130654342,0.03887466243034435,0.1296702789278774,2.28,100.0,0.23249999999999998,0.6,0.22067136191984693,good,good,good,False,0,False,0,False,0,False,0,0.22710241159171535,0.39515819616958464,0.557471264367816,ultra_stable,False,False,none,-0.08999999999999986,0.0,0.2799999999999999,0.3699999999999998,0.38344855788475984,1.0,0.8164965632159967,False,none,0.47999999999999976,-0.10999999999999988,19.371727748691097,26.666666666666654,-5.759162303664915,False,化学制药,False,1.228295819935691,True,rising,False,False,0.0,0.22710241159171535,0.34545470526479777,化学制药,-5.0,-2.0,3.0,0.3,0.5,0.07981423902343454,0.5230119868028856,-0.05251786497964217,False,True,0.11144926452023245,0.8052093130654342,,,,,,,0.07161803713527852,0,0.0,none,0.09885642190672167,False,stable,0.0,,,,0,0
832982.BJ,锦波生物,医疗保健,3.7952,0.605417518121597,1.924,0.9744068584037511,0.0017512258087078137,1.006706388870405,8.27,115.0,1.9,1.0,0.02748633611151033,has_near_zero,has_near_zero,has_near_zero,False,0,True,2,False,0,True,2,1.010707270071622,3.2524559950904792,2.411435674331883,volatile,False,False,none,0.62,0.0,3.26,2.6399999999999997,0.7694737394340754,0.9631671260335752,0.9957245071003166,False,none,3.63,2.8899999999999997,372.57142857142856,78.23275862068965,165.1428571428571,False,医疗保健,False,1.0,False,rising,False,False,0.0,1.010707270071622,0.9418991493906309,医疗保健,-5.0,-2.0,3.0,0.3,0.5,0.7417596958825506,0.9824692283360538,0.32387989315009924,True,False,0.605417518121597,0.9744068584037511,,,,,,,0.07161803713527852,0,0.0,none,0.3575714807660185,True,increasing_vol,10.0,波动率飙升预警-8.0分(近期波动是早期的5.3倍); 趋势不可靠-2分(Bootstrap CI过宽: 0.359),"high_growth,turnaround","高速成长(稳健CAGR=190.0%, MK趋势=1.00); 底部强力反转(曾跌373%, 近期斜率0.74)",1,1
833230.BJ,欧康医药,生物制药,0.4227,-0.06475319689055395,-0.07100000000000001,0.30354180236719047,0.33582426479695127,-0.06939514089790044,0.3,68.0,-0.09749999999999999,-0.4,0.4624327264504764,has_near_zero,has_near_zero,has_near_zero,False,0,True,5,False,0,True,5,0.46502328119940717,0.20647033685253677,1.148648648648649,volatile,False,False,none,0.32999999999999996,0.0,-0.16399999999999998,-0.49399999999999994,0.5788,1.0,0.7999999999999999,False,none,0.07999999999999999,-0.35,-47.368421052631575,36.36363636363636,-61.40350877192983,False,生物制药,False,3.318181818181818,True,rising,False,False,0.0,0.46502328119940717,0.8144428673837681,生物制药,-5.0,-2.0,3.0,0.3,0.5,-0.12362872894715199,0.5315036262083428,-0.20007632179065754,False,False,-0.06475319689055395,0.30354180236719047,,,,,,,0.6067415730337079,0,0.0,none,0.39028028881686316,False,stable,32.0,单年巨幅下滑-15.0分(年跌-61.4%); 趋势不可靠-2分(Bootstrap CI过宽: 0.348); 峰值大幅下跌-15分(从0.7跌至0.3，跌幅-58.9%),,,0,0
833346.BJ,威贸电子,元器件,0.5235000000000001,-0.0008403360671009663,-0.0009999999999999898,0.0007234260847780409,0.9657583385886767,0.023657005051578528,0.56,100.0,0.0029166666666666694,0.0,1.0,has_near_zero,has_near_zero,has_near_zero,False,0,True,5,False,0,True,5,0.10676794450915547,0.055946402922797456,0.2671755725190839,ultra_stable,False,False,none,-0.024999999999999994,0.0,0.05000000000000002,0.07500000000000001,0.25931102838968384,0.12417218543046357,0.949367088607595,False,none,0.07000000000000006,0.02999999999999997,21.739130434782613,14.285714285714299,6.521739130434775,False,元器件,False,1.3043478260869563,True,rising,False,False,0.0,0.10676794450915547,0.2593273990855852,元器件,-5.0,-2.0,3.0,0.3,0.5,0.04453615740299002,0.9513804467052377,0.06702935854726616,False,False,-0.0008403360671009663,0.0007234260847780409,,,,,,,0.07161803713527852,0,0.0,none,0.10672529703611022,False,decreasing_vol,0.0,,,,0,0
833455.BJ,汇隆活塞,专用机械,0.2255,-0.02047132389037219,-0.021,0.6023251953338234,0.12282135565756291,-0.06348624179511952,0.2,73.0,-0.019166666666666665,-0.3,0.6133543559547467,has_near_zero,has_near_zero,has_near_zero,False,0,True,5,False,0,True,5,0.18126482742548683,0.04277849927241489,0.38135593220339,ultra_stable,False,False,none,0.0050000000000000044,0.0,-0.035,-0.04000000000000001,0.28848075772341064,0.7500000000000001,0.548507462686567,False,none,0.020000000000000018,-0.09000000000000002,-25.925925925925924,11.111111111111121,-33.33333333333334,False,专用机械,False,1.0,False,rising,False,False,0.0,0.18126482742548683,0.2783451952737228,专用机械,-5.0,-2.0,3.0,0.3,0.5,-0.034066278280349735,0.5468280783946704,-0.038899437478812735,False,False,-0.02047132389037219,0.6023251953338234,,,,,,,0.435483870967742,0,0.0,none,0.11428901660390836,False,increasing_vol,27.0,"单年巨幅下滑-15.0分(年跌-33.3%); 波动率飙升预警-8.0分(近期波动是早期的11.0倍); 趋势不确定预警-4分(Bootstrap CI跨零: [-0.049, 0.006])",,,0,0
833523.BJ,德瑞锂电,电气设备,0.8555740000000001,0.007136418185125615,0.008439999999999993,0.09149468950578694,0.6208256274599044,0.255541756819303,1.49,92.0,0.08450000000000002,0.6,0.22067136191984693,has_near_zero,has_near_zero,has_near_zero,False,0,True,4,False,0,True,5,0.4834715504210158,0.38745410050740203,1.1425006239081608,moderate,False,False,none,-0.0126,0.0,0.4578,0.4704,0.48632835245494643,0.0841442472810532,0.838339277268411,False,none,0.8059999999999999,0.10960000000000003,159.4011142061281,117.83625730994149,19.0807799442897,False,电气设备,False,1.1472841225626742,True,rising,False,False,0.0,0.4834715504210158,0.5397484566785026,电气设备,-5.0,-2.0,3.0,0.3,0.5,0.3212269394602674,0.855712397199822,0.33209312263425445,False,False,0.12621978420818847,0.5501635592858435,,,,,,,0.07161803713527852,0,0.0,none,0.3268179332087806,True,increasing_vol,8.0,波动率飙升预警-8.0分(近期波动是早期的6.4倍),,,0,0
833575.BJ,康乐卫士,生物制药,-1.911,0.18158286766467174,0.38999999999999996,0.5221781187850956,0.16787973864498873,,-1.28,111.0,0.4175,0.4,0.4624327264504764,poor,poor,poor,True,5,False,0,True,5,False,0,0.4493054869903601,0.9111915276164501,1.124260355029586,moderate,False,False,none,-1.29,0.0,0.7489999999999999,2.0389999999999997,0.6845830035205163,1.0,0.8458300352051626,True,moderate,-0.17999999999999994,1.19,44.10480349344978,-16.36363636363636,51.96506550218341,False,生物制药,False,inf,True,falling,False,False,0.0,0.4493054869903601,1.0,生物制药,-5.0,-2.0,3.0,0.3,0.5,0.25004316571630614,0.5835084412531989,0.29159758524441615,False,False,0.18158286766467174,0.5221781187850956,,,,,,,0.6492985971943889,1,0.0,single_year_drop,0.3307866371815365,False,decreasing_vol,4.0,"中度恶化-10分; 趋势不确定预警-4分(Bootstrap CI跨零: [-0.100, 0.507])",high_growth,"高速成长(稳健CAGR=41.8%, MK趋势=0.40)",1,0
833751.BJ,惠同新材,小金属,0.454,0.0027399592734773993,0.0030000000000000083,0.02797795866494357,0.788027434007109,0.09496935154742103,0.46,94.9449128540735,0.027499999999999997,0.4,0.4624327264504764,has_near_zero,has_near_zero,has_near_zero,False,0,True,5,False,0,True,5,0.1641614430342242,0.0719027120489902,0.4337899543378996,ultra_stable,False,False,none,0.095,0.0,-0.024999999999999994,-0.12,0.6081877246037339,0.9917582417582418,0.8928571428571423,False,none,-0.009999999999999953,-0.040000000000000036,-9.803921568627448,-2.1276595744680753,-7.843137254901968,False,小金属,True,1.0,True,falling,True,False,0.0,0.1641614430342242,0.6283228860684484,小金属,-5.0,-2.0,1.6,0.3,0.24,-0.022493201144276137,0.8938525442979033,-0.11017429185299832,False,True,0.029722741772917595,0.49903286369032523,,,,,,,0.32530120481927716,0,-0.7287234042553207,none,0.11663963264333149,True,decreasing_vol,5.0550871459265,周期回落期-3分(景气下行趋势); 加速下滑-0.1分(加速度-0.11); 波动聚集提示-2分(大波动后可能跟着大波动),,,0,0
833914.BJ,远航精密,小金属,0.6838,-0.011388442152841228,-0.01399999999999999,0.6141293802642293,0.116790116293961,-0.024197531700679287,0.68,91.0,-0.08666666666666668,-0.6,0.22067136191984693,has_near_zero,has_near_zero,has_near_zero,False,0,True,4,False,0,True,5,0.3991581929158502,0.2842006333560853,1.1235955056179776,moderate,False,False,none,0.3700000000000001,0.0,-0.169,-0.5390000000000001,0.37207307881795737,1.0,0.44449459186055557,False,none,0.36000000000000004,-0.36999999999999994,-1.449275362318826,112.5,-53.623188405797094,False,小金属,True,3.5000000000000004,True,rising,True,False,0.0,0.3991581929158502,1.0,小金属,-5.0,-2.0,1.6,0.3,0.24,-0.004125017524597541,0.0004814128010904431,0.020221070332907987,False,False,-0.07628421258346543,0.2733524691425954,,,,,,,0.2783505154639176,0,0.0,none,0.3402240882840396,False,stable,9.0,单年巨幅下滑-15.0分(年跌-53.6%); 峰值明显下跌-8分(从1.1跌至0.7，跌幅-39.3%),,,0,0
834062.BJ,科润智控,电气设备,0.32799999999999996,-0.015518673556953999,-0.015999999999999997,0.13877344580119957,0.5368996859646716,-0.10596126824088137,0.23,50.0,-0.010833333333333328,0.0,1.0,has_near_zero,has_near_zero,has_near_zero,False,0,True,5,False,0,True,5,0.20576650020766193,0.0691375440697744,0.5357142857142857,stable,False,False,none,0.0050000000000000044,0.0,-0.06999999999999999,-0.075,0.2678216308980267,0.024193548387096826,0.5485074626865671,True,severe,-0.17999999999999997,0.03999999999999998,-37.83783783783783,-43.90243902439024,10.810810810810805,False,电气设备,False,1.3225806451612903,True,falling,False,False,0.0,0.20576650020766193,0.340957286187635,电气设备,-5.0,-2.0,3.0,0.3,0.5,-0.06701007466919452,0.5533550447746417,-0.07170697016333012,False,False,-0.015518673556953999,0.13877344580119957,,,,,,,0.9866768176627332,1,0.0,cliff_drop,0.1914965231207787,False,increasing_vol,50.0,严重恶化-15分; 单年巨幅下滑-15.0分(年跌-43.9%); 贝叶斯高置信度恶化-12分(恶化概率98.7%，严重恶化确认); 峰值明显下跌-8分(从0.4跌至0.2，跌幅-43.9%),,,0,0
834415.BJ,恒拓开源,软件服务,0.1307,-0.010869258767522946,-0.011,0.9307762708464926,0.007896615954948557,-0.0781341824328241,0.13,95.05218002863285,-0.01125,-0.6,0.22067136191984693,has_near_zero,has_near_zero,has_near_zero,False,0,True,5,False,0,True,5,0.3753664579092327,0.05029910535983717,0.9701492537313434,volatile,False,False,none,-0.065,0.0,0.04,0.10500000000000001,0.45392963650106516,0.8622448979591839,0.5714285714285715,True,moderate,-0.01999999999999999,0.09999999999999999,160.0,-13.333333333333327,199.99999999999997,False,软件服务,False,2.9999999999999996,True,falling,False,False,0.0,0.3753664579092327,0.7002931663273861,软件服务,-5.0,-2.0,3.0,0.3,0.5,0.03982870013349078,0.5723130913838117,0.10436005726569941,True,False,-0.010869258767522946,0.11830838881435136,,,,,,,0.4807121661721069,1,0.0,single_year_drop,0.35221192662430467,False,stable,4.947819971367151,中度恶化-10分,,,0,0
834770.BJ,艾能聚,电气设备,0.3198,-0.03018416650632442,-0.031999999999999994,0.23777886213762434,0.40470245858243875,,0.27,42.73095132687037,0.06625,0.1,1.0,has_loss,has_loss,has_near_zero,True,1,True,5,False,0,True,5,1.1257713405088583,0.32422214606655114,2.8819444444444446,high_volatility,False,False,none,0.69,0.0,-0.061999999999999986,-0.7519999999999999,0.6430164079822617,1.0,0.4261640798226164,True,severe,-0.15999999999999998,-0.13999999999999996,-52.63157894736842,-37.20930232558139,-24.561403508771924,False,电气设备,False,1.0,True,falling,False,False,0.0,1.1257713405088583,1.0,电气设备,-5.0,-2.0,3.0,0.3,0.5,-0.13805391927389274,0.9971128170169842,-0.5380973462592633,False,True,0.10479580308459116,0.27749463326230556,,,,,,,0.9983942347922908,2,0.514950166112957,accelerating_decline,0.9636902412979181,False,decreasing_vol,57.26904867312963,严重恶化-15分; 单年巨幅下滑-15.0分(年跌-37.2%); 加速下滑-0.3分(加速度-0.54); 贝叶斯高置信度恶化-12分(恶化概率99.8%，严重恶化确认); 峰值大幅下跌-15分(从0.6跌至0.3，跌幅-52.6%),,,0,0
834950.BJ,迅安科技,元器件,1.1885,-0.006355055549774402,-0.010000000000000009,0.24062354296877575,0.40147270672109653,-0.05954609892075313,0.97,79.0,-0.07874999999999999,-0.6,0.22067136191984693,good,good,good,False,0,True,1,False,0,False,0,0.19928793459631028,0.24671846303023207,0.5411954765751212,stable,False,False,none,0.3999999999999999,0.0,-0.19699999999999998,-0.5969999999999999,0.5990981209569771,1.0,0.7969812095697711,True,moderate,-0.21999999999999997,0.040000000000000036,-15.652173913043473,-18.48739495798319,3.478260869565221,False,元器件,False,1.2304347826086959,True,falling,False,False,0.0,0.19928793459631028,0.32348831869154104,元器件,-5.0,-2.0,3.0,0.3,0.5,-0.061782827721107714,0.5978161226579392,-0.03290050862139038,False,False,-0.062309962212610245,0.43546672940703796,,,,,,,0.9487554904831625,1,0.0,single_year_drop,0.15404091124398303,False,decreasing_vol,21.0,中度恶化-10分; 贝叶斯恶化预警-8分(恶化概率94.9%); 峰值明显下跌-8分(从1.6跌至1.0，跌幅-40.9%),,,0,0
835237.BJ,力佳科技,电气设备,0.9695,0.03800128376310406,0.05100000000000001,0.29793798685689993,0.34126419814799713,0.10418092762646913,1.1,100.0,0.06416666666666668,0.4,0.4624327264504764,has_near_zero,has_near_zero,has_near_zero,False,0,True,3,False,0,True,3,0.15900420200092205,0.15009996668887043,0.38135593220338987,stable,False,False,none,0.3400000000000001,0.0,0.0,-0.3400000000000001,0.3708544688816098,1.0,0.0,False,none,0.2300000000000001,-0.06000000000000005,18.27956989247312,26.436781609195414,-6.451612903225811,False,电气设备,False,1.2413793103448276,True,rising,False,False,0.0,0.15900420200092205,0.292720602980048,电气设备,-5.0,-2.0,3.0,0.3,0.5,0.05967341933744358,0.4955934958141205,-0.013262639183380442,False,False,0.03800128376310406,0.29793798685689993,,,,,,,0.07161803713527852,0,0.0,none,0.13410991846711182,False,decreasing_vol,0.0,,,,0,0
835438.BJ,戈碧迦,元器件,0.5293,0.040745396137820224,0.04400000000000001,0.7091197800282101,0.07351468830930939,0.15718111236917975,0.52,47.116050689635166,0.061250000000000006,0.6,0.22067136191984693,has_near_zero,has_near_zero,has_near_zero,False,0,True,5,False,0,True,5,0.45193228452610834,0.2268700068321064,1.1752988047808766,moderate,False,False,none,0.14,0.0,0.07600000000000001,-0.064,0.1412330563567479,1.0,0.19291917167668676,True,severe,-0.36,0.49,33.33333333333333,-40.90909090909091,125.64102564102564,False,元器件,False,1.6794871794871795,True,falling,False,False,0.0,0.45193228452610834,0.5854774515525106,元器件,-5.0,-2.0,3.0,0.3,0.5,0.0591469104072091,0.07725869916986644,0.011820455873457897,False,False,0.08020769099141947,0.42847104806042174,,,,,,,0.7873633049817741,1,0.0,cliff_drop,0.3494156779694593,False,increasing_vol,52.883949310364834,"严重恶化-15分; 单年巨幅下滑-15.0分(年跌-40.9%); 贝叶斯中度恶化预警-5分(恶化概率78.7%); 波动率飙升预警-8.0分(近期波动是早期的4.7倍); 趋势不确定预警-4分(Bootstrap CI跨零: [-0.013, 0.065]); 峰值明显下跌-8分(从0.9跌至0.5，跌幅-40.9%)",,,0,0
835985.BJ,海泰新能,电气设备,0.48050000000000004,0.05093992520851566,0.05500000000000001,0.38004108105892037,0.2681074343363651,0.24466595457695672,0.6,100.0,0.07166666666666666,0.5,0.3122163883433192,has_near_zero,has_near_zero,has_near_zero,False,0,True,5,False,0,True,5,0.30729161418340645,0.14258330898110058,0.7543103448275862,moderate,False,False,none,0.33999999999999997,0.0,0.0030000000000000027,-0.33699999999999997,0.4323215937809385,1.0,0.0018691588785046767,False,none,0.15999999999999998,0.0,36.36363636363636,36.36363636363636,0.0,False,电气设备,False,1.0,True,rising,False,False,0.0,0.30729161418340645,0.37916662468005846,电气设备,-5.0,-2.0,3.0,0.3,0.5,0.07095572230306549,0.7499999999999999,-0.01876777398636105,False,False,0.05093992520851566,0.38004108105892037,,,,,,,0.07161803713527852,0,0.0,none,0.24352017809682458,False,decreasing_vol,0.0,,,,0,0
836239.BJ,长虹能源,电气设备,0.9586050000000002,-0.122444418681304,-0.289775,0.22039699819442704,0.4250058760507337,,1.52,89.89602657307596,-0.6473833333333334,-0.4,0.4624327264504764,has_loss,has_loss,good,True,1,True,1,False,0,True,1,1.7291461060364095,2.015942279183608,4.526701319197846,high_volatility,False,False,none,-0.7366000000000001,0.0,0.32885000000000003,1.0654500000000002,0.3568585583475996,0.3900010169447571,0.02937456675606263,False,none,3.603,-2.9453,76.27275890061465,172.9716754680749,-341.5632610460397,False,电气设备,True,inf,True,rising,False,False,0.0,1.7291461060364095,1.0,电气设备,-5.0,-2.0,3.0,0.3,0.5,0.2126126907514712,0.021687447323266464,0.6144933321743482,False,False,-0.41154433451020883,0.23715469008178383,,,,,,,0.07161803713527852,0,0.0,none,1.4533091706754673,True,increasing_vol,22.103973426924043,单年巨幅下滑-15.0分(年跌-341.6%); 波动率飙升预警-4.1分(近期波动是早期的2.1倍); 趋势不可靠-2分(Bootstrap CI过宽: 0.761); 峰值大幅下跌-15分(从3.2跌至1.5，跌幅-52.4%),cyclical_bottom,"周期底部(mid_up), 近期强势(21.3%)",0,0
836260.BJ,中寰股份,专用机械,0.6306,-0.1580005901612056,-0.198,0.7530469023293304,0.05655353841812984,-0.2074795281951226,0.43,59.83998819677589,-0.19083333333333335,-0.7,0.12955135290440883,has_near_zero,has_near_zero,has_near_zero,False,0,True,3,False,0,True,3,0.5226441426161439,0.3606244584051393,0.9710144927536233,moderate,False,False,none,-0.33000000000000007,0.0,0.0,0.33000000000000007,0.3755422577794226,0.7613609881146587,0.0,False,none,0.010000000000000009,-0.010000000000000009,0.0,2.380952380952383,-2.325581395348839,False,专用机械,False,1.0,False,rising,False,False,0.0,0.5226441426161439,0.5514486474262484,专用机械,-5.0,-2.0,3.0,0.3,0.5,0.0,0.0,0.2629299645846376,False,False,-0.1580005901612056,0.7530469023293304,,,,,,,0.2783505154639176,0,0.0,none,0.2594162415682834,False,decreasing_vol,40.16001180322411,轻度衰退-3.2分(log斜率-0.158); 持续衰退重罚-10.0分(最新<加权); 相对加权下滑-10.0分(最新为加权68.2%); 趋势不可靠-2分(Bootstrap CI过宽: 0.301); 峰值大幅下跌-15分(从1.1跌至0.4，跌幅-60.6%),,,0,0
837344.BJ,三元基因,生物制药,0.2515,-0.035761872823184306,-0.037000000000000005,0.8654746574065848,0.0218527948403637,-0.1406112952359705,0.18,47.0,-0.036250000000000004,-0.7,0.12955135290440883,has_near_zero,has_near_zero,has_near_zero,False,0,True,5,False,0,True,5,0.23277416833289888,0.06284902544988269,0.5555555555555557,ultra_stable,False,False,none,0.0,0.0,-0.044000000000000004,-0.044000000000000004,0.2105774608899893,0.0,0.8566371681415931,True,severe,-0.08000000000000002,0.010000000000000009,-28.000000000000004,-30.769230769230777,4.0000000000000036,False,生物制药,False,1.04,True,falling,False,False,0.0,0.23277416833289888,0.32488600133298584,生物制药,-5.0,-2.0,3.0,0.3,0.5,-0.03421227860674876,0.6456229483286098,0.004197638188351144,False,False,-0.035761872823184306,0.8654746574065848,,,,,,,0.9737039819684448,1,0.0,cliff_drop,0.08506432650263598,False,stable,53.0,严重恶化-15分; 单年巨幅下滑-15.0分(年跌-30.8%); 贝叶斯高置信度恶化-12分(恶化概率97.4%，严重恶化确认); 高置信度衰退-3分(Bootstrap CI确认下行); 峰值明显下跌-8分(从0.3跌至0.2，跌幅-45.5%),,,0,0
837748.BJ,路桥信息,软件服务,0.4171,-0.04012387403743782,-0.043000000000000003,0.3511453827471986,0.29234595873008645,-0.10134942659159885,0.3,29.900793752311642,-0.04000000000000002,-0.6,0.22067136191984693,has_near_zero,has_near_zero,has_near_zero,False,0,True,5,False,0,True,5,0.2731939563830402,0.1174734012447073,0.6976744186046512,moderate,False,False,none,0.06999999999999998,0.0,-0.15,-0.21999999999999997,0.498467241420372,0.6966824644549763,0.8479899497487439,True,severe,-0.040000000000000036,-0.25999999999999995,-50.0,-11.764705882352951,-43.33333333333333,False,软件服务,False,1.3333333333333333,True,falling,False,False,0.0,0.2731939563830402,0.39633294288420995,软件服务,-5.0,-2.0,3.0,0.3,0.5,-0.13657592558441256,0.8522872471492555,-0.19841249537669517,False,True,-0.04012387403743782,0.3511453827471986,,,,,,,0.9507042253521126,2,-0.7285067873303165,sustained_decline,0.22278899839134447,False,increasing_vol,70.09920624768836,复合恶化-14.0分(触发2项恶化信号); 严重恶化-15分; 单年巨幅下滑-15.0分(年跌-43.3%); 加速下滑-0.1分(加速度-0.20); 贝叶斯高置信度恶化-12分(恶化概率95.1%，严重恶化确认); 峰值明显下跌-8分(从0.6跌至0.3，跌幅-50.0%); 连续下跌警示-6分(2年下跌，累计-34.8%),,,0,0
838227.BJ,美登科技,软件服务,1.222,-0.044388762623310374,-0.07199999999999998,0.26747308038993123,0.37217089625255356,-0.02208866746200777,1.07,90.0,-0.08333333333333331,-0.6,0.22067136191984693,good,good,good,False,0,False,0,False,0,False,0,0.17937567831565449,0.22565460332109338,0.4292527821939586,stable,False,False,none,0.44000000000000017,0.0,-0.188,-0.6280000000000001,0.6166927835051547,1.0,0.9109278350515466,False,none,-0.020000000000000018,-0.26,-20.74074074074074,-1.8348623853211024,-19.25925925925926,False,软件服务,False,1.0,True,falling,False,False,0.0,0.17937567831565449,0.27683387598585696,软件服务,-5.0,-2.0,3.0,0.3,0.5,-0.08927861906327789,0.8067195485616139,-0.14525233338614946,False,False,-0.044388762623310374,0.26747308038993123,,,,,,,0.49090909090909096,0,-0.904728299223712,none,0.15487540703284652,True,decreasing_vol,10.0,波动聚集提示-2分(大波动后可能跟着大波动); 峰值明显下跌-8分(从1.6跌至1.1，跌幅-33.5%),,,0,0
838701.BJ,豪声电子,元器件,1.2548000000000001,0.26116991711404436,0.39599999999999996,0.832383393682178,0.030737206516623535,0.3544365855452063,1.75,105.92307692307693,0.39666666666666667,0.6,0.22067136191984693,has_near_zero,has_near_zero,has_near_zero,False,0,True,3,False,0,True,3,0.6181934464828548,0.702267755204523,1.3204225352112675,moderate,False,False,none,-0.010000000000000009,0.0,0.484,0.494,0.37267763162520673,1.0,0.7816871329418047,True,moderate,-0.2599999999999998,1.1199999999999997,96.62921348314606,-12.935323383084569,125.84269662921344,False,元器件,True,3.9411764705882346,True,falling,False,False,0.0,0.6181934464828548,1.0,元器件,-5.0,-2.0,3.0,0.3,0.5,0.2622411378238282,0.582624117379511,0.11104761442528915,True,False,0.26116991711404436,0.832383393682178,,,,,,,0.4807121661721069,1,0.0,single_year_drop,0.2799517220402101,False,increasing_vol,9.076923076923073,中度恶化-10分; 周期回落期-3分(景气下行趋势); 波动率飙升预警-7.1分(近期波动是早期的3.5倍); 趋势不可靠-2分(Bootstrap CI过宽: 0.372),high_growth,"高速成长(稳健CAGR=39.7%, MK趋势=0.60)",1,0
839493.BJ,并行科技,软件服务,-1.3036,0.22503942158912627,0.268,0.22846587998781587,0.41545634233070156,,0.21,113.0,0.25375000000000003,0.2,0.8064959405073401,poor,poor,poor,True,4,True,2,True,4,True,2,0.7688655756679175,1.064109956724398,1.921965317919075,high_volatility,False,False,none,-0.7750000000000001,0.0,1.33,2.1050000000000004,0.6848895308357937,0.9009825491274565,0.9479127592304807,False,none,1.8699999999999999,0.7900000000000003,108.57142857142857,112.65060240963855,32.24489795918368,False,软件服务,False,1.0,False,rising,False,False,0.0,0.7688655756679175,0.7484257938676673,软件服务,-5.0,-2.0,3.0,0.3,0.5,0.9184930846791599,0.8861058530056406,1.3283095264948641,True,False,0.22503942158912627,0.22846587998781587,,,,,,,0.07161803713527852,0,0.0,none,0.7052741186316903,False,increasing_vol,2.0,趋势不可靠-2分(Bootstrap CI过宽: 1.368),high_growth,"高速成长(稳健CAGR=25.4%, MK趋势=0.20)",1,0
870299.BJ,灿能电力,电气设备,0.308,-0.03786515361707641,-0.039999999999999994,0.9272668954892961,0.008514135944381135,-0.10457623119705317,0.27,78.0,-0.044999999999999984,-0.9,0.04326272780691066,has_near_zero,has_near_zero,has_near_zero,False,0,True,5,False,0,True,5,0.20038630152628023,0.06572670690061992,0.4573170731707316,ultra_stable,False,False,none,-0.05499999999999999,0.0,-0.01999999999999999,0.035,0.4817252747252747,0.997252747252747,0.7500000000000001,False,none,0.0,-0.03999999999999998,-12.903225806451607,0.0,-12.903225806451607,False,电气设备,False,1.0,False,falling,False,False,0.0,0.20038630152628023,0.2936423745543575,电气设备,-5.0,-2.0,3.0,0.3,0.5,-0.019207676507643656,0.7499999999999999,0.032443417444646155,False,False,-0.03786515361707641,0.9272668954892961,,,,,,,0.49090909090909096,0,0.0,none,0.05453824335365341,True,decreasing_vol,22.0,波动聚集提示-2分(大波动后可能跟着大波动); 峰值明显下跌-8分(从0.4跌至0.3，跌幅-35.7%); 智能连续下跌-12分(3年实质性下跌，累计跌幅-35.7%),,,0,0
870357.BJ,雅葆轩,元器件,0.7564000000000001,-0.005363530887615997,-0.012,0.0010003086939620576,0.9597371309432163,0.09987124601849096,0.6,67.7308525901287,0.045416666666666675,0.2,0.8064959405073401,has_near_zero,has_near_zero,has_near_zero,False,0,True,3,False,0,True,3,0.45456670184538683,0.345470693402494,1.0526315789473684,volatile,False,False,none,0.4,0.0,-0.305,-0.7050000000000001,0.5987605480325916,0.9007318446237569,0.6768736357021587,False,none,0.05999999999999994,-0.6699999999999999,-50.413223140495866,11.1111111111111,-55.37190082644627,False,元器件,False,2.2407407407407405,True,rising,False,False,0.0,0.45456670184538683,0.6624187935750749,元器件,-5.0,-2.0,3.0,0.3,0.5,-0.22676718545221053,0.6648111595667316,-0.5382948197425829,False,True,-0.005363530887615997,0.0010003086939620576,,,,,,,0.6067415730337079,0,0.0,none,0.4538806205694751,False,stable,32.269147409871294,单年巨幅下滑-15.0分(年跌-55.4%); 加速下滑-0.3分(加速度-0.54); 趋势不可靠-2分(Bootstrap CI过宽: 0.604); 峰值大幅下跌-15分(从1.2跌至0.6，跌幅-50.4%),,,0,0
872953.BJ,国子软件,软件服务,0.6812,-0.02403252115261565,-0.029999999999999992,0.4558815508712188,0.21105492709699408,0.24373882845543338,0.67,55.58160799691934,-0.05249999999999996,-0.2,0.8064959405073401,has_near_zero,has_near_zero,has_near_zero,False,0,True,5,False,0,True,5,0.3398623695083488,0.22498888861452693,0.8761329305135951,moderate,False,True,growth_to_decline,0.58,0.0,-0.06299999999999999,-0.6429999999999999,0.9208509608607867,1.0,0.9885429638854295,True,severe,-0.04999999999999993,-0.06000000000000005,-14.1025641025641,-6.944444444444435,-7.692307692307699,False,软件服务,False,1.0,True,falling,False,False,0.0,0.3398623695083488,0.4052232289400124,软件服务,-5.0,-2.0,3.0,0.3,0.5,-0.044529054796645984,0.9979783761212256,-0.2647840061613179,False,True,0.05930397668624112,0.22701626810962364,,,,,,,0.9507042253521126,3,-0.09722222222222422,chronic_decline,0.3035464568035866,True,decreasing_vol,44.41839200308066,复合恶化-14.0分(触发2项恶化信号); 严重恶化-15分; 增长转衰退-1.3分(斜率变化-0.64); 加速下滑-0.1分(加速度-0.26); 贝叶斯高置信度恶化-12分(恶化概率95.1%，严重恶化确认); 波动聚集提示-2分(大波动后可能跟着大波动),,,0,0
873001.BJ,纬达光电,元器件,0.3771,-0.07788528473929869,-0.083,0.5079943065659528,0.17664125162280803,-0.16403574124146436,0.21,39.88944542540209,-0.06416666666666666,-0.5,0.3122163883433192,has_near_zero,has_near_zero,has_near_zero,False,0,True,5,False,0,True,5,0.4631811404751484,0.18619881847100966,0.9701492537313433,moderate,False,False,none,0.16999999999999998,0.0,-0.152,-0.32199999999999995,0.5482925199709514,1.0,0.8389251997095134,False,none,0.0,-0.3500000000000001,-62.500000000000014,0.0,-62.500000000000014,False,元器件,False,1.0,True,falling,False,False,0.0,0.4631811404751484,0.5038782457134521,元器件,-5.0,-2.0,3.0,0.3,0.5,-0.16286886193976674,0.7500000000000001,-0.22110914919581642,False,True,-0.07788528473929869,0.5079943065659528,,,,,,,0.7941176470588236,0,0.0,none,0.32857956506898944,False,increasing_vol,60.11055457459791,"单年巨幅下滑-15.0分(年跌-62.5%); 相对加权暴跌-15.0分(最新仅为加权55.7%); 加速下滑-0.1分(加速度-0.22); 贝叶斯中度恶化预警-5分(恶化概率79.4%); 趋势不确定预警-4分(Bootstrap CI跨零: [-0.198, 0.072]); 峰值大幅下跌-15分(从0.6跌至0.2，跌幅-65.0%); 连续下跌警示-6分(2年下跌，累计-51.2%)",,,0,0
873576.BJ,天力复合,小金属,0.642953,0.05799537261734498,0.06771,0.3069914723184364,0.33251120553592306,0.07526197269635349,0.5573,46.87649115388056,0.08254999999999998,0.6,0.22067136191984693,has_near_zero,has_near_zero,has_near_zero,False,0,True,5,False,0,True,5,0.3172285085513762,0.19751915856442886,0.7411987665424643,moderate,False,False,none,0.1808,0.0,-0.11059999999999998,-0.2914,0.4915882548686242,0.880073172868029,0.4530093758182129,True,severe,-0.32109999999999994,0.09989999999999999,-28.413615928066786,-36.55510018214936,12.83236994219653,False,小金属,True,1.0,True,falling,True,False,0.0,0.3172285085513762,0.9344570171027524,小金属,-5.0,-2.0,1.6,0.3,0.24,-0.09196222893295619,0.47073351922884915,-0.24701769223888131,False,True,0.05799537261734498,0.3069914723184364,,,,,,,0.9737039819684448,1,0.0,cliff_drop,0.26658836111914674,False,stable,53.12350884611944,严重恶化-15分; 单年巨幅下滑-15.0分(年跌-36.6%); 周期回落期-3分(景气下行趋势); 加速下滑-0.1分(加速度-0.25); 贝叶斯高置信度恶化-12分(恶化概率97.4%，严重恶化确认); 峰值明显下跌-8分(从0.9跌至0.6，跌幅-36.6%),,,0,0
873703.BJ,广厦环能,专用机械,1.8685,-0.03379254859175551,-0.06299999999999999,0.12497955247615228,0.5594387863064574,-0.05058553894202911,1.43,49.8525834533693,-0.03374999999999995,0.0,1.0,good,good,good,False,0,False,0,False,0,False,0,0.1633699810017764,0.3104029639033752,0.4157894736842107,stable,False,False,none,0.2300000000000001,0.0,-0.39500000000000013,-0.6250000000000002,0.6134486515406392,0.9900187149095446,0.8944678004968469,True,severe,-0.6300000000000001,-0.16000000000000014,-35.58558558558559,-30.58252427184466,-7.207207207207213,False,专用机械,False,1.0,True,falling,False,False,0.0,0.1633699810017764,0.2640293181347545,专用机械,-5.0,-2.0,3.0,0.3,0.5,-0.1913045827562474,0.8779390977321972,-0.2948330932614026,False,True,-0.03379254859175551,0.12497955247615228,,,,,,,0.999190470683474,2,3.2433252427184436,accelerating_decline,0.15472923361172586,False,increasing_vol,50.1474165466307,严重恶化-15分; 单年巨幅下滑-15.0分(年跌-30.6%); 加速下滑-0.1分(加速度-0.29); 贝叶斯高置信度恶化-12分(恶化概率99.9%，严重恶化确认); 峰值明显下跌-8分(从2.2跌至1.4，跌幅-35.6%),,,0,0
873806.BJ,云星宇,软件服务,0.47100000000000003,-0.016460875870324364,-0.017999999999999995,0.3105592811442104,0.32911282349770765,-0.05425839099682417,0.4,80.33333333333333,-0.022499999999999992,-0.2,0.8064959405073401,has_near_zero,has_near_zero,has_near_zero,False,0,True,5,False,0,True,5,0.10724614730194793,0.051478150704935,0.27083333333333337,ultra_stable,False,False,none,0.010000000000000009,0.0,-0.025999999999999995,-0.036000000000000004,0.1841436074042192,1.0,0.33465346534653456,True,moderate,-0.13,0.07,-13.043478260869565,-24.528301886792452,15.217391304347828,False,软件服务,False,1.1304347826086956,True,falling,False,False,0.0,0.10724614730194793,0.23652155552271775,软件服务,-5.0,-2.0,3.0,0.3,0.5,-0.027558219688483515,0.21843420349643017,-0.009528186732522925,False,False,-0.016460875870324364,0.3105592811442104,,,,,,,0.9025069637883009,1,0.0,single_year_drop,0.0893650441230301,True,increasing_vol,19.666666666666668,中度恶化-10分; 贝叶斯恶化预警-8分(恶化概率90.3%); 波动率飙升预警-6.7分(近期波动是早期的3.3倍),,,0,0
920005.BJ,鼎佳精密,元器件,0.9785000000000001,0.0038386803408035795,0.005500000000000005,0.031532614517632056,0.7750993517437044,0.013040563053796417,0.99,100.0,-0.021666666666666667,-0.2,0.8064959405073401,has_near_zero,has_near_zero,has_near_zero,False,0,True,4,False,0,True,5,0.16752844230074276,0.1665232716469383,0.41247484909456744,stable,False,False,none,0.3400000000000001,0.0,-0.08900000000000001,-0.4290000000000001,0.3887442046317453,1.0,0.3691913306921464,False,none,0.12,-0.020000000000000018,11.235955056179773,13.793103448275861,-2.247191011235957,False,元器件,False,1.471264367816092,True,rising,False,False,0.0,0.16752844230074276,0.33019133621607316,元器件,-5.0,-2.0,3.0,0.3,0.5,0.036434660466906965,0.6007215075817461,0.054879202246328196,False,False,-0.020783599285578602,0.08444276737682813,,,,,,,0.07161803713527852,0,0.0,none,0.1601068000375756,False,decreasing_vol,0.0,,,,0,0
920018.BJ,宏远股份,电气设备,0.6882,0.05398509882099071,0.06,0.5029931186217558,0.179790327314157,0.3616349076657501,1.1,90.9090909090909,0.17666666666666664,1.0,0.02748633611151033,has_near_zero,has_near_zero,has_near_zero,False,0,True,4,False,0,True,5,0.4597006746315635,0.2923696290656744,1.2264150943396226,stable,False,False,none,0.11000000000000001,0.0,0.28,0.17,0.509987525987526,0.8175675675675675,0.9423076923076923,False,none,0.40000000000000013,0.15999999999999992,103.7037037037037,57.14285714285716,29.629629629629612,False,电气设备,False,1.0,False,rising,False,False,0.0,0.4597006746315635,0.5010938730385841,电气设备,-5.0,-2.0,3.0,0.3,0.5,0.21682355301604828,0.9556983518808225,0.11586163113092449,True,False,0.1424780021230641,0.9098247821403721,,,,,,,0.07161803713527852,0,0.0,none,0.15557300133288104,False,increasing_vol,9.09090909090909,"波动率飙升预警-5.1分(近期波动是早期的2.5倍); 趋势不确定预警-4分(Bootstrap CI跨零: [-0.004, 0.113])",,,0,0
920060.BJ,万源通,元器件,0.6920109999999999,0.1579572268924533,0.19236999999999999,0.619030320653502,0.11432972952543256,0.20163040911868713,1.0364,111.0,0.22885,0.6,0.22067136191984693,has_near_zero,has_near_zero,has_near_zero,False,0,True,3,False,0,True,3,0.596983823198999,0.37866683905512505,1.3671764149456094,volatile,False,False,none,-0.32789999999999997,0.0,0.31614,0.64404,0.6196625888410425,0.9999999999999996,0.9085458884104253,False,none,0.02210000000000001,0.5598,128.03080308030803,2.17884255151336,123.16831683168317,False,元器件,False,1.0,False,rising,False,False,0.0,0.596983823198999,0.6109203918925326,元器件,-5.0,-2.0,3.0,0.3,0.5,0.23336481827190841,0.7747674181088894,0.2525981323937494,False,False,0.1579572268924533,0.619030320653502,,,,,,,0.07161803713527852,0,0.0,none,0.35558964278479943,False,stable,4.0,"趋势不确定预警-4分(Bootstrap CI跨零: [-0.061, 0.373])",high_growth,"高速成长(稳健CAGR=22.9%, MK趋势=0.60)",1,0
920068.BJ,天工股份,小金属,0.17498999999999998,0.07812553720080553,0.07930000000000001,0.8999591770413662,0.013855496872040024,0.9277232075134729,0.29,100.0,0.08499999999999999,0.9,0.04326272780691066,has_near_zero,has_near_zero,has_near_zero,False,0,True,5,False,0,True,5,0.8746602479001431,0.13224862948250163,1.7791005291005288,moderate,False,False,none,0.014000000000000002,0.0,0.0935,0.0795,0.3480535556110541,1.0,0.8962962962962967,False,none,0.0,0.16999999999999998,141.66666666666666,0.0,141.66666666666666,False,小金属,True,1.0,False,falling,True,False,0.0,0.8746602479001431,1.0,小金属,-5.0,-2.0,1.6,0.3,0.24,0.08318393208785249,0.7500000000000003,0.033826235291577404,False,False,0.07812553720080553,0.8999591770413662,,,,,,,0.16167664670658682,0,0.0,none,0.2781298946125782,False,increasing_vol,0.0,周期回落期-3分(景气下行趋势),,,0,0
920080.BJ,奥美森,专用机械,0.7475,0.003952107548546557,0.0050000000000000044,0.01054076809857355,0.8695087480654714,0.0,0.93,100.0,0.012500000000000011,0.1,1.0,has_near_zero,has_near_zero,has_near_zero,False,0,True,5,False,0,True,5,0.33653855533234156,0.2510577622779268,0.8176943699731904,moderate,False,False,none,-0.30500000000000005,0.0,0.30500000000000005,0.6100000000000001,0.6068093960912512,0.9469799796403127,0.9011139812721989,False,none,0.13,0.48000000000000004,190.62500000000003,16.25,150.0,False,专用机械,False,1.0,False,rising,False,False,0.0,0.33653855533234156,0.4025641775992066,专用机械,-5.0,-2.0,3.0,0.3,0.5,0.2581120555637285,0.8867335384605183,0.516224111127457,True,False,0.003952107548546557,0.0008584967428317087,,,,,,,0.07161803713527852,0,0.0,none,0.3363716595962351,False,stable,0.0,,,,0,0
920100.BJ,三协电机,电气设备,1.0245000000000002,0.08074527051648761,0.11300000000000003,0.5995151710854311,0.12427920299335123,0.09400305907681727,1.06,90.46334802558864,0.09250000000000003,0.7,0.12955135290440883,has_near_zero,has_near_zero,has_near_zero,False,0,True,3,False,0,True,3,0.24592418965105695,0.23805461558222313,0.6198347107438018,stable,False,False,none,0.10999999999999999,0.0,0.11200000000000003,0.0020000000000000434,0.13923838894041923,1.0,0.387878787878788,True,moderate,-0.28,0.4900000000000001,24.705882352941185,-20.895522388059703,57.64705882352943,False,电气设备,False,1.0,True,falling,False,False,0.0,0.24592418965105695,0.33007268505417886,电气设备,-5.0,-2.0,3.0,0.3,0.5,0.07596633038449774,0.20974123704381759,0.03291160075689342,False,False,0.08074527051648761,0.5995151710854311,,,,,,,0.6492985971943889,1,0.0,single_year_drop,0.16251382386703625,False,increasing_vol,9.53665197441136,中度恶化-10分; 波动率飙升预警-8.0分(近期波动是早期的7.0倍),,,0,0
920101.BJ,志高机械,专用机械,1.4304999999999999,0.10144178537022039,0.16899999999999998,0.8808168916157423,0.018130292116006832,0.11096648266740505,1.63,100.0,0.16749999999999998,0.8,0.0864107329737,good,good,good,False,0,False,0,False,0,False,0,0.21056870372474218,0.283425475213503,0.43833580980683495,ultra_stable,False,False,none,-0.030000000000000027,0.0,0.19999999999999998,0.23,0.3690125819432704,1.0,0.8845643520566119,False,none,0.019999999999999796,0.2300000000000002,18.11594202898551,1.2422360248447077,16.666666666666682,False,专用机械,False,1.0,False,rising,False,False,0.0,0.21056870372474218,0.3017882963131271,专用机械,-5.0,-2.0,3.0,0.3,0.5,0.06923741750574808,0.8065468303736563,-0.028906001447936924,False,False,0.10144178537022039,0.8808168916157423,,,,,,,0.07161803713527852,0,0.0,none,0.0701972129384231,False,stable,0.0,,,,0,0
920111.BJ,聚星科技,电气设备,0.6742,0.005904896258180847,0.006999999999999984,0.0059557289128170455,0.9018374370323129,0.12801507993497308,1.02,95.3103448275862,0.08874999999999998,0.4,0.4624327264504764,has_near_zero,has_near_zero,has_near_zero,False,0,True,4,False,0,True,5,0.3853836342941477,0.2489578277540194,1.0526315789473684,moderate,False,False,none,-0.145,0.0,0.33999999999999997,0.485,0.7128706065814163,0.9542360060514371,0.9988479262672809,False,none,0.32000000000000006,0.35999999999999993,199.99999999999997,45.71428571428572,105.88235294117645,False,电气设备,False,1.0,False,rising,False,False,0.0,0.3853836342941477,0.4416402407686515,电气设备,-5.0,-2.0,3.0,0.3,0.5,0.28083844887191844,0.9939151880809868,0.4111437287000985,True,False,0.07380994184682714,0.3244703455166569,,,,,,,0.07161803713527852,0,0.0,none,0.309171533555869,True,increasing_vol,4.689655172413793,波动率飙升预警-4.7分(近期波动是早期的2.3倍),,,0,0
920112.BJ,巴兰仕,专用机械,1.2027,0.17390649482607304,0.289,0.5325437024893646,0.16163244809705513,0.2901212697116484,2.05,105.0,0.29874999999999996,0.6,0.22067136191984693,has_near_zero,has_near_zero,has_near_zero,False,0,True,2,False,0,True,2,0.5360115890364713,0.598188933364702,1.3888888888888886,moderate,False,False,none,-0.12,0.0,0.7749999999999999,0.8949999999999999,0.6011184282438173,0.22119815668202764,0.9999861257561464,False,none,0.7699999999999998,0.78,309.99999999999994,60.15624999999998,156.0,False,专用机械,False,2.02,True,rising,False,False,0.0,0.5360115890364713,0.6981426045625104,专用机械,-5.0,-2.0,3.0,0.3,0.5,0.49228165204435675,0.9883172165522832,0.5942397265668546,False,False,0.17390649482607304,0.5325437024893646,,,,,,,0.07161803713527852,0,0.0,none,0.345914696193941,True,increasing_vol,10.0,"波动聚集风险-6分(ARCH效应+波动上升); 趋势不确定预警-4分(Bootstrap CI跨零: [-0.140, 0.505])",high_growth,"高速成长(稳健CAGR=29.9%, MK趋势=0.60)",1,0
920116.BJ,星图测控,软件服务,0.6847000000000001,0.17856595006718531,0.209,0.96241716452378,0.0031278239552703924,0.6187750103924694,1.03,100.0,0.21666666666666667,1.0,0.02748633611151033,has_near_zero,has_near_zero,has_near_zero,False,0,True,4,False,0,True,4,0.5374922922681603,0.33432020579079574,1.4147909967845658,ultra_stable,False,False,none,0.31000000000000005,0.0,0.182,-0.12800000000000006,0.523832502965599,1.0,0.9823250296559903,False,none,0.24,0.10999999999999999,51.470588235294116,30.379746835443033,16.176470588235293,False,软件服务,False,1.0,False,rising,False,False,0.0,0.5374922922681603,0.5633271671478616,软件服务,-5.0,-2.0,3.0,0.3,0.5,0.1331117628673612,0.9641215658165228,-0.11026916193802955,False,True,0.17856595006718531,0.96241716452378,,,,,,,0.07161803713527852,0,0.0,none,0.08146383318429733,False,decreasing_vol,0.0,,,,0,0
920128.BJ,胜业电气,元器件,0.600314,0.09659578400208954,0.11177999999999999,0.9103000592864571,0.011724381742692264,0.1868752126924902,0.7739,100.0,0.12,1.0,0.02748633611151033,has_near_zero,has_near_zero,has_near_zero,False,0,True,5,False,0,True,5,0.3273853977589894,0.18555549574184,0.677335121211052,ultra_stable,False,False,none,0.010000000000000009,0.0,0.13517,0.12517,0.4317445816494093,1.0,0.9259597925316955,False,none,0.023900000000000032,0.22999999999999998,48.82692307692308,3.186666666666671,44.230769230769226,False,元器件,False,1.0,False,rising,False,False,0.0,0.3273853977589894,0.3952416515405248,元器件,-5.0,-2.0,3.0,0.3,0.5,0.10656458440070726,0.8163182704243945,0.047417673993498166,False,False,0.09659578400208954,0.9103000592864571,,,,,,,0.07161803713527852,0,0.0,none,0.09971203231582396,False,increasing_vol,0.0,,,,0,0
920682.BJ,球冠电缆,电气设备,0.517,-0.0013653918642787088,-0.0020000000000000018,0.0008005312071930339,0.9639802000229443,-0.049370674702771455,0.49,85.0,-0.009166666666666675,-0.2,0.8064959405073401,has_near_zero,has_near_zero,has_near_zero,False,0,True,5,False,0,True,5,0.16460288607947646,0.0852642949891688,0.4054054054054053,stable,False,False,none,-0.20999999999999996,0.0,0.03699999999999999,0.24699999999999994,0.44438778318526595,1.0,0.3310761789600966,True,moderate,-0.09999999999999998,0.06999999999999995,-5.7692307692307745,-16.94915254237288,13.461538461538453,False,电气设备,False,1.5128205128205128,True,falling,False,False,0.0,0.16460288607947646,0.3333917105729829,电气设备,-5.0,-2.0,3.0,0.3,0.5,-0.013389365715010315,0.08814220321317234,0.021508861422911973,False,False,-0.0013653918642787088,0.0008005312071930339,,,,,,,0.9025069637883009,1,0.0,single_year_drop,0.16448964018641535,True,decreasing_vol,15.0,中度恶化-10分; 贝叶斯恶化预警-8分(恶化概率90.3%); 波动聚集提示-2分(大波动后可能跟着大波动),,,0,0
920799.BJ,艾融软件,软件服务,0.368,-0.004747020275750547,-0.004999999999999999,0.035250372892458096,0.7623601882525304,-0.184233412274876,0.31,78.11574291572826,-0.06375,-0.6,0.22067136191984693,has_near_zero,has_near_zero,has_near_zero,False,0,True,5,False,0,True,5,0.4518259728084363,0.17711578134090702,1.1479591836734693,moderate,False,False,none,-0.33999999999999997,0.0,-0.005999999999999994,0.33399999999999996,0.519408695652174,1.0,0.026086956521739074,True,moderate,-0.030000000000000027,0.09000000000000002,24.0,-8.823529411764714,36.00000000000001,False,软件服务,False,1.36,True,falling,False,False,0.0,0.4518259728084363,0.5427941115800824,软件服务,-5.0,-2.0,3.0,0.3,0.5,0.02888577918898237,0.4315969032461002,0.2314858314565285,True,False,-0.07137340709210728,0.5075197537788744,,,,,,,0.4807121661721069,1,0.0,single_year_drop,0.3162648063544888,True,decreasing_vol,21.884257084271738,中度恶化-10分; 波动聚集提示-2分(大波动后可能跟着大波动); 峰值大幅下跌-15分(从0.7跌至0.3，跌幅-55.7%),,,0,0
