ts_code,name,industry,roic_weighted,roic_log_slope,roic_slope,roic_r_squared,roic_p_value,roic_cagr,roic_latest,roic_trend_score,roic_robust_slope,roic_mk_tau,roic_mk_p_value,roic_data_quality,roic_data_quality_original,roic_data_quality_cleaned,roic_has_loss_years,roic_loss_year_count,roic_has_near_zero_years,roic_near_zero_count,roic_has_loss_years_cleaned,roic_loss_year_count_cleaned,roic_has_near_zero_years_cleaned,roic_near_zero_count_cleaned,roic_cv,roic_std_dev,roic_range_ratio,roic_volatility_type,roic_vol_mean_near_zero,roic_has_inflection,roic_inflection_type,roic_early_slope,roic_middle_slope,roic_recent_slope,roic_slope_change,roic_inflection_confidence,roic_inflection_early_r2,roic_inflection_recent_r2,roic_has_deterioration,roic_deterioration_severity,roic_year4_to_5_change,roic_year3_to_4_change,roic_total_decline_pct,roic_year4_to_5_pct,roic_year3_to_4_pct,roic_is_high_level_stable,roic_deterioration_industry,roic_is_cyclical,roic_peak_to_trough_ratio,roic_has_middle_peak,roic_current_phase,roic_industry_cyclical,roic_has_wave_pattern,roic_trend_r_squared,roic_cyclical_cv,roic_cyclical_confidence,roic_cyclical_industry,roic_decline_threshold_pct,roic_decline_threshold_abs,roic_peak_to_trough_threshold,roic_trend_r_squared_max,roic_cv_threshold,roic_recent_3y_slope,roic_recent_3y_r_squared,roic_trend_acceleration,roic_is_accelerating,roic_is_decelerating,roic_full_5y_slope,roic_full_5y_r_squared,roic_wls_slope,roic_bootstrap_ci_median,roic_bootstrap_ci_low,roic_bootstrap_ci_high,roic_heteroscedasticity_detected,roic_fused_slope,roic_deterioration_probability,roic_consecutive_decline_years,roic_deterioration_acceleration,roic_deterioration_pattern,roic_detrended_cv,roic_has_arch_effect,roic_volatility_regime,roic_penalty,roic_penalty_details,roic_strategies,roic_strategy_reasons,roic_is_high_growth,roic_is_turnaround
000020.SZ,深华发A,元器件,4.736791,0.037026752639465886,0.11900000000000005,0.2921055090489049,0.34700404806325186,0.33075795920125817,9.3062,102.0,0.17164461823657468,0.7999999999999999,0.08333333333333333,good,good,good,false,0,false,0,false,0,false,0,0.6480993649304644,2.8047925835968694,1.5487138724316731,volatile,false,false,none,0.11595,0.0,3.0534499999999998,2.9375,0.5943580990504732,0.14921567556750814,0.7943653149372235,false,none,5.744300000000001,0.36260000000000003,190.8823805207389,161.27067014795475,11.333729253274155,false,元器件,false,1.0,false,rising,false,false,0.0,0.6480993649304644,0.6518128252777048,元器件,-5.0,-2.0,3.0,0.3,0.5,0.523523745986209,0.8229492631233624,0.48773971568137753,false,false,0.2534712829491874,0.6465947357130266,,,,,,,0.07161803713527852,0,0.0,none,0.4145445566217583,false,increasing_vol,8.0,波动率飙升预警-8.0分(近期波动是早期的6.4倍),turnaround,"底部强力反转(曾跌191%, 近期斜率0.52)",0,1
000021.SZ,深科技,元器件,4.27778,-0.054029385957111355,-0.27032,0.12530863399239706,0.5588848666191267,-0.042572622630148715,4.9321,98.0,-0.07091921565201453,-0.19999999999999998,0.8166666666666667,good,good,good,false,0,false,0,false,0,false,0,0.24403138915088535,1.0768958784395082,0.6230313577796207,moderate,false,false,none,-1.3747,0.0,0.90595,2.28065,0.7661739174755507,0.9999844148201422,0.9476384452102746,false,none,1.2748,0.5371000000000001,58.06999551310813,34.856314767724825,17.213640151272358,false,元器件,false,1.0,false,rising,false,false,0.0,0.24403138915088535,0.3285584446540416,元器件,-5.0,-2.0,3.0,0.3,0.5,0.22162373190378437,0.9683914812040109,0.5287864627952539,true,false,-0.054029385957111355,0.12530863399239706,,,,,,,0.07161803713527852,0,0.0,none,0.22398774363633484,false,decreasing_vol,2.0,趋势不可靠-2分(Bootstrap CI过宽: 0.534),"","",0,0
000034.SZ,神州数码,软件服务,5.3725190000000005,0.014504474055675188,0.08777999999999997,0.0755332127942491,0.654528186058137,0.006370070808427775,5.5264,90.0,0.046108382229002785,0.39999999999999997,0.48333333333333334,good,good,good,false,0,false,0,false,0,false,0,0.3194115730926182,1.6735441607558492,0.7936123188267494,moderate,false,false,none,-3.0037000000000003,0.0,0.9612300000000001,3.9649300000000003,0.4864334091298248,1.0,0.4133880297059747,true,moderate,-1.0158000000000005,0.18540000000000045,-13.063176440976592,-15.52688697991502,2.9165617920966596,false,软件服务,false,2.7440963046852063,true,falling,false,false,0.0,0.3194115730926182,0.6214087657654555,软件服务,-5.0,-2.0,3.0,0.3,0.5,-0.06901582086332447,0.600878154087231,-0.150523321283081,false,false,0.1023872738062573,0.16287596253866923,,,,,,,0.9025069637883009,1,0.0,single_year_drop,0.29001536562815367,false,decreasing_vol,10.0,中度恶化-10分; 贝叶斯恶化预警-8分(恶化概率90.3%),"","",0,0
000045.SZ,深纺织A,元器件,2.291926,0.24533094577478753,0.56502,0.80257445974965,0.03970314857850915,0.3492039183122848,3.3213,98.0,0.2261646206732912,0.7999999999999999,0.08333333333333333,good,good,good,false,0,false,0,false,0,false,0,0.4646546871525885,0.9861924011063967,1.092620687705544,stable,false,false,none,0.2093,0.0,0.9501999999999999,0.7408999999999999,0.3584153353430397,0.20399822929692135,0.8932998281272531,false,none,0.38139999999999974,1.5190000000000001,133.74621718629035,12.973230381985774,106.90407488211697,false,元器件,false,1.3566753466113026,true,rising,false,false,0.0,0.4646546871525885,0.5526137959369112,元器件,-5.0,-2.0,3.0,0.3,0.5,0.38268140215999397,0.8608235675564362,0.24914581263508456,false,false,0.24533094577478753,0.80257445974965,,,,,,,0.07161803713527852,0,0.0,none,0.19679415134729125,false,stable,2.0,趋势不可靠-2分(Bootstrap CI过宽: 0.337),"","",0,0
000153.SZ,丰原药业,化学制药,6.6710400000000005,0.003056709747094599,0.021119999999999986,0.007245915386186195,0.8917491334036286,-0.004139035840892702,6.3483,72.93687455710018,-0.003430752794092236,-0.19999999999999998,0.8166666666666667,good,good,good,false,0,false,0,false,0,false,0,0.05855646285903025,0.3900141497433139,0.1387437542039012,ultra_stable,false,false,none,0.4089499999999999,0.0,-0.46205000000000007,-0.871,0.6443509247817534,0.701862772902109,0.9996464749154247,true,severe,-0.4771000000000001,-0.44700000000000006,-12.706946812606567,-6.990066516248134,-6.146526593696717,false,化学制药,false,1.1359930019681965,true,falling,false,false,0.0,0.05855646285903025,0.19831090388298375,化学制药,-5.0,-2.0,3.0,0.3,0.5,-0.06722336250516592,0.9985624088895876,-0.12625088579964028,false,true,0.003056709747094599,0.007245915386186195,,,,,,,0.9507042253521126,2,0.1372384727687454,sustained_decline,0.058341427387222575,false,stable,27.063125442899818,严重恶化-15分; 加速下滑-0.1分(加速度-0.13); 贝叶斯高置信度恶化-12分(恶化概率95.1%，严重恶化确认),"","",0,0
000400.SZ,许继电气,电气设备,9.275585,0.050610068047813074,0.4677700000000002,0.7709269346261878,0.050191841645222494,0.042738550738319114,10.0908,91.18718592964824,0.04361626564791643,0.7999999999999999,0.08333333333333333,good,good,good,false,0,false,0,false,0,false,0,0.0928615200713223,0.8396260060288748,0.20596790426579065,ultra_stable,false,false,none,-0.30689999999999884,0.0,0.6823899999999998,0.9892899999999987,0.6910092422055208,1.0,0.9315124220552107,false,none,0.295399999999999,1.237,17.90521592821087,3.0157012475243374,14.453636193681064,false,电气设备,false,1.0,false,rising,false,false,0.0,0.0928615200713223,0.20762254939039115,电气设备,-5.0,-2.0,3.0,0.3,0.5,0.08188063792565137,0.880211418886734,0.08054423619432072,false,false,0.050610068047813074,0.7709269346261878,,,,,,,0.07161803713527852,0,0.0,none,0.043955131263532246,false,increasing_vol,8.812814070351763,"波动率飙升预警-4.8分(近期波动是早期的2.4倍); 趋势不确定预警-4分(Bootstrap CI跨零: [-0.004, 0.093])","","",0,0
000403.SZ,派林生物,生物制药,9.316967000000002,-0.012553195603033319,-0.10195999999999988,0.07048156396879253,0.6659895496639141,-0.15230345387209288,8.4959,90.0,-0.11531521473655182,-0.6,0.23333333333333334,good,good,good,false,0,false,0,false,0,false,0,0.3805454873228446,3.7458081735454627,0.9221741577485508,moderate,false,false,none,-7.448499999999999,0.0,-0.20369999999999983,7.2448,0.6637229607797139,1.0,0.13722960779713902,false,none,1.120000000000001,-0.5109000000000004,7.723030887051791,15.18458764354182,-6.477912461327792,false,生物制药,false,1.0,false,rising,false,false,0.0,0.3805454873228446,0.437769723191609,生物制药,-5.0,-2.0,3.0,0.3,0.5,0.036921868871958585,0.27696797767290804,0.40304711951131456,false,false,-0.151483635682084,0.5575947158930226,,,,,,,0.13366336633663367,0,0.0,none,0.2557439055740347,true,decreasing_vol,10.0,波动聚集提示-2分(大波动后可能跟着大波动); 峰值明显下跌-8分(从16.5跌至8.5，跌幅-48.4%),"","",0,0
000409.SZ,云鼎科技,软件服务,6.2303299999999995,0.011192270923995197,0.07088000000000001,0.447549222976001,0.2168991015496765,-0.05090863768642029,6.4316,98.0,-0.026889696640359284,-0.19999999999999998,0.8166666666666667,good,good,good,false,0,false,0,false,0,false,0,0.1463443299145955,0.9338348767314271,0.3892444539168918,stable,false,false,none,-1.2418999999999998,0.0,0.4944000000000002,1.7363,0.740916897925416,0.9232940738208697,0.9858749054332904,false,none,0.3919000000000006,0.5968999999999998,18.16711986477549,6.488732884083656,10.966781803483498,false,软件服务,false,1.0,false,rising,false,false,0.0,0.1463443299145955,0.25040879726500975,软件服务,-5.0,-2.0,3.0,0.3,0.5,0.08229255636697008,0.9802765894805727,0.26806842154108135,true,false,-0.04180087129828607,0.23011131618401776,,,,,,,0.07161803713527852,0,0.0,none,0.12583910321400288,true,decreasing_vol,2.0,波动聚集提示-2分(大波动后可能跟着大波动),"","",0,0
000503.SZ,国新健康,软件服务,-10.133553000000003,0.7573871609237462,5.656890000000001,0.8426532063495744,0.027857563209580334,,-0.6004,98.0,0.5821898427834504,0.9999999999999999,0.016666666666666666,poor,poor,poor,true,5,true,1,true,5,true,1,0.7628697129364944,9.02522168326075,1.842557701963211,ultra_stable,false,false,none,3.0732999999999997,0.0,6.029590000000001,2.956290000000001,0.5170714925001256,1.0,0.976233701094406,false,none,5.7536000000000005,4.12,94.26771052129081,90.55083412023922,39.335497422188276,false,软件服务,false,1.0,false,rising,false,false,0.0,0.7628697129364944,0.7436291036825289,软件服务,-5.0,-2.0,3.0,0.3,0.5,1.2375732028616373,0.8930935432962339,0.8583996314408806,true,false,0.7573871609237462,0.8426532063495744,,,,,,,0.07161803713527852,0,0.0,none,0.10191010064806755,false,stable,2.0,趋势不可靠-2分(Bootstrap CI过宽: 0.892),"","",0,0
000507.SZ,珠海港,新型电力,3.98405,0.009892633640278793,0.03840499999999998,0.35036088534060084,0.2930254374685096,0.013653824320638108,3.8579,98.0,0.0010022001636655897,0.0,1.0,good,good,good,false,0,false,0,false,0,false,0,0.11354805668041466,0.4557251254868443,0.28738009218886257,ultra_stable,false,false,none,1.1534,0.0,-0.29745,-1.45085,0.666089290871113,1.0,0.6608929087111298,false,none,0.046699999999999964,-0.12539999999999996,-1.9991871157851953,1.22533585222502,-3.185490016765736,false,新型电力,false,1.2614399664147775,true,rising,false,false,0.0,0.11354805668041466,0.25903044086630206,新型电力,-5.0,-2.0,3.0,0.3,0.5,-0.009780323584967388,0.3815934682754076,-0.04576952126836087,false,false,-0.012128010005900691,0.033853971959857454,,,,,,,0.2783505154639176,0,0.0,none,0.11115186730541228,true,decreasing_vol,2.0,波动聚集提示-2分(大波动后可能跟着大波动),"","",0,0
000513.SZ,丽珠集团,化学制药,10.80036,-0.060109331129857814,-0.69988,0.3535828515008491,0.2902422305973451,-0.043082962213504494,11.4992,100.0,-0.11349030493452494,-0.6,0.23333333333333334,good,good,good,false,0,false,0,false,0,false,0,0.16098005081136102,1.7949758605619186,0.4228765145332412,stable,false,false,none,-1.87145,0.0,0.7639500000000004,2.6354000000000006,0.6860265322438877,0.9928564155562848,0.3674089068825916,false,none,2.5001999999999995,-0.9722999999999988,15.322976943828797,27.783087009667735,-9.750985327891035,false,化学制药,false,1.0,false,rising,false,false,0.0,0.16098005081136102,0.2621173739824222,化学制药,-5.0,-2.0,3.0,0.3,0.5,0.07097340138478048,0.3355039928388072,0.22974461574084204,true,false,-0.060109331129857814,0.3535828515008491,,,,,,,0.07161803713527852,0,0.0,none,0.12674809405844983,false,stable,0.0,"","","",0,0
000533.SZ,顺钠股份,电气设备,7.42244,0.21389082342094146,1.2868000000000002,0.226259713972829,0.41804543688423734,0.08317007784815322,11.4489,106.0,0.34619555003801883,0.6,0.23333333333333334,good,good,good,false,0,false,0,false,0,false,0,0.5212076273283922,3.667425348933499,1.3819566823944063,volatile,false,false,none,-6.5923,0.0,3.214,9.8063,0.9218860297667004,1.0,0.998058067989683,false,none,3.1194000000000006,2.967999999999999,113.53912151450152,37.45002701242572,55.35764245080665,false,电气设备,false,1.0,false,rising,false,false,0.0,0.5212076273283922,0.5502994351960471,电气设备,-5.0,-2.0,3.0,0.3,0.5,0.37598303005996203,0.9917005306904586,0.5930284154954859,false,false,0.21389082342094146,0.226259713972829,,,,,,,0.07161803713527852,0,0.0,none,0.43364368107560214,true,decreasing_vol,4.0,波动聚集提示-2分(大波动后可能跟着大波动); 趋势不可靠-2分(Bootstrap CI过宽: 1.197),turnaround,"底部强力反转(曾跌114%, 近期斜率0.38)",0,1
000534.SZ,万泽股份,生物制药,7.660035000000001,0.1310108925368892,0.9035900000000002,0.7075649091302136,0.07414985774043459,0.12151583307646674,7.8394,90.44487285860706,0.14186385426282577,0.7999999999999999,0.08333333333333333,good,good,good,false,0,false,0,false,0,false,0,0.24545508377283198,1.7692991530546782,0.6658768298502827,stable,false,false,none,1.0244500000000003,0.0,0.4176500000000001,-0.6068000000000002,0.28632045167904663,0.9242862724107708,0.08769295518109643,true,moderate,-1.9156000000000004,2.7509000000000006,11.925871989263433,-19.637109174782168,39.275567167801725,false,生物制药,false,1.0,true,falling,false,false,0.0,0.24545508377283198,0.3296974003515989,生物制药,-5.0,-2.0,3.0,0.3,0.5,0.05582619863438353,0.11145422553404476,-0.11471687417125631,false,false,0.1310108925368892,0.7075649091302136,,,,,,,0.6492985971943889,1,0.0,single_year_drop,0.14478748091858318,false,increasing_vol,9.555127141392942,中度恶化-10分; 波动率飙升预警-4.6分(近期波动是早期的2.3倍),"","",0,0
000537.SZ,中绿电,新型电力,2.5233119999999998,0.02387241123157533,0.06673999999999998,0.10500948358372131,0.5947439129355582,,2.2152,67.0,-0.12288290398623726,-0.19999999999999998,0.8166666666666667,has_loss,has_loss,good,true,1,true,1,false,0,false,0,0.8756452458890316,2.334400173920487,2.439908174288801,high_volatility,false,false,none,-6.5046,0.0,0.8232199999999998,7.32782,0.6558839334503513,1.0,0.5588393345035131,true,moderate,-0.7376,0.7142,-1.0452961672473906,-24.979680303440805,31.903868489234345,false,新型电力,true,inf,true,falling,false,false,0.0,0.8756452458890316,1.0,新型电力,-5.0,-2.0,3.0,0.3,0.5,-0.004792902679779387,0.0009977056344308126,0.4856143167766987,false,false,0.010946336894733767,0.0002777913702400347,,,,,,,0.9025069637883009,1,0.0,single_year_drop,0.8290165991569695,true,decreasing_vol,33.0,中度恶化-10分; 周期回落期-3分(景气下行趋势); 贝叶斯恶化预警-8分(恶化概率90.3%); 波动聚集提示-2分(大波动后可能跟着大波动); 峰值大幅下跌-15分(从6.2跌至2.2，跌幅-64.4%),"","",0,0
000550.SZ,江铃汽车,汽车整车,5.6458710000000005,0.3216440002534454,1.5365700000000002,0.8198856367871169,0.03438712415795835,0.3914837994197382,8.692,98.0,0.3236551860609552,0.7999999999999999,0.08333333333333333,good,good,good,false,0,false,0,false,0,false,0,0.5249386612075994,2.721754464495282,1.2292426083434589,moderate,false,false,none,0.3817000000000004,0.0,1.63994,1.2582399999999996,0.3783253659866835,1.0,0.6945242422827275,false,none,3.3731,-1.5759999999999996,26.064192374073595,63.41724792720299,-22.857474365110438,false,汽车整车,false,1.296301866927372,true,rising,false,false,0.0,0.5249386612075994,0.5927911778897291,汽车整车,-5.0,-2.0,3.0,0.3,0.5,0.11484800694789143,0.22342556553137893,-0.41091040553442826,false,false,0.3216440002534454,0.8198856367871169,,,,,,,0.07161803713527852,0,0.0,none,0.23663300708694165,false,stable,2.0,趋势不可靠-2分(Bootstrap CI过宽: 0.509),"","",0,0
000551.SZ,创元科技,专用机械,7.73223,0.06267998469503651,0.5039800000000002,0.4492648790106156,0.21568771221926752,0.07396474938865216,9.3384,100.0,0.0631386628593571,0.39999999999999997,0.48333333333333334,good,good,good,false,0,false,0,false,0,false,0,0.15599878312000376,1.1669083374455769,0.39349004844764346,ultra_stable,false,false,none,-0.6246,0.0,0.7776400000000001,1.4022400000000002,0.48717540658090397,1.0,0.5835454975757662,false,none,2.5412,-1.0537999999999998,18.945357279327474,37.38598246336727,-13.422493949815308,false,专用机械,false,1.1902487833719926,true,rising,false,false,0.0,0.15599878312000376,0.2834988642789354,专用机械,-5.0,-2.0,3.0,0.3,0.5,0.08615854173124982,0.29816760133560916,0.03069317182919029,false,false,0.06267998469503651,0.4492648790106156,,,,,,,0.07161803713527852,0,0.0,none,0.11396138145742561,false,increasing_vol,0.0,"","","",0,0
000591.SZ,太阳能,新型电力,4.77182,-0.014634210962878313,-0.07784000000000013,0.26037872758440067,0.37971355386850225,-0.08587978235398264,3.7786,44.926946783825684,-0.06515282525575339,-0.7999999999999999,0.08333333333333333,good,good,good,false,0,false,0,false,0,false,0,0.1419175758304309,0.7047797116830196,0.34737380490201614,ultra_stable,false,false,none,-0.07909999999999995,0.0,-0.7373500000000002,-0.6582500000000002,0.5630132916713566,0.3901231073123645,0.9235098094012016,true,severe,-1.1048999999999998,-0.3698000000000006,-28.07187862867151,-22.625166376574175,-7.039384767669857,false,新型电力,false,1.0,true,falling,false,false,0.0,0.1419175758304309,0.24686739399767807,新型电力,-5.0,-2.0,3.0,0.3,0.5,-0.16068710077618809,0.9070843596024573,-0.14610643234863385,false,true,-0.08184607951548797,0.7351192715755328,,,,,,,0.9965219202133699,2,2.2140829239063526,accelerating_decline,0.06951873581560293,true,increasing_vol,55.073053216174316,严重恶化-15分; 加速下滑-0.1分(加速度-0.15); 贝叶斯高置信度恶化-12分(恶化概率99.7%，严重恶化确认); 波动率飙升预警-8.0分(近期波动是早期的4.3倍); 峰值明显下跌-8分(从5.5跌至3.8，跌幅-31.3%); 智能连续下跌-12分(3年实质性下跌，累计跌幅-30.2%),"","",0,0
000597.SZ,东北制药,化学制药,3.6931140000000005,0.5016341137730355,1.2395800000000001,0.7760179735180739,0.04843786315424556,1.167181161180546,5.1816,98.0,0.4610903101588075,0.7999999999999999,0.08333333333333333,good,good,good,false,0,true,1,false,0,true,1,0.6483165888766168,2.1532149876405744,1.48941359251364,moderate,false,false,none,2.3141999999999996,0.0,0.15915000000000035,-2.1550499999999992,0.6645842145944458,0.9753590916458384,0.1704830542986191,false,none,0.7672000000000008,-0.4489000000000001,6.5449386219234,17.379485320768413,-9.230357987374829,false,化学制药,false,1.1016899238854658,true,rising,false,false,0.0,0.6483165888766168,0.6655452609526888,化学制药,-5.0,-2.0,3.0,0.3,0.5,0.031087137032841605,0.1549378256661138,-0.995152358299358,false,false,0.5016341137730355,0.7760179735180739,,,,,,,0.13366336633663367,0,0.0,none,0.2684518879233181,false,decreasing_vol,2.0,趋势不可靠-2分(Bootstrap CI过宽: 1.033),"","",0,0
000625.SZ,长安汽车,汽车整车,7.887523000000001,0.17101695254383265,1.14361,0.37570155839578045,0.27165224076488476,0.10962093602196554,6.5955,47.67476924176076,0.1152854819502526,0.6,0.23333333333333334,good,good,good,false,0,false,0,false,0,false,0,0.4393118056320677,3.3143615588827964,0.973127230119134,volatile,false,false,none,2.9936,0.0,-1.8711499999999994,-4.864749999999999,0.6301662864376004,0.799300442397311,0.5023624219786934,true,severe,-5.096799999999999,1.3544999999999998,-36.20015864110352,-43.59108130992191,13.102400897676485,false,汽车整车,false,1.0,true,falling,false,false,0.0,0.4393118056320677,0.4847827778389875,汽车整车,-5.0,-2.0,3.0,0.3,0.5,-0.22302623974285463,0.5553676752118629,-0.6504615164784788,false,true,0.17101695254383265,0.37570155839578045,,,,,,,0.9866768176627332,1,0.0,cliff_drop,0.3681728292084892,false,stable,52.32523075823924,严重恶化-15分; 单年巨幅下滑-15.0分(年跌-43.6%); 加速下滑-0.3分(加速度-0.65); 贝叶斯高置信度恶化-12分(恶化概率98.7%，严重恶化确认); 趋势不可靠-2分(Bootstrap CI过宽: 0.716); 峰值明显下跌-8分(从11.7跌至6.6，跌幅-43.6%),"","",0,0
000633.SZ,合金投资,小金属,3.237825,0.16244410397055065,0.35051,0.572390307602008,0.13879625594170103,0.4780130061085621,5.7824,101.0,0.3413677202583483,0.9999999999999999,0.016666666666666666,good,good,good,false,0,false,0,false,0,false,0,0.6063680705526685,1.7740631913773532,1.5622479252970212,moderate,false,false,none,0.87435,0.0,1.411,0.5366500000000001,0.37763201619168374,0.9407531491722081,0.7520464057007588,false,none,2.8143,0.007700000000000262,95.32495608701528,94.8182338869984,0.2600999864883212,false,小金属,true,1.0,false,rising,true,false,0.0,0.6063680705526685,1.0,小金属,-5.0,-2.0,1.6,0.3,0.24,0.32475577726865523,0.752842098743157,-0.0664477719587721,false,false,0.3368288972321425,0.9407170622944059,,,,,,,0.07161803713527852,0,0.0,none,0.22710291443542302,false,increasing_vol,9.0,"周期顶部预警-5分(警惕景气回落); 趋势不确定预警-4分(Bootstrap CI跨零: [-0.111, 0.405])",turnaround,"底部强力反转(曾跌95%, 近期斜率0.32)",0,1
000657.SZ,中钨高新,小金属,8.546775,0.09938526708640474,0.7572700000000001,0.4351023424110376,0.22581478305633332,0.16662986762763232,10.2552,93.0,0.08430607170705084,0.39999999999999997,0.48333333333333334,good,good,good,false,0,false,0,false,0,false,0,0.22346640292641526,1.8253048643993695,0.577732507033425,stable,false,false,none,3.5612000000000004,0.0,0.19857000000000005,-3.3626300000000002,0.5097886869753997,1.0,0.04223381087181726,false,none,3.0231000000000003,-1.4876999999999994,17.60820202298219,41.801136599328,-17.061171127778156,false,小金属,true,1.2579195531035245,true,rising,true,false,0.0,0.22346640292641526,0.824308671783888,小金属,-5.0,-2.0,1.6,0.3,0.24,0.08064270965809439,0.2158369744872944,-0.14410784636881635,false,false,0.09938526708640474,0.4351023424110376,,,,,,,0.07161803713527852,0,0.0,none,0.16866912641616116,false,stable,7.0,周期顶部预警-5分(警惕景气回落); 趋势不可靠-2分(Bootstrap CI过宽: 0.386),"","",0,0
000670.SZ,盈方微,元器件,13.076416,0.038380037135615996,0.8173200000000002,0.016887406669625765,0.8350074248599998,0.17593801734512837,17.7366,78.87284218469955,0.09937498186296714,0.39999999999999997,0.48333333333333334,good,good,good,false,0,false,0,false,0,false,0,0.3964607812685366,5.087075505828472,0.9264278844879912,volatile,false,false,none,5.3232,0.0,-0.14327000000000006,-5.46647,0.3477624949128706,1.0,0.0011701423534081815,false,none,11.8872,-10.846700000000002,6.231994298069597,203.22084316340136,-64.96547097825241,false,元器件,false,2.8543269395151643,true,rising,false,false,0.0,0.3964607812685366,0.6977455502835179,元器件,-5.0,-2.0,3.0,0.3,0.5,0.030176631810634458,0.002368602177785887,-0.26272925578752004,false,false,0.038380037135615996,0.016887406669625765,,,,,,,0.13366336633663367,0,0.0,none,0.38345487194477434,false,increasing_vol,21.127157815300443,单年巨幅下滑-15.0分(年跌-65.0%); 波动率飙升预警-6.1分(近期波动是早期的3.1倍); 趋势不可靠-2分(Bootstrap CI过宽: 0.843),"","",0,0
000682.SZ,东方电子,电气设备,10.37321,0.11299076209411495,1.0701800000000001,0.9202034265478872,0.009806113543083507,0.12912728276632213,11.7552,98.0,0.08607252480785821,0.9999999999999999,0.016666666666666666,good,good,good,false,0,false,0,false,0,false,0,0.17603241667069122,1.7318280390962608,0.45976263757709807,ultra_stable,false,false,none,1.9927000000000001,0.0,0.8373000000000002,-1.1554,0.91536231677246,1.0,0.999506667444406,false,none,0.8750999999999998,0.7815000000000012,16.404254055017535,8.043124603634155,7.738696452973692,false,电气设备,false,1.0,false,rising,false,false,0.0,0.17603241667069122,0.2741592666698863,电气设备,-5.0,-2.0,3.0,0.3,0.5,0.07563036182663296,0.9998810233171602,-0.09015843610973406,false,true,0.11299076209411495,0.9202034265478872,,,,,,,0.07161803713527852,0,0.0,none,0.03748708992628807,true,decreasing_vol,2.0,波动聚集提示-2分(大波动后可能跟着大波动),"","",0,0
000739.SZ,普洛药业,化学制药,15.278569999999998,-0.0894071823290556,-1.4178599999999997,0.9925405764501082,0.000274044726258693,-0.08435184180927024,13.1462,58.0,-0.09078706137804621,-0.9999999999999999,0.016666666666666666,good,good,good,false,0,false,0,false,0,false,0,0.14053680896887777,2.2468322333899335,0.3475027365129006,ultra_stable,false,false,none,-1.0539999999999985,0.0,-1.4785199999999998,-0.42452000000000134,0.4894142400633064,1.0,0.9951785583886861,true,severe,-1.4344999999999999,-1.2800999999999991,-17.115151820841316,-9.838347953116104,-8.070841319479467,false,化学制药,false,1.0,false,falling,false,false,0.0,0.14053680896887777,0.24576278050843556,化学制药,-5.0,-2.0,3.0,0.3,0.5,-0.09363338611866356,0.9964624304125468,-0.011385298962469426,false,false,-0.0894071823290556,0.9925405764501082,,,,,,,0.9935602575896965,4,0.21899905643921566,chronic_decline,0.009369318264459322,false,stable,42.0,严重恶化-15分; 贝叶斯高置信度恶化-12分(恶化概率99.4%，严重恶化确认); 高置信度衰退-3分(Bootstrap CI确认下行); 连续下跌警示-12分(4年下跌，累计-29.7%),"","",0,0
000756.SZ,新华制药,化学制药,8.556505000000001,0.006059576142003387,0.05360000000000014,0.4375826863597312,0.22402010528679217,-0.023243704460687353,7.8782,81.96527070516893,0.009640863292486035,0.19999999999999998,0.8166666666666667,good,good,good,false,0,false,0,false,0,false,0,0.05041127894976682,0.4345905946980447,0.12904685125682944,ultra_stable,false,false,none,0.10029999999999982,0.0,-0.48885000000000023,-0.5891500000000001,0.5590982632485647,0.9687536412196152,0.6482931681303644,true,moderate,-1.1125000000000007,0.13480000000000025,-11.040097562077264,-12.373897471832011,1.5221490757574074,false,化学制药,false,1.0,true,falling,false,false,0.0,0.05041127894976682,0.1736623564931468,化学制药,-5.0,-2.0,3.0,0.3,0.5,-0.05807657487029583,0.6544754839767518,-0.06945858966212337,false,true,-0.01569011027306182,0.23214108856088483,,,,,,,0.8223350253807107,1,0.0,single_year_drop,0.044534729880819086,true,increasing_vol,18.03472929483106,中度恶化-10分; 加速下滑-0.0分(加速度-0.07); 贝叶斯中度恶化预警-5分(恶化概率82.2%); 波动率飙升预警-8.0分(近期波动是早期的6.2倍),"","",0,0
000766.SZ,通化金马,化学制药,1.224955,0.0896235192741674,0.24134000000000003,0.4724310172716543,0.1997342089893982,,3.0818,98.0,0.288811788891812,0.7999999999999999,0.08333333333333333,has_loss,has_loss,good,true,1,false,0,false,0,false,0,5.771170425987177,3.7856569526305477,13.920360997621808,high_volatility,false,true,worsening,7.9245,0.0,0.44062,-7.48388,0.910026461102547,1.0,0.8648094911123184,false,none,0.5025999999999997,0.7861000000000002,71.86994590374212,19.486662531017355,43.840276615916586,false,化学制药,false,1.0457308571747255,true,rising,false,false,0.0,5.771170425987177,1.0,化学制药,-5.0,-2.0,3.0,0.3,0.5,0.24845821735785534,0.9660231209148349,-1.675018628577858,false,true,0.8977649082709895,0.602474250975968,,,,,,,0.07161803713527852,0,0.0,none,3.522181606221858,false,decreasing_vol,2.0,趋势不可靠-2分(Bootstrap CI过宽: 0.364),"","",0,0
000788.SZ,北大医药,化学制药,4.767391000000001,-0.0007933108162811565,-0.0035900000000000268,0.0001049185859753368,0.9869584641785687,0.3186523476120151,8.9123,102.0,0.1550433436467562,0.39999999999999997,0.48333333333333334,good,good,good,false,0,false,0,false,0,false,0,0.575789311560025,2.546647030312603,1.3567177947400788,volatile,false,false,none,0.5188999999999999,0.0,2.46345,1.94455,0.5305148749021518,0.9854786127038434,0.5926895980275679,false,none,6.0006,-1.0736999999999997,123.62372660209766,206.08579180547446,-26.940834044261546,false,化学制药,false,1.3687536490709893,true,rising,false,false,0.0,0.575789311560025,0.6431319357908186,化学制药,-5.0,-2.0,3.0,0.3,0.5,0.3962733994988046,0.49210421544735883,0.2515629732047455,true,false,0.2028293562799226,0.49590687200906336,,,,,,,0.07161803713527852,0,0.0,none,0.40372894784188124,true,increasing_vol,8.0,波动率飙升预警-8.0分(近期波动是早期的6.8倍),turnaround,"底部强力反转(曾跌124%, 近期斜率0.40)",0,1
000821.SZ,京山轻机,电气设备,7.292681,0.35720658998276567,1.8682699999999999,0.7821926521789614,0.046344770958238427,0.4482619782250057,9.0697,98.0,0.356668030331035,0.7999999999999999,0.08333333333333333,good,good,good,false,0,false,0,false,0,false,0,0.4895711738065198,3.295891056300253,1.04289830961647,moderate,false,false,none,3.4847,0.0,0.019349999999999312,-3.465350000000001,0.698535482144967,0.9661240522189086,0.51923076923076,false,none,-0.012900000000000134,0.05159999999999876,0.42852397298193584,-0.142029815251141,0.5713652973092542,false,电气设备,false,1.0,true,falling,false,false,0.0,0.4895711738065198,0.5249902723785492,电气设备,-5.0,-2.0,3.0,0.3,0.5,0.0021251089710139226,0.5197921858505897,-0.7108810415591443,false,true,0.35720658998276567,0.7821926521789614,,,,,,,0.27835051546391754,0,0.0,none,0.2171333540914831,false,decreasing_vol,2.0,趋势不可靠-2分(Bootstrap CI过宽: 0.712),"","",0,0
000823.SZ,超声电子,元器件,6.072717000000001,-0.18132575374184384,-1.0580100000000001,0.6110862912922426,0.1183306788011475,-0.12531543597681127,4.3775,51.19603377810627,-0.16770574520685688,-0.19999999999999998,0.8166666666666667,good,good,good,false,0,false,0,false,0,false,0,0.33640743861569694,2.1496839016469376,0.6949947731810984,moderate,false,false,none,0.36050000000000004,0.0,-1.9110499999999997,-2.2715499999999995,0.54793741456827,0.8151929825793923,0.6312166530436998,false,none,0.6190000000000002,-4.4411000000000005,-46.6132494268013,16.469336171344956,-54.162398165764195,false,元器件,false,2.1816150059864308,true,rising,false,false,0.0,0.33640743861569694,0.5600079516907484,元器件,-5.0,-2.0,3.0,0.3,0.5,-0.3092536234360299,0.5784497248230899,-0.354902294113707,false,true,-0.18132575374184384,0.6110862912922426,,,,,,,0.6067415730337079,0,0.0,none,0.21127395349470746,false,increasing_vol,48.80396622189373,"轻度衰退-3.6分(log斜率-0.181); 持续衰退重罚-10.0分(最新<加权); 单年巨幅下滑-15.0分(年跌-54.2%); 加速下滑-0.2分(加速度-0.35); 波动率飙升预警-8.0分(近期波动是早期的7.0倍); 趋势不确定预警-4分(Bootstrap CI跨零: [-0.428, 0.051]); 峰值明显下跌-8分(从8.2跌至4.4，跌幅-46.6%)","","",0,0
000856.SZ,冀东装备,专用机械,3.726238,0.028529507718689853,0.11455000000000007,0.26075981235844525,0.37930486867427926,,4.2937,50.0,0.5141300743257486,0.7999999999999999,0.08333333333333333,has_loss,has_loss,good,true,1,false,0,false,0,false,0,1.366917651028011,4.2467124198608035,3.7211839911419546,high_volatility,false,false,none,7.2623,0.0,0.6356800000000001,-6.62662,0.6682076429490281,1.0,0.1820764294902807,true,severe,-3.3858999999999995,3.6186999999999996,5.732719347927802,-44.08953591332882,89.11078824891032,false,专用机械,false,1.0,true,falling,false,false,0.0,1.366917651028011,1.0,专用机械,-5.0,-2.0,3.0,0.3,0.5,0.027105312881042787,0.006096461206100432,-2.060340813595399,false,false,0.9261628406972755,0.5657695661031612,,,,,,,0.8810333106730117,1,0.0,cliff_drop,0.8741455299475361,false,stable,50.0,严重恶化-15分; 单年巨幅下滑-15.0分(年跌-44.1%); 贝叶斯高置信度恶化-12分(恶化概率88.1%，严重恶化确认); 峰值明显下跌-8分(从7.7跌至4.3，跌幅-44.1%),"","",0,0
000862.SZ,银星能源,新型电力,4.260265,-0.031498666817225865,-0.09727000000000006,0.054954427330958476,0.7042793591269503,-0.05428788006602181,3.0465,27.798803363364968,0.017452720636259578,0.0,1.0,good,good,good,false,0,false,0,false,0,false,0,0.2053769346359593,0.8849486736528849,0.4894984798904594,moderate,false,false,none,0.6735500000000001,0.0,-1.0546000000000002,-1.7281500000000003,0.6790035999407864,0.9999411482237409,0.7900948511841226,true,severe,-1.9961000000000002,-0.1131000000000002,-40.91006070950599,-39.58473803196764,-2.1936885388986984,false,新型电力,false,1.0,true,falling,false,false,0.0,0.2053769346359593,0.2976348810421008,新型电力,-5.0,-2.0,3.0,0.3,0.5,-0.25473792556710173,0.7819813346060334,-0.40239327327005847,false,true,-0.031498666817225865,0.054954427330958476,,,,,,,0.9983149583553994,1,17.044830581026986,cliff_drop,0.2022515716637857,false,increasing_vol,72.20119663663503,复合恶化-14.0分(触发2项恶化信号); 严重恶化-15分; 单年巨幅下滑-15.0分(年跌-39.6%); 加速下滑-0.2分(加速度-0.40); 贝叶斯高置信度恶化-12分(恶化概率99.8%，严重恶化确认); 趋势不可靠-2分(Bootstrap CI过宽: 0.404); 峰值明显下跌-8分(从5.2跌至3.0，跌幅-40.9%); 连续下跌警示-6分(2年下跌，累计-20.0%),"","",0,0
000880.SZ,潍柴重机,专用机械,6.663869999999999,0.008638115857999696,0.06316999999999995,0.08643136288124528,0.6311419756921249,0.06283513058352574,7.2285,100.0,0.04215710928706773,0.39999999999999997,0.48333333333333334,good,good,good,false,0,false,0,false,0,false,0,0.08867044230595365,0.5789594657659554,0.23948821779843,ultra_stable,false,false,none,1.1369000000000007,0.0,0.10584999999999996,-1.0310500000000007,0.5296995643711696,1.0,0.13781687896664205,false,none,0.8636000000000008,-0.22190000000000065,9.742211696119513,13.56816289336833,-3.368858929981184,false,专用机械,false,1.068626372763123,true,rising,false,false,0.0,0.08867044230595365,0.21341987021317932,专用机械,-5.0,-2.0,3.0,0.3,0.5,0.04600072014682799,0.4987924750942462,-0.028403286370247027,false,false,0.041599892569000874,0.5396341971954258,,,,,,,0.13366336633663367,0,0.0,none,0.06014342925678146,false,stable,0.0,"","","",0,0
000915.SZ,华特达因,化学制药,23.508360000000003,0.046243137669475014,1.0034799999999997,0.2995791404388864,0.33966352207565664,0.03774610682672752,22.061,115.87494148710883,0.060097450575239575,0.39999999999999997,0.48333333333333334,good,good,good,false,0,false,0,false,0,false,0,0.13192821766499088,3.035222371095732,0.3169044388093513,ultra_stable,false,false,none,3.6454499999999985,0.0,-2.1260499999999993,-5.771499999999998,0.7322630682158742,0.9831003538220988,0.8395303283366424,true,mild,-3.7360000000000007,-0.516099999999998,-16.15963151434076,-14.482304143892701,-1.9613804530822974,false,化学制药,false,1.0,true,falling,false,false,0.0,0.13192821766499088,0.23887590746532605,化学制药,-5.0,-2.0,3.0,0.3,0.5,-0.08805158382554068,0.8331174993211368,-0.2501170257823453,false,true,0.046243137669475014,0.2995791404388864,,,,,,,0.9518039107683833,1,6.383730229968311,high_level_pullback,0.11246753074642153,false,decreasing_vol,7.125058512891172,轻度恶化-5分; 加速下滑-0.1分(加速度-0.25); 贝叶斯恶化预警-8分(恶化概率95.2%),"high_growth,stable_dividend","优质护城河(高位企稳: 22.1 > 15.0, 稳健斜率=0.05); 稳定分红型(值=22.1,CV=13.2%,稳定)",1,0
000931.SZ,中关村,化学制药,3.7065680000000003,0.019354072998512706,0.07286000000000002,0.41790020369235065,0.2385146037623373,,3.6443,43.0,0.029754627368921382,0.19999999999999998,0.8166666666666667,has_loss,has_loss,good,true,1,true,1,false,0,false,0,0.801218927088686,2.8496472848407044,2.258479913626344,high_volatility,false,false,none,1.99205,0.0,-1.8818,-3.87385,0.37140565718382246,0.24600213389472947,0.8069520637959807,true,severe,-0.2876000000000003,-3.4759999999999995,-50.80522145277339,-7.314529871054713,-46.9228796285047,false,化学制药,true,inf,true,falling,false,false,0.0,0.801218927088686,1.0,化学制药,-5.0,-2.0,3.0,0.3,0.5,-0.34779692444025123,0.8282063313531073,-0.7256197804236999,false,false,0.2788055153815406,0.11934417224117425,,,,,,,0.9507042253521126,2,-0.844115921082318,sustained_decline,0.7697992315258583,false,decreasing_vol,57.0,严重恶化-15分; 单年巨幅下滑-15.0分(年跌-46.9%); 周期回落期-3分(景气下行趋势); 贝叶斯高置信度恶化-12分(恶化概率95.1%，严重恶化确认); 峰值大幅下跌-15分(从7.4跌至3.6，跌幅-50.8%),"","",0,0
000948.SZ,南天信息,软件服务,4.666119999999999,-0.07295892382488152,-0.31839999999999996,0.34036232473204264,0.30178930164024725,-0.1096956475044586,3.4252,42.0,-0.06058736564316706,-0.39999999999999997,0.48333333333333334,good,good,good,false,0,false,0,false,0,false,0,0.18550437678222093,0.8951179793747862,0.4323651073918414,stable,false,false,none,0.029900000000000038,0.0,-1.04315,-1.07305,0.5097439709811697,0.0024406696631239276,0.8239222699533306,true,severe,-1.8784000000000005,-0.20789999999999953,-37.85357888052255,-35.41745229655329,-3.772112854939663,false,软件服务,false,1.2428403914670998,true,falling,false,false,0.0,0.18550437678222093,0.3141155536213901,软件服务,-5.0,-2.0,3.0,0.3,0.5,-0.23157425383239894,0.8107857902636405,-0.23694035393795365,false,false,-0.07295892382488152,0.34036232473204264,,,,,,,0.9983149583553994,1,8.38928755807859,cliff_drop,0.15338427919932945,false,stable,58.0,严重恶化-15分; 单年巨幅下滑-15.0分(年跌-35.4%); 贝叶斯高置信度恶化-12分(恶化概率99.8%，严重恶化确认); 趋势不可靠-2分(Bootstrap CI过宽: 0.337); 峰值明显下跌-8分(从5.5跌至3.4，跌幅-37.9%); 连续下跌警示-6分(2年下跌，累计-37.2%),"","",0,0
000951.SZ,中国重汽,汽车整车,10.16217,-0.018492307385225316,-0.19275999999999982,0.0026877342174118617,0.9340205620017715,-0.1634465438657331,10.3401,81.0,-0.19236194084057523,-0.39999999999999997,0.48333333333333334,good,good,good,false,0,false,0,false,0,false,0,0.6120481880115832,6.691939032298486,1.6702427727901312,volatile,false,false,none,-9.130949999999999,0.0,3.7444999999999995,12.875449999999997,0.8688486945977292,0.9996738828646191,0.949167946534138,false,none,2.243599999999999,5.2454,262.67054820946294,27.710739208299866,183.9781137104977,false,汽车整车,false,1.0,false,rising,false,false,0.0,0.6120481880115832,0.6229718837425999,汽车整车,-5.0,-2.0,3.0,0.3,0.5,0.6306144084324211,0.8882192938275247,1.617273669613063,true,false,-0.1837582321606963,0.1601476628147726,,,,,,,0.07161803713527852,0,0.0,none,0.4861016289804088,true,decreasing_vol,19.0,波动聚集提示-2分(大波动后可能跟着大波动); 趋势不可靠-2分(Bootstrap CI过宽: 1.364); 峰值大幅下跌-15分(从21.1跌至10.3，跌幅-51.0%),"","",0,0
000953.SZ,河化股份,化学制药,7.846214,-0.43264484513911605,4.684180000000002,0.0240421407322866,0.8033714366077088,,65.1405,110.0,-0.6642092982298653,0.0,1.0,poor,poor,poor,true,2,false,0,true,2,false,0,7.494600995118065,48.272425225515654,19.978916186406998,high_volatility,false,false,none,-48.322050000000004,0.0,64.3417,112.66375000000001,0.6923011613492535,0.9320854622286054,0.9909261512639291,false,none,75.0059,53.6775,202.51420693736043,760.292537555497,84.47442593901128,false,化学制药,false,1.0,false,rising,false,false,0.0,7.494600995118065,1.0,化学制药,-5.0,-2.0,3.0,0.3,0.5,4.857338463577992,0.8873813373600717,9.376273045798449,true,false,-0.43264484513911605,0.0240421407322866,,,,,,,0.02015677491601344,0,0.0,none,7.405863709015063,false,stable,0.0,趋势不可靠-2分(Bootstrap CI过宽: 9.754),turnaround,扭亏为盈(曾亏损2年 -> 最新65.1),0,1
000957.SZ,中通客车,汽车整车,2.607193,0.012275688283722719,0.02947999999999995,0.0160254360461974,0.8392500957921379,,7.6234,108.0,0.36785627610336585,0.6,0.23333333333333334,has_loss,has_loss,good,true,1,false,0,false,0,false,0,2.170599120627774,4.4774684540485605,6.0532873112983445,high_volatility,false,false,none,-6.9735,0.0,3.6531800000000003,10.62668,0.6832151448647731,1.0,0.8321514486477307,false,none,5.3657,-0.9280000000000004,139.3006246664783,237.66222261593663,-29.130175471638896,false,汽车整车,true,inf,true,rising,false,false,0.0,2.170599120627774,1.0,汽车整车,-5.0,-2.0,3.0,0.3,0.5,0.42652716376970606,0.493231546962521,0.234683550665361,false,false,0.6312014440683431,0.26438866193000127,,,,,,,0.07161803713527852,0,0.0,none,1.6663266600797058,false,decreasing_vol,2.0,周期顶部预警-5分(警惕景气回落); 趋势不可靠-2分(Bootstrap CI过宽: 0.391),turnaround,扭亏为盈(曾亏损1年 -> 最新7.6),0,1
000960.SZ,锡业股份,小金属,6.453983,-0.009654302136801629,-0.056199999999999944,0.22779146212128468,0.4162460963556476,0.06585604068533324,5.5953,87.0,-0.043614950608376946,-0.19999999999999998,0.8166666666666667,good,good,good,false,0,false,0,false,0,false,0,0.37108206607321464,2.420293716266685,0.9715344067853782,volatile,false,false,none,6.336600000000001,0.0,-1.5486100000000005,-7.885210000000001,0.6687029764188498,1.0,0.6870297641884983,false,none,-0.2809999999999997,-0.2560000000000002,-8.756910131598257,-4.781920596293581,-4.174616375585021,false,小金属,true,1.0,true,falling,true,false,0.0,0.37108206607321464,1.0,小金属,-5.0,-2.0,1.6,0.3,0.24,-0.04516713730025401,0.9984278347374446,-0.21531492708757272,false,false,-0.009179893525612659,0.00197507008857594,,,,,,,0.6585365853658537,0,0.14547545596293354,none,0.3669575741523715,true,decreasing_vol,13.0,周期回落期-3分(景气下行趋势); 波动聚集提示-2分(大波动后可能跟着大波动); 峰值明显下跌-8分(从10.7跌至5.6，跌幅-47.6%),"","",0,0
000962.SZ,东方钽业,小金属,8.220631000000001,0.1966943539652849,1.22617,0.5425353605151614,0.15573239393114888,0.2275858870549039,8.4443,68.65690534706451,0.18945728823187724,0.39999999999999997,0.48333333333333334,good,good,good,false,0,false,0,false,0,false,0,0.3645329463127552,2.862597030145878,0.9559289831117133,moderate,false,false,none,3.7533499999999993,0.0,-1.3903999999999996,-5.143749999999999,0.7439559868318965,0.9795785188138572,0.9599813495051068,true,severe,-0.8986999999999998,-1.8820999999999994,-24.77305324674167,-9.618966070855183,-16.766888490971123,false,小金属,true,1.0,true,falling,true,false,0.0,0.3645329463127552,1.0,小金属,-5.0,-2.0,1.6,0.3,0.24,-0.1415755884812664,0.9727066792691094,-0.6861893058709794,false,true,0.1966943539652849,0.5425353605151614,,,,,,,0.9060402684563759,2,-0.426311800425288,sustained_decline,0.268200201979824,false,decreasing_vol,31.34309465293549,"严重恶化-15分; 周期回落期-3分(景气下行趋势); 加速下滑-0.3分(加速度-0.69); 贝叶斯高置信度恶化-12分(恶化概率90.6%，严重恶化确认); 趋势不确定预警-4分(Bootstrap CI跨零: [-0.147, 0.546])","","",0,0
000963.SZ,华东医药,化学制药,13.800785000000001,0.013710361348714884,0.18713999999999997,0.29404680164261754,0.34508463732984074,-0.06713317523856976,14.0706,100.0,-0.021304418450426965,-0.19999999999999998,0.8166666666666667,good,good,good,false,0,false,0,false,0,false,0,0.172958355607846,2.467749062810074,0.4090236250935667,stable,false,false,none,-5.444599999999999,0.0,0.2874300000000002,5.73203,0.6868309116844646,1.0,0.36830911684464535,false,none,1.2598000000000003,0.0671999999999997,10.413070090084434,9.833890155181567,0.5273235192567226,false,化学制药,false,1.0,false,rising,false,false,0.0,0.172958355607846,0.2717000178196102,化学制药,-5.0,-2.0,3.0,0.3,0.5,0.04939140708090095,0.7896915563922959,0.23750000807016436,true,false,-0.057977910281743844,0.3356968701591786,,,,,,,0.07161803713527852,0,0.0,none,0.1385537474475524,false,decreasing_vol,0.0,"","","",0,0
000969.SZ,安泰科技,小金属,4.461412,0.014655458409403011,0.06432000000000003,0.18734464068456572,0.46662640544226586,0.19871752617679372,5.7877,95.0,0.16020978317873236,0.9999999999999999,0.016666666666666666,good,good,good,false,0,false,0,false,0,false,0,0.25355595095921923,1.08091916117719,0.7001107191112446,ultra_stable,false,false,none,0.6798499999999998,0.0,0.8124500000000001,0.13260000000000027,0.3009907829993237,0.8594187659216738,0.9344024354121349,false,none,1.1852999999999998,0.43960000000000043,39.03382338810417,25.753954458543365,10.560199865475171,false,小金属,true,1.0,false,rising,true,false,0.0,0.25355595095921923,0.8071119019184385,小金属,-5.0,-2.0,1.6,0.3,0.24,0.1614019494167629,0.9508813773725063,-0.028192192725396636,false,false,0.15505389503297198,0.9249518696826937,,,,,,,0.07161803713527852,0,0.0,none,0.06436508733342573,false,stable,5.0,周期顶部预警-5分(警惕景气回落),"","",0,0
000977.SZ,浪潮信息,IT设备,7.941520000000001,-0.11799768443242131,-0.9765999999999999,0.6331173529788088,0.10739885712638722,-0.07759764534180091,7.332,77.064962456762,-0.09997523667979547,-0.7999999999999999,0.08333333333333333,good,good,good,false,0,false,0,false,0,false,0,0.21939633358187946,1.8494716007551995,0.5150999665473283,stable,false,false,none,-0.5926499999999999,0.0,-0.8055499999999998,-0.21289999999999987,0.19498123625462463,0.8544582946552568,0.26041225002172835,false,none,1.5457999999999998,-3.1568999999999994,-18.015005982265652,26.715288099270673,-35.299840100188966,false,IT设备,false,1.0,false,rising,false,false,0.0,0.21939633358187946,0.3088504001988369,IT设备,-5.0,-2.0,3.0,0.3,0.5,-0.0985634383797933,0.2085505376687071,-0.03667445589401463,false,false,-0.11799768443242131,0.6331173529788088,,,,,,,0.435483870967742,0,0.0,none,0.12075316604542885,false,increasing_vol,22.935037543238,单年巨幅下滑-15.0分(年跌-35.3%); 波动率飙升预警-7.9分(近期波动是早期的4.0倍),"","",0,0
000988.SZ,华工科技,专用机械,8.064264999999999,-0.002761456948339003,-0.022089999999999943,0.19702784857701708,0.4539868113512247,0.06437034526691043,8.7762,100.0,0.047811799070753794,0.39999999999999997,0.48333333333333334,good,good,good,false,0,false,0,false,0,false,0,0.08793123906306936,0.6930300606755811,0.24590496732855416,ultra_stable,false,false,none,1.2094999999999994,0.0,0.20936000000000005,-1.0001399999999994,0.5475528633198915,1.0,0.3911383843545685,false,none,0.9494999999999996,-0.09220000000000006,10.825998560406111,12.131549695273865,-1.1643031229084855,false,专用机械,false,1.0282239002389257,true,rising,false,false,0.0,0.08793123906306936,0.20744151128231225,专用机械,-5.0,-2.0,3.0,0.3,0.5,0.05102915750180137,0.6656043100153085,-0.021671498255183552,false,false,0.04673046835517552,0.6900805302304396,,,,,,,0.07161803713527852,0,0.0,none,0.04852373480345396,false,stable,0.0,"","","",0,0
000997.SZ,新大陆,IT设备,7.618205,0.1693033052247917,1.5991499999999998,0.787061585997124,0.0447208034883918,,12.7236,110.0,0.15267001026376736,0.39999999999999997,0.48333333333333334,has_loss,has_loss,good,true,1,false,0,false,0,false,0,1.098653255179913,7.842692315971601,2.6426147936669815,high_volatility,false,false,none,-6.0868,0.0,9.37225,15.45905,0.542273976696928,0.5300137755048556,0.7452107891696755,false,none,-0.11969999999999992,18.8642,311.32388845521433,-0.9320034570554291,313.3119633277417,false,IT设备,true,inf,true,falling,false,false,0.0,1.098653255179913,1.0,IT设备,-5.0,-2.0,3.0,0.3,0.5,2.866678196397764,0.7487788314047864,5.372572055731245,true,false,0.1693033052247917,0.011695101728370114,,,,,,,0.16167664670658682,0,0.0,none,1.039989326608999,false,stable,0.0,周期回落期-3分(景气下行趋势),turnaround,扭亏为盈(曾亏损1年 -> 最新12.7),0,1
001208.SZ,华菱线缆,电气设备,6.248881000000001,-0.1989575278297822,-1.32553,0.8331761058532511,0.030511067782302885,-0.14620216155482113,4.8133,78.02084944340436,-0.2026023744016286,-0.7999999999999999,0.08333333333333333,good,good,good,false,0,false,0,false,0,false,0,0.3436099166636476,2.2838170555016,0.7216386270149582,stable,false,false,none,-1.4926500000000003,0.0,-0.6295999999999999,0.8630500000000003,0.4365362293990057,0.757561277543728,0.46001096431978156,false,none,0.5518999999999998,-1.8110999999999997,-20.73610539316591,12.951142816914624,-29.824619184849727,false,电气设备,false,1.0,false,rising,false,false,0.0,0.3436099166636476,0.4082212666642514,电气设备,-5.0,-2.0,3.0,0.3,0.5,-0.11423946436973441,0.41868073977456394,0.08384929274252272,true,false,-0.1989575278297822,0.8331761058532511,,,,,,,0.435483870967742,0,0.0,none,0.1365114762048917,false,stable,21.979150556595645,轻度衰退-4.0分(log斜率-0.199); 持续衰退重罚-10.0分(最新<加权); 峰值明显下跌-8分(从9.1跌至4.8，跌幅-46.9%),"","",0,0
001277.SZ,速达股份,专用机械,13.997259999999999,-0.04679462806972837,-0.5723199999999998,0.20322710490747853,0.44609654487281436,-0.06896277200660106,11.1513,43.28608941556693,-0.06904406193536766,-0.19999999999999998,0.8166666666666667,good,good,good,false,0,false,0,false,0,false,0,0.1593318774746363,2.27580412535877,0.4130383339564332,stable,false,false,none,0.5542999999999996,0.0,-0.8659499999999996,-1.4202499999999991,0.3431598365261387,1.0,0.18443526177972627,true,severe,-5.899599999999998,4.071899999999999,-14.081978580784332,-34.599933141359095,31.3729871330611,false,专用机械,false,1.2499422143462517,true,falling,false,false,0.0,0.1593318774746363,0.29412446389254265,专用机械,-5.0,-2.0,3.0,0.3,0.5,-0.07562648856144105,0.12417658545054099,-0.00877656883476452,false,false,-0.04679462806972837,0.20322710490747853,,,,,,,0.9487554904831625,1,0.0,cliff_drop,0.14619462480867274,true,increasing_vol,56.71391058443307,严重恶化-15分; 单年巨幅下滑-15.0分(年跌-34.6%); 贝叶斯高置信度恶化-12分(恶化概率94.9%，严重恶化确认); 波动率飙升预警-6.7分(近期波动是早期的3.4倍); 峰值明显下跌-8分(从17.1跌至11.2，跌幅-34.6%),"","",0,0
001287.SZ,中电港,元器件,4.62458,-0.09060896836806043,-0.44088000000000005,0.6454256283309744,0.10151271695879809,-0.10186512476192011,3.8282,55.0,-0.10413639487077264,-0.7999999999999999,0.08333333333333333,good,good,good,false,0,false,0,false,0,false,0,0.18197327927732485,0.8816641775642244,0.42418813544629336,ultra_stable,false,false,none,-0.12435000000000017,0.0,-0.9032499999999998,-0.7788999999999996,0.30422370493357515,0.032752519153266435,0.9263131375109007,true,severe,-0.46199999999999974,-1.3445,-32.06026940209771,-10.768728730595305,-23.86107512378654,false,元器件,false,1.2279780325153642,true,falling,false,false,0.0,0.18197327927732485,0.3093090277572418,元器件,-5.0,-2.0,3.0,0.3,0.5,-0.18884680687748845,0.9458904876937976,-0.1675699634625465,false,false,-0.09060896836806043,0.6454256283309744,,,,,,,0.9507042253521126,2,-0.5486905483206742,sustained_decline,0.11141523199947115,false,stable,45.0,"严重恶化-15分; 贝叶斯高置信度恶化-12分(恶化概率95.1%，严重恶化确认); 趋势不确定预警-4分(Bootstrap CI跨零: [-0.200, 0.007]); 峰值明显下跌-8分(从5.9跌至3.8，跌幅-34.9%); 连续下跌警示-6分(2年下跌，累计-34.9%)","","",0,0
001288.SZ,运机集团,专用机械,5.554276000000001,-0.09084878840297646,-0.6270799999999999,0.22442671116001806,0.42020903565327417,-0.08522677688240488,6.1641,98.0,-0.09474263563237378,-0.19999999999999998,0.8166666666666667,good,good,good,false,0,false,0,false,0,false,0,0.33065060396018586,1.8987280281809713,0.8182467261075508,moderate,false,false,none,-2.34935,0.0,1.0300500000000001,3.3794,0.7256717982336751,0.9277044797244258,0.8290135026123242,false,none,1.8403,0.21980000000000022,50.19736842105264,42.56209815440122,5.35575048732944,false,专用机械,false,1.0,false,rising,false,false,0.0,0.33065060396018586,0.397853816501482,专用机械,-5.0,-2.0,3.0,0.3,0.5,0.19938625358785453,0.8437300166569899,0.5752782876757989,true,false,-0.09084878840297646,0.22442671116001806,,,,,,,0.07161803713527852,0,0.0,none,0.2819880825077449,false,decreasing_vol,2.0,趋势不可靠-2分(Bootstrap CI过宽: 0.593),"","",0,0
001289.SZ,龙源电力,新型电力,5.09626,-0.05345947960903685,-0.29087999999999986,0.4631034757084485,0.2060683886785036,-0.030196741395424498,5.0281,100.0,-0.04899247466275808,-0.39999999999999997,0.48333333333333334,good,good,good,false,0,false,0,false,0,false,0,0.12878586206026144,0.6750568531612724,0.30459583722838,ultra_stable,false,false,none,-0.47899999999999965,0.0,0.15094999999999992,0.6299499999999996,0.35730012673237466,0.41843277075408375,0.4476047367022196,false,none,0.4413999999999998,-0.13949999999999996,6.387795692099357,9.623476573571407,-2.951631331725275,false,新型电力,false,1.348093400484008,true,rising,false,false,0.0,0.12878586206026144,0.2827744763794102,新型电力,-5.0,-2.0,3.0,0.3,0.5,0.030328419230484904,0.4370279809688145,0.12093305390465914,true,false,-0.05345947960903685,0.4631034757084485,,,,,,,0.13366336633663367,0,0.0,none,0.09427084213631648,false,decreasing_vol,0.0,"","","",0,0
001301.SZ,尚太科技,电气设备,18.55233,-0.1422879950293332,-2.5037000000000003,0.19150770361098676,0.4611439280100708,-0.0434782939910473,11.5892,57.584195121015284,-0.07748004055297195,-0.39999999999999997,0.48333333333333334,good,good,good,false,0,false,0,false,0,false,0,0.5194597165256066,10.027359470369056,1.0633648717534283,volatile,false,false,none,17.3942,0.0,-7.7369200000000005,-25.131120000000003,0.682013307551928,1.0,0.8201330755192799,false,none,0.8772000000000002,-18.421,-60.21968214739298,8.188946975354744,-63.230700580098166,false,电气设备,false,2.916224794622853,true,rising,false,false,0.0,0.5194597165256066,0.8043977458368657,电气设备,-5.0,-2.0,3.0,0.3,0.5,-0.46011807672926275,0.6865330065025325,-0.8316097579694273,false,true,-0.1422879950293332,0.19150770361098676,,,,,,,0.6067415730337079,0,0.0,none,0.47726481070975113,false,stable,42.415804878984716,单年巨幅下滑-15.0分(年跌-63.2%); 相对加权下滑-10.0分(最新为加权62.5%); 加速下滑-0.4分(加速度-0.83); 趋势不可靠-2分(Bootstrap CI过宽: 1.027); 峰值大幅下跌-15分(从31.2跌至11.6，跌幅-62.9%),"","",0,0
001309.SZ,德明利,半导体,9.540478,-0.27596112380387466,-2.5225400000000002,0.30164043429562887,0.3376619140642465,-0.10883770939065673,10.6631,75.0,-0.29247864711861715,-0.6,0.23333333333333334,good,good,good,false,0,false,0,false,0,false,0,0.5825577925399626,5.998737403654205,1.420196091379826,volatile,false,false,none,-5.146750000000001,0.0,2.025,7.171750000000001,0.5997390328689309,0.8819726557958619,0.23345198064741368,false,none,8.3806,-4.3306000000000004,61.24208011371368,367.1675794085432,-65.48517336801198,false,半导体,false,1.0,false,rising,false,false,0.0,0.5825577925399626,0.5993795673653035,半导体,-5.0,-2.0,3.0,0.3,0.5,0.23713004061583676,0.09581352909209141,0.70405851454083,false,false,-0.27596112380387466,0.30164043429562887,,,,,,,0.07161803713527852,0,0.0,none,0.43513772728822037,false,stable,25.0,单年巨幅下滑-15.0分(年跌-65.5%); 趋势不可靠-2分(Bootstrap CI过宽: 1.170); 峰值明显下跌-8分(从16.9跌至10.7，跌幅-36.9%),"","",0,0
001332.SZ,锡装股份,专用机械,14.658054,-0.3173217874984059,-4.8592200000000005,0.7713434273871326,0.05004739354355241,-0.21107726184490205,9.7513,29.653564250031877,-0.2937447642542237,-0.7999999999999999,0.08333333333333333,good,good,good,false,0,false,0,false,0,false,0,0.5224973994817371,8.42047404051577,1.1412822928029722,moderate,false,false,none,-5.4132,0.0,-2.29735,3.11585,0.4612121992361532,0.7943569264919704,0.3631918223669691,false,none,2.9716000000000005,-7.5663,-32.0277429248571,43.83084797262416,-52.74153074027603,false,专用机械,false,1.0,false,rising,false,false,0.0,0.5224973994817371,0.5513312529187231,专用机械,-5.0,-2.0,3.0,0.3,0.5,-0.19233211388801563,0.266248247227155,0.08839727924595664,false,false,-0.3173217874984059,0.7713434273871326,,,,,,,0.6067415730337079,0,0.0,none,0.21382193258268206,false,stable,70.34643574996812,轻度衰退-6.3分(log斜率-0.317); 持续衰退重罚-10.0分(最新<加权); 单年巨幅下滑-15.0分(年跌-52.7%); 相对加权下滑-10.0分(最新为加权66.5%); 趋势不可靠-2分(Bootstrap CI过宽: 0.540); 峰值大幅下跌-15分(从25.2跌至9.8，跌幅-61.3%); 品质退化严重-12分(曾达25.2%，现仅9.8%),"","",0,0
001339.SZ,智微智能,IT设备,12.380415000000001,-0.5624960409549483,-6.539950000000001,0.42825963075502466,0.23081314241324916,-0.25542954627103187,8.8504,34.750079180901025,-0.530855112568884,-0.6,0.23333333333333334,good,good,good,false,0,true,1,false,0,true,1,0.8671880124397957,12.437557349616524,1.9557535698348953,volatile,false,false,none,-10.86565,0.0,0.8926000000000003,11.75825,0.5764574793012947,0.8364215040276171,0.04394086088915439,false,none,8.1041,-6.3189,25.267508350789797,1085.9037920407343,-89.43695861405197,false,IT设备,false,1.0,false,rising,false,false,0.0,0.8671880124397957,0.8270837432851699,IT设备,-5.0,-2.0,3.0,0.3,0.5,0.1117433520290001,0.008626310883083115,0.8119447398386783,false,false,-0.5624960409549483,0.42825963075502466,,,,,,,0.07161803713527852,0,0.0,none,0.48187587865381276,false,decreasing_vol,65.24992081909897,轻度衰退-11.2分(log斜率-0.562); 持续衰退重罚-10.0分(最新<加权); 单年巨幅下滑-15.0分(年跌-89.4%); 趋势不可靠-2分(Bootstrap CI过宽: 1.788); 峰值大幅下跌-15分(从28.8跌至8.9，跌幅-69.3%); 品质退化严重-12分(曾达28.8%，现仅8.9%),"","",0,0
001382.SZ,新亚电缆,电气设备,11.5139,0.003974301673057301,0.04323999999999977,0.12589072961447278,0.5579070989848957,0.00500146299350801,10.9423,83.12937966771425,0.034454681218804864,0.39999999999999997,0.48333333333333334,good,good,good,false,0,false,0,false,0,false,0,0.17112872479182004,1.9240550140263661,0.44285851510052193,stable,false,false,none,-0.1573500000000001,0.0,0.2654499999999995,0.4227999999999996,0.14281739930092588,0.07045301388086343,0.013839281957786189,true,moderate,-3.6157000000000004,4.146599999999999,5.099218164704065,-24.83651600494574,39.82749678237316,false,电气设备,false,1.5198145905541405,true,falling,false,false,0.0,0.17112872479182004,0.33954492524067476,电气设备,-5.0,-2.0,3.0,0.3,0.5,0.024758856552349107,0.018853378394166183,0.03958195892205496,false,false,0.04567952620323661,0.20862432498544312,,,,,,,0.7873633049817741,1,0.0,single_year_drop,0.15327554057759019,false,increasing_vol,16.870620332285757,中度恶化-10分; 贝叶斯中度恶化预警-5分(恶化概率78.7%); 波动率飙升预警-7.8分(近期波动是早期的3.9倍),"","",0,0
001388.SZ,信通电子,电气设备,20.283119999999997,-0.06496112827029421,-1.3302,0.6256395865137447,0.111051974660335,-0.045433330529292215,17.8982,98.0,-0.07590140131337904,-0.6,0.23333333333333334,good,good,good,false,0,false,0,false,0,false,0,0.13000418704127487,2.723356311061775,0.32119674129830605,ultra_stable,false,false,none,3.0699000000000005,0.0,-2.35611,-5.426010000000001,0.695043628390355,1.0,0.9504362839035506,false,none,-0.7437000000000005,-3.3755999999999986,-18.70920858408084,-3.98940022208037,-15.331440899284654,false,电气设备,false,1.0,true,falling,false,false,0.0,0.13000418704127487,0.23733668296635324,电气设备,-5.0,-2.0,3.0,0.3,0.5,-0.10343662848369517,0.890617930650569,-0.11399864669659299,false,false,-0.06496112827029421,0.6256395865137447,,,,,,,0.49090909090909096,0,-0.7397896095815423,none,0.08258719676670323,false,stable,2.0,"趋势不确定预警-4分(Bootstrap CI跨零: [-0.142, 0.028])","","",0,0
001389.SZ,广合科技,元器件,19.266915,0.02790634237895655,0.6182350000000003,0.2758617498034213,0.36342639877119937,0.03325522113973256,23.6685,115.0,0.10629670748053555,0.6,0.23333333333333334,good,good,good,false,0,false,0,false,0,false,0,0.30777816922943574,5.759926859171044,0.7885366137773091,moderate,false,false,none,-11.854,0.0,4.70793,16.56193,0.6869544624891234,1.0,0.8695446248912339,false,none,2.1508000000000003,2.808,26.503899047018393,9.995492083261688,15.008257748654438,false,元器件,false,1.0,false,rising,false,false,0.0,0.30777816922943574,0.37955586871688196,元器件,-5.0,-2.0,3.0,0.3,0.5,0.11741775133866139,0.9881805134401513,0.1694736970904387,false,false,0.11403978907823685,0.21028441389062558,,,,,,,0.02015677491601344,0,0.0,none,0.26557081098109503,true,decreasing_vol,0.0,波动聚集提示-2分(大波动后可能跟着大波动),high_growth,"优质护城河(高位企稳: 23.7 > 15.0, 稳健斜率=0.11)",1,0
001395.SZ,亚联机械,专用机械,21.06899,0.03228602593191767,0.7069,0.22620653240053226,0.41810805042572013,0.05887771971021527,24.0815,123.0,0.025553907215301784,0.39999999999999997,0.48333333333333334,good,good,good,false,0,false,0,false,0,false,0,0.11045813285813993,2.288199869548112,0.2503096709040652,ultra_stable,false,false,none,-0.12979999999999947,0.0,2.592649999999999,2.7224499999999985,0.4851859321366889,0.005274921984924973,0.8123962109862328,false,none,4.750599999999999,0.4346999999999994,27.440966966903385,24.57516204625754,2.3004625268572485,false,专用机械,false,1.1702511616092124,true,rising,false,false,0.0,0.11045813285813993,0.24439999450107358,专用机械,-5.0,-2.0,3.0,0.3,0.5,0.1211072339500998,0.8196531571153893,0.12792017836545286,false,false,0.03228602593191767,0.22620653240053226,,,,,,,0.02015677491601344,0,0.0,none,0.09638390260671967,false,stable,0.0,"","high_growth,stable_dividend","优质护城河(高位企稳: 24.1 > 15.0, 稳健斜率=0.03); 稳定分红型(值=24.1,CV=11.0%,稳定)",1,0
001400.SZ,江顺科技,专用机械,28.556325,-0.08187442640732732,-2.12691,0.3073447735877471,0.33217341210350476,-0.07137090917562572,20.5296,45.779517819580676,-0.09371654080561553,-0.19999999999999998,0.8166666666666667,good,good,good,false,0,false,0,false,0,false,0,0.22235897178520045,6.586223825303844,0.5564153413698549,stable,false,false,none,4.702,0.0,-8.240450000000001,-12.942450000000001,0.6895749461138174,0.8992964027481009,0.9964530583900734,true,severe,-7.388900000000003,-9.091999999999999,-44.530335985733785,-26.46596342926734,-24.56600154010348,false,专用机械,false,1.0,true,falling,false,false,0.0,0.22235897178520045,0.3112205107614937,专用机械,-5.0,-2.0,3.0,0.3,0.5,-0.29446186389446094,0.9993815131809688,-0.44096436083865154,false,true,-0.08187442640732732,0.3073447735877471,,,,,,,0.9536423841059603,2,0.0773411125152872,sustained_decline,0.19118804727775152,false,increasing_vol,54.220482180419324,复合恶化-14.0分(触发2项恶化信号); 严重恶化-15分; 加速下滑-0.2分(加速度-0.44); 贝叶斯高置信度恶化-12分(恶化概率95.4%，严重恶化确认); 趋势不可靠-2分(Bootstrap CI过宽: 0.454); 峰值明显下跌-8分(从37.0跌至20.5，跌幅-44.5%); 连续下跌警示-6分(2年下跌，累计-25.6%),"","",0,0
002001.SZ,新和成,化学制药,13.240295,-0.03420417133145315,-0.30113000000000006,0.04033010341609397,0.7460327593949367,0.03353093555085307,16.5277,95.24326348862856,-0.03975415162808923,0.0,1.0,good,good,good,false,0,false,0,false,0,false,0,0.2425668692837726,3.2481789872172993,0.6005663564550745,moderate,false,false,none,-1.30565,0.0,2.327,3.63265,0.46993153965359613,0.46969219962802977,0.33215563237482226,false,none,8.0421,-3.3880999999999997,39.195869863648234,94.77349863297822,-28.534492197040517,false,化学制药,false,1.8363227114169889,true,rising,false,false,0.0,0.2425668692837726,0.43889652361595,化学制药,-5.0,-2.0,3.0,0.3,0.5,0.16492864600277146,0.24668538033117016,0.26403295513263436,false,false,-0.03420417133145315,0.04033010341609397,,,,,,,0.07161803713527852,0,0.0,none,0.23994674709910765,false,increasing_vol,4.756736511371438,波动率飙升预警-4.8分(近期波动是早期的2.4倍); 趋势不可靠-2分(Bootstrap CI过宽: 0.472),"","",0,0
002008.SZ,大族激光,专用机械,7.735363,-0.025762491553793777,-0.19712000000000016,0.6457312712152995,0.10136854527725807,-0.03196098991509044,7.1034,77.0,-0.14031389507698433,-0.6,0.23333333333333334,good,good,good,false,0,false,0,false,0,false,0,0.46051602640882955,3.730806115707435,1.2625904786356859,volatile,false,false,none,6.044599999999999,0.0,-2.44616,-8.490759999999998,0.5380254613984252,1.0,0.537373026354939,false,none,3.1984999999999997,-3.371,-2.3708407207355835,81.90990806422698,-46.33103808463558,false,专用机械,false,3.619452482778048,true,rising,false,false,0.0,0.46051602640882955,0.85100648549747,专用机械,-5.0,-2.0,3.0,0.3,0.5,-0.011882572265944358,0.0011786349698032282,0.04064108435259572,false,false,-0.1529190642472545,0.2859255517764237,,,,,,,0.2783505154639176,0,0.0,none,0.394184048783846,false,decreasing_vol,23.0,单年巨幅下滑-15.0分(年跌-46.3%); 峰值明显下跌-8分(从14.1跌至7.1，跌幅-49.7%),"","",0,0
002019.SZ,亿帆医药,化学制药,1.257657,0.07309142480539817,0.22902000000000006,0.19873172701277816,0.45180288045224,,3.5731,70.91179947978245,-0.6112747475163554,-0.39999999999999997,0.48333333333333334,has_loss,has_loss,good,true,1,false,0,false,0,false,0,3.225088776780046,6.203587265687491,8.979693689759504,high_volatility,false,false,none,-4.01755,0.0,0.9833500000000002,5.0009,0.42006296437677687,0.8258056823737898,0.02701788390142882,false,none,11.2044,-9.2377,122.42903386454182,146.82164244624113,-575.0560258964143,false,化学制药,false,1.0,false,rising,false,false,0.0,3.225088776780046,1.0,化学制药,-5.0,-2.0,3.0,0.3,0.5,0.36662030571224,0.020877575255901833,1.2213863133474616,false,false,-0.6302407577784322,0.20711859409181949,,,,,,,0.07161803713527852,0,0.0,none,2.65939335786086,false,increasing_vol,29.088200520217548,单年巨幅下滑-15.0分(年跌-575.1%); 波动率飙升预警-5.1分(近期波动是早期的2.5倍); 趋势不可靠-2分(Bootstrap CI过宽: 0.574); 峰值大幅下跌-15分(从9.6跌至3.6，跌幅-62.9%),"","",0,0
002020.SZ,京新药业,化学制药,11.581105,-0.027419932577568275,-0.3093600000000001,0.3298548603877151,0.31121204416992243,-0.08304569684452423,10.9184,100.0,-0.0934127117717175,-0.7999999999999999,0.08333333333333333,good,good,good,false,0,false,0,false,0,false,0,0.16723879725306448,2.0315132209759303,0.43327861645885773,ultra_stable,false,false,none,-2.9894999999999996,0.0,-0.6166400000000001,2.3728599999999993,0.7150863084806032,1.0,0.6508630848060308,false,none,0.7372999999999994,-1.5572,-6.984827445200757,7.241850094783466,-13.265975481969278,false,化学制药,false,1.0,false,rising,false,false,0.0,0.16723879725306448,0.2671243711357849,化学制药,-5.0,-2.0,3.0,0.3,0.5,-0.036063240131182006,0.25895160430253134,0.10074675686878631,false,false,-0.0892270558480321,0.7896637066906289,,,,,,,0.2783505154639176,0,0.0,none,0.07897672694093527,false,decreasing_vol,0.0,"","","",0,0
002028.SZ,思源电气,电气设备,15.935755,0.003745857606905112,0.06826999999999987,0.024322190091775976,0.8022388971586939,0.011941544103223123,17.2275,123.0,0.004738776394831834,0.0,1.0,good,good,good,false,0,false,0,false,0,false,0,0.07777727888683378,1.2367847334924538,0.20372767051407337,ultra_stable,false,false,none,-1.2203499999999998,0.0,1.6197999999999995,2.8401499999999995,0.675973217286419,0.7619811579939074,0.997751014870283,false,none,1.7529999999999983,1.486600000000001,23.160016871724846,11.328314323564562,10.627756846989191,false,电气设备,false,1.0,false,rising,false,false,0.0,0.07777727888683378,0.19555515644280036,电气设备,-5.0,-2.0,3.0,0.3,0.5,0.10394014569343679,0.9996896166386683,0.18418052605633206,true,false,0.003745857606905112,0.005516507170393767,,,,,,,0.07161803713527852,0,0.0,none,0.07748047897852896,false,stable,0.0,"","high_growth,stable_dividend","优质护城河(高位企稳: 17.2 > 15.0, 稳健斜率=0.00); 稳定分红型(值=17.2,CV=7.8%,稳定)",1,0
002055.SZ,得润电子,元器件,-19.639533,-0.09430184372614936,0.24320999999999993,0.04139278850768979,0.7427549933284028,,-60.3474,52.003779097462605,-0.49645777393733476,-0.6,0.23333333333333334,poor,poor,poor,true,5,false,0,true,5,false,0,1.526397241098129,24.927562816428722,3.612330674582909,high_volatility,false,false,none,-1.1742000000000001,0.0,-28.322250000000004,-27.148050000000005,0.5545086442209394,0.04429639505203678,0.7575701234760832,true,severe,-56.0727,-0.5718000000000001,-1529.7334521591185,-1311.7341567829321,-15.441950903346028,false,元器件,true,inf,true,falling,false,false,0.0,1.526397241098129,1.0,元器件,-5.0,-2.0,3.0,0.3,0.5,-1.386658334585868,0.7875590635564307,-0.9322738696334121,false,false,-0.6345700682045969,0.5111559563630287,,,,,,,0.999190470683474,2,83.94614216774255,accelerating_decline,1.0907667603878657,false,increasing_vol,47.996220902537395,严重恶化-15分; 单年巨幅下滑-15.0分(年跌-1311.7%); 贝叶斯高置信度恶化-12分(恶化概率99.9%，严重恶化确认); 波动率飙升预警-6.0分(近期波动是早期的3.0倍); 趋势不可靠-2分(Bootstrap CI过宽: 1.287); 连续下跌警示-6分(2年下跌，累计-4355.3%),"","",0,0
002056.SZ,横店东磁,电气设备,15.77277,0.017473676980598363,0.2620599999999996,0.33710200279734065,0.30468933281841276,0.007905453132943663,14.7646,72.87434485464786,0.00844844552569764,0.39999999999999997,0.48333333333333334,good,good,good,false,0,false,0,false,0,false,0,0.11823801197970267,1.8494482415033946,0.2805506292778168,ultra_stable,false,false,none,2.1941499999999996,0.0,-1.9652500000000002,-4.1594,0.6724723006055816,0.7605600524257043,0.9641629536301113,true,severe,-1.3089999999999993,-2.621500000000001,-21.02422559922119,-8.143788572566192,-14.022390893870593,false,电气设备,false,1.0,true,falling,false,false,0.0,0.11823801197970267,0.22792374291709547,电气设备,-5.0,-2.0,3.0,0.3,0.5,-0.11779935267222363,0.9744593369222033,-0.25131029070428257,false,true,0.017473676980598363,0.06021631099026113,,,,,,,0.9060402684563759,2,-0.41922967101666164,sustained_decline,0.11523235376992236,false,stable,27.12565514535214,严重恶化-15分; 加速下滑-0.1分(加速度-0.25); 贝叶斯高置信度恶化-12分(恶化概率90.6%，严重恶化确认),"","",0,0
002063.SZ,远光软件,软件服务,9.72817,-0.0005749931991879898,-0.005940000000000012,0.2391976466762938,0.4030884644903605,-0.05605798599875145,8.175,81.0,-0.04289187589599874,-0.6,0.23333333333333334,good,good,good,false,0,false,0,false,0,false,0,0.10402573807097812,1.0371927824662102,0.2703765292551856,ultra_stable,false,false,none,0.5738999999999983,0.0,-0.8062999999999996,-1.3801999999999979,0.6426292581106177,1.0,0.7795318059140608,true,moderate,-2.0922,0.024399999999999977,-20.187839262701605,-20.37751285647499,0.23821611278166105,false,软件服务,false,1.0318467606513841,true,falling,false,false,0.0,0.10402573807097812,0.22080015854363372,软件服务,-5.0,-2.0,3.0,0.3,0.5,-0.11207436533170756,0.7420772435064965,-0.10945283436366937,false,false,-0.05156551924832323,0.5444696057745969,,,,,,,0.9487554904831625,1,0.0,single_year_drop,0.070087569772249,false,increasing_vol,19.0,中度恶化-10分; 贝叶斯恶化预警-8分(恶化概率94.9%); 连续下跌警示-6分(2年下跌，累计-20.6%),"","",0,0
002065.SZ,东华软件,软件服务,3.832025,-0.05553985558057522,-0.2375099999999999,0.20727121928868136,0.4410303205771961,-0.10264340382563542,3.2704,77.0,-0.02598017818025966,-0.6,0.23333333333333334,good,good,good,false,0,false,0,false,0,false,0,0.20526856725960332,0.8109709501578956,0.44882276411240307,stable,false,false,none,-1.6197999999999997,0.0,0.07139000000000006,1.6911899999999997,0.5331014847762948,1.0,0.02239493454510268,true,moderate,-1.3247000000000004,1.1741000000000006,-4.402221572639575,-28.828534743531158,34.32037415960247,false,软件服务,false,1.3432037415960247,true,falling,false,false,0.0,0.20526856725960332,0.343308686020486,软件服务,-5.0,-2.0,3.0,0.3,0.5,-0.021566820051227564,0.014537762177223532,0.16701586195208004,false,false,-0.05553985558057522,0.20727121928868136,,,,,,,0.9025069637883009,1,0.0,single_year_drop,0.1819339922578523,false,increasing_vol,23.0,中度恶化-10分; 贝叶斯恶化预警-8分(恶化概率90.3%); 趋势不可靠-2分(Bootstrap CI过宽: 0.376); 峰值明显下跌-8分(从5.0跌至3.3，跌幅-35.2%),"","",0,0
002073.SZ,软控股份,专用机械,4.934502,0.37677905153515795,1.60914,0.9907155079892456,0.0003807501648086999,0.46643804490774254,7.9239,105.82878720127192,0.36764664689081183,0.9999999999999999,0.016666666666666666,good,good,good,false,0,false,0,false,0,false,0,0.5816248281838924,2.589254145115925,1.3950437579743742,ultra_stable,false,false,none,1.0063499999999999,0.0,2.0988499999999997,1.0924999999999998,0.6980592794023797,0.9962072765012576,0.9843855175225393,false,none,1.641,2.5566999999999998,112.6536417798293,26.11851215203171,68.6141377274435,false,专用机械,false,1.0,false,rising,false,false,0.0,0.5816248281838924,0.5986331958804473,专用机械,-5.0,-2.0,3.0,0.3,0.5,0.37045737252346633,0.9541097831149026,0.011242902530617993,false,false,0.37677905153515795,0.9907155079892456,,,,,,,0.07161803713527852,0,0.0,none,0.10794136735945206,false,increasing_vol,4.171212798728076,波动率飙升预警-4.2分(近期波动是早期的2.1倍),turnaround,"底部强力反转(曾跌113%, 近期斜率0.37)",0,1
002074.SZ,国轩高科,电气设备,2.376271,0.09872038777816963,0.25016999999999995,0.39831538063397703,0.2535312974039903,0.055854845899296235,2.8573,98.0,0.12693224369599704,0.39999999999999997,0.48333333333333334,good,good,good,false,0,false,0,false,0,false,0,0.2594060203082219,0.5969503220536864,0.6018981236040013,stable,false,false,none,-0.7794999999999999,0.0,0.49922999999999995,1.27873,0.6874252451870562,1.0,0.8742524518705621,false,none,-0.0472999999999999,0.9788999999999999,48.37721348081217,-1.6284514218825277,50.833463156254865,false,电气设备,false,1.9115498519249752,true,falling,false,false,0.0,0.2594060203082219,0.46239812983657425,电气设备,-5.0,-2.0,3.0,0.3,0.5,0.18121150388232599,0.7179584656314731,0.2611988564010058,false,false,0.09872038777816963,0.39831538063397703,,,,,,,0.16167664670658682,0,0.0,none,0.19428275790215904,false,stable,2.0,趋势不可靠-2分(Bootstrap CI过宽: 0.423),"","",0,0
002090.SZ,金智科技,电气设备,4.154845,-0.06030915856714787,-0.258505,0.02592124134089255,0.795896564803442,-0.056337579688736095,3.9808,95.0,-0.11299422743271141,-0.19999999999999998,0.8166666666666667,good,good,good,false,0,true,1,false,0,true,1,0.6991824787205496,3.0788919959946632,1.8870413937813955,high_volatility,false,false,none,-2.0750499999999996,0.0,1.55545,3.6304999999999996,0.4005354845785478,0.2494285969652538,0.9610806660193205,false,none,1.0133,2.0976,357.61581791010457,34.14658803706824,241.13116450166686,false,电气设备,true,10.552477296240948,true,rising,false,false,0.0,0.6991824787205496,1.0,电气设备,-5.0,-2.0,3.0,0.3,0.5,0.6518597913601696,0.9030538748315696,1.4168734957719362,true,false,-0.15575815306536922,0.09901264983154562,,,,,,,0.07161803713527852,0,0.0,none,0.6326483367671265,false,decreasing_vol,17.0,趋势不可靠-2分(Bootstrap CI过宽: 1.518); 峰值大幅下跌-15分(从9.2跌至4.0，跌幅-56.6%),cyclical_bottom,"周期底部(mid_up), 近期强势(65.2%)",0,0
002106.SZ,莱宝高科,元器件,7.23192,-0.14160399465854986,-1.11268,0.8555631114548958,0.024393097029179363,-0.11123401803131738,6.0233,80.0,-0.13423727956964643,-0.7999999999999999,0.08333333333333333,good,good,good,false,0,false,0,false,0,false,0,0.2478865792878743,1.9306051300045797,0.5184983552166981,ultra_stable,false,false,none,-1.3227999999999995,0.0,-0.4923000000000002,0.8304999999999993,0.4089062539582875,0.6366714523315714,0.8762105534777542,false,none,-0.17180000000000017,-0.8128000000000002,-14.04985801738039,-2.7731594324546847,-11.598339017394657,false,元器件,false,1.0,true,falling,false,false,0.0,0.2478865792878743,0.3316425967636328,元器件,-5.0,-2.0,3.0,0.3,0.5,-0.07481712097675808,0.8834713958102874,0.08413403413009779,true,false,-0.14160399465854986,0.8555631114548958,,,,,,,0.32530120481927716,0,-0.7609002954392325,none,0.10208230443874515,false,decreasing_vol,20.0,峰值明显下跌-8分(从10.1跌至6.0，跌幅-40.1%); 智能连续下跌-12分(3年实质性下跌，累计跌幅-37.6%),"","",0,0
002112.SZ,三变科技,电气设备,7.857698000000001,0.15443820870368305,1.16826,0.6048369858117084,0.12152545057505053,0.10548710141061135,9.7916,96.0,0.15798455036098713,0.6,0.23333333333333334,good,good,good,false,0,false,0,false,0,false,0,0.30095197426202547,2.259312680219363,0.6941850645112304,stable,false,false,none,-1.9557000000000002,0.0,1.86091,3.8166100000000003,0.6897753633079311,1.0,0.8977536330793108,false,none,-0.02009999999999934,3.0351999999999997,44.493470080425,-0.20485746608640032,44.79008337637423,false,电气设备,false,2.1328391626633048,true,falling,false,false,0.0,0.30095197426202547,0.5251401344313944,电气设备,-5.0,-2.0,3.0,0.3,0.5,0.1826306652109011,0.7458111718398429,0.1662737200958333,false,false,0.15443820870368305,0.6048369858117084,,,,,,,0.16167664670658682,0,0.0,none,0.17329032562627955,false,stable,4.0,"趋势不确定预警-4分(Bootstrap CI跨零: [-0.036, 0.375])","","",0,0
002130.SZ,沃尔核材,电气设备,11.91895,0.0035723080398751606,0.042060000000000035,0.1763385785605188,0.48149056738126284,0.0777828061185235,13.0404,100.0,0.06361736467452261,0.9999999999999999,0.016666666666666666,good,good,good,false,0,false,0,false,0,false,0,0.10540248075019126,1.2184842982164361,0.29205124434487,ultra_stable,false,false,none,1.8581000000000003,0.0,0.4865500000000001,-1.3715500000000003,0.681923902867954,1.0,0.8192390286795397,false,none,1.0975000000000001,0.3111999999999995,12.110869434390498,9.18956032454429,2.6754472691008147,false,电气设备,false,1.0,false,rising,false,false,0.0,0.10540248075019126,0.21765531793348636,电气设备,-5.0,-2.0,3.0,0.3,0.5,0.05697115724058532,0.9119434109163348,-0.03527005205598211,false,false,0.06325725465473626,0.8473800987334581,,,,,,,0.07161803713527852,0,0.0,none,0.03853080065139716,false,stable,0.0,"","","",0,0
002134.SZ,天津普林,元器件,4.098949,0.15418997079715507,0.40443000000000007,0.26818482427508766,0.3714217243221351,0.3123727290137728,4.8901,96.0,0.21292363084218224,0.39999999999999997,0.48333333333333334,good,good,good,false,0,false,0,false,0,false,0,0.4261428181702144,1.6950341964102082,1.140355287835439,volatile,false,false,none,4.5359,0.0,-0.35569999999999996,-4.8915999999999995,0.60651895680034,1.0,0.13426804451975843,false,none,1.1446000000000005,0.32589999999999986,43.00210550941632,30.55933787211322,9.530354427418407,false,元器件,false,1.8085156158615043,true,rising,false,false,0.0,0.4261428181702144,0.5820496699843721,元器件,-5.0,-2.0,3.0,0.3,0.5,0.17362955506464628,0.9244700931989145,-0.16086231780514093,false,false,0.15418997079715507,0.26818482427508766,,,,,,,0.07161803713527852,0,0.0,none,0.39465489505084406,true,decreasing_vol,4.0,波动聚集提示-2分(大波动后可能跟着大波动); 趋势不可靠-2分(Bootstrap CI过宽: 0.758),"","",0,0
002138.SZ,顺络电子,元器件,9.539855,-0.05887282775785799,-0.61825,0.1632331966269578,0.49994347772786557,-0.020212011489706527,10.0547,98.0,-0.050724040129406324,-0.19999999999999998,0.8166666666666667,good,good,good,false,0,false,0,false,0,false,0,0.2269524937011265,2.235250571412521,0.5849336682580328,moderate,false,false,none,-1.9170499999999997,0.0,1.4892000000000003,3.40625,0.5365919125796129,0.42731519446043464,0.9940652533865509,false,none,1.6885000000000012,1.2898999999999994,42.0897926882693,20.182400611986342,18.228452722467946,false,元器件,false,1.8141260263131864,true,rising,false,false,0.0,0.2269524937011265,0.4234454651359927,元器件,-5.0,-2.0,3.0,0.3,0.5,0.1743985679174218,0.9992359430702813,0.38945020112122575,true,false,-0.05887282775785799,0.1632331966269578,,,,,,,0.07161803713527852,0,0.0,none,0.20409877819597927,false,decreasing_vol,2.0,趋势不可靠-2分(Bootstrap CI过宽: 0.442),"","",0,0
002139.SZ,拓邦股份,元器件,9.803378,-0.1614919676413007,-1.76834,0.7721964362184546,0.049752084910010944,-0.1340106445296343,8.5952,76.77016064717398,-0.22772388415843237,-0.7999999999999999,0.08333333333333333,good,good,good,false,0,false,0,false,0,false,0,0.30693491240328236,3.1718285525860312,0.7867035421351903,stable,false,false,none,-3.0529999999999995,0.0,-0.29084999999999983,2.7621499999999997,0.6557234847769822,0.9793053994578168,0.07792944831200496,false,none,1.4420000000000002,-2.0237,-6.33874184092667,20.158810043057652,-22.052109100022882,false,元器件,false,1.0,false,rising,false,false,0.0,0.30693491240328236,0.3788812632559592,元器件,-5.0,-2.0,3.0,0.3,0.5,-0.03253702943276604,0.06445924414907525,0.22154211991157569,false,false,-0.1614919676413007,0.7721964362184546,,,,,,,0.2783505154639176,0,0.0,none,0.14492539478982494,true,decreasing_vol,23.229839352826012,轻度衰退-3.2分(log斜率-0.161); 持续衰退重罚-10.0分(最新<加权); 波动聚集提示-2分(大波动后可能跟着大波动); 峰值明显下跌-8分(从15.3跌至8.6，跌幅-43.8%),"","",0,0
002149.SZ,西部材料,小金属,5.3725000000000005,0.01774998237652401,0.11060000000000009,0.02007762159954427,0.8201931949668483,-0.008576309442718144,4.2649,55.79841856032802,0.054802751245996095,0.0,1.0,good,good,good,false,0,false,0,false,0,false,0,0.20329646947643354,1.0809679875000926,0.4280072218460844,moderate,false,false,none,1.0631500000000003,0.0,-1.1379000000000001,-2.2010500000000004,0.6732980810815669,0.9320879692908902,0.8008928415247786,true,severe,-2.1206000000000005,-0.15519999999999978,-34.794440961976555,-33.20961553519693,-2.372834711880988,false,小金属,true,1.0,true,falling,true,false,0.0,0.20329646947643354,0.7065929389528671,小金属,-5.0,-2.0,1.6,0.3,0.24,-0.2099746768195423,0.7922406061024768,-0.40316287934396433,false,true,0.01774998237652401,0.02007762159954427,,,,,,,0.9983149583553994,1,12.995755949166423,cliff_drop,0.2006185701489418,false,stable,44.20158143967198,严重恶化-15分; 单年巨幅下滑-15.0分(年跌-33.2%); 加速下滑-0.2分(加速度-0.40); 贝叶斯高置信度恶化-12分(恶化概率99.8%，严重恶化确认); 趋势不可靠-2分(Bootstrap CI过宽: 0.413); 峰值明显下跌-8分(从6.5跌至4.3，跌幅-34.8%),"","",0,0
002152.SZ,广电运通,IT设备,7.242255,0.001510674925673694,0.011219999999999964,0.06549518372088117,0.6777448929326022,-0.031022508127504622,6.4632,78.95620850694706,0.010079578988276161,0.19999999999999998,0.8166666666666667,good,good,good,false,0,false,0,false,0,false,0,0.06978195577323018,0.5098883770003001,0.18728923973022688,ultra_stable,false,false,none,0.09445000000000013,0.0,-0.5286000000000004,-0.6230500000000005,0.5037553475991601,0.9479079188173603,0.5430210157585886,true,moderate,-1.3685,0.31129999999999924,-14.057762884952938,-17.473856250877844,4.1394074783256105,false,IT设备,false,1.0,true,falling,false,false,0.0,0.06978195577323018,0.18915889795191748,IT设备,-5.0,-2.0,3.0,0.3,0.5,-0.07497720275769248,0.5596363900448224,-0.08758298610587634,false,true,-0.019160730893092694,0.18002194016477954,,,,,,,0.9025069637883009,1,0.0,single_year_drop,0.06393188953020484,true,increasing_vol,21.043791493052936,中度恶化-10分; 加速下滑-0.0分(加速度-0.09); 贝叶斯恶化预警-8分(恶化概率90.3%); 波动率飙升预警-8.0分(近期波动是早期的8.9倍),"","",0,0
002153.SZ,石基信息,软件服务,-5.443416,0.05920818789517904,0.30528,0.30830653357033866,0.3312552860038659,,-4.12,100.0,-0.16192250944788295,0.0,1.0,poor,poor,poor,true,5,true,1,true,5,false,0,0.716234863422644,3.772953364143267,1.9657691314714414,high_volatility,false,false,none,-5.1776,0.0,3.2602999999999995,8.437899999999999,0.6805971460772056,0.9854313333239909,0.820540127448064,false,none,0.6193999999999997,5.901199999999999,61.28037892600041,13.069164873190694,55.45927861210834,false,软件服务,false,1.0,false,rising,false,false,0.0,0.716234863422644,0.7063212240714485,软件服务,-5.0,-2.0,3.0,0.3,0.5,0.4683057675554098,0.8567207560836776,1.8574876611530675,true,false,-0.3364608713467917,0.2529278228107315,,,,,,,0.07161803713527852,0,0.0,none,0.6943383030666371,false,decreasing_vol,0.0,"","","",0,0
002156.SZ,通富微电,半导体,3.960705,-0.05545649332362963,-0.19669499999999995,0.22141965863011415,0.4237832316827498,-0.024976983157419475,3.8132,92.0,-0.12498118850112196,-0.39999999999999997,0.48333333333333334,good,good,good,false,0,false,0,false,0,false,0,0.35184100161973514,1.443364377764672,0.9527535638370481,moderate,false,false,none,2.2077999999999998,0.0,-0.8856599999999999,-3.0934599999999994,0.4872726172126143,1.0,0.471609957449975,false,none,1.2947000000000002,-1.0152,7.909556555451795,51.40758387929324,-28.729094150607015,false,半导体,false,2.5519158229104626,true,rising,false,false,0.0,0.35184100161973514,0.6217282443505165,半导体,-5.0,-2.0,3.0,0.3,0.5,0.036722235790579094,0.03066941331035366,0.12252815089719782,false,false,-0.11019078426644416,0.283766171494458,,,,,,,0.13366336633663367,0,0.0,none,0.3011476114709846,false,decreasing_vol,8.0,峰值明显下跌-8分(从6.4跌至3.8，跌幅-40.7%),"","",0,0
002167.SZ,东方锆业,小金属,3.262125,0.47316658187658034,0.9383500000000004,0.07815112994470919,0.6487513402280951,,7.1019,101.0,0.07922930661840966,0.19999999999999998,0.8166666666666667,poor,poor,poor,true,2,false,0,true,2,false,0,2.2819410277645398,6.801599066175542,5.05351235648959,high_volatility,false,false,none,15.0626,0.0,-1.9546099999999995,-17.01721,0.5545443153791304,1.0,0.17108915989179097,false,none,10.9056,-9.71,20.24279159541506,286.71030838394194,-164.4007246499501,false,小金属,true,inf,true,rising,true,false,0.0,2.2819410277645398,1.0,小金属,-5.0,-2.0,1.6,0.3,0.24,0.09108615357130012,0.0011681336253357173,-2.271085964345068,false,false,0.47316658187658034,0.07815112994470919,,,,,,,0.07161803713527852,0,0.0,none,2.2269890916727326,false,stable,11.0,单年巨幅下滑-15.0分(年跌-164.4%); 趋势不可靠-2分(Bootstrap CI过宽: 5.568); 峰值明显下跌-8分(从10.4跌至7.1，跌幅-31.6%),cyclical_bottom,周期底部(mid_up),0,0
002173.SZ,创新医疗,医疗保健,-5.595643000000001,-0.011455857262148594,-0.06236000000000015,0.03973198221225476,0.7478974319420923,,-5.5082,58.0,0.28403938436056253,0.39999999999999997,0.48333333333333334,poor,poor,poor,true,5,false,0,true,5,false,0,0.6677259084557514,4.096925792957446,1.7376182435736127,volatile,false,false,none,7.9621,0.0,0.08854999999999968,-7.873550000000001,0.6507143210039786,1.0,0.007143210039785702,true,severe,-3.0111000000000003,1.8208999999999995,-27.563686892079687,-120.58387729766531,42.16998610467809,false,医疗保健,false,1.0,true,falling,false,false,0.0,0.6677259084557514,0.6675140600979345,医疗保健,-5.0,-2.0,3.0,0.3,0.5,-0.11921949823539667,0.09371422416251102,-0.6705044663813011,false,false,0.24323539471737732,0.4290017071366579,,,,,,,0.9737039819684448,1,0.0,cliff_drop,0.48031075884568103,false,decreasing_vol,42.0,严重恶化-15分; 单年巨幅下滑-15.0分(年跌-120.6%); 贝叶斯高置信度恶化-12分(恶化概率97.4%，严重恶化确认),"","",0,0
002179.SZ,中航光电,元器件,14.77076,0.00352862288170539,0.057599999999999874,0.010493384139481155,0.8698013440679286,-0.003878834101104456,13.8508,89.95172749208847,0.027321649471650722,0.19999999999999998,0.8166666666666667,good,good,good,false,0,false,0,false,0,false,0,0.05463406937401227,0.805413265348914,0.12625186881527287,ultra_stable,false,false,none,0.6547000000000001,0.0,-0.7632000000000002,-1.4179000000000004,0.6591412847869971,0.9996732919204054,0.5917395559495651,true,moderate,-1.8612000000000002,0.33479999999999954,-9.926384517337361,-11.84572301425662,2.1772494342272948,false,元器件,false,1.0,true,falling,false,false,0.0,0.05463406937401227,0.17704058883254314,元器件,-5.0,-2.0,3.0,0.3,0.5,-0.052148949302135206,0.6006926933841568,-0.09654501582307828,false,true,0.00352862288170539,0.010493384139481155,,,,,,,0.8223350253807107,1,0.0,single_year_drop,0.05428365981877182,false,increasing_vol,10.04827250791154,中度恶化-10分; 加速下滑-0.0分(加速度-0.10); 贝叶斯中度恶化预警-5分(恶化概率82.2%),"","",0,0
002180.SZ,纳思达,IT设备,-2.557437,0.2596773722344242,0.695395,0.30555753417292536,0.3338850871539223,,5.1122,81.0,-0.00303474169773129,0.0,1.0,has_loss,has_loss,good,true,1,false,0,false,0,false,0,9.488804672976421,15.987307441311062,22.498427169022932,high_volatility,false,false,none,3.4572,0.0,-1.456949999999999,-4.914149999999999,0.3095113109979948,0.837527201365944,0.004770289921346597,false,none,34.9928,-37.9067,-36.305303945876574,117.10875952959445,-472.29289443191595,false,IT设备,true,inf,true,rising,false,false,0.0,9.488804672976421,1.0,IT设备,-5.0,-2.0,3.0,0.3,0.5,-0.2227479617442044,0.0033570629835377713,-1.133502992383412,false,false,-0.40114907603757877,0.04783831594272169,,,,,,,0.6067415730337079,0,0.0,none,9.087741853543454,false,increasing_vol,19.0,单年巨幅下滑-15.0分(年跌-472.3%); 波动率飙升预警-8.0分(近期波动是早期的10.5倍); 趋势不可靠-2分(Bootstrap CI过宽: 1.254); 峰值明显下跌-8分(从8.0跌至5.1，跌幅-36.3%),"","",0,0
002202.SZ,金风科技,电气设备,4.060423,-0.20681889736145817,-0.8873899999999999,0.7450807392132008,0.059488832222613475,-0.14094908966152608,3.0846,53.863622052770836,-0.18973843845014304,-0.6,0.23333333333333334,good,good,good,false,0,false,0,false,0,false,0,0.3697697176335234,1.5998604511019079,0.8586570641421518,stable,false,false,none,0.5108000000000006,0.0,-1.1061,-1.6169000000000007,0.4776305583581246,1.0,0.7644171804485789,false,none,0.6248999999999998,-1.7903999999999995,-27.42288416743135,25.40553726064153,-42.126067621938304,false,电气设备,false,2.51038744562345,true,rising,false,false,0.0,0.3697697176335234,0.6305341001899454,电气设备,-5.0,-2.0,3.0,0.3,0.5,-0.15439295217368354,0.3466837421511619,-0.013728093712518152,false,false,-0.20681889736145817,0.7450807392132008,,,,,,,0.435483870967742,0,0.0,none,0.17766692129339007,false,stable,46.136377947229164,轻度衰退-4.1分(log斜率-0.207); 持续衰退重罚-10.0分(最新<加权); 单年巨幅下滑-15.0分(年跌-42.1%); 趋势不可靠-2分(Bootstrap CI过宽: 0.352); 峰值大幅下跌-15分(从6.2跌至3.1，跌幅-50.0%),"","",0,0
002204.SZ,大连重工,专用机械,3.7127550000000005,0.47172343669743494,1.36665,0.9271256999767689,0.008539323840366209,0.679624151587011,5.9134,98.0,0.4516846411583578,0.9999999999999999,0.016666666666666666,good,good,good,false,0,true,1,false,0,true,1,0.6657533381747684,2.1988234951900982,1.5654785694388935,stable,false,false,none,0.6090000000000001,0.0,1.45342,0.8444199999999998,0.42048948588008483,1.0,0.9473768784763192,false,none,1.2357000000000005,0.8499999999999996,54.48964129895237,26.416828783376456,22.206547012566283,false,专用机械,false,1.0,false,rising,false,false,0.0,0.6657533381747684,0.6659360038731481,专用机械,-5.0,-2.0,3.0,0.3,0.5,0.2126941282846162,0.9977331989222609,-0.46956385897659747,false,true,0.47172343669743494,0.9271256999767689,,,,,,,0.07161803713527852,0,0.0,none,0.12317267735351517,false,stable,2.0,趋势不可靠-2分(Bootstrap CI过宽: 0.504),"","",0,0
002217.SZ,合力泰,元器件,28.657196,-0.5208233920652345,-1.7066299999999999,0.12231036639702772,0.5639627351812652,,243.4724,85.0,0.6641096508404486,0.0,1.0,poor,poor,poor,true,3,false,0,true,4,false,0,7.964617541045812,137.0357049795162,21.688872666742608,high_volatility,false,false,none,-1.6372999999999989,0.0,130.29675,131.93405,0.4218960216808758,0.022472750948777605,0.4633579469536944,false,none,373.1692,-112.5757,1522.060498449282,287.7242923495414,-657.52609353371,false,元器件,true,inf,true,rising,false,false,0.0,7.964617541045812,1.0,元器件,-5.0,-2.0,3.0,0.3,0.5,4.861232778717602,0.599269852964879,4.967147525065635,false,false,1.1577157825526683,0.14488906592428352,,,,,,,0.02015677491601344,0,0.0,none,7.150507323414486,true,increasing_vol,25.0,单年巨幅下滑-15.0分(年跌-657.5%); 周期顶部预警-5分(警惕景气回落); 波动率飙升预警-8.0分(近期波动是早期的13.0倍); 趋势不可靠-2分(Bootstrap CI过宽: 3.660),turnaround,扭亏为盈(曾亏损3年 -> 最新243.5),0,1
002219.SZ,新里程,医疗保健,-0.041072000000000886,0.4496871081064411,0.9889700000000001,0.12562834911519075,0.558347508530587,,5.801,81.0,1.6178010058695562,0.6,0.23333333333333334,poor,poor,has_loss,true,2,false,0,true,1,false,0,6.258666350401689,12.112522161259397,15.28977120062832,high_volatility,false,false,none,14.7953,0.0,-0.8409999999999996,-15.636299999999999,0.6639022660304942,0.9844225967607799,0.15460006354416178,false,none,2.5653,-4.247299999999999,-22.47761592944006,79.28114472911581,-56.75932112788987,false,医疗保健,false,2.312637141885836,true,rising,false,false,0.0,6.258666350401689,1.0,医疗保健,-5.0,-2.0,3.0,0.3,0.5,-0.12584544910724094,0.08980895263194522,-3.3757433285501675,false,false,1.6502671901656027,0.7663797431931504,,,,,,,0.435483870967742,0,0.0,none,3.543957433672931,true,decreasing_vol,19.0,单年巨幅下滑-15.0分(年跌-56.8%); 波动聚集提示-2分(大波动后可能跟着大波动); 趋势不可靠-2分(Bootstrap CI过宽: 2.812),"","",0,0
002222.SZ,福晶科技,元器件,14.601465000000001,-0.02862856072955036,-0.41211000000000003,0.14277627979453678,0.5306038890991212,-0.013055661511039096,13.1548,99.87847622245455,-0.021072182266141604,-0.39999999999999997,0.48333333333333334,good,good,good,false,0,false,0,false,0,false,0,0.12245268141179105,1.8132205290587242,0.2752047608242299,ultra_stable,false,false,none,1.68255,0.0,-2.0375500000000004,-3.7201000000000004,0.6766682440382905,0.9458566462748289,0.8208257941080764,false,none,-0.38870000000000005,-3.686400000000001,-23.651327053552258,-2.8700114446044234,-21.395365034039667,false,元器件,false,1.0,true,falling,false,false,0.0,0.12245268141179105,0.23129547846276619,元器件,-5.0,-2.0,3.0,0.3,0.5,-0.1346295180142283,0.8298439065857935,-0.2430475550909077,false,true,-0.02862856072955036,0.14277627979453678,,,,,,,0.49090909090909096,0,-0.8658582622900669,none,0.11427261187497828,false,stable,0.12152377754545385,加速下滑-0.1分(加速度-0.24),"","",0,0
002223.SZ,鱼跃医疗,医疗保健,16.312047000000003,-0.033380369472108117,-0.4343800000000002,0.15012799684041467,0.5193040366694999,-0.15443723261261444,12.3901,50.0,-0.1202711081624738,-0.6,0.23333333333333334,good,good,good,false,0,false,0,false,0,false,0,0.26716660649385693,4.536585158244029,0.6977237231719469,stable,false,false,none,-7.9239,0.0,-0.8267500000000002,7.097149999999999,0.6207299434547529,1.0,0.20729943454752792,true,severe,-5.341799999999999,3.5035999999999987,-12.91932275816507,-30.125367275926436,24.624164517194593,false,医疗保健,false,1.246241645171946,true,falling,false,false,0.0,0.26716660649385693,0.3798988378846784,医疗保健,-5.0,-2.0,3.0,0.3,0.5,-0.06897162565415993,0.14622333265529627,0.1969628709682072,false,false,-0.12564144538325578,0.6159696660605012,,,,,,,0.9487554904831625,1,0.0,cliff_drop,0.1683709297685927,false,stable,50.0,严重恶化-15分; 单年巨幅下滑-15.0分(年跌-30.1%); 贝叶斯高置信度恶化-12分(恶化概率94.9%，严重恶化确认); 峰值明显下跌-8分(从24.2跌至12.4，跌幅-48.9%),"","",0,0
002241.SZ,歌尔股份,元器件,6.923152,-0.3094271258027852,-2.3301600000000002,0.48173456936966685,0.19353329974627823,-0.16162622980043673,5.8187,77.8114574839443,-0.39547264135846916,-0.39999999999999997,0.48333333333333334,good,good,good,false,0,false,0,false,0,false,0,0.6468793641591066,4.930643889493542,1.4933746162525257,volatile,false,false,none,-3.76695,0.0,0.7872499999999998,4.5542,0.4630201932232494,0.5572912884487136,0.21730156711511206,false,none,3.3750999999999998,-1.8006000000000002,37.097686254182165,138.119986904567,-42.42495641110221,false,元器件,true,5.65820919954166,true,rising,false,false,0.0,0.6468793641591066,1.0,元器件,-5.0,-2.0,3.0,0.3,0.5,0.15461431910749468,0.13398677181332658,0.6590580514901792,false,false,-0.3094271258027852,0.48173456936966685,,,,,,,0.07161803713527852,0,0.0,none,0.4298964598321246,false,decreasing_vol,34.188542516055705,轻度衰退-6.2分(log斜率-0.309); 持续衰退重罚-10.0分(最新<加权); 单年巨幅下滑-15.0分(年跌-42.4%); 趋势不可靠-2分(Bootstrap CI过宽: 1.053); 峰值大幅下跌-15分(从13.8跌至5.8，跌幅-57.9%),cyclical_bottom,"周期底部(mid_up), 近期强势(15.5%)",0,0
002245.SZ,蔚蓝锂芯,电气设备,6.421058000000001,-0.0021925715551716074,-0.014680000000000071,0.002953634622294561,0.9308368818145504,-0.0027679681999459582,6.5836,103.0,-0.14199195702787532,-0.39999999999999997,0.48333333333333334,good,good,good,false,0,false,0,false,0,false,0,0.5376534517135264,3.6168162758149607,1.4943571020835316,volatile,false,false,none,5.7087,0.0,-2.0749000000000004,-7.783600000000001,0.4738809491974253,1.0,0.41143606286340734,false,none,4.2705,-3.4027,15.182476643689421,184.62236825039992,-59.53147415934777,false,电气设备,true,5.345942674333147,true,rising,false,false,0.0,0.5376534517135264,1.0,电气设备,-5.0,-2.0,3.0,0.3,0.5,0.06975009075445304,0.01631062270049847,0.1449816103968351,false,false,-0.16561409733496832,0.199376609946915,,,,,,,0.07161803713527852,0,0.0,none,0.48124965335378145,false,decreasing_vol,9.0,单年巨幅下滑-15.0分(年跌-59.5%); 峰值明显下跌-8分(从12.4跌至6.6，跌幅-46.8%),cyclical_bottom,周期底部(mid_up),0,0
002249.SZ,大洋电机,电气设备,5.644326,0.4613554141400076,1.96202,0.9375231124865419,0.006756336765773366,0.6647689667592045,8.8984,98.0,0.42556047533893304,0.9999999999999999,0.016666666666666666,good,good,good,false,0,false,0,false,0,false,0,0.6143283522619382,3.1058721370977267,1.530919433829405,ultra_stable,false,false,none,1.9442,0.0,1.97543,0.03123000000000009,0.21572386550532283,1.0,0.9954723365931273,false,none,1.6553000000000004,2.3672000000000004,82.49759018847804,22.853474341097048,48.54898582825736,false,电气设备,false,1.0,false,rising,false,false,0.0,0.6143283522619382,0.6247960151428839,电气设备,-5.0,-2.0,3.0,0.3,0.5,0.29717790790528675,0.9684236534902148,-0.3521587658653391,false,true,0.4613554141400076,0.9375231124865419,,,,,,,0.07161803713527852,0,0.0,none,0.029758588632452804,false,stable,2.0,趋势不可靠-2分(Bootstrap CI过宽: 0.382),"","",0,0
002252.SZ,上海莱士,生物制药,6.2039100000000005,0.01006262768607149,0.045260000000000036,0.011562815904182795,0.86335217870199,-0.006956868595457966,6.7942,98.0,0.005618177896994481,0.0,1.0,good,good,good,false,0,false,0,false,0,false,0,0.14255557333313817,0.8811759143326604,0.3425180545129812,stable,false,false,none,-2.1172000000000004,0.0,0.49318000000000006,2.6103800000000006,0.6529857097650545,1.0,0.5298570976505451,false,none,1.0873999999999997,-0.8426,3.737746969188012,19.05446134436111,-12.865300638226401,false,生物制药,false,1.2385166695032244,true,rising,false,false,0.0,0.14255557333313817,0.2791800146002738,生物制药,-5.0,-2.0,3.0,0.3,0.5,0.018145133976173344,0.03995910023175565,0.050107824316715455,false,false,0.01006262768607149,0.011562815904182795,,,,,,,0.13366336633663367,0,0.0,none,0.14208468715129097,true,decreasing_vol,2.0,波动聚集提示-2分(大波动后可能跟着大波动),"","",0,0
002255.SZ,海陆重工,专用机械,12.849647000000001,-0.03700869006827814,-0.3787999999999997,0.39155665008359697,0.25885713203477395,-0.2509062412614208,9.287,55.0,-0.10822149066875042,-0.9999999999999999,0.016666666666666666,good,good,good,false,0,false,0,false,0,false,0,0.6118391870558582,8.64467587391222,1.4301649090523036,volatile,false,true,improving,-17.7601,0.0,-0.8466199999999999,16.91348,0.9755547317781307,1.0,0.9368662001597315,false,none,-0.2151999999999994,-1.1260999999999992,-12.62008035151434,-2.264738692092351,-10.595297460553422,false,专用机械,false,1.0,false,falling,false,false,0.0,0.6118391870558582,0.6228046829780198,专用机械,-5.0,-2.0,3.0,0.3,0.5,-0.06711222275817152,0.8730144659312973,0.44225839772673936,true,false,-0.25159265768903627,0.6835454965649898,,,,,,,0.32530120481927716,0,-0.7862505795118981,none,0.3828821481605497,true,decreasing_vol,45.0,波动聚集提示-2分(大波动后可能跟着大波动); 峰值大幅下跌-15分(从29.5跌至9.3，跌幅-68.5%); 智能连续下跌-16分(4年实质性下跌，累计跌幅-68.5%); 品质退化严重-12分(曾达29.5%，现仅9.3%),"","",0,0
002262.SZ,恩华药业,化学制药,16.650415,-0.025111918244173026,-0.4308499999999999,0.6911212404894955,0.08101382039416088,-0.02725553392854896,16.2249,114.0,-0.027324244453249213,-0.6,0.23333333333333334,good,good,good,false,0,false,0,false,0,false,0,0.04849300523335621,0.8178752673849484,0.11832200471485578,ultra_stable,false,false,none,-0.9978000000000016,0.0,0.049650000000001526,1.047450000000003,0.6527894997325977,0.9986602710591136,0.02923472626686295,false,none,-0.4458999999999982,0.5452000000000012,0.6157910403334019,-2.674736665306993,3.3809594681748356,false,化学制药,false,1.0338095946817483,true,falling,false,false,0.0,0.04849300523335621,0.17663568347758477,化学制药,-5.0,-2.0,3.0,0.3,0.5,0.0030636647057744604,0.030093438657267015,0.06130110307396963,false,false,-0.025111918244173026,0.6911212404894955,,,,,,,0.27835051546391754,0,0.0,none,0.02683490691656748,true,decreasing_vol,4.0,"波动聚集提示-2分(大波动后可能跟着大波动); 趋势不确定预警-4分(Bootstrap CI跨零: [-0.059, 0.007])","stable_dividend,moat_defense","稳定分红型(值=16.2,CV=4.8%,稳定); 强护城河(16.2>15.0,CV=4.8%)",0,0
002265.SZ,建设工业,专用机械,5.830859,1.2436664011779834,3.33013,0.693772018904172,0.07988916155168502,,6.9074,62.44432760666152,1.2311095877304956,0.39999999999999997,0.48333333333333334,has_loss,has_loss,has_loss,true,1,true,1,true,1,true,1,1.4955291050161659,7.22612744019921,3.7388396090913987,high_volatility,false,false,none,9.032699999999998,0.0,-2.9084999999999996,-11.941199999999998,0.745182939024013,0.9608078312662804,0.9910215589738487,true,severe,-2.4289999999999994,-3.388,-45.7153186004841,-26.016451737286317,-26.62600987079941,false,专用机械,false,1.0,true,falling,false,false,0.0,1.4955291050161659,1.0,专用机械,-5.0,-2.0,3.0,0.3,0.5,-0.30363478319550463,0.9999218072767833,-3.111344786676959,false,true,1.2436664011779834,0.693772018904172,,,,,,,0.9872029250457038,2,-0.022893333866806403,sustained_decline,1.024249687120404,false,decreasing_vol,37.55567239333848,"严重恶化-15分; 加速下滑-1.6分(加速度-3.11); 贝叶斯高置信度恶化-12分(恶化概率98.7%，严重恶化确认); 趋势不确定预警-4分(Bootstrap CI跨零: [-0.304, 2.819]); 峰值明显下跌-8分(从12.7跌至6.9，跌幅-45.7%)","","",0,0
002270.SZ,华明装备,电气设备,13.29281,0.11245752192068698,1.44006,0.6328518339187567,0.10752756982788185,0.13782485676684852,16.2579,113.0,0.1268210334849717,0.7999999999999999,0.08333333333333333,good,good,good,false,0,false,0,false,0,false,0,0.22257748134895888,2.798417705954563,0.521610972275026,stable,false,false,none,0.11470000000000002,0.0,3.1643499999999998,3.0496499999999997,0.47369195651136475,0.004275492899683635,0.9654289032017175,false,none,2.1272,4.201499999999999,63.73826692986343,15.05374822195645,42.31458727792772,false,电气设备,false,1.293790033436732,true,rising,false,false,0.0,0.22257748134895888,0.35056732287073145,电气设备,-5.0,-2.0,3.0,0.3,0.5,0.24575866600398566,0.9417807477323457,0.23413155560794086,false,false,0.11245752192068698,0.6328518339187567,,,,,,,0.07161803713527852,0,0.0,none,0.1293962927947273,false,stable,2.0,"趋势不确定预警-4分(Bootstrap CI跨零: [-0.022, 0.261])",high_growth,"优质护城河(高位企稳: 16.3 > 15.0, 稳健斜率=0.13)",1,0
002273.SZ,水晶光电,元器件,7.4664090000000005,-0.030083924387956797,-0.21681999999999998,0.20421006627230479,0.44485935915534247,0.09015209314381911,10.685,100.0,0.05917325127003381,0.39999999999999997,0.48333333333333334,good,good,good,false,0,false,0,false,0,false,0,0.2807606276843618,2.038760143567654,0.6886949911589245,moderate,false,false,none,-0.7323499999999998,0.0,2.2922000000000002,3.02455,0.632746624175732,0.5493195678036696,0.778146673953651,false,none,4.412100000000001,0.1722999999999999,75.14670688129037,70.33588930159895,2.8243123627184197,false,元器件,false,1.0,false,rising,false,false,0.0,0.2807606276843618,0.35794183548082276,元器件,-5.0,-2.0,3.0,0.3,0.5,0.2779928619940222,0.786993922580065,0.3844298467282423,true,false,0.07834509633549934,0.24121652119942727,,,,,,,0.07161803713527852,0,0.0,none,0.23816123933939262,false,increasing_vol,0.0,"","","",0,0
002276.SZ,万马股份,电气设备,6.285926999999999,0.057990864083809116,0.38049,0.14838298678978923,0.5219562870839296,0.01162382132431139,5.1533,43.12168436925978,0.11592039524787456,0.39999999999999997,0.48333333333333334,good,good,good,false,0,false,0,false,0,false,0,0.2549970087526805,1.5737854386796186,0.5887766576255148,moderate,false,false,none,1.04765,0.0,-0.9312499999999999,-1.9788999999999999,0.5525048487661147,0.853045910359239,0.29899742651846994,true,severe,-3.401,1.5385,-26.54722198466319,-39.757782635633546,21.929074374982186,false,电气设备,false,1.0,true,falling,false,false,0.0,0.2549970087526805,0.3373309403354777,电气设备,-5.0,-2.0,3.0,0.3,0.5,-0.15214230562288344,0.3634133508880419,-0.32695532008778483,false,true,0.057990864083809116,0.14838298678978923,,,,,,,0.9737039819684448,1,0.0,cliff_drop,0.2356303886594281,false,increasing_vol,56.87831563074022,严重恶化-15分; 单年巨幅下滑-15.0分(年跌-39.8%); 加速下滑-0.2分(加速度-0.33); 贝叶斯高置信度恶化-12分(恶化概率97.4%，严重恶化确认); 波动率飙升预警-4.7分(近期波动是早期的2.4倍); 趋势不可靠-2分(Bootstrap CI过宽: 0.404); 峰值明显下跌-8分(从8.6跌至5.2，跌幅-39.8%),"","",0,0
002294.SZ,信立泰,化学制药,5.87216,-0.005544950188696296,-0.03808000000000007,0.12403074023334397,0.5610405351077498,0.8927285959657489,6.7698,88.0,0.0190895791879655,0.19999999999999998,0.8166666666666667,good,good,good,false,0,true,1,false,0,false,0,0.5064611683529749,2.7914215047176234,1.1782742641909276,volatile,false,true,growth_to_decline,6.4942,0.0,-0.08845999999999998,-6.582660000000001,0.88172915370035,1.0,0.3363615207419825,false,none,0.21469999999999967,-0.1288999999999998,1.2836624775583463,3.2753123522143013,-1.928485936564928,false,化学制药,false,1.0711812176778386,true,rising,false,false,0.0,0.5064611683529749,0.5479930970394251,化学制药,-5.0,-2.0,3.0,0.3,0.5,0.0063081416990953265,0.1544668777647822,-1.0400623187502565,false,false,0.4142687983160288,0.4845965245479647,,,,,,,0.13366336633663367,0,0.0,none,0.3709988380638799,true,decreasing_vol,12.0,增长转衰退-10.0分(斜率变化-6.58); 波动聚集提示-2分(大波动后可能跟着大波动),"","",0,0
002309.SZ,中利集团,电气设备,-24.736591000000004,-0.07960096262845102,-1.79764,0.5013158665021658,0.1808535085281418,,-27.3229,94.1352064191862,-0.04856271622500591,0.0,1.0,poor,poor,poor,true,5,false,0,true,5,false,0,0.6319686930449143,15.664077140802135,1.7364367856900784,high_volatility,false,false,none,-28.587999999999997,0.0,3.54174,32.12974,0.3648423094375466,1.0,0.06744829984706568,false,none,0.057800000000000296,-23.468700000000002,-598.4381390593047,0.21109759794307775,-599.9156441717793,false,电气设备,true,inf,true,rising,false,false,0.0,0.6319686930449143,1.0,电气设备,-5.0,-2.0,3.0,0.3,0.5,-0.964030809562073,0.7491785297160751,-1.7295871616275855,false,true,-0.02548388430304174,0.001838204517736549,,,,,,,0.6067415730337079,0,0.0,none,0.6318807899913917,false,decreasing_vol,5.864793580813792,"单年巨幅下滑-15.0分(年跌-599.9%); 加速下滑-0.9分(加速度-1.73); 趋势不确定预警-4分(Bootstrap CI跨零: [-0.227, 0.000])","","",0,0
002316.SZ,亚联发展,软件服务,-14.00658,1.6742176697995448,14.375599999999999,0.6217268727061043,0.11298685269521437,,17.1976,113.8903317409577,1.5690113484068837,0.7999999999999999,0.08333333333333333,poor,poor,poor,true,4,false,0,true,4,false,0,1.3890127290271221,25.445685326357392,3.43986602078905,high_volatility,false,false,none,7.8628,0.0,15.00173,7.13893,0.3721630983663408,1.0,0.684176446593532,false,none,37.4286,-15.4417,459.0837909506609,185.00617863674557,-322.4208130624517,false,软件服务,true,inf,true,rising,false,false,0.0,1.3890127290271221,1.0,软件服务,-5.0,-2.0,3.0,0.3,0.5,2.904508959843449,0.5738541440343856,1.7806634819154206,true,false,1.6742176697995448,0.6217268727061043,,,,,,,0.07161803713527852,0,0.0,none,0.6243949414528313,false,stable,11.10966825904229,单年巨幅下滑-15.0分(年跌-322.4%); 周期顶部预警-5分(警惕景气回落); 趋势不可靠-2分(Bootstrap CI过宽: 2.808),"high_growth,turnaround","优质护城河(高位企稳: 17.2 > 15.0, 稳健斜率=1.57); 扭亏为盈(曾亏损4年 -> 最新17.2)",1,1
002322.SZ,理工能科,软件服务,6.662628000000001,-0.00009183804726449197,-0.0006799999999998363,0.00003007120674128696,0.9930179433176771,0.034570981655799304,8.4068,98.0,0.07814954366745563,0.39999999999999997,0.48333333333333334,good,good,good,false,0,false,0,false,0,false,0,0.3748410140520095,2.4160827369939133,0.9569909488924262,moderate,false,false,none,-5.0998,0.0,1.8930100000000003,6.99281,0.6801533278167862,1.0,0.8015332781678617,false,none,1.072,0.42490000000000006,21.663121029247893,14.615258766428532,6.149148323420021,false,软件服务,false,1.0,false,rising,false,false,0.0,0.3748410140520095,0.4332061445749409,软件服务,-5.0,-2.0,3.0,0.3,0.5,0.09720457827409956,0.9512601612128747,0.12698142792266665,false,false,0.14146664979241497,0.18119622605745156,,,,,,,0.07161803713527852,0,0.0,none,0.3301812131666639,true,decreasing_vol,2.0,波动聚集提示-2分(大波动后可能跟着大波动),"","",0,0
002331.SZ,皖通科技,软件服务,-3.4788440000000005,0.016585202414821466,0.07535999999999997,0.06967702551340058,0.6678553144975654,,2.3414,100.0,0.4446954730424484,0.7999999999999999,0.08333333333333333,poor,poor,poor,true,4,false,0,true,5,false,0,0.9807576988082073,4.098488347549618,2.7018593409748974,volatile,false,false,none,1.7737500000000002,0.0,3.8716500000000003,2.0979,0.5369150172821756,0.6295779906968386,0.8749430244186333,false,none,6.4069,1.3364000000000003,143.34400858957034,157.59193211167138,24.739443529128643,false,软件服务,true,inf,true,rising,false,false,0.0,0.9807576988082073,1.0,软件服务,-5.0,-2.0,3.0,0.3,0.5,1.9875096115511104,0.8021558610841123,1.7377679396376533,true,false,0.9114857158006484,0.631710215792771,,,,,,,0.07161803713527852,0,0.0,none,0.4270180379649658,false,increasing_vol,0.0,周期顶部预警-5分(警惕景气回落),"","",0,0
002334.SZ,英威腾,电气设备,8.349434,0.12474045833004205,0.83018,0.27041896370334967,0.36907889417259093,0.12023231998456807,6.7623,47.67533425936186,0.1444975719456395,0.39999999999999997,0.48333333333333334,good,good,good,false,0,false,0,false,0,false,0,0.3450868842352002,2.7953348953211314,0.8539475925820763,moderate,false,false,none,3.0470999999999995,0.0,-1.8129499999999998,-4.860049999999999,0.6577535274644217,0.9909274380773561,0.5866078365668617,true,severe,-4.449,0.8231000000000002,-34.90402572149169,-39.68317679484092,7.9234131033287785,false,电气设备,false,1.0,true,falling,false,false,0.0,0.3450868842352002,0.40940284072149347,电气设备,-5.0,-2.0,3.0,0.3,0.5,-0.21309669138516482,0.6198928312854518,-0.6493314812762838,false,true,0.12474045833004205,0.27041896370334967,,,,,,,0.9866768176627332,1,0.0,cliff_drop,0.30467396563684324,false,stable,52.32466574063814,严重恶化-15分; 单年巨幅下滑-15.0分(年跌-39.7%); 加速下滑-0.3分(加速度-0.65); 贝叶斯高置信度恶化-12分(恶化概率98.7%，严重恶化确认); 趋势不可靠-2分(Bootstrap CI过宽: 0.672); 峰值明显下跌-8分(从11.2跌至6.8，跌幅-39.7%),"","",0,0
002335.SZ,科华数据,电气设备,6.733034,-0.08211885841470071,-0.5190200000000003,0.2457449333700448,0.39572092388426294,-0.09722292495513096,5.0181,48.0,-0.05391452080120579,-0.39999999999999997,0.48333333333333334,good,good,good,false,0,false,0,false,0,false,0,0.25099648014591824,1.7290494926403928,0.5009043743848658,moderate,false,false,none,0.9139999999999997,0.0,-0.7050600000000002,-1.61906,0.34047431061286343,1.0,0.2179527113205187,true,severe,-3.3335999999999997,3.301199999999999,-0.6415206415206588,-39.91522684004455,65.36382536382533,false,电气设备,false,1.665221265221265,true,falling,false,false,0.0,0.25099648014591824,0.42282668614623664,电气设备,-5.0,-2.0,3.0,0.3,0.5,-0.00315626937169422,0.00011951140497441521,0.19553096157067285,false,false,-0.08211885841470071,0.2457449333700448,,,,,,,0.9487554904831625,1,0.0,cliff_drop,0.22092469989943456,false,increasing_vol,52.0,严重恶化-15分; 单年巨幅下滑-15.0分(年跌-39.9%); 贝叶斯高置信度恶化-12分(恶化概率94.9%，严重恶化确认); 趋势不可靠-2分(Bootstrap CI过宽: 0.455); 峰值明显下跌-8分(从8.5跌至5.0，跌幅-40.7%),"","",0,0
002339.SZ,积成电子,电气设备,2.185397,0.20599031207920782,0.29659,0.10643249092198437,0.5921091240778595,,2.8764,98.0,0.2128870884680392,0.19999999999999998,0.8166666666666667,has_loss,has_loss,has_loss,true,1,true,1,true,1,true,1,0.8035780716881546,1.684637141048481,1.8664675971417943,high_volatility,false,false,none,-3.7356999999999996,0.0,1.2199200000000001,4.95562,0.6792610646360604,1.0,0.7926106463606036,true,moderate,-0.6507000000000001,2.4126,158.0888290713324,-18.448583822403677,216.4737550471063,false,电气设备,true,inf,true,falling,false,false,0.0,0.8035780716881546,1.0,电气设备,-5.0,-2.0,3.0,0.3,0.5,0.4092765632662472,0.5795482770621818,0.8910667931514752,false,false,0.20599031207920782,0.10643249092198437,,,,,,,0.6492985971943889,1,0.0,single_year_drop,0.7718161194449883,false,decreasing_vol,2.0,中度恶化-10分; 周期回落期-3分(景气下行趋势); 趋势不可靠-2分(Bootstrap CI过宽: 1.940),"","",0,0
002340.SZ,格林美,小金属,4.770505,-0.007932785644208585,-0.06383000000000001,0.0035247456200282823,0.9244527485184627,0.02687158886508767,4.1188,59.7887648186194,-0.014112304044458013,0.0,1.0,good,good,good,false,0,false,0,false,0,false,0,0.2179402101290417,1.0466404239279123,0.4811324290670121,moderate,false,false,none,2.1164000000000005,0.0,-0.6767200000000001,-2.7931200000000005,0.6796575935554822,1.0,0.7965759355548215,true,severe,-0.23459999999999948,-1.6615000000000002,-31.523383597399786,-5.388891441172405,-27.623069377712017,false,小金属,true,1.0,true,falling,true,false,0.0,0.2179402101290417,0.7358804202580834,小金属,-5.0,-2.0,1.6,0.3,0.24,-0.1855481202165914,0.8563319760667035,-0.42247036276119876,false,true,-0.007932785644208585,0.0035247456200282823,,,,,,,0.9507042253521126,2,-0.8049133726782552,sustained_decline,0.21692462782160635,false,stable,40.2112351813806,严重恶化-15分; 周期回落期-3分(景气下行趋势); 加速下滑-0.2分(加速度-0.42); 贝叶斯高置信度恶化-12分(恶化概率95.1%，严重恶化确认); 趋势不可靠-2分(Bootstrap CI过宽: 0.469); 峰值明显下跌-8分(从6.0跌至4.1，跌幅-31.5%),"","",0,0
002350.SZ,北京科锐,电气设备,-0.06601599999999974,-0.13662041122489021,-0.47358000000000006,0.14938069614495836,0.5204376328544351,,2.2263,87.28988576371283,-0.39959450795869755,-0.39999999999999997,0.48333333333333334,has_loss,has_loss,good,true,1,true,1,false,0,true,1,13.138376379086637,5.87784682447578,33.760114444096736,high_volatility,false,false,none,-1.1289,0.0,0.6264999999999998,1.7553999999999998,0.3046418326932044,0.2538028078428741,0.009220431004873452,false,none,11.875,-10.622,128.73728552347683,123.0735746784541,-1091.3387444775506,false,电气设备,true,inf,true,rising,false,false,0.0,13.138376379086637,1.0,电气设备,-5.0,-2.0,3.0,0.3,0.5,0.3390613297202264,0.01950237642432735,0.8524272499252784,false,false,-0.6057822545625768,0.19906870624750928,,,,,,,0.07161803713527852,0,0.0,none,11.663466883830287,true,increasing_vol,24.71011423628717,单年巨幅下滑-15.0分(年跌-1091.3%); 波动率飙升预警-6.7分(近期波动是早期的3.4倍); 趋势不可靠-2分(Bootstrap CI过宽: 1.056); 峰值大幅下跌-15分(从5.5跌至2.2，跌幅-59.2%),cyclical_bottom,"周期底部(mid_up), 近期强势(33.9%)",0,0
002351.SZ,漫步者,IT设备,15.358435,0.04422545881852638,0.7039500000000003,0.1655909319274207,0.4965596555742348,0.04107742033042161,17.1426,123.0,0.041483277960461154,0.6,0.23333333333333334,good,good,good,false,0,false,0,false,0,false,0,0.16044241125707262,2.40767262683281,0.39538971882775836,stable,false,false,none,-1.6919000000000002,0.0,2.9667000000000012,4.658600000000002,0.6076144751508579,0.6453266615011336,0.7662602557421255,false,none,0.12870000000000203,5.8047,52.93330478535492,0.7564403223246995,51.78514077721872,false,IT设备,false,1.344752524711844,true,rising,false,false,0.0,0.16044241125707262,0.30765426563390397,IT设备,-5.0,-2.0,3.0,0.3,0.5,0.2118487790733734,0.7633125091155076,0.3433463697131123,true,false,0.04422545881852638,0.1655909319274207,,,,,,,0.07161803713527852,0,0.0,none,0.1422689163977949,false,stable,0.0,趋势不可靠-2分(Bootstrap CI过宽: 0.391),"high_growth,stable_dividend","优质护城河(高位企稳: 17.1 > 15.0, 稳健斜率=0.04); 稳定分红型(值=17.1,CV=16.0%,稳定)",1,0
002358.SZ,森源电气,电气设备,-1.0200200000000004,1.5070139092417134,4.469399999999999,0.8273683692959843,0.03218273855167617,,3.504,98.0,1.4244366989690214,0.9999999999999999,0.016666666666666666,poor,poor,poor,true,2,false,0,true,2,false,0,3.261379331960163,7.699594782064833,7.353992646685076,high_volatility,false,false,none,7.996099999999999,0.0,0.6847000000000001,-7.311399999999999,0.842285112350185,0.9956399690425332,0.9097624473613062,false,none,0.3111999999999999,1.0582000000000003,64.15253443268061,9.746930593836128,49.573690621193684,false,电气设备,false,1.0,false,rising,false,false,0.0,3.261379331960163,1.0,电气设备,-5.0,-2.0,3.0,0.3,0.5,0.23227967289654802,0.8875908421518458,-2.180490203851087,false,true,1.5070139092417134,0.8273683692959843,,,,,,,0.07161803713527852,0,0.0,none,1.294855225255001,false,decreasing_vol,2.0,趋势不可靠-2分(Bootstrap CI过宽: 2.393),"","",0,0
002364.SZ,中恒电气,电气设备,1.7592130000000001,-0.05435867130421066,-0.030289999999999928,0.002826325486459885,0.9323424145505439,,4.1923,94.86544045608412,0.06924464792268029,0.19999999999999998,0.8166666666666667,has_loss,has_loss,has_loss,true,1,true,1,true,1,true,1,1.5907517988453956,2.812926405898313,3.932477520782673,high_volatility,false,false,none,-2.9168499999999997,0.0,3.4769,6.39375,0.670187330531479,0.702788829651419,0.9990844756633718,false,none,3.2946000000000004,3.6592,251.81242078580485,367.00456722735885,132.5076950932464,false,电气设备,true,inf,true,rising,false,false,0.0,1.5907517988453956,1.0,电气设备,-5.0,-2.0,3.0,0.3,0.5,1.9402636359747738,0.9683974914415974,3.730880912168235,true,false,-0.05435867130421066,0.002826325486459885,,,,,,,0.07161803713527852,0,0.0,none,1.5905212166765597,false,stable,5.134559543915882,周期顶部预警-5分(警惕景气回落); 趋势不可靠-2分(Bootstrap CI过宽: 4.050),"","",0,0
002365.SZ,永安药业,化学制药,3.776513,-0.5033975048706564,-1.46509,0.28373193331441526,0.35538773121339273,,2.8637,50.0,-0.2258732418970983,-0.6,0.23333333333333334,has_loss,has_loss,has_loss,true,1,false,0,true,1,false,0,0.7842993049568201,3.306637241670153,1.8030426656293579,high_volatility,false,false,none,-0.39480000000000004,0.0,-1.7453499999999997,-1.3505499999999997,0.35911804029909666,1.0,0.41483585711088766,false,none,3.8797,-7.4719,-55.64212580740098,381.8602362204725,-115.73754240307316,false,化学制药,false,2.495082030570639,true,rising,false,false,0.0,0.7842993049568201,0.9601170480415413,化学制药,-5.0,-2.0,3.0,0.3,0.5,-0.3948232786278203,0.047511935914454025,-0.38498521499792826,false,false,-0.5033975048706564,0.28373193331441526,,,,,,,0.6067415730337079,0,0.0,none,0.559667883340024,false,increasing_vol,50.0,持续衰退重罚-10.0分(最新<加权); 单年巨幅下滑-15.0分(年跌-115.7%); 波动率飙升预警-8.0分(近期波动是早期的17.2倍); 趋势不可靠-2分(Bootstrap CI过宽: 1.968); 峰值大幅下跌-15分(从6.6跌至2.9，跌幅-56.5%),"","",0,0
002370.SZ,亚太药业,化学制药,-1.221093,0.41329754065871394,1.18029,0.05954624798109272,0.6924144342045941,,4.1479,98.0,0.6456179214382372,0.19999999999999998,0.8166666666666667,poor,poor,poor,true,2,false,0,true,2,false,0,4.71197686957843,7.422211725422551,10.61129521705456,high_volatility,false,false,none,-16.7147,0.0,5.64582,22.36052,0.7192363645891623,1.0,0.9578318485362908,false,none,2.3696,8.856300000000001,158.60271263068663,133.25085756059158,125.12432890647077,false,化学制药,false,1.0,false,rising,false,false,0.0,4.71197686957843,1.0,化学制药,-5.0,-2.0,3.0,0.3,0.5,2.392532466540146,0.8699250301720733,4.875836470284577,true,false,0.41329754065871394,0.05954624798109272,,,,,,,0.07161803713527852,0,0.0,none,4.560601019192568,false,decreasing_vol,2.0,趋势不可靠-2分(Bootstrap CI过宽: 5.518),"","",0,0
002371.SZ,北方华创,半导体,12.599581,0.19584148763861753,2.2810699999999997,0.9844261557518248,0.0008287508587193045,0.20325005503348836,16.4347,115.0,0.2005723061150873,0.9999999999999999,0.016666666666666666,good,good,good,false,0,false,0,false,0,false,0,0.30521261182392295,3.636687625161116,0.7212851419104577,ultra_stable,false,false,none,1.1351000000000004,0.0,2.52471,1.3896099999999993,0.6991427353079753,1.0,0.9914273530797529,false,none,1.8370999999999995,2.8695000000000004,40.13096750539303,12.584945470488297,24.466878693053438,false,半导体,false,1.0,false,rising,false,false,0.0,0.30521261182392295,0.37750342279247173,半导体,-5.0,-2.0,3.0,0.3,0.5,0.16825948834207338,0.9714418948500643,-0.031974568112859786,false,false,0.19584148763861753,0.9844261557518248,,,,,,,0.07161803713527852,0,0.0,none,0.03912211841337036,false,stable,0.0,"",high_growth,"优质护城河(高位企稳: 16.4 > 15.0, 稳健斜率=0.20)",1,0
002376.SZ,新北洋,IT设备,2.57426,-0.18732001421551076,-0.7136,0.05682295647303029,0.6993900738441952,,3.0534,90.0,-0.18682492731090106,-0.39999999999999997,0.48333333333333334,has_loss,has_loss,has_loss,true,1,true,1,true,1,true,1,0.8541227171850139,2.3815845372356614,2.223867964451968,high_volatility,false,false,none,-3.10045,0.0,1.9069999999999998,5.0074499999999995,0.683156417393578,0.8839744143321835,0.947589759603596,false,none,1.1301999999999999,2.6838,501.44622666316064,58.76663893510815,352.8530107809624,false,IT设备,false,1.0,false,rising,false,false,0.0,0.8541227171850139,0.8166315070813445,IT设备,-5.0,-2.0,3.0,0.3,0.5,1.268402363311421,0.8719358603773629,2.8168667560992473,true,false,-0.18732001421551076,0.05682295647303029,,,,,,,0.07161803713527852,0,0.0,none,0.7521863573743666,false,decreasing_vol,10.0,趋势不可靠-2分(Bootstrap CI过宽: 3.095); 峰值明显下跌-8分(从5.4跌至3.1，跌幅-43.9%),"","",0,0
002378.SZ,章源钨业,小金属,6.088343,0.04811787166115718,0.18420999999999996,0.07406528069410662,0.6578148928684371,0.1126849755065018,5.9001,96.76461690316705,0.0627232859997097,0.19999999999999998,0.8166666666666667,good,good,good,false,0,false,0,false,0,false,0,0.26598162008334864,1.6046883924924489,0.6364245128524733,moderate,false,false,none,3.6443,0.0,-0.7235199999999999,-4.36782,0.6603306546151798,1.0,0.6033065461517981,false,none,0.6663000000000006,-2.455,-23.263708250962434,12.73071191103979,-31.929559879304964,false,小金属,true,1.4690664526730102,true,rising,true,false,0.0,0.26598162008334864,0.9726831759686003,小金属,-5.0,-2.0,1.6,0.3,0.24,-0.1309461276620747,0.4536952767049467,-0.47076619366588623,false,true,0.04811787166115718,0.07406528069410662,,,,,,,0.435483870967742,0,0.0,none,0.26156359110305966,false,stable,3.235383096832943,单年巨幅下滑-15.0分(年跌-31.9%); 加速下滑-0.2分(加速度-0.47); 趋势不可靠-2分(Bootstrap CI过宽: 0.587),"","",0,0
002380.SZ,科远智慧,软件服务,1.0550549999999994,0.3701373690818807,2.24865,0.4285711162400923,0.23058409484128353,,12.5529,108.0,0.277582549906893,0.39999999999999997,0.48333333333333334,has_loss,has_loss,good,true,1,false,0,false,0,false,0,40.18005444519178,15.286903514217652,101.00378489197296,high_volatility,false,false,none,-15.56345,0.0,19.213949999999997,34.7774,0.6669340435723776,0.8492908004204447,0.8200496353033311,false,none,3.6243999999999996,34.8035,148.5136231884058,40.59360474883798,134.5062801932367,false,软件服务,false,1.0,false,rising,false,false,0.0,40.18005444519178,1.0,软件服务,-5.0,-2.0,3.0,0.3,0.5,3.5857396516283315,0.7853870809977267,6.739478478946754,true,false,0.3701373690818807,0.03937248374319166,,,,,,,0.07161803713527852,0,0.0,none,39.07820772752664,false,stable,2.0,趋势不可靠-2分(Bootstrap CI过宽: 1.175),turnaround,扭亏为盈(曾亏损1年 -> 最新12.6),0,1
002399.SZ,海普瑞,化学制药,2.562538,-0.04339105246586668,-0.4336500000000001,0.024454636955052973,0.8017056004457594,,4.2538,84.77796257796258,-0.18429299426988277,-0.39999999999999997,0.48333333333333334,has_loss,has_loss,good,true,1,false,0,false,0,false,0,1.4892277774762432,4.395545138887781,3.968274404043963,high_volatility,false,false,none,-5.485200000000001,0.0,-0.2573600000000001,5.2278400000000005,0.38999164159595023,1.0,0.0066239488630937095,false,none,8.342600000000001,-8.9192,-11.936899635640941,204.03541381334378,-184.64723418350445,false,化学制药,true,inf,true,rising,false,false,0.0,1.4892277774762432,1.0,化学制药,-5.0,-2.0,3.0,0.3,0.5,-0.06206232108063369,0.0006151984075678858,0.16297423091899876,false,false,-0.4768378232451402,0.1472689754524715,,,,,,,0.2783505154639176,0,0.0,none,1.317288530040195,false,increasing_vol,15.22203742203742,单年巨幅下滑-15.0分(年跌-184.6%); 波动率飙升预警-4.2分(近期波动是早期的2.1倍); 趋势不可靠-2分(Bootstrap CI过宽: 0.785); 峰值明显下跌-8分(从7.6跌至4.3，跌幅-44.2%),"","",0,0
002409.SZ,雅克科技,半导体,6.945565,-0.019856592825501142,-0.16255000000000017,0.050778300311980565,0.7155346710370054,-0.027353146175682186,7.4912,100.0,-0.008368640486907275,0.0,1.0,good,good,good,false,0,false,0,false,0,false,0,0.14111220669319152,0.9915728984799859,0.33877247809826333,stable,false,false,none,-2.3805000000000005,0.0,0.3465299999999999,2.7270300000000005,0.6357936928707704,1.0,0.3579369287077039,false,none,1.3693,-1.0395000000000003,4.60524478453933,22.36723892909064,-14.51531823386489,false,半导体,false,1.1825785410560212,true,rising,false,false,0.0,0.14111220669319152,0.2705669041620227,半导体,-5.0,-2.0,3.0,0.3,0.5,0.02230476233232137,0.04529140569746882,0.09963998010043684,false,false,-0.019856592825501142,0.050778300311980565,,,,,,,0.13366336633663367,0,0.0,none,0.1362895695231173,false,stable,0.0,"","","",0,0
002415.SZ,海康威视,IT设备,17.652809,-0.15352534942464616,-2.7859700000000007,0.8546817106445381,0.024624058710706328,-0.1282442556962342,13.0734,34.92949301150708,-0.14926031525800304,-0.7999999999999999,0.08333333333333333,good,good,good,false,0,false,0,false,0,false,0,0.2633227812372007,4.86846957318211,0.6203660634120485,ultra_stable,false,false,none,1.9065999999999974,0.0,-3.49799,-5.404589999999997,0.5309098041540261,1.0,0.8346289308995226,true,moderate,-2.7362,-0.570800000000002,-20.188762179189776,-17.307205748406034,-3.4846523894410506,false,IT设备,false,1.0,true,falling,false,false,0.0,0.2633227812372007,0.3439915583230939,IT设备,-5.0,-2.0,3.0,0.3,0.5,-0.11248838615340005,0.8646432517243495,0.04902923880613731,false,false,-0.15352534942464616,0.8546817106445381,,,,,,,0.9932937344318835,1,3.966695042767857,single_year_drop,0.11213090653554385,false,decreasing_vol,65.07050698849292,复合恶化-14.0分(触发2项恶化信号); 轻度衰退-3.1分(log斜率-0.154); 中度恶化-10分; 持续衰退重罚-10.0分(最新<加权); 贝叶斯恶化预警-8分(恶化概率99.3%); 峰值明显下跌-8分(从24.5跌至13.1，跌幅-46.7%); 智能连续下跌-12分(3年实质性下跌，累计跌幅-42.2%),"","",0,0
002422.SZ,科伦药业,化学制药,8.235942,0.24130822208696104,1.8029400000000004,0.9240810706104021,0.009088829870253456,0.23721592445708972,11.2101,100.0,0.24040337471481682,0.7999999999999999,0.08333333333333333,good,good,good,false,0,false,0,false,0,false,0,0.38153648402579043,2.935946136767499,0.8381091245552342,ultra_stable,false,false,none,-0.023600000000000065,0.0,2.1505500000000004,2.1741500000000005,0.6967982788177893,1.0,0.9679827881778937,false,none,1.2713,2.1576000000000004,44.06646789698247,12.791282649816878,27.72837094535548,false,化学制药,false,1.0,false,rising,false,false,0.0,0.38153648402579043,0.4385625205539657,化学制药,-5.0,-2.0,3.0,0.3,0.5,0.18149219833544983,0.9629498417937531,-0.05836117686844111,false,true,0.24130822208696104,0.9240810706104021,,,,,,,0.07161803713527852,0,0.0,none,0.09127308186239189,false,stable,0.0,"","","",0,0
002428.SZ,云南锗业,小金属,1.466939,0.02193750891904689,0.11432999999999999,0.012323749523345676,0.8589454985472604,,3.4831,98.0,-0.0538143335178243,0.0,1.0,has_loss,has_loss,good,true,1,false,0,false,0,false,0,1.5442386797096446,2.212338102099225,4.016919812374358,high_volatility,false,false,none,-2.4050000000000002,0.0,2.8773999999999997,5.2824,0.6799879681713389,0.8207656672231076,0.9791140144902809,false,none,2.1494999999999997,3.6052999999999997,253.32570321785445,161.18026394721053,158.70493463045295,false,小金属,true,1.0,false,rising,true,false,0.0,1.5442386797096446,1.0,小金属,-5.0,-2.0,1.6,0.3,0.24,1.7600015676571281,0.920199870551641,3.3701506067620093,true,false,0.02193750891904689,0.0005924989561081336,,,,,,,0.07161803713527852,0,0.0,none,1.5390748896634336,false,stable,2.0,周期顶部预警-5分(警惕景气回落); 趋势不可靠-2分(Bootstrap CI过宽: 0.419),"","",0,0
002437.SZ,誉衡药业,化学制药,4.784098,0.05559066543417371,0.11446000000000006,0.0013182500705514611,0.9537817419791002,,11.115,108.0,0.16428929068005166,0.0,1.0,has_loss,has_loss,has_loss,true,1,false,0,true,1,false,0,1.6215460227925549,7.7019544372191655,4.001591659368052,high_volatility,false,false,none,-9.5033,0.0,9.113700000000001,18.617,0.7348907065928605,0.9998755997678678,0.9587033935736986,false,none,5.8375,12.3899,256.2763624093133,110.61108479393653,174.20139474720207,false,化学制药,false,1.0,false,rising,false,false,0.0,1.6215460227925549,1.0,化学制药,-5.0,-2.0,3.0,0.3,0.5,2.88167646692247,0.8442655663503001,5.79710310330443,true,false,0.05559066543417371,0.0013182500705514611,,,,,,,0.07161803713527852,0,0.0,none,1.6210983044936302,false,stable,2.0,趋势不可靠-2分(Bootstrap CI过宽: 6.263),turnaround,扭亏为盈(曾亏损1年 -> 最新11.1),0,1
002451.SZ,摩恩电气,电气设备,2.62061,0.004194198430306018,0.012460000000000006,0.06264935703473279,0.6846696195151474,0.1592578662253663,2.8246,98.0,0.03624538774925451,0.6,0.23333333333333334,good,good,good,false,0,false,0,false,0,false,0,0.21107740941832165,0.5270096327392888,0.504894343068617,stable,false,false,none,1.1983000000000001,0.0,0.029020000000000046,-1.16928,0.6733299037507152,1.0,0.17990966922152385,false,none,0.10650000000000004,0.10330000000000039,8.02355820712867,3.918178139141313,3.950588955178232,false,电气设备,false,1.0564096680434452,true,rising,false,false,0.0,0.21107740941832165,0.30971654994045006,电气设备,-5.0,-2.0,3.0,0.3,0.5,0.03621389807233799,0.9999989918523121,-0.19343372126289005,false,true,0.10482931050010501,0.5433210077949922,,,,,,,0.13366336633663367,0,0.0,none,0.14123675061416402,true,decreasing_vol,2.0,波动聚集提示-2分(大波动后可能跟着大波动),"","",0,0
002452.SZ,长高电新,电气设备,8.074621,-0.062334845580440404,-0.59673,0.01953615015269336,0.8226182058151307,-0.026936611061679105,9.966,108.0,-0.02897843475722591,-0.39999999999999997,0.48333333333333334,good,good,good,false,0,false,0,false,0,false,0,0.46372025247506116,3.827380024638264,1.106457272185363,volatile,false,false,none,-4.5661499999999995,0.0,3.991049999999999,8.557199999999998,0.6731130069224639,0.7649162839901698,0.9662137852344691,false,none,2.6983999999999995,5.2837,402.34386813851495,37.129176069128725,266.3289480316548,false,电气设备,false,1.0,false,rising,false,false,0.0,0.46372025247506116,0.5043095353133823,电气设备,-5.0,-2.0,3.0,0.3,0.5,0.7792110261429738,0.8936241559959328,1.612788853175165,true,false,-0.062334845580440404,0.01953615015269336,,,,,,,0.07161803713527852,0,0.0,none,0.4494091737796915,false,stable,2.0,趋势不可靠-2分(Bootstrap CI过宽: 1.778),turnaround,"底部强力反转(曾跌402%, 近期斜率0.78)",0,1
002456.SZ,欧菲光,元器件,-8.462396,1.284472320439642,2.94028,0.8360158406542333,0.02970626002173662,,3.1232,98.0,1.1358570106673729,0.39999999999999997,0.48333333333333334,poor,poor,poor,true,3,false,0,true,3,false,0,1.6855906205156705,15.750967841596275,4.131701282468366,high_volatility,false,false,none,-15.331099999999998,0.0,19.304299999999998,34.6354,0.6676513886975051,0.9044523699541307,0.7720615170209205,false,none,1.1367000000000003,37.4719,108.80136619567485,57.221243392902096,105.598076955593,false,元器件,false,1.0,false,rising,false,false,0.0,1.6855906205156705,1.0,元器件,-5.0,-2.0,3.0,0.3,0.5,3.059584554706849,0.8011123503513224,4.052236986025285,true,false,1.2844723204396418,0.5396850496803723,,,,,,,0.07161803713527852,0,0.0,none,1.6104960588661243,false,stable,2.0,趋势不可靠-2分(Bootstrap CI过宽: 1.965),"","",0,0
002463.SZ,沪电股份,元器件,15.135595,-0.020542786614483877,-0.41096999999999984,0.022624586716930503,0.8092106606226143,-0.029526994524113448,17.812,100.0,-0.006462293199103242,0.0,1.0,good,good,good,false,0,false,0,false,0,false,0,0.22333288294508347,3.426167623891161,0.5056749589989753,moderate,false,false,none,-7.7576,0.0,1.5478700000000003,9.30547,0.6634692677607158,1.0,0.6346926776071578,false,none,5.061200000000001,-0.9879999999999995,29.647421900020394,39.6931957210528,-7.191312196116106,false,元器件,false,1.0958646241709507,true,rising,false,false,0.0,0.22333288294508347,0.32478158957886016,元器件,-5.0,-2.0,3.0,0.3,0.5,0.12955682136669244,0.5475711382664425,0.31897320718286015,true,false,-0.020542786614483877,0.022624586716930503,,,,,,,0.07161803713527852,0,0.0,none,0.21927943232711355,false,decreasing_vol,0.0,趋势不可靠-2分(Bootstrap CI过宽: 0.362),"","",0,0
002475.SZ,立讯精密,元器件,14.131898000000001,-0.042143060575248595,-0.5393899999999997,0.5326541562235643,0.16156657543210615,-0.14535506180731494,11.5091,45.0,-0.094905812421473,-0.9999999999999999,0.016666666666666666,good,good,good,false,0,false,0,false,0,false,0,0.2681867541558434,3.9688528648716614,0.6800060004703071,stable,false,true,improving,-6.966999999999999,0.0,-1.0594999999999997,5.907499999999999,0.9647675864384968,1.0,0.9923835134835135,true,severe,-0.9915000000000003,-1.306099999999999,-16.641195941101056,-7.931619282274453,-9.45989990366995,false,元器件,false,1.0,false,falling,false,false,0.0,0.2681867541558434,0.34788273665800806,元器件,-5.0,-2.0,3.0,0.3,0.5,-0.09072140395879158,0.997171493313945,0.1320229017690957,true,false,-0.14090514041386465,0.846394496190681,,,,,,,0.9872029250457038,4,-0.1615535721263396,chronic_decline,0.12452332063821325,false,decreasing_vol,55.0,"严重恶化-15分; 贝叶斯高置信度恶化-12分(恶化概率98.7%，严重恶化确认); 趋势不确定预警-4分(Bootstrap CI跨零: [-0.092, 0.036]); 峰值明显下跌-8分(从21.6跌至11.5，跌幅-46.6%); 智能连续下跌-16分(4年实质性下跌，累计跌幅-46.6%)","","",0,0
002479.SZ,富春环保,新型电力,5.663505,-0.006973223029331921,-0.03798999999999993,0.029326312731867057,0.7830291191274673,0.010257570509686342,5.7876,92.95893501805054,-0.0011622415539138675,0.0,1.0,good,good,good,false,0,false,0,false,0,false,0,0.06383241546849532,0.3627277008997246,0.15591728992520898,ultra_stable,false,false,none,0.4001000000000001,0.0,-0.13917999999999991,-0.53928,0.32700848039940833,1.0,0.1912949216488709,false,none,0.6743000000000006,-0.8860000000000001,-3.528745020252355,13.187178534410277,-14.76838964545864,false,新型电力,false,1.1732736197758786,true,rising,false,false,0.0,0.06383241546849532,0.2075024150115801,新型电力,-5.0,-2.0,3.0,0.3,0.5,-0.017709288616303942,0.04609531933139159,-0.055518985176313596,false,false,-0.006973223029331921,0.029326312731867057,,,,,,,0.2783505154639176,0,0.0,none,0.06295108871063584,false,increasing_vol,7.041064981949461,波动率飙升预警-7.0分(近期波动是早期的3.5倍),"","",0,0
002483.SZ,润邦股份,专用机械,6.968895,0.055070073776644836,0.7380500000000001,0.01947648779106026,0.8228874928414518,0.16379515579325843,12.4163,108.0,0.14711528904560056,0.19999999999999998,0.8166666666666667,good,good,good,false,0,false,0,false,0,false,0,0.5735905830592553,3.870290987380664,1.4907343185900512,volatile,false,false,none,-2.2054,0.0,5.02935,7.23475,0.6422729706062192,0.5447217306091281,0.8780079754530642,false,none,8.276399999999999,1.7822999999999998,426.64998303359346,199.91787241237708,75.59806582965727,false,专用机械,true,3.416694944010858,true,rising,false,false,0.0,0.5735905830592553,0.9144317923155186,专用机械,-5.0,-2.0,3.0,0.3,0.5,0.8103843385027573,0.9629576810228639,1.3192936379532978,true,false,0.055070073776644836,0.01947648779106026,,,,,,,0.07161803713527852,0,0.0,none,0.5468960904634099,false,stable,2.0,周期顶部预警-5分(警惕景气回落); 趋势不可靠-2分(Bootstrap CI过宽: 1.404),turnaround,"底部强力反转(曾跌427%, 近期斜率0.81)",0,1
002484.SZ,江海股份,元器件,11.67631,0.047016475513383726,0.5124199999999999,0.2564400132495685,0.38396137628454485,0.029566119683674508,10.9104,72.8616205684405,0.03329626437482691,0.39999999999999997,0.48333333333333334,good,good,good,false,0,false,0,false,0,false,0,0.14909027053903934,1.702625798582883,0.33960298070945083,stable,false,false,none,1.9391499999999997,0.0,-1.3390000000000004,-3.27815,0.6766812851801303,0.821569980424022,0.9452428713772809,true,severe,-1.8972000000000016,-0.7807999999999993,-19.707986223543617,-14.813079733908003,-5.746077536722493,false,元器件,false,1.0,true,falling,false,false,0.0,0.14909027053903934,0.25260554976456484,元器件,-5.0,-2.0,3.0,0.3,0.5,-0.1093788153512818,0.9339762846211983,-0.27675886311899456,false,true,0.047016475513383726,0.2564400132495685,,,,,,,0.9916472317657244,2,1.577946371109576,accelerating_decline,0.13112823608779905,false,stable,27.1383794315595,严重恶化-15分; 加速下滑-0.1分(加速度-0.28); 贝叶斯高置信度恶化-12分(恶化概率99.2%，严重恶化确认),"","",0,0
002498.SZ,汉缆股份,电气设备,9.32888,-0.1171191597560891,-1.0832,0.7130420119735484,0.07192305772292168,-0.0994137517412762,6.9603,27.67872,-0.166967234880798,-0.7999999999999999,0.08333333333333333,good,good,good,false,0,false,0,false,0,false,0,0.2090997489198176,2.0639148897180815,0.5541979721350937,ultra_stable,false,true,growth_to_decline,1.8495000000000008,0.0,-1.81114,-3.660640000000001,0.9462989772832001,1.0,0.9995861847377968,true,severe,-1.8796,-1.7007999999999992,-33.96738357035111,-21.262683967013203,-16.13555076987296,false,电气设备,false,1.0,true,falling,false,false,0.0,0.2090997489198176,0.3006131324691874,电气设备,-5.0,-2.0,3.0,0.3,0.5,-0.2060715007511298,0.9924917165982716,-0.20417200463384177,false,false,-0.1171191597560891,0.7130420119735484,,,,,,,0.9967697277341947,3,0.317753838729399,chronic_decline,0.11668240719997998,false,stable,72.32128,"复合恶化-14.0分(触发2项恶化信号); 严重恶化-15分; 增长转衰退-7.3分(斜率变化-3.66); 贝叶斯高置信度恶化-12分(恶化概率99.7%，严重恶化确认); 趋势不确定预警-4分(Bootstrap CI跨零: [-0.206, 0.021]); 峰值明显下跌-8分(从12.4跌至7.0，跌幅-44.0%); 智能连续下跌-12分(3年实质性下跌，累计跌幅-34.2%)","","",0,0
002506.SZ,协鑫集成,电气设备,-6.600277000000001,1.850545359937398,10.210210000000002,0.7392226306203039,0.06168706401213182,,3.4409,46.0,1.7665268507802137,0.39999999999999997,0.48333333333333334,poor,poor,poor,true,2,false,0,true,2,false,0,1.9504326714238467,18.847694051076914,3.7253268538621223,high_volatility,false,false,none,16.70805,0.0,-0.1822999999999999,-16.89035,0.4873585875327715,0.7194081379392475,0.04839846785299668,true,severe,-1.5823999999999998,1.2178,-9.58086979371961,-31.501204387553994,32.00105111023518,false,电气设备,true,inf,true,falling,false,false,0.0,1.9504326714238467,1.0,电气设备,-5.0,-2.0,3.0,0.3,0.5,-0.04853526509611172,0.064897158950257,-3.1125310487322637,false,false,1.850545359937398,0.7392226306203039,,,,,,,0.9487554904831625,1,0.0,cliff_drop,1.0065881643281853,false,decreasing_vol,54.0,"严重恶化-15分; 单年巨幅下滑-15.0分(年跌-31.5%); 周期回落期-3分(景气下行趋势); 贝叶斯高置信度恶化-12分(恶化概率94.9%，严重恶化确认); 趋势不确定预警-4分(Bootstrap CI跨零: [-0.049, 3.643]); 峰值明显下跌-8分(从5.0跌至3.4，跌幅-31.5%)","","",0,0
002530.SZ,金财互联,专用机械,-11.630989000000003,0.9074269767376887,3.21716,0.6471919490533203,0.10068087293195281,,0.9187,96.0,1.134461884772249,0.9999999999999999,0.016666666666666666,poor,poor,poor,true,4,true,1,true,4,true,1,1.1070647943046414,16.003750807763783,2.8307791494477734,volatile,false,false,none,24.817500000000003,0.0,6.0600000000000005,-18.7575,0.6879971656146406,1.0,0.8799716561464066,false,none,3.7802,12.2871,106.06458682650542,132.10553905294427,81.11046565359176,false,专用机械,false,1.0,false,rising,false,false,0.0,1.1070647943046414,1.0,专用机械,-5.0,-2.0,3.0,0.3,0.5,2.1174225062141354,0.9832282498191293,1.6323638168946486,true,false,1.20507873878981,0.8666793677775024,,,,,,,0.07161803713527852,0,0.0,none,0.40590743263404594,false,decreasing_vol,4.0,"趋势不确定预警-4分(Bootstrap CI跨零: [-0.296, 2.117])","","",0,0
002533.SZ,金杯电工,电气设备,10.885075,0.14050144653396246,1.40543,0.9335418139044914,0.007421657941625688,0.138020096553932,12.4637,100.0,0.12975958262631548,0.7999999999999999,0.08333333333333333,good,good,good,false,0,false,0,false,0,false,0,0.22751881920090516,2.3166785238785286,0.5141440687620552,ultra_stable,false,false,none,1.2463000000000006,0.0,1.4351799999999995,0.18887999999999883,0.22613846668256282,1.0,0.8578310621511742,false,none,-0.20250000000000057,2.9925999999999995,28.84241647370161,-1.5987431115883262,30.93574263976182,false,电气设备,false,1.0,true,falling,false,false,0.0,0.22751881920090516,0.31534838869405746,电气设备,-5.0,-2.0,3.0,0.3,0.5,0.12618222307930527,0.7024353900313631,-0.004769812729346956,false,false,0.14050144653396246,0.9335418139044914,,,,,,,0.16167664670658682,0,0.0,none,0.0643187372318078,false,stable,0.0,"","","",0,0
002534.SZ,西子洁能,专用机械,6.7391570000000005,-0.2961559858644251,-2.23001,0.3465029245706046,0.2963840582904275,-0.1612990244434085,7.3869,68.0,-0.579564882676742,-0.6,0.23333333333333334,good,good,good,false,0,false,0,false,0,false,0,0.683633151959806,5.064463771022556,1.7781068443446146,volatile,false,false,none,-5.4666,0.0,1.6954999999999998,7.1621,0.685507469708292,0.9973268196312244,0.3577478774516952,false,none,5.6303,-2.2393,84.86198353312146,320.5226004781965,-56.03994093946295,false,专用机械,false,1.0,false,rising,false,false,0.0,0.683633151959806,0.6802398549011781,专用机械,-5.0,-2.0,3.0,0.3,0.5,0.30184404199540604,0.1937784308928282,0.9537748644446848,false,false,-0.2961559858644251,0.3465029245706046,,,,,,,0.07161803713527852,0,0.0,none,0.4907346860715411,false,stable,32.0,单年巨幅下滑-15.0分(年跌-56.0%); 趋势不可靠-2分(Bootstrap CI过宽: 1.085); 峰值大幅下跌-15分(从14.9跌至7.4，跌幅-50.5%),"","",0,0
002546.SZ,新联电子,电气设备,4.344191,-0.07644665738534205,-0.07163000000000022,0.009527156586824423,0.8759203290251347,,8.0154,104.37363945035263,0.07033829211953319,0.19999999999999998,0.8166666666666667,has_loss,has_loss,has_loss,true,1,true,1,true,1,true,1,0.8040882628773659,3.510392047478458,1.8663530080079165,high_volatility,false,false,none,-2.9474500000000003,0.0,4.07395,7.0214,0.6524484748391123,0.6329357231876583,0.8915490252034648,false,none,6.535,1.6129,6149.358490566037,441.4347473655769,1217.2830188679245,false,电气设备,true,inf,true,rising,false,false,0.0,0.8040882628773659,1.0,电气设备,-5.0,-2.0,3.0,0.3,0.5,1.4552479692431102,0.9969554276741927,2.7472789007052443,true,false,-0.07644665738534205,0.009527156586824423,,,,,,,0.07161803713527852,0,0.0,none,0.803669656871462,false,stable,5.626360549647378,周期顶部预警-5分(警惕景气回落); 趋势不可靠-2分(Bootstrap CI过宽: 2.927),turnaround,扭亏为盈(曾亏损1年 -> 最新8.0),0,1
002550.SZ,千红制药,生物制药,8.115331000000001,0.013067871675944965,0.24609999999999996,0.005429079254252131,0.9062697574796938,,12.8684,83.0,0.5332558001917611,0.39999999999999997,0.48333333333333334,has_loss,has_loss,good,true,1,false,0,false,0,false,0,1.1865793078522167,8.280140262882025,2.9302996778520414,high_volatility,false,false,none,15.6079,0.0,0.6078599999999998,-15.00004,0.6559385581766688,1.0,0.05938558176668717,false,none,5.9967999999999995,-6.608099999999999,-4.534967395416812,87.26934047383432,-49.02260436063116,false,生物制药,false,1.961653763315676,true,rising,false,false,0.0,1.1865793078522167,1.0,生物制药,-5.0,-2.0,3.0,0.3,0.5,-0.023138454355000393,0.003824956438782662,-2.990811958621377,false,false,1.1551112732580688,0.5169778754452266,,,,,,,0.2783505154639176,0,0.0,none,0.818713515068219,false,decreasing_vol,17.0,单年巨幅下滑-15.0分(年跌-49.0%); 趋势不可靠-2分(Bootstrap CI过宽: 0.508),"","",0,0
002552.SZ,宝鼎科技,元器件,3.2276670000000003,0.5775411019243675,1.9070900000000002,0.29299483156479567,0.34612363351715686,,7.7705,101.08646337585245,0.5392308215290793,0.39999999999999997,0.48333333333333334,has_loss,has_loss,has_loss,true,1,true,2,true,1,true,2,1.5254393286779384,4.050865154877412,3.6839964752931613,high_volatility,false,false,none,-1.41505,0.0,4.891500000000001,6.3065500000000005,0.6647973058641783,0.7630079232582873,0.8849651353834951,false,none,1.8369,7.9461,486.111801242236,30.9575974113523,394.83726708074533,false,元器件,false,1.0,false,rising,false,false,0.0,1.5254393286779384,1.0,元器件,-5.0,-2.0,3.0,0.3,0.5,2.0984041604451207,0.7974727976784702,3.196186329743129,true,false,0.5775411019243675,0.29299483156479567,,,,,,,0.07161803713527852,0,0.0,none,1.0186254108820154,false,increasing_vol,8.913536624147557,波动率飙升预警-6.9分(近期波动是早期的3.5倍); 趋势不可靠-2分(Bootstrap CI过宽: 3.576),turnaround,扭亏为盈(曾亏损1年 -> 最新7.8),0,1
002576.SZ,通达动力,电气设备,6.919158,-0.14742978860852257,-1.0721399999999999,0.6777762203939116,0.08678239333403773,-0.13360339259302545,5.1126,74.0,-0.155858392754113,-0.6,0.23333333333333334,good,good,good,false,0,false,0,false,0,false,0,0.283662589642439,2.0539440790829726,0.6274030493868081,stable,false,false,none,0.5820000000000007,0.0,-1.2279300000000002,-1.809930000000001,0.38203051596709275,1.0,0.5947386147134395,true,moderate,-1.7433000000000005,1.3494000000000002,-7.153364205938444,-25.42773377674704,24.50558430945247,false,电气设备,false,1.4992645055843097,true,falling,false,false,0.0,0.283662589642439,0.4268320057918592,电气设备,-5.0,-2.0,3.0,0.3,0.5,-0.03646797741900043,0.05876974552780162,0.210685483518257,false,false,-0.14742978860852257,0.6777762203939116,,,,,,,0.9025069637883009,1,0.0,single_year_drop,0.16016613225495938,false,decreasing_vol,26.0,中度恶化-10分; 贝叶斯恶化预警-8分(恶化概率90.3%); 峰值明显下跌-8分(从9.7跌至5.1，跌幅-47.0%),"","",0,0
002577.SZ,雷柏科技,IT设备,2.866827,-0.13400916044219208,-0.42251000000000005,0.7017002153038294,0.07656713280683268,-0.09670613611495171,2.5637,77.0,-0.12041980106816555,-0.7999999999999999,0.08333333333333333,good,good,good,false,0,false,0,false,0,false,0,0.25623137394676004,0.767049116419542,0.6234675538986765,stable,false,false,none,-0.45854999999999996,0.0,-0.18500000000000005,0.2735499999999999,0.28382132336502613,0.914371329575401,0.14949125146038805,false,none,0.5792999999999999,-0.9493,-12.612059856154348,29.192703084055633,-32.358455193100866,false,IT设备,false,1.0,false,rising,false,false,0.0,0.25623137394676004,0.33831843249074134,IT设备,-5.0,-2.0,3.0,0.3,0.5,-0.06331852310038288,0.11977020099716491,0.06698491906746895,false,false,-0.13400916044219208,0.7017002153038294,,,,,,,0.2783505154639176,0,0.0,none,0.12591339458548068,false,increasing_vol,23.0,单年巨幅下滑-15.0分(年跌-32.4%); 峰值明显下跌-8分(从3.9跌至2.6，跌幅-33.4%),"","",0,0
002580.SZ,圣阳股份,电气设备,5.511316000000001,0.3638412242417909,1.56572,0.7245792297416673,0.06732922406498089,0.3373341794311475,7.2138,98.0,0.33274527366280227,0.6,0.23333333333333334,good,good,good,false,0,false,0,false,0,false,0,0.5578829040165828,2.8126224488900036,1.1385671215487148,moderate,false,false,none,2.1488,0.0,0.3304499999999999,-1.8183500000000001,0.4633252958106381,0.6583393356868547,0.49358261747329957,false,none,-0.24929999999999986,0.9101999999999997,10.085610950876708,-3.340434939904328,13.890033420317716,false,电气设备,true,4.33170816646352,true,falling,false,false,0.0,0.5578829040165828,1.0,电气设备,-5.0,-2.0,3.0,0.3,0.5,0.047543093988386076,0.5069710872267561,-0.4657160650450908,false,true,0.3638412242417909,0.7245792297416673,,,,,,,0.16167664670658682,0,0.0,none,0.26479111345306566,false,decreasing_vol,2.0,周期回落期-3分(景气下行趋势); 趋势不可靠-2分(Bootstrap CI过宽: 0.743),"","",0,0
002594.SZ,比亚迪,汽车整车,12.921156,0.3568234692766185,3.79272,0.7163626612777695,0.0705874165119359,0.2969762237556246,18.6421,115.0,0.3142934809520749,0.7999999999999999,0.08333333333333333,good,good,good,false,0,false,0,false,0,false,0,0.5556644078065188,6.547582643082865,1.250876237128013,moderate,false,false,none,-2.6855999999999995,0.0,4.98787,7.67347,0.6487337163708682,1.0,0.9030663701685266,false,none,0.9200999999999979,5.6602000000000015,54.55487572335803,5.191851935447454,46.92666102903382,false,汽车整车,false,1.0,false,rising,false,false,0.0,0.5556644078065188,0.5778648595785484,汽车整车,-5.0,-2.0,3.0,0.3,0.5,0.21719183383163962,0.8359436173532294,-0.08319144897878286,false,false,0.3568234692766185,0.7163626612777695,,,,,,,0.07161803713527852,0,0.0,none,0.22306940224356406,false,decreasing_vol,0.0,趋势不可靠-2分(Bootstrap CI过宽: 0.617),high_growth,"优质护城河(高位企稳: 18.6 > 15.0, 稳健斜率=0.31)",1,0
002595.SZ,豪迈科技,专用机械,18.979695,0.06771353652947557,1.2759899999999995,0.80652241145644,0.03846436679494463,0.06274534561993717,21.4927,124.0,0.06764920928390111,0.7999999999999999,0.08333333333333333,good,good,good,false,0,false,0,false,0,false,0,0.12243582853740037,2.2456812362844363,0.2735733328971686,ultra_stable,false,false,none,0.047750000000000625,0.0,2.274099999999999,2.2263499999999983,0.6003912275125908,0.03701448032796636,0.9668977947979417,false,none,1.545300000000001,3.002899999999997,26.841748059842413,7.746874279354708,17.721974682050202,false,专用机械,false,1.0,false,rising,false,false,0.0,0.12243582853740037,0.23128199616325362,专用机械,-5.0,-2.0,3.0,0.3,0.5,0.11872060690284014,0.9558506853090384,0.11589954843556449,false,false,0.06771353652947557,0.80652241145644,,,,,,,0.02015677491601344,0,0.0,none,0.05377143929905476,false,increasing_vol,9.0,"波动率飙升预警-8.0分(近期波动是早期的5.4倍); 趋势不确定预警-4分(Bootstrap CI跨零: [-0.001, 0.125])","high_growth,stable_dividend,moat_defense","优质护城河(高位企稳: 21.5 > 15.0, 稳健斜率=0.07); 稳定分红型(值=21.5,CV=12.2%,稳定); 强护城河(21.5>15.0,CV=12.2%)",1,0
002600.SZ,领益智造,元器件,7.981243000000001,0.032340649725740314,0.23576999999999995,0.13027040078411414,0.550632057074806,-0.15498366147700415,6.6787,82.0,-0.08582098639188591,-0.19999999999999998,0.8166666666666667,good,good,good,false,0,false,0,false,0,false,0,0.3481018936777508,2.882777984340799,0.8789313909933321,moderate,false,false,none,-7.2788,0.0,0.4075099999999998,7.686310000000001,0.6196168493755518,1.0,0.19616849375551867,true,moderate,-1.9755999999999991,1.4989999999999988,-6.6607968918144635,-22.82795835596177,20.949505960616587,false,元器件,false,1.486993127147766,true,falling,false,false,0.0,0.3481018936777508,0.4767472652285695,元器件,-5.0,-2.0,3.0,0.3,0.5,-0.03410968340246856,0.06570286866793658,0.26652710429260607,false,false,-0.09462087513415295,0.22965441975466308,,,,,,,0.9025069637883009,1,0.0,single_year_drop,0.2909968108033724,false,decreasing_vol,18.0,中度恶化-10分; 贝叶斯恶化预警-8分(恶化概率90.3%); 峰值明显下跌-8分(从13.1跌至6.7，跌幅-49.0%),"","",0,0
002606.SZ,大连电瓷,电气设备,8.924042,0.009697583140920242,0.08291000000000004,0.03146043323481449,0.7753541662047491,0.024685583846445702,10.4232,77.0,-0.04075556567307086,-0.19999999999999998,0.8166666666666667,good,good,good,false,0,false,0,false,0,false,0,0.4073436149582824,3.724415993414269,1.010808055840528,volatile,false,false,none,0.8828500000000004,0.0,-0.39850000000000024,-1.2813500000000007,0.2920881510280934,0.47966466366677607,0.007149660089114813,false,none,7.735199999999999,-8.5322,-7.103260191440443,287.7678571428571,-76.04320778595746,false,电气设备,false,4.4382440476190474,true,rising,false,false,0.0,0.4073436149582824,0.9176407649824989,电气设备,-5.0,-2.0,3.0,0.3,0.5,-0.03668417497982146,0.0021738869485355755,-0.12189401692226398,false,false,-0.12649767683639404,0.10719328186653693,,,,,,,0.2783505154639176,0,0.0,none,0.3872625653738692,false,increasing_vol,23.0,单年巨幅下滑-15.0分(年跌-76.0%); 波动率飙升预警-8.0分(近期波动是早期的5.1倍),"","",0,0
002613.SZ,北玻股份,专用机械,2.8218680000000007,-0.013324049271798866,-0.04178000000000002,0.020025725963349478,0.820424155263114,0.9548247711113325,2.7672,55.0,0.2976922017330524,0.39999999999999997,0.48333333333333334,good,good,good,false,0,true,1,false,0,false,0,0.6533664545019479,1.7093765202552658,1.7940495210720653,volatile,false,false,none,2.9955,0.0,0.15733999999999998,-2.83816,0.5022727725334101,1.0,0.028610134302742674,true,severe,-2.1160000000000005,2.8268000000000004,34.565259677105615,-43.332241153342075,137.4635284964015,false,专用机械,false,1.9617292355572848,true,falling,false,false,0.0,0.6533664545019479,0.7842570616758628,专用机械,-5.0,-2.0,3.0,0.3,0.5,0.13678093999153706,0.10714069302696536,-0.5033159238655461,false,false,0.3521402218478071,0.48762348825449975,,,,,,,0.7873633049817741,1,0.0,cliff_drop,0.5052997642678291,false,stable,45.0,严重恶化-15分; 单年巨幅下滑-15.0分(年跌-43.3%); 贝叶斯中度恶化预警-5分(恶化概率78.7%); 趋势不可靠-2分(Bootstrap CI过宽: 0.326); 峰值明显下跌-8分(从4.9跌至2.8，跌幅-43.3%),"","",0,0
002617.SZ,露笑科技,电气设备,2.7690810000000003,-0.1813397240425909,-0.7089300000000001,0.044763377502017435,0.7326396282682952,,3.8395,90.0,-0.18872909042277786,-0.39999999999999997,0.48333333333333334,has_loss,has_loss,has_loss,true,1,true,1,true,1,true,1,0.906168643490213,2.7019774144133777,2.3113865636402657,high_volatility,false,false,none,-3.446,0.0,2.3997,5.845700000000001,0.689631484187933,0.8977341803896387,0.9985806614896906,false,none,2.2430000000000003,2.5564,499.9895822481509,140.4948324459756,266.31940827169495,false,电气设备,false,1.0,false,rising,false,false,0.0,0.906168643490213,0.8582682481255037,电气设备,-5.0,-2.0,3.0,0.3,0.5,1.4538823039557474,0.9382585339949431,3.120526171211785,true,false,-0.1813397240425909,0.044763377502017435,,,,,,,0.07161803713527852,0,0.0,none,0.8245134032126926,false,stable,10.0,趋势不可靠-2分(Bootstrap CI过宽: 3.382); 峰值明显下跌-8分(从5.9跌至3.8，跌幅-35.3%),"","",0,0
002622.SZ,皓宸医疗,医疗保健,-5.320198,1.2622631071761075,4.79294,0.6556872130235261,0.09672482576660164,,5.6147,106.0,1.4276283482872507,0.6,0.23333333333333334,poor,poor,poor,true,4,false,0,true,4,false,0,1.567657155222337,10.59435246756497,3.4980793361428097,high_volatility,false,false,none,-0.16335000000000122,0.0,11.820150000000002,11.983500000000003,0.3968950087628776,0.00033870112764295405,0.9433667260203312,false,none,6.8039000000000005,16.8364,131.1484777205752,572.1409350824084,93.40271613704954,false,医疗保健,true,inf,true,rising,false,false,0.0,1.567657155222337,1.0,医疗保健,-5.0,-2.0,3.0,0.3,0.5,3.0060407816085335,0.9932451670722167,3.01517172116902,false,false,1.2622631071761075,0.6556872130235261,,,,,,,0.07161803713527852,0,0.0,none,1.0954815445208859,false,stable,4.0,"周期顶部预警-5分(警惕景气回落); 趋势不确定预警-4分(Bootstrap CI跨零: [-0.251, 3.006])",turnaround,扭亏为盈(曾亏损4年 -> 最新5.6),0,1
002626.SZ,金达威,医疗保健,10.249545000000001,-0.33227344155295374,-4.13925,0.6664918343992376,0.09179983096336636,-0.2531425557230592,6.9651,54.77767682208597,-0.29271385890720175,-0.39999999999999997,0.48333333333333334,good,good,good,false,0,false,0,false,0,false,0,0.6639948688303021,7.630177516087027,1.4846510235551704,moderate,false,false,none,-8.5303,0.0,0.8198499999999996,9.35015,0.7464636059743405,0.9650986872054664,0.9995373725379374,false,none,0.8503999999999996,0.7892999999999999,30.7901753858865,13.90746888645395,14.82142186502422,false,医疗保健,false,1.0,false,rising,false,false,0.0,0.6639948688303021,0.664529228397575,医疗保健,-5.0,-2.0,3.0,0.3,0.5,0.13241855772688305,0.9997386017540516,0.846291306290101,true,false,-0.33227344155295374,0.6664918343992376,,,,,,,0.07161803713527852,0,0.0,none,0.3413459981677365,false,decreasing_vol,45.22232317791403,"轻度衰退-6.6分(log斜率-0.332); 持续衰退重罚-10.0分(最新<加权); 相对加权下滑-10.0分(最新为加权68.0%); 趋势不确定预警-4分(Bootstrap CI跨零: [-0.766, 0.133]); 峰值大幅下跌-15分(从22.4跌至7.0，跌幅-68.9%)","","",0,0
002635.SZ,安洁科技,元器件,4.495876,0.04982150600740165,0.20068000000000003,0.27338040860822227,0.365993739284882,-0.14270059478311536,4.0846,92.0,-0.05496338944549288,0.0,1.0,good,good,good,false,0,false,0,false,0,false,0,0.3724854545188444,1.733659050967058,0.9585544550200888,moderate,false,false,none,-4.4614,0.0,0.39754000000000006,4.8589400000000005,0.6542684624433539,1.0,0.5426846244335385,true,moderate,-0.6890999999999998,1.0225,8.887822563446369,-14.435343653769609,27.257944124546814,false,元器件,false,1.5397542173338064,true,falling,false,false,0.0,0.3724854545188444,0.5032889259262497,元器件,-5.0,-2.0,3.0,0.3,0.5,0.04124783015676958,0.12020534410338446,0.3852744575837874,false,false,-0.07937477671046139,0.14535677608996228,,,,,,,0.6492985971943889,1,0.0,single_year_drop,0.3264385153361582,false,decreasing_vol,8.0,中度恶化-10分; 峰值明显下跌-8分(从7.6跌至4.1，跌幅-46.0%),"","",0,0
002639.SZ,雪人集团,专用机械,-1.6895020000000005,0.902456204438742,1.6066599999999998,0.7790214179282424,0.047415065657808814,,1.8386,96.0,0.898148922414015,0.6,0.23333333333333334,poor,poor,poor,true,4,true,1,true,4,true,1,1.367485370199883,2.969494481389046,3.110476629058255,high_volatility,false,false,none,-0.1068500000000001,0.0,3.3771999999999998,3.48405,0.5949635306322347,0.010727272145293905,0.9389080341770528,false,none,1.8851,4.8693,137.40184710525244,4053.978494623656,99.0540705480288,false,专用机械,true,inf,true,rising,false,false,0.0,1.367485370199883,1.0,专用机械,-5.0,-2.0,3.0,0.3,0.5,1.8324123067650384,0.9830388336117394,1.8541691619529568,false,false,0.902456204438742,0.7790214179282424,,,,,,,0.07161803713527852,0,0.0,none,0.7081258203204649,false,increasing_vol,4.0,"周期顶部预警-5分(警惕景气回落); 趋势不确定预警-4分(Bootstrap CI跨零: [-0.077, 1.889])","","",0,0
002642.SZ,荣联科技,软件服务,-10.166105,0.660102764977573,7.618649999999999,0.10977377729055597,0.5859990574089478,,2.3824,101.0,0.285075499956272,0.19999999999999998,0.8166666666666667,poor,poor,poor,true,2,false,0,true,2,false,0,1.8021959699017476,22.44040355842559,4.153513174907844,high_volatility,false,false,none,51.7183,0.0,-2.6052999999999993,-54.3236,0.6080327441900673,1.0,0.0803274419006729,false,none,23.653100000000002,-22.456000000000003,100.99552855817093,111.20038362630285,-1894.541466295453,false,软件服务,true,inf,true,rising,false,false,0.0,1.8021959699017476,1.0,软件服务,-5.0,-2.0,3.0,0.3,0.5,0.29805957647535664,0.01031986033257121,-2.488856617339242,false,false,0.660102764977573,0.10977377729055597,,,,,,,0.07161803713527852,0,0.0,none,1.5205230193207995,false,stable,11.0,单年巨幅下滑-15.0分(年跌-1894.5%); 趋势不可靠-2分(Bootstrap CI过宽: 6.431); 峰值明显下跌-8分(从3.6跌至2.4，跌幅-33.5%),cyclical_bottom,"周期底部(mid_up), 近期强势(29.8%)",0,0
002653.SZ,海思科,化学制药,9.669124,-0.23254699495719322,-2.5085200000000003,0.750959271111438,0.05731675399767542,-0.1710772166793999,7.8976,53.349060100856136,-0.28449889435306397,-0.7999999999999999,0.08333333333333333,good,good,good,false,0,false,0,false,0,false,0,0.4258029541046075,4.437582130732906,1.0608750220693781,stable,false,false,none,-4.006499999999999,0.0,-0.4086000000000003,3.5978999999999988,0.6564392224191982,0.9970852159293346,0.06730700826264684,false,none,2.2258999999999993,-3.0431,-9.377151512369768,39.24572879383605,-34.91875889291779,false,化学制药,false,1.0,false,rising,false,false,0.0,0.4258029541046075,0.4739756966170193,化学制药,-5.0,-2.0,3.0,0.3,0.5,-0.04887754927373189,0.0481881037674557,0.2759554073593997,false,false,-0.23254699495719322,0.750959271111438,,,,,,,0.2783505154639176,0,0.0,none,0.19095662744406414,false,decreasing_vol,46.650939899143864,轻度衰退-4.7分(log斜率-0.233); 持续衰退重罚-10.0分(最新<加权); 单年巨幅下滑-15.0分(年跌-34.9%); 趋势不可靠-2分(Bootstrap CI过宽: 0.368); 峰值大幅下跌-15分(从16.7跌至7.9，跌幅-52.8%),"","",0,0
002655.SZ,共达电声,元器件,8.504145,0.00039592495596756376,0.002889999999999926,0.00003337980229653635,0.9926438668339594,0.028997455393728666,9.2091,100.0,0.005300177043567481,0.0,1.0,good,good,good,false,0,false,0,false,0,false,0,0.11045044658481822,0.9391270121767339,0.2567772589883212,ultra_stable,false,false,none,-0.32624999999999993,0.0,0.8237499999999995,1.1499999999999995,0.4333322471182264,0.0847455585479888,0.8490702134544518,false,none,1.4252999999999991,0.22219999999999995,21.787716885315263,18.31110768519231,2.9385315277190007,false,元器件,false,1.288735188319932,true,rising,false,false,0.0,0.11045044658481822,0.2601917157105122,元器件,-5.0,-2.0,3.0,0.3,0.5,0.09785014647774459,0.857352445815666,0.13890529714483968,false,false,0.00039592495596756376,0.00003337980229653635,,,,,,,0.07161803713527852,0,0.0,none,0.11044913912882406,false,decreasing_vol,0.0,"","","",0,0
002657.SZ,中科金财,软件服务,-4.545337,-0.363666239527605,-0.76979,0.34662289065872853,0.296279188723381,,-3.3815,96.0,-0.28256175276011153,-0.19999999999999998,0.8166666666666667,poor,poor,poor,true,5,true,1,true,5,true,1,0.6712864655845099,2.8961983271178093,1.821945114036714,high_volatility,false,true,deterioration_to_recovery,-3.9302999999999995,0.0,2.3718999999999997,6.302199999999999,1.0,0.9999843856064499,0.9991332773229958,false,none,2.2508999999999997,2.4928999999999997,58.38307508645835,39.963425893047365,30.68071332750791,false,软件服务,false,1.0,false,rising,false,false,0.0,0.6712864655845099,0.6703625058009413,软件服务,-5.0,-2.0,3.0,0.3,0.5,0.42962455825840795,0.9919104226148768,1.6947209112620172,true,false,-0.363666239527605,0.34662289065872853,,,,,,,0.07161803713527852,0,0.0,none,0.6091290729700175,true,decreasing_vol,4.0,波动聚集提示-2分(大波动后可能跟着大波动); 趋势不可靠-2分(Bootstrap CI过宽: 1.782),"","",0,0
002690.SZ,美亚光电,专用机械,23.721815,0.0558800325190632,1.2037500000000005,0.2948359861721951,0.34430691258096857,0.04411784151161324,22.0547,95.34304822334332,0.07502090610438716,0.39999999999999997,0.48333333333333334,good,good,good,false,0,false,0,false,0,false,0,0.16209760009210814,3.7476867882735347,0.3954032752680154,stable,false,false,none,4.57085,0.0,-2.8218999999999994,-7.3927499999999995,0.687476686594104,0.939804236621495,0.9349626293195451,true,severe,-4.111000000000001,-1.5327999999999982,-20.3758326263155,-15.71140844693626,-5.533873675469785,false,专用机械,false,1.0,true,falling,false,false,0.0,0.16209760009210814,0.26301141340701983,专用机械,-5.0,-2.0,3.0,0.3,0.5,-0.11383232652783137,0.9230106642003965,-0.3139035533133572,false,true,0.0558800325190632,0.2948359861721951,,,,,,,0.9856508944146574,2,1.8391339174547523,accelerating_decline,0.13963740597696364,false,decreasing_vol,27.656951776656676,严重恶化-15分; 加速下滑-0.2分(加速度-0.31); 贝叶斯高置信度恶化-12分(恶化概率98.6%，严重恶化确认); 趋势不可靠-2分(Bootstrap CI过宽: 0.323),"high_growth,stable_dividend","优质护城河(高位企稳: 22.1 > 15.0, 稳健斜率=0.08); 稳定分红型(值=22.1,CV=16.2%,稳定)",1,0
002692.SZ,远程股份,电气设备,3.1575100000000003,0.02466988302960669,0.10293999999999999,0.10780419777845439,0.5895879150720448,,4.5607,98.0,0.20140639507077118,0.6,0.23333333333333334,has_loss,has_loss,good,true,1,false,0,false,0,false,0,1.452129546110777,3.799090361125937,3.445505347409622,high_volatility,false,false,none,7.6508,0.0,0.2407399999999999,-7.4100600000000005,0.7229663728248142,1.0,0.2841120130951321,false,none,0.3468,-0.6808000000000005,-6.82370727521606,8.229905787987375,-13.908921895111048,false,电气设备,false,1.1615605496096255,true,rising,false,false,0.0,1.452129546110777,1.0,电气设备,-5.0,-2.0,3.0,0.3,0.5,-0.03457197725407357,0.22330260823685544,-2.242007355794909,false,false,0.8862496124351804,0.5335036970176837,,,,,,,0.2783505154639176,0,0.0,none,0.9589608655655258,true,decreasing_vol,2.0,波动聚集提示-2分(大波动后可能跟着大波动),"","",0,0
002716.SZ,湖南白银,小金属,4.596477,0.24774258179894365,1.0535,0.03751101264390014,0.7549525039862512,,7.568,93.0,-0.9612206947376456,-0.19999999999999998,0.8166666666666667,poor,poor,poor,true,2,false,0,true,3,true,1,2.0054058178064005,11.612984225986017,4.902967445137493,high_volatility,false,false,none,-22.730900000000002,0.0,1.65786,24.38876,0.6679179854303915,1.0,0.17917985430391437,false,none,10.1528,0.7761,325.17777976137336,392.78861033735683,23.092028920824777,false,小金属,true,1.0,false,rising,true,false,0.0,2.0054058178064005,1.0,小金属,-5.0,-2.0,1.6,0.3,0.24,2.324100216159933,0.7899778625839752,5.244332599126379,true,false,-0.563327927937012,0.1154565052466398,,,,,,,0.07161803713527852,0,0.0,none,1.6852321552276568,false,decreasing_vol,29.0,趋势不可靠-2分(Bootstrap CI过宽: 4.216); 峰值大幅下跌-15分(从25.0跌至7.6，跌幅-69.8%); 品质退化严重-12分(曾达25.0%，现仅7.6%),"turnaround,cyclical_bottom","扭亏为盈(曾亏损2年 -> 最新7.6); 周期底部(mid_up), 近期强势(232.4%)",0,1
002729.SZ,好利科技,元器件,5.077957,0.16127545201885085,0.6967900000000001,0.3657703134474203,0.2798894553111014,0.29747017998280056,6.7765,83.0,0.1385406979078776,0.6,0.23333333333333334,good,good,good,false,0,false,0,false,0,false,0,0.3795116675761277,1.8478119484947597,0.9006720176137626,moderate,false,false,none,2.9709999999999996,0.0,0.1547200000000002,-2.8162799999999995,0.4689078450036546,1.0,0.020002687638749732,false,none,3.2170000000000005,-2.6957000000000004,8.333866223302214,90.377862059278,-43.09534467323188,false,元器件,false,1.7573254670599805,true,rising,false,false,0.0,0.3795116675761277,0.5379193963355663,元器件,-5.0,-2.0,3.0,0.3,0.5,0.03955942704180759,0.013284928311329264,-0.423861213704276,false,false,0.16127545201885085,0.3657703134474203,,,,,,,0.13366336633663367,0,0.0,none,0.30467703111687966,false,increasing_vol,17.0,单年巨幅下滑-15.0分(年跌-43.1%); 趋势不可靠-2分(Bootstrap CI过宽: 0.751),"","",0,0
002730.SZ,电光科技,专用机械,6.00094,-0.026054763305117714,-0.17240000000000003,0.045569735186717766,0.7302793259532931,-0.009944729153423038,4.8838,77.0,-0.05043834702152089,-0.19999999999999998,0.8166666666666667,good,good,good,false,0,false,0,false,0,false,0,0.20025357680330516,1.2189715575024709,0.49399225251924544,stable,false,false,none,2.8077999999999994,0.0,-0.8468699999999998,-3.6546699999999994,0.6765704572544236,1.0,0.7657045725442353,true,moderate,-1.6814,0.5522999999999998,-18.777960717790087,-25.610796319990254,9.18525170882602,false,专用机械,false,1.2020821899582563,true,falling,false,false,0.0,0.20025357680330516,0.32048048677041163,专用机械,-5.0,-2.0,3.0,0.3,0.5,-0.10225356800345353,0.46745896149208155,-0.18490905435187588,false,false,-0.026054763305117714,0.045569735186717766,,,,,,,0.9487554904831625,1,0.0,single_year_drop,0.19518236427976407,false,decreasing_vol,23.0,中度恶化-10分; 贝叶斯恶化预警-8分(恶化概率94.9%); 趋势不可靠-2分(Bootstrap CI过宽: 0.354); 峰值明显下跌-8分(从7.9跌至4.9，跌幅-38.1%),"","",0,0
002733.SZ,雄韬股份,电气设备,1.4728099999999997,0.007215690214796933,0.03467500000000006,0.0019671740947312935,0.9435467352422918,,2.9298,63.0,0.04616750770869359,0.0,1.0,has_loss,has_loss,good,true,1,false,0,false,0,false,0,6.33502822987224,6.573605393009228,15.59508895013781,high_volatility,false,false,none,-13.597100000000001,0.0,3.9006699999999994,17.49777,0.5430488919070189,1.0,0.4532321800080474,true,severe,-1.2294999999999998,-1.463,-47.88965370044288,-29.5602625441781,-26.021379150881312,false,电气设备,true,inf,true,falling,false,false,0.0,6.33502822987224,1.0,电气设备,-5.0,-2.0,3.0,0.3,0.5,-0.31584713034115885,0.9985586964360859,-0.6146582454055631,false,false,0.5116961671432319,0.12431083426996374,,,,,,,0.9935602575896965,2,0.1359990711013844,sustained_decline,5.936966748820839,false,decreasing_vol,37.0,严重恶化-15分; 周期回落期-3分(景气下行趋势); 贝叶斯高置信度恶化-12分(恶化概率99.4%，严重恶化确认); 趋势不可靠-2分(Bootstrap CI过宽: 0.632); 峰值明显下跌-8分(从5.6跌至2.9，跌幅-47.9%),"","",0,0
002745.SZ,木林森,元器件,3.123619,0.03819094061525563,0.10263499999999999,0.10353026665578853,0.5975040082876545,0.02606184084597163,2.4838,78.6279116329998,-0.0561943128332662,0.0,1.0,good,good,good,false,0,false,0,false,0,false,0,0.6451317492269225,2.082394968059614,1.6156524756340116,high_volatility,false,false,none,4.6225000000000005,0.0,-1.1884200000000003,-5.810920000000001,0.5628933495814523,1.0,0.437857801177481,true,moderate,-0.4190999999999998,1.2545999999999997,50.688588242431585,-14.43728685107995,76.11478492992778,false,元器件,false,2.9625371594976646,true,falling,false,false,0.0,0.6451317492269225,0.9111103539812266,元器件,-5.0,-2.0,3.0,0.3,0.5,0.18344505948753387,0.4817813273762343,0.3195191630944001,false,false,-0.06478465452074476,0.040246919653597286,,,,,,,0.4807121661721069,1,0.0,single_year_drop,0.622274207937008,true,decreasing_vol,21.37208836700021,中度恶化-10分; 波动聚集提示-2分(大波动后可能跟着大波动); 趋势不可靠-2分(Bootstrap CI过宽: 0.387); 峰值大幅下跌-15分(从6.9跌至2.5，跌幅-63.8%),"","",0,0
002765.SZ,蓝黛科技,元器件,1.651855,-0.10829038133507854,-1.35415,0.004186687494884355,0.9176730450756827,,4.1348,77.13828695021286,-0.30974136662694685,-0.19999999999999998,0.8166666666666667,poor,poor,poor,true,2,true,1,true,2,true,1,4.303336751829668,8.856697368940637,11.058014673728197,high_volatility,false,false,none,11.354800000000001,0.0,-3.9741999999999997,-15.329,0.44201055351055135,1.0,0.2582857013551906,false,none,16.0122,-19.5031,-45.778092502983334,134.81233266539817,-255.75488151907365,false,元器件,true,inf,true,rising,false,false,0.0,4.303336751829668,1.0,元器件,-5.0,-2.0,3.0,0.3,0.5,-0.30102235811762723,0.008601674005014916,-1.8942766227220509,false,false,-0.10829038133507854,0.004186687494884355,,,,,,,0.6067415730337079,0,0.0,none,4.175694524401838,false,increasing_vol,22.861713049787134,单年巨幅下滑-15.0分(年跌-255.8%); 波动率飙升预警-4.9分(近期波动是早期的2.4倍); 趋势不可靠-2分(Bootstrap CI过宽: 5.344); 峰值大幅下跌-15分(从10.9跌至4.1，跌幅-62.0%),"","",0,0
002773.SZ,康弘药业,化学制药,8.727069,0.0877582576545115,0.8510300000000002,0.15865861410882645,0.5065931284782297,,13.6313,96.0,0.5677944484130562,0.9999999999999999,0.016666666666666666,has_loss,has_loss,good,true,1,false,0,false,0,false,0,1.4603604885768644,10.307107499536423,3.4194068507435613,high_volatility,false,false,none,16.5407,0.0,2.3473999999999995,-14.1933,0.7197839763062179,1.0,0.6978397630621794,false,none,0.22269999999999968,0.6943999999999999,7.2131946956945745,1.6608743642140096,5.461609853549574,false,化学制药,false,1.0,false,rising,false,false,0.0,1.4603604885768644,1.0,化学制药,-5.0,-2.0,3.0,0.3,0.5,0.03472445440769345,0.9152914245878828,-3.1074947643950415,false,true,1.35001815982252,0.5971115619555372,,,,,,,0.13366336633663367,0,0.0,none,0.7609668261701369,true,decreasing_vol,4.0,波动聚集提示-2分(大波动后可能跟着大波动); 趋势不可靠-2分(Bootstrap CI过宽: 0.566),"","",0,0
002782.SZ,可立克,元器件,8.559485,0.11984259229680538,-0.6632499999999997,0.026255771497600788,0.7945953385849555,-0.1068958906423848,11.3542,88.0,0.09998915543175879,0.0,1.0,good,good,good,false,0,true,1,false,0,true,1,0.7281662104061776,6.37761462719409,1.974171258417576,high_volatility,false,false,none,-17.2907,0.0,3.2174199999999997,20.50812,0.6870486151536748,1.0,0.870486151536747,false,none,4.4469,-0.22159999999999958,59.27001360658728,64.37971421539531,-3.1084739581141494,false,元器件,false,1.9104905599699846,true,rising,false,false,0.0,0.7281662104061776,0.8372650429876067,元器件,-5.0,-2.0,3.0,0.3,0.5,0.2312405390066765,0.699518482086465,0.6880105340077255,false,false,0.11984259229680538,0.026255771497600788,,,,,,,0.07161803713527852,0,0.0,none,0.7182545967909306,true,decreasing_vol,12.0,波动聚集提示-2分(大波动后可能跟着大波动); 趋势不可靠-2分(Bootstrap CI过宽: 2.031); 峰值明显下跌-8分(从17.8跌至11.4，跌幅-36.4%),"","",0,0
002801.SZ,微光股份,电气设备,15.163861,-0.16403087490750942,-2.2099299999999995,0.32235980246518736,0.3180713335245478,-0.06968936428551531,13.175,57.0,-0.1072888188983852,-0.19999999999999998,0.8166666666666667,good,good,good,false,0,false,0,false,0,false,0,0.3700035928412591,5.855987663323754,0.9006914835810559,moderate,false,false,none,1.8070500000000003,0.0,-4.013999999999999,-5.82105,0.42673747288162345,0.9352638283781719,0.3154785514282328,false,none,6.227100000000001,-14.255099999999999,-37.86256661793142,89.62564228040128,-67.2315238409659,false,电气设备,false,3.0517134673786326,true,rising,false,false,0.0,0.3700035928412591,0.702898003256825,电气设备,-5.0,-2.0,3.0,0.3,0.5,-0.2374700312168101,0.18143372143533706,-0.3307816158569845,false,false,-0.16403087490750942,0.32235980246518736,,,,,,,0.6067415730337079,0,0.0,none,0.29691760933896033,false,increasing_vol,43.0,持续衰退重罚-10.0分(最新<加权); 单年巨幅下滑-15.0分(年跌-67.2%); 波动率飙升预警-8.0分(近期波动是早期的5.7倍); 趋势不可靠-2分(Bootstrap CI过宽: 0.704); 峰值明显下跌-8分(从21.2跌至13.2，跌幅-37.9%),"","",0,0
002817.SZ,黄山胶囊,化学制药,5.523575,-0.02413562241766929,-0.10925000000000003,0.05774142936906488,0.6970179840134201,-0.03619509165388146,4.3482,47.84884213681002,-0.00025869066610395564,0.0,1.0,good,good,good,false,0,false,0,false,0,false,0,0.15389300060586983,0.858445935979663,0.3618012979097199,stable,false,false,none,0.6636499999999996,0.0,-1.0090999999999997,-1.6727499999999993,0.6770817997357133,0.9642753350197024,0.8065426623374304,true,severe,-1.8651,-0.15309999999999935,-31.70080422216636,-30.017864902708702,-2.4048127670268813,false,化学制药,false,1.0,true,falling,false,false,0.0,0.15389300060586983,0.2564477338180292,化学制药,-5.0,-2.0,3.0,0.3,0.5,-0.18720804654440637,0.7979437777913904,-0.3023157263799532,false,true,-0.02413562241766929,0.05774142936906488,,,,,,,0.9983149583553994,1,11.482412483122499,cliff_drop,0.1507451768483546,false,increasing_vol,52.15115786318998,严重恶化-15分; 单年巨幅下滑-15.0分(年跌-30.0%); 加速下滑-0.2分(加速度-0.30); 贝叶斯高置信度恶化-12分(恶化概率99.8%，严重恶化确认); 趋势不可靠-2分(Bootstrap CI过宽: 0.309); 峰值明显下跌-8分(从6.4跌至4.3，跌幅-31.7%),"","",0,0
002826.SZ,易明医药,化学制药,4.992961,0.011399903504879206,0.06832000000000003,0.8104368725040457,0.03725146859759697,0.014289882497899198,6.0789,77.564896592507,0.012113226732055948,0.39999999999999997,0.48333333333333334,good,good,good,false,0,false,0,false,0,false,0,0.35332864630210986,1.7992978650017901,0.8243624838485436,moderate,false,false,none,0.07414999999999994,0.0,0.09355000000000002,0.019400000000000084,0.11725040209189339,0.8713464912211191,0.001556046570129921,false,none,4.198,-4.0108999999999995,3.1755999864218074,223.19102557286405,-68.07596999219253,false,化学制药,false,3.132436599500239,true,rising,false,false,0.0,0.35332864630210986,0.7003211303083865,化学制药,-5.0,-2.0,3.0,0.3,0.5,0.015417319478143064,0.0005887794690219542,0.0028552132846555427,false,false,-0.09686904643781534,0.09943985008836435,,,,,,,0.13366336633663367,0,0.0,none,0.33800184476515177,true,increasing_vol,22.435103407493,单年巨幅下滑-15.0分(年跌-68.1%); 波动率飙升预警-8.0分(近期波动是早期的55.4倍),"","",0,0
002833.SZ,弘亚数控,专用机械,17.291075000000003,-0.09480058990097132,-1.70489,0.7502869408803972,0.05756346010663758,-0.08529031340894977,14.4883,79.0,-0.10350579060279291,-0.6,0.23333333333333334,good,good,good,false,0,false,0,false,0,false,0,0.1731064893362146,3.140761051401396,0.4147927193841106,ultra_stable,false,false,none,1.3181999999999974,0.0,-2.1335899999999994,-3.451789999999997,0.46111983459387795,1.0,0.7268593891916614,true,moderate,-2.892100000000001,1.241500000000002,-10.227462838235562,-16.64000828519482,7.692593671191977,false,专用机械,false,1.2204828086176878,true,falling,false,false,0.0,0.1731064893362146,0.3012162326179967,专用机械,-5.0,-2.0,3.0,0.3,0.5,-0.05383033306271323,0.34733170405430686,0.07033357940742069,true,false,-0.09480058990097132,0.7502869408803972,,,,,,,0.9025069637883009,1,0.0,single_year_drop,0.08883366165773578,false,decreasing_vol,21.0,中度恶化-10分; 贝叶斯恶化预警-8分(恶化概率90.3%); 峰值明显下跌-8分(从22.0跌至14.5，跌幅-34.2%),"","",0,0
002835.SZ,同为股份,IT设备,12.960548000000003,0.15633623360501675,1.9723600000000001,0.975458714494485,0.0016438529290307019,0.16926893781075414,17.1126,111.91082405345212,0.15706635882265918,0.9999999999999999,0.016666666666666666,good,good,good,false,0,false,0,false,0,false,0,0.2594086208096565,3.208583725415312,0.6433586334692664,ultra_stable,false,false,none,1.1225000000000005,0.0,2.8563,1.7337999999999996,0.7724011349318165,0.9976975050594032,0.9971647744345981,false,none,3.1201000000000008,2.5924999999999994,50.11052631578947,22.298374128997683,22.74122807017543,false,IT设备,false,1.0,false,rising,false,false,0.0,0.2594086208096565,0.3408602299810585,IT设备,-5.0,-2.0,3.0,0.3,0.5,0.20256807570781987,0.9999766250076623,0.09343718449579619,true,false,0.15633623360501675,0.975458714494485,,,,,,,0.07161803713527852,0,0.0,none,0.061012348134804634,true,increasing_vol,3.089175946547882,波动率飙升预警-5.1分(近期波动是早期的2.5倍),high_growth,"优质护城河(高位企稳: 17.1 > 15.0, 稳健斜率=0.16)",1,0
002837.SZ,英维克,专用机械,11.943950000000001,0.08212997859706604,0.9629400000000001,0.8790695793869203,0.018541173046059695,0.07736601530759124,13.8061,100.0,0.10276261362934269,0.7999999999999999,0.08333333333333333,good,good,good,false,0,false,0,false,0,false,0,0.14171381483975354,1.6243917683243783,0.3495491377084191,ultra_stable,false,false,none,-0.44810000000000016,0.0,1.3183900000000002,1.7664900000000003,0.8190500036881575,1.0,0.997862876589126,false,none,1.4945000000000004,1.1638000000000002,23.845960637973416,12.138958380714126,10.439728018084288,false,专用机械,false,1.0,false,rising,false,false,0.0,0.14171381483975354,0.24670438520513616,专用机械,-5.0,-2.0,3.0,0.3,0.5,0.10658586086074218,0.9982873844203644,0.06466495845088427,true,false,0.08212997859706604,0.8790695793869203,,,,,,,0.07161803713527852,0,0.0,none,0.04939074694179341,false,stable,0.0,"","","",0,0
002850.SZ,科达利,电气设备,11.156462000000001,0.00889699538307136,0.10557999999999997,0.5242292817604022,0.16663318318919207,0.23932977424639756,12.0916,93.73842856715136,0.09340510902022325,0.6,0.23333333333333334,good,good,good,false,0,false,0,false,0,false,0,0.2998614911176138,3.219492885533372,0.7649535234618037,moderate,false,false,none,6.4066,0.0,-0.00647000000000002,-6.41307,0.650009943283422,1.0,0.00009943283421954366,false,none,0.49629999999999974,-1.7431999999999999,-9.348127600554786,4.280182487732096,-13.068935787382388,false,电气设备,false,1.150336774382724,true,rising,false,false,0.0,0.2998614911176138,0.3932674294784543,电气设备,-5.0,-2.0,3.0,0.3,0.5,-0.048920132104866454,0.4661169816882445,-0.5231428656972816,false,true,0.170665547585845,0.4892197724838397,,,,,,,0.2783505154639176,0,0.0,none,0.2178018346413009,true,decreasing_vol,6.2615714328486405,"加速下滑-0.3分(加速度-0.52); 波动聚集提示-2分(大波动后可能跟着大波动); 趋势不确定预警-4分(Bootstrap CI跨零: [-0.001, 0.021])","","",0,0
002859.SZ,洁美科技,元器件,7.060725,-0.27680856855965985,-2.17825,0.7518139789407002,0.057003765542064405,-0.2239717812193649,4.3645,23.463828628806795,-0.25259474019539974,-0.7999999999999999,0.08333333333333333,good,good,good,false,0,false,0,false,0,false,0,0.513679225988064,3.9626242851171236,0.9942573436001141,moderate,false,false,none,-3.7276,0.0,-0.10735000000000028,3.6202499999999995,0.45269256563463506,0.7516699670212378,0.02761937067982335,true,moderate,-1.2106000000000003,0.9958999999999998,-4.688591893780585,-21.71440871015767,21.748340321453526,false,元器件,false,1.2174834032145352,true,falling,false,false,0.0,0.513679225988064,0.5732745012190559,元器件,-5.0,-2.0,3.0,0.3,0.5,-0.02343109790238418,0.0339612911340424,0.45469493552381457,false,false,-0.27680856855965985,0.7518139789407002,,,,,,,0.9025069637883009,1,0.0,single_year_drop,0.25403914818467455,false,decreasing_vol,76.5361713711932,"复合恶化-14.0分(触发2项恶化信号); 轻度衰退-5.5分(log斜率-0.277); 中度恶化-10分; 持续衰退重罚-10.0分(最新<加权); 相对加权下滑-10.0分(最新为加权61.8%); 贝叶斯恶化预警-8分(恶化概率90.3%); 趋势不确定预警-4分(Bootstrap CI跨零: [-0.538, 0.006]); 峰值大幅下跌-15分(从12.0跌至4.4，跌幅-63.7%)","","",0,0
002861.SZ,瀛通通讯,元器件,-1.8338970000000003,-0.21497683291030426,-0.68099,0.02399739906306533,0.8035530000643955,,1.9236,83.0,-0.2745614619233548,-0.19999999999999998,0.8166666666666667,poor,poor,poor,true,3,false,0,true,3,false,0,2.869384422585517,4.675948855045358,7.02558910162003,high_volatility,false,false,none,-5.72445,0.0,4.6546,10.37905,0.7306020773043518,0.997960305727658,0.9469127376945263,false,none,6.5634999999999994,2.7457000000000003,126.04527729636048,141.45779003857842,37.17639731369151,false,元器件,false,1.0,false,rising,false,false,0.0,2.869384422585517,1.0,元器件,-5.0,-2.0,3.0,0.3,0.5,2.0530840829104093,0.8324952279873234,4.456675659624026,true,false,-0.21497683291030426,0.02399739906306533,,,,,,,0.07161803713527852,0,0.0,none,2.792273514249834,false,stable,17.0,趋势不可靠-2分(Bootstrap CI过宽: 4.628); 峰值大幅下跌-15分(从4.1跌至1.9，跌幅-52.7%),"","",0,0
002879.SZ,长缆科技,电气设备,5.209815000000001,-0.26626444455724596,-1.79415,0.2789569736161287,0.36024615926186243,-0.207564073220721,4.2193,73.77845807398013,-0.23514656770718895,-0.39999999999999997,0.48333333333333334,good,good,good,false,0,false,0,false,0,false,0,0.6740398848412505,3.874421700460599,1.6435980139386157,volatile,false,false,none,-4.72375,0.0,1.4833999999999998,6.2071499999999995,0.725024105385472,0.8952918452981451,0.8549492085565747,false,none,0.4250999999999996,2.5417,236.8702594810379,11.203942860154962,202.9301397205589,false,电气设备,false,1.0,false,rising,false,false,0.0,0.6740398848412505,0.6725652412063338,电气设备,-5.0,-2.0,3.0,0.3,0.5,0.5487093466112763,0.8197289202826235,1.5569161479602616,true,false,-0.26626444455724596,0.2789569736161287,,,,,,,0.07161803713527852,0,0.0,none,0.4590912145612966,false,decreasing_vol,26.221541926019867,持续衰退重罚-10.0分(最新<加权); 趋势不可靠-2分(Bootstrap CI过宽: 1.718); 峰值大幅下跌-15分(从10.7跌至4.2，跌幅-60.6%),"","",0,0
002880.SZ,卫光生物,生物制药,9.347106,-0.05342122050195108,-0.5641800000000002,0.7589767411712925,0.054408954722726575,-0.04015052347676629,9.8622,100.0,-0.042906091299486235,-0.39999999999999997,0.48333333333333334,good,good,good,false,0,false,0,false,0,false,0,0.25118202429257735,2.3903385686969116,0.6283074620968522,moderate,false,false,none,-2.9896000000000003,0.0,2.1113,5.1009,0.6660212522387698,0.7905026820660349,0.8697098403216638,false,none,0.6959,3.5267,74.87410454642173,7.591940041238013,62.53457692034896,false,生物制药,false,1.0,false,rising,false,false,0.0,0.25118202429257735,0.3342789527673952,生物制药,-5.0,-2.0,3.0,0.3,0.5,0.2768436689979894,0.8466537465225126,0.6352880819454221,true,false,-0.05342122050195108,0.08514088593248925,,,,,,,0.07161803713527852,0,0.0,none,0.23303551308469,false,stable,0.0,"","","",0,0
002881.SZ,美格智能,元器件,8.239123000000001,0.19866987305554928,0.18521,0.12347225467177338,0.5619866214791658,0.512300240790234,7.4374,82.0,0.08304875453615271,0.0,1.0,good,good,good,false,0,false,0,false,0,false,0,0.6696588701480497,5.480193543388774,1.663909105572636,high_volatility,false,false,none,13.616700000000002,0.0,-3.0104100000000003,-16.627110000000002,0.6719479548248479,1.0,0.7194795482484787,false,none,2.5777,-7.3004999999999995,-38.8381770036677,53.04236887050641,-60.03601914442196,false,元器件,true,3.0945531617178017,true,rising,false,false,0.0,0.6696588701480497,0.9483341843474801,元器件,-5.0,-2.0,3.0,0.3,0.5,-0.2444220775760526,0.28899653098321604,-1.265600240348525,false,false,0.19866987305554928,0.12347225467177338,,,,,,,0.6067415730337079,0,0.0,none,0.6687020923924201,false,decreasing_vol,18.0,单年巨幅下滑-15.0分(年跌-60.0%); 趋势不可靠-2分(Bootstrap CI过宽: 1.801); 峰值大幅下跌-15分(从15.0跌至7.4，跌幅-50.5%),"","",0,0
002882.SZ,金龙羽,电气设备,6.43459,-0.000819469971319875,-0.22649999999999984,7.143033030769285e-6,0.9965970863349446,-0.10926867139027907,5.4185,55.0,-0.0969276020749413,-0.19999999999999998,0.8166666666666667,good,good,good,false,0,false,0,false,0,false,0,0.39972814403961715,2.5992482457433725,0.9851073580477784,volatile,false,false,none,-5.9521,0.0,0.5996299999999999,6.551729999999999,0.43708466152059916,1.0,0.08367913768927666,true,severe,-1.3508000000000004,-2.2921000000000005,-40.20239698059903,-19.954795916859947,-25.29520824596641,false,电气设备,false,3.4120570847610803,true,falling,false,false,0.0,0.39972814403961715,0.7747234598665045,电气设备,-5.0,-2.0,3.0,0.3,0.5,-0.25441366474993243,0.9937907441865924,-0.27992799176841565,false,false,-0.000819469971319875,7.143033030769285e-6,,,,,,,0.9747292418772563,2,-0.21112347750519306,sustained_decline,0.395915804331097,true,decreasing_vol,45.0,严重恶化-15分; 贝叶斯高置信度恶化-12分(恶化概率97.5%，严重恶化确认); 波动聚集提示-2分(大波动后可能跟着大波动); 趋势不可靠-2分(Bootstrap CI过宽: 0.819); 峰值明显下跌-8分(从9.1跌至5.4，跌幅-40.2%); 连续下跌警示-6分(2年下跌，累计-37.1%),"","",0,0
002888.SZ,惠威科技,元器件,1.050145,-0.5679903279837801,-1.5222499999999997,0.15856326318680478,0.506732938044539,,2.446,83.0,-0.24260543855120092,-0.39999999999999997,0.48333333333333334,poor,poor,poor,true,2,false,0,true,2,false,0,3.1495756861702895,4.745843635435116,7.300938400074329,high_volatility,false,false,none,-5.5005999999999995,0.0,3.5560999999999994,9.0567,0.6790101161431398,0.8111195667688967,0.9789815946625011,false,none,4.458600000000001,2.6536,152.41952766705242,221.53433369770448,56.86854399725687,false,元器件,false,1.0,false,rising,false,false,0.0,3.1495756861702895,1.0,元器件,-5.0,-2.0,3.0,0.3,0.5,1.935884212540235,0.8963261186401162,4.330979332154106,true,false,-0.5679903279837801,0.15856326318680478,,,,,,,0.07161803713527852,0,0.0,none,2.7144731186423394,false,decreasing_vol,17.0,趋势不可靠-2分(Bootstrap CI过宽: 4.611); 峰值大幅下跌-15分(从6.3跌至2.4，跌幅-61.4%),"","",0,0
002897.SZ,意华股份,元器件,6.553209000000001,-0.15133994186857486,-1.02897,0.5402014482155211,0.15709996694298045,-0.13841583535846413,5.2072,59.9732011626285,-0.15724119034734796,-0.6,0.23333333333333334,good,good,good,false,0,false,0,false,0,false,0,0.3251615878392303,2.231226299594015,0.7280199361692826,moderate,false,false,none,-3.1907000000000005,0.0,-0.7640899999999998,2.4266100000000006,0.3629062463995818,1.0,0.2528897091989175,false,none,0.7532000000000005,-4.4858,-41.75261191525537,16.91064211944321,-50.177856327882054,false,元器件,false,1.6689785212220782,true,rising,false,false,0.0,0.3251615878392303,0.48265973976766136,元器件,-5.0,-2.0,3.0,0.3,0.5,-0.2672447173658947,0.5482088510834742,-0.23967788229967057,false,false,-0.15133994186857486,0.5402014482155211,,,,,,,0.6067415730337079,0,0.0,none,0.22251849850635352,false,stable,40.0267988373715,"轻度衰退-3.0分(log斜率-0.151); 持续衰退重罚-10.0分(最新<加权); 单年巨幅下滑-15.0分(年跌-50.2%); 趋势不确定预警-4分(Bootstrap CI跨零: [-0.327, 0.096]); 峰值明显下跌-8分(从9.4跌至5.2，跌幅-44.9%)","","",0,0
002901.SZ,大博医疗,医疗保健,12.859421000000001,-0.48711931036152933,-6.788330000000001,0.39552850575903237,0.2557182162549756,-0.2437072117589285,10.0016,58.820620577877044,-0.4283978252070303,-0.6,0.23333333333333334,good,good,good,false,0,false,0,false,0,false,0,0.9263587539737989,13.798965890493388,1.9232850337542093,high_volatility,false,false,none,-13.626149999999999,0.0,3.34145,16.967599999999997,0.6400850326864673,0.8021419470210962,0.5987083798435775,false,none,8.079699999999999,-1.3968000000000003,201.37101877241088,420.40168583172897,-42.088769698978524,false,医疗保健,false,1.0,false,rising,false,false,0.0,0.9263587539737989,0.8744203365123724,医疗保健,-5.0,-2.0,3.0,0.3,0.5,0.5418495091423937,0.4448714596166367,1.6412411557540891,true,false,-0.48711931036152933,0.39552850575903237,,,,,,,0.07161803713527852,0,0.0,none,0.5821895388611953,false,decreasing_vol,41.179379422122956,持续衰退重罚-10.0分(最新<加权); 单年巨幅下滑-15.0分(年跌-42.1%); 趋势不可靠-2分(Bootstrap CI过宽: 1.979); 峰值大幅下跌-15分(从30.6跌至10.0，跌幅-67.3%),"","",0,0
002916.SZ,深南电路,元器件,12.47716,-0.14123296712091546,-1.91436,0.7643664278637945,0.052489634263956794,-0.10623373303411454,11.3278,92.0,-0.13849213746737943,-0.7999999999999999,0.08333333333333333,good,good,good,false,0,false,0,false,0,false,0,0.24959851621737877,3.3531913303597807,0.6309725673162954,ultra_stable,false,false,none,-2.253049999999999,0.0,-0.9591000000000003,1.2939499999999988,0.4600873884742759,0.9996658204390694,0.23329753958429028,false,none,2.0524000000000004,-3.970600000000001,-14.481352861241135,22.12734760765035,-29.97584176355127,false,元器件,false,1.0,false,rising,false,false,0.0,0.24959851621737877,0.33301214630723636,元器件,-5.0,-2.0,3.0,0.3,0.5,-0.077957478873111,0.19210649562898047,0.06813189275512088,false,false,-0.14123296712091546,0.7643664278637945,,,,,,,0.2783505154639176,0,0.0,none,0.10740376309755006,false,stable,8.0,峰值明显下跌-8分(从17.8跌至11.3，跌幅-36.2%),"","",0,0
002922.SZ,伊戈尔,电气设备,8.18594,0.08991030937149987,0.3446,0.11421913083701211,0.5780298576572775,0.16999092476579758,7.1213,65.66659182620599,-0.10699875315092644,-0.19999999999999998,0.8166666666666667,good,good,good,false,0,false,0,false,0,false,0,0.3594392973382764,2.905189687094459,0.9195972563148311,volatile,false,false,none,7.4327000000000005,0.0,-1.4518800000000003,-8.884580000000001,0.8533750544630095,1.0,0.9723588734873753,true,severe,-0.9160000000000004,-2.1834000000000007,-30.32473313960884,-11.3968621303174,-21.362528985294553,false,电气设备,false,1.0,true,falling,false,false,0.0,0.3594392973382764,0.4208847712039545,电气设备,-5.0,-2.0,3.0,0.3,0.5,-0.1794078916903068,0.964689879189052,-0.6668163475880169,false,true,0.08991030937149987,0.11421913083701211,,,,,,,0.9747292418772563,3,-0.4665022040151368,chronic_decline,0.35306125385512177,false,decreasing_vol,34.33340817379401,严重恶化-15分; 加速下滑-0.3分(加速度-0.67); 贝叶斯高置信度恶化-12分(恶化概率97.5%，严重恶化确认); 趋势不可靠-2分(Bootstrap CI过宽: 0.758); 峰值明显下跌-8分(从11.2跌至7.1，跌幅-36.6%),"","",0,0
002937.SZ,兴瑞科技,元器件,13.946385,0.036056200567577745,0.4800899999999999,0.0670692247304579,0.6739838047466827,-0.007231141279316677,11.8723,62.80403158384799,0.016029852893593394,0.0,1.0,good,good,good,false,0,false,0,false,0,false,0,0.22528143192152095,3.0877839016032196,0.5322719267142068,moderate,false,false,none,2.8103500000000006,0.0,-2.9852000000000007,-5.795550000000001,0.6487455218490179,0.5408304931716649,0.9496951319671216,true,severe,-4.1752,-1.7952000000000012,-33.46130350227264,-26.017759775665994,-10.061257545102485,false,元器件,false,1.691700166868932,true,falling,false,false,0.0,0.22528143192152095,0.4057851677864077,元器件,-5.0,-2.0,3.0,0.3,0.5,-0.20320094618425788,0.9289379609135551,-0.39193683230403287,false,true,0.036056200567577745,0.0670692247304579,,,,,,,0.9979040723794412,2,1.5859351735142342,accelerating_decline,0.2183678592035327,false,decreasing_vol,37.19596841615201,严重恶化-15分; 加速下滑-0.2分(加速度-0.39); 贝叶斯高置信度恶化-12分(恶化概率99.8%，严重恶化确认); 趋势不可靠-2分(Bootstrap CI过宽: 0.457); 峰值明显下跌-8分(从17.8跌至11.9，跌幅-33.5%),"","",0,0
002938.SZ,鹏鼎控股,元器件,12.41761,-0.009359476675263868,-0.11517999999999998,0.1910651750782066,0.4617231922979129,-0.002662075495346028,11.8102,76.82227786847992,-0.015156424331386753,-0.19999999999999998,0.8166666666666667,good,good,good,false,0,false,0,false,0,false,0,0.21726859564472506,2.737406144875107,0.5952054022563372,moderate,false,false,none,2.5097499999999995,0.0,-2.5730499999999994,-5.082799999999999,0.5204570307444417,0.8792218817643274,0.4500970257985533,false,none,2.3529999999999998,-7.4990999999999985,-30.349191745840777,24.880514317134033,-44.22603987898302,false,元器件,false,1.7929514021063315,true,rising,false,false,0.0,0.21726859564472506,0.41287506346329095,元器件,-5.0,-2.0,3.0,0.3,0.5,-0.18037835228440335,0.37706231347206026,-0.3554442630401704,false,true,-0.03254108547024708,0.06044245889366561,,,,,,,0.6067415730337079,0,0.0,none,0.21243540159289315,false,increasing_vol,23.177722131520085,单年巨幅下滑-15.0分(年跌-44.2%); 加速下滑-0.2分(加速度-0.36); 峰值明显下跌-8分(从17.0跌至11.8，跌幅-30.3%),"","",0,0
002940.SZ,昂利康,化学制药,8.252281,-0.03815038844059342,-0.2734499999999999,0.3089211488845858,0.33066963862091014,-0.17491921377926178,6.3619,67.0,-0.17861407133348117,-0.7999999999999999,0.08333333333333333,good,good,good,false,0,false,0,false,0,false,0,0.335280202661774,2.9193450750125445,0.8459570147854991,stable,false,false,none,-5.308400000000001,0.0,-0.5223499999999998,4.786050000000001,0.7028364220675087,1.0,0.5283642206750869,true,moderate,-1.6259999999999994,0.9489999999999998,-9.617980082115098,-20.35578812954593,13.482220233275083,false,化学制药,false,1.1348222023327508,true,falling,false,false,0.0,0.335280202661774,0.4195337891071193,化学制药,-5.0,-2.0,3.0,0.3,0.5,-0.050006243623634365,0.1960949998749251,0.2821372520147505,false,false,-0.15808226250363133,0.7178620672724229,,,,,,,0.9025069637883009,1,0.0,single_year_drop,0.19129766809605472,false,decreasing_vol,33.0,中度恶化-10分; 贝叶斯恶化预警-8分(恶化概率90.3%); 峰值大幅下跌-15分(从13.7跌至6.4，跌幅-53.7%),"","",0,0
002947.SZ,恒铭达,元器件,10.618038,0.3171669007134179,2.6056600000000003,0.37215801876158106,0.27457124997337695,0.1737308612447901,15.5425,115.0,0.18172960605136623,0.7999999999999999,0.08333333333333333,good,good,good,false,0,false,0,false,0,false,0,0.5344591073924312,5.257121496408468,1.3908018632946806,moderate,false,false,none,-6.3271999999999995,0.0,4.3878,10.715,0.6898333330679318,1.0,0.8983333306793178,false,none,2.3301999999999996,2.8368,49.800009638089726,17.636596202023867,27.341332947809743,false,元器件,false,1.0,false,rising,false,false,0.0,0.5344591073924312,0.5609006192472783,元器件,-5.0,-2.0,3.0,0.3,0.5,0.20142498759798497,0.9874125005782063,0.08381197225431757,false,false,0.3171669007134179,0.37215801876158106,,,,,,,0.07161803713527852,0,0.0,none,0.331985978719315,false,decreasing_vol,0.0,趋势不可靠-2分(Bootstrap CI过宽: 1.151),high_growth,"优质护城河(高位企稳: 15.5 > 15.0, 稳健斜率=0.18)",1,0
002953.SZ,日丰股份,电气设备,7.680122000000001,-0.10192918336439574,-0.89466,0.37141282060879915,0.27518792987037777,-0.0916900900189147,7.3093,90.0,-0.11150069226264603,-0.39999999999999997,0.48333333333333334,good,good,good,false,0,false,0,false,0,false,0,0.2613118960825078,2.077042832249735,0.6786043187914228,stable,false,false,none,-2.69695,0.0,0.9824,3.6793500000000003,0.7257661679664517,0.9402122029055207,0.8174494767589955,false,none,0.17830000000000013,1.7865000000000002,36.76302741135748,2.5003505819660656,33.426887454392364,false,电气设备,false,1.0,false,rising,false,false,0.0,0.2613118960825078,0.34238285019933956,电气设备,-5.0,-2.0,3.0,0.3,0.5,0.15454336834046511,0.8089572087622559,0.500183091545388,true,false,-0.10192918336439574,0.37141282060879915,,,,,,,0.07161803713527852,0,0.0,none,0.1913408536220558,false,decreasing_vol,10.0,趋势不可靠-2分(Bootstrap CI过宽: 0.542); 峰值明显下跌-8分(从10.7跌至7.3，跌幅-31.9%),"","",0,0
002957.SZ,科瑞技术,专用机械,7.088581,-0.08040923342508902,-0.99833,0.04029727911705164,0.7461347156698217,-0.1908163812298591,5.1112,30.0,-0.19212631607656055,-0.39999999999999997,0.48333333333333334,good,good,good,false,0,false,0,false,0,false,0,0.5549914059657826,4.100320906587679,1.280007796342216,volatile,false,false,none,-9.456800000000001,0.0,0.27009999999999995,9.7269,0.44131111780784715,1.0,0.008777051213057677,true,severe,-0.9910999999999994,-5.238200000000001,-54.92967682200961,-16.24141717057502,-46.19020325382479,false,专用机械,true,4.600981824083091,true,falling,false,false,0.0,0.5549914059657826,1.0,专用机械,-5.0,-2.0,3.0,0.3,0.5,-0.39472467420605817,0.9059517991816303,-0.3698308614851491,false,false,-0.08040923342508902,0.04029727911705164,,,,,,,0.9747292418772563,2,-0.6483796124185675,sustained_decline,0.5122178362799151,true,decreasing_vol,70.0,严重恶化-15分; 单年巨幅下滑-15.0分(年跌-46.2%); 周期回落期-3分(景气下行趋势); 贝叶斯高置信度恶化-12分(恶化概率97.5%，严重恶化确认); 波动聚集提示-2分(大波动后可能跟着大波动); 趋势不可靠-2分(Bootstrap CI过宽: 1.014); 峰值大幅下跌-15分(从11.9跌至5.1，跌幅-57.1%); 连续下跌警示-6分(2年下跌，累计-57.1%),"","",0,0
002970.SZ,锐明技术,IT设备,5.4537700000000005,0.17781328485480208,0.5209,0.010646799447728846,0.8688564027549324,,15.3877,110.0,0.44187796656249184,0.19999999999999998,0.8166666666666667,has_loss,has_loss,has_loss,true,1,true,1,true,1,true,1,2.0603471105776685,10.914688818285201,4.9137140160453034,high_volatility,false,false,none,-12.960799999999999,0.0,13.0152,25.976,0.7886334577700684,0.9950582973346069,0.9783305583558564,false,none,9.6602,16.3702,244.5845509128323,168.66346573548668,153.8162308436769,false,IT设备,false,1.0,false,rising,false,false,0.0,2.0603471105776685,1.0,IT设备,-5.0,-2.0,3.0,0.3,0.5,3.243995560370357,0.8605132544209041,6.48445079330803,true,false,0.17781328485480208,0.010646799447728846,,,,,,,0.07161803713527852,0,0.0,none,2.0544728127867797,false,stable,0.0,趋势不可靠-2分(Bootstrap CI过宽: 6.852),turnaround,扭亏为盈(曾亏损1年 -> 最新15.4),0,1
002979.SZ,雷赛智能,专用机械,14.07517,-0.20000457646974157,-2.8919000000000006,0.6881197385371107,0.08229573888412693,-0.13886458360633036,11.4939,56.37505165502671,-0.15103865975028652,-0.7999999999999999,0.08333333333333333,good,good,good,false,0,false,0,false,0,false,0,0.34449867809481544,5.147754177114521,0.8566568112675457,stable,false,false,none,-2.4444000000000017,0.0,-2.259499999999999,0.1849000000000025,0.19190668793519236,0.9964418259629721,0.32403353310931254,false,none,3.3930000000000007,-7.911999999999999,-28.22099682131281,41.884235084990564,-49.41016305603607,false,专用机械,false,1.0,false,rising,false,false,0.0,0.34449867809481544,0.4089322758091857,专用机械,-5.0,-2.0,3.0,0.3,0.5,-0.1653323686580015,0.2373819736720579,-0.032315354320622935,false,false,-0.20000457646974157,0.6881197385371107,,,,,,,0.435483870967742,0,0.0,none,0.158248681814104,false,increasing_vol,43.62494834497329,轻度衰退-4.0分(log斜率-0.200); 持续衰退重罚-10.0分(最新<加权); 单年巨幅下滑-15.0分(年跌-49.4%); 波动率飙升预警-4.6分(近期波动是早期的2.3倍); 趋势不可靠-2分(Bootstrap CI过宽: 0.310); 峰值明显下跌-8分(从20.9跌至11.5，跌幅-45.0%),"","",0,0
002981.SZ,朝阳科技,元器件,6.526941,0.12518357565263455,1.06626,0.6396388422948635,0.10426054634765916,,10.1008,102.73122619803462,0.18566183087548183,0.6,0.23333333333333334,has_loss,has_loss,good,true,1,false,0,false,0,false,0,1.2246450798474975,7.053073915464094,3.088875692794933,high_volatility,false,false,none,-12.463000000000001,0.0,5.338749999999999,17.80175,0.6611244955118707,1.0,0.7170768147041705,true,moderate,-1.427200000000001,4.300000000000001,39.74543442169342,-12.380291464260937,59.49086884338685,false,元器件,true,inf,true,falling,false,false,0.0,1.2246450798474975,1.0,元器件,-5.0,-2.0,3.0,0.3,0.5,0.16617119866131214,0.483008324690946,0.09041307117556929,false,false,0.6641434112674528,0.18912444308738807,,,,,,,0.4807121661721069,1,0.0,single_year_drop,1.00311559688672,true,decreasing_vol,7.268773801965374,"中度恶化-10分; 周期回落期-3分(景气下行趋势); 波动聚集提示-2分(大波动后可能跟着大波动); 趋势不确定预警-4分(Bootstrap CI跨零: [-0.055, 0.209])",turnaround,扭亏为盈(曾亏损1年 -> 最新10.1),0,1
002983.SZ,芯瑞达,元器件,10.004235000000001,-0.002401972773980843,0.003190000000000204,0.0003312040221752459,0.9768295779492191,-0.06568457297530439,8.4825,48.0,-0.012551258055170433,0.0,1.0,good,good,good,false,0,false,0,false,0,false,0,0.21570320968721773,2.1576015533457515,0.5328293330560733,moderate,false,false,none,-3.3020999999999994,0.0,0.5707600000000002,3.8728599999999993,0.39606396391825643,1.0,0.09565427725403167,true,severe,-4.676500000000001,3.748000000000001,-9.86611412177239,-35.53841477315906,39.825735841037094,false,元器件,false,1.6807377415605482,true,falling,false,false,0.0,0.21570320968721773,0.39666093329118063,元器件,-5.0,-2.0,3.0,0.3,0.5,-0.05161415863984886,0.051041508261188154,0.03193155362515565,false,false,-0.002401972773980843,0.0003312040221752459,,,,,,,0.9487554904831625,1,0.0,cliff_drop,0.2157026202927057,false,increasing_vol,52.0,严重恶化-15分; 单年巨幅下滑-15.0分(年跌-35.5%); 贝叶斯高置信度恶化-12分(恶化概率94.9%，严重恶化确认); 趋势不可靠-2分(Bootstrap CI过宽: 0.389); 峰值明显下跌-8分(从13.2跌至8.5，跌幅-35.5%),"","",0,0
002987.SZ,京北方,软件服务,13.959637,-0.006775444921761232,-0.06270999999999986,0.0163229292382701,0.8377729963568513,-0.15844200340073866,11.239,79.0,-0.11343020589612089,-0.39999999999999997,0.48333333333333334,good,good,good,false,0,false,0,false,0,false,0,0.30942306415813664,4.508225971709936,0.7665455483885136,moderate,false,false,none,-10.3074,0.0,-0.14880999999999975,10.15859,0.6524544654736598,1.0,0.024544654736597272,true,moderate,-2.8596999999999984,1.094899999999999,-13.571417585628812,-20.28343038719881,8.419846506405813,false,软件服务,false,1.165181818181818,true,falling,false,false,0.0,0.30942306415813664,0.40289602708408506,软件服务,-5.0,-2.0,3.0,0.3,0.5,-0.07267679019449735,0.4027281955498117,0.1989092233322085,true,false,-0.12246219018189618,0.5088038926556853,,,,,,,0.9025069637883009,1,0.0,single_year_drop,0.21686060521505227,false,decreasing_vol,21.0,中度恶化-10分; 贝叶斯恶化预警-8分(恶化概率90.3%); 峰值明显下跌-8分(从22.4跌至11.2，跌幅-49.8%),"","",0,0
002990.SZ,盛视科技,软件服务,8.3171,-0.0331822832944551,-0.2554999999999998,0.3820104972780386,0.26650943280727113,-0.19881330644633455,7.0283,80.58162603042456,-0.21506784670178497,-0.39999999999999997,0.48333333333333334,good,good,good,false,0,false,0,false,0,false,0,0.5639465791616691,5.0255197087465495,1.537254778742591,volatile,false,false,none,-6.849500000000001,0.0,1.8348999999999998,8.6844,0.6931674348957746,0.9780568011722354,0.45361754778550983,true,moderate,-1.6531000000000002,5.322900000000001,109.26901890725027,-19.041859607897347,158.49039749888345,false,软件服务,false,2.5849039749888343,true,falling,false,false,0.0,0.5639465791616691,0.7958111266611798,软件服务,-5.0,-2.0,3.0,0.3,0.5,0.3610059761995903,0.5456969255588685,1.1632520608491126,true,false,-0.1735890951995509,0.22898669863321508,,,,,,,0.6492985971943889,1,0.0,single_year_drop,0.44104005086607156,false,decreasing_vol,19.41837396957544,中度恶化-10分; 峰值大幅下跌-15分(从17.1跌至7.0，跌幅-58.8%),"","",0,0
002993.SZ,奥海科技,元器件,11.748251,-0.23349606542731116,-3.10603,0.9065500103112253,0.012482357072126204,-0.20526104328510453,8.5027,70.33007869145378,-0.2402116773578532,-0.7999999999999999,0.08333333333333333,good,good,good,false,0,false,0,false,0,false,0,0.42034861518294725,5.3300456614366825,1.0282601186429716,stable,false,false,none,-7.600100000000001,0.0,-1.8952399999999998,5.704860000000002,0.7377671174068233,1.0,0.8776711740682331,false,none,0.22740000000000116,-3.319700000000001,-26.669253988788267,2.747936630696182,-28.630444156964213,false,元器件,false,1.0,false,rising,false,false,0.0,0.42034861518294725,0.46961222547969117,元器件,-5.0,-2.0,3.0,0.3,0.5,-0.1543021724682041,0.6850359929480679,0.14943363667749132,true,false,-0.23349606542731116,0.9065500103112253,,,,,,,0.435483870967742,0,0.0,none,0.16336137820102303,false,decreasing_vol,29.669921308546222,轻度衰退-4.7分(log斜率-0.233); 持续衰退重罚-10.0分(最新<加权); 峰值大幅下跌-15分(从21.3跌至8.5，跌幅-60.1%),"","",0,0
002997.SZ,瑞鹄模具,专用机械,11.5797,-0.032833864200552836,-0.36226,0.2689667681311229,0.3706002252817062,0.06544305194454059,15.3356,97.5465552341155,0.042889088494479255,0.19999999999999998,0.8166666666666667,good,good,good,false,0,false,0,false,0,false,0,0.22585769282782645,2.53273654729425,0.5559726980718502,moderate,false,false,none,-1.3999499999999996,0.0,3.1172999999999993,4.517249999999999,0.675402697522879,0.8885525095809691,0.8654744656478208,false,none,5.245999999999999,0.9885999999999999,68.50455993846828,51.99413257215348,10.862542577738708,false,专用机械,false,1.0,false,rising,false,false,0.0,0.22585769282782645,0.3140194875955945,专用机械,-5.0,-2.0,3.0,0.3,0.5,0.25992461283737556,0.8911267512457369,0.39341736191680043,true,false,0.055085194525176906,0.17236569955914594,,,,,,,0.07161803713527852,0,0.0,none,0.20091913798811448,false,increasing_vol,2.4534447658844964,波动率飙升预警-4.5分(近期波动是早期的2.2倍),"","",0,0
003007.SZ,直真科技,软件服务,3.3862840000000003,-0.1907563842217937,-1.0516550000000002,0.3951143012266267,0.2560443397762981,,3.0422,26.0,-0.07726290528606618,-0.19999999999999998,0.8166666666666667,has_loss,has_loss,good,true,1,false,0,false,0,false,0,2.2000205846085468,7.1706590926497125,5.524857640763831,high_volatility,false,false,none,-18.0075,0.0,3.9392799999999992,21.94678,0.649158248482666,1.0,0.4915824848266598,true,severe,-5.4335,4.5805,-21.898747176011508,-64.10679943839448,117.59344834668309,false,软件服务,true,inf,true,falling,false,false,0.0,2.2000205846085468,1.0,软件服务,-5.0,-2.0,3.0,0.3,0.5,-0.11863444164278214,0.05131907635027571,0.3176206751475577,false,false,0.34581165922632534,0.05183460523011951,,,,,,,0.9737039819684448,1,0.0,cliff_drop,2.190426321867192,true,decreasing_vol,74.0,严重恶化-15分; 持续衰退重罚-10.0分(最新<加权); 单年巨幅下滑-15.0分(年跌-64.1%); 周期回落期-3分(景气下行趋势); 贝叶斯高置信度恶化-12分(恶化概率97.4%，严重恶化确认); 波动聚集提示-2分(大波动后可能跟着大波动); 趋势不可靠-2分(Bootstrap CI过宽: 0.679); 峰值大幅下跌-15分(从9.4跌至3.0，跌幅-67.8%),"","",0,0
003008.SZ,开普检测,电气设备,7.039493,-0.06587349298795364,-0.5738899999999999,0.1553591863009519,0.511460279035886,-0.0688506023811456,7.8942,98.0,-0.058328512806211874,-0.19999999999999998,0.8166666666666667,good,good,good,false,0,false,0,false,0,false,0,0.2858848860951566,2.061704597656997,0.7081587318315061,moderate,false,false,none,-4.5817,0.0,0.49688999999999994,5.078589999999999,0.6354964663684455,1.0,0.354964663684455,false,none,2.5001999999999995,-0.9558,24.322025890579223,46.35150166852057,-15.052442596617215,false,电气设备,false,1.1225371907401023,true,rising,false,false,0.0,0.2858848860951566,0.378379534308139,电气设备,-5.0,-2.0,3.0,0.3,0.5,0.10777460423949825,0.3257370055593578,0.3573561680305595,true,false,-0.06587349298795364,0.1553591863009519,,,,,,,0.07161803713527852,0,0.0,none,0.2567070201005409,false,stable,2.0,趋势不可靠-2分(Bootstrap CI过宽: 0.403),"","",0,0
003015.SZ,日久光电,元器件,4.5068660000000005,-0.08336513801772064,-0.6715000000000001,0.12994624391762785,0.5511656566681917,,6.4193,69.0,-0.4679725245447719,-0.39999999999999997,0.48333333333333334,has_loss,has_loss,good,true,1,false,0,false,0,false,0,0.8429511842587634,4.164583466806735,2.251400673618758,high_volatility,false,false,none,-3.16735,0.0,1.4841499999999999,4.6514999999999995,0.5433260043702641,0.9981738605366575,0.14380532100836665,false,none,7.7566,-4.7883,86.01274992755722,580.0194421595752,-138.75108664155314,false,元器件,false,1.0,false,rising,false,false,0.0,0.8429511842587634,0.807694280740344,元器件,-5.0,-2.0,3.0,0.3,0.5,0.3031486794259921,0.023889521895150107,0.8153979576841008,false,false,-0.44903664971611934,0.18388934891748143,,,,,,,0.07161803713527852,0,0.0,none,0.7046916608992403,true,increasing_vol,31.0,单年巨幅下滑-15.0分(年跌-138.8%); 波动聚集风险-6分(ARCH效应+波动上升); 趋势不可靠-2分(Bootstrap CI过宽: 0.867); 峰值明显下跌-8分(从9.8跌至6.4，跌幅-34.4%),"","",0,0
003019.SZ,宸展光电,元器件,11.48207,-0.05301843869300145,-0.5696200000000001,0.7431471837021358,0.060210671230987646,-0.06636891613341,9.2889,39.78711477747781,-0.05816489347592502,-0.39999999999999997,0.48333333333333334,good,good,good,false,0,false,0,false,0,false,0,0.2345780789551813,2.7602521056961438,0.5987653481636592,moderate,false,false,none,2.054549999999999,0.0,-3.5227999999999993,-5.577349999999998,0.5892008569016793,0.457440931643357,0.8821212530144276,true,severe,-1.292300000000001,-5.753299999999998,-43.133245584499065,-12.213170528862518,-35.22176987358045,false,元器件,false,1.569960785821383,true,falling,false,false,0.0,0.2345780789551813,0.39699056794032944,元器件,-5.0,-2.0,3.0,0.3,0.5,-0.2812550251468797,0.9116467340529182,-0.4257704450443862,false,true,-0.05301843869300145,0.14940865056290045,,,,,,,0.9507042253521126,2,-0.6532493803491825,sustained_decline,0.2217393885886198,false,stable,60.21288522252219,"严重恶化-15分; 单年巨幅下滑-15.0分(年跌-35.2%); 加速下滑-0.2分(加速度-0.43); 贝叶斯高置信度恶化-12分(恶化概率95.1%，严重恶化确认); 趋势不确定预警-4分(Bootstrap CI跨零: [-0.088, 0.008]); 峰值明显下跌-8分(从16.3跌至9.3，跌幅-43.1%); 连续下跌警示-6分(2年下跌，累计-24.0%)","","",0,0
003021.SZ,兆威机电,元器件,6.059759,0.07990246068716154,0.4032499999999999,0.567493150752146,0.14150441309149445,-0.1886469323325085,5.9792,91.0,0.07329269542786077,0.19999999999999998,0.8166666666666667,good,good,good,false,0,false,0,false,0,false,0,0.6402299712801385,4.162186261689882,1.5260541325441312,volatile,false,true,deterioration_to_recovery,-9.921,0.0,0.70612,10.62712,0.9314558810886466,1.0,0.9078188012183952,false,none,1.1764999999999999,0.7534000000000001,47.660089398167585,24.496637308180812,18.605684933198333,false,元器件,false,1.0,false,rising,false,false,0.0,0.6402299712801385,0.6455173103574441,元器件,-5.0,-2.0,3.0,0.3,0.5,0.1908769278269442,0.9945446274808766,0.7970528044095493,true,false,-0.14525447763238208,0.20007701204443515,,,,,,,0.07161803713527852,0,0.0,none,0.5309301672327928,false,decreasing_vol,19.0,"趋势不确定预警-4分(Bootstrap CI跨零: [-0.056, 0.191]); 峰值大幅下跌-15分(从13.8跌至6.0，跌幅-56.7%)",turnaround,"V型反转(形态确认, 斜率改善10.63)",0,1
003028.SZ,振邦智能,元器件,14.214251,-0.2176189687645938,-3.44143,0.9267755395145734,0.008601902623301056,-0.19843886867115856,9.9661,22.647620624708125,-0.21303596470478392,-0.9999999999999999,0.016666666666666666,good,good,good,false,0,false,0,false,0,false,0,0.3802769984461529,5.79796170666899,0.9297893049503236,stable,false,false,none,-5.9372,0.0,-1.1508999999999991,4.786300000000001,0.7863303896218939,0.9994299348841277,0.8670456309935988,true,moderate,-1.9314999999999998,-0.3702999999999985,-18.762787437132666,-16.234366594943513,-3.0184465148884367,false,元器件,false,1.0,false,falling,false,false,0.0,0.3802769984461529,0.43755493209025564,元器件,-5.0,-2.0,3.0,0.3,0.5,-0.10347308276490685,0.8579401154103883,0.23440244407912036,true,false,-0.2176189687645938,0.9267755395145734,,,,,,,0.9932937344318835,1,4.378384713748536,single_year_drop,0.1313032588229043,false,decreasing_vol,77.35237937529187,复合恶化-14.0分(触发2项恶化信号); 轻度衰退-4.4分(log斜率-0.218); 中度恶化-10分; 持续衰退重罚-10.0分(最新<加权); 贝叶斯恶化预警-8分(恶化概率99.3%); 峰值大幅下跌-15分(从24.1跌至10.0，跌幅-58.7%); 智能连续下跌-16分(4年实质性下跌，累计跌幅-58.7%),"","",0,0
003031.SZ,中瓷电子,元器件,11.962275,-0.04351178469385966,-0.47287999999999997,0.4433096201376403,0.21991069180670858,-0.06042811646362223,9.571,43.96709795347837,-0.021665611600703644,-0.19999999999999998,0.8166666666666667,good,good,good,false,0,false,0,false,0,false,0,0.17178648269022,2.065024694041212,0.4617715175594466,stable,false,false,none,-0.012249999999999872,0.0,-1.3428000000000004,-1.3305500000000006,0.336220842606787,0.00023126687695960508,0.2339936972081305,true,severe,-5.5509,2.8652999999999995,-21.911459948109595,-36.70768884862352,23.37760879852487,false,元器件,false,1.390672993801615,true,falling,false,false,0.0,0.17178648269022,0.3228522519923913,元器件,-5.0,-2.0,3.0,0.3,0.5,-0.12313444090795267,0.29131873100056427,-0.12213927717060202,false,false,-0.01677468170708516,0.024677850095607235,,,,,,,0.9737039819684448,1,0.0,cliff_drop,0.17109328843767288,true,increasing_vol,56.03290204652163,严重恶化-15分; 单年巨幅下滑-15.0分(年跌-36.7%); 贝叶斯高置信度恶化-12分(恶化概率97.4%，严重恶化确认); 波动率飙升预警-6.0分(近期波动是早期的3.0倍); 峰值明显下跌-8分(从15.1跌至9.6，跌幅-36.7%),"","",0,0
003816.SZ,中国广核,新型电力,5.9316450000000005,-0.01419761768734178,-0.08706999999999994,0.3922139627602693,0.25833585878495213,-0.014256675211200664,5.8797,100.0,-0.01424351523624734,-0.6,0.23333333333333334,good,good,good,false,0,false,0,false,0,false,0,0.036201103003458156,0.2163081066442031,0.0921311157153424,ultra_stable,false,false,none,-0.2752499999999998,0.0,0.10144999999999982,0.3766999999999996,0.5114327522145877,0.8731063025133413,0.4878212196325366,false,none,-0.07860000000000067,0.2815000000000003,3.5741967305524174,-1.3191682191229153,4.958779594137548,false,新型电力,false,1.0495877959413755,true,falling,false,false,0.0,0.036201103003458156,0.1689059218616166,新型电力,-5.0,-2.0,3.0,0.3,0.5,0.017301706528985106,0.4929071518943501,0.06293745170077969,true,false,-0.01419761768734178,0.3922139627602693,,,,,,,0.27835051546391754,0,0.0,none,0.0279224969650143,false,decreasing_vol,0.0,"","","",0,0
300001.SZ,特锐德,电气设备,5.032859,0.01698797741135911,0.07378,0.02405087301815243,0.803336020842308,0.15549810494917082,7.759,100.0,0.17267110302709732,0.6,0.23333333333333334,good,good,good,false,0,false,0,false,0,false,0,0.3809580887920499,1.8196234536298987,0.9251032149466968,moderate,false,false,none,-0.4981500000000001,0.0,2.2014500000000004,2.6996,0.672230709786553,0.738108936059371,0.9841981618061586,false,none,2.6846000000000005,1.7182999999999997,131.19096570424006,52.90477691943877,51.1993087214326,false,电气设备,false,1.0,false,rising,false,false,0.0,0.3809580887920499,0.43809980436697327,电气设备,-5.0,-2.0,3.0,0.3,0.5,0.41035483945947826,0.9998450922658064,0.5360548201108426,true,false,0.1544648988532731,0.5116236552169711,,,,,,,0.07161803713527852,0,0.0,none,0.25509590371173707,false,increasing_vol,10.0,波动率飙升预警-8.0分(近期波动是早期的4.3倍); 趋势不可靠-2分(Bootstrap CI过宽: 0.372),turnaround,"底部强力反转(曾跌131%, 近期斜率0.41)",0,1
300004.SZ,南风股份,电气设备,-4.106747000000001,-0.45571251734139245,-1.111745,0.18833656814075944,0.4653133400273548,,3.165,99.0,0.18770473478618366,0.0,1.0,poor,poor,has_loss,true,2,true,1,true,1,true,1,3.1899979708525,15.230517711916427,7.886672000603211,high_volatility,false,false,none,-37.6546,0.0,9.986499999999998,47.6411,0.6643678727990019,1.0,0.6436787279900184,false,none,6.0054,-3.7066999999999997,265.3468775251068,211.4279678918462,-427.8771788064181,false,电气设备,true,inf,true,rising,false,false,0.0,3.1899979708525,1.0,电气设备,-5.0,-2.0,3.0,0.3,0.5,0.5428822183990829,0.08459133473232848,1.420709934451597,false,false,0.10323867947989873,0.0034710011870634503,,,,,,,0.07161803713527852,0,0.0,none,3.103675384230469,true,decreasing_vol,13.0,单年巨幅下滑-15.0分(年跌-427.9%); 波动聚集提示-2分(大波动后可能跟着大波动); 趋势不可靠-2分(Bootstrap CI过宽: 2.269); 峰值明显下跌-8分(从6.3跌至3.2，跌幅-49.7%),cyclical_bottom,"周期底部(mid_up), 近期强势(54.3%)",0,0
300009.SZ,安科生物,生物制药,17.183148,0.1941523496687043,2.66976,0.35831250993600416,0.28619199369056636,0.0960194847577589,17.1053,89.75878831349317,0.15619874637467063,0.19999999999999998,0.8166666666666667,good,good,good,false,0,false,0,false,0,false,0,0.4330590513278539,7.094468651844195,0.9920755550834989,moderate,false,false,none,5.6168,0.0,-2.9910499999999995,-8.60785,0.5092964230990555,0.4555483639440023,0.7572459360193019,true,moderate,-5.924299999999999,-0.057800000000000296,-25.910669889203632,-25.724719491437103,-0.25035300640176156,false,生物制药,false,3.3778200438917336,true,falling,false,false,0.0,0.4330590513278539,0.7968232469145142,生物制药,-5.0,-2.0,3.0,0.3,0.5,-0.14975700241927914,0.7562705047694931,-0.4824233730136591,false,true,0.1941523496687043,0.35831250993600416,,,,,,,0.9932937344318835,1,25.47436648503534,single_year_drop,0.34805832302366924,false,decreasing_vol,10.24121168650683,中度恶化-10分; 加速下滑-0.2分(加速度-0.48); 贝叶斯恶化预警-8分(恶化概率99.3%); 趋势不可靠-2分(Bootstrap CI过宽: 0.863),"","",0,0
300014.SZ,亿纬锂能,电气设备,9.679591,-0.1512145924982311,-1.52243,0.909126893189462,0.01195966888181549,-0.1275298019601231,7.3702,39.97570815003537,-0.13578084595576018,-0.7999999999999999,0.08333333333333333,good,good,good,false,0,false,0,false,0,false,0,0.25240649052473785,2.5584729580357104,0.5531889285263291,ultra_stable,false,false,none,0.2577999999999996,0.0,-1.7531700000000001,-2.0109699999999995,0.47472091901849356,1.0,0.861396788294049,true,severe,-1.0819999999999999,-0.7098000000000013,-19.556865313250395,-12.801400818721753,-7.747216764898507,false,电气设备,false,1.0,true,falling,false,false,0.0,0.25240649052473785,0.33525852575312365,电气设备,-5.0,-2.0,3.0,0.3,0.5,-0.10800687783915741,0.9782637734290447,0.055325168595729446,true,false,-0.1512145924982311,0.909126893189462,,,,,,,0.9940134561343378,3,0.6523870710218159,accelerating_decline,0.08551192910437058,false,decreasing_vol,60.02429184996463,轻度衰退-3.0分(log斜率-0.151); 严重恶化-15分; 持续衰退重罚-10.0分(最新<加权); 贝叶斯高置信度恶化-12分(恶化概率99.4%，严重恶化确认); 峰值明显下跌-8分(从13.0跌至7.4，跌幅-43.2%); 智能连续下跌-12分(3年实质性下跌，累计跌幅-42.1%),"","",0,0
300015.SZ,爱尔眼科,医疗保健,15.164719999999999,-0.04392614722050228,-0.6924000000000001,0.544503504480999,0.15458413236086993,-0.04451086135341187,14.2606,91.0,-0.041657841105961824,-0.6,0.23333333333333334,good,good,good,false,0,false,0,false,0,false,0,0.09385873719772418,1.4558353639749242,0.20995530890495212,ultra_stable,false,false,none,-1.6283000000000003,0.0,0.20389999999999994,1.8322000000000003,0.43282368373485147,0.825207613941165,0.052788518395894185,true,moderate,-1.2920999999999996,1.6998999999999995,2.9438091938091935,-8.307882232666994,12.271165396165392,false,医疗保健,false,1.122711653961654,true,falling,false,false,0.0,0.09385873719772418,0.22478187695306653,医疗保健,-5.0,-2.0,3.0,0.3,0.5,0.01446997321718313,0.05799530596779655,0.1198166490280914,false,false,-0.04392614722050228,0.544503504480999,,,,,,,0.6492985971943889,1,0.0,single_year_drop,0.06186878067954734,false,stable,9.0,"中度恶化-10分; 趋势不确定预警-4分(Bootstrap CI跨零: [-0.116, 0.028])","","",0,0
300017.SZ,网宿科技,软件服务,3.168064,0.3701500250697393,1.1200799999999997,0.6971481071295601,0.07846689764149076,0.3408078050224326,5.1107,100.51503327977966,0.38035092655020836,0.6,0.23333333333333334,good,good,good,false,0,true,1,false,0,true,1,0.7296315715327023,2.066345795843474,1.4867727856951172,volatile,false,false,none,-0.6811999999999999,0.0,1.61479,2.2959899999999998,0.6561380357579746,1.0,0.8620729275718092,false,none,0.0686,3.5161,234.90825688073392,1.3605442176870748,230.4128440366972,false,软件服务,false,1.0,false,rising,false,false,0.0,0.7296315715327023,0.7170385905594951,软件服务,-5.0,-2.0,3.0,0.3,0.5,0.5624105253511554,0.7588394252411914,0.5773760680793145,false,false,0.3701500250697393,0.6971481071295601,,,,,,,0.07161803713527852,0,0.0,none,0.37590676156508174,false,increasing_vol,9.484966720220335,"波动率飙升预警-5.5分(近期波动是早期的2.7倍); 趋势不确定预警-4分(Bootstrap CI跨零: [-0.074, 0.800])",turnaround,"底部强力反转(曾跌235%, 近期斜率0.56)",0,1
300018.SZ,中元股份,电气设备,4.3025210000000005,0.04532394326519147,0.18026999999999999,0.12452127927631063,0.560211555388437,0.10218808273857283,5.5519,120.0,0.08911479312180706,0.19999999999999998,0.8166666666666667,good,good,good,false,0,true,1,false,0,false,0,0.5598546493457545,2.3785088864664767,1.4621602282249486,high_volatility,false,false,none,-1.6674,0.0,2.56235,4.22975,0.45261169269904616,0.28767721695936826,0.8488957554044206,false,none,0.6898999999999997,4.4348,1199.6020599250935,14.189633895516243,1038.1086142322097,false,电气设备,true,15.540964419475655,true,rising,false,false,0.0,0.5598546493457545,1.0,电气设备,-5.0,-2.0,3.0,0.3,0.5,1.0000656044336869,0.7986356357550352,1.8101366260086156,true,false,0.04532394326519147,0.006619071950880042,,,,,,,0.07161803713527852,0,0.0,none,0.5558201437065874,false,decreasing_vol,2.0,趋势不可靠-2分(Bootstrap CI过宽: 0.381),"turnaround,cyclical_bottom","底部强力反转(曾跌1200%, 近期斜率1.00); 周期底部(mid_up), 近期强势(100.0%)",0,1
300033.SZ,同花顺,软件服务,23.772451000000004,-0.1538840575639081,-3.9442300000000006,0.720602828993789,0.06889772373805715,-0.11275754690475714,21.3467,81.92231884872183,-0.1784015569903562,-0.7999999999999999,0.08333333333333333,good,good,good,false,0,false,0,false,0,false,0,0.28550618963492164,7.125012526796006,0.7100255973380051,stable,false,false,none,-6.0805,0.0,-0.4700500000000005,5.610449999999999,0.6002365623760636,0.9774018460494936,0.02496377771114235,false,none,4.618099999999998,-5.558199999999999,-4.218191934239106,27.60601604437908,-24.93942602796274,true,软件服务,false,1.0,false,rising,false,false,0.0,0.28550618963492164,0.36173828504127065,软件服务,-5.0,-2.0,3.0,0.3,0.5,-0.021526088550660516,0.019416777311745993,0.196053026111493,false,false,-0.1538840575639081,0.720602828993789,,,,,,,0.09326424870466322,0,0.0,none,0.13807592239597108,false,stable,18.077681151278163,轻度衰退-3.1分(log斜率-0.154); 持续衰退重罚-10.0分(最新<加权); 峰值明显下跌-8分(从34.4跌至21.3，跌幅-38.0%),"","",0,0
300035.SZ,中科电气,电气设备,6.6664460000000005,-0.02661253026270423,-0.18662000000000012,0.33125511274482095,0.3099434510894309,-0.033052131204340474,6.4844,91.0,-0.14939862318371683,-0.39999999999999997,0.48333333333333334,good,good,good,false,0,false,0,false,0,false,0,0.5258663799994008,3.6977451415693863,1.4661562178243732,volatile,false,false,none,4.3962,0.0,-2.2422700000000004,-6.638470000000001,0.47780261967552395,1.0,0.461202438922239,false,none,4.9803,-6.4348,-18.321177996951725,331.11495246326706,-81.05405030923679,false,电气设备,true,7.854331493916629,true,rising,false,false,0.0,0.5258663799994008,1.0,电气设备,-5.0,-2.0,3.0,0.3,0.5,-0.1002126598205204,0.013720713031622611,-0.13389399398428026,false,false,-0.22332835249000804,0.22123185793781733,,,,,,,0.435483870967742,0,0.0,none,0.44897494791937986,false,stable,9.0,单年巨幅下滑-15.0分(年跌-81.1%); 峰值明显下跌-8分(从11.8跌至6.5，跌幅-45.1%),"","",0,0
300047.SZ,天源迪科,软件服务,2.375477,-0.05096742090221456,-0.11557000000000005,0.5557331011588215,0.1481190681358712,-0.1939976674586119,1.7535,38.0,-0.1292763412592733,-0.9999999999999999,0.016666666666666666,good,good,good,false,0,false,0,false,0,false,0,0.3720812685695626,0.9414028176078503,0.9491324453578909,stable,false,true,improving,-1.7241999999999997,0.0,-0.21841999999999998,1.5057799999999997,0.9195442158284985,1.0,0.973664950312313,true,severe,-0.3259000000000001,-0.15260000000000007,-21.43817204301076,-15.672790227950372,-6.836917562724016,false,软件服务,false,1.0,false,falling,false,false,0.0,0.3720812685695626,0.4309983481889834,软件服务,-5.0,-2.0,3.0,0.3,0.5,-0.10759500114581233,0.9486396398805927,0.1867997220336508,true,false,-0.17505499511731276,0.8211668253916371,,,,,,,0.9988407781611552,4,1.2923766571943132,accelerating_decline,0.186275924371403,false,decreasing_vol,62.0,"严重恶化-15分; 贝叶斯高置信度恶化-12分(恶化概率99.9%，严重恶化确认); 趋势不确定预警-4分(Bootstrap CI跨零: [-0.108, 0.029]); 峰值大幅下跌-15分(从4.2跌至1.8，跌幅-57.8%); 智能连续下跌-16分(4年实质性下跌，累计跌幅-57.8%)","","",0,0
300048.SZ,合康新能,电气设备,-5.416976000000001,0.5273950174254346,4.136480000000001,0.09239702049581827,0.6190203781742514,,1.3785,82.0,0.09764940064782945,0.0,1.0,poor,poor,poor,true,2,false,0,true,2,false,0,1.927826835853486,12.835316846965641,4.441762592521388,high_volatility,false,false,none,29.572900000000004,0.0,-1.8016800000000004,-31.374580000000005,0.6107137759983181,1.0,0.10713775998318084,false,none,13.6194,-13.8552,-14.60695038097008,111.26142685586844,-858.2791302731835,false,电气设备,true,inf,true,rising,false,false,0.0,1.927826835853486,1.0,电气设备,-5.0,-2.0,3.0,0.3,0.5,-0.06555823831265384,0.0006684097901164445,-2.68490995581379,false,false,0.5273950174254346,0.09239702049581827,,,,,,,0.2783505154639176,0,0.0,none,1.658771252546943,false,stable,18.0,单年巨幅下滑-15.0分(年跌-858.3%); 趋势不可靠-2分(Bootstrap CI过宽: 5.782); 峰值大幅下跌-15分(从2.8跌至1.4，跌幅-50.2%),"","",0,0
300049.SZ,福瑞股份,医疗保健,8.19377,0.11851089966153716,0.8561000000000002,0.7388579926319749,0.06182500542949187,0.1444148215987151,9.0606,100.0,0.11364913338661964,0.7999999999999999,0.08333333333333333,good,good,good,false,0,false,0,false,0,false,0,0.19821475497665125,1.5392802870172801,0.48653569791339385,ultra_stable,false,false,none,2.7085999999999997,0.0,0.4704900000000003,-2.2381099999999994,0.6625908396903505,1.0,0.6259083969035044,false,none,0.06530000000000058,1.4958,20.816054403626914,0.7259346547641611,19.94532968864591,false,医疗保健,false,1.0655243682912194,true,rising,false,false,0.0,0.19821475497665125,0.30064171975348364,医疗保健,-5.0,-2.0,3.0,0.3,0.5,0.09385737865968811,0.7786799775180794,-0.07916701890772605,false,true,0.11851089966153716,0.7388579926319749,,,,,,,0.07161803713527852,0,0.0,none,0.09437397049784839,false,decreasing_vol,0.0,"","","",0,0
300069.SZ,金利华电,电气设备,-1.714076,1.6781919126679576,5.284680000000001,0.8254377416158764,0.032746056362010785,,8.426,100.73372781065089,1.6023349946887888,0.9999999999999999,0.016666666666666666,poor,poor,poor,true,3,false,0,true,3,false,0,2.64477815940902,8.726392641406873,6.217525185786852,high_volatility,false,false,none,2.2138999999999998,0.0,8.0434,5.8295,0.6842884054561431,0.885497346299753,0.957386708261678,false,none,5.1042000000000005,10.9826,209.98851294903926,153.65765548798845,143.3610066833751,false,电气设备,false,1.0,false,rising,false,false,0.0,2.64477815940902,1.0,电气设备,-5.0,-2.0,3.0,0.3,0.5,2.7807342998053475,0.8692043924919207,2.553924317601797,true,false,1.6781919126679576,0.8254377416158764,,,,,,,0.07161803713527852,0,0.0,none,0.7625483626232543,false,increasing_vol,9.266272189349113,波动率飙升预警-7.3分(近期波动是早期的3.6倍); 趋势不可靠-2分(Bootstrap CI过宽: 2.821),turnaround,扭亏为盈(曾亏损3年 -> 最新8.4),0,1
300088.SZ,长信科技,元器件,6.562462,-0.35634097845965906,-2.33426,0.8142590234230679,0.036081988433321895,-0.24758538766259164,3.5723,35.77977987673292,-0.36897069200242305,-0.7999999999999999,0.08333333333333333,good,good,good,false,0,false,0,false,0,false,0,0.5447137654270241,3.9561144527174643,1.13908800259957,stable,false,false,none,-0.0777000000000001,0.0,-2.72689,-2.64919,0.47995053217594186,1.0,0.8497479995047007,false,none,0.6991999999999998,-4.7809,-53.32767180559185,24.336082976575817,-62.46276456754638,false,元器件,false,1.0,false,rising,false,false,0.0,0.5447137654270241,0.5691043456749526,元器件,-5.0,-2.0,3.0,0.3,0.5,-0.3736102381124933,0.5532759398415761,-0.1868011081478107,false,true,-0.35634097845965906,0.8142590234230679,,,,,,,0.6067415730337079,0,0.0,none,0.19612441637449396,false,increasing_vol,64.22022012326708,轻度衰退-7.1分(log斜率-0.356); 持续衰退重罚-10.0分(最新<加权); 单年巨幅下滑-15.0分(年跌-62.5%); 相对加权暴跌-15.0分(最新仅为加权54.4%); 加速下滑-0.1分(加速度-0.19); 趋势不可靠-2分(Bootstrap CI过宽: 0.537); 峰值大幅下跌-15分(从11.1跌至3.6，跌幅-67.9%),"","",0,0
300092.SZ,科新机电,专用机械,12.77592,0.017774930669951818,0.23048000000000002,0.147618494168091,0.5231240145253906,-0.037944308895956014,10.6176,72.86321797868406,-0.008459539473410327,0.0,1.0,good,good,good,false,0,false,0,false,0,false,0,0.1265238693861301,1.6353032984740175,0.34630162338315473,stable,false,false,none,1.3495500000000007,0.0,-2.2379500000000005,-3.5875000000000012,0.6870840307266306,0.9016616886634669,0.9691786186028394,true,severe,-2.9292,-1.5467000000000013,-29.654487030841096,-21.622818673044556,-10.247457514824271,false,专用机械,false,1.0,true,falling,false,false,0.0,0.1265238693861301,0.23455242884223743,专用机械,-5.0,-2.0,3.0,0.3,0.5,-0.17531824575614108,0.9529567119418314,-0.27356404263188216,false,true,-0.026505550453484128,0.10634026453822502,,,,,,,0.9950580188867176,2,1.1100666815904683,accelerating_decline,0.12116258622619541,false,increasing_vol,27.13678202131594,严重恶化-15分; 加速下滑-0.1分(加速度-0.27); 贝叶斯高置信度恶化-12分(恶化概率99.5%，严重恶化确认),"","",0,0
300102.SZ,乾照光电,半导体,0.920272,-0.08753043380616021,-0.26787,0.019658262891174973,0.8220683525441207,,2.2142,93.0,0.9127564492889719,0.39999999999999997,0.48333333333333334,poor,poor,has_loss,true,2,true,2,true,1,true,2,5.235547241038033,3.4010114877783053,14.18534482758621,high_volatility,false,false,none,9.2148,0.0,-0.6812699999999999,-9.89607,0.6150958278523982,1.0,0.15095827852398222,false,none,1.3711,1.2234,682.2245595582434,162.62602301031907,321.6933999474099,false,半导体,true,inf,true,rising,false,false,0.0,5.235547241038033,1.0,半导体,-5.0,-2.0,3.0,0.3,0.5,0.9536018216386735,0.9877350284223425,0.054460496466268826,false,false,0.5885728634974695,0.28395542616977587,,,,,,,0.07161803713527852,0,0.0,none,4.752708069784383,true,decreasing_vol,19.0,波动聚集提示-2分(大波动后可能跟着大波动); 趋势不可靠-2分(Bootstrap CI过宽: 2.014); 峰值大幅下跌-15分(从4.9跌至2.2，跌幅-54.7%),cyclical_bottom,"周期底部(mid_up), 近期强势(95.4%)",0,0
300115.SZ,长盈精密,元器件,3.4296870000000004,0.36706900840495227,0.48388999999999993,0.07997494179688812,0.6447885965331173,,7.195,108.0,0.3717029611047832,0.19999999999999998,0.8166666666666667,has_loss,has_loss,has_loss,true,1,false,0,true,1,false,0,1.550215236385532,5.091712948213008,3.946938974340238,high_volatility,false,false,none,-12.9638,0.0,3.5620199999999995,16.52582,0.6905615148402894,1.0,0.9056151484028939,false,none,4.290900000000001,0.5628000000000002,207.30790586426346,147.75317654350746,24.037927647033708,false,元器件,false,1.0,false,rising,false,false,0.0,1.550215236385532,1.0,元器件,-5.0,-2.0,3.0,0.3,0.5,0.5423527164935127,0.8833892597979911,1.1657893919029099,false,false,0.36706900840495227,0.07997494179688812,,,,,,,0.07161803713527852,0,0.0,none,1.532614128929147,false,decreasing_vol,2.0,趋势不可靠-2分(Bootstrap CI过宽: 3.509),turnaround,扭亏为盈(曾亏损1年 -> 最新7.2),0,1
300120.SZ,经纬辉开,元器件,0.2091460000000001,-0.21182067676601593,-0.4958550000000001,0.7631540094919981,0.052918904343987806,,1.053,55.76358646467968,-0.2944239714633816,-0.7999999999999999,0.08333333333333333,has_loss,has_loss,good,true,1,false,0,false,0,false,0,6.403498797658753,3.9695289046686635,15.829004678173892,high_volatility,false,false,none,-0.56755,0.0,-0.6581000000000001,-0.09055000000000013,0.11676737002826428,0.8231476010347338,0.019804132063517728,false,none,7.3610999999999995,-8.677299999999999,-55.55461759243627,116.69282351262662,-366.2544318757386,false,元器件,false,1.0,false,rising,false,false,0.0,6.403498797658753,1.0,元器件,-5.0,-2.0,3.0,0.3,0.5,-0.33958420392833916,0.023407609095272914,-0.15489693098776264,false,false,-0.6278480763246279,0.2846919530491068,,,,,,,0.6067415730337079,0,0.0,none,5.3673815997621315,false,increasing_vol,44.23641353532032,轻度衰退-4.2分(log斜率-0.212); 单年巨幅下滑-15.0分(年跌-366.3%); 波动率飙升预警-8.0分(近期波动是早期的14.1倍); 趋势不可靠-2分(Bootstrap CI过宽: 0.333); 峰值大幅下跌-15分(从3.5跌至1.1，跌幅-70.0%),"","",0,0
300131.SZ,英唐智控,元器件,4.269947,-0.008248953663272897,-0.028730000000000103,0.059054814069854064,0.6936605040110171,-0.2414062851136375,3.7015,83.0,-0.053408465661290094,0.0,1.0,good,good,good,false,0,false,0,false,0,false,0,0.80015776248579,3.7364486940141437,2.0509075646088353,high_volatility,false,false,none,-9.577000000000002,0.0,0.58926,10.166260000000001,0.7469422753611388,1.0,0.5975304517769469,false,none,0.47239999999999993,-0.4107000000000003,1.6951480850596088,14.629463317952368,-11.283587010275298,false,元器件,false,1.507319598302102,true,rising,false,false,0.0,0.80015776248579,0.8411021564289123,元器件,-5.0,-2.0,3.0,0.3,0.5,0.008109131563283745,0.012864356343996512,0.5609103580248136,false,false,-0.15394560682515232,0.13225497934458505,,,,,,,0.13366336633663367,0,0.0,none,0.6608656207029249,true,decreasing_vol,17.0,波动聚集提示-2分(大波动后可能跟着大波动); 峰值大幅下跌-15分(从11.2跌至3.7，跌幅-66.9%),"","",0,0
300136.SZ,信维通信,元器件,7.214904000000001,0.009643325196657804,0.06504999999999993,0.016755943946783456,0.8356472556112176,-0.16367427892243336,6.5311,85.0,-0.11508880434273638,-0.39999999999999997,0.48333333333333334,good,good,good,false,0,false,0,false,0,false,0,0.4301725677726243,3.282870554408138,1.044077719772732,moderate,false,false,none,-7.718699999999999,0.0,0.08185000000000002,7.800549999999999,0.6515012645630804,1.0,0.015012645630803765,false,none,1.1489000000000003,-1.8806000000000003,-10.074626865671641,21.346289621344436,-25.89359475684309,false,元器件,false,1.3188784775187041,true,rising,false,false,0.0,0.4301725677726243,0.5199885178872601,元器件,-5.0,-2.0,3.0,0.3,0.5,-0.05254305997455089,0.1227329647138275,0.250182977472742,false,false,-0.14656083577648676,0.406920464920356,,,,,,,0.2783505154639176,0,0.0,none,0.3197878495212292,false,decreasing_vol,15.0,峰值大幅下跌-15分(从13.4跌至6.5，跌幅-51.1%),"","",0,0
300143.SZ,盈康生命,医疗保健,-5.775815999999999,0.5484026730196889,1.8768799999999999,0.06227763019548665,0.6855864425189585,,5.1646,108.0,-0.03706655658155522,-0.19999999999999998,0.8166666666666667,poor,poor,poor,true,2,false,0,true,2,false,0,2.8795873180170144,18.253358458431695,6.4808925236003825,high_volatility,false,false,none,-20.540799999999997,0.0,19.82305,40.36385,0.6726475128187895,0.9985237000352585,0.7279514281526367,true,moderate,-1.1665,40.812599999999996,114.97788669286429,-18.424918260649807,118.36086017139627,false,医疗保健,true,inf,true,falling,false,false,0.0,2.8795873180170144,1.0,医疗保健,-5.0,-2.0,3.0,0.3,0.5,3.2889994057018894,0.7271509460075953,6.698850686328083,true,false,0.5484026730196889,0.06227763019548665,,,,,,,0.6492985971943889,1,0.0,single_year_drop,2.8412760625158873,false,stable,2.0,中度恶化-10分; 周期回落期-3分(景气下行趋势); 趋势不可靠-2分(Bootstrap CI过宽: 7.541),turnaround,扭亏为盈(曾亏损2年 -> 最新5.2),0,1
300150.SZ,世纪瑞尔,软件服务,-4.7866,0.4973848883991203,1.0244,0.25705318885598544,0.38329720333309136,,1.9583,98.0,0.6291544530264271,0.39999999999999997,0.48333333333333334,poor,poor,poor,true,3,false,0,true,3,true,1,1.9976992832178884,10.176120332769264,4.8368447089864,high_volatility,false,false,none,-9.025649999999999,0.0,12.319249999999998,21.344899999999996,0.5854872310039603,0.5186469506575958,0.8536088172733681,false,none,3.4829,21.1556,108.63440357668803,228.44680571953296,93.27783705611061,false,软件服务,true,inf,true,rising,false,false,0.0,1.9976992832178884,1.0,软件服务,-5.0,-2.0,3.0,0.3,0.5,2.6199773726204896,0.9999915592909202,3.4090724138796946,false,false,0.49738488839912043,0.12403813772720164,,,,,,,0.07161803713527852,0,0.0,none,1.9722314510831909,false,stable,2.0,周期顶部预警-5分(警惕景气回落); 趋势不可靠-2分(Bootstrap CI过宽: 2.594),"","",0,0
300153.SZ,科泰电源,电气设备,-0.21587100000000004,0.059650403428874156,0.14795000000000003,0.12330555570309501,0.5622694860070566,,3.0696,94.62783478265644,0.45459664362330554,0.39999999999999997,0.48333333333333334,has_loss,has_loss,good,true,1,false,0,false,0,false,0,6.125175568800302,9.585409751126969,13.922053523502798,high_volatility,false,true,worsening,20.2627,0.0,0.43981999999999993,-19.822879999999998,0.9091328443120061,1.0,0.5759156889887646,false,none,-0.0043999999999999595,-0.040300000000000225,-1.4353145169058916,-0.1431359791802199,-1.29403076132679,false,电气设备,false,1.0,true,falling,false,false,0.0,6.125175568800302,1.0,电气设备,-5.0,-2.0,3.0,0.3,0.5,-0.006877779689593577,0.8234631029074246,-2.744330434687136,false,true,1.152016600638617,0.5801026114835155,,,,,,,0.32530120481927716,0,-0.8893874987689935,none,4.1079158757707415,true,decreasing_vol,5.372165217343568,加速下滑-1.4分(加速度-2.74); 波动聚集提示-2分(大波动后可能跟着大波动); 趋势不可靠-2分(Bootstrap CI过宽: 0.423),"","",0,0
300157.SZ,新锦动力,专用机械,-41.52525500000001,-0.006955771003262612,-0.36809999999999976,0.026181763132203526,0.7948824732392509,,-48.5748,54.18330382406283,0.006554549299627177,0.0,1.0,poor,poor,poor,true,5,false,0,true,5,false,0,0.5085168327509983,21.424566768712033,1.4088277933744553,volatile,false,false,none,17.73375,0.0,-19.7603,-37.49405,0.4801509386368883,0.35257986824670523,0.9019909766453386,true,severe,-8.478300000000004,-31.042299999999997,-436.4891431600804,-21.144738318805892,-342.8497271984272,false,专用机械,true,inf,true,falling,false,false,0.0,0.5085168327509983,1.0,专用机械,-5.0,-2.0,3.0,0.3,0.5,-0.8384731771032474,0.8345179052575253,-1.6333923518743392,false,true,0.03599148307574023,0.005280662201613335,,,,,,,0.9747292418772563,2,-0.9383265126340083,sustained_decline,0.5028302478473241,false,decreasing_vol,45.81669617593717,严重恶化-15分; 单年巨幅下滑-15.0分(年跌-342.8%); 周期回落期-3分(景气下行趋势); 加速下滑-0.8分(加速度-1.63); 贝叶斯高置信度恶化-12分(恶化概率97.5%，严重恶化确认),"","",0,0
300170.SZ,汉得信息,软件服务,3.425215,-0.24818015653791298,-0.38595000000000007,0.08555945192770266,0.6329516078072192,,2.9818,72.0,-0.01970409127872129,0.0,1.0,has_loss,has_loss,has_loss,true,1,false,0,true,1,false,0,1.1374599289120766,4.027745608277663,3.0745269697825472,high_volatility,false,false,none,3.85105,0.0,-3.2520500000000006,-7.1031,0.5242286234491511,0.9864980795711262,0.3524554958504026,false,none,4.3828,-10.8869,-68.56597687093476,312.8336902212705,-114.76928915548339,false,软件服务,true,inf,true,rising,false,false,0.0,1.1374599289120766,1.0,软件服务,-5.0,-2.0,3.0,0.3,0.5,-0.566522567540657,0.07219077368734703,-1.3681097258592443,false,false,-0.24818015653791298,0.06300706612453533,,,,,,,0.6067415730337079,0,0.0,none,1.1243289172318989,false,increasing_vol,28.0,持续衰退重罚-10.0分(最新<加权); 单年巨幅下滑-15.0分(年跌-114.8%); 趋势不可靠-2分(Bootstrap CI过宽: 2.351); 峰值大幅下跌-15分(从9.5跌至3.0，跌幅-68.6%),"","",0,0
300184.SZ,力源信息,元器件,-1.5788470000000001,-0.22735648308640766,-0.9684999999999999,0.422705851409748,0.2349216334221792,,2.6608,65.5522291825099,-0.06493109471735259,0.0,1.0,has_loss,has_loss,good,true,1,false,0,false,0,false,0,5.063746517637803,19.513045930786923,12.18117130489843,high_volatility,false,true,growth_to_decline,46.9399,0.0,-2.1342399999999997,-49.07414,0.9364504212094836,1.0,0.8481560534076472,false,none,0.5726,-3.8562999999999996,-55.239296829001596,27.42074513935447,-64.87173017074606,false,元器件,true,4.065463078249209,true,rising,false,false,0.0,5.063746517637803,1.0,元器件,-5.0,-2.0,3.0,0.3,0.5,-0.38863244137483843,0.5477975271887475,-3.8012823115238965,false,true,1.0743039537394992,0.33258882871975315,,,,,,,0.6067415730337079,0,0.0,none,3.995359479319086,false,decreasing_vol,34.4477708174901,轻度衰退-4.5分(log斜率-0.227); 单年巨幅下滑-15.0分(年跌-64.9%); 增长转衰退-10.0分(斜率变化-49.07); 加速下滑-1.9分(加速度-3.80); 趋势不可靠-2分(Bootstrap CI过宽: 0.949); 峰值大幅下跌-15分(从8.5跌至2.7，跌幅-68.7%),"","",0,0
300193.SZ,佳士科技,专用机械,7.3166649999999995,0.057519552881071113,0.40829000000000015,0.298519787515721,0.34069602947493965,0.09807401786444792,8.5495,100.0,0.07250393733810205,0.6,0.23333333333333334,good,good,good,false,0,false,0,false,0,false,0,0.1686439578407472,1.199483523021471,0.37525377784526454,stable,false,false,none,0.10390000000000033,0.0,1.2306,1.1266999999999996,0.3998984755622164,0.006860040102609761,0.9618834622604122,false,none,1.6549000000000005,0.8062999999999994,40.42507760787083,24.002842804513687,13.24343412775322,false,专用机械,false,1.33858384113792,true,rising,false,false,0.0,0.1686439578407472,0.31339301175765377,专用机械,-5.0,-2.0,3.0,0.3,0.5,0.16811475063472758,0.9764667583316399,0.15098877141812572,false,false,0.057519552881071113,0.298519787515721,,,,,,,0.07161803713527852,0,0.0,none,0.14213591865231584,false,decreasing_vol,0.0,"","","",0,0
300194.SZ,福安药业,化学制药,1.8039939999999999,0.047743189660655896,0.23451499999999995,0.47507901020657967,0.19795750701507017,,5.37,98.0,0.12877030794606958,0.6,0.23333333333333334,has_loss,has_loss,good,true,1,false,0,false,0,false,0,6.188694115060248,7.594889191884238,14.420315835791463,high_volatility,false,false,none,-16.6431,0.0,5.3896500000000005,22.03275,0.6663803601395945,1.0,0.6638036013959442,false,none,0.5787000000000004,0.8057999999999996,34.73842679713963,12.07814163170748,20.21829130598418,false,化学制药,false,1.0,false,rising,false,false,0.0,6.188694115060248,1.0,化学制药,-5.0,-2.0,3.0,0.3,0.5,0.14567207670035476,0.982367080487303,0.18441706268938796,false,false,0.5904945998014233,0.1472611880247659,,,,,,,0.07161803713527852,0,0.0,none,5.671352263652255,true,decreasing_vol,2.0,波动聚集提示-2分(大波动后可能跟着大波动),"","",0,0
300204.SZ,舒泰神,生物制药,-18.475611,-0.08547673675631975,-1.0475999999999999,0.4722025910290951,0.19988791684251378,,-14.7338,75.0,-0.24475948838138495,-0.6,0.23333333333333334,poor,poor,poor,true,5,false,0,true,5,false,0,0.5180604907247456,9.11030095359094,1.3312520613690904,volatile,false,false,none,-3.45155,0.0,1.0034,4.45495,0.38194712366055916,0.9998300156978376,0.009754285966966932,false,none,18.5143,-16.5075,11.987622904794334,55.68528727957387,-98.60757678936238,false,生物制药,false,1.0,false,rising,false,false,0.0,0.5180604907247456,0.5477817259131298,生物制药,-5.0,-2.0,3.0,0.3,0.5,0.06371698510236601,0.021237266648132313,0.32869340924491297,false,false,-0.17150762263766972,0.3632827173461576,,,,,,,0.07161803713527852,0,0.0,none,0.4440757168267992,true,increasing_vol,25.0,单年巨幅下滑-15.0分(年跌-98.6%); 波动率飙升预警-8.0分(近期波动是早期的5.1倍); 趋势不可靠-2分(Bootstrap CI过宽: 0.349),"","",0,0
300220.SZ,金运激光,专用机械,-17.025011000000003,0.003030407694532267,0.10265000000000023,0.0008147400047635574,0.9636620305726082,,5.6557,100.0,0.2745016377403945,0.39999999999999997,0.48333333333333334,poor,poor,poor,true,4,false,0,true,5,false,0,0.7593461698324621,14.339265267265265,1.8912130567632404,high_volatility,false,false,none,-4.31625,0.0,17.85655,22.1728,0.6837209700384461,0.9028493404274016,0.9343603599570591,false,none,26.0541,9.659000000000002,118.8163314192179,127.72619421131068,32.13518135301124,false,专用机械,false,1.0,false,rising,false,false,0.0,0.7593461698324621,0.740810269199303,专用机械,-5.0,-2.0,3.0,0.3,0.5,3.2650346792049385,0.7943202224000055,3.434178432348392,true,false,1.2706912775998944,0.5015261004672309,,,,,,,0.07161803713527852,0,0.0,none,0.554519889470136,true,increasing_vol,10.0,波动率飙升预警-8.0分(近期波动是早期的4.1倍); 趋势不可靠-2分(Bootstrap CI过宽: 0.374),turnaround,扭亏为盈(曾亏损4年 -> 最新5.7),0,1
300222.SZ,科大智能,电气设备,-3.8641320000000006,0.788671160874676,1.61556,0.39423528341967323,0.2567373706276069,,3.1044,98.0,0.7781973033102829,0.39999999999999997,0.48333333333333334,poor,poor,poor,true,4,false,0,true,4,false,0,1.1635322786343523,5.059969173325071,2.9784308314937458,high_volatility,false,false,none,-1.3847,0.0,6.4763,7.861000000000001,0.5837365743514673,0.116392660757358,0.9454585136211934,false,none,9.1705,3.7821000000000007,131.5225117280315,151.17620876675295,38.40397229950652,false,电气设备,true,inf,true,rising,false,false,0.0,1.1635322786343523,1.0,电气设备,-5.0,-2.0,3.0,0.3,0.5,2.4169786280637453,0.8237289243565677,2.580878575319118,false,false,0.788671160874676,0.39423528341967323,,,,,,,0.07161803713527852,0,0.0,none,1.004382864876895,false,stable,2.0,周期顶部预警-5分(警惕景气回落); 趋势不可靠-2分(Bootstrap CI过宽: 3.129),"","",0,0
300233.SZ,金城医药,化学制药,2.820999,0.039383951838238666,0.16325000000000012,0.05328913659053324,0.7087115156079205,,4.8844,71.47789715608599,0.46880577738054874,0.6,0.23333333333333334,has_loss,has_loss,good,true,1,false,0,false,0,false,0,3.8698780314532457,7.136674270484818,9.638480392156861,high_volatility,false,false,none,13.9356,0.0,0.24833000000000008,-13.687270000000002,0.6540869999613975,1.0,0.040869999613974445,false,none,0.2074000000000007,-2.4142,-31.12026173285198,4.4344665383793185,-34.04501353790614,false,化学制药,false,1.5161855890528118,true,rising,false,false,0.0,3.8698780314532457,1.0,化学制药,-5.0,-2.0,3.0,0.3,0.5,-0.18371256911764866,0.6643353819721303,-3.0442056878280175,false,true,1.105893333152973,0.5300949632645989,,,,,,,0.6067415730337079,0,0.0,none,2.679964426699301,true,decreasing_vol,28.52210284391401,单年巨幅下滑-15.0分(年跌-34.0%); 加速下滑-1.5分(加速度-3.04); 波动聚集提示-2分(大波动后可能跟着大波动); 趋势不可靠-2分(Bootstrap CI过宽: 0.481); 峰值明显下跌-8分(从7.1跌至4.9，跌幅-31.1%),"","",0,0
300236.SZ,上海新阳,半导体,3.45974,0.10504210239305732,0.3242,0.12256767829280481,0.563524185522229,-0.193080068275709,3.6094,83.0,-0.0884557346825143,0.0,1.0,good,good,good,false,0,true,1,false,0,true,1,0.7827989563562245,2.9034796090208728,2.0393896093391928,high_volatility,false,false,none,-6.5252,0.0,0.7398499999999999,7.26505,0.7062365045623396,1.0,0.5623650456233955,false,none,0.12460000000000004,2.5355,280.2170020014747,3.5755280073461906,267.09154113557355,false,半导体,false,1.0,false,rising,false,false,0.0,0.7827989563562245,0.759572498418313,半导体,-5.0,-2.0,3.0,0.3,0.5,0.575141731979163,0.7720264358915042,1.5717309362966954,true,false,-0.11626893128698122,0.06190914018786687,,,,,,,0.07161803713527852,0,0.0,none,0.6980150382045338,false,decreasing_vol,17.0,趋势不可靠-2分(Bootstrap CI过宽: 1.110); 峰值大幅下跌-15分(从8.5跌至3.6，跌幅-57.6%),"","",0,0
300238.SZ,冠昊生物,医疗保健,-5.7051799999999995,-0.14469781638141274,-0.6490000000000001,0.847279763962926,0.026595941920242883,,3.0959,87.32511879149536,-0.1548890894092939,-0.39999999999999997,0.48333333333333334,has_loss,has_loss,good,true,1,false,0,false,0,false,0,4.131953781693188,22.769048674944678,9.455945761530755,high_volatility,false,false,none,-25.829349999999998,0.0,24.644299999999998,50.47364999999999,0.6300159996858519,0.7434948047042818,0.7337501642729892,true,moderate,-1.0684,50.357,106.70214124742654,-25.656172706097063,109.01506082129859,false,医疗保健,true,inf,true,falling,false,false,0.0,4.131953781693188,1.0,医疗保健,-5.0,-2.0,3.0,0.3,0.5,3.1872151571325245,0.7164771811967443,6.6502375829907,true,false,-0.14469781638141277,0.005721073037176219,,,,,,,0.6492985971943889,1,0.0,single_year_drop,4.1277553626147885,false,stable,12.674881208504651,中度恶化-10分; 周期回落期-3分(景气下行趋势); 峰值明显下跌-8分(从5.9跌至3.1，跌幅-47.7%),"","",0,0
300239.SZ,东宝生物,生物制药,4.403373,0.18459366534066804,0.65231,0.3945516385321632,0.25648780462857096,0.15713297109963986,3.8124,47.598340089919446,0.17953337323779417,0.39999999999999997,0.48333333333333334,good,good,good,false,0,false,0,false,0,false,0,0.45870968476505547,1.9301035663922286,1.0488202524906838,volatile,false,false,none,2.20655,0.0,-1.3636000000000001,-3.57015,0.6769831493738703,0.8462968460402539,0.9235346476984483,true,severe,-2.0432,-0.6840000000000002,-41.7028564438192,-34.89309379055946,-10.459355312251516,false,生物制药,false,1.0,true,falling,false,false,0.0,0.45870968476505547,0.5003010811453777,生物制药,-5.0,-2.0,3.0,0.3,0.5,-0.2643195892223038,0.8968526049165199,-0.8033198201611027,false,true,0.18459366534066804,0.3945516385321632,,,,,,,0.9991559045860168,2,2.3360654408295702,accelerating_decline,0.38772418561520056,false,decreasing_vol,52.401659910080554,严重恶化-15分; 单年巨幅下滑-15.0分(年跌-34.9%); 加速下滑-0.4分(加速度-0.80); 贝叶斯高置信度恶化-12分(恶化概率99.9%，严重恶化确认); 趋势不可靠-2分(Bootstrap CI过宽: 0.843); 峰值明显下跌-8分(从6.5跌至3.8，跌幅-41.7%),"","",0,0
300247.SZ,融捷健康,医疗保健,4.453787,0.07363593571949463,0.31492999999999993,0.48955116865347703,0.18841204322047125,,4.991,82.29837229817555,0.7941456198307879,0.39999999999999997,0.48333333333333334,has_loss,has_loss,good,true,1,false,0,false,0,false,0,1.8513124066480608,6.992999379879852,5.211287367763388,high_volatility,false,false,none,9.84235,0.0,-4.20055,-14.0429,0.7111143067376455,0.9999300826091216,0.6112129847673337,false,none,1.6020999999999996,-10.0032,-62.73175976881893,47.27492696745256,-74.69478274505119,false,医疗保健,true,3.951754256543421,true,rising,false,false,0.0,1.8513124066480608,1.0,医疗保健,-5.0,-2.0,3.0,0.3,0.5,-0.4892657121660733,0.48962998405181585,-3.403255403648889,false,true,0.9693729536329818,0.4586286018492457,,,,,,,0.6067415730337079,0,0.0,none,1.5926297419148114,false,decreasing_vol,17.701627701824446,单年巨幅下滑-15.0分(年跌-74.7%); 加速下滑-1.7分(加速度-3.40); 峰值大幅下跌-15分(从13.4跌至5.0，跌幅-62.7%),"","",0,0
300248.SZ,新开普,软件服务,5.679433,-0.23252992783319135,-1.47349,0.8270861311084253,0.03226485328723229,-0.17677478610761876,4.3257,68.34940144333618,-0.248518819123136,-0.7999999999999999,0.08333333333333333,good,good,good,false,0,false,0,false,0,false,0,0.41556496388591635,2.5438726151283593,0.9365055509451962,stable,false,false,none,-2.238,0.0,-0.3083999999999998,1.9296000000000002,0.6171923782214342,0.9310957376755706,0.24082804453877132,false,none,0.6400000000000001,-1.2567999999999997,-12.479514415781479,17.364408389179804,-25.428426909458768,false,软件服务,false,1.0,false,rising,false,false,0.0,0.41556496388591635,0.46578530444206645,软件服务,-5.0,-2.0,3.0,0.3,0.5,-0.06513857247771582,0.207578945754688,0.25362670220356476,false,false,-0.23252992783319135,0.8270861311084253,,,,,,,0.2783505154639176,0,0.0,none,0.1668629087107882,false,decreasing_vol,31.650598556663827,轻度衰退-4.7分(log斜率-0.233); 持续衰退重罚-10.0分(最新<加权); 趋势不可靠-2分(Bootstrap CI过宽: 0.345); 峰值大幅下跌-15分(从9.4跌至4.3，跌幅-54.1%),"","",0,0
300254.SZ,仟源医药,化学制药,-0.509363,1.6789141021528153,6.31979,0.8459876468899591,0.02694604747398715,,7.991,108.0,1.779239947631841,0.7999999999999999,0.08333333333333333,poor,poor,poor,true,3,false,0,true,3,false,0,4.555287417464884,10.956832825228283,11.499022990895108,high_volatility,false,false,none,17.746499999999997,0.0,4.00843,-13.738069999999997,0.6745765257035831,0.9999999999999996,0.745765257035831,false,none,2.0313999999999997,10.347999999999999,282.09370157688454,34.08618028055573,235.8034819068453,false,化学制药,true,inf,true,rising,false,false,0.0,4.555287417464884,1.0,化学制药,-5.0,-2.0,3.0,0.3,0.5,2.4801015388393,0.7937261430991779,1.7361426673450049,true,false,1.6789141021528153,0.8459876468899591,,,,,,,0.07161803713527852,0,0.0,none,1.8686878485237572,false,decreasing_vol,2.0,周期顶部预警-5分(警惕景气回落); 趋势不可靠-2分(Bootstrap CI过宽: 2.379),turnaround,扭亏为盈(曾亏损3年 -> 最新8.0),0,1
300263.SZ,隆华科技,专用机械,4.876293,-0.2276286435595193,-1.3140900000000002,0.49714032645554707,0.1835158546114032,-0.1728812657285499,3.7899,94.82586245397835,-0.22027928228170227,-0.19999999999999998,0.8166666666666667,good,good,good,false,0,false,0,false,0,false,0,0.5100063241971637,2.687998531807635,1.0813164545433849,moderate,false,false,none,-2.7834,0.0,0.6295499999999998,3.4129499999999995,0.6012080405960754,0.7321854050537441,0.8006785227464254,false,none,0.08549999999999969,1.1736,49.75106685633,2.308066083576279,46.372688477951634,false,专用机械,true,3.2518966334755808,true,rising,false,false,0.0,0.5100063241971637,0.8415912771544751,专用机械,-5.0,-2.0,3.0,0.3,0.5,0.1919224973016119,0.7929269174485296,0.7568706503374456,true,false,-0.2276286435595193,0.49714032645554707,,,,,,,0.07161803713527852,0,0.0,none,0.32356591060129525,false,decreasing_vol,17.17413754602166,轻度衰退-4.6分(log斜率-0.228); 持续衰退重罚-10.0分(最新<加权); 趋势不可靠-2分(Bootstrap CI过宽: 0.852); 峰值大幅下跌-15分(从8.2跌至3.8，跌幅-53.9%),cyclical_bottom,"周期底部(mid_up), 近期强势(19.2%)",0,0
300264.SZ,佳创视讯,软件服务,-37.455995,0.02847687145462432,1.0795800000000007,0.20635528562942135,0.4421722598017994,,-35.4458,100.0,-0.07736247821446418,-0.19999999999999998,0.8166666666666667,poor,poor,poor,true,5,false,0,true,5,false,0,0.35614822888772996,12.852755636710752,0.8791178949806892,moderate,false,false,none,-26.623399999999997,0.0,1.8154600000000003,28.43886,0.6761512954089773,1.0,0.26151295408977243,false,none,8.5394,1.9609000000000023,22.85351749114724,19.414257522985007,4.267826866698158,false,软件服务,false,1.0,false,rising,false,false,0.0,0.35614822888772996,0.41825191644351734,软件服务,-5.0,-2.0,3.0,0.3,0.5,0.1296918418911086,0.8719398908510012,0.7155332634925606,true,false,-0.18986783122539175,0.37997070685394335,,,,,,,0.07161803713527852,0,0.0,none,0.2948549601087538,false,decreasing_vol,0.0,"","","",0,0
300269.SZ,联建光电,元器件,-0.0275540000000003,-0.10306529680104887,-0.6545099999999999,0.006591731904546483,0.89674002268192,,3.9074,93.0,1.0507354042897665,0.39999999999999997,0.48333333333333334,poor,poor,has_loss,true,2,false,0,true,1,false,0,9.905594676975857,10.664363229232208,26.11174066505666,high_volatility,false,false,none,28.111900000000002,0.0,-1.2977599999999998,-29.409660000000002,0.6075742547047203,1.0,0.07574254704720293,false,none,1.6202999999999999,6.6577,189.40191278085388,70.84517511258798,152.3291996522217,false,元器件,true,inf,true,rising,false,false,0.0,9.905594676975857,1.0,元器件,-5.0,-2.0,3.0,0.3,0.5,2.126445449311802,0.8379703715085592,1.4342800600293806,false,false,0.9797297384840364,0.28832698723935646,,,,,,,0.07161803713527852,0,0.0,none,8.470342138448908,true,decreasing_vol,19.0,波动聚集提示-2分(大波动后可能跟着大波动); 趋势不可靠-2分(Bootstrap CI过宽: 4.761); 峰值大幅下跌-15分(从10.5跌至3.9，跌幅-62.6%),cyclical_bottom,"周期底部(mid_up), 近期强势(212.6%)",0,0
300270.SZ,中威电子,IT设备,-9.759685,-0.01850311393710138,-0.1397499999999999,0.001470445818245079,0.9511878248465675,,-11.3508,82.13940578413907,0.018320815872485685,0.0,1.0,poor,poor,poor,true,5,false,0,true,5,false,0,0.49452448169557395,4.805670227241981,1.1865080018440461,volatile,false,false,none,5.6613500000000005,0.0,-4.6263499999999995,-10.287700000000001,0.6572810592341658,0.9988594428147991,0.5739511495268589,false,none,2.2775,-11.530199999999999,-441.00376531147225,16.71154876250156,-549.5543587054954,false,IT设备,false,inf,true,rising,false,false,0.0,0.49452448169557395,1.0,IT设备,-5.0,-2.0,3.0,0.3,0.5,-0.8188522514763731,0.6674486347884102,-1.721188431721858,false,true,-0.01850311393710138,0.001470445818245079,,,,,,,0.6067415730337079,0,0.0,none,0.494001455748418,false,stable,17.860594215860928,单年巨幅下滑-15.0分(年跌-549.6%); 加速下滑-0.9分(加速度-1.72); 趋势不可靠-2分(Bootstrap CI过宽: 1.906),"","",0,0
300274.SZ,阳光电源,电气设备,20.855895,0.18840622675768032,3.6848500000000004,0.5174681165062763,0.17076161638367832,0.10967230023269203,25.3916,115.0,0.21014849519667017,0.39999999999999997,0.48333333333333334,good,good,good,false,0,false,0,false,0,false,0,0.39668992707352363,7.834800603270003,0.9902209773554413,moderate,false,false,none,-6.291399999999999,0.0,5.8674800000000005,12.15888,0.5905058540318777,1.0,0.7348317883974071,true,mild,-4.6203,13.863800000000001,57.24202847393812,-15.39489335896761,85.85406332633562,false,电气设备,false,2.8706885007556484,true,falling,false,false,0.0,0.39668992707352363,0.7001104084262387,电气设备,-5.0,-2.0,3.0,0.3,0.5,0.226023095413052,0.4979542057900898,0.24416808295582193,false,false,0.18840622675768032,0.5174681165062763,,,,,,,0.33052792654934965,1,0.0,high_level_pullback,0.26521970957120616,false,increasing_vol,0.0,"轻度恶化-5分; 趋势不确定预警-4分(Bootstrap CI跨零: [-0.083, 0.538])",high_growth,"优质护城河(高位企稳: 25.4 > 15.0, 稳健斜率=0.21)",1,0
300276.SZ,三丰智能,专用机械,-8.74893,1.033429657246327,8.4645,0.2817737727962366,0.35737318653112116,,1.6047,93.0,0.8815792846059841,0.39999999999999997,0.48333333333333334,poor,poor,poor,true,2,false,0,true,2,false,0,1.7738838588308652,20.02409768596328,4.080851998710167,high_volatility,false,false,none,46.0658,0.0,1.53384,-44.531960000000005,0.573459639024146,1.0,0.028087956005691545,false,none,0.33909999999999996,22.4859,107.56209855657085,26.793615676359035,105.9641004132835,false,专用机械,true,inf,true,rising,false,false,0.0,1.7738838588308652,1.0,专用机械,-5.0,-2.0,3.0,0.3,0.5,2.5000659342384557,0.7790791672949171,2.157982199509962,false,false,1.033429657246327,0.2817737727962366,,,,,,,0.07161803713527852,0,0.0,none,1.3194627521491165,true,decreasing_vol,19.0,波动聚集提示-2分(大波动后可能跟着大波动); 趋势不可靠-2分(Bootstrap CI过宽: 4.107); 峰值大幅下跌-15分(从4.0跌至1.6，跌幅-59.8%),cyclical_bottom,"周期底部(mid_up), 近期强势(250.0%)",0,0
300277.SZ,海联讯,软件服务,4.000344,-0.029888008031715207,-0.11519,0.18296860934351217,0.47247076043174435,-0.1692413474690403,3.2909,71.0,-0.15471736172402636,-0.9999999999999999,0.016666666666666666,good,good,good,false,0,false,0,false,0,false,0,0.3641459130816197,1.5467388974872263,0.851802673522335,stable,false,false,none,-2.5996999999999995,0.0,-0.31753000000000003,2.2821699999999994,0.7204422441013391,1.0,0.7044224410133898,false,none,-0.013399999999999856,-0.12009999999999987,-3.898493166686127,-0.40553218533425706,-3.5071837402172608,false,软件服务,false,1.0,false,falling,false,false,0.0,0.3641459130816197,0.42465006379862913,软件服务,-5.0,-2.0,3.0,0.3,0.5,-0.01905494254252127,0.8256520372881447,0.32415868270342674,true,false,-0.17056751502615133,0.758981108610252,,,,,,,0.32530120481927716,0,-0.8843709895538193,none,0.19619329951617187,true,decreasing_vol,29.0,波动聚集提示-2分(大波动后可能跟着大波动); 峰值大幅下跌-15分(从6.9跌至3.3，跌幅-52.4%); 智能连续下跌-12分(3年实质性下跌，累计跌幅-52.4%),"","",0,0
300279.SZ,和晶科技,元器件,-0.41041800000000017,0.20806230802728376,0.5187400000000001,0.390040152269357,0.2600625184801047,,4.4676,110.0,0.2551261054544784,0.19999999999999998,0.8166666666666667,has_loss,has_loss,good,true,1,false,0,false,0,false,0,16.489523920098232,9.33373011973241,38.93859091230299,high_volatility,false,false,none,-9.1189,0.0,10.762550000000001,19.88145,0.5826612989922848,0.5990392456432315,0.7803139237688783,false,none,0.8715000000000002,20.6536,126.19141140260884,24.23458746975891,121.08222189652645,false,元器件,true,inf,true,rising,false,false,0.0,16.489523920098232,1.0,元器件,-5.0,-2.0,3.0,0.3,0.5,2.8664451181184454,0.7775004342105659,5.133392840418299,true,false,0.20806230802728376,0.01769852214297969,,,,,,,0.07161803713527852,0,0.0,none,16.425734600615574,false,stable,2.0,趋势不可靠-2分(Bootstrap CI过宽: 0.823),cyclical_bottom,"周期底部(mid_up), 近期强势(286.6%)",0,0
300287.SZ,飞利信,软件服务,-21.152105000000002,-0.01959340092138269,-0.29277,0.02049223377962838,0.818358807436541,,-16.1497,96.0,0.2150126069080039,0.39999999999999997,0.48333333333333334,poor,poor,poor,true,5,false,0,true,5,false,0,0.487446099576758,10.956930413350264,1.2246866302699855,volatile,false,false,none,27.528799999999997,0.0,-0.2953799999999999,-27.82418,0.6006940057750121,1.0,0.006940057750120436,false,none,2.0700000000000003,5.8293,32.84668801197555,11.361328671712489,24.239261507755,false,软件服务,false,inf,true,rising,false,false,0.0,0.487446099576758,1.0,软件服务,-5.0,-2.0,3.0,0.3,0.5,0.1988333781533469,0.9506858280263043,-0.06471691501862797,false,false,0.15295880828003017,0.30845647383920655,,,,,,,0.07161803713527852,0,0.0,none,0.37539457899680795,true,decreasing_vol,4.0,波动聚集提示-2分(大波动后可能跟着大波动); 趋势不可靠-2分(Bootstrap CI过宽: 0.432),"","",0,0
300293.SZ,蓝英装备,专用机械,-3.669169,0.3716703373570882,0.7588700000000002,0.4327907484756334,0.22749553174372322,,-0.1997,96.0,0.9286321705861709,0.9999999999999999,0.016666666666666666,poor,poor,poor,true,5,true,2,true,5,true,2,1.294569052709043,6.095763189872126,3.1050264190693007,high_volatility,false,false,none,8.874699999999999,0.0,1.8745,-7.000199999999999,0.7343608148125287,1.0,0.843608148125287,false,none,0.3357,1.5070000000000001,90.2222875048962,62.70078446021666,73.78574226400313,false,专用机械,false,1.0,false,rising,false,false,0.0,1.294569052709043,1.0,专用机械,-5.0,-2.0,3.0,0.3,0.5,0.6320210919336473,0.9222853315423324,-0.33190388049387687,false,true,0.8353949343339413,0.9760887607526811,,,,,,,0.07161803713527852,0,0.0,none,0.567467243074147,true,decreasing_vol,4.0,波动聚集提示-2分(大波动后可能跟着大波动); 趋势不可靠-2分(Bootstrap CI过宽: 1.359),"","",0,0
300294.SZ,博雅生物,生物制药,4.9771350000000005,-0.04111677716452405,-0.23324499999999998,0.652525878350547,0.09818834306666821,-0.05082148593729885,5.0204,77.0,-0.05343266224458025,-0.7999999999999999,0.08333333333333333,good,good,good,false,0,false,0,false,0,false,0,0.24453610784081953,1.2805133287084518,0.5912346032655398,stable,false,false,none,-0.12210000000000008,0.0,-0.46024999999999977,-0.3381499999999997,0.16045745496089475,0.7687226619306604,0.09999843092092751,false,none,1.9313000000000002,-2.8518,-15.49428537763638,62.519827781554504,-48.0028278543655,false,生物制药,false,1.0,false,rising,false,false,0.0,0.24453610784081953,0.3289622196059889,生物制药,-5.0,-2.0,3.0,0.3,0.5,-0.08279286817199694,0.06301354592169163,-0.06292026577933241,false,false,-0.10474389228608671,0.3455565825011787,,,,,,,0.435483870967742,0,0.0,none,0.1877910555474066,false,increasing_vol,23.0,单年巨幅下滑-15.0分(年跌-48.0%); 波动率飙升预警-8.0分(近期波动是早期的19.6倍),"","",0,0
300298.SZ,三诺生物,医疗保健,7.346909,0.09846421395899763,0.5910299999999998,0.28864298667669586,0.3504500117333275,0.06899026809254072,8.0758,74.72360843900168,0.14708703656136307,0.19999999999999998,0.8166666666666667,good,good,good,false,0,false,0,false,0,false,0,0.4601485548533194,3.299081078876359,1.2216860075875922,volatile,false,false,none,3.07095,0.0,-2.1252000000000004,-5.19615,0.34828258879253304,0.46651301466040124,0.4001842453190363,false,none,2.3812999999999995,-6.6317,-34.48264671999481,41.81754324348055,-53.80165825639695,false,医疗保健,false,2.661757560706998,true,rising,false,false,0.0,0.4601485548533194,0.723019851976922,医疗保健,-5.0,-2.0,3.0,0.3,0.5,-0.2103425621075674,0.30046149007640227,-0.5527831219966428,false,true,0.09846421395899763,0.11929344887944679,,,,,,,0.6067415730337079,0,0.0,none,0.44130220726110997,false,stable,25.27639156099832,单年巨幅下滑-15.0分(年跌-53.8%); 加速下滑-0.3分(加速度-0.55); 趋势不可靠-2分(Bootstrap CI过宽: 0.407); 峰值明显下跌-8分(从12.3跌至8.1，跌幅-34.5%),"","",0,0
300300.SZ,海峡创新,软件服务,-18.529269000000003,0.000361554539120057,0.02889999999999837,3.715874867727675e-6,0.9975456279873613,,9.2681,90.44077933135344,0.45667917243364486,0.6,0.23333333333333334,poor,poor,poor,true,4,false,0,true,5,false,0,0.8725394192478892,18.31940137681906,2.0632087828344168,high_volatility,false,false,none,8.61845,0.0,13.0406,4.42215,0.3668981409375674,0.9315812952590178,0.3597396282983353,false,none,43.17360000000001,-17.092400000000005,155.12427809267774,127.33509312648393,-101.66120465589337,false,软件服务,true,inf,true,rising,false,false,0.0,0.8725394192478892,1.0,软件服务,-5.0,-2.0,3.0,0.3,0.5,3.2194060686647274,0.6692381994549494,2.8669040554399086,true,false,1.4147735581562157,0.5163934748692359,,,,,,,0.07161803713527852,0,0.0,none,0.6148562536494591,true,increasing_vol,19.559220668646564,单年巨幅下滑-15.0分(年跌-101.7%); 周期顶部预警-5分(警惕景气回落); 波动率飙升预警-7.0分(近期波动是早期的3.5倍); 趋势不可靠-2分(Bootstrap CI过宽: 0.747),turnaround,扭亏为盈(曾亏损4年 -> 最新9.3),0,1
300303.SZ,聚飞光电,半导体,8.038431000000001,-0.06782969292276575,-0.6240299999999999,0.16700039844495768,0.49455055562075245,-0.0522974343864,9.051,98.0,-0.0893991209391174,-0.19999999999999998,0.8166666666666667,good,good,good,false,0,false,0,false,0,false,0,0.26159707261766035,2.151803344406732,0.6660758311815248,moderate,false,false,none,-2.7394499999999997,0.0,1.65475,4.3942,0.790015719320987,0.9999665325863482,0.9294979675918082,false,none,2.4440999999999997,0.8654000000000002,57.641731254898545,36.99314353176224,15.07271618914918,false,半导体,false,1.0,false,rising,false,false,0.0,0.26159707261766035,0.34261099142746165,半导体,-5.0,-2.0,3.0,0.3,0.5,0.22534680643247215,0.9529028334240203,0.5575937613553403,true,false,-0.06782969292276575,0.16700039844495768,,,,,,,0.07161803713527852,0,0.0,none,0.23247507391742162,false,decreasing_vol,2.0,趋势不可靠-2分(Bootstrap CI过宽: 0.565),"","",0,0
300318.SZ,博晖创新,医疗保健,-8.199725999999998,1.3604856156360698,7.5255800000000015,0.8721878298757036,0.020192260159589054,,0.6243,98.0,1.4370004595499128,0.6,0.23333333333333334,poor,poor,poor,true,3,true,2,true,3,true,2,1.2696208791317753,13.276933381432627,2.571939487826802,high_volatility,false,false,none,9.704550000000001,0.0,2.38545,-7.319100000000001,0.4631488949575648,0.6549173685620866,0.7156261258100453,true,moderate,-0.21910000000000007,4.99,115.05570829113007,-25.978183542802945,120.33955529831668,false,医疗保健,true,inf,true,falling,false,false,0.0,1.2696208791317753,1.0,医疗保健,-5.0,-2.0,3.0,0.3,0.5,1.3596091852322398,0.7014695546158097,0.4979607432001789,true,false,1.3604856156360698,0.8721878298757036,,,,,,,0.6492985971943889,1,0.0,single_year_drop,0.5632291886465903,false,decreasing_vol,2.0,中度恶化-10分; 周期回落期-3分(景气下行趋势); 趋势不可靠-2分(Bootstrap CI过宽: 1.703),"","",0,0
300319.SZ,麦捷科技,元器件,5.986187,-0.031022963871431754,-0.24194999999999994,0.05215060298907749,0.7117839639029027,0.2891618781199512,6.659,96.0,0.15742398886470887,0.39999999999999997,0.48333333333333334,good,good,good,false,0,false,0,false,0,false,0,0.4173285146647346,2.43073828023504,1.144746691572868,volatile,false,false,none,6.6676,0.0,-0.6290300000000001,-7.29663,0.6218174247338709,1.0,0.21817424733870894,false,none,0.6878000000000002,0.9681999999999995,33.10013991605037,11.518622722400861,19.352388566859872,false,元器件,false,1.814611233260044,true,rising,false,false,0.0,0.4173285146647346,0.5758109761664602,元器件,-5.0,-2.0,3.0,0.3,0.5,0.14084042614935877,0.9818496608235698,-0.208861770139243,false,false,0.15471288337237699,0.2596336888688722,,,,,,,0.07161803713527852,0,0.0,none,0.3908487987754952,true,decreasing_vol,4.0,波动聚集提示-2分(大波动后可能跟着大波动); 趋势不可靠-2分(Bootstrap CI过宽: 0.408),"","",0,0
300324.SZ,旋极信息,软件服务,-10.50993,-0.12751092482056656,-0.60605,0.09156781533290301,0.620678964239491,,-8.2723,93.0,0.2611469568632285,0.19999999999999998,0.8166666666666667,poor,poor,poor,true,5,false,0,true,5,false,0,0.719761996298814,8.103022973372344,1.9095623347829793,high_volatility,false,false,none,21.4977,0.0,-1.2391899999999998,-22.73689,0.6111543738717808,1.0,0.11154373871780847,false,none,-0.11909999999999954,5.7896,40.669736351378496,-1.4607761369768868,41.523940671888,false,软件服务,true,inf,true,falling,false,false,0.0,0.719761996298814,1.0,软件服务,-5.0,-2.0,3.0,0.3,0.5,0.25985036339458767,0.7292404220407231,-0.0051863738745632215,false,false,0.08387834889811155,0.023588060542361365,,,,,,,0.16167664670658682,0,0.0,none,0.6288355088251132,true,decreasing_vol,7.0,周期回落期-3分(景气下行趋势); 波动聚集提示-2分(大波动后可能跟着大波动); 趋势不可靠-2分(Bootstrap CI过宽: 1.096),"","",0,0
300334.SZ,津膜科技,专用机械,-1.6518340000000005,0.5407105111041157,0.69882,0.2712835208956153,0.3681758340370027,,2.1062,95.0,0.7631826596534207,0.19999999999999998,0.8166666666666667,poor,poor,has_loss,true,2,true,1,true,1,true,1,4.028962134212973,7.499832433594767,10.354019382426886,high_volatility,false,false,none,-5.2483,0.0,8.072,13.3203,0.4401072911263385,0.29580945109937806,0.8043589182049995,false,none,1.1767999999999998,14.9672,115.0037755203807,126.61932429524423,106.62069555058484,false,专用机械,true,inf,true,rising,false,false,0.0,4.028962134212973,1.0,专用机械,-5.0,-2.0,3.0,0.3,0.5,2.4131561681812164,0.850327760450525,3.0927508165631363,false,false,0.5407105111041157,0.12479955698517169,,,,,,,0.07161803713527852,0,0.0,none,3.984997164424431,false,decreasing_vol,17.0,趋势不可靠-2分(Bootstrap CI过宽: 2.802); 峰值大幅下跌-15分(从5.2跌至2.1，跌幅-59.8%),cyclical_bottom,"周期底部(mid_up), 近期强势(241.3%)",0,0
300339.SZ,润和软件,软件服务,4.801325,-0.06723599184372145,-0.35551,0.3678223567460713,0.2781730241095403,-0.0592655769546242,4.5198,93.13964982827822,-0.06523695420718734,-0.39999999999999997,0.48333333333333334,good,good,good,false,0,false,0,false,0,false,0,0.17469279519217182,0.8698094026854388,0.41658298320171594,stable,false,false,none,-0.9673499999999999,0.0,0.34175,1.3091,0.49363914605080506,0.6961828270309052,0.4312681686661494,true,moderate,-0.3380000000000001,1.0215,17.816646247686574,-6.957882168883035,26.627218934911244,false,软件服务,false,1.403474702187003,true,falling,false,false,0.0,0.17469279519217182,0.3268841964453379,软件服务,-5.0,-2.0,3.0,0.3,0.5,0.07970433512418751,0.4578226504422936,0.27929965655643585,true,false,-0.06723599184372145,0.3678223567460713,,,,,,,0.4807121661721069,1,0.0,single_year_drop,0.13331319612517425,false,decreasing_vol,6.860350171721782,中度恶化-10分; 趋势不可靠-2分(Bootstrap CI过宽: 0.327),"","",0,0
300346.SZ,南大光电,半导体,8.33173,-0.006868076707210591,-0.05540000000000003,0.13599553358451713,0.5413311222639067,0.09703008319737383,9.5009,100.0,0.06211990569342958,0.39999999999999997,0.48333333333333334,good,good,good,false,0,false,0,false,0,false,0,0.1318350340151047,1.0632917365427044,0.36466005068614754,ultra_stable,false,false,none,1.7244000000000002,0.0,0.3128799999999998,-1.4115200000000003,0.47265729136064916,1.0,0.2897779373981176,false,none,1.7706999999999997,-0.5213000000000001,15.141489426164936,22.906263744793147,-6.317639217112041,false,半导体,false,1.0716669685131044,true,rising,false,false,0.0,0.1318350340151047,0.24835695634716437,半导体,-5.0,-2.0,3.0,0.3,0.5,0.07004897595838888,0.44753597580649024,-0.0436144266729277,false,false,0.0666168747286716,0.6239072313013829,,,,,,,0.07161803713527852,0,0.0,none,0.08043410313564923,false,stable,0.0,"","","",0,0
300357.SZ,我武生物,生物制药,14.2973,-0.12340437713512956,-1.7984399999999994,0.8297986347347815,0.03147903201423124,-0.09818819521288602,11.4932,53.0,-0.11788545675775816,-0.7999999999999999,0.08333333333333333,good,good,good,false,0,false,0,false,0,false,0,0.20616347251711703,3.1329673333758197,0.45921697862405325,ultra_stable,false,false,none,1.0945999999999998,0.0,-2.5065899999999997,-3.6011899999999994,0.6942874934559817,1.0,0.9428749345598173,true,severe,-0.7619000000000007,-4.1304,-29.85749595679107,-6.2170035332229086,-25.20765310793079,false,生物制药,false,1.0,true,falling,false,false,0.0,0.20616347251711703,0.29826411134702696,生物制药,-5.0,-2.0,3.0,0.3,0.5,-0.17684192457251613,0.8804224657230815,-0.1475151826025134,false,false,-0.12340437713512956,0.8297986347347815,,,,,,,0.9507042253521126,3,-0.7533684113073214,chronic_decline,0.08654030586015607,false,increasing_vol,47.0,严重恶化-15分; 贝叶斯高置信度恶化-12分(恶化概率95.1%，严重恶化确认); 峰值明显下跌-8分(从18.5跌至11.5，跌幅-37.8%); 智能连续下跌-12分(3年实质性下跌，累计跌幅-33.9%),"","",0,0
300378.SZ,鼎捷数智,软件服务,6.736680000000001,-0.002065584388384911,-0.016199999999999905,0.004282250364247305,0.916740101656639,-0.01622145507128714,6.5646,90.0,-0.0031822602126297577,-0.19999999999999998,0.8166666666666667,good,good,good,false,0,false,0,false,0,false,0,0.04959954184447821,0.3345379978417997,0.1141327070712462,ultra_stable,false,false,none,-0.7698,0.0,0.09941000000000014,0.8692100000000001,0.4377004749672234,1.0,0.1369530406270081,true,moderate,-0.3995999999999995,0.01609999999999978,-5.519494538075153,-5.7379167743602935,0.23171802363235677,false,软件服务,false,1.1163081460584106,true,falling,false,false,0.0,0.04959954184447821,0.188520719616704,软件服务,-5.0,-2.0,3.0,0.3,0.5,-0.028082003676449308,0.7194560859323391,-0.023805101812373053,false,false,-0.002065584388384911,0.004282250364247305,,,,,,,0.8223350253807107,1,0.0,single_year_drop,0.049453940725891196,false,decreasing_vol,10.0,中度恶化-10分; 贝叶斯中度恶化预警-5分(恶化概率82.2%),"","",0,0
300380.SZ,安硕信息,软件服务,-1.9301650000000001,-0.6188617414837672,-2.69275,0.09594822283082555,0.6120084654581155,,5.5058,93.0,-0.9858602763608986,-0.19999999999999998,0.8166666666666667,poor,poor,poor,true,2,false,0,true,2,false,0,10.900610750329733,12.23419146952507,27.567938414384237,high_volatility,false,false,none,-15.470300000000002,0.0,11.554849999999998,27.02515,0.7132114064441026,0.9744219214815582,0.9778959073666844,false,none,14.5638,8.5459,131.2760240628497,160.78383749172002,48.54549276012702,false,软件服务,false,1.0,false,rising,false,false,0.0,10.900610750329733,1.0,软件服务,-5.0,-2.0,3.0,0.3,0.5,2.9845847625189634,0.8320718910788039,6.408156159296528,true,false,-0.6188617414837672,0.09594822283082555,,,,,,,0.07161803713527852,0,0.0,none,10.219225629568943,false,stable,17.0,趋势不可靠-2分(Bootstrap CI过宽: 6.617); 峰值大幅下跌-15分(从13.3跌至5.5，跌幅-58.7%),turnaround,扭亏为盈(曾亏损2年 -> 最新5.5),0,1
300400.SZ,劲拓股份,专用机械,9.735875000000002,-0.0066499997098095065,-0.06213999999999978,0.015245650718117702,0.8431893206708931,-0.16414566494705152,9.1362,70.0,-0.2149474818449505,-0.6,0.23333333333333334,good,good,good,false,0,false,0,false,0,false,0,0.5142283964766329,5.389350140137492,1.4243363363821817,volatile,false,false,none,-9.270400000000002,0.0,-0.8454799999999997,8.424920000000002,0.5567251532526825,1.0,0.11392373623272196,false,none,5.3466000000000005,-7.5227,-19.23658318821106,141.08613046231793,-66.50018121867348,false,专用机械,false,1.7092584897820422,true,rising,false,false,0.0,0.5142283964766329,0.6392838491522452,专用机械,-5.0,-2.0,3.0,0.3,0.5,-0.10630614035582275,0.03462056015318909,0.14485512198550365,false,false,-0.2329114968028507,0.41550326071518673,,,,,,,0.435483870967742,0,0.0,none,0.3524560097748658,false,stable,30.0,单年巨幅下滑-15.0分(年跌-66.5%); 峰值大幅下跌-15分(从18.7跌至9.1，跌幅-51.2%),"","",0,0
300401.SZ,花园生物,化学制药,10.02265,-0.19316003282124933,-1.8363,0.4257604064143939,0.2326562065846716,-0.09388701994481974,6.897,44.136799343575014,-0.23051457340345838,-0.39999999999999997,0.48333333333333334,good,good,good,false,0,false,0,false,0,false,0,0.44937906056886023,4.751527472087266,1.1060061247226571,volatile,false,false,none,6.832500000000001,0.0,-3.8437200000000002,-10.67622,0.6819316449146784,1.0,0.8193164491467841,false,none,1.5276000000000005,-7.936800000000001,-48.16701988546693,28.450106157112536,-59.64738242323128,false,化学制药,false,3.177971467948002,true,rising,false,false,0.0,0.44937906056886023,0.7832327775148218,化学制药,-5.0,-2.0,3.0,0.3,0.5,-0.3266689773565332,0.49307978449197426,-0.45757283778065627,false,false,-0.19316003282124933,0.4257604064143939,,,,,,,0.6067415730337079,0,0.0,none,0.3557230908861226,false,stable,55.863200656424986,轻度衰退-3.9分(log斜率-0.193); 持续衰退重罚-10.0分(最新<加权); 单年巨幅下滑-15.0分(年跌-59.6%); 相对加权下滑-10.0分(最新为加权68.8%); 趋势不可靠-2分(Bootstrap CI过宽: 0.800); 峰值大幅下跌-15分(从17.1跌至6.9，跌幅-59.6%),"","",0,0
300402.SZ,宝色股份,专用机械,5.238745,-0.0790361192360205,-0.39287000000000005,0.3754487889369314,0.27185973038330236,-0.07018422501801458,3.9498,56.810603094204296,-0.09099370805277035,-0.39999999999999997,0.48333333333333334,good,good,good,false,0,false,0,false,0,false,0,0.20007139280556574,1.0874240327489548,0.5092563631747246,stable,false,false,none,0.7166999999999999,0.0,-1.3839499999999998,-2.10065,0.7018693855547342,0.9637070256769206,0.9789442787546729,true,severe,-1.0323999999999995,-1.7355,-41.2030903434211,-20.72176949941792,-25.83473510278816,false,专用机械,false,1.0,true,falling,false,false,0.0,0.20007139280556574,0.29339044757778593,专用机械,-5.0,-2.0,3.0,0.3,0.5,-0.26046129915389393,0.9943571384021462,-0.37879381159141334,false,true,-0.0790361192360205,0.3754487889369314,,,,,,,0.9872029250457038,2,-0.1979105101340262,sustained_decline,0.16421496948067638,false,increasing_vol,43.189396905795704,严重恶化-15分; 加速下滑-0.2分(加速度-0.38); 贝叶斯高置信度恶化-12分(恶化概率98.7%，严重恶化确认); 趋势不可靠-2分(Bootstrap CI过宽: 0.390); 峰值明显下跌-8分(从6.7跌至3.9，跌幅-41.2%); 连续下跌警示-6分(2年下跌，累计-25.3%),"","",0,0
300406.SZ,九强生物,医疗保健,10.479338,-0.012091580916815748,-0.1406399999999998,0.07203238569033857,0.66242517920648,0.2679350952032553,11.0878,93.0,0.08953663449595983,0.19999999999999998,0.8166666666666667,good,good,good,false,0,false,0,false,0,false,0,0.33123365200055066,3.339815663775472,0.8136697953775479,moderate,false,false,none,8.2042,0.0,-0.25395999999999985,-8.45816,0.6620801381320118,1.0,0.1208013813201182,true,moderate,-1.0234000000000005,1.6796000000000006,6.290501936423944,-8.450029724552484,16.10107749530274,false,医疗保健,false,1.1793684573795007,true,falling,false,false,0.0,0.33123365200055066,0.42223604925104063,医疗保健,-5.0,-2.0,3.0,0.3,0.5,0.030371780721580862,0.16502433842222342,-0.4083918421646117,false,false,0.18455101058334566,0.4363958065511759,,,,,,,0.6492985971943889,1,0.0,single_year_drop,0.25843325656580896,true,decreasing_vol,7.0,中度恶化-10分; 波动聚集提示-2分(大波动后可能跟着大波动),"","",0,0
300407.SZ,凯发电气,电气设备,4.694089999999999,-0.07883328085038462,-0.38002,0.5457894791538747,0.15383632144294707,-0.10115727292959986,3.7739,55.0,-0.0844836374225508,-0.6,0.23333333333333334,good,good,good,false,0,false,0,false,0,false,0,0.1677487448445039,0.8193016446950414,0.4110890440408673,ultra_stable,false,false,none,-0.09489999999999998,0.0,-0.909,-0.8141,0.40341241811958123,0.019750281368827647,0.9984863896899986,true,severe,-0.9703000000000004,-0.8476999999999997,-32.511311003415656,-20.452341806837833,-15.159427028380332,false,电气设备,false,1.2347420950362125,true,falling,false,false,0.0,0.1677487448445039,0.2988312752137648,电气设备,-5.0,-2.0,3.0,0.3,0.5,-0.19200131647186702,0.9915875296465729,-0.17556430888191987,false,false,-0.07883328085038462,0.5457894791538747,,,,,,,0.9935602575896965,2,0.34915005485025963,sustained_decline,0.1140376812768219,false,stable,45.0,"严重恶化-15分; 贝叶斯高置信度恶化-12分(恶化概率99.4%，严重恶化确认); 趋势不确定预警-4分(Bootstrap CI跨零: [-0.196, 0.049]); 峰值明显下跌-8分(从5.8跌至3.8，跌幅-34.7%); 连续下跌警示-6分(2年下跌，累计-34.7%)","","",0,0
300408.SZ,三环集团,元器件,10.687431,-0.1322484732354694,-1.56423,0.49479494098107396,0.18502106533438165,-0.08908385089406434,10.3457,90.0,-0.09969815088721998,-0.6,0.23333333333333334,good,good,good,false,0,false,0,false,0,false,0,0.2978264433928782,3.322760281001324,0.6324540410694919,stable,false,false,none,-3.417949999999999,0.0,1.07775,4.495699999999999,0.6507872783901826,0.8337720627801599,0.6741007211216656,false,none,2.375700000000001,-0.22020000000000106,26.318038631535245,29.80803011292348,-2.6885790334790487,false,元器件,false,1.0,false,rising,false,false,0.0,0.2978264433928782,0.37159448804763595,元器件,-5.0,-2.0,3.0,0.3,0.5,0.11612698451027081,0.6637061124433716,0.4182517483320016,true,false,-0.1322484732354694,0.49479494098107396,,,,,,,0.07161803713527852,0,0.0,none,0.19888860929908878,false,decreasing_vol,10.0,趋势不可靠-2分(Bootstrap CI过宽: 0.449); 峰值明显下跌-8分(从15.0跌至10.3，跌幅-31.1%),"","",0,0
300411.SZ,金盾股份,专用机械,0.41738500000000006,-0.14149451621212447,-0.21315499999999998,0.7703351316612075,0.050397384004734196,,0.7145,32.0,-0.1288326855758798,-0.39999999999999997,0.48333333333333334,has_loss,has_loss,has_near_zero,true,1,true,2,false,0,true,2,4.471769483543816,1.6744093654181464,11.19431684649076,high_volatility,false,false,none,-4.1916,0.0,0.9248799999999999,5.11648,0.6241422179086297,1.0,0.4661259059222327,true,severe,-0.05120000000000002,-0.5146999999999999,-44.19712589815683,-6.686691915893955,-40.19837550765386,false,专用机械,true,inf,true,falling,false,false,0.0,4.471769483543816,1.0,专用机械,-5.0,-2.0,3.0,0.3,0.5,-0.20096945571015995,0.8259066531548204,-0.09618236017904014,false,false,0.11446188583478292,0.023286563319146657,,,,,,,0.9507042253521126,2,-0.8336576582648024,sustained_decline,4.43072578504216,true,decreasing_vol,68.0,严重恶化-15分; 单年巨幅下滑-15.0分(年跌-40.2%); 周期回落期-3分(景气下行趋势); 贝叶斯高置信度恶化-12分(恶化概率95.1%，严重恶化确认); 波动聚集提示-2分(大波动后可能跟着大波动); 峰值大幅下跌-15分(从1.7跌至0.7，跌幅-56.7%); 连续下跌警示-6分(2年下跌，累计-56.7%),"","",0,0
300412.SZ,迦南科技,医疗保健,1.517947,-0.5959045569565068,-1.94271,0.1516447132749011,0.5170134645978811,,2.8039,83.0,-0.28429627145253855,-0.39999999999999997,0.48333333333333334,poor,poor,poor,true,2,false,0,true,2,false,0,2.8686548468651347,6.026355356100401,6.810202022125325,high_volatility,false,false,none,-7.153299999999999,0.0,4.4945,11.6478,0.6793558706476294,0.7940719106721023,0.9994867958041912,false,none,4.3181,4.6709000000000005,145.33313931868523,285.17368907674023,75.51858498649982,false,医疗保健,false,1.0,false,rising,false,false,0.0,2.8686548468651347,1.0,医疗保健,-5.0,-2.0,3.0,0.3,0.5,2.1381510137307833,0.9533731656344057,4.794747587949351,true,false,-0.5959045569565068,0.1516447132749011,,,,,,,0.07161803713527852,0,0.0,none,2.4680363396361478,false,decreasing_vol,17.0,趋势不可靠-2分(Bootstrap CI过宽: 5.113); 峰值大幅下跌-15分(从8.1跌至2.8，跌幅-65.5%),"","",0,0
300415.SZ,伊之密,专用机械,16.32976,-0.02286281271485109,-0.3660549999999999,0.24229217779787043,0.3995898755775719,-0.01986183244787887,15.8567,108.0,-0.045159220968474655,-0.39999999999999997,0.48333333333333334,good,good,good,false,0,false,0,false,0,false,0,0.19690559326163143,3.3223526320967194,0.48666435130582797,stable,false,false,none,5.267199999999999,0.0,-2.0178499999999997,-7.285049999999998,0.4803882707702112,1.0,0.46234930639482935,false,none,1.6193000000000008,-0.40220000000000056,8.313751741850872,11.37356539817664,-2.7473428235744186,false,专用机械,false,1.576748563642238,true,rising,false,false,0.0,0.19690559326163143,0.36775761642827026,专用机械,-5.0,-2.0,3.0,0.3,0.5,0.039845147897851874,0.5100786423682685,0.1197402433104211,false,false,-0.06148293065259152,0.2835753451898586,,,,,,,0.13366336633663367,0,0.0,none,0.16856083235946415,false,decreasing_vol,0.0,"",stable_dividend,"稳定分红型(值=15.9,CV=19.7%,稳定)",0,0
300433.SZ,蓝思科技,元器件,5.943099,0.06681477274524937,0.3499800000000001,0.47832928679476244,0.19578955102151835,-0.1361060408313881,6.0881,92.0,0.12110678152462029,0.19999999999999998,0.8166666666666667,good,good,good,false,0,false,0,false,0,false,0,0.4452306978063623,2.7580706037010727,1.1219429512325054,volatile,false,true,deterioration_to_recovery,-6.950100000000001,0.0,0.69056,7.6406600000000005,1.0,1.0,0.9963660770862592,false,none,0.8095999999999997,0.5825000000000005,29.644378194207842,15.33769063180827,12.404173764906314,false,元器件,false,1.0,false,rising,false,false,0.0,0.4452306978063623,0.4895178915784232,元器件,-5.0,-2.0,3.0,0.3,0.5,0.12757703909921458,0.9965821739631333,0.5454687071488797,true,false,-0.08855630192501232,0.13416588103023075,,,,,,,0.07161803713527852,0,0.0,none,0.39039412091315784,false,decreasing_vol,8.0,峰值明显下跌-8分(从10.9跌至6.1，跌幅-44.3%),"","",0,0
300434.SZ,金石亚药,化学制药,0.37356799999999946,0.0415815378644038,0.16288000000000005,0.17324101481896806,0.4857753562937915,,3.3682,39.00165778380184,0.6613519543756807,0.39999999999999997,0.48333333333333334,has_loss,has_loss,good,true,1,false,0,false,0,false,0,9.618419850708399,15.208837836337135,23.931205018909452,high_volatility,false,false,none,31.422600000000003,0.0,-0.37607000000000007,-31.79867,0.6526822289696864,1.0,0.026822289696863233,true,severe,-1.2860000000000005,-4.7891,-64.33238380650832,-27.630956985088744,-50.71426302246037,false,化学制药,false,1.0,true,falling,false,false,0.0,9.618419850708399,1.0,化学制药,-5.0,-2.0,3.0,0.3,0.5,-0.5061884263473723,0.9538760844874995,-3.996684432396325,false,true,1.235304569745036,0.47310557466300907,,,,,,,0.9747292418772563,2,-0.4551639846791912,sustained_decline,7.0753533211102235,true,decreasing_vol,60.99834221619816,严重恶化-15分; 单年巨幅下滑-15.0分(年跌-50.7%); 加速下滑-2.0分(加速度-4.00); 贝叶斯高置信度恶化-12分(恶化概率97.5%，严重恶化确认); 波动聚集提示-2分(大波动后可能跟着大波动); 峰值大幅下跌-15分(从9.4跌至3.4，跌幅-64.3%),"","",0,0
300439.SZ,美康生物,医疗保健,8.755325,0.03180719386091533,0.2689300000000002,0.3171818729649354,0.3228791608754213,-0.08043036719172647,8.782,100.0,-0.03193367642306999,-0.19999999999999998,0.8166666666666667,good,good,good,false,0,false,0,false,0,false,0,0.21726111610694043,1.961872223667994,0.5422357868531852,stable,false,false,none,-4.683599999999999,0.0,0.5270100000000001,5.210609999999999,0.7137074318534157,1.0,0.6370743185341565,false,none,-0.3213000000000008,1.7181000000000006,18.91350268103775,-3.5294893060758272,23.264095759085745,false,医疗保健,false,1.2326409575908575,true,falling,false,false,0.0,0.21726111610694043,0.3381610205643334,医疗保健,-5.0,-2.0,3.0,0.3,0.5,0.08594979216690413,0.5995714592495535,0.33881230245498295,true,false,-0.048819840314336595,0.14680932098082478,,,,,,,0.16167664670658682,0,0.0,none,0.19480376757679288,false,decreasing_vol,0.0,"","","",0,0
300442.SZ,润泽科技,软件服务,5.623119000000001,0.3017597008713566,0.9539200000000001,0.10042309696086923,0.6033741956713354,,9.446,36.929574795781924,1.6810027612995597,0.39999999999999997,0.48333333333333334,poor,poor,has_loss,true,2,true,1,true,1,true,1,5.4181289789165135,17.244279101197588,13.935400760360698,high_volatility,false,false,none,22.176099999999998,0.0,-4.9339,-27.11,0.858705229229173,0.9948294787462166,0.9433286839698055,true,severe,-2.8392999999999997,-7.028500000000001,-51.09196533048909,-23.111360731931658,-36.39107788213609,false,软件服务,false,1.0,true,falling,false,false,0.0,5.4181289789165135,1.0,软件服务,-5.0,-2.0,3.0,0.3,0.5,-0.35655393993449347,0.9769408502753929,-4.140850408436148,false,true,1.7007238630899726,0.7074294204274327,,,,,,,0.9747292418772563,2,-0.36491684014458037,sustained_decline,3.608918161969715,true,decreasing_vol,63.070425204218076,严重恶化-15分; 单年巨幅下滑-15.0分(年跌-36.4%); 加速下滑-2.1分(加速度-4.14); 贝叶斯高置信度恶化-12分(恶化概率97.5%，严重恶化确认); 波动聚集提示-2分(大波动后可能跟着大波动); 趋势不可靠-2分(Bootstrap CI过宽: 2.318); 峰值大幅下跌-15分(从19.3跌至9.4，跌幅-51.1%),"","",0,0
300452.SZ,山河药辅,化学制药,13.752365000000001,-0.03461198722129706,-0.37418999999999997,0.07297675563518236,0.6602748849538076,-0.07808548010572092,10.3858,42.0,-0.03854759254324554,-0.19999999999999998,0.8166666666666667,good,good,good,false,0,false,0,false,0,false,0,0.19508082211330996,2.7193213166156,0.4540993697029869,stable,false,false,none,1.1691999999999991,0.0,-3.164949999999999,-4.3341499999999975,0.5705547546050097,0.24470907402501202,0.8072068800771257,true,severe,-5.844000000000001,-0.48589999999999733,-37.86799236645788,-36.00783743484209,-2.9068480530279763,false,化学制药,false,1.3942879544904785,true,falling,false,false,0.0,0.19508082211330996,0.34196971828937844,化学制药,-5.0,-2.0,3.0,0.3,0.5,-0.23724636967752843,0.7963516789540865,-0.31243841885290347,false,false,-0.03461198722129706,0.07297675563518236,,,,,,,0.9983149583553994,1,11.387244457904774,cliff_drop,0.19040754879461186,false,stable,58.0,严重恶化-15分; 单年巨幅下滑-15.0分(年跌-36.0%); 贝叶斯高置信度恶化-12分(恶化概率99.8%，严重恶化确认); 趋势不可靠-2分(Bootstrap CI过宽: 0.414); 峰值明显下跌-8分(从16.7跌至10.4，跌幅-37.9%); 连续下跌警示-6分(2年下跌，累计-27.8%),"","",0,0
300453.SZ,三鑫医疗,医疗保健,16.085549999999998,0.006745105056283451,0.08590000000000018,0.018835701045359792,0.8258066366532135,0.021161017434281115,15.6144,123.0,-0.008621103028706223,-0.19999999999999998,0.8166666666666667,good,good,good,false,0,false,0,false,0,false,0,0.0771594901350373,1.2378388364403494,0.1870457407153453,ultra_stable,false,false,none,3.0006999999999984,0.0,-0.6695999999999994,-3.670299999999998,0.6865831925098208,1.0,0.8658319250982079,false,none,-0.09590000000000032,-1.457699999999999,-9.049394221808011,-0.6104275538977634,-8.490796831314068,false,医疗保健,false,1.0,true,falling,false,false,0.0,0.0771594901350373,0.19506092544136316,医疗保健,-5.0,-2.0,3.0,0.3,0.5,-0.04733846533330443,0.7981911321173881,-0.13646420723897368,false,true,0.006745105056283451,0.018835701045359792,,,,,,,0.32530120481927716,0,-0.9281071534244576,none,0.07669361389317,false,decreasing_vol,0.0,加速下滑-0.1分(加速度-0.14),"high_growth,stable_dividend","优质护城河(高位企稳: 15.6 > 15.0, 稳健斜率=0.01); 稳定分红型(值=15.6,CV=7.7%,稳定)",1,0
300455.SZ,航天智装,IT设备,5.5738,-0.1967370197988536,-1.2224,0.921008892051881,0.009655528041050677,-0.19216873096541776,3.9086,27.065259604022927,-0.20513871310569576,-0.7999999999999999,0.08333333333333333,good,good,good,false,0,false,0,false,0,false,0,0.3477403862715628,2.065758719453944,0.8869930578467877,stable,false,false,none,-2.1239,0.0,-0.5106999999999999,1.6132,0.7188699547606411,0.9900920947272275,0.6986074528791831,true,moderate,-1.0917000000000003,0.07030000000000047,-20.718052738336713,-21.83269003859769,1.425963488843823,false,IT设备,false,1.0142596348884383,true,falling,false,false,0.0,0.3477403862715628,0.4134269270023754,IT设备,-5.0,-2.0,3.0,0.3,0.5,-0.11315696463729408,0.7041637896369071,0.1939793255788611,true,false,-0.1967370197988536,0.921008892051881,,,,,,,0.9487554904831625,1,0.0,single_year_drop,0.122746970442464,false,decreasing_vol,72.93474039597707,复合恶化-14.0分(触发2项恶化信号); 轻度衰退-3.9分(log斜率-0.197); 中度恶化-10分; 持续衰退重罚-10.0分(最新<加权); 贝叶斯恶化预警-8分(恶化概率94.9%); 峰值大幅下跌-15分(从9.2跌至3.9，跌幅-57.4%); 智能连续下跌-12分(3年实质性下跌，累计跌幅-57.4%),"","",0,0
300457.SZ,赢合科技,专用机械,10.404778,0.3851974489355944,3.2976600000000005,0.8664841196329548,0.021599980295206843,0.36782607691577063,14.8762,95.0,0.38308733832556385,0.6,0.23333333333333334,good,good,good,false,0,false,0,false,0,false,0,0.5972589044082779,5.623479269278051,1.2451622222127818,moderate,false,false,none,-0.34039999999999937,0.0,4.012480000000001,4.352880000000001,0.5303771758631179,1.0,0.8643015567334342,false,none,-0.7569999999999997,7.224400000000001,76.91228237084961,-4.8422587825908945,85.91475596993628,false,专用机械,true,3.9988745075970735,true,falling,false,false,0.0,0.5972589044082779,1.0,专用机械,-5.0,-2.0,3.0,0.3,0.5,0.28404727470859936,0.6850671888124527,-0.05213305627721576,false,false,0.3851974489355944,0.8664841196329548,,,,,,,0.16167664670658682,0,0.0,none,0.22372158984809906,false,increasing_vol,5.0,周期回落期-3分(景气下行趋势); 趋势不可靠-2分(Bootstrap CI过宽: 0.459),"","",0,0
300465.SZ,高伟达,软件服务,-3.141750000000001,-0.11257119765235198,-0.9151100000000002,0.006265634215963054,0.8993211025186767,,4.3206,93.0,1.3448358530286129,0.39999999999999997,0.48333333333333334,poor,poor,has_loss,true,2,false,0,true,1,false,0,3.9555696599928183,23.107805062532446,10.065493063829205,high_volatility,false,false,none,58.801,0.0,-1.7431300000000003,-60.54413,0.6081326767817774,1.0,0.08132676781777408,false,none,0.14569999999999972,10.022,173.89304099468112,3.489903949795198,171.40120743616492,false,软件服务,true,inf,true,rising,false,false,0.0,3.9555696599928183,1.0,软件服务,-5.0,-2.0,3.0,0.3,0.5,2.317999409022045,0.755401569378005,1.297551407991243,false,false,1.219495832971111,0.32017948923235245,,,,,,,0.07161803713527852,0,0.0,none,3.1164778233919552,true,decreasing_vol,19.0,波动聚集提示-2分(大波动后可能跟着大波动); 趋势不可靠-2分(Bootstrap CI过宽: 5.367); 峰值大幅下跌-15分(从13.5跌至4.3，跌幅-67.9%),cyclical_bottom,"周期底部(mid_up), 近期强势(231.8%)",0,0
300468.SZ,四方精创,软件服务,3.699974,-0.21284694372552693,-0.9132200000000001,0.6937437699774481,0.07990110997380201,-0.15704017090058842,3.0906,73.74306112548946,-0.1799206142966554,-0.6,0.23333333333333334,good,good,good,false,0,false,0,false,0,false,0,0.4241088832553585,1.6853832555237993,0.9453841779191432,moderate,false,false,none,-1.6311499999999999,0.0,0.11599999999999988,1.7471499999999998,0.599691029406714,0.8992143482068803,0.09769594586025995,false,none,0.7265999999999999,-0.49460000000000015,8.115860910935414,30.736040609137056,-17.302175890295953,false,软件服务,false,1.0,false,rising,false,false,0.0,0.4241088832553585,0.47262043993762015,软件服务,-5.0,-2.0,3.0,0.3,0.5,0.03697824442601727,0.08204675633824078,0.40633121164789354,false,false,-0.21284694372552693,0.6937437699774481,,,,,,,0.13366336633663367,0,0.0,none,0.21873674077338645,false,decreasing_vol,26.25693887451054,"轻度衰退-4.3分(log斜率-0.213); 持续衰退重罚-10.0分(最新<加权); 趋势不确定预警-4分(Bootstrap CI跨零: [-0.431, 0.037]); 峰值明显下跌-8分(从6.1跌至3.1，跌幅-49.5%)","","",0,0
300469.SZ,信息发展,软件服务,-19.896401000000004,-0.27049307746553236,-3.8496700000000006,0.5012130026812686,0.18091882827600872,,-17.7676,91.05612667468378,-0.25237161067340486,-0.39999999999999997,0.48333333333333334,poor,poor,poor,true,5,false,0,true,5,false,0,0.5397924707915425,10.116520591339691,1.1737267561294453,volatile,false,false,none,-10.9987,0.0,5.925849999999999,16.924549999999996,0.6661151317242551,0.8380685776228727,0.8230827396196775,false,none,10.6844,1.1672999999999973,40.01343718453845,37.5523689020104,3.941011435111557,false,软件服务,false,1.0,false,rising,false,false,0.0,0.5397924707915425,0.5651673099665673,软件服务,-5.0,-2.0,3.0,0.3,0.5,0.2552717307086645,0.8086367487780404,0.9319764479888586,true,false,-0.27049307746553236,0.5012130026812686,,,,,,,0.07161803713527852,0,0.0,none,0.4311541723213191,false,decreasing_vol,8.943873325316218,"轻度衰退-5.4分(log斜率-0.270); 趋势不确定预警-4分(Bootstrap CI跨零: [-0.725, 0.255])","","",0,0
300475.SZ,香农芯创,元器件,10.571203,-0.00991014026160504,-0.09586000000000006,0.04072847922316277,0.744798786039859,0.29867338410506994,10.4733,86.67915724108173,0.07583158348385866,0.39999999999999997,0.48333333333333334,good,good,good,false,0,false,0,false,0,false,0,0.36684519770316915,3.7119231329595173,0.92330879082868,moderate,false,false,none,7.834999999999999,0.0,-0.20022999999999982,-8.035229999999999,0.6560237566495013,0.9999999999999998,0.06023756649501234,true,moderate,-2.5511999999999997,1.1288,-11.957261867733717,-19.58770010365081,9.489143135754938,false,元器件,false,1.0,true,falling,false,false,0.0,0.36684519770316915,0.42680949149586866,元器件,-5.0,-2.0,3.0,0.3,0.5,-0.06341922820016954,0.337839469652557,-0.6416855178365592,false,true,0.21819872466829948,0.448051475948724,,,,,,,0.9025069637883009,1,0.0,single_year_drop,0.28102170646610397,false,decreasing_vol,13.32084275891828,中度恶化-10分; 加速下滑-0.3分(加速度-0.64); 贝叶斯恶化预警-8分(恶化概率90.3%),"","",0,0
300476.SZ,胜宏科技,元器件,8.874055,-0.03667525962588627,-0.3813200000000002,0.4651837042458577,0.20464543890352263,-0.04098311863290427,9.5351,79.8342541436464,-0.10642641843933054,-0.6,0.23333333333333334,good,good,good,false,0,false,0,false,0,false,0,0.20352114487387615,1.8816995195832944,0.5428565866152123,stable,false,false,none,-1.1584000000000003,0.0,0.28969999999999985,1.4481000000000002,0.4566677296885793,0.9976296705403528,0.027355778447081067,false,none,3.2817,-2.7023,6.469622698393199,52.478651613522246,-30.17407907812901,false,元器件,false,1.0,false,rising,false,false,0.0,0.20352114487387615,0.29615024923243427,元器件,-5.0,-2.0,3.0,0.3,0.5,0.031162711732036105,0.01907164522614707,0.14563022392318656,false,false,-0.08197037501494822,0.3373730173036831,,,,,,,0.13366336633663367,0,0.0,none,0.15893892534705786,true,increasing_vol,20.16574585635359,单年巨幅下滑-15.0分(年跌-30.2%); 波动率飙升预警-5.2分(近期波动是早期的2.6倍),"","",0,0
300479.SZ,神思电子,软件服务,-8.590264,-0.04080792978687331,0.7555200000000002,0.0006572658331908823,0.967361284007731,,1.0272,90.0,0.27663798178080234,0.19999999999999998,0.8166666666666667,poor,poor,poor,true,3,false,0,true,3,false,0,1.130590288820904,9.968324129310805,2.571521574427351,high_volatility,false,false,none,-22.6729,0.0,6.8733,29.5462,0.6931062420679628,1.0,0.9310624206796273,false,none,12.4765,3.355500000000001,106.93829028423214,108.97172752919393,22.6649465038366,false,软件服务,false,1.0,false,rising,false,false,0.0,1.130590288820904,1.0,软件服务,-5.0,-2.0,3.0,0.3,0.5,2.1448569971731253,0.7946342493521259,4.54024189461079,true,false,-0.04080792978687331,0.0006572658331908823,,,,,,,0.07161803713527852,0,0.0,none,1.1224426720461846,false,decreasing_vol,10.0,趋势不可靠-2分(Bootstrap CI过宽: 4.931); 峰值明显下跌-8分(从1.9跌至1.0，跌幅-46.2%),"","",0,0
300482.SZ,万孚生物,医疗保健,15.681256,-0.20286838400936738,-2.8662799999999997,0.5194221294334549,0.16956272646494017,-0.16295096978974366,10.0445,41.64946126253508,-0.1778109201037879,-0.39999999999999997,0.48333333333333334,good,good,good,false,0,false,0,false,0,false,0,0.4234119693357643,7.003716662458584,0.9981657854295412,moderate,false,false,none,2.6682000000000006,0.0,-7.8764,-10.5446,0.4849899050887399,0.37138165124056616,0.7139907252639742,false,none,0.7579999999999991,-16.5108,-61.06375473402256,8.162386259624176,-64.00204672582014,false,医疗保健,false,1.954118850130667,true,rising,false,false,0.0,0.4234119693357643,0.5992787554860337,医疗保健,-5.0,-2.0,3.0,0.3,0.5,-0.47057566085811686,0.6881980142464906,-0.586342114555152,false,true,-0.20286838400936738,0.5194221294334549,,,,,,,0.6067415730337079,0,0.0,none,0.32281753727801105,false,stable,58.35053873746492,"轻度衰退-4.1分(log斜率-0.203); 持续衰退重罚-10.0分(最新<加权); 单年巨幅下滑-15.0分(年跌-64.0%); 相对加权下滑-10.0分(最新为加权64.1%); 加速下滑-0.3分(加速度-0.59); 趋势不确定预警-4分(Bootstrap CI跨零: [-0.545, 0.153]); 峰值大幅下跌-15分(从25.8跌至10.0，跌幅-61.1%)","","",0,0
300484.SZ,蓝海华腾,电气设备,7.023722,-0.29036670578636653,-1.73706,0.5578290466380519,0.14692857396581369,-0.19862601600975094,3.6364,42.98027999111302,-0.27630842309001125,-0.19999999999999998,0.8166666666666667,good,good,good,false,0,false,0,false,0,false,0,0.5300187726478267,3.998906836624229,1.1939020575651702,volatile,false,false,none,1.6376,0.0,-4.228,-5.8656,0.6418736947451416,0.9840422262222551,0.7012532811217691,false,none,0.5518000000000001,-9.0078,-69.92821937746022,17.888867276146016,-74.49141609606033,false,电气设备,true,3.920248978797899,true,rising,false,false,0.0,0.5300187726478267,0.9467148819579813,电气设备,-5.0,-2.0,3.0,0.3,0.5,-0.5924485493921716,0.651737375188049,-0.7496374433784041,false,true,-0.29036670578636653,0.5578290466380519,,,,,,,0.6067415730337079,0,0.0,none,0.38523176726593744,false,increasing_vol,57.01972000888698,"轻度衰退-5.8分(log斜率-0.290); 持续衰退重罚-10.0分(最新<加权); 单年巨幅下滑-15.0分(年跌-74.5%); 相对加权暴跌-15.0分(最新仅为加权51.8%); 加速下滑-0.4分(加速度-0.75); 波动率飙升预警-5.8分(近期波动是早期的2.9倍); 趋势不确定预警-4分(Bootstrap CI跨零: [-0.695, 0.160]); 峰值大幅下跌-15分(从12.1跌至3.6，跌幅-69.9%)","","",0,0
300489.SZ,光智科技,专用机械,-0.8162969999999998,-0.4027300838182921,-1.0579900000000002,0.06135127863795239,0.6878839582044645,,6.0562,87.48509428920077,-0.9618595074448285,-0.19999999999999998,0.8166666666666667,poor,poor,poor,true,2,false,0,true,2,false,0,14.596505499595805,7.2821965937483455,36.27480457005413,high_volatility,false,false,none,-3.5801999999999996,0.0,4.525,8.1052,0.5071986835636184,0.927680189794689,0.250069073493612,false,none,18.0975,-9.0475,302.29140223127797,150.2952339033161,-302.2078963190594,false,专用机械,false,1.0,false,rising,false,false,0.0,14.596505499595805,1.0,专用机械,-5.0,-2.0,3.0,0.3,0.5,2.158730623494752,0.5293745039694406,4.134145899221624,true,false,-0.4027300838182921,0.06135127863795239,,,,,,,0.07161803713527852,0,0.0,none,14.206165221731046,true,increasing_vol,22.514905710799223,单年巨幅下滑-15.0分(年跌-302.2%); 波动率飙升预警-7.6分(近期波动是早期的3.8倍); 趋势不可靠-2分(Bootstrap CI过宽: 4.684),turnaround,扭亏为盈(曾亏损2年 -> 最新6.1),0,1
300493.SZ,润欣科技,元器件,4.440544000000001,-0.21980507018151896,-0.9611199999999999,0.7336068388119906,0.0638259648837647,-0.16026561987951682,2.7764,29.603898596369618,-0.21461188941188253,-0.7999999999999999,0.08333333333333333,good,good,good,false,0,false,0,false,0,false,0,0.3843351024903557,1.817474579464593,0.8670763478878719,moderate,false,false,none,1.2931,0.0,-1.4948799999999998,-2.7879799999999997,0.6908425084949457,1.0,0.9084250849494565,false,none,-0.10349999999999993,-2.6479,-49.773870255797966,-3.5938747873190016,-47.90151597380513,false,元器件,false,1.0,true,falling,false,false,0.0,0.3843351024903557,0.4408014153256179,元器件,-5.0,-2.0,3.0,0.3,0.5,-0.3328792286663963,0.7887622273817725,-0.3279367461337731,false,false,-0.21980507018151896,0.7336068388119906,,,,,,,0.6585365853658537,0,-0.9249736732907512,none,0.21081367880936755,false,stable,70.39610140363038,"轻度衰退-4.4分(log斜率-0.220); 持续衰退重罚-10.0分(最新<加权); 单年巨幅下滑-15.0分(年跌-47.9%); 相对加权下滑-10.0分(最新为加权62.5%); 趋势不确定预警-4分(Bootstrap CI跨零: [-0.449, 0.025]); 峰值大幅下跌-15分(从6.9跌至2.8，跌幅-59.6%); 智能连续下跌-12分(3年实质性下跌，累计跌幅-50.3%)","","",0,0
300508.SZ,维宏股份,软件服务,8.332826,0.10960998323216425,0.9690200000000001,0.23230601471105064,0.41098807142027477,0.2332437138037322,12.2745,98.0,0.1201769452381268,0.39999999999999997,0.48333333333333334,good,good,good,false,0,false,0,false,0,false,0,0.3688208385930809,2.966101442466188,0.8664382028619318,moderate,false,false,none,1.04285,0.0,2.44115,1.3982999999999999,0.37907549810378816,0.22089474212234314,0.4872356297511628,false,none,6.7787,-1.8963999999999999,66.04664375963853,123.34328032315587,-25.65406780119585,false,软件服务,false,1.7725535863750501,true,rising,false,false,0.0,0.3688208385930809,0.5313971490578048,软件服务,-5.0,-2.0,3.0,0.3,0.5,0.25210491403948687,0.39103764261026036,0.08846760406054255,false,false,0.10960998323216425,0.23230601471105064,,,,,,,0.07161803713527852,0,0.0,none,0.31580427612212525,false,stable,2.0,趋势不可靠-2分(Bootstrap CI过宽: 0.615),"","",0,0
300509.SZ,新美星,专用机械,4.927375,-0.27928860025418006,-1.47155,0.8131267848658953,0.036426895770062466,-0.19665343976592298,3.3321,42.4142279949164,-0.2687861127204769,-0.6,0.23333333333333334,good,good,good,false,0,false,0,false,0,false,0,0.4734419926351309,2.541834307739196,1.0019110273355138,stable,false,false,none,-1.5906999999999993,0.0,-0.7434000000000001,0.8472999999999993,0.41817581589487696,0.7415849417611917,0.45170833317167775,false,none,0.6752000000000002,-2.1620000000000004,-30.853514287493,25.413075388610796,-44.86501068708627,false,专用机械,false,3.0245775151492342,true,rising,false,false,0.0,0.4734419926351309,0.7820305961280027,专用机械,-5.0,-2.0,3.0,0.3,0.5,-0.17887339555212944,0.3827523322949338,0.07123694601918407,true,false,-0.27928860025418006,0.8131267848658953,,,,,,,0.6067415730337079,0,0.0,none,0.19061168539466217,false,stable,57.5857720050836,轻度衰退-5.6分(log斜率-0.279); 持续衰退重罚-10.0分(最新<加权); 单年巨幅下滑-15.0分(年跌-44.9%); 相对加权下滑-10.0分(最新为加权67.6%); 趋势不可靠-2分(Bootstrap CI过宽: 0.420); 峰值大幅下跌-15分(从8.0跌至3.3，跌幅-58.5%),"","",0,0
300525.SZ,博思软件,软件服务,11.69962,-0.04075847312432104,-0.4614000000000001,0.2440238467126247,0.39764494496245795,-0.03372799686545025,9.7877,72.89834969707618,-0.06698599057945087,-0.39999999999999997,0.48333333333333334,good,good,good,false,0,false,0,false,0,false,0,0.12772905617522823,1.523848513468449,0.3327320641860404,ultra_stable,false,false,none,2.5298000000000016,0.0,-1.2742100000000005,-3.804010000000002,0.6936229289903859,1.0,0.9362292899038585,true,severe,-2.2352000000000007,-0.8332999999999995,-23.86786142094865,-18.59118848198023,-6.481697546708977,false,软件服务,false,1.0,true,falling,false,false,0.0,0.12772905617522823,0.2355165782735159,软件服务,-5.0,-2.0,3.0,0.3,0.5,-0.1358046824482999,0.9207525343889449,-0.20330060584763032,false,true,-0.04075847312432104,0.2440238467126247,,,,,,,0.998079413461919,3,1.8682591787115608,accelerating_decline,0.11214011688177797,false,stable,27.101650302923815,严重恶化-15分; 加速下滑-0.1分(加速度-0.20); 贝叶斯高置信度恶化-12分(恶化概率99.8%，严重恶化确认),"","",0,0
300529.SZ,健帆生物,医疗保健,20.616565,-0.2699149226429061,-5.747450000000001,0.5452380428892304,0.15415675130198034,-0.1511748015288975,17.607,61.60170154714188,-0.25112803233782527,-0.7999999999999999,0.08333333333333333,good,good,good,false,0,false,0,false,0,false,0,0.4918381487861074,10.988057714400668,1.1503795745899879,moderate,false,false,none,-7.51195,0.0,-0.642850000000001,6.869099999999999,0.4634616586295034,0.7920468106720389,0.012164860329221533,false,none,9.390799999999999,-10.6765,-6.805273994717546,114.2961466371315,-56.511245084080095,false,医疗保健,false,1.0,false,rising,false,false,0.0,0.4918381487861074,0.5268038523622193,医疗保健,-5.0,-2.0,3.0,0.3,0.5,-0.03518663370457453,0.005849829733230816,0.25713664047648943,false,false,-0.2699149226429061,0.5452380428892304,,,,,,,0.2783505154639176,0,0.0,none,0.27648649748284265,false,stable,38.39829845285812,轻度衰退-5.4分(log斜率-0.270); 持续衰退重罚-10.0分(最新<加权); 单年巨幅下滑-15.0分(年跌-56.5%); 趋势不可靠-2分(Bootstrap CI过宽: 0.686); 峰值明显下跌-8分(从33.9跌至17.6，跌幅-48.1%),"","",0,0
300530.SZ,领湃科技,电气设备,-24.153861,-0.169557642579349,-2.31802,0.5735947182651462,0.13813434728078153,,-44.4107,48.60884714841302,-0.3916762963786997,-0.7999999999999999,0.08333333333333333,poor,poor,poor,true,5,false,0,true,5,false,0,0.6225687711985513,13.591410906414389,1.6258076750775725,moderate,false,false,none,-6.165749999999999,0.0,-11.5809,-5.415150000000001,0.5063920623147682,0.9911044506249966,0.726016610021468,true,severe,-23.9032,0.7413999999999987,-109.00234835685612,-116.55833231744484,3.4891217898338214,false,电气设备,true,inf,true,falling,false,false,0.0,0.6225687711985513,1.0,电气设备,-5.0,-2.0,3.0,0.3,0.5,-0.3683744008183427,0.7139678961421271,0.06448799772234137,false,false,-0.35809272069583703,0.9182283903737899,,,,,,,0.9866768176627332,1,0.0,cliff_drop,0.2704868778232888,false,increasing_vol,51.39115285158698,"轻度衰退-3.4分(log斜率-0.170); 严重恶化-15分; 持续衰退重罚-10.0分(最新<加权); 单年巨幅下滑-15.0分(年跌-116.6%); 贝叶斯高置信度恶化-12分(恶化概率98.7%，严重恶化确认); 趋势不确定预警-4分(Bootstrap CI跨零: [-0.436, 0.103])","","",0,0
300532.SZ,今天国际,软件服务,16.001358,0.28216803332745954,3.4484600000000003,0.626632593252698,0.11056348568951327,0.2454798663695661,15.7999,62.0,0.2227706457042689,0.6,0.23333333333333334,good,good,good,false,0,false,0,false,0,false,0,0.5039893801808716,7.543118335078671,1.1832373209539504,moderate,false,false,none,6.6841,0.0,-2.0672000000000006,-8.7513,0.6057249492635138,0.8432329488061073,0.2379075551743269,true,severe,-8.475500000000002,4.341100000000001,-20.740131331423733,-34.91394580521846,21.77703756841224,false,软件服务,false,1.0,true,falling,false,false,0.0,0.5039893801808716,0.5365248374780306,软件服务,-5.0,-2.0,3.0,0.3,0.5,-0.1160334175864428,0.2921257772939992,-0.6687341784667857,false,false,0.28216803332745954,0.626632593252698,,,,,,,0.9737039819684448,1,0.0,cliff_drop,0.3482626000333015,false,stable,53.0,"严重恶化-15分; 单年巨幅下滑-15.0分(年跌-34.9%); 贝叶斯高置信度恶化-12分(恶化概率97.4%，严重恶化确认); 趋势不确定预警-4分(Bootstrap CI跨零: [-0.116, 0.593]); 峰值明显下跌-8分(从24.3跌至15.8，跌幅-34.9%)",high_growth,"优质护城河(高位企稳: 15.8 > 15.0, 稳健斜率=0.22)",1,0
300540.SZ,蜀道装备,专用机械,-0.10577400000000048,0.5865898581819016,1.75522,0.14463103138984948,0.5277215404905172,,5.444,106.0,0.9338368519980939,0.39999999999999997,0.48333333333333334,poor,poor,poor,true,2,false,0,true,2,false,0,9.682119309724378,6.122391324311114,24.21260714172755,high_volatility,false,false,none,-12.555499999999999,0.0,5.17106,17.72656,0.783215418483802,0.9999999999999998,0.9820259630457167,false,none,3.2686,5.7788,251.07953599378362,150.2528270662867,160.37076094799357,false,专用机械,false,1.0,false,rising,false,false,0.0,9.682119309724378,1.0,专用机械,-5.0,-2.0,3.0,0.3,0.5,2.194868604080729,0.8926552689944874,4.0493361205341465,true,false,0.5865898581819016,0.14463103138984948,,,,,,,0.07161803713527852,0,0.0,none,8.63026157759182,true,decreasing_vol,4.0,波动聚集提示-2分(大波动后可能跟着大波动); 趋势不可靠-2分(Bootstrap CI过宽: 4.671),turnaround,扭亏为盈(曾亏损2年 -> 最新5.4),0,1
300545.SZ,联得装备,专用机械,6.938435000000001,0.2569347470647824,1.6296500000000003,0.37250326338285616,0.2742858800923864,0.15102432851252034,11.0914,108.0,0.35906151272187226,0.6,0.23333333333333334,good,good,good,false,0,false,0,false,0,false,0,0.5581655272240819,3.5999108944528055,1.423465859580683,volatile,false,false,none,-4.4083,0.0,3.19403,7.60233,0.7304397230587198,1.0,0.9844258018225884,false,none,2.4290000000000003,4.3982,160.1050607382393,28.04072774288881,103.14244172412177,false,专用机械,false,1.0,false,rising,false,false,0.0,0.5581655272240819,0.5798657551125989,专用机械,-5.0,-2.0,3.0,0.3,0.5,0.4722339297518429,0.9288688328908964,0.6652518078050329,false,false,0.2569347470647824,0.37250326338285616,,,,,,,0.07161803713527852,0,0.0,none,0.3897879833364084,false,stable,2.0,趋势不可靠-2分(Bootstrap CI过宽: 1.058),turnaround,"底部强力反转(曾跌160%, 近期斜率0.47)",0,1
300546.SZ,雄帝科技,IT设备,0.1568870000000001,0.33429212618724347,0.48969000000000007,0.09955386511770406,0.6050344166472614,,1.3966,82.0,0.4301220243662923,0.39999999999999997,0.48333333333333334,poor,poor,poor,true,2,true,1,true,2,true,1,262.6210418784106,2.6209579979465523,600.4809619238443,high_volatility,false,false,none,2.9964,0.0,-0.9254499999999999,-3.92185,0.4806345377490654,0.9901402094806895,0.09525906376723851,false,none,4.0145,-5.8654,-56.99461123941494,153.3481034416899,-180.612779060816,false,IT设备,true,inf,true,rising,false,false,0.0,262.6210418784106,1.0,IT设备,-5.0,-2.0,3.0,0.3,0.5,-0.37896620809059856,0.040252298566065894,-2.193269629604071,false,false,0.33429212618724347,0.09955386511770406,,,,,,,0.6067415730337079,0,0.0,none,250.90008464324072,false,increasing_vol,18.0,单年巨幅下滑-15.0分(年跌-180.6%); 趋势不可靠-2分(Bootstrap CI过宽: 3.401); 峰值大幅下跌-15分(从3.2跌至1.4，跌幅-57.0%),"","",0,0
300550.SZ,和仁科技,软件服务,0.5974810000000002,0.007132773386455371,0.02079,0.07663108202411821,0.6520925689864105,,2.7099,92.0,-0.06591496711552824,-0.19999999999999998,0.8166666666666667,has_loss,has_loss,good,true,1,false,0,false,0,false,0,7.416184778561141,5.129033392852887,18.216888374783103,high_volatility,false,false,none,-6.2993999999999994,0.0,5.55025,11.84965,0.6618850980685135,0.8475857797206949,0.7712652009644401,false,none,0.3150000000000004,10.785499999999999,132.29685600553,13.152950018789946,128.54265487569424,false,软件服务,false,1.0,false,rising,false,false,0.0,7.416184778561141,1.0,软件服务,-5.0,-2.0,3.0,0.3,0.5,2.2731381017140935,0.7689607932564053,4.757038559928923,true,false,-0.08959469379643221,0.004677268986336006,,,,,,,0.07161803713527852,0,0.0,none,7.3814190975402365,false,stable,8.0,峰值明显下跌-8分(从4.2跌至2.7，跌幅-35.6%),"","",0,0
300558.SZ,贝达药业,化学制药,7.391191000000001,-0.04540924374473887,-0.31279999999999997,0.09687610916712043,0.6102000612383964,-0.2538809885261003,5.3813,81.0,-0.27432044173133985,-0.39999999999999997,0.48333333333333334,good,good,good,false,0,false,0,false,0,false,0,0.6492132634218575,5.332585808686064,1.5340056879054096,volatile,false,false,none,-6.3001,0.0,0.3086500000000001,6.60875,0.7446366015282392,0.9480337392772277,0.9983322760051639,false,none,0.3305000000000007,0.2867999999999995,12.957598656591104,6.543517858557074,6.0201511335012485,false,化学制药,false,1.0,false,rising,false,false,0.0,0.6492132634218575,0.6527039440708193,化学制药,-5.0,-2.0,3.0,0.3,0.5,0.059764039428092934,0.9994245766019128,0.7014207645389079,true,false,-0.28429598239735254,0.6931966256784741,,,,,,,0.07161803713527852,0,0.0,none,0.37788233114022185,true,decreasing_vol,19.0,波动聚集提示-2分(大波动后可能跟着大波动); 趋势不可靠-2分(Bootstrap CI过宽: 0.363); 峰值大幅下跌-15分(从17.4跌至5.4，跌幅-69.0%),"","",0,0
300562.SZ,乐心医疗,医疗保健,2.2135569999999998,0.09897985795999675,-0.7494099999999999,0.005019468302565698,0.9098687842629845,,4.8324,83.0,0.23123456360669392,0.0,1.0,poor,poor,poor,true,2,true,1,true,2,true,1,2.301024018351657,5.610770945868313,6.030971382639294,high_volatility,false,false,none,-7.3529,0.0,4.62535,11.97825,0.6841485479614504,0.9143646456085148,0.9271208340059892,false,none,2.3792,6.8715,209.3723830432519,96.9835317136801,155.52361768100852,false,医疗保健,false,1.0,false,rising,false,false,0.0,2.301024018351657,1.0,医疗保健,-5.0,-2.0,3.0,0.3,0.5,2.2352487940162584,0.856310287657474,4.844198827848957,true,false,0.09897985795999675,0.005019468302565698,,,,,,,0.07161803713527852,0,0.0,none,2.2491260349724502,false,decreasing_vol,17.0,趋势不可靠-2分(Bootstrap CI过宽: 5.240); 峰值大幅下跌-15分(从10.3跌至4.8，跌幅-53.0%),"","",0,0
300566.SZ,激智科技,元器件,6.879775000000001,-0.011651360581797433,-0.08262999999999998,0.0021641911483334083,0.9407891632707632,-0.11898244167581273,7.2377,100.0,-0.13835399402869714,-0.39999999999999997,0.48333333333333334,good,good,good,false,0,false,0,false,0,false,0,0.45911894523387503,3.3193656973885837,1.2620852962574656,volatile,false,false,none,-4.5623499999999995,0.0,2.17455,6.7368999999999994,0.8057150733590318,0.994017436139446,0.9479518989839583,false,none,1.2919999999999998,3.0571000000000006,150.56082531330057,21.729989740484715,105.83327563525586,false,元器件,false,1.0,false,rising,false,false,0.0,0.45911894523387503,0.5006284895204334,元器件,-5.0,-2.0,3.0,0.3,0.5,0.44728595474624977,0.9036922456178501,1.1464219406223137,true,false,-0.13089660695042313,0.16201730300950976,,,,,,,0.07161803713527852,0,0.0,none,0.38165384604838815,false,decreasing_vol,10.0,趋势不可靠-2分(Bootstrap CI过宽: 0.957); 峰值明显下跌-8分(从12.0跌至7.2，跌幅-39.8%),turnaround,"底部强力反转(曾跌151%, 近期斜率0.45)",0,1
300573.SZ,兴齐眼药,化学制药,16.119595,0.03306404169147608,0.5265100000000004,0.0856700598313472,0.6327214866224278,0.08351510954439001,18.9017,123.0,0.02465878104041197,0.19999999999999998,0.8166666666666667,good,good,good,false,0,false,0,false,0,false,0,0.1830898083436777,2.9031342516321903,0.35834877405504667,stable,false,false,none,-0.12155000000000005,0.0,2.7154500000000006,2.8370000000000006,0.4003170764883899,0.0014314413817255861,0.8279718604725024,false,none,4.859300000000001,0.5716000000000001,40.31609110075126,34.60448356406312,4.243252071146481,false,化学制药,false,1.4218086527897376,true,rising,false,false,0.0,0.1830898083436777,0.33604633371357384,化学制药,-5.0,-2.0,3.0,0.3,0.5,0.16902581866932698,0.8404063187148411,0.17794447975470273,false,false,0.03306404169147608,0.0856700598313472,,,,,,,0.07161803713527852,0,0.0,none,0.17540081369666063,false,decreasing_vol,0.0,趋势不可靠-2分(Bootstrap CI过宽: 0.370),"high_growth,stable_dividend","优质护城河(高位企稳: 18.9 > 15.0, 稳健斜率=0.02); 稳定分红型(值=18.9,CV=18.3%,稳定)",1,0
300588.SZ,熙菱信息,IT设备,-18.055417000000002,0.04733225192457291,0.6840999999999999,0.10926663571179422,0.5869196650223585,,-17.6637,56.0,0.2775878231629977,0.6,0.23333333333333334,poor,poor,poor,true,5,false,0,true,5,false,0,0.4091961929898159,7.8483829815446695,1.0931595411887383,moderate,false,false,none,8.2102,0.0,-1.0978499999999993,-9.30805,0.6537885132773082,0.9359545112542448,0.10193062151883746,true,severe,-6.742099999999999,4.5464,-14.195112490302552,-61.73179753882214,29.392293767778643,false,IT设备,false,1.0,true,falling,false,false,0.0,0.4091961929898159,0.46069028772518605,IT设备,-5.0,-2.0,3.0,0.3,0.5,-0.06624767914933116,0.07158404476096236,-0.4275833974647405,false,false,0.17817924717013375,0.5216263471520842,,,,,,,0.9487554904831625,1,0.0,cliff_drop,0.2682273907355695,false,stable,44.0,严重恶化-15分; 单年巨幅下滑-15.0分(年跌-61.7%); 贝叶斯高置信度恶化-12分(恶化概率94.9%，严重恶化确认); 趋势不可靠-2分(Bootstrap CI过宽: 0.432),"","",0,0
300602.SZ,飞荣达,元器件,3.080753,0.07942341016220869,0.2495100000000001,0.45680502148440166,0.21041324514936263,-0.17940479637438123,3.6371,83.0,0.0904187197262406,0.0,1.0,good,good,good,false,0,true,1,false,0,false,0,0.8993861624338648,2.9471085770632883,2.4276123046875,high_volatility,false,false,none,-7.9548000000000005,0.0,1.06522,9.02002,0.7236087639392277,1.0,0.8589485469847543,false,none,1.3374000000000001,-0.05989999999999984,54.1405322936091,58.15541157542289,-2.5385658586200988,false,元器件,false,1.9945057267233,true,rising,false,false,0.0,0.8993861624338648,0.9854430268435319,元器件,-5.0,-2.0,3.0,0.3,0.5,0.20446555405653521,0.7068012054958976,0.7971212334457909,false,false,-0.004895288630257766,0.00006136029183265045,,,,,,,0.07161803713527852,0,0.0,none,0.8422976514884593,true,decreasing_vol,17.0,波动聚集提示-2分(大波动后可能跟着大波动); 峰值大幅下跌-15分(从8.0跌至3.6，跌幅-54.7%),"","",0,0
300604.SZ,长川科技,半导体,9.193231,-0.10668300794793042,-0.2738299999999999,0.03241931162173532,0.7719933812206092,0.12806282171475525,9.8458,84.67804654281127,0.03178231079622307,0.0,1.0,good,good,good,false,0,false,0,false,0,false,0,0.6485514844380338,6.015561467726849,1.7285868611312962,high_volatility,false,false,none,5.6679,0.0,-3.7850999999999995,-9.453,0.4749697368228515,0.9999045820329041,0.22269995309606463,false,none,8.4631,-16.0333,-43.46692696371153,612.0705865335938,-92.06074873679376,false,半导体,true,12.595646199464815,true,rising,false,false,0.0,0.6485514844380338,1.0,半导体,-5.0,-2.0,3.0,0.3,0.5,-0.2842992786391012,0.05032184382656801,-0.8075393119604506,false,false,-0.10668300794793042,0.03241931162173532,,,,,,,0.6067415730337079,0,0.0,none,0.6468694777479673,false,increasing_vol,15.32195345718873,单年巨幅下滑-15.0分(年跌-92.1%); 波动率飙升预警-4.3分(近期波动是早期的2.2倍); 趋势不可靠-2分(Bootstrap CI过宽: 1.729); 峰值明显下跌-8分(从17.4跌至9.8，跌幅-43.5%),"","",0,0
300617.SZ,安靠智电,电气设备,8.462897,-0.2042013194938487,-2.04601,0.6418979285393913,0.10318370961508913,-0.18576132572751736,6.5709,57.20466272172003,-0.20398457048844115,-0.6,0.23333333333333334,good,good,good,false,0,false,0,false,0,false,0,0.42726261348372285,3.8781345638077074,1.036841583394846,moderate,false,false,none,-4.70555,0.0,0.5164,5.22195,0.6827478796391657,0.9911362320142261,0.3363425643774311,true,moderate,-0.7400000000000002,1.7728000000000002,18.648995142738485,-10.12187282003584,32.0109784944295,false,电气设备,false,1.320109784944295,true,falling,false,false,0.0,0.42726261348372285,0.517824728779551,电气设备,-5.0,-2.0,3.0,0.3,0.5,0.084343292766212,0.3716235480049175,0.5773782231939981,true,false,-0.2042013194938487,0.6418979285393913,,,,,,,0.4807121661721069,1,0.0,single_year_drop,0.23563810125657508,false,decreasing_vol,42.79533727827997,"轻度衰退-4.1分(log斜率-0.204); 中度恶化-10分; 持续衰退重罚-10.0分(最新<加权); 趋势不确定预警-4分(Bootstrap CI跨零: [-0.517, 0.110]); 峰值大幅下跌-15分(从14.9跌至6.6，跌幅-56.0%)","","",0,0
300623.SZ,捷捷微电,半导体,7.865605000000001,-0.2218653145779843,-1.8326500000000001,0.4594173679982917,0.2086044843863303,-0.11074526202022206,7.3695,60.562693708440314,-0.24833687191113574,-0.39999999999999997,0.48333333333333334,good,good,good,false,0,false,0,false,0,false,0,0.4672866203192354,3.9324038246344943,1.1283242626613113,moderate,false,false,none,-2.721,0.0,0.5132000000000003,3.2342000000000004,0.4494980392085548,0.584546970963659,0.0671033857494959,false,none,3.8275000000000006,-2.8011,16.181362425312557,108.06041784302656,-44.1597956834986,false,半导体,false,3.6807735742518353,true,rising,false,false,0.0,0.4672866203192354,0.8645991061556331,半导体,-5.0,-2.0,3.0,0.3,0.5,0.0741988248817258,0.038335903925653364,0.38175242156081657,false,false,-0.2218653145779843,0.4594173679982917,,,,,,,0.07161803713527852,0,0.0,none,0.3159013867369049,false,stable,39.437306291559686,轻度衰退-4.4分(log斜率-0.222); 持续衰退重罚-10.0分(最新<加权); 单年巨幅下滑-15.0分(年跌-44.2%); 趋势不可靠-2分(Bootstrap CI过宽: 0.754); 峰值明显下跌-8分(从13.0跌至7.4，跌幅-43.5%),"","",0,0
300629.SZ,新劲刚,元器件,8.78537,0.03955137158409965,0.28378,0.07512762419601614,0.655432823107136,0.04375843940442059,7.3062,62.75928770858025,0.03534206399026801,0.19999999999999998,0.8166666666666667,good,good,good,false,0,false,0,false,0,false,0,0.2196473168602991,1.8985171903356581,0.5478811774886967,moderate,false,false,none,2.3678000000000003,0.0,-1.7926500000000005,-4.160450000000001,0.7025129247314117,0.9762551750618648,0.9638117330458594,true,severe,-2.3943000000000003,-1.1910000000000007,-32.9183308084286,-24.682232874594096,-10.935132901804165,false,元器件,false,1.0,true,falling,false,false,0.0,0.2196473168602991,0.3090511868215726,元器件,-5.0,-2.0,3.0,0.3,0.5,-0.19835471477309374,0.9447347866947196,-0.48142458283949563,false,true,0.03955137158409965,0.07512762419601614,,,,,,,0.9976547227696847,2,1.2571497846653354,accelerating_decline,0.2134247998583894,false,stable,37.24071229141975,严重恶化-15分; 加速下滑-0.2分(加速度-0.48); 贝叶斯高置信度恶化-12分(恶化概率99.8%，严重恶化确认); 趋势不可靠-2分(Bootstrap CI过宽: 0.497); 峰值明显下跌-8分(从10.9跌至7.3，跌幅-32.9%),"","",0,0
300634.SZ,彩讯股份,软件服务,8.944845,-0.023034615111500047,-0.1212699999999999,0.031085031403512455,0.7766843031470353,-0.07738445165750918,6.7868,43.56441058097023,-0.0210293205531135,0.0,1.0,good,good,good,false,0,false,0,false,0,false,0,0.2082083841314327,1.8750164391279345,0.546311801258789,moderate,false,false,none,0.020550000000000068,0.0,-1.31045,-1.331,0.3528872958882164,0.00047810348621345216,0.28339117488092963,true,severe,-4.9197999999999995,2.2988999999999997,-27.859094146284423,-42.02586575094391,24.43636595554705,false,软件服务,false,1.5086407979689938,true,falling,false,false,0.0,0.2082083841314327,0.367718813701012,软件服务,-5.0,-2.0,3.0,0.3,0.5,-0.16198890103175834,0.3532756330181408,-0.16416575030515346,false,false,-0.023034615111500047,0.031085031403512455,,,,,,,0.9737039819684448,1,0.0,cliff_drop,0.20711683137010167,true,increasing_vol,56.43558941902977,严重恶化-15分; 单年巨幅下滑-15.0分(年跌-42.0%); 贝叶斯高置信度恶化-12分(恶化概率97.4%，严重恶化确认); 波动率飙升预警-4.4分(近期波动是早期的2.2倍); 趋势不可靠-2分(Bootstrap CI过宽: 0.393); 峰值明显下跌-8分(从11.7跌至6.8，跌幅-42.0%),"","",0,0
300653.SZ,正海生物,医疗保健,19.451265,-0.058752689834619565,-1.0308700000000002,0.24299610657447687,0.3987981511111574,-0.0584835522284729,14.5886,38.846629624656956,-0.05665455306879158,-0.39999999999999997,0.48333333333333334,good,good,good,false,0,false,0,false,0,false,0,0.1753192937310518,3.500547742139792,0.4377889185493847,stable,false,false,none,4.764499999999998,0.0,-2.76244,-7.526939999999998,0.6819480602654922,1.0,0.8194806026549211,true,severe,-6.3858999999999995,-1.4008000000000003,-34.800427256841246,-30.44601778349901,-6.260474719892025,false,医疗保健,false,1.0,true,falling,false,false,0.0,0.1753192937310518,0.2735887683181748,医疗保健,-5.0,-2.0,3.0,0.3,0.5,-0.21352182302154407,0.860445872935542,-0.3067407506860784,false,true,-0.058752689834619565,0.24299610657447687,,,,,,,0.999190470683474,2,3.8632123194683414,accelerating_decline,0.15515428165452183,false,stable,61.153370375343044,严重恶化-15分; 单年巨幅下滑-15.0分(年跌-30.4%); 加速下滑-0.2分(加速度-0.31); 贝叶斯高置信度恶化-12分(恶化概率99.9%，严重恶化确认); 趋势不可靠-2分(Bootstrap CI过宽: 0.326); 峰值明显下跌-8分(从23.3跌至14.6，跌幅-37.5%); 连续下跌警示-9分(3年下跌，累计-21.4%),"","",0,0
300657.SZ,弘信电子,元器件,-4.900636,-0.02612495146330751,-0.42472,0.00020100596156119016,0.9819490510596536,,4.8119,80.56704494787571,-0.09505751012279212,0.0,1.0,poor,poor,poor,true,3,false,0,true,3,false,0,1.852856441160021,8.844091422073836,4.052463536145411,high_volatility,false,false,none,-13.9708,0.0,3.75557,17.72637,0.614978892046663,1.0,0.3409452322738013,false,none,19.3433,-5.481999999999999,153.17369107344132,133.11380871767344,-60.57860189625831,false,元器件,true,inf,true,rising,false,false,0.0,1.852856441160021,1.0,元器件,-5.0,-2.0,3.0,0.3,0.5,2.5868750355187258,0.6821301435379895,5.134089895751421,true,false,-0.02612495146330751,0.00020100596156119016,,,,,,,0.07161803713527852,0,0.0,none,1.847507373335855,false,increasing_vol,19.43295505212429,单年巨幅下滑-15.0分(年跌-60.6%); 周期顶部预警-5分(警惕景气回落); 趋势不可靠-2分(Bootstrap CI过宽: 5.505),"","",0,0
300660.SZ,江苏雷利,电气设备,8.061689999999999,-0.006301519806591705,-0.05258000000000003,0.12944280955701565,0.5519958863064764,-0.10590847831684735,6.7165,53.0,-0.09642814471186598,-0.9999999999999999,0.016666666666666666,good,good,good,false,0,false,0,false,0,false,0,0.16114905044785757,1.364507023800171,0.44804992347083406,ultra_stable,false,false,none,-1.9608000000000008,0.0,-0.60121,1.3595900000000007,0.6363152140971562,1.0,0.8102474309083987,true,severe,-1.3072,-0.5130999999999997,-21.322978165120414,-16.291735732891308,-6.010448880142438,false,电气设备,false,1.0,false,falling,false,false,0.0,0.16114905044785757,0.26225257369161936,电气设备,-5.0,-2.0,3.0,0.3,0.5,-0.11886781747922859,0.9280436732870718,-0.015461785274798912,false,false,-0.09521105968005501,0.8937961205205532,,,,,,,0.995978645918412,2,1.7105688872451104,accelerating_decline,0.05491332487182615,false,stable,47.0,严重恶化-15分; 贝叶斯高置信度恶化-12分(恶化概率99.6%，严重恶化确认); 峰值明显下跌-8分(从10.5跌至6.7，跌幅-36.1%); 智能连续下跌-12分(3年实质性下跌，累计跌幅-36.1%),"","",0,0
300661.SZ,圣邦股份,半导体,18.58393,-0.31316090471080704,-4.9725,0.4687777769976978,0.20220093902161596,-0.16034761203979708,10.5984,50.42291100325723,-0.29283384079260444,-0.39999999999999997,0.48333333333333334,good,good,good,false,0,false,0,false,0,false,0,0.5878166277957341,11.800818518306261,1.4084902728076958,volatile,false,false,none,12.947999999999997,0.0,-9.321489999999999,-22.269489999999998,0.6782662597236708,1.0,0.7826625972367088,false,none,4.6041,-22.198,-62.406756454776655,76.80796756919072,-78.73781138821595,false,半导体,true,5.717214687286255,true,rising,false,false,0.0,0.5878166277957341,1.0,半导体,-5.0,-2.0,3.0,0.3,0.5,-0.488220984757516,0.39186070335980905,-0.6277418050532666,false,true,-0.31316090471080704,0.4687777769976978,,,,,,,0.6067415730337079,0,0.0,none,0.4383552608481547,false,stable,49.57708899674277,轻度衰退-6.3分(log斜率-0.313); 持续衰退重罚-10.0分(最新<加权); 单年巨幅下滑-15.0分(年跌-78.7%); 相对加权暴跌-15.0分(最新仅为加权57.0%); 加速下滑-0.3分(加速度-0.63); 趋势不可靠-2分(Bootstrap CI过宽: 1.140); 峰值大幅下跌-15分(从34.3跌至10.6，跌幅-69.1%),"","",0,0
300666.SZ,江丰电子,半导体,6.462586,-0.1780599501060141,-1.2391800000000002,0.7127718387169548,0.07203220613535241,-0.16954624717440692,4.8395,56.43880099787972,-0.16951331648807488,-0.6,0.23333333333333334,good,good,good,false,0,false,0,false,0,false,0,0.34321940952008817,2.3456781392595194,0.8110073540385759,stable,false,false,none,-3.8221000000000007,0.0,-0.8079799999999999,3.014120000000001,0.48024173673154646,1.0,0.4050841046020805,false,none,0.2071000000000005,-3.5393,-40.777316837377775,4.470684742250248,-43.311673213652,false,半导体,false,1.4877382707957836,true,rising,false,false,0.0,0.34321940952008817,0.4729406303888417,半导体,-5.0,-2.0,3.0,0.3,0.5,-0.25854060151086977,0.6883224201042258,-0.14956579131912573,false,false,-0.1780599501060141,0.7127718387169548,,,,,,,0.6067415730337079,0,0.0,none,0.18870663891665243,false,decreasing_vol,43.56119900212028,轻度衰退-3.6分(log斜率-0.178); 持续衰退重罚-10.0分(最新<加权); 单年巨幅下滑-15.0分(年跌-43.3%); 峰值大幅下跌-15分(从10.2跌至4.8，跌幅-52.4%),"","",0,0
300674.SZ,宇信科技,软件服务,9.994859,-0.21207599057813004,-2.4146699999999996,0.7098469940799514,0.07321843939672054,-0.16647801451967414,7.9235,66.98838036782928,-0.19227702260496826,-0.39999999999999997,0.48333333333333334,good,good,good,false,0,false,0,false,0,false,0,0.4135805864709279,4.433277837334358,0.8611881790347466,moderate,false,false,none,-4.615649999999999,0.0,0.3697499999999998,4.9853999999999985,0.6866304930863292,0.8894368443284599,0.9768680865348317,false,none,0.46830000000000016,0.27119999999999944,10.293708240534515,6.281521622491685,3.775055679287297,false,软件服务,false,1.0,false,rising,false,false,0.0,0.4135805864709279,0.4641978025100757,软件服务,-5.0,-2.0,3.0,0.3,0.5,0.048562974525575335,0.9805427546960074,0.45980035878376824,true,false,-0.21207599057813004,0.7098469940799514,,,,,,,0.07161803713527852,0,0.0,none,0.21021068516987002,false,decreasing_vol,33.01161963217072,"轻度衰退-4.2分(log斜率-0.212); 持续衰退重罚-10.0分(最新<加权); 趋势不确定预警-4分(Bootstrap CI跨零: [-0.448, 0.049]); 峰值大幅下跌-15分(从16.4跌至7.9，跌幅-51.7%)","","",0,0
300679.SZ,电连技术,元器件,9.332155,0.08666726973846926,0.8304300000000002,0.3940434028872542,0.25688882175948896,0.1427219735313483,11.9253,94.65014762492058,0.10302706814732801,0.6,0.23333333333333334,good,good,good,false,0,false,0,false,0,false,0,0.2258199730727481,2.0136231506913105,0.5530596819088163,stable,false,false,none,1.33785,0.0,1.1279500000000002,-0.20989999999999975,0.19634202124060768,0.9642702676728356,0.22960280676351333,false,none,4.7066,-2.4506999999999994,23.330299708358332,65.2001052821145,-25.34490247585165,false,元器件,false,1.3394932605593803,true,rising,false,false,0.0,0.2258199730727481,0.3592550798661158,元器件,-5.0,-2.0,3.0,0.3,0.5,0.10439301624855113,0.17354232101225442,-0.05638060382174048,false,false,0.08666726973846926,0.3940434028872542,,,,,,,0.07161803713527852,0,0.0,none,0.17120721177281426,true,increasing_vol,5.3498523750794185,波动率飙升预警-5.3分(近期波动是早期的2.7倍),"","",0,0
300684.SZ,中石科技,元器件,8.917489,-0.13992140930656657,-1.2249700000000001,0.1894121375471134,0.46389435884472724,-0.08347124622349744,10.0307,83.0,-0.1094500704128627,-0.39999999999999997,0.48333333333333334,good,good,good,false,0,false,0,false,0,false,0,0.42280250824201676,3.925712832976961,1.132915741337084,volatile,false,false,none,-6.638,0.0,0.015069999999999872,6.65307,0.4648535434908239,1.0,0.00003632107761829119,false,none,6.3347999999999995,-7.2104,-8.02838726240797,171.40074136204984,-66.11224704987025,false,元器件,false,1.9349590611111604,true,rising,false,false,0.0,0.42280250824201676,0.5962365480751015,元器件,-5.0,-2.0,3.0,0.3,0.5,-0.0416549388206191,0.004932661887009752,0.09039350878965813,false,false,-0.13992140930656657,0.1894121375471134,,,,,,,0.2783505154639176,0,0.0,none,0.3677607439883311,false,stable,17.0,单年巨幅下滑-15.0分(年跌-66.1%); 趋势不可靠-2分(Bootstrap CI过宽: 0.707),"","",0,0
300685.SZ,艾德生物,医疗保健,15.61535,-0.08441528185351271,-1.30218,0.7044296038377206,0.07543791249502406,-0.07270766858612909,12.7125,52.0,-0.09807062290171664,-0.6,0.23333333333333334,good,good,good,false,0,false,0,false,0,false,0,0.15226504517485154,2.476810221434012,0.3792286449893154,ultra_stable,false,false,none,1.6876999999999995,0.0,-2.14083,-3.8285299999999993,0.6976632779857588,1.0,0.9766327798575882,true,severe,-2.1089,-2.9022000000000006,-28.273601299961637,-14.228750320482547,-16.374777133313774,false,医疗保健,false,1.0,true,falling,false,false,0.0,0.15226504517485154,0.25514536947321453,医疗保健,-5.0,-2.0,3.0,0.3,0.5,-0.16578142746607671,0.998046885725035,-0.18093941262273328,false,false,-0.08441528185351271,0.7044296038377206,,,,,,,0.9747292418772563,3,-0.1310568562466251,chronic_decline,0.0846367003479853,false,increasing_vol,48.0,"严重恶化-15分; 贝叶斯高置信度恶化-12分(恶化概率97.5%，严重恶化确认); 趋势不确定预警-4分(Bootstrap CI跨零: [-0.167, 0.026]); 峰值明显下跌-8分(从18.9跌至12.7，跌幅-32.7%); 连续下跌警示-9分(3年下跌，累计-26.1%)","","",0,0
300693.SZ,盛弘股份,电气设备,20.695354000000002,0.1653319780191617,3.11878,0.7425508759743716,0.06043402555526945,0.12782941821259053,22.9912,114.0,0.18156013736489263,0.6,0.23333333333333334,good,good,good,false,0,false,0,false,0,false,0,0.29500784998625046,5.829272513530312,0.6895340622235538,stable,false,false,none,3.2658999999999994,0.0,1.1248000000000005,-2.141099999999999,0.40228530185691114,0.6822746694211037,0.11615466515210594,true,mild,-4.249300000000002,6.498900000000003,10.845836386778268,-15.599199721003659,31.332684074516926,false,电气设备,false,2.0006977341999925,true,falling,false,false,0.0,0.29500784998625046,0.5027659778823328,电气设备,-5.0,-2.0,3.0,0.3,0.5,0.051431102364743124,0.1398883202220084,-0.1373460214551083,false,false,0.1653319780191617,0.7425508759743716,,,,,,,0.33052792654934965,1,0.0,high_level_pullback,0.15732046917379455,false,stable,1.0,轻度恶化-5分; 趋势不可靠-2分(Bootstrap CI过宽: 0.337),high_growth,"优质护城河(高位企稳: 23.0 > 15.0, 稳健斜率=0.18)",1,0
300705.SZ,九典制药,化学制药,17.175009000000003,0.01881571933195483,0.3637399999999996,0.22689024047701115,0.4173038078405084,0.2090676576184436,20.1875,115.0,0.10851531973955608,0.6,0.23333333333333334,good,good,good,false,0,false,0,false,0,false,0,0.25002195596704063,4.138473424827082,0.6488952686129658,stable,false,false,none,8.9221,0.0,0.59759,-8.32451,0.6831064159302838,1.0,0.3310641593028373,false,none,2.5479999999999983,0.5198,17.9197065369136,14.444853879078194,3.0362681589046536,false,化学制药,false,1.0729627271505926,true,rising,false,false,0.0,0.25002195596704063,0.3430792617270449,化学制药,-5.0,-2.0,3.0,0.3,0.5,0.0822973630170778,0.8808083082106526,-0.21401591220176486,false,true,0.14739920745469223,0.5991295035696859,,,,,,,0.02015677491601344,0,0.0,none,0.15236459578410225,false,decreasing_vol,0.0,"",high_growth,"优质护城河(高位企稳: 20.2 > 15.0, 稳健斜率=0.11)",1,0
300708.SZ,聚灿光电,半导体,3.046220000000001,-0.05643539881387519,-0.09515000000000003,0.002648340986701432,0.9345054356504284,,4.4131,95.0,-0.1308064490387122,0.0,1.0,has_loss,has_loss,has_loss,true,1,false,0,true,1,false,0,1.517788367970385,5.008914104673787,4.157096365608732,high_volatility,false,false,none,-3.8344,0.0,3.9621,7.7965,0.47815956060233483,0.3110279864548371,0.9871782288574793,false,none,3.1799999999999997,4.7442,225.68995471504655,257.8866271997405,135.12004784825268,false,半导体,true,inf,true,rising,false,false,0.0,1.517788367970385,1.0,半导体,-5.0,-2.0,3.0,0.3,0.5,2.0795431545430243,0.9379763028274117,4.130059551002278,true,false,-0.18656007073217973,0.02291041532184883,,,,,,,0.07161803713527852,0,0.0,none,1.4626121459859487,false,decreasing_vol,17.0,趋势不可靠-2分(Bootstrap CI过宽: 4.459); 峰值大幅下跌-15分(从10.2跌至4.4，跌幅-56.8%),cyclical_bottom,"周期底部(mid_up), 近期强势(208.0%)",0,0
300709.SZ,精研科技,元器件,3.136406,-0.10707538091723855,-0.73438,0.9268085649440291,0.008595993588308084,,5.4522,86.84093746415056,-0.10027800871610765,-0.39999999999999997,0.48333333333333334,has_loss,has_loss,good,true,1,false,0,false,0,false,0,2.414979089333935,8.106408608749007,5.714983674539431,high_volatility,false,false,none,-9.5185,0.0,8.21765,17.736150000000002,0.6248662145608239,0.7442247449740118,0.7222959543308698,true,moderate,-0.6078999999999999,17.0432,149.6417222824157,-10.031187604164945,155.1765894874853,false,元器件,true,inf,true,falling,false,false,0.0,2.414979089333935,1.0,元器件,-5.0,-2.0,3.0,0.3,0.5,2.744521604006854,0.7357757473920958,5.681874928301098,true,false,-0.10707538091723855,0.004371334574973954,,,,,,,0.4807121661721069,1,0.0,single_year_drop,2.390076008052217,false,stable,13.15906253584945,中度恶化-10分; 周期回落期-3分(景气下行趋势); 峰值明显下跌-8分(从8.2跌至5.5，跌幅-33.5%),"","",0,0
300724.SZ,捷佳伟创,专用机械,18.76439,0.0023388177737288184,0.021220000000000107,0.0010212016811654552,0.9593189696010233,0.09559443532540213,25.935,98.77350450114525,0.10268027288213716,0.39999999999999997,0.48333333333333334,good,good,good,false,0,false,0,false,0,false,0,0.25991105867488284,4.7242993491098755,0.6430795638348205,stable,false,false,none,-1.877299999999999,0.0,5.844499999999999,7.721799999999998,0.6764983450829242,0.798245218533607,0.9667382322956345,false,none,7.722199999999997,3.966800000000001,82.05110206373718,42.39985065448474,27.84500912536853,false,专用机械,false,1.0,false,rising,false,false,0.0,0.25991105867488284,0.3412621802732396,专用机械,-5.0,-2.0,3.0,0.3,0.5,0.2991295720902074,0.9892703863108462,0.4158645809045438,true,false,0.09579047813561617,0.39286914096369807,,,,,,,0.02015677491601344,0,0.0,none,0.19622878240235508,false,increasing_vol,1.2264954988547405,波动率飙升预警-6.2分(近期波动是早期的3.1倍),"","",0,0
300735.SZ,光弘科技,元器件,6.98949,-0.10521741184524701,-0.7493400000000001,0.6662948611499274,0.09188855461292844,-0.1229674945987087,5.3492,46.0,-0.12505009575744463,-0.7999999999999999,0.08333333333333333,good,good,good,false,0,false,0,false,0,false,0,0.19548711124825544,1.4395983651699527,0.5013470647025594,ultra_stable,false,false,none,-1.0312999999999999,0.0,-0.6601600000000001,0.3711399999999998,0.23473777235059992,1.0,0.4564237933095171,true,severe,-2.5513000000000003,1.3805000000000005,-17.957055214723923,-32.2928928548826,21.173312883435592,false,元器件,false,1.211733128834356,true,falling,false,false,0.0,0.19548711124825544,0.31795410617651854,元器件,-5.0,-2.0,3.0,0.3,0.5,-0.09756619603219407,0.2564226578390581,0.06449992808379301,false,false,-0.10521741184524701,0.6662948611499274,,,,,,,0.9737039819684448,1,0.0,cliff_drop,0.11104061223604876,false,increasing_vol,54.0,"严重恶化-15分; 单年巨幅下滑-15.0分(年跌-32.3%); 贝叶斯高置信度恶化-12分(恶化概率97.4%，严重恶化确认); 趋势不确定预警-4分(Bootstrap CI跨零: [-0.188, 0.018]); 峰值明显下跌-8分(从9.0跌至5.3，跌幅-40.8%)","","",0,0
300738.SZ,奥飞数据,软件服务,5.523734000000001,-0.043506182111144924,-0.22958,0.14133626263670648,0.5328568233738047,-0.20876373006084936,4.2662,81.0,-0.2241626829922061,-0.7999999999999999,0.08333333333333333,good,good,good,false,0,false,0,false,0,false,0,0.48364703390732733,2.8968426013506496,1.1298288026873338,moderate,false,false,none,-3.30695,0.0,-0.0022999999999999687,3.30465,0.6460704299219618,0.9600087612251432,0.0006955379944751153,false,none,0.14870000000000072,-0.15330000000000066,-0.10770815772220513,3.6114146933819242,-3.589491430177031,false,软件服务,false,1.0,false,rising,false,false,0.0,0.48364703390732733,0.5202509604591952,软件服务,-5.0,-2.0,3.0,0.3,0.5,-0.0005246263972034093,0.0006723139523837612,0.4615891788345516,false,false,-0.22845660268557,0.763683142648006,,,,,,,0.2783505154639176,0,0.0,none,0.25667765589742714,true,decreasing_vol,19.0,波动聚集提示-2分(大波动后可能跟着大波动); 趋势不可靠-2分(Bootstrap CI过宽: 0.300); 峰值大幅下跌-15分(从10.9跌至4.3，跌幅-60.8%),"","",0,0
300743.SZ,天地数码,IT设备,7.853903000000001,0.22286300085967992,1.6650100000000003,0.9811836114818131,0.0011016986333905777,0.24681324840143226,11.3926,95.87171369580179,0.22969977109010498,0.9999999999999999,0.016666666666666666,good,good,good,false,0,false,0,false,0,false,0,0.368336111046355,2.7088910950793132,0.9080686391819863,ultra_stable,false,false,none,0.5246000000000004,0.0,2.00997,1.4853699999999996,0.6978691223175992,1.0,0.9786912231759918,false,none,2.860199999999999,1.6386000000000012,65.25863819664046,33.52163517884767,23.769183904377865,false,IT设备,false,1.0,false,rising,false,false,0.0,0.368336111046355,0.4280022221704174,IT设备,-5.0,-2.0,3.0,0.3,0.5,0.24952138743536878,0.9922978595850432,0.062432466791944474,true,false,0.22286300085967992,0.9811836114818131,,,,,,,0.07161803713527852,0,0.0,none,0.08679353233142786,true,increasing_vol,4.128286304198211,波动率飙升预警-4.1分(近期波动是早期的2.1倍),"","",0,0
300750.SZ,宁德时代,电气设备,13.10757,-0.01029746860362777,-0.1381599999999999,0.529478329003411,0.163466424213889,0.16128654448062107,13.0347,95.78190994853524,0.039349761046194476,0.0,1.0,good,good,good,false,0,false,0,false,0,false,0,0.24568652992742993,3.0776512819031336,0.6237696320032188,stable,false,false,none,6.617700000000001,0.0,-0.35649999999999993,-6.974200000000001,0.682084709464631,1.0,0.32084709464630895,false,none,-0.6314999999999991,-1.3147000000000002,-12.99120880587948,-4.620889493787586,-8.775841237842855,false,电气设备,false,1.0,true,falling,false,false,0.0,0.24568652992742993,0.32988255727527727,电气设备,-5.0,-2.0,3.0,0.3,0.5,-0.06940246320281673,0.9669491256518717,-0.43618010292950427,false,true,0.11808826448003776,0.3945727499120772,,,,,,,0.32530120481927716,0,-0.47345338543026977,none,0.19713621733699627,false,decreasing_vol,4.218090051464753,"加速下滑-0.2分(加速度-0.44); 趋势不确定预警-4分(Bootstrap CI跨零: [-0.024, 0.001])","","",0,0
300752.SZ,隆利科技,元器件,-4.559378,0.6792470703777037,2.42314,0.1997350456324258,0.4505223458754042,,8.6123,108.0,0.448125697053929,0.39999999999999997,0.48333333333333334,poor,poor,has_loss,true,2,false,0,true,1,false,0,3.2017051839492012,16.925238148014344,7.820109263154707,high_volatility,false,false,none,-18.26955,0.0,20.6698,38.93935,0.6811812619269642,0.9836605554511071,0.8281520638185339,false,none,4.361299999999999,36.9783,126.31533918166178,102.59468360385789,112.98915584237012,false,元器件,false,1.0,false,rising,false,false,0.0,3.2017051839492012,1.0,元器件,-5.0,-2.0,3.0,0.3,0.5,3.5156411691686227,0.8234239982848457,6.630449656318698,true,false,0.6792470703777037,0.10570531774024287,,,,,,,0.07161803713527852,0,0.0,none,3.1185953538986118,false,stable,2.0,趋势不可靠-2分(Bootstrap CI过宽: 3.661),turnaround,扭亏为盈(曾亏损2年 -> 最新8.6),0,1
300757.SZ,罗博特科,专用机械,1.394679,1.4083235086669985,3.30073,0.8141352532730084,0.03611962911267328,,4.1501,96.0,1.273036379980357,0.7999999999999999,0.08333333333333333,poor,poor,poor,true,2,false,0,true,2,false,0,14.197284296643266,5.742233606620337,33.87306532166345,high_volatility,false,false,none,5.558050000000001,0.0,0.50135,-5.056700000000001,0.6643846907295741,0.9957698955974235,0.14807701169831722,true,moderate,-1.5815000000000001,2.5842,31.858041558111456,-27.592644287807943,82.10586515854355,false,专用机械,false,1.0,true,falling,false,false,0.0,14.197284296643266,1.0,专用机械,-5.0,-2.0,3.0,0.3,0.5,0.13321643615346723,0.20862407748741363,-2.1851026715217277,false,false,1.4083235086669985,0.8141352532730084,,,,,,,0.6492985971943889,1,0.0,single_year_drop,5.921566113723536,false,decreasing_vol,4.0,中度恶化-10分; 趋势不可靠-2分(Bootstrap CI过宽: 2.357),"","",0,0
300759.SZ,康龙化成,化学制药,9.59862,-0.10153725557429497,-1.0459200000000002,0.71882014268058,0.06960596060461946,-0.0743556356830094,8.5891,86.0,-0.09026203128631657,-0.6,0.23333333333333334,good,good,good,false,0,false,0,false,0,false,0,0.19626538502974206,1.9865157958093365,0.4187290917030741,ultra_stable,false,false,none,-1.3688000000000002,0.0,-0.18644999999999978,1.1823500000000005,0.3952421230653428,0.48014958212819614,0.6908121208933702,false,none,0.029600000000000293,-0.40249999999999986,-4.160901584467748,0.3458145919738337,-4.491185003347466,false,化学制药,false,1.4951457444944216,true,rising,false,false,0.0,0.19626538502974206,0.35636507395638317,化学制药,-5.0,-2.0,3.0,0.3,0.5,-0.021112990773060503,0.689465834914444,0.11152923245094981,true,false,-0.10153725557429497,0.71882014268058,,,,,,,0.2783505154639176,0,0.0,none,0.10874034405649215,false,decreasing_vol,14.0,峰值明显下跌-8分(从12.8跌至8.6，跌幅-32.9%); 连续下跌警示-6分(2年下跌，累计-26.6%),"","",0,0
300760.SZ,迈瑞医疗,医疗保健,31.102915,0.008429363923783573,0.2666300000000003,0.11857685042143054,0.5703859471375787,-2.488850984638802e-6,30.1342,118.37707006369428,0.012317912880604576,0.19999999999999998,0.8166666666666667,good,good,good,false,0,false,0,false,0,false,0,0.03938362786989508,1.2196952016795026,0.09147357408555493,ultra_stable,false,false,none,0.588750000000001,0.0,-0.5889000000000006,-1.1776500000000016,0.47070978953716114,0.8531639191596346,0.17123419025722925,true,mild,-2.832900000000002,1.655100000000001,-3.761497189575885,-8.593112527337867,5.2858329075115,true,医疗保健,false,1.0,true,falling,false,false,0.0,0.03938362786989508,0.1648402356292494,医疗保健,-5.0,-2.0,3.0,0.3,0.5,-0.01916018273192366,0.18078718829683083,-0.038315390494211954,false,false,0.008429363923783573,0.11857685042143054,,,,,,,0.5524296675191817,1,0.0,high_level_pullback,0.03695626158711841,true,increasing_vol,4.622929936305724,轻度恶化-5分; 波动率飙升预警-7.6分(近期波动是早期的3.8倍),"high_growth,stable_dividend","优质护城河(高位企稳: 30.1 > 15.0, 稳健斜率=0.01); 稳定分红型(值=30.1,CV=3.9%,稳定)",1,0
300772.SZ,运达股份,电气设备,7.748878,-0.002545408685747841,-0.54594,0.000041376359508454736,0.9918100120641649,0.14268408420239176,5.2989,57.508188130481074,-0.13975616707320437,0.0,1.0,good,good,good,false,0,false,0,false,0,false,0,0.6232393021186396,4.931480696302075,1.501871684111285,high_volatility,false,false,none,11.883799999999999,0.0,-3.49421,-15.37801,0.6892219809868144,1.0,0.8922198098681445,false,none,0.14829999999999988,-5.8633999999999995,-51.88941347376067,2.879276200830969,-53.23588160522971,false,电气设备,false,2.910690016697084,true,rising,false,false,0.0,0.6232393021186396,0.8866834439211897,电气设备,-5.0,-2.0,3.0,0.3,0.5,-0.36246770873082723,0.7211972698812635,-0.9836237390378625,false,true,-0.002545408685747841,0.000041376359508454736,,,,,,,0.6067415730337079,0,0.0,none,0.6136172993311245,false,decreasing_vol,42.491811869518926,单年巨幅下滑-15.0分(年跌-53.2%); 相对加权下滑-10.0分(最新为加权68.4%); 加速下滑-0.5分(加速度-0.98); 趋势不可靠-2分(Bootstrap CI过宽: 1.312); 峰值大幅下跌-15分(从15.0跌至5.3，跌幅-64.7%),"","",0,0
300773.SZ,拉卡拉,软件服务,4.259671000000001,-0.21314359631837265,-2.8350300000000006,0.8518797825972804,0.025363721458080003,,8.3908,76.40838653966821,-0.21063801541262428,-0.39999999999999997,0.48333333333333334,has_loss,has_loss,good,true,1,false,0,false,0,false,0,4.152300495502979,21.219002946109416,10.280949007667049,high_volatility,false,false,none,-24.6454,0.0,20.08335,44.72875,0.5933506578079708,0.7007990662809166,0.7077659498519644,true,moderate,-2.268699999999999,42.4354,126.40617574954605,-21.283362259017768,133.54586337444417,false,软件服务,true,inf,true,falling,false,false,0.0,4.152300495502979,1.0,软件服务,-5.0,-2.0,3.0,0.3,0.5,3.48795898332471,0.7244432520384521,7.34251693207135,true,false,-0.2131435963183726,0.010125398710548605,,,,,,,0.6492985971943889,1,0.0,single_year_drop,4.058589031712564,false,stable,23.59161346033178,轻度衰退-4.3分(log斜率-0.213); 中度恶化-10分; 周期回落期-3分(景气下行趋势); 峰值大幅下跌-15分(从20.8跌至8.4，跌幅-59.6%),"","",0,0
300776.SZ,帝尔激光,专用机械,13.778784,-0.021875137470859143,-0.29258000000000006,0.13223416183272674,0.5474156908439192,-0.12771338235787144,12.2159,90.0,-0.1262773823408524,-0.6,0.23333333333333334,good,good,good,false,0,false,0,false,0,false,0,0.2739019300381878,3.9454532194666814,0.6468549673646371,stable,false,false,none,-4.5255,0.0,0.08329999999999949,4.6088,0.6600335269841059,0.9550858023506414,0.145249467490417,false,none,0.43329999999999913,-0.26670000000000016,1.3826529341953389,3.67745658852884,-2.2134065879345703,false,专用机械,false,1.0,false,rising,false,false,0.0,0.2739019300381878,0.3524548773638836,专用机械,-5.0,-2.0,3.0,0.3,0.5,0.0068427021191723725,0.14188453770750395,0.286404818620976,false,false,-0.13232677725113035,0.7243446488878227,,,,,,,0.13366336633663367,0,0.0,none,0.1502931407125779,true,decreasing_vol,10.0,波动聚集提示-2分(大波动后可能跟着大波动); 峰值明显下跌-8分(从21.1跌至12.2，跌幅-42.1%),"","",0,0
300790.SZ,宇瞳光学,元器件,6.61693,-0.05890720426668814,-0.42614,0.4973541074607279,0.1833790060292423,-0.07166593443191904,6.1505,77.0,-0.1831718540792444,-0.39999999999999997,0.48333333333333334,good,good,good,false,0,false,0,false,0,false,0,0.48070486854901845,3.3748846706220936,1.3100687965587476,volatile,false,false,none,3.5877999999999997,0.0,-2.0615499999999995,-5.649349999999999,0.44207421870909475,1.0,0.487682519395223,false,none,3.4791,-3.46,0.31151123723782326,130.23508272815752,-56.430831457742116,false,元器件,false,4.442988695066257,true,rising,false,false,0.0,0.48070486854901845,0.9769623875147158,元器件,-5.0,-2.0,3.0,0.3,0.5,0.0015349173920515824,0.000010890016729992887,0.15033784545082352,false,false,-0.2048846994432082,0.36174551266446225,,,,,,,0.13366336633663367,0,0.0,none,0.3730959698790561,false,stable,23.0,单年巨幅下滑-15.0分(年跌-56.4%); 峰值明显下跌-8分(从11.9跌至6.2，跌幅-48.2%),"","",0,0
300791.SZ,仙乐健康,医疗保健,8.256825000000001,0.0003948822052995294,0.005480000000000107,0.00004636936827959566,0.9913299350303696,-0.08345772997090384,8.4567,98.0,-0.06844128972190183,-0.19999999999999998,0.8166666666666667,good,good,good,false,0,false,0,false,0,false,0,0.2299658473355731,1.9892183774035475,0.6036605526435657,stable,false,false,none,-2.6108500000000006,0.0,0.8473499999999999,3.4582000000000006,0.7458240935873964,0.958280656793357,0.9999602790806067,false,none,0.8380999999999998,0.8566000000000003,25.06211180124224,11.000708791641507,12.667849748595096,false,医疗保健,false,1.0,false,rising,false,false,0.0,0.2299658473355731,0.3173060112017918,医疗保健,-5.0,-2.0,3.0,0.3,0.5,0.11084732885504976,0.9985631197581101,0.3951182238436728,true,false,-0.07940358572883272,0.35004057371179803,,,,,,,0.07161803713527852,0,0.0,none,0.17949326165716145,true,decreasing_vol,2.0,波动聚集提示-2分(大波动后可能跟着大波动),"","",0,0
300807.SZ,天迈科技,软件服务,-7.161868000000001,-0.5354922611330818,-2.4829600000000003,0.5700746320798857,0.14007346685010755,,-12.1156,35.29015477733836,-0.5099011597422367,-0.7999999999999999,0.08333333333333333,poor,poor,poor,true,5,true,1,true,5,true,1,0.7748256016407226,4.972040389216484,1.7847803795554922,volatile,false,false,none,-0.59705,0.0,-5.1294,-4.53235,0.3500971897681587,0.024662477013132768,0.9154166388535403,true,severe,-2.4288000000000007,-7.83,-552.4989228780698,-25.073295618780207,-421.69323567427836,false,软件服务,true,inf,true,falling,false,false,0.0,0.7748256016407226,1.0,软件服务,-5.0,-2.0,3.0,0.3,0.5,-0.905821355441901,0.8406631633539934,-0.527893594266219,false,false,-0.5354922611330818,0.5700746320798857,,,,,,,0.9747292418772563,2,-0.9405413853065758,sustained_decline,0.4754536944417211,false,stable,64.70984522266164,"轻度衰退-10.7分(log斜率-0.535); 严重恶化-15分; 持续衰退重罚-10.0分(最新<加权); 单年巨幅下滑-15.0分(年跌-421.7%); 贝叶斯高置信度恶化-12分(恶化概率97.5%，严重恶化确认); 趋势不确定预警-4分(Bootstrap CI跨零: [-1.003, 0.101]); 连续下跌警示-6分(2年下跌，累计-1728.2%)","","",0,0
300818.SZ,耐普矿机,专用机械,8.437475000000001,-0.06226300254777004,-0.76615,0.04724382269852945,0.7254479885594696,0.0532361501925227,6.6262,65.74120907741133,-0.09868868130049342,0.0,1.0,good,good,good,false,0,false,0,false,0,false,0,0.503086439673976,4.360411160315046,1.1901833554085923,volatile,false,false,none,10.3157,0.0,-3.17361,-13.48931,0.6804672219315154,0.9999999999999996,0.8046722193151551,false,none,1.0702999999999996,-4.5135,-34.194688859316344,19.264205619251598,-44.82392198144874,false,专用机械,false,2.825896794398747,true,rising,false,false,0.0,0.503086439673976,0.7792553909923472,专用机械,-5.0,-2.0,3.0,0.3,0.5,-0.2076401666108729,0.47059419853600665,-0.5175818451773551,false,true,-0.06226300254777004,0.04724382269852945,,,,,,,0.6067415730337079,0,0.0,none,0.4832821753982853,true,decreasing_vol,34.25879092258867,单年巨幅下滑-15.0分(年跌-44.8%); 加速下滑-0.3分(加速度-0.52); 波动聚集提示-2分(大波动后可能跟着大波动); 趋势不可靠-2分(Bootstrap CI过宽: 0.943); 峰值大幅下跌-15分(从15.7跌至6.6，跌幅-57.8%),"","",0,0
300820.SZ,英杰电气,电气设备,17.940094000000002,0.07085363411710875,1.18198,0.1268566896515257,0.5562902307582138,0.025082424773045453,13.977,47.6925406894673,0.05329820678351527,0.39999999999999997,0.48333333333333334,good,good,good,false,0,false,0,false,0,false,0,0.3243552955166435,5.7039500493079345,0.6805208836825793,moderate,false,false,none,5.983649999999999,0.0,-5.324349999999999,-11.307999999999998,0.6683582529083048,0.8172972215817632,0.8662853075012836,true,severe,-8.947499999999998,-1.7012,-43.24222255611008,-39.030295099129745,-6.908230019857305,false,电气设备,false,1.0,true,falling,false,false,0.0,0.3243552955166435,0.39281756974664817,电气设备,-5.0,-2.0,3.0,0.3,0.5,-0.28275611346570195,0.8431478245382884,-0.6149186210654025,false,true,0.07085363411710875,0.1268566896515257,,,,,,,0.999190470683474,2,4.649825640857272,accelerating_decline,0.3064511032557674,false,stable,52.3074593105327,严重恶化-15分; 单年巨幅下滑-15.0分(年跌-39.0%); 加速下滑-0.3分(加速度-0.61); 贝叶斯高置信度恶化-12分(恶化概率99.9%，严重恶化确认); 趋势不可靠-2分(Bootstrap CI过宽: 0.646); 峰值明显下跌-8分(从24.6跌至14.0，跌幅-43.2%),"","",0,0
300823.SZ,建科智能,专用机械,6.5514,-0.2020063519633855,-1.5972000000000004,0.4235754003990398,0.23427528473980958,-0.18235242150634123,5.1572,59.38511056415507,-0.20580407665717854,-0.6,0.23333333333333334,good,good,good,false,0,false,0,false,0,false,0,0.47190871566999837,3.3177825400408634,1.180560296761567,moderate,false,false,none,-4.15,0.0,0.9593499999999996,5.10935,0.6897646069484634,0.9394099406480826,0.45823612883655096,true,moderate,-0.8474000000000004,2.7661,59.24656476763932,-14.112513739466415,85.41299984560753,false,专用机械,false,1.8541299984560753,true,falling,false,false,0.0,0.47190871566999837,0.6247443056634754,专用机械,-5.0,-2.0,3.0,0.3,0.5,0.22576306792192158,0.520271646419972,0.8504752068455568,true,false,-0.2020063519633855,0.4235754003990398,,,,,,,0.4807121661721069,1,0.0,single_year_drop,0.3060578023140974,false,decreasing_vol,40.61488943584493,轻度衰退-4.0分(log斜率-0.202); 中度恶化-10分; 持续衰退重罚-10.0分(最新<加权); 趋势不可靠-2分(Bootstrap CI过宽: 0.951); 峰值大幅下跌-15分(从11.5跌至5.2，跌幅-55.3%),"","",0,0
300827.SZ,上能电气,电气设备,10.290502,0.09613545809185649,0.9655400000000001,0.1739575451821387,0.48478009671692374,0.03344541030031278,13.0549,108.0,0.03416586342107904,0.6,0.23333333333333334,good,good,good,false,0,false,0,false,0,false,0,0.3357238795748633,3.357520803807476,0.6752632778846577,moderate,false,false,none,-5.1434999999999995,0.0,2.65326,7.796759999999999,0.6828521092359345,1.0,0.8285210923593459,false,none,0.3171999999999997,6.273000000000001,101.9413120485096,2.4902454917292736,97.03466518167897,false,电气设备,false,1.0,false,rising,false,false,0.0,0.3357238795748633,0.401912436993224,电气设备,-5.0,-2.0,3.0,0.3,0.5,0.34917080431531033,0.7763042858553411,0.6327647550597697,true,false,0.09613545809185649,0.1739575451821387,,,,,,,0.07161803713527852,0,0.0,none,0.29901128917979225,false,stable,2.0,趋势不可靠-2分(Bootstrap CI过宽: 0.723),turnaround,"底部强力反转(曾跌102%, 近期斜率0.35)",0,1
300831.SZ,派瑞股份,半导体,4.656145,0.05222498755180354,0.25793,0.33951069201266765,0.3025447878127187,0.07517897180155875,5.6687,77.0,-0.019023127866098055,-0.19999999999999998,0.8166666666666667,good,good,good,false,0,false,0,false,0,false,0,0.3894401395711814,1.8308671393632034,0.9270028587959024,volatile,false,false,none,1.8008999999999995,0.0,-0.5305899999999998,-2.331489999999999,0.3655211203179061,1.0,0.1070887155609299,false,none,3.984,-4.183599999999999,-3.4013257672579686,236.48127263014186,-71.29151543036313,false,半导体,false,3.5868700658871013,true,rising,false,false,0.0,0.3894401395711814,0.7898014537752254,半导体,-5.0,-2.0,3.0,0.3,0.5,-0.017048190422662257,0.0006477741210693534,-0.17610955670481476,false,false,-0.06377021303831408,0.03917443582475502,,,,,,,0.2783505154639176,0,0.0,none,0.3861389835785623,false,increasing_vol,23.0,单年巨幅下滑-15.0分(年跌-71.3%); 波动率飙升预警-8.0分(近期波动是早期的4.1倍),"","",0,0
300832.SZ,新产业,医疗保健,22.182585,-0.007557408194874072,-0.17374499999999993,0.1632088141687945,0.49997862365234746,-0.01218838257067456,22.4739,123.0,0.004416474393024765,0.0,1.0,good,good,good,false,0,false,0,false,0,false,0,0.09189076874271923,2.0263127465916995,0.22539693768899086,ultra_stable,false,false,none,-4.970299999999998,0.0,1.3012999999999995,6.271599999999998,0.6631339129661377,1.0,0.6313391296613764,false,none,-1.0446999999999989,1.4917999999999978,2.029800061742963,-4.442016106400887,6.772658761145503,true,医疗保健,false,1.2621676013631362,true,falling,false,false,0.0,0.09189076874271923,0.24180162850926024,医疗保健,-5.0,-2.0,3.0,0.3,0.5,0.01003723743435403,0.08955574725935557,0.04457792057801946,false,false,0.013454919579582381,0.04846879366178377,,,,,,,0.09326424870466322,0,0.0,none,0.0899420170286721,true,decreasing_vol,0.0,波动聚集提示-2分(大波动后可能跟着大波动),"high_growth,stable_dividend","优质护城河(高位企稳: 22.5 > 15.0, 稳健斜率=-0.01); 稳定分红型(值=22.5,CV=9.2%,稳定)",1,0
300833.SZ,浩洋股份,专用机械,11.403477,0.28171622699143,2.3557900000000003,0.5929566356713962,0.12771512931929663,0.26135034443430283,11.7118,71.59685092060553,0.23719733057205078,0.39999999999999997,0.48333333333333334,good,good,good,false,0,false,0,false,0,false,0,0.5054145962229092,5.406288528001442,1.1175741394106988,volatile,false,false,none,5.9772,0.0,-2.4346999999999994,-8.4119,0.6772641154546192,0.8098831575295138,0.9627579970166775,true,severe,-3.264099999999999,-1.6052999999999997,-29.366993944949698,-21.795685067341523,-9.681446457433719,false,专用机械,false,1.0,true,falling,false,false,0.0,0.5054145962229092,0.5376650103116607,专用机械,-5.0,-2.0,3.0,0.3,0.5,-0.17338153205679707,0.945985480844664,-0.8062981587889166,false,true,0.28171622699143,0.5929566356713962,,,,,,,0.9953104902169171,2,1.2512839546415206,accelerating_decline,0.3663140027947604,false,decreasing_vol,28.40314907939446,"严重恶化-15分; 加速下滑-0.4分(加速度-0.81); 贝叶斯高置信度恶化-12分(恶化概率99.5%，严重恶化确认); 趋势不确定预警-4分(Bootstrap CI跨零: [-0.173, 0.689])","","",0,0
300836.SZ,佰奥智能,专用机械,-0.8925890000000003,0.11397945322268176,0.43117000000000005,0.006235595935557499,0.8995622221459809,,4.9058,96.0,0.10396800756873234,0.19999999999999998,0.8166666666666667,poor,poor,poor,true,3,false,0,true,3,false,0,5.043454978756912,5.154108380990838,12.801045071139209,high_volatility,false,true,deterioration_to_recovery,-5.5766,0.0,6.5409500000000005,12.117550000000001,0.9341849388328086,0.9999861858981344,0.9976831630528232,false,none,7.0869,5.995,160.00171230782402,324.92320388794644,73.32346717872824,false,专用机械,false,1.0,false,rising,false,false,0.0,5.043454978756912,1.0,专用机械,-5.0,-2.0,3.0,0.3,0.5,2.545938146783234,0.923444816787045,4.850568792915839,true,false,0.11397945322268176,0.006235595935557499,,,,,,,0.07161803713527852,0,0.0,none,4.9991410463759145,true,stable,4.0,波动聚集提示-2分(大波动后可能跟着大波动); 趋势不可靠-2分(Bootstrap CI过宽: 5.022),"","",0,0
300842.SZ,帝科股份,电气设备,8.025815,0.15232301398835812,1.44965,0.01840527101514018,0.8277959949859404,,11.41,108.0,0.1338577715943311,0.19999999999999998,0.8166666666666667,has_loss,has_loss,has_loss,true,1,false,0,true,1,false,0,0.7521235966950743,5.7093100526245735,1.9515157583007068,high_volatility,false,false,none,-4.559950000000001,0.0,6.276649999999999,10.8366,0.6087972379833768,0.9005832087397195,0.6185576399738635,true,moderate,-2.2605000000000004,14.8138,1097.9882795416777,-16.535605866647163,1295.7054141520161,false,电气设备,true,inf,true,falling,false,false,0.0,0.7521235966950743,1.0,电气设备,-5.0,-2.0,3.0,0.3,0.5,2.0543572943843285,0.7171723881389841,3.9307213615093515,true,false,0.15232301398835812,0.01840527101514018,,,,,,,0.6492985971943889,1,0.0,single_year_drop,0.6888501593467068,false,increasing_vol,2.0,中度恶化-10分; 周期回落期-3分(景气下行趋势); 趋势不可靠-2分(Bootstrap CI过宽: 4.432),turnaround,扭亏为盈(曾亏损1年 -> 最新11.4),0,1
300843.SZ,胜蓝股份,元器件,7.680818000000001,-0.25391946802014126,-2.37654,0.5899577299891696,0.12930185008856956,-0.19312766865775732,6.4539,66.29744524257103,-0.2717105732902464,-0.39999999999999997,0.48333333333333334,good,good,good,false,0,false,0,false,0,false,0,0.5477243785069603,4.597477933824153,1.2614817162232035,moderate,false,false,none,-5.2943,0.0,0.9079499999999999,6.202249999999999,0.7270005062913356,0.988180121092244,0.781824941821112,false,none,1.7386999999999997,0.07720000000000038,39.15265200517465,36.874363759755674,1.6645105648986716,false,元器件,false,1.0,false,rising,false,false,0.0,0.5477243785069603,0.5715128361389016,元器件,-5.0,-2.0,3.0,0.3,0.5,0.1624628084305868,0.787165346888987,0.7516692059476995,true,false,-0.25391946802014126,0.5899577299891696,,,,,,,0.07161803713527852,0,0.0,none,0.31558512812930367,false,decreasing_vol,33.70255475742898,"轻度衰退-5.1分(log斜率-0.254); 持续衰退重罚-10.0分(最新<加权); 趋势不确定预警-4分(Bootstrap CI跨零: [-0.622, 0.162]); 峰值大幅下跌-15分(从15.2跌至6.5，跌幅-57.6%)","","",0,0
300845.SZ,捷安高科,软件服务,5.793605,0.07453394667057625,0.3724600000000001,0.37999438536913,0.26814540468814435,-0.13492662223197927,5.9221,90.0,0.10425873690659859,0.19999999999999998,0.8166666666666667,good,good,good,false,0,false,0,false,0,false,0,0.4493949528334745,2.703497120952786,1.1649373489409662,volatile,false,false,none,-7.008100000000001,0.0,0.7976700000000002,7.805770000000001,0.9124788784358365,1.0,0.9765000591065931,false,none,0.4591000000000003,0.9099000000000004,30.067426588478195,8.403807431814027,19.984186598141935,false,软件服务,false,1.0,false,rising,false,false,0.0,0.4493949528334745,0.4928492956001129,软件服务,-5.0,-2.0,3.0,0.3,0.5,0.1290445910028537,0.9531172340636392,0.5455585361166206,true,false,-0.07342894464700143,0.08487223311843581,,,,,,,0.07161803713527852,0,0.0,none,0.4050201732249853,true,decreasing_vol,10.0,波动聚集提示-2分(大波动后可能跟着大波动); 峰值明显下跌-8分(从10.6跌至5.9，跌幅-44.0%),"","",0,0
300855.SZ,图南股份,小金属,16.038819999999998,0.019714167550175212,0.33755999999999986,0.039296063943558765,0.7492656546023037,0.0006649816718131696,13.4814,83.85704174560655,0.07421065866454624,0.39999999999999997,0.48333333333333334,good,good,good,false,0,false,0,false,0,false,0,0.15776733524955824,2.503773921103899,0.3435908164062597,stable,false,false,none,2.242399999999999,0.0,-2.224499999999999,-4.466899999999998,0.6592343973581483,0.9994195669661735,0.5929244066153093,true,moderate,-5.416999999999998,0.968,-24.812608753848203,-28.663802226643515,5.398652567706242,false,小金属,true,1.0,true,falling,true,false,0.0,0.15776733524955824,0.6155346704991165,小金属,-5.0,-2.0,1.6,0.3,0.24,-0.14229531983949162,0.6155020970464014,-0.2859165087869018,false,true,0.019714167550175212,0.039296063943558765,,,,,,,0.9487554904831625,1,0.0,single_year_drop,0.1541410761165767,false,stable,16.14295825439345,中度恶化-10分; 周期回落期-3分(景气下行趋势); 加速下滑-0.1分(加速度-0.29); 贝叶斯恶化预警-8分(恶化概率94.9%),"","",0,0
300857.SZ,协创数据,IT设备,11.320251,0.004015533748036093,0.034259999999999916,0.0032041530785222446,0.927966478129572,0.11564541411298479,16.2225,104.6465906446358,0.10772601156144174,0.39999999999999997,0.48333333333333334,good,good,good,false,0,false,0,false,0,false,0,0.289265230446306,3.1566762509006208,0.7238695323081097,moderate,false,false,none,-1.0742500000000001,0.0,3.9497,5.02395,0.6843235084785945,0.8867177148613916,0.9565173699245528,false,none,5.4083000000000006,2.4910999999999994,94.90934868017926,50.011096521240596,29.92995398349172,false,IT设备,false,1.0,false,rising,false,false,0.0,0.289265230446306,0.3647455176903781,IT设备,-5.0,-2.0,3.0,0.3,0.5,0.33236175794772027,0.9845999713976709,0.44651911015516155,true,false,0.1085517263466604,0.4276609890145629,,,,,,,0.07161803713527852,0,0.0,none,0.21198803745358127,true,increasing_vol,5.353409355364207,波动率飙升预警-7.4分(近期波动是早期的3.7倍),turnaround,"底部强力反转(曾跌95%, 近期斜率0.33)",0,1
300866.SZ,安克创新,元器件,19.70142,0.0015424645505795365,-0.027439999999999645,0.0002539597151889747,0.9797103688948978,-0.01605386193742142,21.94,123.0,0.028108725803989987,0.0,1.0,good,good,good,false,0,false,0,false,0,false,0,0.15264448876665776,3.009407466263085,0.35194779240725665,stable,false,false,none,-6.357499999999998,0.0,1.7912000000000003,8.148699999999998,0.6836126516907076,1.0,0.8361265169070762,false,none,2.2300000000000004,3.2414000000000023,33.22322480356559,11.314053779807207,19.68230450675833,false,元器件,false,1.0,false,rising,false,false,0.0,0.15264448876665776,0.25544892434665956,元器件,-5.0,-2.0,3.0,0.3,0.5,0.1432271821771962,0.9791891120362487,0.3187911169244473,true,false,0.0015424645505795365,0.0002539597151889747,,,,,,,0.02015677491601344,0,0.0,none,0.15262862450237571,false,stable,0.0,趋势不可靠-2分(Bootstrap CI过宽: 0.344),"high_growth,stable_dividend","优质护城河(高位企稳: 21.9 > 15.0, 稳健斜率=0.03); 稳定分红型(值=21.9,CV=15.3%,稳定)",1,0
300870.SZ,欧陆通,电气设备,9.36138,0.08134838752316638,0.6798200000000002,0.19545983180219223,0.456007018753183,-0.15347603962326395,9.813,100.0,-0.04689974011282244,0.0,1.0,good,good,good,false,0,false,0,false,0,false,0,0.5666339638937896,5.57445427535288,1.4617842941133419,volatile,false,false,none,-12.695400000000001,0.0,1.45933,14.15473,0.7132009417111156,1.0,0.6320094171111557,false,none,0.6885000000000012,4.395999999999999,107.52881463466215,7.545618938024015,92.96817172464839,false,电气设备,false,1.0,false,rising,false,false,0.0,0.5666339638937896,0.586640504448365,电气设备,-5.0,-2.0,3.0,0.3,0.5,0.36084391454143017,0.8243494496737084,1.0539702653000156,true,false,-0.0979667247972496,0.0884680604133121,,,,,,,0.07161803713527852,0,0.0,none,0.5058839580669638,false,decreasing_vol,10.0,趋势不可靠-2分(Bootstrap CI过宽: 0.651); 峰值明显下跌-8分(从19.1跌至9.8，跌幅-48.6%),turnaround,"底部强力反转(曾跌108%, 近期斜率0.36)",0,1
300896.SZ,爱美客,医疗保健,24.074840000000002,0.14017461652622912,3.0497199999999998,0.88345924091271,0.017515416451064282,0.13131913692317299,26.5541,115.0,0.15533649178448883,0.7999999999999999,0.08333333333333333,good,good,good,false,0,false,0,false,0,false,0,0.23059448723293208,5.199901075212873,0.5587676796165674,ultra_stable,false,false,none,2.9818999999999996,0.0,2.1899999999999995,-0.7919,0.3645071617828539,0.9986299792815145,0.42121829191138455,true,mild,-2.256400000000003,6.636400000000002,19.75277463346877,-7.831866854098342,29.928610405833844,false,医疗保健,false,1.0,true,falling,false,false,0.0,0.23059448723293208,0.317808923119679,医疗保健,-5.0,-2.0,3.0,0.3,0.5,0.09005275947034486,0.4525417030721764,-0.06636530410732355,false,true,0.14017461652622912,0.88345924091271,,,,,,,0.19798350137488543,1,0.0,high_level_pullback,0.08629804856478358,false,stable,0.0,轻度恶化-5分,high_growth,"优质护城河(高位企稳: 26.6 > 15.0, 稳健斜率=0.16)",1,0
300907.SZ,康平科技,电气设备,6.247751000000001,0.08630232225122475,0.1703699999999998,0.039778468812642444,0.7477519859378747,-0.026654018120938705,9.2799,108.0,0.3829542029031723,0.19999999999999998,0.8166666666666667,good,good,good,false,0,false,0,false,0,false,0,0.578538204830858,3.5849929815830883,1.3784405742466885,high_volatility,false,false,none,-8.5417,0.0,2.4118699999999995,10.95357,0.8008059117059754,1.0,0.9707879360957987,false,none,3.6609999999999996,1.6705999999999999,135.03533166172784,65.15510153232839,42.31188106273586,false,电气设备,false,1.0,false,rising,false,false,0.0,0.578538204830858,0.5961638971980198,电气设备,-5.0,-2.0,3.0,0.3,0.5,0.4208959248078434,0.9892812743146232,0.8955432773821681,true,false,0.08630232225122475,0.039778468812642444,,,,,,,0.07161803713527852,0,0.0,none,0.5769026466224463,false,decreasing_vol,2.0,趋势不可靠-2分(Bootstrap CI过宽: 1.214),turnaround,"底部强力反转(曾跌135%, 近期斜率0.42)",0,1
300916.SZ,朗特智能,元器件,12.160401,-0.1640933543201598,-1.9289299999999998,0.5709975550352075,0.13956370492984202,-0.1125662796822281,9.6979,51.718132913596804,-0.1301499569452328,-0.39999999999999997,0.48333333333333334,good,good,good,false,0,false,0,false,0,false,0,0.30789263259872324,3.9222688780857435,0.6804494516087503,stable,false,false,none,0.22939999999999913,0.0,-3.198599999999999,-3.427999999999998,0.33933603477322094,0.13032605627261432,0.5063974449017143,false,none,2.2711000000000006,-8.668299999999999,-39.74625817795477,30.579792104271025,-53.85676385980827,false,元器件,false,1.4457044565505408,true,rising,false,false,0.0,0.30789263259872324,0.4390747002857174,元器件,-5.0,-2.0,3.0,0.3,0.5,-0.2524607641385086,0.41663837440310764,-0.2668919892214119,false,false,-0.1640933543201598,0.5709975550352075,,,,,,,0.6067415730337079,0,0.0,none,0.19359522099964538,false,increasing_vol,48.281867086403196,"轻度衰退-3.3分(log斜率-0.164); 持续衰退重罚-10.0分(最新<加权); 单年巨幅下滑-15.0分(年跌-53.9%); 波动率飙升预警-8.0分(近期波动是早期的5.3倍); 趋势不确定预警-4分(Bootstrap CI跨零: [-0.398, 0.055]); 峰值明显下跌-8分(从16.1跌至9.7，跌幅-39.7%)","","",0,0
300922.SZ,天秦装备,专用机械,5.009022000000001,-0.2954897491433612,-1.8482600000000002,0.497884328885189,0.18303984546266813,-0.21819484415141321,3.8922,67.62115102322494,-0.24772816953424096,-0.39999999999999997,0.48333333333333334,good,good,good,false,0,false,0,false,0,false,0,0.6547101304059875,3.642479810513711,1.4933944459423028,volatile,false,false,none,-4.15425,0.0,0.8911499999999998,5.0454,0.7417942546157572,0.9180732865422092,0.9998692596153623,false,none,0.9087999999999998,0.8734999999999999,84.47319778188537,30.461889119796197,41.40006635385563,false,专用机械,false,1.0,false,rising,false,false,0.0,0.6547101304059875,0.6571014376581233,专用机械,-5.0,-2.0,3.0,0.3,0.5,0.28824953643501494,0.9955965781335336,1.0618920121843345,true,false,-0.2954897491433612,0.497884328885189,,,,,,,0.07161803713527852,0,0.0,none,0.3908116669143931,false,decreasing_vol,32.37884897677506,轻度衰退-5.9分(log斜率-0.295); 持续衰退重罚-10.0分(最新<加权); 趋势不可靠-2分(Bootstrap CI过宽: 1.137); 峰值大幅下跌-15分(从10.4跌至3.9，跌幅-62.6%),"","",0,0
300950.SZ,德固特,专用机械,10.506632,-0.10538057400667111,-1.16876,0.1500847549152873,0.5193695406754564,-0.06717232380677696,12.7823,83.0,-0.15324564827040227,-0.19999999999999998,0.8166666666666667,good,good,good,false,0,false,0,false,0,false,0,0.3987435790657794,4.329262711247724,1.0647714064137728,volatile,false,false,none,-8.0707,0.0,0.67445,8.74515,0.5847501338294806,1.0,0.07681172273202241,false,none,7.461599999999999,-5.1709,21.83365740211216,140.2371868363185,-49.28609554310114,false,专用机械,false,1.4848845108695652,true,rising,false,false,0.0,0.3987435790657794,0.5169794647018989,专用机械,-5.0,-2.0,3.0,0.3,0.5,0.09837478238576502,0.04657859438118411,0.3354939075415564,false,false,-0.10538057400667111,0.1500847549152873,,,,,,,0.07161803713527852,0,0.0,none,0.36059163512249404,false,stable,17.0,单年巨幅下滑-15.0分(年跌-49.3%); 趋势不可靠-2分(Bootstrap CI过宽: 0.556),"","",0,0
300953.SZ,震裕科技,电气设备,6.210117,-0.33470238909229705,-2.42841,0.5150634555868983,0.17224345562364074,-0.2052255031748903,5.3444,49.30595221815406,-0.3565471995195627,-0.6,0.23333333333333334,good,good,good,false,0,false,0,false,0,false,0,0.6860771487508334,4.760442347408484,1.621340781478791,volatile,false,false,none,-4.95655,0.0,0.93155,5.8881,0.6789709086901546,0.9537387454204324,0.33597034148111327,false,none,3.1999000000000004,-1.3368000000000002,53.517364203027604,149.21426906038707,-38.39944848188895,false,电气设备,false,1.0,false,rising,false,false,0.0,0.6860771487508334,0.682195052334,电气设备,-5.0,-2.0,3.0,0.3,0.5,0.20863298878058256,0.22916421914686888,0.8730349810863745,false,false,-0.33470238909229705,0.5150634555868983,,,,,,,0.07161803713527852,0,0.0,none,0.4055620857468455,false,decreasing_vol,50.69404778184594,"轻度衰退-6.7分(log斜率-0.335); 持续衰退重罚-10.0分(最新<加权); 单年巨幅下滑-15.0分(年跌-38.4%); 趋势不确定预警-4分(Bootstrap CI跨零: [-0.806, 0.209]); 峰值大幅下跌-15分(从13.4跌至5.3，跌幅-60.1%)","","",0,0
300962.SZ,中金辐照,医疗保健,11.397344999999998,-0.005354878109843675,-0.061559999999999886,0.26361943375041424,0.3762509658112843,0.03606197174671122,11.3014,91.94238261614281,0.010541240138508101,0.19999999999999998,0.8166666666666667,good,good,good,false,0,false,0,false,0,false,0,0.07337154125855515,0.825014556235222,0.17891668163716154,ultra_stable,false,false,none,1.8010000000000002,0.0,-0.10605000000000012,-1.9070500000000004,0.6889227318050952,1.0,0.38922731805095107,false,none,-0.38150000000000084,-0.13710000000000022,-4.387478849407792,-3.265456350734842,-1.1598984771573622,false,医疗保健,false,1.0,true,falling,false,false,0.0,0.07337154125855515,0.19203056634017746,医疗保健,-5.0,-2.0,3.0,0.3,0.5,-0.022349673473391896,0.9287137627798255,-0.11523476771437968,false,true,0.02884468285685058,0.35491472809762914,,,,,,,0.8647512405584776,0,1.8152949719683278,none,0.05942894530424635,false,decreasing_vol,8.05761738385719,加速下滑-0.1分(加速度-0.12); 贝叶斯恶化预警-8分(恶化概率86.5%),"","",0,0
300963.SZ,中洲特材,小金属,8.09299,-0.002958800513848381,-0.023609999999999954,0.03405529097081397,0.7663759387334529,-0.08020022850653952,8.0353,98.0,-0.04593195849527165,-0.19999999999999998,0.8166666666666667,good,good,good,false,0,false,0,false,0,false,0,0.21777198231194125,1.8148115254758552,0.5996851278088303,stable,false,false,none,-4.9975000000000005,0.0,0.48407999999999973,5.48158,0.6431468397213763,1.0,0.43146839721376334,false,none,0.23609999999999953,-0.5793000000000008,-4.096198603568673,3.027233562416652,-6.914125440114588,false,小金属,true,1.1945565234748146,true,rising,true,false,0.0,0.21777198231194125,0.7939109216663268,小金属,-5.0,-2.0,1.6,0.3,0.24,-0.020758637284019832,0.3377523273523492,0.12474534221699973,false,false,-0.04424786602335922,0.1118445739840185,,,,,,,0.2783505154639176,0,0.0,none,0.1977184614412442,true,decreasing_vol,2.0,波动聚集提示-2分(大波动后可能跟着大波动),"","",0,0
300996.SZ,普联软件,软件服务,12.851921,-0.3247999554341212,-4.164129999999999,0.6173695255825817,0.11516063155671374,-0.19705216299373018,9.2367,51.504000891317574,-0.24127102268867143,-0.7999999999999999,0.08333333333333333,good,good,good,false,0,false,0,false,0,false,0,0.524892850051514,7.401598061432408,1.260243838095589,moderate,false,false,none,-3.8731,0.0,-2.6191499999999994,1.2539500000000006,0.39808553715496925,0.934605437926126,0.2728625225292106,false,none,4.7864,-10.0247,-36.188601036269425,107.55229984495426,-69.2552677029361,false,软件服务,false,1.0,false,rising,false,false,0.0,0.524892850051514,0.5532476133745445,软件服务,-5.0,-2.0,3.0,0.3,0.5,-0.22375596066250766,0.14410827729506287,-0.00978664288064321,false,false,-0.3247999554341212,0.6173695255825817,,,,,,,0.6067415730337079,0,0.0,none,0.23979421037015813,false,increasing_vol,48.495999108682426,轻度衰退-6.5分(log斜率-0.325); 持续衰退重罚-10.0分(最新<加权); 单年巨幅下滑-15.0分(年跌-69.3%); 趋势不可靠-2分(Bootstrap CI过宽: 0.702); 峰值大幅下跌-15分(从22.2跌至9.2，跌幅-58.4%),"","",0,0
301012.SZ,扬电科技,电气设备,6.450812000000001,-0.3834838445296554,-1.9833599999999998,0.32350228101987827,0.3170181842196574,-0.16591941097017693,5.2358,50.0,-0.18300978786164523,-0.6,0.23333333333333334,good,good,good,false,0,true,1,false,0,true,1,0.5942414361482737,4.186918195642231,1.45831145274787,volatile,false,false,none,-1.6059999999999999,0.0,-2.08058,-0.47458,0.23780911402801816,1.0,0.4135794339904826,false,none,4.6927,-8.8769,-44.41825902335456,864.0581844964095,-94.23460721868364,false,电气设备,false,1.9312776775463343,true,rising,false,false,0.0,0.5942414361482737,0.7328968392581303,电气设备,-5.0,-2.0,3.0,0.3,0.5,-0.2905618296568122,0.05293101202095522,-0.221707111712258,false,false,-0.3834838445296554,0.32350228101987827,,,,,,,0.6067415730337079,0,0.0,none,0.3937320361733874,false,increasing_vol,50.0,持续衰退重罚-10.0分(最新<加权); 单年巨幅下滑-15.0分(年跌-94.2%); 波动率飙升预警-8.0分(近期波动是早期的7.5倍); 趋势不可靠-2分(Bootstrap CI过宽: 1.369); 峰值大幅下跌-15分(从10.8跌至5.2，跌幅-51.6%),"","",0,0
301023.SZ,江南奕帆,电气设备,11.502324000000002,-0.07280388381370453,-0.54029,0.11531974447451994,0.5760839087440386,-0.22227772213032937,10.3125,68.0,-0.3559414456771334,-0.6,0.23333333333333334,good,good,good,false,0,false,0,false,0,false,0,0.7031196117083545,8.986121760692985,1.8266465107399164,volatile,false,false,none,-16.495199999999997,0.0,-0.8163699999999998,15.678829999999998,0.6626927967678701,1.0,0.12692796767869977,false,none,5.4696,-4.022499999999999,16.323008550093633,112.9405934460757,-45.37302321384257,false,电气设备,false,1.0,false,rising,false,false,0.0,0.7031196117083545,0.6958290227000169,电气设备,-5.0,-2.0,3.0,0.3,0.5,0.07518872272459709,0.036145027583672606,0.6521349977955604,false,false,-0.28798290180337366,0.5203805548339474,,,,,,,0.07161803713527852,0,0.0,none,0.4654024179042578,false,decreasing_vol,32.0,单年巨幅下滑-15.0分(年跌-45.4%); 趋势不可靠-2分(Bootstrap CI过宽: 0.628); 峰值大幅下跌-15分(从28.2跌至10.3，跌幅-63.4%),"","",0,0
301028.SZ,东亚机械,专用机械,17.184446,-0.2001665935870355,-3.963980000000001,0.7677453822723185,0.05130089074252681,-0.1673154631756001,14.1226,66.99666812825929,-0.2261264347461736,-0.6,0.23333333333333334,good,good,good,false,0,false,0,false,0,false,0,0.38937721231402206,7.154276723261409,0.9042465183817686,stable,false,false,none,-7.8313999999999995,0.0,0.20469999999999985,8.0361,0.7440868967492988,0.9993342748927656,0.0859527283163414,false,none,1.3609000000000009,-0.9515000000000011,2.9854446810372472,10.663939757242382,-6.938570136802505,false,专用机械,false,1.0,false,rising,false,false,0.0,0.38937721231402206,0.444835103184551,专用机械,-5.0,-2.0,3.0,0.3,0.5,0.014670905785228781,0.07965183177065152,0.39506187719901104,false,false,-0.2001665935870355,0.7677453822723185,,,,,,,0.13366336633663367,0,0.0,none,0.18775584087040956,false,decreasing_vol,33.00333187174071,"轻度衰退-4.0分(log斜率-0.200); 持续衰退重罚-10.0分(最新<加权); 趋势不确定预警-4分(Bootstrap CI跨零: [-0.391, 0.015]); 峰值大幅下跌-15分(从29.4跌至14.1，跌幅-51.9%)","","",0,0
301031.SZ,中熔电气,电气设备,16.545672,-0.14295348372562455,-2.5709600000000004,0.6388919233131685,0.10461774265210544,-0.12909234856569884,14.3223,73.0,-0.14147970606984722,-0.6,0.23333333333333334,good,good,good,false,0,false,0,false,0,false,0,0.2898186265724749,5.018777563610486,0.7546416923062709,stable,false,false,none,-8.505300000000002,0.0,-1.35255,7.152750000000002,0.5457804426218977,1.0,0.31589283426860776,false,none,2.4947,-7.321200000000001,-25.20523479278075,21.092191146132773,-38.23320521390375,false,电气设备,false,1.3572046211637963,true,rising,false,false,0.0,0.2898186265724749,0.4128155174131528,电气设备,-5.0,-2.0,3.0,0.3,0.5,-0.1449434316775371,0.35858944837315126,-0.013854902430759486,false,false,-0.14295348372562455,0.6388919233131685,,,,,,,0.435483870967742,0,0.0,none,0.16997147252646141,false,stable,27.0,"单年巨幅下滑-15.0分(年跌-38.2%); 趋势不确定预警-4分(Bootstrap CI跨零: [-0.248, 0.068]); 峰值明显下跌-8分(从24.9跌至14.3，跌幅-42.5%)","","",0,0
301033.SZ,迈普医学,医疗保健,8.265616000000001,-0.022513274202817037,-0.12268000000000018,0.011538566665489325,0.8634949863624459,0.012942757909271352,11.209,108.0,-0.07549241315687621,0.0,1.0,good,good,good,false,0,false,0,false,0,false,0,0.3197167518567704,2.654422754950688,0.7095401099920262,moderate,false,false,none,-2.66445,0.0,2.9454499999999997,5.6099,0.6828632451941734,0.9938897502583209,0.8347427016834125,false,none,5.2154,0.6754999999999995,110.77076399465973,87.01615056059796,12.701904815629634,false,医疗保健,false,1.0,false,rising,false,false,0.0,0.3197167518567704,0.3891067348187497,医疗保健,-5.0,-2.0,3.0,0.3,0.5,0.3694301358767733,0.8660101924785532,0.7132479682204351,true,false,-0.022513274202817037,0.011538566665489325,,,,,,,0.07161803713527852,0,0.0,none,0.31886195343390455,false,stable,2.0,趋势不可靠-2分(Bootstrap CI过宽: 0.726),turnaround,"底部强力反转(曾跌111%, 近期斜率0.37)",0,1
301041.SZ,金百泽,元器件,7.275724,-0.23511219008346707,-2.09692,0.6353752732029996,0.10630728032918836,-0.20413872890400475,5.6733,64.64050604617593,-0.24769631871172892,-0.39999999999999997,0.48333333333333334,good,good,good,false,0,false,0,false,0,false,0,0.5056939049319751,3.997409179706276,1.2224597712782108,moderate,false,false,none,-4.83165,0.0,0.5977000000000001,5.4293499999999995,0.8608090765382045,0.9985129960880537,0.7963630040069015,false,none,0.07420000000000027,1.1212,26.695549252998063,1.3252129806576105,25.03852252171777,false,元器件,false,1.0,false,rising,false,false,0.0,0.5056939049319751,0.5378884572789134,元器件,-5.0,-2.0,3.0,0.3,0.5,0.1160270768473115,0.7917572570224365,0.6854996956905413,true,false,-0.23511219008346707,0.6353752732029996,,,,,,,0.07161803713527852,0,0.0,none,0.2824952987704764,true,decreasing_vol,35.35949395382407,"轻度衰退-4.7分(log斜率-0.235); 持续衰退重罚-10.0分(最新<加权); 波动聚集提示-2分(大波动后可能跟着大波动); 趋势不确定预警-4分(Bootstrap CI跨零: [-0.593, 0.130]); 峰值大幅下跌-15分(从14.1跌至5.7，跌幅-59.9%)","","",0,0
301099.SZ,雅创电子,元器件,9.457144000000001,-0.24488954429884716,-2.21332,0.5574078122542236,0.14716742872585264,-0.15359419531661378,7.0898,52.102209114023054,-0.18079802392881106,-0.7999999999999999,0.08333333333333333,good,good,good,false,0,false,0,false,0,false,0,0.4226893953086231,4.278098546433918,0.958439464329117,moderate,false,false,none,-0.5119499999999997,0.0,-2.85015,-2.3382000000000005,0.34669881029491345,0.7560060576180113,0.41788536348688265,false,none,2.9763,-8.6766,-44.568064362280204,72.3544426887079,-67.83840626734741,false,元器件,false,1.0,false,rising,false,false,0.0,0.4226893953086231,0.47148484958023185,元器件,-5.0,-2.0,3.0,0.3,0.5,-0.29330107008080697,0.27340615800804396,-0.25490411566629123,false,false,-0.24488954429884716,0.5574078122542236,,,,,,,0.6067415730337079,0,0.0,none,0.2431271779461562,false,increasing_vol,47.897790885976946,轻度衰退-4.9分(log斜率-0.245); 持续衰退重罚-10.0分(最新<加权); 单年巨幅下滑-15.0分(年跌-67.8%); 波动率飙升预警-8.0分(近期波动是早期的11.4倍); 趋势不可靠-2分(Bootstrap CI过宽: 0.616); 峰值明显下跌-8分(从13.8跌至7.1，跌幅-48.7%),"","",0,0
301103.SZ,何氏眼科,医疗保健,5.561636,-0.17795813256954932,-1.03468,0.10983044452664086,0.5858963385721101,-0.06725364924807897,8.0556,108.0,-0.23083028163225955,-0.19999999999999998,0.8166666666666667,good,good,good,false,0,false,0,false,0,false,0,0.677845784781237,3.9803375620668153,1.55748257845655,high_volatility,false,false,none,-4.5728,0.0,3.2793499999999995,7.85215,0.6787825472309289,0.9810967006619562,0.8067287716473327,false,none,6.0595,0.4992000000000001,438.1521811744272,303.56695556334853,33.348921103614146,false,医疗保健,false,1.0,false,rising,false,false,0.0,0.677845784781237,0.675609961158323,医疗保健,-5.0,-2.0,3.0,0.3,0.5,0.7951513532808401,0.8640480451197058,1.7287314369125277,true,false,-0.17795813256954932,0.10983044452664086,,,,,,,0.07161803713527852,0,0.0,none,0.6179440300038122,false,stable,2.0,趋势不可靠-2分(Bootstrap CI过宽: 1.796),turnaround,"底部强力反转(曾跌438%, 近期斜率0.80)",0,1
301106.SZ,骏成科技,元器件,10.862722999999999,-0.3109373131842475,-3.48079,0.8106749894145491,0.03717818287538189,-0.21201778402756677,6.8117,55.78125373631505,-0.28512921263709423,-0.6,0.23333333333333334,good,good,good,false,0,false,0,false,0,false,0,0.5070082019983558,6.036926380866342,1.0997853356356284,moderate,false,false,none,-3.3419999999999996,0.0,-2.0862,1.2557999999999998,0.4149971221653487,0.6490050717179735,0.5289366699819441,false,none,1.3238000000000003,-5.4962,-37.98581586110833,24.122159660343673,-50.03778188472429,false,元器件,true,3.3861768618232837,true,rising,false,false,0.0,0.5070082019983558,0.8570968098417892,元器件,-5.0,-2.0,3.0,0.3,0.5,-0.23726387801603296,0.45418332252192095,-0.00024077959596510712,false,false,-0.3109373131842475,0.8106749894145491,,,,,,,0.6067415730337079,0,0.0,none,0.20835489056694648,false,stable,44.21874626368495,轻度衰退-6.2分(log斜率-0.311); 持续衰退重罚-10.0分(最新<加权); 单年巨幅下滑-15.0分(年跌-50.0%); 相对加权下滑-10.0分(最新为加权62.7%); 趋势不可靠-2分(Bootstrap CI过宽: 0.443); 峰值大幅下跌-15分(从18.6跌至6.8，跌幅-63.3%),"","",0,0
301128.SZ,强瑞技术,专用机械,10.924016,0.03234266174542011,0.4053000000000001,0.015580144381782743,0.8414873212725439,-0.18136438410340217,12.0441,93.0,-0.20495074406431157,-0.19999999999999998,0.8166666666666667,good,good,good,false,0,false,0,false,0,false,0,0.7447607982553662,8.873199312142154,1.903944550014437,high_volatility,false,false,none,-11.34195,0.0,3.95545,15.2974,0.7380855456914552,0.9283508757655149,0.9525045811490368,false,none,5.4853000000000005,2.4255999999999993,191.39891609406752,83.63267670915413,58.68576405690504,false,专用机械,false,1.0,false,rising,false,false,0.0,0.7447607982553662,0.7291419719376263,专用机械,-5.0,-2.0,3.0,0.3,0.5,0.5284595036141515,0.9932838982946307,1.4564656552481048,true,false,-0.20184429203166518,0.21050933724762777,,,,,,,0.07161803713527852,0,0.0,none,0.602342253710373,false,decreasing_vol,17.0,趋势不可靠-2分(Bootstrap CI过宽: 0.937); 峰值大幅下跌-15分(从26.8跌至12.0，跌幅-55.1%),turnaround,"底部强力反转(曾跌191%, 近期斜率0.53)",0,1
301130.SZ,西点药业,化学制药,6.257906,-0.26642822211156914,-1.8305800000000003,0.8732449517585275,0.019935247415110425,-0.2168632209106912,3.94,9.671435557768618,-0.2512173121858998,-0.9999999999999999,0.016666666666666666,good,good,good,false,0,false,0,false,0,false,0,0.46233631276907067,3.147160267924085,0.9600004700987798,stable,false,false,none,-2.7862,0.0,-0.48120000000000007,2.3049999999999997,0.5773983674308983,0.8163916213467629,0.8716678539694388,true,moderate,-0.8009999999999997,-0.16140000000000043,-19.631201044386426,-16.89516979540181,-3.292265013054839,false,化学制药,false,1.0,false,falling,false,false,0.0,0.46233631276907067,0.5032023835485899,化学制药,-5.0,-2.0,3.0,0.3,0.5,-0.10652940021734758,0.8622470478428672,0.26910797931218977,true,false,-0.26642822211156914,0.8732449517585275,,,,,,,0.9932937344318835,1,4.131776976764412,single_year_drop,0.18153784818936558,false,decreasing_vol,90.32856444223138,复合恶化-14.0分(触发2项恶化信号); 轻度衰退-5.3分(log斜率-0.266); 中度恶化-10分; 持续衰退重罚-10.0分(最新<加权); 相对加权下滑-10.0分(最新为加权63.0%); 贝叶斯恶化预警-8分(恶化概率99.3%); 趋势不可靠-2分(Bootstrap CI过宽: 0.321); 峰值大幅下跌-15分(从10.5跌至3.9，跌幅-62.4%); 智能连续下跌-16分(4年实质性下跌，累计跌幅-62.4%),"","",0,0
301138.SZ,华研精机,专用机械,11.277663,-0.056954696336301014,-0.5741499999999999,0.09217223068649164,0.6194691927947816,-0.23262777007565238,9.0459,69.0,-0.3263620453244702,-0.6,0.23333333333333334,good,good,good,false,0,false,0,false,0,false,0,0.6483106052872275,8.120907202585189,1.5752347468438301,volatile,false,false,none,-9.41855,0.0,0.8978999999999999,10.31645,0.6901304360760732,0.9718591471393437,0.4294452136213875,false,none,2.6904999999999992,-0.8946999999999994,24.769313526709976,42.33407810680679,-12.340519441111148,false,专用机械,false,1.0,false,rising,false,false,0.0,0.6483106052872275,0.6519818175631154,专用机械,-5.0,-2.0,3.0,0.3,0.5,0.10980754522536951,0.3855386964068825,0.7478446092364788,true,false,-0.28901367376551,0.6414438645152902,,,,,,,0.07161803713527852,0,0.0,none,0.37988538023879515,true,decreasing_vol,31.0,波动聚集提示-2分(大波动后可能跟着大波动); 趋势不可靠-2分(Bootstrap CI过宽: 0.570); 峰值大幅下跌-15分(从26.1跌至9.0，跌幅-65.3%); 品质退化严重-12分(曾达26.1%，现仅9.0%),"","",0,0
301158.SZ,德石股份,专用机械,7.840845,-0.11467904717304633,-0.9779100000000001,0.7956803214465331,0.04190359514373294,-0.08766964276301359,7.2273,92.0,-0.12434737998863607,-0.7999999999999999,0.08333333333333333,good,good,good,false,0,false,0,false,0,false,0,0.20564527922870818,1.7129840469192934,0.4797834281735456,ultra_stable,false,false,none,-1.3415000000000004,0.0,-0.26085,1.0806500000000003,0.5587165426629108,0.9135659505746019,0.15556175731082636,false,none,0.7917999999999994,-1.3134999999999994,-6.7324816105303915,12.303628311708483,-16.95057426764743,false,专用机械,false,1.0,false,rising,false,false,0.0,0.20564527922870818,0.29784955671629987,专用机械,-5.0,-2.0,3.0,0.3,0.5,-0.034541877928000675,0.13828643462902587,0.11319108023164359,false,false,-0.11467904717304633,0.7956803214465331,,,,,,,0.2783505154639176,0,0.0,none,0.08850808590071818,false,stable,8.0,峰值明显下跌-8分(从10.4跌至7.2，跌幅-30.7%),"","",0,0
301185.SZ,鸥玛软件,软件服务,7.579700000000001,-0.20773864469323244,-1.8528,0.5577030936592685,0.14699997237756574,-0.17981928136569347,5.8772,57.17883858718642,-0.19953713686826824,-0.6,0.23333333333333334,good,good,good,false,0,false,0,false,0,false,0,0.44370999646237186,3.609820424619485,1.0498012424497944,moderate,false,false,none,-4.2703500000000005,0.0,0.7151000000000001,4.98545,0.6874874655737826,0.9241465953599213,0.45072806037790464,true,moderate,-0.6521999999999997,2.0824,32.16100742073308,-9.988666646246203,46.82707443220148,false,软件服务,false,1.4682707443220149,true,falling,false,false,0.0,0.44370999646237186,0.5507374297461662,软件服务,-5.0,-2.0,3.0,0.3,0.5,0.13680128915329082,0.4921663890865398,0.6672229621021357,true,false,-0.20773864469323244,0.5577030936592685,,,,,,,0.4807121661721069,1,0.0,single_year_drop,0.25925488521854434,false,decreasing_vol,42.82116141281358,"轻度衰退-4.2分(log斜率-0.208); 中度恶化-10分; 持续衰退重罚-10.0分(最新<加权); 趋势不确定预警-4分(Bootstrap CI跨零: [-0.574, 0.169]); 峰值大幅下跌-15分(从13.0跌至5.9，跌幅-54.7%)","","",0,0
301186.SZ,超达装备,专用机械,6.415593,-0.005968420602462299,-0.026239999999999864,0.015908244665952868,0.8398357913179163,-0.17458148109598826,5.1178,67.0,-0.1259425359901753,-0.39999999999999997,0.48333333333333334,good,good,good,false,0,false,0,false,0,false,0,0.3603705845798877,2.4309446449888568,0.8757308381067587,moderate,false,false,none,-5.5616,0.0,-0.060819999999999916,5.500780000000001,0.6524822551421671,1.0,0.024822551421670135,true,moderate,-1.1577000000000002,0.4291999999999998,-12.460872688709104,-18.4479324356625,7.341395412483105,false,专用机械,false,1.1486016545867195,true,falling,false,false,0.0,0.3603705845798877,0.44144335494213943,专用机械,-5.0,-2.0,3.0,0.3,0.5,-0.06545431233546872,0.4123075796060108,0.2491404527869363,true,false,-0.13836342308643657,0.5145755948212812,,,,,,,0.9025069637883009,1,0.0,single_year_drop,0.25170323763388097,false,decreasing_vol,33.0,中度恶化-10分; 贝叶斯恶化预警-8分(恶化概率90.3%); 峰值大幅下跌-15分(从11.0跌至5.1，跌幅-53.6%),"","",0,0
301196.SZ,唯科科技,专用机械,10.539972,-0.3338544019038229,-3.9351600000000007,0.7861323754572278,0.0450289224121618,-0.23532838623086627,6.8056,56.322911961923545,-0.3153203732191585,-0.7999999999999999,0.08333333333333333,good,good,good,false,0,false,0,false,0,false,0,0.5965035741588675,6.99133207100049,1.2206199042363308,moderate,false,false,none,-6.1818,0.0,-0.3679999999999999,5.8138000000000005,0.5684371971008322,0.8193317314713052,0.1407757257675057,false,none,1.2066999999999997,-1.9426999999999994,-9.759202291290968,21.552447802246864,-25.759785721862727,false,专用机械,false,1.0,false,rising,false,false,0.0,0.5965035741588675,0.6105361926604274,专用机械,-5.0,-2.0,3.0,0.3,0.5,-0.050850455028555785,0.11569572495860317,0.4325546287449882,false,false,-0.3338544019038229,0.7861323754572278,,,,,,,0.2783505154639176,0,0.0,none,0.2720239238879944,false,decreasing_vol,43.677088038076455,轻度衰退-6.7分(log斜率-0.334); 持续衰退重罚-10.0分(最新<加权); 相对加权下滑-10.0分(最新为加权64.6%); 趋势不可靠-2分(Bootstrap CI过宽: 0.594); 峰值大幅下跌-15分(从19.9跌至6.8，跌幅-65.8%),"","",0,0
301199.SZ,迈赫股份,专用机械,4.515915,-0.048041156496327835,-0.09116,0.011148850220606405,0.8658112614519816,-0.23116012906407757,4.684,83.0,-0.46688496988553413,-0.39999999999999997,0.48333333333333334,good,good,good,false,0,true,1,false,0,true,1,0.9762276964833297,5.045300931857287,2.4274983746633225,high_volatility,false,false,none,-6.27285,0.0,1.91225,8.1851,0.7314839218530742,0.9803866059829294,0.8344526125478124,false,none,3.3875,0.43699999999999994,444.9680046538685,261.2803702275357,50.843513670738794,false,专用机械,false,1.0,false,rising,false,false,0.0,0.9762276964833297,0.9143154905199972,专用机械,-5.0,-2.0,3.0,0.3,0.5,0.7350227671607302,0.894522028220833,1.9908824088011774,true,false,-0.34300505029812867,0.27722863353395344,,,,,,,0.07161803713527852,0,0.0,none,0.7145543504893832,false,decreasing_vol,17.0,趋势不可靠-2分(Bootstrap CI过宽: 1.547); 峰值大幅下跌-15分(从13.4跌至4.7，跌幅-65.1%),"","",0,0
301257.SZ,普蕊斯,医疗保健,15.686738,-0.2737103971193936,-4.55234,0.7635771050007503,0.05276893888701545,-0.21426757499385363,9.1541,8.525792057612136,-0.27775909873267735,-0.6,0.23333333333333334,good,good,good,false,0,false,0,false,0,false,0,0.5023150131276626,8.565696622458677,1.1262200600031433,moderate,false,false,none,4.341999999999999,0.0,-5.622450000000001,-9.96445,0.43426627834980236,1.0,0.6787903037471036,true,moderate,-3.407,1.389899999999999,-18.05625179031797,-27.123420719522972,12.441814666284722,false,医疗保健,false,1.8314952735605843,true,falling,false,false,0.0,0.5023150131276626,0.646051380310208,医疗保健,-5.0,-2.0,3.0,0.3,0.5,-0.09908216734624253,0.38712593943028356,0.2828451156247906,true,false,-0.2737103971193936,0.7635771050007503,,,,,,,0.9487554904831625,1,0.0,single_year_drop,0.2723043417624012,false,decreasing_vol,91.47420794238786,复合恶化-14.0分(触发2项恶化信号); 轻度衰退-5.5分(log斜率-0.274); 中度恶化-10分; 持续衰退重罚-10.0分(最新<加权); 相对加权暴跌-15.0分(最新仅为加权58.4%); 贝叶斯恶化预警-8分(恶化概率94.9%); 趋势不可靠-2分(Bootstrap CI过宽: 0.413); 峰值大幅下跌-15分(从28.4跌至9.2，跌幅-67.7%); 品质退化严重-12分(曾达28.4%，现仅9.2%),"","",0,0
301275.SZ,汉朔科技,元器件,20.497214,0.7757598486131561,7.662980000000001,0.2765372319948925,0.36273026591876506,,28.4371,110.0,0.365919417799934,0.6,0.23333333333333334,has_loss,has_loss,has_loss,true,1,false,0,true,1,false,0,0.8607245063141205,15.663739997746386,2.208060963869192,volatile,false,false,none,-12.063099999999999,0.0,11.333649999999999,23.396749999999997,0.5421275182559464,0.9999999999999998,0.7122602552184307,true,mild,-9.896499999999996,22.476999999999997,79.33920260333237,-25.816776926769197,141.7516996077343,false,元器件,true,inf,true,falling,false,false,0.0,0.8607245063141205,1.0,元器件,-5.0,-2.0,3.0,0.3,0.5,0.29171249711153324,0.4229212716898141,0.07248210910558317,false,false,0.7757598486131561,0.2765372319948925,,,,,,,0.33052792654934965,1,0.0,high_level_pullback,0.545501718940955,false,stable,0.0,轻度恶化-5分; 周期回落期-3分(景气下行趋势); 趋势不可靠-2分(Bootstrap CI过宽: 3.579),turnaround,扭亏为盈(曾亏损1年 -> 最新28.4),0,1
301277.SZ,新天地,化学制药,17.637381,-0.3100120413865688,-6.251330000000001,0.899361597444338,0.013982546289004336,-0.24769856090242082,11.3872,54.79975917226862,-0.3142889880464875,-0.7999999999999999,0.08333333333333333,good,good,good,false,0,false,0,false,0,false,0,0.5457798740547206,10.649682610857472,1.2580831639571606,moderate,false,false,none,-10.5576,0.0,-1.5242000000000004,9.0334,0.7192003979581327,0.9998862979806954,0.6565772786261945,false,none,0.38509999999999955,-3.4335000000000004,-21.11723793953837,3.500240863107948,-23.78494832220344,false,化学制药,false,1.0,false,rising,false,false,0.0,0.5457798740547206,0.5699572325771098,化学制药,-5.0,-2.0,3.0,0.3,0.5,-0.11824127839587306,0.6432793101798361,0.33189146628741195,true,false,-0.3100120413865688,0.899361597444338,,,,,,,0.435483870967742,0,0.0,none,0.20317881707141708,true,decreasing_vol,45.20024082773138,轻度衰退-6.2分(log斜率-0.310); 持续衰退重罚-10.0分(最新<加权); 相对加权下滑-10.0分(最新为加权64.6%); 波动聚集提示-2分(大波动后可能跟着大波动); 趋势不可靠-2分(Bootstrap CI过宽: 0.345); 峰值大幅下跌-15分(从35.6跌至11.4，跌幅-68.0%),"","",0,0
301280.SZ,珠城科技,元器件,14.775748,-0.32711315985539663,-5.34584,0.7483634754740641,0.05827170697699088,-0.2221479164518082,9.7626,56.45773680289207,-0.3253545680901059,-0.6,0.23333333333333334,good,good,good,false,0,false,0,false,0,false,0,0.5951548647235986,9.748339106740183,1.1996214780670962,moderate,false,false,none,-8.09955,0.0,-0.35274999999999945,7.746800000000001,0.48588695306182406,0.719620436981493,0.05899486926519266,false,none,2.0874000000000006,-2.7928999999999995,-6.739522931573054,27.196685428392755,-26.680104316924748,false,元器件,true,3.560089639357932,true,rising,false,false,0.0,0.5951548647235986,0.9508025103599365,元器件,-5.0,-2.0,3.0,0.3,0.5,-0.03471731116735688,0.04605317953595982,0.4318724510568206,false,false,-0.32711315985539663,0.7483634754740641,,,,,,,0.2783505154639176,0,0.0,none,0.2964955910723932,false,decreasing_vol,43.54226319710793,"轻度衰退-6.5分(log斜率-0.327); 持续衰退重罚-10.0分(最新<加权); 相对加权下滑-10.0分(最新为加权66.1%); 趋势不确定预警-4分(Bootstrap CI跨零: [-0.679, 0.004]); 峰值大幅下跌-15分(从27.3跌至9.8，跌幅-64.3%); 品质退化严重-12分(曾达27.3%，现仅9.8%)","","",0,0
301290.SZ,东星医疗,医疗保健,6.45117,-0.2650752212805166,-1.8041,0.8623620525582802,0.02263923574155893,-0.19415870157913717,4.183,42.69849557438967,-0.2653097505446885,-0.6,0.23333333333333334,good,good,good,false,0,false,0,false,0,false,0,0.4468379871640736,3.1244699414460686,0.9393055317201533,stable,false,false,none,0.7289000000000012,0.0,-2.14465,-2.873550000000001,0.47034148476066506,1.0,0.8115081227339284,false,none,0.1025999999999998,-2.0503,-31.769618477498497,2.5144593667287474,-33.44316309719934,false,医疗保健,false,2.609646113126164,true,rising,false,false,0.0,0.4468379871640736,0.7054232048147475,医疗保健,-5.0,-2.0,3.0,0.3,0.5,-0.1874377110065284,0.7018980839510596,0.05113158335434398,false,false,-0.2650752212805166,0.8623620525582802,,,,,,,0.6067415730337079,0,0.0,none,0.182326547255776,false,decreasing_vol,57.30150442561033,轻度衰退-5.3分(log斜率-0.265); 持续衰退重罚-10.0分(最新<加权); 单年巨幅下滑-15.0分(年跌-33.4%); 相对加权下滑-10.0分(最新为加权64.8%); 趋势不可靠-2分(Bootstrap CI过宽: 0.327); 峰值大幅下跌-15分(从10.6跌至4.2，跌幅-60.7%),"","",0,0
301291.SZ,明阳电气,电气设备,20.296055000000003,-0.036945241019134434,-0.5821000000000002,0.1869359111681035,0.467168706395703,-0.22228256186690298,14.3134,48.0,-0.19290874817813797,-0.6,0.23333333333333334,good,good,good,false,0,false,0,false,0,false,0,0.45811617054054155,9.979346113999656,1.1390166107832371,moderate,false,false,none,-21.901200000000003,0.0,-1.24507,20.656130000000005,0.6845518671720099,1.0,0.34551867172009826,true,severe,-2.9544000000000015,-3.719199999999997,-31.798732548720633,-17.109301706065633,-17.72144660980606,false,电气设备,false,1.2184812963382277,true,falling,false,false,0.0,0.45811617054054155,0.5289571092775303,电气设备,-5.0,-2.0,3.0,0.3,0.5,-0.1910280560774269,0.9998707817953909,0.12020052851562513,true,false,-0.20064852899971358,0.6646844733811647,,,,,,,0.9872029250457038,2,-0.0345426035029047,sustained_decline,0.2834854235369404,true,decreasing_vol,52.0,严重恶化-15分; 贝叶斯高置信度恶化-12分(恶化概率98.7%，严重恶化确认); 波动聚集提示-2分(大波动后可能跟着大波动); 趋势不可靠-2分(Bootstrap CI过宽: 0.302); 峰值大幅下跌-15分(从39.1跌至14.3，跌幅-63.4%); 连续下跌警示-6分(2年下跌，累计-63.4%),"","",0,0
301293.SZ,三博脑科,医疗保健,5.244414,-0.1805732083367489,-1.00502,0.8881688205795751,0.01643897097736923,-0.14112718199735808,4.0374,78.38853583326502,-0.17261490438735866,-0.7999999999999999,0.08333333333333333,good,good,good,false,0,false,0,false,0,false,0,0.3021890457077679,1.675916272371624,0.6503159079106803,ultra_stable,false,false,none,-1.0295,0.0,-0.6616499999999998,0.36785000000000023,0.34429924905789344,0.8636531486591499,0.6259227626101693,false,none,0.22429999999999994,-1.5475999999999996,-24.685209021209914,5.882352941176469,-28.86936407558714,false,医疗保健,false,1.0,false,rising,false,false,0.0,0.3021890457077679,0.37508456989954764,医疗保健,-5.0,-2.0,3.0,0.3,0.5,-0.13854311369715355,0.6049132791845641,0.021940099016438674,false,false,-0.1805732083367489,0.8881688205795751,,,,,,,0.435483870967742,0,0.0,none,0.09601248470074526,false,stable,21.611464166734976,轻度衰退-3.6分(log斜率-0.181); 持续衰退重罚-10.0分(最新<加权); 峰值明显下跌-8分(从7.4跌至4.0，跌幅-45.6%),"","",0,0
301297.SZ,富乐德,半导体,9.450025,-0.2514810895152221,-2.6472499999999997,0.8050409677803426,0.03892738872993094,-0.1863551970153856,7.19,52.97037820969556,-0.281236675118488,-0.7999999999999999,0.08333333333333333,good,good,good,false,0,false,0,false,0,false,0,0.4485956305202213,4.59550335817525,1.0440932430057985,stable,false,false,none,-4.12035,0.0,-0.4873999999999996,3.6329500000000006,0.6114953850948066,0.9595144213782423,0.15543942956982337,false,none,1.4804000000000004,-2.4551999999999996,-11.939055457573968,25.92826117416282,-30.070546737213398,false,半导体,false,1.0,false,rising,false,false,0.0,0.4485956305202213,0.4922098377495103,半导体,-5.0,-2.0,3.0,0.3,0.5,-0.06303452160487955,0.12354651836944237,0.284456865263246,false,false,-0.2514810895152221,0.8050409677803426,,,,,,,0.2783505154639176,0,0.0,none,0.18518337562217452,false,decreasing_vol,47.02962179030444,轻度衰退-5.0分(log斜率-0.251); 持续衰退重罚-10.0分(最新<加权); 单年巨幅下滑-15.0分(年跌-30.1%); 趋势不可靠-2分(Bootstrap CI过宽: 0.385); 峰值大幅下跌-15分(从16.4跌至7.2，跌幅-56.2%),"","",0,0
301301.SZ,川宁生物,化学制药,9.050117,0.34315338156704167,2.8871900000000004,0.7029730409803445,0.07603961257336471,0.30925835319321937,15.8438,117.0,0.43332204730732304,0.7999999999999999,0.08333333333333333,good,good,good,false,0,false,0,false,0,false,0,0.6314061208410212,5.167402436718085,1.5795409557231461,moderate,false,false,none,-2.4752,0.0,4.37845,6.85365,0.6987524176321983,1.0,0.9875241763219834,false,none,4.958399999999999,5.003800000000001,169.37908052230685,45.550921417678715,85.07548966267684,false,化学制药,false,1.0,false,rising,false,false,0.0,0.6314061208410212,0.6384582300061503,化学制药,-5.0,-2.0,3.0,0.3,0.5,0.4923970537511037,0.9811696025985518,0.44962007418635447,false,false,0.34315338156704167,0.7029730409803445,,,,,,,0.07161803713527852,0,0.0,none,0.2958513702513388,true,increasing_vol,8.0,"波动聚集风险-6分(ARCH效应+波动上升); 趋势不确定预警-4分(Bootstrap CI跨零: [-0.048, 0.650])","high_growth,turnaround","优质护城河(高位企稳: 15.8 > 15.0, 稳健斜率=0.43); 底部强力反转(曾跌169%, 近期斜率0.49)",1,1
301339.SZ,通行宝,IT设备,7.870013000000001,-0.15962020765799745,-1.4140899999999998,0.544516502744306,0.15457656399805203,-0.11311315708075154,7.0861,75.03939374407554,-0.13762061126713793,-0.39999999999999997,0.48333333333333334,good,good,good,false,0,false,0,false,0,false,0,0.348040975817678,2.886735383266017,0.7006307992052317,moderate,false,false,none,-2.9056,0.0,0.7219500000000001,3.6275500000000003,0.6656818722483141,0.7636113793959637,0.8975145497124929,false,none,1.1444999999999999,0.29940000000000033,25.591081493034633,19.262488218661638,5.3064407500620385,false,IT设备,false,1.0,false,rising,false,false,0.0,0.348040975817678,0.41176611398747576,IT设备,-5.0,-2.0,3.0,0.3,0.5,0.11252044067530552,0.9092498954475061,0.46359579447098564,true,false,-0.15962020765799745,0.544516502744306,,,,,,,0.07161803713527852,0,0.0,none,0.2201474606128856,false,decreasing_vol,24.960606255924453,"轻度衰退-3.2分(log斜率-0.160); 持续衰退重罚-10.0分(最新<加权); 趋势不确定预警-4分(Bootstrap CI跨零: [-0.394, 0.113]); 峰值明显下跌-8分(从11.5跌至7.1，跌幅-38.1%)","","",0,0
301363.SZ,美好医疗,医疗保健,15.340395000000001,-0.2706235416737831,-4.19355,0.8614398683186335,0.022874233837771252,-0.19946333346197564,9.7361,42.51961844272939,-0.28371902389953774,-0.7999999999999999,0.08333333333333333,good,good,good,false,0,false,0,false,0,false,0,0.4225614705278267,7.01386966609731,0.8817805989230326,stable,false,false,none,-0.6406999999999989,0.0,-4.833279999999999,-4.19258,0.4852277385805598,1.0,0.874082169457309,false,none,0.6661999999999999,-8.344899999999999,-44.092955417231316,7.345174698728761,-47.91843719135447,false,医疗保健,false,1.0,false,rising,false,false,0.0,0.4225614705278267,0.4713825097555947,医疗保健,-5.0,-2.0,3.0,0.3,0.5,-0.28983805916873107,0.6599960364816555,-0.135821447589896,false,true,-0.2706235416737831,0.8614398683186335,,,,,,,0.6067415730337079,0,0.0,none,0.137775234951173,false,stable,57.48038155727061,轻度衰退-5.4分(log斜率-0.271); 持续衰退重罚-10.0分(最新<加权); 单年巨幅下滑-15.0分(年跌-47.9%); 相对加权下滑-10.0分(最新为加权63.5%); 加速下滑-0.1分(加速度-0.14); 趋势不可靠-2分(Bootstrap CI过宽: 0.353); 峰值大幅下跌-15分(从23.7跌至9.7，跌幅-58.9%),"","",0,0
301379.SZ,天山电子,元器件,12.893947,-0.20576197893230255,-2.69091,0.5447427507935783,0.15444486067769206,-0.1072493150240037,9.5725,49.884760421353946,-0.2033796806379169,-0.6,0.23333333333333334,good,good,good,false,0,false,0,false,0,false,0,0.4476609173392172,6.13350071386643,1.1615534966959147,moderate,false,false,none,8.139000000000001,0.0,-4.69758,-12.836580000000001,0.6323759399005641,1.0,0.7448189509815649,false,none,2.2785,-6.067200000000001,-28.355985989282402,31.2380038387716,-45.40909499146784,false,元器件,false,3.1818892240197423,true,rising,false,false,0.0,0.4476609173392172,0.7823806304073395,元器件,-5.0,-2.0,3.0,0.3,0.5,-0.16607042693206653,0.3032896171010629,-0.10605407368596764,false,false,-0.20576197893230255,0.5447427507935783,,,,,,,0.435483870967742,0,0.0,none,0.3224416002017355,true,decreasing_vol,50.115239578646054,"轻度衰退-4.1分(log斜率-0.206); 持续衰退重罚-10.0分(最新<加权); 单年巨幅下滑-15.0分(年跌-45.4%); 波动聚集提示-2分(大波动后可能跟着大波动); 趋势不确定预警-4分(Bootstrap CI跨零: [-0.580, 0.010]); 峰值大幅下跌-15分(从23.2跌至9.6，跌幅-58.8%)","","",0,0
301383.SZ,天键股份,元器件,16.838577,-0.30780968779989154,-5.60341,0.7793416796034963,0.047306527251095194,-0.21755387194748987,10.3216,50.84380624400217,-0.28377063036969596,-0.7999999999999999,0.08333333333333333,good,good,good,false,0,false,0,false,0,false,0,0.5636242827749938,10.438096267279777,1.1727143134840923,moderate,false,false,none,-7.63855,0.0,-0.9695499999999998,6.6690000000000005,0.4285216025732228,0.542875864768382,0.7948871853915935,false,none,-0.11650000000000027,-1.8225999999999996,-15.815573335943297,-1.1161035054272355,-14.865382890047057,false,元器件,false,1.0,true,falling,false,false,0.0,0.5636242827749938,0.5842327595533283,元器件,-5.0,-2.0,3.0,0.3,0.5,-0.08574037544216018,0.7986420229421145,0.31817520321461057,true,false,-0.30780968779989154,0.7793416796034963,,,,,,,0.49090909090909096,0,-0.9249192897564374,none,0.29800362419648563,false,decreasing_vol,49.15619375599783,轻度衰退-6.2分(log斜率-0.308); 持续衰退重罚-10.0分(最新<加权); 相对加权下滑-10.0分(最新为加权61.3%); 趋势不可靠-2分(Bootstrap CI过宽: 0.542); 峰值大幅下跌-15分(从32.0跌至10.3，跌幅-67.8%); 连续下跌警示-6分(2年下跌，累计-62.5%),"","",0,0
301392.SZ,汇成真空,专用机械,14.161589999999999,-0.017453490911603444,-0.28864000000000056,0.18107328087815913,0.47502861991567474,-0.11685173529209181,10.4499,31.13986637967531,-0.10500272372308839,-0.7999999999999999,0.08333333333333333,good,good,good,false,0,false,0,false,0,false,0,0.17987556158303622,2.675764098907077,0.4523032286341967,ultra_stable,false,false,none,-0.6188000000000002,0.0,-1.7049200000000002,-1.08612,0.4125025756102397,1.0,0.6602765794966134,true,severe,-5.2851,1.2792999999999992,-27.710868377179942,-33.58817921830315,8.849796274134073,false,专用机械,false,1.0884979627413407,true,falling,false,false,0.0,0.17987556158303622,0.2890335109652744,专用机械,-5.0,-2.0,3.0,0.3,0.5,-0.16170453162059784,0.5638773347490037,-0.0756024105300126,false,true,-0.10421952430851134,0.683825526457783,,,,,,,0.9737039819684448,1,0.0,cliff_drop,0.09650892913338287,false,increasing_vol,68.86013362032469,复合恶化-14.0分(触发2项恶化信号); 严重恶化-15分; 单年巨幅下滑-15.0分(年跌-33.6%); 加速下滑-0.0分(加速度-0.08); 贝叶斯高置信度恶化-12分(恶化概率97.4%，严重恶化确认); 波动率飙升预警-4.8分(近期波动是早期的2.4倍); 峰值明显下跌-8分(从17.2跌至10.4，跌幅-39.2%),"","",0,0
301458.SZ,钧崴电子,元器件,16.632058,-0.3168383357327905,-5.659739999999999,0.8175685488129795,0.035081219631085916,-0.22236592317753223,10.2631,70.66323328534419,-0.34233107595930345,-0.6,0.23333333333333334,good,good,good,false,0,false,0,false,0,false,0,0.5536470388909265,10.148339149929903,1.145227654367326,moderate,false,false,none,-7.412999999999999,0.0,-1.4883500000000005,5.924649999999999,0.447400752094544,0.6279164320642873,0.5770844780469591,false,none,0.7184999999999988,-3.6952,-22.48296802066497,7.527816775978027,-27.90978715690569,false,元器件,true,3.199358799740167,true,rising,false,false,0.0,0.5536470388909265,0.8694988044114301,元器件,-5.0,-2.0,3.0,0.3,0.5,-0.12686529728488805,0.5492110428716479,0.24824389962884003,true,false,-0.3168383357327905,0.8175685488129795,,,,,,,0.435483870967742,0,0.0,none,0.2611099938241983,false,decreasing_vol,29.33676671465581,轻度衰退-6.3分(log斜率-0.317); 持续衰退重罚-10.0分(最新<加权); 相对加权下滑-10.0分(最新为加权61.7%); 趋势不可靠-2分(Bootstrap CI过宽: 0.518); 峰值大幅下跌-15分(从30.5跌至10.3，跌幅-66.4%),"","",0,0
301479.SZ,弘景光电,元器件,20.98675,0.1711333760571766,3.3519000000000005,0.6288384159668737,0.10948208065561733,0.12211358914975845,26.6197,115.0,0.14372734622034722,0.7999999999999999,0.08333333333333333,good,good,good,false,0,false,0,false,0,false,0,0.31191925318846025,6.232514743424199,0.7581334035327243,stable,false,false,none,-5.318899999999999,0.0,5.108310000000001,10.42721,0.6914651616513613,1.0,0.9146516165136128,false,none,1.2884000000000029,5.637899999999998,35.17066631460287,5.086197707973941,28.62837295743751,false,元器件,false,1.0,false,rising,false,false,0.0,0.31191925318846025,0.38286873588410153,元器件,-5.0,-2.0,3.0,0.3,0.5,0.15053830831104964,0.8696098192486751,0.0709150416492752,false,false,0.1711333760571766,0.6288384159668737,,,,,,,0.02015677491601344,0,0.0,none,0.16413734870987642,false,decreasing_vol,0.0,趋势不可靠-2分(Bootstrap CI过宽: 0.402),high_growth,"优质护城河(高位企稳: 26.6 > 15.0, 稳健斜率=0.14)",1,0
301491.SZ,汉桑科技,IT设备,22.281295,-0.013154231850550736,-0.3216100000000001,0.20333004452211237,0.4459668060032013,-0.015138657752099993,23.6118,80.0,-0.021000636714548125,-0.19999999999999998,0.8166666666666667,good,good,good,false,0,false,0,false,0,false,0,0.2267051468038518,5.217274361867507,0.562348675645752,moderate,false,false,none,0.8794500000000003,0.0,-1.6222500000000009,-2.5017000000000014,0.31062118739183103,0.93858434259061,0.05804237930264571,false,none,9.697099999999999,-12.941600000000001,-12.080964243026783,69.68960883094856,-48.188320803684796,false,IT设备,false,1.9300667639259201,true,rising,false,false,0.0,0.2267051468038518,0.4387063526332041,IT设备,-5.0,-2.0,3.0,0.3,0.5,-0.06432608148432561,0.034176677560311404,-0.09816905404324294,false,false,-0.07301717570295532,0.1825010923909233,,,,,,,0.09326424870466322,0,0.0,none,0.20315750908208685,false,increasing_vol,20.0,单年巨幅下滑-15.0分(年跌-48.2%); 波动率飙升预警-8.0分(近期波动是早期的12.9倍),"","",0,0
301503.SZ,智迪科技,IT设备,12.646613,-0.22187842430888788,-3.06849,0.7831903757242499,0.04601008818854395,-0.188753806182675,9.4885,53.56243151382225,-0.21394017162443996,-0.6,0.23333333333333334,good,good,good,false,0,false,0,false,0,false,0,0.4026827144325959,5.463260815941337,1.030304057739424,stable,false,false,none,-8.130799999999999,0.0,-1.9669600000000003,6.163839999999999,0.6000625748943613,1.0,0.5962560691475596,false,none,1.5596000000000005,-6.8059,-35.6048266688384,19.669815485124047,-46.18929337351033,false,IT设备,false,1.3577144752664094,true,rising,false,false,0.0,0.4026827144325959,0.5031747682482647,IT设备,-5.0,-2.0,3.0,0.3,0.5,-0.21925784027482953,0.4770246166531978,-0.02127067460155832,false,false,-0.22187842430888788,0.7831903757242499,,,,,,,0.6067415730337079,0,0.0,none,0.18512359182758603,false,stable,46.43756848617775,轻度衰退-4.4分(log斜率-0.222); 持续衰退重罚-10.0分(最新<加权); 单年巨幅下滑-15.0分(年跌-46.2%); 趋势不可靠-2分(Bootstrap CI过宽: 0.323); 峰值大幅下跌-15分(从21.9跌至9.5，跌幅-56.7%),"","",0,0
301522.SZ,上大股份,小金属,8.106101,0.03140781357947477,0.27292000000000005,0.12735997081761252,0.5554506080015077,0.3001569742518313,8.6033,82.0,0.22430092619722883,0.6,0.23333333333333334,good,good,good,false,0,false,0,false,0,false,0,0.3741286649069975,2.869656650716249,0.9674664678028326,moderate,false,false,none,3.1035,0.0,-0.3072499999999998,-3.4107499999999997,0.6577316568304632,0.9682435625511366,0.10907300575349498,true,moderate,-1.828199999999999,1.2136999999999993,-6.666449695155022,-17.525763313042216,13.166916183905045,false,小金属,true,1.0,true,falling,true,false,0.0,0.3741286649069975,1.0,小金属,-5.0,-2.0,1.6,0.3,0.24,-0.03427965372057651,0.1246603153635964,-0.581958038096054,false,false,0.2437399896753618,0.6261502316605948,,,,,,,0.9025069637883009,1,0.0,single_year_drop,0.22422250906555452,true,decreasing_vol,18.0,中度恶化-10分; 周期回落期-3分(景气下行趋势); 贝叶斯恶化预警-8分(恶化概率90.3%); 波动聚集提示-2分(大波动后可能跟着大波动),"","",0,0
301556.SZ,托普云农,软件服务,18.391180000000002,0.0034963060431116412,0.06874000000000002,0.10214012661687116,0.6001180141436598,-0.10318354164535348,14.2229,73.93408097656422,-0.07212915466540992,-0.6,0.23333333333333334,good,good,good,false,0,false,0,false,0,false,0,0.1526029064760618,2.9197910863621743,0.4058116599053168,ultra_stable,false,false,none,-0.9030000000000005,0.0,-2.9792500000000004,-2.07625,0.5190544491298035,0.4327160930988717,0.7751949779894796,true,moderate,-5.758100000000002,-0.20039999999999836,-29.52471087238745,-28.81787698313399,-0.992993548514961,false,软件服务,false,1.0460152589459717,true,falling,false,false,0.0,0.1526029064760618,0.2615510263736457,软件服务,-5.0,-2.0,3.0,0.3,0.5,-0.17464386876710813,0.7713839466994664,-0.13183804687157918,false,true,-0.08348357022194319,0.6270275107277884,,,,,,,0.9932937344318835,1,27.82488343461903,single_year_drop,0.09080212701025783,false,increasing_vol,26.06591902343579,中度恶化-10分; 加速下滑-0.1分(加速度-0.13); 贝叶斯恶化预警-8分(恶化概率99.3%); 峰值明显下跌-8分(从22.0跌至14.2，跌幅-35.3%),"","",0,0
301557.SZ,常友科技,电气设备,17.200521000000002,-0.042653919270769385,-0.56479,0.28079855733602277,0.3583655818666581,-0.2510109233973039,12.2275,85.0,-0.21505634257009365,-0.6,0.23333333333333334,good,good,good,false,0,false,0,false,0,false,0,0.5985880154718195,11.304083265218813,1.416139517002761,volatile,false,false,none,-23.8609,0.0,-1.2423500000000005,22.61855,0.7728452471973455,1.0,0.6097141820064348,false,none,0.1166999999999998,-4.126700000000001,-24.695919938414175,0.963602734749148,-25.414626635873756,false,电气设备,false,1.1981670534498725,true,rising,false,false,0.0,0.5985880154718195,0.6386260195041054,电气设备,-5.0,-2.0,3.0,0.3,0.5,-0.14145739781817257,0.7246907726144483,0.29439577900768427,true,false,-0.2522144912642334,0.6896461657592357,,,,,,,0.435483870967742,0,0.0,none,0.3706841423335414,false,decreasing_vol,15.0,峰值大幅下跌-15分(从38.9跌至12.2，跌幅-68.5%),"","",0,0
301563.SZ,N云汉,元器件,16.450876,-0.05854912639447281,-0.7069249999999999,0.14515624494427068,0.5269092681677577,-0.04882494894277378,11.1696,70.0,-0.18296905130029875,-0.39999999999999997,0.48333333333333334,good,good,good,false,0,false,0,false,0,false,0,0.5150343009653441,8.882353659250459,1.2499376672113298,volatile,false,false,none,18.201500000000003,0.0,-7.101979999999999,-25.30348,0.6842373806586252,1.0,0.8423738065862516,false,none,0.8790000000000013,-8.987,-42.05917749097397,8.54177598973822,-46.618873718720174,false,元器件,true,3.0947855324276525,true,rising,false,false,0.0,0.5150343009653441,0.8246655117626289,元器件,-5.0,-2.0,3.0,0.3,0.5,-0.27221109406077026,0.639727909439082,-0.44463683341350335,false,false,-0.1526753945223337,0.27317558762118027,,,,,,,0.6067415730337079,0,0.0,none,0.45408644379340135,true,decreasing_vol,30.0,单年巨幅下滑-15.0分(年跌-46.6%); 相对加权下滑-10.0分(最新为加权67.9%); 波动聚集提示-2分(大波动后可能跟着大波动); 趋势不可靠-2分(Bootstrap CI过宽: 0.526); 峰值大幅下跌-15分(从31.8跌至11.2，跌幅-64.9%),"","",0,0
301571.SZ,国科天成,元器件,11.360565000000001,-0.009453859076854032,-0.09762000000000004,0.03474913801958977,0.7640357307914653,-0.18102795234624103,9.8197,83.0,-0.13039549589936122,-0.39999999999999997,0.48333333333333334,good,good,good,false,0,false,0,false,0,false,0,0.4524728231582481,5.483427649290177,1.0906360365712775,moderate,false,false,none,-11.032499999999999,0.0,-0.2001000000000001,10.832399999999998,0.6602103976236047,1.0,0.08250568924390754,false,none,0.28089999999999904,0.9276,14.0340486807878,2.9448148614081333,10.772017837235229,false,元器件,false,1.0,false,rising,false,false,0.0,0.4524728231582481,0.4953115918599318,元器件,-5.0,-2.0,3.0,0.3,0.5,0.06527750906461294,0.9060482696602356,0.5289364925280842,true,false,-0.171672640679402,0.5314589908627315,,,,,,,0.07161803713527852,0,0.0,none,0.30982658008255376,true,decreasing_vol,17.0,波动聚集提示-2分(大波动后可能跟着大波动); 峰值大幅下跌-15分(从21.8跌至9.8，跌幅-55.0%),"","",0,0
301580.SZ,爱迪特,医疗保健,12.716250000000002,-0.11349566577109615,-1.5389000000000002,0.40496166817016543,0.2483667983607041,-0.1659138464324269,9.0149,41.0,-0.12388020839195246,-0.39999999999999997,0.48333333333333334,good,good,good,false,0,false,0,false,0,false,0,0.2835348891108439,3.736400085911572,0.7293260241373449,moderate,false,false,none,-8.187600000000002,0.0,-0.3538099999999996,7.833790000000002,0.5216871580085591,1.0,0.03339574637194109,true,severe,-5.256399999999999,0.7321000000000009,-33.41630229260221,-36.83196345112218,5.407261876624918,false,医疗保健,false,1.3672053878505122,true,falling,false,false,0.0,0.2835348891108439,0.40912196300207676,医疗保健,-5.0,-2.0,3.0,0.3,0.5,-0.2025046596654476,0.6541596435184449,-0.043343301788252714,false,false,-0.11349566577109615,0.40496166817016543,,,,,,,0.9866768176627332,1,0.0,cliff_drop,0.21517176310855046,false,decreasing_vol,59.0,严重恶化-15分; 单年巨幅下滑-15.0分(年跌-36.8%); 贝叶斯高置信度恶化-12分(恶化概率98.7%，严重恶化确认); 趋势不可靠-2分(Bootstrap CI过宽: 0.410); 峰值大幅下跌-15分(从18.6跌至9.0，跌幅-51.6%),"","",0,0
301589.SZ,诺瓦星云,IT设备,19.11083,-0.017589355394815875,-0.3102399999999996,0.494956855654162,0.18491692541761687,0.06943662426774244,16.8453,60.479063063063066,0.11303344894335104,0.39999999999999997,0.48333333333333334,good,good,good,false,0,false,0,false,0,false,0,0.24417731131024795,4.485317449189076,0.6760701395277939,moderate,false,false,none,5.5182,0.0,0.22152000000000066,-5.296679999999999,0.4367636454552965,1.0,0.005734457368307735,true,severe,-8.451799999999999,6.8688,-8.590049000721708,-33.41015373303659,37.27310712328321,false,IT设备,false,1.0,true,falling,false,false,0.0,0.24417731131024795,0.3286751823815317,IT设备,-5.0,-2.0,3.0,0.3,0.5,-0.0448356663802465,0.044160541785150394,-0.2236232474712343,false,false,0.08539895399056281,0.3136264638288877,,,,,,,0.9487554904831625,1,0.0,cliff_drop,0.2081291479048569,false,increasing_vol,54.520936936936934,严重恶化-15分; 单年巨幅下滑-15.0分(年跌-33.4%); 贝叶斯高置信度恶化-12分(恶化概率94.9%，严重恶化确认); 波动率飙升预警-5.5分(近期波动是早期的2.8倍); 峰值明显下跌-8分(从25.3跌至16.8，跌幅-33.4%),high_growth,"优质护城河(高位企稳: 16.8 > 15.0, 稳健斜率=0.11)",1,0
301590.SZ,优优绿能,电气设备,37.566414,-0.0513813533141291,-1.74222,0.10272146427107831,0.599022475391172,-0.09677814446705879,27.7022,47.0,-0.06277786531807994,-0.39999999999999997,0.48333333333333334,good,good,good,false,0,false,0,false,0,false,0,0.251073984478205,9.56317708070911,0.6166518067645634,moderate,false,false,none,4.7833000000000006,0.0,-11.74385,-16.52715,0.5436721016580679,0.19842951551482438,0.9987173863861163,true,severe,-12.472799999999996,-11.014900000000004,-45.88346529295818,-31.04617299315494,-21.51772126923476,false,电气设备,false,1.7203797681062007,true,falling,false,false,0.0,0.251073984478205,0.4302431566633908,电气设备,-5.0,-2.0,3.0,0.3,0.5,-0.30690009736549895,0.9854183508084836,-0.4103167287444949,false,false,-0.0513813533141291,0.10272146427107831,,,,,,,0.9879931389365352,2,0.4428188098868819,sustained_decline,0.2404321602554734,false,stable,53.0,严重恶化-15分; 单年巨幅下滑-15.0分(年跌-31.0%); 贝叶斯高置信度恶化-12分(恶化概率98.8%，严重恶化确认); 趋势不可靠-2分(Bootstrap CI过宽: 0.522); 峰值明显下跌-8分(从51.2跌至27.7，跌幅-45.9%); 连续下跌警示-6分(2年下跌，累计-33.4%),"","",0,0
301602.SZ,超研股份,医疗保健,18.06939,-0.030281846969586513,-0.5431400000000001,0.1057465670781425,0.5933766807453587,-0.03571483009396714,16.6975,108.0,-0.021236990740114592,-0.19999999999999998,0.8166666666666667,good,good,good,false,0,false,0,false,0,false,0,0.15556828616605115,2.853271713840097,0.36355785084314035,stable,false,false,none,1.8154500000000002,0.0,-3.1227499999999995,-4.9382,0.4164402582231035,0.31375851811208216,0.6994800175171847,false,none,0.422500000000003,-6.668000000000003,-27.22181057403129,2.59600614439326,-29.063330863444197,false,医疗保健,false,1.40100512331996,true,rising,false,false,0.0,0.15556828616605115,0.31125531204216894,医疗保健,-5.0,-2.0,3.0,0.3,0.5,-0.15866649941934408,0.6899002121001979,-0.24470949659355257,false,false,-0.030281846969586513,0.1057465670781425,,,,,,,0.435483870967742,0,0.0,none,0.1483546202788521,false,stable,0.0,趋势不可靠-2分(Bootstrap CI过宽: 0.300),stable_dividend,"稳定分红型(值=16.7,CV=15.6%,稳定)",0,0
301609.SZ,山大电力,电气设备,21.193665000000003,-0.0040130645000214125,-0.1106300000000001,0.0041120107623345455,0.9184095522050773,-0.01755024598551025,22.0717,123.0,-0.009597598591255252,-0.19999999999999998,0.8166666666666667,good,good,good,false,0,false,0,false,0,false,0,0.0972914312384382,2.0673436765569484,0.24878841243203204,ultra_stable,false,false,none,-2.64325,0.0,1.8332999999999993,4.47655,0.6690765459765032,0.9475763905207418,0.7431890692442908,false,none,-0.03330000000000055,3.6998999999999995,19.921652150762554,-0.15064465053155643,20.10258026307925,false,电气设备,false,1.2010258026307925,true,falling,false,false,0.0,0.0972914312384382,0.23796991867485623,电气设备,-5.0,-2.0,3.0,0.3,0.5,0.09072201600158025,0.7437752010646437,0.2168223469274404,true,false,-0.0040130645000214125,0.0041120107623345455,,,,,,,0.04891304347826087,0,0.0,none,0.09694254450286105,false,stable,0.0,"","high_growth,stable_dividend","优质护城河(高位企稳: 22.1 > 15.0, 稳健斜率=-0.00); 稳定分红型(值=22.1,CV=9.7%,稳定)",1,0
301611.SZ,珂玛科技,半导体,17.912454,-0.08556866218844071,-1.4258199999999996,0.09309521848958416,0.6176301820232644,-0.03048324164148175,24.3917,110.0,-0.28009427256388897,-0.39999999999999997,0.48333333333333334,good,good,good,false,0,false,0,false,0,false,0,0.4146670648789521,7.605076903292957,0.9977154011406636,volatile,false,false,none,-7.17495,0.0,5.5672500000000005,12.7422,0.6440916970025388,0.9342825852104448,0.5066343848149429,false,none,15.0829,-3.9483999999999995,83.98832332619257,162.02840323135098,-29.783061279908274,false,半导体,false,1.0,false,rising,false,false,0.0,0.4146670648789521,0.46506698523649503,半导体,-5.0,-2.0,3.0,0.3,0.5,0.30435131107317726,0.3920262509137224,0.6705716209433676,true,false,-0.08556866218844071,0.09309521848958416,,,,,,,0.02015677491601344,0,0.0,none,0.39602889482411785,false,stable,0.0,趋势不可靠-2分(Bootstrap CI过宽: 0.686),turnaround,"底部强力反转(曾跌84%, 近期斜率0.30)",0,1
301626.SZ,苏州天脉,元器件,18.400215,-0.0016489186001122037,0.010270000000000046,0.00034038075941735175,0.9765108132615792,-0.03804337788674883,15.7884,110.0,0.012176737310503208,0.0,1.0,good,good,good,false,0,false,0,false,0,false,0,0.14053123537521803,2.5850833172259655,0.29559534397241,stable,false,false,none,1.1305500000000013,0.0,-2.455400000000001,-3.585950000000002,0.5027239248884038,0.21471378345339664,0.6703870510412268,true,moderate,-5.4375,0.5266999999999982,-23.724588389889472,-25.617288312863057,2.544542784262185,false,元器件,false,1.341390816365222,true,falling,false,false,0.0,0.14053123537521803,0.29127709714887073,元器件,-5.0,-2.0,3.0,0.3,0.5,-0.13520056474745834,0.6809298082627893,-0.19296271091771366,false,false,-0.0016489186001122037,0.00034038075941735175,,,,,,,0.9487554904831625,1,0.0,single_year_drop,0.14052846282795345,false,stable,13.0,中度恶化-10分; 贝叶斯恶化预警-8分(恶化概率94.9%); 趋势不可靠-2分(Bootstrap CI过宽: 0.317),"high_growth,stable_dividend","优质护城河(高位企稳: 15.8 > 15.0, 稳健斜率=-0.00); 稳定分红型(值=15.8,CV=14.1%,稳定)",1,0
301628.SZ,强达电路,元器件,17.45636,-0.052586812782345005,-0.9089600000000001,0.13680190097701922,0.5400394120393655,-0.031088704074609286,13.2687,62.80855711146077,-0.12013731792348137,-0.39999999999999997,0.48333333333333334,good,good,good,false,0,false,0,false,0,false,0,0.22301406045570568,3.9943691545724715,0.5434530150456371,moderate,false,false,none,7.947000000000001,0.0,-3.2456400000000003,-11.19264,0.8013349246919043,1.0,0.9821525618208301,true,severe,-4.217499999999999,-3.2552999999999983,-36.028252537183896,-24.119019569717832,-15.694621893305685,false,元器件,false,1.0,true,falling,false,false,0.0,0.22301406045570568,0.31174458169789787,元器件,-5.0,-2.0,3.0,0.3,0.5,-0.22294614177192407,0.9818801521151482,-0.38288577707845795,false,true,-0.052586812782345005,0.13680190097701922,,,,,,,0.9984114097375805,3,0.5367697121779947,accelerating_decline,0.2080783007953735,false,stable,37.19144288853923,严重恶化-15分; 加速下滑-0.2分(加速度-0.38); 贝叶斯高置信度恶化-12分(恶化概率99.8%，严重恶化确认); 趋势不可靠-2分(Bootstrap CI过宽: 0.420); 峰值明显下跌-8分(从23.0跌至13.3，跌幅-42.3%),"","",0,0
301629.SZ,矽电股份,半导体,16.702401000000002,0.000225943722363553,-0.3395300000000001,1.0522049180022124e-6,0.998693948789156,0.06552399888213856,13.4221,47.68848263915763,-0.07021956993455536,-0.19999999999999998,0.8166666666666667,good,good,good,false,0,false,0,false,0,false,0,0.34507887609608984,5.798795154426478,0.7945068690915279,moderate,false,false,none,13.351099999999999,0.0,-3.87479,-17.22589,0.6899681245216673,1.0,0.8996812452166737,true,severe,-0.9278999999999993,-7.722500000000002,-39.19084834069544,-6.466202090592329,-34.98697474232643,false,半导体,false,1.0,true,falling,false,false,0.0,0.34507887609608984,0.4093964342102052,半导体,-5.0,-2.0,3.0,0.3,0.5,-0.24827890150636686,0.8486503696813484,-0.6230347216847436,false,true,0.000225943722363553,1.0522049180022124e-6,,,,,,,0.9747292418772563,3,-0.8151825890001954,chronic_decline,0.34359689478502337,false,decreasing_vol,52.31151736084237,严重恶化-15分; 单年巨幅下滑-15.0分(年跌-35.0%); 加速下滑-0.3分(加速度-0.62); 贝叶斯高置信度恶化-12分(恶化概率97.5%，严重恶化确认); 趋势不可靠-2分(Bootstrap CI过宽: 0.713); 峰值明显下跌-8分(从23.8跌至13.4，跌幅-43.5%),"","",0,0
301636.SZ,泽润新能,电气设备,22.155498,-0.02520704450461704,-0.5327400000000004,0.05330009425087269,0.7086821144987204,0.42871252904592927,20.1379,63.41239907835043,0.20245735517201724,0.19999999999999998,0.8166666666666667,good,good,good,false,0,false,0,false,0,false,0,0.4801468509011666,10.153290941463267,1.2905568938562073,volatile,false,false,none,13.645200000000003,0.0,-5.9928500000000025,-19.638050000000007,0.7466810798924461,0.9676230601367214,0.9991877387877401,true,severe,-5.696900000000003,-6.288800000000002,-37.311197997733764,-22.05126418629137,-19.57688428445131,false,电气设备,false,1.0,true,falling,false,false,0.0,0.4801468509011666,0.5174508140542666,电气设备,-5.0,-2.0,3.0,0.3,0.5,-0.23330681398407435,0.9985175433760594,-1.1752018432991425,false,true,0.2959138426372433,0.3914861592858866,,,,,,,0.976271186440678,2,0.12639293699076026,sustained_decline,0.40897783653353487,true,decreasing_vol,36.58760092164957,严重恶化-15分; 加速下滑-0.6分(加速度-1.18); 贝叶斯高置信度恶化-12分(恶化概率97.6%，严重恶化确认); 波动聚集提示-2分(大波动后可能跟着大波动); 趋势不可靠-2分(Bootstrap CI过宽: 0.398); 峰值明显下跌-8分(从32.1跌至20.1，跌幅-37.3%),"","",0,0
301668.SZ,C昊创,电气设备,29.675524999999997,-0.03325678965070322,-1.0011100000000004,0.3226372759946187,0.31781530229851795,-0.017612435518363,27.2248,108.0,-0.05884087394813187,-0.6,0.23333333333333334,good,good,good,false,0,false,0,false,0,false,0,0.09479086166011118,2.860416624724447,0.2435936012894982,ultra_stable,false,false,none,5.345199999999998,0.0,-2.47511,-7.820309999999998,0.6969029842336383,1.0,0.9690298423363825,false,none,-1.3506,-2.6990000000000016,-12.948609725526314,-4.7264430244196065,-8.630061647865352,false,电气设备,false,1.0,true,falling,false,false,0.0,0.09479086166011118,0.20916602266142229,电气设备,-5.0,-2.0,3.0,0.3,0.5,-0.06929496332185137,0.970547339005211,-0.10307349366733076,false,false,-0.03325678965070322,0.3226372759946187,,,,,,,0.1139240506329114,0,-0.45232801140085793,none,0.07895412557459913,true,decreasing_vol,0.0,波动聚集提示-2分(大波动后可能跟着大波动),stable_dividend,"稳定分红型(值=27.2,CV=9.5%,稳定)",0,0
301678.SZ,新恒汇,半导体,13.521350000000002,0.032401792949520745,0.4641400000000003,0.33175260263701545,0.3094937027361588,0.18227598305378678,15.2512,115.0,0.1344423997268474,0.7999999999999999,0.08333333333333333,good,good,good,false,0,false,0,false,0,false,0,0.23571768337996715,2.9877687803777593,0.5873832365564253,ultra_stable,false,false,none,5.1245,0.0,0.9500000000000002,-4.1745,0.7243328981903319,1.0,0.7433289819033186,false,none,0.2881,2.5379000000000005,22.744100698580308,1.9254031584364204,20.425425747674087,false,半导体,false,1.0406673534430029,true,rising,false,false,0.0,0.23571768337996715,0.32732979382970745,半导体,-5.0,-2.0,3.0,0.3,0.5,0.10219459959358845,0.8191665840220564,-0.1289912005330358,false,true,0.1479142747647739,0.7511110328980419,,,,,,,0.07161803713527852,0,0.0,none,0.10487484361660447,false,decreasing_vol,0.0,"",high_growth,"优质护城河(高位企稳: 15.3 > 15.0, 稳健斜率=0.13)",1,0
430017.BJ,星昊医药,化学制药,6.451665,-0.007377802751458296,-0.051670000000000105,0.05017333781869049,0.7172050765581124,-0.08065541499172268,5.1047,54.33583207459529,-0.06385843340792652,-0.6,0.23333333333333334,good,good,good,false,0,false,0,false,0,false,0,0.14242234260378617,0.9493616997751698,0.37725291111971215,ultra_stable,false,false,none,0.2367499999999998,0.0,-1.2573499999999997,-1.4940999999999995,0.634016202059107,0.35498686625109444,0.9851751543399759,true,severe,-1.5244999999999997,-0.9901999999999997,-33.003911069113045,-22.996741688288175,-12.995773945455019,false,化学制药,false,1.1155946646363781,true,falling,false,false,0.0,0.14242234260378617,0.2626838293678794,化学制药,-5.0,-2.0,3.0,0.3,0.5,-0.19767791573723859,0.970372902359375,-0.22946656089534345,false,true,-0.0693058919920556,0.5241030793119367,,,,,,,0.9971522950290161,2,0.7695553789107551,accelerating_decline,0.09981217477657553,true,increasing_vol,45.66416792540471,严重恶化-15分; 加速下滑-0.1分(加速度-0.23); 贝叶斯高置信度恶化-12分(恶化概率99.7%，严重恶化确认); 波动率飙升预警-4.5分(近期波动是早期的2.3倍); 峰值明显下跌-8分(从7.6跌至5.1，跌幅-33.0%); 连续下跌警示-6分(2年下跌，累计-28.6%),"","",0,0
430047.BJ,诺思兰德,生物制药,-18.007422000000002,-0.08347277111451473,-1.09434,0.12278013273143636,0.5631624839441679,,-13.8143,98.0,-0.08026217129341795,-0.19999999999999998,0.8166666666666667,poor,poor,poor,true,5,false,0,true,5,false,0,0.35317592321599883,6.24383952764643,0.9145308137509106,moderate,false,false,none,-8.08405,0.0,6.074849999999999,14.1589,0.8993254628731797,0.9999694050096825,0.9914891840147388,false,none,7.049700000000001,5.099999999999998,46.79440764134956,33.78882285276074,19.642582036666145,false,生物制药,false,1.0,false,rising,false,false,0.0,0.35317592321599883,0.41587407190613246,生物制药,-5.0,-2.0,3.0,0.3,0.5,0.31503492602489613,0.969640303749335,0.8012961940402841,true,false,-0.08347277111451473,0.12278013273143636,,,,,,,0.07161803713527852,0,0.0,none,0.3393437261292573,false,stable,2.0,趋势不可靠-2分(Bootstrap CI过宽: 0.818),"","",0,0
430478.BJ,峆一药业,化学制药,12.957049,-0.16041793824300132,-2.3557700000000006,0.47248480273155696,0.19969802703638861,-0.19129880130057353,9.1525,5.791641235139977,-0.19100608740982683,-0.6,0.23333333333333334,good,good,good,false,0,false,0,false,0,false,0,0.388998430501765,5.315188974721408,0.8962527206966154,moderate,false,false,none,-11.472400000000002,0.0,-0.8440799999999997,10.628320000000002,0.5080055282406855,1.0,0.09320974105349947,true,severe,-1.7085000000000008,-6.119399999999999,-46.0996207392052,-15.73059570941903,-36.038020305764285,false,化学制药,false,1.7106474718676647,true,falling,false,false,0.0,0.388998430501765,0.5392850739837673,化学制药,-5.0,-2.0,3.0,0.3,0.5,-0.30796372224299073,0.9375464915192969,-0.19248870765463044,false,false,-0.16041793824300132,0.47248480273155696,,,,,,,0.9747292418772563,2,-0.5635000042745711,sustained_decline,0.2775011791117389,true,decreasing_vol,94.20835876486002,复合恶化-14.0分(触发2项恶化信号); 轻度衰退-3.2分(log斜率-0.160); 严重恶化-15分; 持续衰退重罚-10.0分(最新<加权); 单年巨幅下滑-15.0分(年跌-36.0%); 贝叶斯高置信度恶化-12分(恶化概率97.5%，严重恶化确认); 波动聚集提示-2分(大波动后可能跟着大波动); 趋势不可靠-2分(Bootstrap CI过宽: 0.442); 峰值大幅下跌-15分(从21.4跌至9.2，跌幅-57.2%); 连续下跌警示-6分(2年下跌，累计-57.2%),"","",0,0
600032.SH,浙江新能,新型电力,4.296695,-0.0026075139284783334,-0.011410000000000054,0.18293384003559887,0.4725175374463379,-0.061678451349214014,3.3385,58.7886831266932,-0.03595174477666335,-0.6,0.23333333333333334,good,good,good,false,0,false,0,false,0,false,0,0.20573333455579715,0.9048234347097781,0.5700721230366255,stable,false,false,none,0.7694999999999999,0.0,-1.2536,-2.0231,0.6713352434085585,0.7442498481368798,0.9691025859487056,true,severe,-0.8658999999999999,-1.6413000000000002,-42.88964538036505,-20.59509085719722,-28.07704808662778,false,新型电力,false,1.3610794197769447,true,falling,false,false,0.0,0.20573333455579715,0.346063923614897,新型电力,-5.0,-2.0,3.0,0.3,0.5,-0.27285518224209415,0.9888848094104231,-0.4226337466135994,false,true,-0.05130368327184201,0.1746198099041609,,,,,,,0.9747292418772563,2,-0.2664794819721088,sustained_decline,0.19239621984953922,false,increasing_vol,41.2113168733068,严重恶化-15分; 加速下滑-0.2分(加速度-0.42); 贝叶斯高置信度恶化-12分(恶化概率97.5%，严重恶化确认); 峰值明显下跌-8分(从5.8跌至3.3，跌幅-42.9%); 连续下跌警示-6分(2年下跌，累计-22.5%),"","",0,0
600062.SH,华润双鹤,化学制药,11.418270000000001,0.0039662551716978635,0.04375999999999998,0.10553970046116476,0.5937598629890636,0.054718927562770636,13.3283,100.0,0.0707022474413927,0.6,0.23333333333333334,good,good,good,false,0,false,0,false,0,false,0,0.1294105256438,1.4327479289812286,0.3561447846421481,ultra_stable,false,false,none,-1.3849999999999998,0.0,1.2372,2.6222,0.6945112651025185,1.0,0.9451126510251847,false,none,2.1204,0.543000000000001,24.973511237798775,18.918798347594105,5.0914682744329625,false,化学制药,false,1.0,false,rising,false,false,0.0,0.1294105256438,0.23686175384837335,化学制药,-5.0,-2.0,3.0,0.3,0.5,0.11107259373299681,0.9069597255458635,0.11596851306162635,false,false,0.06013390129786727,0.5711897473692142,,,,,,,0.07161803713527852,0,0.0,none,0.08323293025004845,false,stable,0.0,"","","",0,0
600066.SH,宇通客车,汽车整车,11.918177,0.30563460378184965,1.335,0.44136277464065443,0.22130231591744978,1.1276382319711318,29.22,120.0,0.7101167530923953,0.9999999999999999,0.016666666666666666,good,good,good,false,0,false,0,false,0,false,0,1.1491977382395924,11.476026517789158,2.7832731831782516,volatile,false,false,none,1.43965,0.0,12.4574,11.01775,0.6944061971622244,0.992459554449856,0.9516024171723874,false,none,17.3234,7.591399999999999,578.7141131654744,145.61639460013788,176.33094862027315,false,汽车整车,false,1.0,false,rising,false,false,0.0,1.1491977382395924,1.0,汽车整车,-5.0,-2.0,3.0,0.3,0.5,0.951049652470821,0.9989297766109311,0.4444249071928601,true,false,0.7157518399854821,0.9732172040568453,,,,,,,0.02015677491601344,0,0.0,none,0.5299715265718673,true,increasing_vol,5.0,波动率飙升预警-8.0分(近期波动是早期的8.7倍); 趋势不可靠-2分(Bootstrap CI过宽: 0.780),"high_growth,turnaround","优质护城河(高位企稳: 29.2 > 15.0, 稳健斜率=0.71); 底部强力反转(曾跌579%, 近期斜率0.95)",1,1
600071.SH,凤凰光学,元器件,0.14729500000000006,0.06617796938859481,0.14756499999999997,0.12922405683683608,0.552357216420781,,2.5822,83.0,-0.13014986455988298,-0.19999999999999998,0.8166666666666667,has_loss,has_loss,good,true,1,false,0,false,0,false,0,10.381869751047242,3.273818807295236,25.45221031267839,high_volatility,false,false,none,-0.44179999999999997,0.0,0.7051499999999999,1.14695,0.33003214507220535,0.7831202376379648,0.027078657191352044,false,none,8.0261,-6.6158,120.34303268196945,147.4329065559617,-564.5362232272379,false,元器件,false,1.0,false,rising,false,false,0.0,10.381869751047242,1.0,元器件,-5.0,-2.0,3.0,0.3,0.5,0.3397376442319934,0.02423838351946467,0.574900117330236,false,false,-0.3000669260843143,0.08027169491302415,,,,,,,0.07161803713527852,0,0.0,none,9.9947381041303,true,increasing_vol,17.0,单年巨幅下滑-15.0分(年跌-564.5%); 波动率飙升预警-8.0分(近期波动是早期的16.6倍); 趋势不可靠-2分(Bootstrap CI过宽: 0.605),"","",0,0
600079.SH,人福医药,化学制药,9.100225000000002,-0.014288253537457064,-0.05879000000000012,0.01008222449373079,0.872368815085589,-0.04949972530185298,6.7287,33.76856798513221,-0.028739391054740826,-0.19999999999999998,0.8166666666666667,good,good,good,false,0,false,0,false,0,false,0,0.22689962784732867,2.0715073803875286,0.5625754412560436,moderate,false,false,none,1.81055,0.0,-2.5680500000000004,-4.3786000000000005,0.6655679344005195,0.7377210604748988,0.9179582835302966,true,severe,-3.8978,-1.2383000000000006,-43.28855100802374,-36.67999811791277,-10.436754096149961,false,化学制药,false,1.4496847661404624,true,falling,false,false,0.0,0.22689962784732867,0.37481100442992465,化学制药,-5.0,-2.0,3.0,0.3,0.5,-0.28174434179225516,0.8895498794527288,-0.4628640297355828,false,true,-0.014288253537457064,0.01008222449373079,,,,,,,0.999190470683474,2,2.514502476535663,accelerating_decline,0.2266710697897196,false,stable,66.23143201486779,复合恶化-14.0分(触发2项恶化信号); 严重恶化-15分; 单年巨幅下滑-15.0分(年跌-36.7%); 加速下滑-0.2分(加速度-0.46); 贝叶斯高置信度恶化-12分(恶化概率99.9%，严重恶化确认); 趋势不可靠-2分(Bootstrap CI过宽: 0.486); 峰值明显下跌-8分(从11.9跌至6.7，跌幅-43.3%),"","",0,0
600099.SH,林海股份,汽车整车,1.662284,0.1668659269824203,0.29807999999999996,0.935881578794434,0.0070279934143703164,0.23845886443001607,2.0803,100.0,0.16147892857770252,0.9999999999999999,0.016666666666666666,good,good,good,false,0,true,1,false,0,true,1,0.3050357701396369,0.47977856142182923,0.760398255407347,ultra_stable,false,false,none,0.483,0.0,0.25188,-0.23112,0.5429053777535742,1.0,0.9668137775357423,false,none,0.12419999999999987,0.3797999999999999,31.97360908456511,6.349368641684978,24.094398274440138,false,汽车整车,false,1.0,false,rising,false,false,0.0,0.3050357701396369,0.37736194944504287,汽车整车,-5.0,-2.0,3.0,0.3,0.5,0.1213127715184289,0.9097987601167911,-0.09828897546760657,false,true,0.1668659269824203,0.935881578794434,,,,,,,0.07161803713527852,0,0.0,none,0.057072954391130276,false,stable,0.0,"","","",0,0
600100.SH,同方股份,IT设备,0.5406470000000001,-0.010798637864208427,-0.11791000000000001,0.0002000024229763714,0.981994164844723,,1.4429,99.0,0.059373269821827585,0.0,1.0,poor,poor,poor,true,2,true,2,true,2,true,2,2.955181429172386,1.7022436068318778,7.802680462483942,high_volatility,false,false,none,-4.4945,0.0,0.8572700000000001,5.35177,0.6654266395073306,1.0,0.6542663950733061,false,none,1.7157,-0.9529000000000001,112.15997647404794,628.9222873900294,-140.1117482723129,false,IT设备,true,inf,true,rising,false,false,0.0,2.955181429172386,1.0,IT设备,-5.0,-2.0,3.0,0.3,0.5,0.26318953360835234,0.13199305887346982,0.8152650551460989,false,false,-0.010798637864208427,0.0002000024229763714,,,,,,,0.07161803713527852,0,0.0,none,2.937404356494705,true,decreasing_vol,13.0,单年巨幅下滑-15.0分(年跌-140.1%); 波动聚集提示-2分(大波动后可能跟着大波动); 趋势不可靠-2分(Bootstrap CI过宽: 2.085); 峰值明显下跌-8分(从2.8跌至1.4，跌幅-47.8%),cyclical_bottom,"周期底部(mid_up), 近期强势(26.3%)",0,0
600161.SH,天坛生物,生物制药,12.797859999999998,0.009737185324476583,0.1339599999999999,0.008324389670854356,0.8839934246715464,0.007506967045518342,15.2107,123.0,0.013149468988879753,0.19999999999999998,0.8166666666666667,good,good,good,false,0,false,0,false,0,false,0,0.1693981869898581,2.1565879907854444,0.3899966066760507,stable,false,false,none,-2.25835,0.0,2.4825,4.74085,0.6905190699607059,0.9377567772956976,0.9674339223113609,false,none,3.2714,1.6936,48.459353680080426,27.400266347273288,16.529861307670537,false,生物制药,false,1.0,false,rising,false,false,0.0,0.1693981869898581,0.2688518829252198,生物制药,-5.0,-2.0,3.0,0.3,0.5,0.1969233729971158,0.9832114339248356,0.37892208689781604,true,false,0.009737185324476583,0.008324389670854356,,,,,,,0.07161803713527852,0,0.0,none,0.16857918338237884,false,stable,0.0,趋势不可靠-2分(Bootstrap CI过宽: 0.389),"high_growth,stable_dividend","优质护城河(高位企稳: 15.2 > 15.0, 稳健斜率=0.01); 稳定分红型(值=15.2,CV=16.9%,稳定)",1,0
600163.SH,中闽能源,新型电力,9.747494999999999,-0.07495113760853438,-0.7459300000000001,0.9286840851435277,0.008262786140589467,-0.06861487769223118,8.5082,55.46772441536955,-0.07324806561267966,-0.9999999999999999,0.016666666666666666,good,good,good,false,0,false,0,false,0,false,0,0.12035114878583218,1.218008987241063,0.27647952761040506,ultra_stable,false,false,none,-0.3733000000000004,0.0,-1.0257499999999995,-0.6524499999999991,0.6237807410312838,0.9705649912987594,0.9623424190140805,true,severe,-0.6742999999999988,-1.3772000000000002,-19.427635254789426,-7.343316090389315,-13.04203717908653,false,新型电力,false,1.0,false,falling,false,false,0.0,0.12035114878583218,0.2296142523619991,新型电力,-5.0,-2.0,3.0,0.3,0.5,-0.1074065907746089,0.9719191667445621,-0.07339124426761257,false,true,-0.07495113760853438,0.9286840851435277,,,,,,,0.9060402684563759,2,-0.4369502256775774,sustained_decline,0.03005456682946057,false,increasing_vol,44.53227558463045,严重恶化-15分; 加速下滑-0.0分(加速度-0.07); 贝叶斯高置信度恶化-12分(恶化概率90.6%，严重恶化确认); 波动率飙升预警-5.5分(近期波动是早期的2.7倍); 连续下跌警示-12分(4年下跌，累计-24.7%),"","",0,0
600171.SH,上海贝岭,半导体,8.488929,-0.1608557651449321,-2.02101,0.5420837222754586,0.15599653330751662,,8.4989,70.78288469710137,-0.27165720968364726,-0.6,0.23333333333333334,has_loss,has_loss,good,true,1,false,0,false,0,false,0,0.8819269212864974,8.42458927705084,2.309504966249602,high_volatility,false,false,none,-3.2727,0.0,-0.07484999999999964,3.1978500000000003,0.34482124132557135,0.40857807329263907,0.00011879379315552777,false,none,11.8192,-11.9689,-1.7309159864024153,355.96783423184655,-138.39118470041393,false,半导体,true,inf,true,rising,false,false,0.0,0.8819269212864974,1.0,半导体,-5.0,-2.0,3.0,0.3,0.5,-0.008671566376250883,9.954867205269187e-6,0.27195774818711094,false,false,-0.6696930672378162,0.2108922373254874,,,,,,,0.2783505154639176,0,0.0,none,0.6583764440555516,true,increasing_vol,29.21711530289864,"轻度衰退-3.2分(log斜率-0.161); 单年巨幅下滑-15.0分(年跌-138.4%); 波动聚集风险-6分(ARCH效应+波动上升); 趋势不确定预警-4分(Bootstrap CI跨零: [-0.342, 0.038]); 峰值大幅下跌-15分(从18.7跌至8.5，跌幅-54.7%)","","",0,0
600183.SH,生益科技,元器件,10.920579,-0.1831142690395891,-2.12727,0.4868832267414577,0.1901510182260264,-0.09267975904315373,9.8271,76.33771461920821,-0.22367617684975938,-0.39999999999999997,0.48333333333333334,good,good,good,false,0,false,0,false,0,false,0,0.41205686944202446,4.762866460231695,1.0317629226664449,moderate,false,false,none,-2.7895000000000003,0.0,0.45279999999999987,3.2423,0.3607926905760287,0.35417662807824607,0.061454913695431365,false,none,3.5176999999999996,-2.6121,10.150759401445942,55.75332044251433,-29.27870873731996,false,元器件,false,2.8901797318286997,true,rising,false,false,0.0,0.41205686944202446,0.7150027931307796,元器件,-5.0,-2.0,3.0,0.3,0.5,0.04806612711098945,0.0432865170259293,0.28995593921748464,false,false,-0.1831142690395891,0.4868832267414577,,,,,,,0.07161803713527852,0,0.0,none,0.2917437115935096,false,decreasing_vol,23.662285380791783,轻度衰退-3.7分(log斜率-0.183); 持续衰退重罚-10.0分(最新<加权); 趋势不可靠-2分(Bootstrap CI过宽: 0.658); 峰值明显下跌-8分(从18.2跌至9.8，跌幅-46.1%),"","",0,0
600192.SH,长城电工,电气设备,-4.188853,0.03940849669017246,0.10789,0.020782292665299327,0.8170867264785124,,-6.2058,55.66436641708411,0.16283914843227992,0.19999999999999998,0.8166666666666667,poor,poor,poor,true,5,false,0,true,5,false,0,0.4330549714963891,1.8280203067799876,0.9449637782442044,volatile,false,false,none,1.512,0.0,-1.5581,-3.0701,0.639714066453146,0.8450538917470315,0.5520867727844285,true,severe,-3.9889,0.8727,-100.86095287415849,-179.93143578871397,28.246374935266704,false,电气设备,false,1.0,true,falling,false,false,0.0,0.4330549714963891,0.4797773105304446,电气设备,-5.0,-2.0,3.0,0.3,0.5,-0.33932735363720823,0.4505036073677321,-0.6712671658317717,false,true,0.03940849669017246,0.020782292665299327,,,,,,,0.9866768176627332,1,0.0,cliff_drop,0.4311652317141142,false,increasing_vol,44.33563358291589,严重恶化-15分; 单年巨幅下滑-15.0分(年跌-179.9%); 加速下滑-0.3分(加速度-0.67); 贝叶斯高置信度恶化-12分(恶化概率98.7%，严重恶化确认); 趋势不可靠-2分(Bootstrap CI过宽: 0.702),"","",0,0
600196.SH,复星医药,化学制药,5.447965,-0.1327838529498544,-0.7744300000000001,0.7504154529756435,0.057516269389022934,-0.09153261550555802,4.69,92.0,-0.12811509934957416,-0.6,0.23333333333333334,good,good,good,false,0,false,0,false,0,false,0,0.24336259373841104,1.4200645397305012,0.5746695046253929,stable,false,false,none,0.7242999999999995,0.0,-1.0236999999999998,-1.7479999999999993,0.5285183638774152,1.0,0.7835382175749424,false,none,0.43350000000000044,-1.4775999999999998,-18.208611639141267,10.184423822389297,-25.768647215779282,false,化学制药,false,1.7878068835898038,true,rising,false,false,0.0,0.24336259373841104,0.43306432613603607,化学制药,-5.0,-2.0,3.0,0.3,0.5,-0.09866986758993156,0.43870409899165586,-0.00831951418533626,false,false,-0.1327838529498544,0.7504154529756435,,,,,,,0.435483870967742,0,0.0,none,0.1232500387992332,false,stable,8.0,峰值明显下跌-8分(从7.6跌至4.7，跌幅-38.4%),"","",0,0
600211.SH,西藏药业,生物制药,17.122567000000004,0.1891594501508493,3.0982900000000004,0.3739975457923798,0.27305317277853614,0.1123674232127636,24.9649,125.0,0.2845091805224824,0.6,0.23333333333333334,good,good,good,false,0,false,0,false,0,false,0,0.4397446968073236,7.120821054976736,1.08372835803936,moderate,false,false,none,-8.889599999999998,0.0,6.252840000000001,15.142439999999999,0.6963914223849486,1.0,0.9639142238494859,false,none,3.884599999999999,9.8817,122.92875895201185,18.42763148532041,88.24049434750772,false,生物制药,false,1.0,false,rising,false,false,0.0,0.4397446968073236,0.4851290907791922,生物制药,-5.0,-2.0,3.0,0.3,0.5,0.40004770197000195,0.8999147335020745,0.5873833343652386,false,false,0.1891594501508493,0.3739975457923798,,,,,,,0.02015677491601344,0,0.0,none,0.31914488650058065,false,stable,0.0,趋势不可靠-2分(Bootstrap CI过宽: 0.807),"high_growth,turnaround","优质护城河(高位企稳: 25.0 > 15.0, 稳健斜率=0.28); 底部强力反转(曾跌123%, 近期斜率0.40)",1,1
600215.SH,派斯林,专用机械,4.284445,0.00021212077346279836,-0.049449999999999994,1.0262164941961202e-6,0.9987101787144108,0.043782176462130895,3.2574,47.6446907543001,-0.06041403973079909,0.0,1.0,good,good,good,false,0,false,0,false,0,false,0,0.3401688715794944,1.4624812262042888,0.80680951229043,moderate,false,false,none,1.7343499999999998,0.0,-1.4778,-3.21215,0.6813498000291842,0.9138128820524014,0.8996851182394413,true,severe,-0.6231,-2.3325,-47.57122163206181,-16.057209122535752,-37.542250120714634,false,专用机械,false,1.0,true,falling,false,false,0.0,0.3401688715794944,0.40546843059692883,专用机械,-5.0,-2.0,3.0,0.3,0.5,-0.3146796845902655,0.9328689166850224,-0.7106184913998058,false,true,0.00021212077346279836,1.0262164941961202e-6,,,,,,,0.9747292418772563,2,-0.5722896451090477,sustained_decline,0.3396823890679662,false,stable,52.3553092456999,严重恶化-15分; 单年巨幅下滑-15.0分(年跌-37.5%); 加速下滑-0.4分(加速度-0.71); 贝叶斯高置信度恶化-12分(恶化概率97.5%，严重恶化确认); 趋势不可靠-2分(Bootstrap CI过宽: 0.767); 峰值明显下跌-8分(从6.2跌至3.3，跌幅-47.6%),"","",0,0
600216.SH,浙江医药,化学制药,6.403796000000001,-0.08679867222536658,-0.37387999999999977,0.05948224840274443,0.6925763998426915,0.04689590378969766,9.1369,108.0,-0.1549755464968504,-0.19999999999999998,0.8166666666666667,good,good,good,false,0,false,0,false,0,false,0,0.48321962261432966,3.1486397321700683,1.043530040086188,volatile,false,false,none,-1.9688499999999998,0.0,2.7340500000000003,4.7029,0.55649873789113,0.44015580074861554,0.6185389414365865,false,none,6.4529000000000005,-0.9847999999999999,149.04328390754472,240.42101341281668,-26.8425643262102,false,化学制药,false,3.5333830104321904,true,rising,false,false,0.0,0.48321962261432966,0.8576934328157558,化学制药,-5.0,-2.0,3.0,0.3,0.5,0.4486807269104054,0.5202416027992464,0.8063583770363425,true,false,-0.08679867222536658,0.05948224840274443,,,,,,,0.07161803713527852,0,0.0,none,0.47462648196696106,false,stable,2.0,趋势不可靠-2分(Bootstrap CI过宽: 1.110),turnaround,"底部强力反转(曾跌149%, 近期斜率0.45)",0,1
600237.SH,铜峰电子,元器件,4.453592,0.01905260431609044,0.08757000000000002,0.05662740570863825,0.6998977315507229,0.4213712816854398,4.9371,97.59708324040645,0.20834864653488644,0.39999999999999997,0.48333333333333334,good,good,good,false,0,false,0,false,0,false,0,0.4256366471536987,1.7889848789187683,1.1041664683993642,moderate,false,false,none,2.32045,0.0,-0.4567000000000001,-2.7771500000000002,0.7248990219330947,0.9828220794456458,0.7661681398853012,false,none,-0.019700000000000273,-0.8936999999999999,-15.612340825570467,-0.3974338282763128,-15.275617468592426,false,元器件,false,1.0,true,falling,false,false,0.0,0.4256366471536987,0.4738426510562923,元器件,-5.0,-2.0,3.0,0.3,0.5,-0.08343600756579828,0.767533436820312,-0.8058335191870978,false,true,0.27502790983060493,0.5559922412834166,,,,,,,0.49090909090909096,0,-0.9739824704897553,none,0.2872086377510688,true,decreasing_vol,2.402916759593549,加速下滑-0.4分(加速度-0.81); 波动聚集提示-2分(大波动后可能跟着大波动),"","",0,0
600255.SH,鑫科材料,小金属,3.1360460000000003,-0.09850040066613196,-0.417845,0.44343172507648476,0.21982359285747946,,3.1461,81.0,-0.13477642517297433,-0.39999999999999997,0.48333333333333334,has_loss,has_loss,good,true,1,false,0,false,0,false,0,0.9044480311099495,3.138434667951525,2.2106051873198846,high_volatility,false,false,none,-0.5014999999999992,0.0,-1.28101,-0.7795100000000008,0.28460587112972824,1.0,0.23489204459225302,false,none,4.9895,-7.6708,-46.011943576895355,270.66833025930345,-131.63331846106325,false,小金属,true,3.8645798793023403,true,rising,true,false,0.0,0.9044480311099495,1.0,小金属,-5.0,-2.0,1.6,0.3,0.24,-0.29966901554409303,0.021107914504018374,-0.3407540691446868,false,false,-0.469010592956167,0.20572577633078773,,,,,,,0.6067415730337079,0,0.0,none,0.7488276116597116,false,increasing_vol,19.0,单年巨幅下滑-15.0分(年跌-131.6%); 波动率飙升预警-8.0分(近期波动是早期的8.6倍); 趋势不可靠-2分(Bootstrap CI过宽: 0.358); 峰值明显下跌-8分(从5.8跌至3.1，跌幅-46.0%),"","",0,0
600262.SH,北方股份,专用机械,8.699878,0.19656015099193716,1.5454600000000003,0.9436239241276227,0.005780178428798311,0.2157693089065018,11.2428,100.0,0.1943837173023713,0.9999999999999999,0.016666666666666666,good,good,good,false,0,false,0,false,0,false,0,0.3027931031101529,2.4938766675599657,0.7402406923547639,ultra_stable,false,false,none,1.9609999999999999,0.0,1.0874000000000006,-0.8735999999999993,0.45295846546626534,0.9377251111689546,0.8898350283831434,false,none,1.7501000000000015,0.42469999999999963,23.98323775915308,18.436272082758347,4.683502426113803,false,专用机械,false,1.0,false,rising,false,false,0.0,0.3027931031101529,0.37556781582145565,专用机械,-5.0,-2.0,3.0,0.3,0.5,0.10696082843963504,0.9008752626224703,-0.17316361299147642,false,true,0.19656015099193716,0.9436239241276227,,,,,,,0.07161803713527852,0,0.0,none,0.06050108044714354,false,decreasing_vol,0.0,"","","",0,0
600267.SH,海正药业,化学制药,4.116782000000001,-0.027660867331991537,-0.16171500000000005,0.13798170096492038,0.5381574277589598,-0.03937751360940789,5.2109,77.0,-0.1205591614583914,-0.39999999999999997,0.48333333333333334,good,good,good,false,0,true,1,false,0,false,0,0.4679418394535985,2.007114855457953,1.2215450755844857,volatile,false,false,none,-0.8473499999999999,0.0,0.39314999999999983,1.2404999999999997,0.38488786100833927,0.9104274916729402,0.029033647504241186,false,none,4.331099999999999,-3.5448,17.77109795235727,492.2823368947487,-80.11571667495367,false,化学制药,false,1.0,false,rising,false,false,0.0,0.4679418394535985,0.5076868048962122,化学制药,-5.0,-2.0,3.0,0.3,0.5,0.0800614404384854,0.008712581033542723,0.23923450008380387,false,false,-0.17974741384093448,0.16564901156801676,,,,,,,0.07161803713527852,0,0.0,none,0.4172093668676538,true,increasing_vol,23.0,单年巨幅下滑-15.0分(年跌-80.1%); 波动率飙升预警-8.0分(近期波动是早期的4.6倍),"","",0,0
600268.SH,国电南自,电气设备,9.750160000000001,0.141561561693803,1.2839999999999998,0.6734077560726957,0.08870953211567795,0.20386057354972786,12.8058,96.0,0.14990987062353717,0.6,0.23333333333333334,good,good,good,false,0,false,0,false,0,false,0,0.2641901029580245,2.474129746597781,0.7163938767490731,stable,false,false,none,1.0594000000000001,0.0,2.2950999999999997,1.2356999999999996,0.41312750606992776,0.27410011809973817,0.946360866232802,false,none,3.2415000000000003,1.3486999999999991,55.87175617118652,33.89165960917161,16.416329908953685,false,电气设备,false,1.2345172598471201,true,rising,false,false,0.0,0.2641901029580245,0.37595438367936895,电气设备,-5.0,-2.0,3.0,0.3,0.5,0.22085046106910397,0.967768335273155,0.07320274737605345,true,false,0.141561561693803,0.6734077560726957,,,,,,,0.07161803713527852,0,0.0,none,0.15099901277308944,false,stable,4.0,"趋势不确定预警-4分(Bootstrap CI跨零: [-0.055, 0.231])","","",0,0
600276.SH,恒瑞医药,化学制药,12.612138,0.013366143826417744,0.1932999999999998,0.017209796453499644,0.8334489925454156,-0.11517427111220901,13.3061,90.0,-0.12591109199967465,-0.19999999999999998,0.8166666666666667,good,good,good,false,0,false,0,false,0,false,0,0.3848068011756132,5.079888455271434,0.9518874885047807,moderate,false,false,none,-6.2829999999999995,0.0,2.0820500000000006,8.36505,0.7241314961880025,0.925597147870935,0.8157178140090904,false,none,3.796100000000001,0.3680000000000003,45.54911397943559,39.91692954784439,4.0253773791292975,false,化学制药,false,1.0,false,rising,false,false,0.0,0.3848068011756132,0.4411787742738239,化学制药,-5.0,-2.0,3.0,0.3,0.5,0.1868872386480418,0.827778779516391,0.6180641499366692,true,false,-0.12365133859204556,0.3194739900856584,,,,,,,0.07161803713527852,0,0.0,none,0.3045955262683377,false,decreasing_vol,10.0,趋势不可靠-2分(Bootstrap CI过宽: 0.341); 峰值明显下跌-8分(从21.7跌至13.3，跌幅-38.7%),"","",0,0
600301.SH,华锡有色,小金属,13.643445,0.44175062642044394,3.7315500000000004,0.5283727360703048,0.1641306610751128,0.6988260901009711,18.3614,108.0,0.461170467473534,0.6,0.23333333333333334,good,good,good,false,0,false,0,false,0,false,0,0.6655960083771084,8.335911096994739,1.4973195421902623,volatile,false,false,none,13.7507,0.0,2.30336,-11.44734,0.39184305776729905,1.0,0.18315547662362025,true,moderate,-2.5955000000000013,15.815000000000001,257.0936813240242,-12.384942429462379,307.5711312938797,false,小金属,true,3.5893444057644066,true,falling,true,false,0.0,0.6655960083771084,1.0,小金属,-5.0,-2.0,1.6,0.3,0.24,0.6321221825583274,0.6724316200582896,0.2279356201130579,false,false,0.44175062642044394,0.5283727360703048,,,,,,,0.4807121661721069,1,0.0,single_year_drop,0.47019033660382664,false,stable,2.0,"中度恶化-10分; 周期回落期-3分(景气下行趋势); 趋势不确定预警-4分(Bootstrap CI跨零: [-0.092, 0.741])",turnaround,"底部强力反转(曾跌257%, 近期斜率0.63)",0,1
600312.SH,平高电气,电气设备,5.473575,0.5171533570166549,2.33165,0.8718413905625989,0.020276754104563557,0.5669166139533248,9.7674,100.79962380479648,0.5581633124190228,0.7999999999999999,0.08333333333333333,good,good,good,false,0,false,0,false,0,false,0,0.8321862340126175,3.9729236560749563,1.7753577652657686,moderate,false,false,none,-0.3286,0.0,3.08641,3.4150099999999997,0.6939374187016311,1.0,0.9393741870163109,false,none,1.4534000000000002,5.437,239.49947862356623,17.481356747654562,188.98157803267296,false,电气设备,false,1.0,false,rising,false,false,0.0,0.8321862340126175,0.7990823205434273,电气设备,-5.0,-2.0,3.0,0.3,0.5,0.5979960071742546,0.8483759696013142,0.33843487864800403,true,false,0.5171533570166549,0.8718413905625989,,,,,,,0.07161803713527852,0,0.0,none,0.3101660634651099,false,increasing_vol,9.200376195203512,波动率飙升预警-7.2分(近期波动是早期的3.6倍); 趋势不可靠-2分(Bootstrap CI过宽: 0.695),turnaround,"底部强力反转(曾跌239%, 近期斜率0.60)",0,1
600320.SH,振华重工,专用机械,2.333945,0.020480461766148973,0.051730000000000054,0.7363640085455678,0.06277196831372357,0.02649197996660657,2.446,100.0,0.02177572146853901,0.7999999999999999,0.08333333333333333,good,good,good,false,0,false,0,false,0,false,0,0.04138735279992084,0.09552532125044129,0.10523898651693188,ultra_stable,false,false,none,0.047699999999999854,0.0,0.05097000000000009,0.003270000000000238,0.15811255361379165,1.0,0.5716205712837312,false,none,0.16369999999999996,-0.07589999999999986,3.7231786956153043,7.1725890549007545,-3.218556526164017,false,专用机械,false,1.0332559260395215,true,rising,false,false,0.0,0.04138735279992084,0.17087733904520624,专用机械,-5.0,-2.0,3.0,0.3,0.5,0.016873281766591197,0.2795628958720702,-0.014275754937202345,false,false,0.020480461766148973,0.7363640085455678,,,,,,,0.13366336633663367,0,0.0,none,0.021380013059952584,false,increasing_vol,0.0,"","","",0,0
600353.SH,旭光电子,元器件,5.542960000000001,0.0018374852801205767,0.002039999999999953,0.0001993823466187698,0.9820220967980642,0.008228157255183666,4.4966,62.760531102356794,-0.007395435044281307,0.0,1.0,good,good,good,false,0,false,0,false,0,false,0,0.21068034161254803,1.1675778123962446,0.5133761823476977,moderate,false,false,none,1.4225499999999998,0.0,-1.35005,-2.7725999999999997,0.8710670285068223,0.9938986578303812,0.995953476642102,true,severe,-1.2010000000000005,-1.4990999999999994,-37.518584906971256,-21.079050828418993,-20.830380591104248,false,元器件,false,1.0,true,falling,false,false,0.0,0.21068034161254803,0.30187760662337176,元器件,-5.0,-2.0,3.0,0.3,0.5,-0.23147613214681903,0.9999967759640358,-0.4789377952864151,false,true,0.0018374852801205767,0.0001993823466187698,,,,,,,0.9872029250457038,2,0.011937863363905158,sustained_decline,0.21067953767275913,false,stable,37.239468897643206,严重恶化-15分; 加速下滑-0.2分(加速度-0.48); 贝叶斯高置信度恶化-12分(恶化概率98.7%，严重恶化确认); 趋势不可靠-2分(Bootstrap CI过宽: 0.488); 峰值明显下跌-8分(从7.2跌至4.5，跌幅-37.5%),"","",0,0
600363.SH,联创光电,元器件,6.793945000000001,-0.06671228596173893,-0.45091000000000014,0.416004269720694,0.23994189503675462,-0.10031329753795037,5.4581,50.0,-0.0825649834052754,-0.39999999999999997,0.48333333333333334,good,good,good,false,0,false,0,false,0,false,0,0.16056822242527125,1.127092580491949,0.4092230105137192,stable,false,false,none,-0.7666000000000004,0.0,-0.6696499999999999,0.09695000000000054,0.19016009685880567,0.672544145608403,0.30626445843492833,true,severe,-2.4153000000000002,1.0760000000000005,-19.703121781857767,-30.67670891863744,15.829581898961376,false,元器件,false,1.1861996233521657,true,falling,false,false,0.0,0.16056822242527125,0.2866145277205058,元器件,-5.0,-2.0,3.0,0.3,0.5,-0.10825931519843635,0.35301332117698714,-0.007453800329681126,false,false,-0.06671228596173893,0.416004269720694,,,,,,,0.9737039819684448,1,0.0,cliff_drop,0.12436218836941229,false,increasing_vol,50.0,严重恶化-15分; 单年巨幅下滑-15.0分(年跌-30.7%); 贝叶斯高置信度恶化-12分(恶化概率97.4%，严重恶化确认); 峰值明显下跌-8分(从8.3跌至5.5，跌幅-34.5%),"","",0,0
600375.SH,汉马科技,汽车整车,-13.308487000000001,1.0071740558639375,2.8681100000000006,0.3506206523992804,0.2928003151353337,,5.2954,108.0,0.28317731980559147,0.19999999999999998,0.8166666666666667,poor,poor,poor,true,4,false,0,true,4,false,0,0.9599100971787652,13.60088937411815,2.3496356814774875,high_volatility,false,false,none,-10.869050000000001,0.0,16.6459,27.514950000000002,0.6837707538247957,0.8904806554625225,0.9472268827854349,false,none,23.4512,9.840600000000002,118.91457473103686,129.16643717159255,35.14951922390022,false,汽车整车,false,1.0,false,rising,false,false,0.0,0.9599100971787652,0.9012614110763455,汽车整车,-5.0,-2.0,3.0,0.3,0.5,3.197163066088385,0.8004978641084851,3.9432447568404436,true,false,1.0071740558639375,0.3506206523992804,,,,,,,0.07161803713527852,0,0.0,none,0.9049807155095444,false,increasing_vol,2.0,趋势不可靠-2分(Bootstrap CI过宽: 4.026),turnaround,扭亏为盈(曾亏损4年 -> 最新5.3),0,1
600379.SH,宝光股份,电气设备,9.27181,0.09496087122123194,0.8830600000000001,0.8263346895135301,0.03248387382922073,0.10076954461130727,11.3398,92.0,0.09422273237338841,0.9999999999999999,0.016666666666666666,good,good,good,false,0,false,0,false,0,false,0,0.17623684821202756,1.5562207160297026,0.40952268784228824,ultra_stable,false,false,none,0.12299999999999978,0.0,1.6851000000000003,1.5621000000000005,0.7097101341294734,0.8584763354880207,0.9897923009351288,false,none,1.9815000000000005,1.3887,42.28819514153785,21.173717448681924,17.424964866492672,false,电气设备,false,1.0,false,rising,false,false,0.0,0.17623684821202756,0.2743228119029554,电气设备,-5.0,-2.0,3.0,0.3,0.5,0.17535489555001527,0.9973024293686327,0.15980386352710862,true,false,0.09496087122123194,0.8263346895135301,,,,,,,0.07161803713527852,0,0.0,none,0.07783067960518326,true,increasing_vol,8.0,波动率飙升预警-8.0分(近期波动是早期的13.7倍),"","",0,0
600380.SH,健康元,化学制药,10.057585,-0.05977338308412912,-0.62371,0.8273000029462706,0.03220262170263676,-0.048019948590292016,9.5585,100.0,-0.05109279252437164,-0.7999999999999999,0.08333333333333333,good,good,good,false,0,false,0,false,0,false,0,0.10346304799753595,1.0728538684275692,0.25019673193537934,ultra_stable,false,false,none,-0.5762999999999998,0.0,-0.4634499999999999,0.1128499999999999,0.21385557778987752,0.9963998742476075,0.4023397275435531,false,none,0.5149000000000008,-1.4418000000000006,-8.839910733019243,5.693529125569473,-13.750548381559128,false,化学制药,false,1.0,false,rising,false,false,0.0,0.10346304799753595,0.21610377173136208,化学制药,-5.0,-2.0,3.0,0.3,0.5,-0.04604703074062266,0.38359019258176247,0.0058861300812240724,false,false,-0.05977338308412912,0.8273000029462706,,,,,,,0.2783505154639176,0,0.0,none,0.04074173232681487,false,increasing_vol,0.0,"","","",0,0
600406.SH,国电南瑞,电气设备,14.617349999999998,0.012077025193108382,0.17517999999999978,0.8903492533433343,0.015949122693283562,0.011533259152763042,14.786,100.0,0.012528058956335464,0.9999999999999999,0.016666666666666666,good,good,good,false,0,false,0,false,0,false,0,0.02018710419739096,0.29331377908308326,0.04562360286749394,ultra_stable,false,false,none,0.27809999999999935,0.0,0.05335000000000001,-0.22474999999999934,0.5907118842431306,0.9704862280985412,0.9871326143327656,false,none,0.04279999999999973,0.06390000000000029,0.7268738972566813,0.290303326279232,0.43530686068136965,false,电气设备,false,1.0,false,rising,false,false,0.0,0.02018710419739096,0.14948301669124608,电气设备,-5.0,-2.0,3.0,0.3,0.5,0.003612911162733656,0.9869093217496847,-0.01565395787762114,false,false,0.012077025193108382,0.8903492533433343,,,,,,,0.13366336633663367,0,0.0,none,0.006641770157768586,false,decreasing_vol,0.0,"","","",0,0
600416.SH,湘电股份,电气设备,3.24439,-0.0388616375886468,-0.11765999999999997,0.2390540248600153,0.4032515606412663,-0.07346794768751963,2.5114,58.8086803373311,-0.05363287720287539,-0.19999999999999998,0.8166666666666667,good,good,good,false,0,false,0,false,0,false,0,0.21468525546334663,0.7091526295516359,0.5594843819061399,moderate,false,false,none,0.4758499999999999,0.0,-0.9240499999999998,-1.3998999999999997,0.6321872000928873,0.3710527780256594,0.999970791629273,true,severe,-0.9154,-0.9326999999999996,-42.39247620139924,-26.71296836698961,-21.394655350384213,false,电气设备,false,1.551092293460471,true,falling,false,false,0.0,0.21468525546334663,0.37856051016540676,电气设备,-5.0,-2.0,3.0,0.3,0.5,-0.26347495171224233,0.9955581439819998,-0.38263932533780365,false,true,-0.0388616375886468,0.09247770724327484,,,,,,,0.9935602575896965,2,0.2485813830373243,sustained_decline,0.20716620250685353,false,stable,41.1913196626689,严重恶化-15分; 加速下滑-0.2分(加速度-0.38); 贝叶斯高置信度恶化-12分(恶化概率99.4%，严重恶化确认); 峰值明显下跌-8分(从4.4跌至2.5，跌幅-42.4%); 连续下跌警示-6分(2年下跌，累计-26.3%),"","",0,0
600420.SH,国药现代,化学制药,6.772169999999999,0.018089905301256117,0.14701999999999993,0.046713665985048836,0.7269681396775898,0.029483790095924167,8.0908,100.0,-0.022063876179739927,-0.19999999999999998,0.8166666666666667,good,good,good,false,0,false,0,false,0,false,0,0.13841497952452053,0.9271948867417247,0.3232288248694515,stable,false,false,none,-0.58005,0.0,1.0239499999999997,1.6039999999999996,0.6575080561562862,0.8679063115292435,0.7071742500336178,false,none,2.1651999999999996,-0.11730000000000018,33.88935775869201,36.539759686782766,-1.9411209849575566,false,化学制药,false,1.0,false,rising,false,false,0.0,0.13841497952452053,0.24406531695294975,化学制药,-5.0,-2.0,3.0,0.3,0.5,0.144432008312406,0.7000116425662447,0.23124235501162138,true,false,0.018089905301256117,0.046713665985048836,,,,,,,0.07161803713527852,0,0.0,none,0.13399423744578812,false,increasing_vol,0.0,"","","",0,0
600444.SH,国机通用,专用机械,5.147,-0.13135320628790956,-0.7342800000000003,0.9683283838456979,0.002415304937068955,-0.11794550418864491,4.2136,49.0,-0.1265000784414123,-0.9999999999999999,0.016666666666666666,good,good,good,false,0,false,0,false,0,false,0,0.21516444699750484,1.1864468837668212,0.4982463267164057,ultra_stable,false,false,none,-0.8956500000000003,0.0,-0.4780500000000001,0.4176000000000002,0.4644630616186569,0.9153196241110051,0.9999912449129883,true,severe,-0.4756,-0.48050000000000015,-18.494303344488078,-10.142455002985585,-9.294543203667528,false,专用机械,false,1.0,false,falling,false,false,0.0,0.21516444699750484,0.3054648909313372,专用机械,-5.0,-2.0,3.0,0.3,0.5,-0.0999651886779398,0.9993642017565132,0.046736165670671515,false,false,-0.13135320628790956,0.9683283838456979,,,,,,,0.9872029250457038,4,0.09122683931185342,chronic_decline,0.04432503105521018,false,decreasing_vol,51.0,严重恶化-15分; 贝叶斯高置信度恶化-12分(恶化概率98.7%，严重恶化确认); 峰值明显下跌-8分(从7.0跌至4.2，跌幅-39.5%); 智能连续下跌-16分(4年实质性下跌，累计跌幅-39.5%),"","",0,0
600456.SH,宝钛股份,小金属,7.910245,0.00002108849252562273,-0.011390000000000011,1.4142045177843527e-7,0.9995211866853988,0.014349823182064458,7.4642,100.0,-0.040609058332333525,-0.19999999999999998,0.8166666666666667,good,good,good,false,0,false,0,false,0,false,0,0.08918400267740174,0.7059752141541517,0.21687885456433473,ultra_stable,false,false,none,1.7168,0.0,-0.45540000000000014,-2.1722,0.8445494053006034,1.0,0.9802818895441743,false,none,-0.36240000000000006,-0.6441000000000008,-11.882134888498008,-4.6303631206398705,-7.603858004651336,false,小金属,false,1.0,true,falling,true,false,0.0,0.08918400267740174,0.4783680053548035,小金属,-5.0,-2.0,1.6,0.3,0.24,-0.06275186654436804,0.9794520711612834,-0.15373234233723232,false,true,0.00002108849252562273,1.4142045177843527e-7,,,,,,,0.32530120481927716,0,-0.3910508168606721,none,0.08915498008622687,false,decreasing_vol,0.0,加速下滑-0.1分(加速度-0.15),"","",0,0
600459.SH,贵研铂业,小金属,6.070675,-0.043788498343232396,-0.2769300000000001,0.2991052922616552,0.3401250397840146,-0.017771775310040705,6.3568,112.0,-0.05336159755312926,-0.39999999999999997,0.48333333333333334,good,good,good,false,0,false,0,false,0,false,0,0.12576027993558556,0.7808631845592416,0.2937443832801322,ultra_stable,false,false,none,-0.6077000000000004,0.0,0.37135000000000007,0.9790500000000004,0.5478973745883116,0.6264471251854165,0.40801472992441223,false,none,1.1460999999999997,-0.40339999999999954,13.229190787481523,21.99512541501141,-7.185479417894222,false,小金属,true,1.350029746483198,true,rising,true,false,0.0,0.12576027993558556,0.6565294838161305,小金属,-5.0,-2.0,1.6,0.3,0.24,0.06126736600324567,0.3833462642795136,0.15799154241387758,true,false,-0.043788498343232396,0.2991052922616552,,,,,,,0.07161803713527852,0,0.0,none,0.10412811048826427,false,stable,0.0,"",cyclical_bottom,周期底部(mid_up),0,0
600475.SH,华光环能,电气设备,7.139585,-0.03173460990188417,-0.22726999999999986,0.22518661432019635,0.41931069928783316,-0.02278235163251463,6.261,87.0,-0.04781985387993548,-0.39999999999999997,0.48333333333333334,good,good,good,false,0,false,0,false,0,false,0,0.10688479847933527,0.7752589580262842,0.28832711540529576,ultra_stable,false,false,none,1.4867,0.0,-0.6483499999999999,-2.1350499999999997,0.6948334650887413,1.0,0.9483346508874126,true,moderate,-1.0278,-0.2096,-16.502187133255095,-14.101086598617057,-2.795262989437747,false,电气设备,false,1.0,true,falling,false,false,0.0,0.10688479847933527,0.21884117211680154,电气设备,-5.0,-2.0,3.0,0.3,0.5,-0.08922467567002612,0.8647046418071449,-0.1328852555567681,false,false,-0.03173460990188417,0.22518661432019635,,,,,,,0.9866768176627332,1,4.044636820184643,single_year_drop,0.09470936066836998,false,decreasing_vol,13.0,中度恶化-10分; 贝叶斯恶化预警-8分(恶化概率98.7%),"","",0,0
600476.SH,湘邮科技,软件服务,0.31869100000000006,0.11664150805836733,0.30677,0.6933674432209764,0.08006036033282823,,3.1981,100.0,0.1412414638860639,0.39999999999999997,0.48333333333333334,has_loss,has_loss,good,true,1,false,0,false,0,false,0,21.104844725708986,4.783624105529196,50.593840995323426,high_volatility,false,false,none,-5.174150000000001,0.0,5.7338000000000005,10.907950000000001,0.6578068024681911,0.7811373292641405,0.7969306954177705,false,none,0.7206000000000001,10.747,138.67343853921034,29.085771947527757,129.9594896910333,false,软件服务,false,1.0,false,rising,false,false,0.0,21.104844725708986,1.0,软件服务,-5.0,-2.0,3.0,0.3,0.5,2.3443269215891775,0.7883569048928157,4.488170768165215,true,false,0.11664150805836736,0.008764488599444127,,,,,,,0.07161803713527852,0,0.0,none,20.996070882955376,false,stable,0.0,"","","",0,0
600478.SH,科力远,电气设备,1.863976,-0.07473538167568217,-0.04787999999999997,0.010973213862427382,0.8668685290281053,,2.8363,89.0,-0.08129319334231527,0.0,1.0,has_loss,has_loss,has_loss,true,1,true,2,true,1,true,2,1.0267281629813299,1.9285445776543513,2.5137089131893053,high_volatility,false,false,none,-2.2325999999999997,0.0,0.26722000000000007,2.4998199999999997,0.3359318943750777,0.9999999999999996,0.02511066907636252,false,none,3.4074,-4.7216000000000005,-31.66365498132755,596.6380668884608,-113.75978797735213,false,电气设备,true,inf,true,rising,false,false,0.0,1.0267281629813299,1.0,电气设备,-5.0,-2.0,3.0,0.3,0.5,-0.1826070319878219,0.015855050359933842,-0.40525535458202655,false,false,-0.07473538167568217,0.010973213862427382,,,,,,,0.6067415730337079,0,0.0,none,1.0259367889208393,false,stable,11.0,单年巨幅下滑-15.0分(年跌-113.8%); 趋势不可靠-2分(Bootstrap CI过宽: 1.977); 峰值明显下跌-8分(从4.2跌至2.8，跌幅-31.7%),"","",0,0
600483.SH,福能股份,新型电力,7.86574,0.07044743207286079,0.5084399999999999,0.34339512838553476,0.2991104868673658,0.04152637831650563,8.1487,100.0,0.048744314270007374,0.19999999999999998,0.8166666666666667,good,good,good,false,0,false,0,false,0,false,0,0.18101088972005422,1.3777680073219871,0.46768582359371047,stable,false,false,none,1.1154499999999996,0.0,-0.5034999999999998,-1.6189499999999994,0.410223758545038,0.38451438650423,0.8119451895901296,false,none,-0.0838000000000001,-0.9231999999999996,-10.998612885961748,-1.0179167931976933,-10.083336063872775,false,新型电力,false,1.6361443199485335,true,falling,false,false,0.0,0.18101088972005422,0.3629612877691812,新型电力,-5.0,-2.0,3.0,0.3,0.5,-0.057871707983374154,0.8152580365245073,-0.19640340803958467,false,true,0.07044743207286079,0.34339512838553476,,,,,,,0.32530120481927716,0,-0.8990496015654232,none,0.1470025871920222,false,decreasing_vol,0.0,加速下滑-0.1分(加速度-0.20),"","",0,0
600488.SH,津药药业,化学制药,3.182715,0.1820246337282039,0.6516500000000001,0.3025033997121201,0.33682684227695536,0.21666488553153584,4.9804,98.0,0.18181882083613699,0.6,0.23333333333333334,good,good,good,false,0,false,0,false,0,false,0,0.49949594433667655,1.4921042748414068,1.3042561311185654,volatile,false,false,none,-0.5942999999999999,0.0,1.9480500000000003,2.5423500000000003,0.6425228059051891,0.4806945628841067,0.9445334961677837,false,none,1.1304000000000003,2.7657,359.3193765563036,29.361038961038965,255.06778566817297,false,化学制药,false,2.5348150880752556,true,rising,false,false,0.0,0.49949594433667655,0.737572100546042,化学制药,-5.0,-2.0,3.0,0.3,0.5,0.6844213129980652,0.8820442995914853,0.9942586275055296,true,false,0.1820246337282039,0.3025033997121201,,,,,,,0.07161803713527852,0,0.0,none,0.3612852605421673,false,increasing_vol,2.0,趋势不可靠-2分(Bootstrap CI过宽: 1.113),"","",0,0
600520.SH,三佳科技,半导体,-0.2519359999999997,0.13892260807301524,0.51506,0.3131542419668349,0.32665882705495936,,4.7665,81.0,0.1155523154588716,0.19999999999999998,0.8166666666666667,has_loss,has_loss,good,true,1,false,0,false,0,false,0,46.44730766344424,9.549566455604149,115.78599221789867,high_volatility,false,false,none,0.2673000000000001,0.0,-1.8266399999999994,-2.0939399999999995,0.3060003602340211,1.0,0.04669323726795654,false,none,21.325,-23.8056,-34.22886395937685,128.7858199716158,-328.4844972471747,false,半导体,true,inf,true,rising,false,false,0.0,46.44730766344424,1.0,半导体,-5.0,-2.0,3.0,0.3,0.5,-0.2064445390969245,0.003571010769120413,-0.6944163354980342,false,false,-0.41677206653487736,0.06732767312601827,,,,,,,0.6067415730337079,0,0.0,none,44.94206639055196,true,increasing_vol,19.0,单年巨幅下滑-15.0分(年跌-328.5%); 波动率飙升预警-8.0分(近期波动是早期的9.8倍); 趋势不可靠-2分(Bootstrap CI过宽: 0.800); 峰值明显下跌-8分(从7.2跌至4.8，跌幅-34.2%),"","",0,0
600521.SH,华海药业,化学制药,7.822464000000001,-0.040837468302806726,-0.4823200000000002,0.03944788240572364,0.7487882474133365,-0.08267198366175565,7.768,81.0,-0.07035068842406833,-0.19999999999999998,0.8166666666666667,good,good,good,false,0,false,0,false,0,false,0,0.3113612961454641,2.480665264198296,0.7686176755581663,moderate,false,false,none,-6.1237,0.0,0.5368299999999999,6.6605300000000005,0.5438047115263094,1.0,0.10799373031991874,false,none,1.3406000000000002,-3.3965000000000005,-20.927533871476708,20.857578492080783,-34.5738454178076,false,化学制药,false,1.7427841544111127,true,rising,false,false,0.0,0.3113612961454641,0.48146025750451965,化学制药,-5.0,-2.0,3.0,0.3,0.5,-0.11663416726768627,0.3060494551411089,-0.06171130512482392,false,false,-0.040837468302806726,0.03944788240572364,,,,,,,0.435483870967742,0,0.0,none,0.2962829366964437,true,decreasing_vol,19.0,单年巨幅下滑-15.0分(年跌-34.6%); 波动聚集提示-2分(大波动后可能跟着大波动); 趋势不可靠-2分(Bootstrap CI过宽: 0.396),"","",0,0
600529.SH,山东药玻,医疗保健,11.575990000000001,-0.04834998708792342,-0.5942599999999999,0.39716482087416183,0.25443262306273867,-0.03275813122247129,11.9017,100.0,-0.03961272620920908,-0.6,0.23333333333333334,good,good,good,false,0,false,0,false,0,false,0,0.12142319384943318,1.441672151357582,0.26645902677644956,ultra_stable,false,false,none,-1.5751499999999998,0.0,0.7271000000000001,2.30225,0.6632536757211341,0.8894471921668712,0.7430895650444699,false,none,1.4675999999999991,-0.013399999999998968,13.919119406556593,14.065420112899044,-0.1282603493658671,false,医疗保健,false,1.0,false,rising,false,false,0.0,0.12142319384943318,0.23047188841287988,医疗保健,-5.0,-2.0,3.0,0.3,0.5,0.06489809697291493,0.7426184797662049,0.19620412458434489,true,false,-0.04834998708792342,0.39716482087416183,,,,,,,0.07161803713527852,0,0.0,none,0.09209162682890294,false,decreasing_vol,0.0,"","","",0,0
600530.SH,交大昂立,医疗保健,-8.274122,-0.1187344146373262,-0.4827400000000003,0.006923178980202024,0.894181653693294,,8.0712,108.0,-0.23764940716132887,-0.19999999999999998,0.8166666666666667,poor,poor,poor,true,3,false,0,true,2,false,0,3.207367586864983,26.073653323901503,7.768700872153815,high_volatility,false,false,none,-31.57705,0.0,30.882199999999997,62.45925,0.675482630593534,0.8726081895046148,0.8822181164307246,false,none,11.3379,50.4265,115.03207110025104,347.07502984663415,93.91598936178139,false,医疗保健,false,1.0,false,rising,false,false,0.0,3.207367586864983,1.0,医疗保健,-5.0,-2.0,3.0,0.3,0.5,3.7308926659536166,0.9786726587040568,7.540700837816548,true,false,-0.11873441463732624,0.003336716769378376,,,,,,,0.07161803713527852,0,0.0,none,3.2059929923039783,false,stable,2.0,趋势不可靠-2分(Bootstrap CI过宽: 3.867),turnaround,扭亏为盈(曾亏损3年 -> 最新8.1),0,1
600549.SH,厦门钨业,小金属,9.12331,-0.016216956028382957,-0.14945999999999968,0.33809363386928737,0.303805049448439,0.07749543648346835,8.7985,83.87091599176459,0.019400292695973542,0.19999999999999998,0.8166666666666667,good,good,good,false,0,false,0,false,0,false,0,0.15524008832742978,1.3795969313535024,0.37158231366309374,stable,false,false,none,3.0183,0.0,-0.23387999999999992,-3.25218,0.6917603154284881,1.0,0.4176031542848811,true,moderate,-0.9342999999999986,-0.09690000000000154,-10.490655869456852,-9.599498602663145,-0.9857879691140272,false,小金属,true,1.0,true,falling,true,false,0.0,0.15524008832742978,0.6104801766548595,小金属,-5.0,-2.0,1.6,0.3,0.24,-0.05509533965812774,0.8164955642242022,-0.2581680164708213,false,true,0.061120612802498454,0.32104457705112194,,,,,,,0.9737039819684448,1,8.613710633549118,single_year_drop,0.1304619532681851,false,decreasing_vol,16.12908400823541,中度恶化-10分; 周期回落期-3分(景气下行趋势); 加速下滑-0.1分(加速度-0.26); 贝叶斯恶化预警-8分(恶化概率97.4%),"","",0,0
600550.SH,保变电气,电气设备,3.168661,-0.0018506569537676933,-0.01471999999999989,0.00111149797280616,0.9575591588910755,,6.7281,82.0,0.08409419592099131,0.19999999999999998,0.8166666666666667,has_loss,has_loss,good,true,1,false,0,false,0,false,0,1.089820474044776,3.4762003660606218,2.9267329215913724,high_volatility,false,false,none,0.13875000000000015,0.0,1.4635500000000004,1.3248000000000002,0.2842992738707659,0.07550110131805877,0.09395747648999586,false,none,9.3354,-6.4083000000000006,77.008681925809,358.04855597744796,-168.59510655090764,false,电气设备,true,inf,true,rising,false,false,0.0,1.089820474044776,1.0,电气设备,-5.0,-2.0,3.0,0.3,0.5,0.2798174243553013,0.014387061561283752,0.24325432070832342,false,false,-0.26308800303123164,0.055940132679557636,,,,,,,0.07161803713527852,0,0.0,none,1.0892658820861099,true,increasing_vol,28.0,单年巨幅下滑-15.0分(年跌-168.6%); 周期顶部预警-5分(警惕景气回落); 波动率飙升预警-8.0分(近期波动是早期的9.4倍),turnaround,扭亏为盈(曾亏损1年 -> 最新6.7),0,1
600552.SH,凯盛科技,元器件,4.261944,-0.16602313254239784,-0.7243200000000001,0.6775354472682948,0.0868881099984636,-0.10952199615666192,3.2969,61.67953734915204,-0.1936252414523879,-0.6,0.23333333333333334,good,good,good,false,0,false,0,false,0,false,0,0.31051799346971704,1.3908846170692952,0.7479393825738294,stable,false,false,none,0.9304999999999994,0.0,-1.0665599999999997,-1.9970599999999992,0.616180229691887,1.0,0.8115719145729425,false,none,0.47319999999999984,-2.0345999999999997,-32.13881398843217,16.75815419485072,-41.87884651009612,false,元器件,false,2.1864574848602896,true,rising,false,false,0.0,0.31051799346971704,0.5399420594238122,元器件,-5.0,-2.0,3.0,0.3,0.5,-0.187944285440626,0.4854429689213296,-0.15053142961133834,false,false,-0.16602313254239784,0.6775354472682948,,,,,,,0.6067415730337079,0,0.0,none,0.17620824381758843,false,stable,38.32046265084796,轻度衰退-3.3分(log斜率-0.166); 持续衰退重罚-10.0分(最新<加权); 单年巨幅下滑-15.0分(年跌-41.9%); 趋势不可靠-2分(Bootstrap CI过宽: 0.388); 峰值明显下跌-8分(从6.2跌至3.3，跌幅-46.6%),"","",0,0
600560.SH,金自天正,电气设备,5.27566,0.03377813022966127,0.17931999999999998,0.473660962732577,0.19890778907622486,0.03969719972929697,5.6082,100.0,0.029486040914728062,0.6,0.23333333333333334,good,good,good,false,0,false,0,false,0,false,0,0.07824996502253899,0.4058043186068872,0.17209795603548014,ultra_stable,false,false,none,-0.04190000000000005,0.0,0.44625,0.48815000000000003,0.269141248706358,0.016645708999405758,0.8464124845791663,false,none,0.11699999999999999,0.7755000000000001,18.92614033971627,2.130681818181818,16.445066480055985,false,电气设备,false,1.1271709396272027,true,rising,false,false,0.0,0.07824996502253899,0.21288943063499158,电气设备,-5.0,-2.0,3.0,0.3,0.5,0.08506541392525979,0.8399447636709547,0.09368424792691776,false,false,0.03377813022966127,0.473660962732577,,,,,,,0.07161803713527852,0,0.0,none,0.05598224798334554,false,stable,0.0,"","","",0,0
600563.SH,法拉电子,元器件,22.70522,0.0020337641189781762,-0.003960000000000363,0.0006281554725412341,0.9680921002841637,0.0157909622608563,20.457,105.87047004714847,-0.019396261197460074,0.0,1.0,good,good,good,false,0,false,0,false,0,false,0,0.12682765432805113,2.8799009123579227,0.2854160794813979,stable,false,false,none,6.132899999999999,0.0,-1.7543700000000002,-7.887269999999999,0.6858531343152708,1.0,0.858531343152708,true,severe,-2.365199999999998,-2.873100000000001,-20.38621849131942,-10.363593343323597,-11.18142228345262,false,元器件,false,1.0,true,falling,false,false,0.0,0.12682765432805113,0.23479545679577424,元器件,-5.0,-2.0,3.0,0.3,0.5,-0.11388227558842988,0.9994585968527966,-0.25905990570306336,false,true,0.0020337641189781762,0.0006281554725412341,,,,,,,0.8372093023255814,2,-0.07314176313145125,sustained_decline,0.12682735457765376,false,stable,17.12952995285153,严重恶化-15分; 加速下滑-0.1分(加速度-0.26); 贝叶斯中度恶化预警-5分(恶化概率83.7%),"high_growth,stable_dividend","优质护城河(高位企稳: 20.5 > 15.0, 稳健斜率=0.00); 稳定分红型(值=20.5,CV=12.7%,稳定)",1,0
600577.SH,精达股份,电气设备,7.477449,-0.1312573378215631,-1.0779699999999999,0.5613153603262817,0.1449595247677466,-0.08956304227427558,6.9231,88.0,-0.11173794869339733,-0.39999999999999997,0.48333333333333334,good,good,good,false,0,false,0,false,0,false,0,0.282908369805938,2.206922927516953,0.5734382451120648,stable,false,false,none,-2.0631999999999997,0.0,0.4865999999999997,2.5497999999999994,0.6020950938755223,0.7159336212340002,0.6301422581125996,false,none,1.1322999999999999,-0.15910000000000046,16.356577421469257,19.55342957795123,-2.673994520916325,false,电气设备,false,1.7724839400428265,true,rising,false,false,0.0,0.282908369805938,0.4626578878504606,电气设备,-5.0,-2.0,3.0,0.3,0.5,0.0748383358691016,0.6196414790365448,0.33597669770615335,true,false,-0.1312573378215631,0.5613153603262817,,,,,,,0.07161803713527852,0,0.0,none,0.1797176745358803,false,decreasing_vol,12.0,"趋势不确定预警-4分(Bootstrap CI跨零: [-0.320, 0.075]); 峰值明显下跌-8分(从10.3跌至6.9，跌幅-32.6%)","","",0,0
600580.SH,卧龙电驱,电气设备,6.159940000000001,-0.12903170689751167,-0.83944,0.6144945671123955,0.11660590390052014,-0.07936071893423635,5.6963,75.0,-0.10361738975462417,-0.6,0.23333333333333334,good,good,good,false,0,false,0,false,0,false,0,0.2461323548039538,1.6194672096093825,0.5970521273135694,stable,false,false,none,-0.6233,0.0,-0.4931999999999998,0.13010000000000016,0.17735021221878866,0.5619349513085661,0.174390715960555,false,none,1.3655,-2.3518999999999997,-14.760500995106765,31.529971367876602,-35.193858769658966,false,电气设备,false,1.9070841414981066,true,rising,false,false,0.0,0.2461323548039538,0.45118376937624394,电气设备,-5.0,-2.0,3.0,0.3,0.5,-0.07881987026828186,0.13375117771721753,0.005902011050224587,false,false,-0.12903170689751167,0.6144945671123955,,,,,,,0.2783505154639176,0,0.0,none,0.1410277229373947,false,increasing_vol,25.0,单年巨幅下滑-15.0分(年跌-35.2%); 趋势不可靠-2分(Bootstrap CI过宽: 0.302); 峰值明显下跌-8分(从8.3跌至5.7，跌幅-31.0%),"","",0,0
600582.SH,天地科技,专用机械,9.707220000000001,0.1129823911622891,1.0068400000000002,0.9018685216709954,0.013452382720527241,0.10895477321954616,10.6142,100.0,0.11400094196392119,0.7999999999999999,0.08333333333333333,good,good,good,false,0,false,0,false,0,false,0,0.1815840012729082,1.6712628309155926,0.41013494426215263,ultra_stable,false,false,none,1.3293,0.0,0.4686500000000002,-0.8606499999999997,0.629852796497816,0.966129310360099,0.6110986546180618,false,none,-0.1789000000000005,1.116200000000001,9.685953146152182,-1.657540465667885,11.534685694798965,false,专用机械,false,1.0,true,falling,false,false,0.0,0.1815840012729082,0.2786005343516599,专用机械,-5.0,-2.0,3.0,0.3,0.5,0.04600185708757376,0.6179957511367234,-0.11341935449925855,false,true,0.1129823911622891,0.9018685216709954,,,,,,,0.27835051546391754,0,0.0,none,0.05527351061972581,false,decreasing_vol,0.0,"","","",0,0
600587.SH,新华医疗,医疗保健,8.03321,-0.01850228671799159,-0.1549100000000003,0.42102483242422967,0.23617443012661474,0.16406640600942102,7.919,89.8157524280385,0.012875751787142842,0.0,1.0,good,good,good,false,0,false,0,false,0,false,0,0.24990485001766521,1.9189343756366448,0.5968489293704892,moderate,false,false,none,4.582999999999999,0.0,-0.26473,-4.847729999999999,0.7870629271259132,1.0,0.6169517656117978,true,moderate,-0.8554000000000004,0.28309999999999924,-6.7398396005323225,-9.748814733770974,3.334000683052056,false,医疗保健,false,1.0404884999941115,true,falling,false,false,0.0,0.24990485001766521,0.3386556800133471,医疗保健,-5.0,-2.0,3.0,0.3,0.5,-0.03463182080982041,0.44337131080301173,-0.3684951439230113,false,true,0.11832723308174341,0.3812844641017849,,,,,,,0.8223350253807107,1,0.0,single_year_drop,0.20281170109650792,false,decreasing_vol,10.184247571961505,中度恶化-10分; 加速下滑-0.2分(加速度-0.37); 贝叶斯中度恶化预警-5分(恶化概率82.2%),"","",0,0
600601.SH,方正科技,元器件,-7.302456,1.8010864302512424,8.30068,0.8347158328391603,0.030073667145953876,,5.3406,108.0,1.7110293278333464,0.7999999999999999,0.08333333333333333,poor,poor,poor,true,3,false,0,true,3,false,0,1.6188323286168806,15.85267459115338,3.88800387228802,high_volatility,false,false,none,-14.5469,0.0,12.40449,26.95139,0.6501779580380216,1.0,0.8388464129765015,false,none,2.1211,9.8232,180.8728440116904,65.88290107159497,148.75297181882885,false,元器件,false,1.0,false,rising,false,false,0.0,1.6188323286168806,1.0,元器件,-5.0,-2.0,3.0,0.3,0.5,2.4817993405675063,0.8234622796272233,1.977741903050231,true,false,1.8010864302512424,0.8347158328391603,,,,,,,0.07161803713527852,0,0.0,none,0.9079489742703549,false,decreasing_vol,2.0,趋势不可靠-2分(Bootstrap CI过宽: 2.865),turnaround,扭亏为盈(曾亏损3年 -> 最新5.3),0,1
600602.SH,云赛智联,软件服务,3.24897,-0.16284393412284492,-0.6363000000000001,0.5001340812001386,0.18160476651707813,-0.13064062370924945,2.9398,75.03716660333849,-0.13559751250420699,-0.39999999999999997,0.48333333333333334,good,good,good,false,0,false,0,false,0,false,0,0.38191891215077806,1.3137475891509756,0.8894257324425994,moderate,false,false,none,-1.5297500000000002,0.0,0.42635,1.9561000000000002,0.7401404824875124,0.9025268667030294,0.9988779581720941,false,none,0.4016000000000002,0.45109999999999983,40.85573283503426,15.822236230399502,21.61372238991902,false,软件服务,false,1.0,false,rising,false,false,0.0,0.38191891215077806,0.43886846305395577,软件服务,-5.0,-2.0,3.0,0.3,0.5,0.15865644982986427,0.9943326641304369,0.5880905715907818,true,false,-0.16284393412284492,0.5001340812001386,,,,,,,0.07161803713527852,0,0.0,none,0.24560024481792372,false,decreasing_vol,24.96283339666151,"轻度衰退-3.3分(log斜率-0.163); 持续衰退重罚-10.0分(最新<加权); 趋势不确定预警-4分(Bootstrap CI跨零: [-0.466, 0.161]); 峰值明显下跌-8分(从5.1跌至2.9，跌幅-42.9%)","","",0,0
600645.SH,中源协和,医疗保健,1.6582880000000002,-0.008063986220732167,-0.017759999999999998,0.014054846628250179,0.8494077936495085,,1.9181,82.01346927822053,-0.08704424110836945,-0.19999999999999998,0.8166666666666667,has_loss,has_loss,good,true,1,false,0,false,0,false,0,2.122130800353476,2.942843666082179,5.570402526789448,high_volatility,false,false,none,7.7247,0.0,-0.7052500000000002,-8.42995,0.7737696201767851,1.0,0.8287269011144806,false,none,-0.08879999999999999,-0.5659000000000001,-25.446983830845777,-4.424734665404355,-21.99549129353234,false,医疗保健,false,1.0,true,falling,false,false,0.0,2.122130800353476,1.0,医疗保健,-5.0,-2.0,3.0,0.3,0.5,-0.13376855111307806,0.8600867787571601,-1.9730614435589389,false,true,0.6154807976353001,0.34246705852680287,,,,,,,0.49090909090909096,0,-0.7988344699213231,none,1.8542691297545288,true,decreasing_vol,17.98653072177947,加速下滑-1.0分(加速度-1.97); 波动聚集提示-2分(大波动后可能跟着大波动); 峰值大幅下跌-15分(从4.1跌至1.9，跌幅-53.0%),"","",0,0
600664.SH,哈药股份,化学制药,4.581406000000001,0.02652593654686344,0.24378000000000002,0.12054948549442958,0.5669780908329887,,9.359,100.0,0.20654093647576965,0.6,0.23333333333333334,has_loss,has_loss,good,true,1,false,0,false,0,false,0,3.5055728596505293,10.78314211628503,8.288003901170349,high_volatility,false,false,none,23.625799999999998,0.0,0.43059000000000003,-23.19521,0.8010000950903788,1.0,0.24516616230696245,false,none,2.6757,-1.2984,17.255722465139005,40.0356111501803,-16.267211245724596,false,化学制药,false,1.1942752831684946,true,rising,false,false,0.0,3.5055728596505293,1.0,化学制药,-5.0,-2.0,3.0,0.3,0.5,0.0790638892362876,0.2239068862877615,-3.0455814178910288,false,false,1.2701884567414623,0.5187749802298879,,,,,,,0.07161803713527852,0,0.0,none,2.3739876642352775,false,decreasing_vol,0.0,"","","",0,0
600667.SH,太极实业,半导体,4.966206000000001,-0.08481948403732256,-0.6161800000000001,0.9651455734668248,0.002791124279681849,,5.9695,94.32190834442028,-0.08325726114823523,-0.6,0.23333333333333334,has_loss,has_loss,good,true,1,false,0,false,0,false,0,0.9656919143445422,4.974336992303598,2.332917884862533,high_volatility,false,false,none,-6.0085,0.0,4.7707999999999995,10.7793,0.6227891225611557,0.7738723609528653,0.6812484727210403,true,moderate,-0.8815,10.4231,267.11458245849775,-12.866734783243322,291.79194311469445,false,半导体,true,inf,true,falling,false,false,0.0,0.9656919143445422,1.0,半导体,-5.0,-2.0,3.0,0.3,0.5,2.2360473784568935,0.7272001582398129,4.643816688840548,true,false,-0.08481948403732256,0.004112549247202689,,,,,,,0.4807121661721069,1,0.0,single_year_drop,0.9469885573505441,false,stable,5.678091655579726,中度恶化-10分; 周期回落期-3分(景气下行趋势),"","",0,0
600686.SH,金龙汽车,汽车整车,-0.8193430000000003,0.5366259043244175,1.17039,0.1678377429840774,0.49336179212145775,,2.8606,98.0,0.49490908638104747,0.6,0.23333333333333334,poor,poor,poor,true,2,false,0,true,2,false,0,3.626452492041463,4.2446175838348505,8.27691676776652,high_volatility,false,false,none,-7.9917,0.0,3.50826,11.49996,0.6943103336480749,0.9999999999999998,0.9431033364807494,false,none,1.3760999999999999,6.0192,163.08245308399674,92.69787807342539,132.73645445123162,false,汽车整车,false,1.0,false,rising,false,false,0.0,3.626452492041463,1.0,汽车整车,-5.0,-2.0,3.0,0.3,0.5,1.9951326299047056,0.8576499136864557,3.6000798103012874,true,false,0.5366259043244175,0.1678377429840774,,,,,,,0.07161803713527852,0,0.0,none,3.263656951308557,false,stable,2.0,趋势不可靠-2分(Bootstrap CI过宽: 4.077),"","",0,0
600707.SH,彩虹股份,元器件,1.9694370000000003,0.49657296986668076,0.51339,0.1200255033346022,0.5678801957429748,,4.5243,102.0,0.5922143189761638,0.19999999999999998,0.8166666666666667,poor,poor,poor,true,2,true,1,true,2,true,1,3.0567694520614745,5.549320398661443,8.05020325875004,high_volatility,false,false,none,-2.5728500000000003,0.0,5.278700000000001,7.851550000000001,0.36059486575472954,0.12045778620594495,0.8627766652490697,false,none,1.6324,8.925,174.99129800600025,56.44731837200456,147.9338979960551,false,元器件,true,inf,true,rising,false,false,0.0,3.0567694520614745,1.0,元器件,-5.0,-2.0,3.0,0.3,0.5,2.3559062536443367,0.8179640796370132,3.204773684497866,false,false,0.49657296986668076,0.1200255033346022,,,,,,,0.07161803713527852,0,0.0,none,3.0238895939191734,false,decreasing_vol,10.0,趋势不可靠-2分(Bootstrap CI过宽: 4.042); 峰值明显下跌-8分(从8.6跌至4.5，跌幅-47.3%),cyclical_bottom,"周期底部(mid_up), 近期强势(235.6%)",0,0
600711.SH,盛屯矿业,小金属,7.422942,0.11036590798296664,0.1695399999999998,0.05881974524018614,0.6942584881078253,0.3783242501507882,9.6581,112.0,0.18048326829599934,0.19999999999999998,0.8166666666666667,good,good,good,false,0,false,0,false,0,false,0,0.760691609146167,5.6078793979542745,1.8337701164393228,high_volatility,false,false,none,13.5187,0.0,-2.0089600000000005,-15.527660000000001,0.509613316977318,1.0,0.20543888481834058,false,none,5.732199999999999,-0.47980000000000045,119.2182854030006,146.0098321404009,-10.890437387929284,false,小金属,true,4.125092335515424,true,rising,true,false,0.0,0.760691609146167,1.0,小金属,-5.0,-2.0,1.6,0.3,0.24,0.38746466110252076,0.643452191770557,0.14846433420069716,false,false,0.11036590798296664,0.05881974524018614,,,,,,,0.07161803713527852,0,0.0,none,0.759822020281053,false,decreasing_vol,10.0,趋势不可靠-2分(Bootstrap CI过宽: 1.244); 峰值明显下跌-8分(从16.2跌至9.7，跌幅-40.4%),"turnaround,cyclical_bottom","底部强力反转(曾跌119%, 近期斜率0.39); 周期底部(mid_up), 近期强势(38.7%)",0,1
600721.SH,百花医药,生物制药,-3.4204790000000007,-0.08277927641067828,-0.4242500000000002,0.003998959949839156,0.9195374260865901,,4.8265,100.0,1.3413455829011656,0.39999999999999997,0.48333333333333334,poor,poor,has_loss,true,2,false,0,true,1,false,0,3.350994345907264,19.72703563480839,8.323707473517562,high_volatility,false,false,none,49.001000000000005,0.0,-0.5796000000000004,-49.580600000000004,0.6015582986898038,1.0,0.015582986898037526,false,none,3.0598,6.9315,193.44989157372984,173.19295862342221,134.20655204460968,false,生物制药,true,inf,true,rising,false,false,0.0,3.350994345907264,1.0,生物制药,-5.0,-2.0,3.0,0.3,0.5,2.3110441836018882,0.8955040827495024,1.2929314676009636,false,false,1.174974615018348,0.34462711970544235,,,,,,,0.07161803713527852,0,0.0,none,2.5205504108057513,true,decreasing_vol,12.0,波动聚集提示-2分(大波动后可能跟着大波动); 趋势不可靠-2分(Bootstrap CI过宽: 5.012); 峰值明显下跌-8分(从9.1跌至4.8，跌幅-46.8%),cyclical_bottom,"周期底部(mid_up), 近期强势(231.1%)",0,0
600733.SH,北汽蓝谷,汽车整车,-22.658408,-0.19223040166366168,-4.22336,0.889223545501417,0.016201343084432954,,-31.8825,27.089078145296156,-0.2348360594324761,-0.7999999999999999,0.08333333333333333,poor,poor,poor,true,5,false,0,true,5,false,0,0.3321495463467901,7.105143805722725,0.812457342670419,ultra_stable,false,false,none,1.4474,0.0,-5.726170000000001,-7.173570000000001,0.6994056714956509,1.0,0.9940567149565094,true,severe,-7.010400000000001,-5.122900000000001,-61.43691896380614,-28.185798545358054,-25.939784902679612,false,汽车整车,false,1.0,true,falling,false,false,0.0,0.3321495463467901,0.3990529704107655,汽车整车,-5.0,-2.0,3.0,0.3,0.5,-0.23927488951831807,0.9995413490530267,-0.13262764286124337,false,true,-0.19223040166366168,0.889223545501417,,,,,,,0.9935602575896965,3,0.08658566950747636,chronic_decline,0.11346466121009112,true,increasing_vol,72.91092185470384,复合恶化-14.0分(触发2项恶化信号); 轻度衰退-3.8分(log斜率-0.192); 严重恶化-15分; 持续衰退重罚-10.0分(最新<加权); 加速下滑-0.1分(加速度-0.13); 贝叶斯高置信度恶化-12分(恶化概率99.4%，严重恶化确认); 波动聚集风险-6分(ARCH效应+波动上升); 智能连续下跌-12分(3年实质性下跌，累计跌幅-99.9%),"","",0,0
600739.SH,辽宁成大,生物制药,3.9448430000000005,-0.5126214105462282,-1.9029900000000002,0.44712087579190324,0.21720220477211122,,2.6196,37.74757178907544,-0.33156195600841076,-0.7999999999999999,0.08333333333333333,has_loss,has_loss,has_loss,true,1,true,1,true,1,true,1,0.7740582930578134,3.495445996292891,1.8725834525459835,volatile,false,false,none,-1.9852000000000003,0.0,-0.8481499999999998,1.1370500000000003,0.4147777225715613,0.887273683190153,0.1402272231876701,false,none,2.7894,-4.4857000000000005,-39.30350564192868,1642.756183745583,-103.93428948770824,false,生物制药,false,1.0,false,rising,false,false,0.0,0.7740582930578134,0.752579967779584,生物制药,-5.0,-2.0,3.0,0.3,0.5,-0.2389279507349139,0.03742799442285369,0.08245202970844179,false,false,-0.5126214105462282,0.44712087579190324,,,,,,,0.6067415730337079,0,0.0,none,0.39394754535235327,false,increasing_vol,62.25242821092456,轻度衰退-10.3分(log斜率-0.513); 持续衰退重罚-10.0分(最新<加权); 单年巨幅下滑-15.0分(年跌-103.9%); 相对加权下滑-10.0分(最新为加权66.4%); 趋势不可靠-2分(Bootstrap CI过宽: 1.459); 峰值大幅下跌-15分(从8.3跌至2.6，跌幅-68.4%),"","",0,0
600774.SH,汉商集团,化学制药,4.827924,-0.07634547274339398,-0.36412000000000017,0.17079485223467927,0.48919194050276527,-0.020965072670510065,5.7119,98.0,-0.15137930894223073,-0.6,0.23333333333333334,good,good,good,false,0,false,0,false,0,false,0,0.2731601159908264,1.3486351982652687,0.6304029036936215,moderate,false,false,none,-1.1502500000000002,0.0,0.8976500000000001,2.0479000000000003,0.6351455836665678,0.8987634446868106,0.4526923919788674,false,none,2.6072,-0.8119000000000001,45.83822703365164,83.97590749508811,-20.72971454833274,false,化学制药,false,1.0,false,rising,false,false,0.0,0.2731601159908264,0.35186142612599447,化学制药,-5.0,-2.0,3.0,0.3,0.5,0.18449544142952967,0.3805138663466417,0.4107818079789214,true,false,-0.07634547274339398,0.17079485223467927,,,,,,,0.07161803713527852,0,0.0,none,0.24701914976663594,false,stable,2.0,趋势不可靠-2分(Bootstrap CI过宽: 0.493),"","",0,0
600789.SH,鲁抗医药,化学制药,4.80536,0.12824046871083086,0.5925999999999999,0.236531707330068,0.40612643434324036,0.06735083138694176,6.9167,108.0,0.2989317234140815,0.39999999999999997,0.48333333333333334,good,good,good,false,0,false,0,false,0,false,0,0.38207468624781,1.7680811765866407,1.0140289308882826,moderate,false,false,none,-3.1050999999999997,0.0,1.5360599999999998,4.641159999999999,0.8479000250511746,1.0,0.9923013367706216,false,none,1.9413,1.2830999999999997,87.32768193267069,39.01796840455039,34.75069739728623,false,化学制药,false,1.0,false,rising,false,false,0.0,0.38207468624781,0.4389930823315813,化学制药,-5.0,-2.0,3.0,0.3,0.5,0.30751071565719035,0.998963330489842,0.48641358693979986,false,false,0.12824046871083086,0.236531707330068,,,,,,,0.07161803713527852,0,0.0,none,0.324011958477517,false,stable,2.0,趋势不可靠-2分(Bootstrap CI过宽: 0.670),turnaround,"底部强力反转(曾跌87%, 近期斜率0.31)",0,1
600812.SH,华北制药,化学制药,1.4894190000000003,0.05633365779841886,0.13413000000000003,0.015247624517506459,0.8431792221020497,,2.9018,98.0,0.06758646845874941,0.19999999999999998,0.8166666666666667,has_loss,has_loss,has_loss,true,1,true,2,true,1,true,2,0.8125886153529744,1.1775871695972235,2.0277674270967028,high_volatility,false,false,none,-1.1954,0.0,1.4693,2.6647,0.7858407720310095,0.9835219473556318,0.9866345308577124,false,none,1.7655,1.1731,7985.326086956522,155.37270087124878,3187.771739130435,false,化学制药,false,1.0,false,rising,false,false,0.0,0.8125886153529744,0.7834042256157129,化学制药,-5.0,-2.0,3.0,0.3,0.5,0.9118592597014794,0.9960485097715029,1.7260549513532286,true,false,0.05633365779841886,0.015247624517506459,,,,,,,0.07161803713527852,0,0.0,none,0.7993020843622403,false,stable,2.0,趋势不可靠-2分(Bootstrap CI过宽: 1.743),"","",0,0
600821.SH,金开新能,新型电力,5.965693,-0.018927610180857892,-0.10053999999999999,0.1358894178667379,0.541501437534495,-0.13443552048257068,4.9695,57.0,-0.1256334099045009,-0.7999999999999999,0.08333333333333333,good,good,good,false,0,false,0,false,0,false,0,0.2506789218325795,1.5541090437932599,0.6264920317439835,stable,false,false,none,-3.3813000000000004,0.0,-0.23243,3.1488700000000005,0.6315176773617844,1.0,0.3151767736178447,true,severe,-0.4737999999999998,-0.8162000000000003,-20.608674814282292,-8.704278654492676,-13.039380142183884,false,新型电力,false,1.1438726654727531,true,falling,false,false,0.0,0.2506789218325795,0.3530594928624307,新型电力,-5.0,-2.0,3.0,0.3,0.5,-0.11356433635542283,0.9851641891868815,0.05821888147633626,true,false,-0.11465987428347263,0.6527308169963528,,,,,,,0.9060402684563759,2,-0.3324622367336818,sustained_decline,0.15263717450348205,true,decreasing_vol,43.0,严重恶化-15分; 贝叶斯高置信度恶化-12分(恶化概率90.6%，严重恶化确认); 波动聚集提示-2分(大波动后可能跟着大波动); 峰值明显下跌-8分(从8.9跌至5.0，跌幅-43.9%); 连续下跌警示-6分(2年下跌，累计-43.9%),"","",0,0
600845.SH,宝信软件,软件服务,19.5024,-0.002628230773077567,-0.04859999999999936,0.001839498995313408,0.9454082908250506,-0.00242325120011877,17.4323,111.92506266750668,-0.002937204636190238,-0.19999999999999998,0.8166666666666667,good,good,good,false,0,false,0,false,0,false,0,0.09539109544093798,1.8626733033465634,0.19272585741574347,ultra_stable,false,false,none,3.5932999999999993,0.0,-1.059399999999999,-4.6526999999999985,0.660672542884165,1.0,0.6067254288416496,true,moderate,-3.6173,0.6959000000000017,-14.353164289539485,-17.184649589540893,3.4190343770420206,false,软件服务,false,1.0377769152537375,true,falling,false,false,0.0,0.09539109544093798,0.2146831317199154,软件服务,-5.0,-2.0,3.0,0.3,0.5,-0.07735958069098503,0.5932882372460191,-0.14987466498663182,false,true,-0.002628230773077567,0.001839498995313408,,,,,,,0.9025069637883009,1,0.0,single_year_drop,0.09530988686233219,false,stable,11.074937332493317,中度恶化-10分; 加速下滑-0.1分(加速度-0.15); 贝叶斯恶化预警-8分(恶化概率90.3%),"high_growth,stable_dividend","优质护城河(高位企稳: 17.4 > 15.0, 稳健斜率=-0.00); 稳定分红型(值=17.4,CV=9.5%,稳定)",1,0
600850.SH,电科数字,软件服务,10.52368,-0.030658372636954256,-0.32364,0.21464769669509276,0.431947965934956,-0.03607369574775865,9.7802,100.0,-0.023257239094302273,-0.6,0.23333333333333334,good,good,good,false,0,false,0,false,0,false,0,0.10818904402032911,1.1560540298792268,0.24725094754573948,ultra_stable,false,false,none,0.5468500000000001,0.0,-1.3209999999999997,-1.8678499999999998,0.4150095737464731,0.20642100433610205,0.7778366671238781,false,none,-0.09819999999999851,-2.543800000000001,-21.268374362029267,-0.9940881114350353,-20.477854164318725,false,软件服务,false,1.239963266854325,true,falling,false,false,0.0,0.10818904402032911,0.2518796707968399,软件服务,-5.0,-2.0,3.0,0.3,0.5,-0.1190689984803961,0.7812464151594329,-0.1649876690341736,false,false,-0.030658372636954256,0.21464769669509276,,,,,,,0.49090909090909096,0,-0.9514554550756023,none,0.09701286636311512,false,stable,0.0,"","","",0,0
600851.SH,海欣股份,化学制药,3.6124620000000003,0.16352794010532898,0.52414,0.526279221397876,0.16539248192521794,0.1306007991731435,3.7017,85.77029435645544,0.14444660930822611,0.19999999999999998,0.8166666666666667,good,good,good,false,0,false,0,false,0,false,0,0.3490906275850153,1.2061849182442965,0.7376375455108504,moderate,false,false,none,1.2068,0.0,-0.4886999999999999,-1.6955,0.6533268853950519,0.7081433328750847,0.8824073582467757,true,moderate,-0.7976999999999994,-0.17970000000000041,-20.888632429313326,-17.729030537404974,-3.8404821440020602,false,化学制药,false,2.1963481036425088,true,falling,false,false,0.0,0.3490906275850153,0.5721189158870135,化学制药,-5.0,-2.0,3.0,0.3,0.5,-0.1138883816050631,0.8718565708429715,-0.4594112870891265,false,true,0.16352794010532898,0.526279221397876,,,,,,,0.9932937344318835,1,3.6163554138882263,single_year_drop,0.2536449199923138,false,decreasing_vol,14.229705643544563,"中度恶化-10分; 加速下滑-0.2分(加速度-0.46); 贝叶斯恶化预警-8分(恶化概率99.3%); 趋势不确定预警-4分(Bootstrap CI跨零: [-0.114, 0.410])","","",0,0
600875.SH,东方电气,电气设备,6.935275000000001,0.1023318336964557,0.64455,0.710451105956046,0.07297273659340864,0.09545788099340258,7.0366,86.0,0.14185672747150357,0.6,0.23333333333333334,good,good,good,false,0,false,0,false,0,false,0,0.18566872434451734,1.2278272740902931,0.48558899138061395,ultra_stable,false,false,none,1.1028499999999997,0.0,-0.027699999999999832,-1.1305499999999995,0.6501785690679054,0.9996340163879536,0.0021516742910998644,true,moderate,-1.0609000000000002,1.0055000000000005,-0.7811618725324263,-13.1015745600494,14.177946982515518,false,电气设备,false,1.0,true,falling,false,false,0.0,0.18566872434451734,0.2818683128089472,电气设备,-5.0,-2.0,3.0,0.3,0.5,-0.0038824377836970125,0.0024631223872908607,-0.18746035031373642,false,false,0.1023318336964557,0.710451105956046,,,,,,,0.8223350253807107,1,0.0,single_year_drop,0.10355327737276701,false,stable,14.0,"中度恶化-10分; 贝叶斯中度恶化预警-5分(恶化概率82.2%); 趋势不确定预警-4分(Bootstrap CI跨零: [-0.004, 0.185])","","",0,0
600885.SH,宏发股份,电气设备,15.14483,0.0023899045080580717,0.030419999999999982,0.007091133089911072,0.8929087933460881,0.0077875690116850915,14.6728,94.96034214981063,-0.016104031725197365,-0.19999999999999998,0.8166666666666667,good,good,good,false,0,false,0,false,0,false,0,0.044667561933239446,0.6758032383763781,0.10747130463289888,ultra_stable,false,false,none,1.6259999999999994,0.0,-0.39171999999999996,-2.0177199999999993,0.7857473312570975,1.0,0.955698716210383,false,none,-0.5853000000000002,-0.3841000000000001,-6.197337970362227,-3.8359953074104913,-2.4555369449310205,false,电气设备,false,1.0,true,falling,false,false,0.0,0.044667561933239446,0.1690673828799249,电气设备,-5.0,-2.0,3.0,0.3,0.5,-0.031918968080142385,0.983734121816213,-0.07931570037874636,false,true,0.0023899045080580717,0.007091133089911072,,,,,,,0.7990783742539247,0,0.562181874448747,none,0.044554287691070615,false,decreasing_vol,5.039657850189373,加速下滑-0.0分(加速度-0.08); 贝叶斯中度恶化预警-5分(恶化概率79.9%),"","",0,0
600905.SH,三峡能源,新型电力,5.1334,-0.08775612092629542,-0.44743999999999995,0.7173108999222585,0.07020800887622801,-0.0869138302750393,4.0639,46.89541943800031,-0.08584151015606567,-0.39999999999999997,0.48333333333333334,good,good,good,false,0,false,0,false,0,false,0,0.1559319736460427,0.8353462946586883,0.36771623558927186,ultra_stable,false,false,none,0.09365000000000023,0.0,-0.98495,-1.0786000000000002,0.8410411743802166,0.8621885249581468,0.9976527152889747,true,severe,-0.9021999999999997,-1.0677000000000003,-32.64775100268487,-18.167173435895364,-17.695316384368066,false,新型电力,false,1.0,true,falling,false,false,0.0,0.1559319736460427,0.2580789122501675,新型电力,-5.0,-2.0,3.0,0.3,0.5,-0.19361309010613992,0.9999622677255763,-0.2091611239993827,false,true,-0.08775612092629542,0.7173108999222585,,,,,,,0.9872029250457038,2,0.026665646506559983,sustained_decline,0.08291420078986739,true,increasing_vol,53.10458056199969,"严重恶化-15分; 加速下滑-0.1分(加速度-0.21); 贝叶斯高置信度恶化-12分(恶化概率98.7%，严重恶化确认); 波动率飙升预警-8.0分(近期波动是早期的10.5倍); 趋势不确定预警-4分(Bootstrap CI跨零: [-0.194, 0.017]); 峰值明显下跌-8分(从6.0跌至4.1，跌幅-32.6%); 连续下跌警示-6分(2年下跌，累计-30.5%)","","",0,0
600930.SH,华电新能,新型电力,5.17784,-0.07786342987261437,-0.39984,0.6041370678860122,0.12188587493529372,-0.09172760386190992,4.1205,53.0,-0.0893176590806449,-0.6,0.23333333333333334,good,good,good,false,0,false,0,false,0,false,0,0.15265417812366597,0.820937532946326,0.38093927583231685,ultra_stable,false,false,none,0.057250000000000245,0.0,-1.0243000000000002,-1.0815500000000005,0.6014894051879481,0.016129591451021993,0.9987644604284592,true,severe,-1.0867000000000004,-0.9619,-33.20743706537421,-20.869181133814728,-15.592225770371689,false,新型电力,false,1.1558249334882154,true,falling,false,false,0.0,0.15265417812366597,0.2762333336306948,新型电力,-5.0,-2.0,3.0,0.3,0.5,-0.19783704280017567,0.9919254858269286,-0.20708142780098915,false,false,-0.07786342987261437,0.6041370678860122,,,,,,,0.9935602575896965,2,0.3384350278887249,sustained_decline,0.09738196373247988,true,stable,47.0,"严重恶化-15分; 贝叶斯高置信度恶化-12分(恶化概率99.4%，严重恶化确认); 波动聚集提示-2分(大波动后可能跟着大波动); 趋势不确定预警-4分(Bootstrap CI跨零: [-0.198, 0.026]); 峰值明显下跌-8分(从6.2跌至4.1，跌幅-33.2%); 连续下跌警示-6分(2年下跌，累计-31.9%)","","",0,0
600980.SH,北矿科技,专用机械,7.324505,0.0028282629047195144,0.020395000000000076,0.03137272814576835,0.7756641893244354,0.0076296494475789345,7.123,98.0,-0.0072671628833054225,-0.19999999999999998,0.8166666666666667,good,good,good,false,0,false,0,false,0,false,0,0.12094852436787404,0.8965551265817397,0.295506360705276,ultra_stable,false,false,none,2.0744999999999996,0.0,-0.6042799999999998,-2.6787799999999993,0.6629797246181284,1.0,0.6297972461812842,false,none,0.3292999999999999,-0.45920000000000005,-1.7910077348371012,4.847137789422551,-6.331260599208593,false,专用机械,false,1.3224310758496842,true,rising,false,false,0.0,0.12094852436787404,0.2730829629409238,专用机械,-5.0,-2.0,3.0,0.3,0.5,-0.008949992590315592,0.07164551630044978,-0.03294922890980745,false,false,-0.021698466623543935,0.09303709753426101,,,,,,,0.2783505154639176,0,0.0,none,0.11494765498385123,true,decreasing_vol,2.0,波动聚集提示-2分(大波动后可能跟着大波动),"","",0,0
601016.SH,节能风电,新型电力,5.254555,0.043351874269254825,0.21162999999999998,0.1476826495797507,0.523025883871633,0.02596668763808241,4.7815,70.81289338650647,0.025758409494752887,0.39999999999999997,0.48333333333333334,good,good,good,false,0,false,0,false,0,false,0,0.18972550023797763,0.9768472720952851,0.4526738580701297,stable,false,false,none,1.16535,0.0,-0.9323499999999999,-2.0977,0.6774124740142184,0.7797490125594267,0.994375727582758,true,severe,-0.8108999999999993,-1.0538000000000007,-28.05663386596852,-14.500035762820959,-15.85567692816949,false,新型电力,false,1.0,true,falling,false,false,0.0,0.18972550023797763,0.28511373352371544,新型电力,-5.0,-2.0,3.0,0.3,0.5,-0.16207174980503392,0.9991312103203228,-0.3742132269870553,false,true,0.043351874269254825,0.1476826495797507,,,,,,,0.9507042253521126,2,-0.08549878831978938,sustained_decline,0.17824721720063696,false,stable,29.187106613493526,严重恶化-15分; 加速下滑-0.2分(加速度-0.37); 贝叶斯高置信度恶化-12分(恶化概率95.1%，严重恶化确认); 趋势不可靠-2分(Bootstrap CI过宽: 0.399),"","",0,0
601089.SH,福元医药,化学制药,17.654753,-0.1975452771092615,-3.5918899999999994,0.8639849490988034,0.022227890356916045,-0.14739199682522963,12.7269,65.04909445781476,-0.18636514394683618,-0.7999999999999999,0.08333333333333333,good,good,good,false,0,false,0,false,0,false,0,0.33142199581144005,6.208302880578556,0.7165690101386266,stable,false,false,none,2.0660999999999987,0.0,-4.508039999999999,-6.574139999999998,0.5526691861755642,1.0,0.8583977243687319,false,none,-0.2179000000000002,-4.811399999999999,-28.324190986810237,-1.6833014028799225,-27.097014000743396,false,化学制药,false,1.0,true,falling,false,false,0.0,0.33142199581144005,0.39847092998248534,化学制药,-5.0,-2.0,3.0,0.3,0.5,-0.16613449416132275,0.7880990932458354,-0.013912793674582868,false,false,-0.1975452771092615,0.8639849490988034,,,,,,,0.49090909090909096,0,-0.9378787122878652,none,0.13387322094640433,false,decreasing_vol,34.95090554218523,轻度衰退-4.0分(log斜率-0.198); 持续衰退重罚-10.0分(最新<加权); 峰值大幅下跌-15分(从26.1跌至12.7，跌幅-51.3%); 连续下跌警示-6分(2年下跌，累计-47.2%),"","",0,0
601126.SH,四方股份,电气设备,12.798715,0.15787149363048447,1.77515,0.9318470652900709,0.007711484900193363,0.17466350529104413,14.9212,98.0,0.15430294521911264,0.9999999999999999,0.016666666666666666,good,good,good,false,0,false,0,false,0,false,0,0.23959987461931923,2.853907650573158,0.5947541545141776,ultra_stable,false,false,none,2.3578,0.0,1.1843000000000004,-1.1734999999999998,0.7343956433419184,0.9988905723558935,0.9926010999390744,false,none,1.007200000000001,1.3613999999999997,18.86939757500439,7.238752335776923,10.845561875627357,false,电气设备,false,1.0,false,rising,false,false,0.0,0.23959987461931923,0.3250132330287887,电气设备,-5.0,-2.0,3.0,0.3,0.5,0.08619667008488019,0.9879663560229454,-0.14810771163970424,false,true,0.15787149363048447,0.9318470652900709,,,,,,,0.07161803713527852,0,0.0,none,0.043372748908189505,true,decreasing_vol,2.0,波动聚集提示-2分(大波动后可能跟着大波动),"","",0,0
601127.SH,赛力斯,汽车整车,-11.939824000000002,-0.1280461902379816,-2.8495799999999996,0.4058757111175201,0.2476621043851187,,32.1465,121.22624432171787,-0.009665555785895563,0.0,1.0,poor,poor,poor,true,4,false,0,true,5,false,0,1.8777192547427366,27.33125527556318,4.748357328745856,high_volatility,false,false,none,-10.203349999999999,0.0,34.557500000000005,44.760850000000005,0.6707267771536701,0.8910132399138854,0.8162545316228161,false,none,62.9562,6.158799999999999,186.9564629346606,204.33889327062582,16.659588568646278,false,汽车整车,false,1.0,false,rising,false,false,0.0,1.8777192547427366,1.0,汽车整车,-5.0,-2.0,3.0,0.3,0.5,4.233544424404327,0.7661274539715714,4.634664447579433,true,false,1.4926722913435868,0.42387759135966735,,,,,,,0.02015677491601344,0,0.0,none,1.6213442661218782,false,increasing_vol,3.7737556782821358,波动率飙升预警-6.8分(近期波动是早期的3.4倍); 趋势不可靠-2分(Bootstrap CI过宽: 0.606),"high_growth,turnaround","优质护城河(高位企稳: 32.1 > 15.0, 稳健斜率=-0.01); 扭亏为盈(曾亏损4年 -> 最新32.1)",1,1
601137.SH,博威合金,小金属,8.736264,0.16346773073141288,1.3936799999999998,0.5636991606647994,0.1436211686846636,0.1133828214242214,11.4492,96.0,0.19030239763067275,0.6,0.23333333333333334,good,good,good,false,0,false,0,false,0,false,0,0.3328442430505168,2.768651668773087,0.7814468584398472,moderate,false,false,none,-2.5017000000000005,0.0,2.35363,4.85533,0.6931925552459892,1.0,0.9319255524598915,false,none,0.5603999999999996,4.035699999999999,67.0659993287709,5.1465726250826505,58.888678116472825,false,小金属,true,1.0,false,rising,true,false,0.0,0.3328442430505168,0.9656884861010336,小金属,-5.0,-2.0,1.6,0.3,0.24,0.25491969228833167,0.8227551261782956,0.29631924718075253,false,false,0.16346773073141288,0.5636991606647994,,,,,,,0.07161803713527852,0,0.0,none,0.20150824901337244,false,stable,4.0,"周期顶部预警-5分(警惕景气回落); 趋势不确定预警-4分(Bootstrap CI跨零: [-0.093, 0.399])","","",0,0
601179.SH,中国西电,电气设备,3.3035080000000003,0.2573959901912433,0.7477600000000001,0.8832851315492416,0.017555691070995343,0.3559380340267855,4.4377,100.0,0.23649874018157138,0.9999999999999999,0.016666666666666666,good,good,good,false,0,false,0,false,0,false,0,0.39360006359300304,1.211965443814303,1.014848108912113,ultra_stable,false,false,none,1.4179000000000002,0.0,0.61233,-0.8055700000000001,0.6560222669442044,1.0,0.9490826694420443,false,none,0.4792000000000005,1.0023,50.11501251606795,12.105595553871428,33.90501319261214,false,电气设备,false,1.0,false,rising,false,false,0.0,0.39360006359300304,0.4482133842077358,电气设备,-5.0,-2.0,3.0,0.3,0.5,0.19561954766293776,0.9414785808446651,-0.16351677007453447,false,true,0.2573959901912433,0.8832851315492416,,,,,,,0.07161803713527852,0,0.0,none,0.0865340521976495,false,stable,0.0,"","","",0,0
601222.SH,林洋能源,新型电力,5.464085,-0.12474563905276291,-0.72423,0.8374150343523409,0.029312762980332068,-0.13549752209081423,4.1834,74.0,-0.14181714046524402,-0.7999999999999999,0.08333333333333333,good,good,good,false,0,false,0,false,0,false,0,0.21327740122591468,1.2425967950224241,0.567488242765439,ultra_stable,false,false,none,-1.12725,0.0,-0.5259,0.60135,0.3367940875856775,0.9989350336632544,0.4124400853008959,true,moderate,-1.6131000000000002,0.5613000000000001,-20.090922982885086,-27.828862244457863,10.721653422982888,false,新型电力,false,1.1072165342298288,true,falling,false,false,0.0,0.21327740122591468,0.3182507922113756,新型电力,-5.0,-2.0,3.0,0.3,0.5,-0.109645872129011,0.45023855593508993,0.06712990585916301,true,false,-0.12474563905276291,0.8374150343523409,,,,,,,0.9487554904831625,1,0.0,single_year_drop,0.08280983216913657,false,stable,26.0,中度恶化-10分; 贝叶斯恶化预警-8分(恶化概率94.9%); 峰值明显下跌-8分(从7.5跌至4.2，跌幅-44.1%),"","",0,0
601311.SH,骆驼股份,电气设备,6.389209000000001,-0.11299127595362629,-0.79937,0.47308162967028666,0.19929679818217863,-0.08170643904009067,5.8887,90.0,-0.10665616533287366,-0.19999999999999998,0.8166666666666667,good,good,good,false,0,false,0,false,0,false,0,0.264517911300805,1.7534945243712623,0.5923801708246468,stable,false,false,none,-1.7522499999999999,0.0,0.556,2.30825,0.5950614181330562,0.6607589489684075,0.9724144118080166,false,none,0.3937999999999997,0.7182000000000004,23.279670065107712,7.166645434857771,15.035484748885223,false,电气设备,false,1.8220947516067578,true,rising,false,false,0.0,0.264517911300805,0.45456029592154507,电气设备,-5.0,-2.0,3.0,0.3,0.5,0.10281851543632348,0.9635246189171722,0.3743598432633539,true,false,-0.11299127595362629,0.47308162967028666,,,,,,,0.07161803713527852,0,0.0,none,0.18334937842639557,false,decreasing_vol,10.0,趋势不可靠-2分(Bootstrap CI过宽: 0.419); 峰值明显下跌-8分(从8.7跌至5.9，跌幅-32.3%),"","",0,0
601567.SH,三星医疗,电气设备,11.581855000000001,0.1662837155622953,1.8726500000000001,0.6394867501523185,0.1043332339111391,0.12055566805780527,14.6434,96.0,0.19984460917930968,0.39999999999999997,0.48333333333333334,good,good,good,false,0,false,0,false,0,false,0,0.32747757556497525,3.608822531380561,0.727319089006775,stable,false,false,none,-2.2406999999999995,0.0,2.8791199999999995,5.119819999999999,0.6832114808740137,1.0,0.8573445447190462,false,none,-0.4186999999999994,6.001999999999999,61.62514762530215,-2.779824858419473,66.24650942042581,false,电气设备,false,2.13737760749255,true,falling,false,false,0.0,0.32747757556497525,0.5469657414509869,电气设备,-5.0,-2.0,3.0,0.3,0.5,0.23912081451166964,0.7060316957939067,0.2514531388698671,false,false,0.1662837155622953,0.6394867501523185,,,,,,,0.16167664670658682,0,0.0,none,0.1872169500821959,false,increasing_vol,4.0,"趋势不确定预警-4分(Bootstrap CI跨零: [-0.050, 0.394])","","",0,0
601608.SH,中信重工,专用机械,2.790176,0.08668628907579537,0.27812,0.5849499044839831,0.13197350270500138,0.06582036732561591,3.1906,95.80350877192983,0.07077426024918373,0.39999999999999997,0.48333333333333334,good,good,good,false,0,false,0,false,0,false,0,0.3947053499309778,1.0683647588721747,1.0767934858907764,volatile,false,false,none,-0.6718500000000001,0.0,1.0309,1.70275,0.42726700828633046,0.6268903323205064,0.4732757037621282,true,moderate,-0.8528000000000002,2.9146,182.65414599574768,-21.09116090418955,258.2034018426648,false,专用机械,false,2.9862686038270727,true,falling,false,false,0.0,0.3947053499309778,0.7139334271217253,专用机械,-5.0,-2.0,3.0,0.3,0.5,0.45373710376428134,0.5705219794757228,0.7874307841300161,true,false,0.08668628907579537,0.10351680516823633,,,,,,,0.6492985971943889,1,0.0,single_year_drop,0.3597192504513403,false,increasing_vol,4.196491228070177,中度恶化-10分; 波动率飙升预警-4.2分(近期波动是早期的2.1倍),"","",0,0
601616.SH,广电电气,电气设备,2.4360990000000005,-0.0674116896733761,-0.21319500000000002,0.46764562056707687,0.20296906937183434,-0.05444699852481116,2.4558,72.38108213312573,-0.1086423234268264,-0.6,0.23333333333333334,good,good,good,false,0,true,1,false,0,false,0,0.47548788941675274,1.2227646564241215,1.2769870897495723,volatile,false,false,none,-0.10024999999999995,0.0,-0.20795000000000008,-0.10770000000000013,0.09490794554144509,0.03595210558248538,0.029206608554487784,false,none,1.8685999999999998,-2.2845,-14.482710589546265,318.2220708446866,-79.55218163457185,false,电气设备,false,6.592472752043596,true,rising,false,false,0.0,0.47548788941675274,1.0,电气设备,-5.0,-2.0,3.0,0.3,0.5,-0.07319240543700234,0.01208798747708318,-0.04121243038070865,false,false,-0.19258376015347697,0.2673096111385206,,,,,,,0.2783505154639176,0,0.0,none,0.38596268972791253,false,increasing_vol,27.61891786687427,单年巨幅下滑-15.0分(年跌-79.6%); 波动率飙升预警-4.6分(近期波动是早期的2.3倍); 峰值明显下跌-8分(从3.9跌至2.5，跌幅-36.6%),"","",0,0
601619.SH,嘉泽新能,新型电力,8.417411,0.04556558869762078,0.22077000000000027,0.0667162992853743,0.6748229549500522,0.08319533928609801,7.3851,75.0,0.0144470799138684,0.0,1.0,good,good,good,false,0,false,0,false,0,false,0,0.2685393304850516,2.2426202859601534,0.7149887800286905,moderate,false,false,none,5.971,0.0,-1.0517999999999996,-7.0228,0.6616859422553223,1.0,0.6168594225532222,true,moderate,-2.1169000000000002,1.3332000000000015,-9.593820389775717,-22.27846769101242,16.32063460973462,false,新型电力,false,1.2754321320144941,true,falling,false,false,0.0,0.2685393304850516,0.38488908198997385,新型电力,-5.0,-2.0,3.0,0.3,0.5,-0.05001527272075034,0.15767383314685984,-0.257849410538475,false,false,0.04556558869762078,0.0667162992853743,,,,,,,0.9025069637883009,1,0.0,single_year_drop,0.26526636646914264,true,decreasing_vol,25.0,中度恶化-10分; 贝叶斯恶化预警-8分(恶化概率90.3%); 波动聚集提示-2分(大波动后可能跟着大波动); 趋势不可靠-2分(Bootstrap CI过宽: 0.488); 峰值明显下跌-8分(从11.3跌至7.4，跌幅-34.8%),"","",0,0
601633.SH,长城汽车,汽车整车,8.925304,-0.001074091953047196,-0.009680000000000001,0.00037083405562285225,0.9754826752377084,0.15146919567505424,12.465,92.0,0.10446260562153109,0.39999999999999997,0.48333333333333334,good,good,good,false,0,false,0,false,0,false,0,0.26094616181996994,2.2520019089689955,0.6339642230601125,stable,false,false,none,0.8034499999999998,0.0,1.88375,1.0803000000000003,0.4407754211908416,0.9999509149826744,0.452706289929848,false,none,5.4712,-1.7036999999999995,43.31704512791032,78.22928879865022,-19.588387467663118,false,汽车整车,false,1.2436014755926676,true,rising,false,false,0.0,0.26094616181996994,0.37457045953499835,汽车整车,-5.0,-2.0,3.0,0.3,0.5,0.1791028178240035,0.3810927631134684,0.07779359831187782,true,false,0.10004227743568134,0.4543093470965116,,,,,,,0.07161803713527852,0,0.0,none,0.18867959764464232,true,increasing_vol,8.0,波动率飙升预警-8.0分(近期波动是早期的4.5倍),"","",0,0
601717.SH,中创智领,专用机械,11.967015,0.1410661488008191,1.5419900000000002,0.9702066436440809,0.00220239446288889,0.16130237374619227,14.3473,100.0,0.1362269129593574,0.9999999999999999,0.016666666666666666,good,good,good,false,0,false,0,false,0,false,0,0.21930282308843158,2.4553187933545417,0.5768925028715561,ultra_stable,false,false,none,2.2410000000000005,0.0,1.4301700000000002,-0.8108300000000004,0.5456337672071483,1.0,0.979692084694522,false,none,1.7157999999999998,1.6480000000000015,30.625938908362553,13.583501563551437,15.004324668821429,false,专用机械,false,1.0,false,rising,false,false,0.0,0.21930282308843158,0.3087755918040786,专用机械,-5.0,-2.0,3.0,0.3,0.5,0.13315700409009734,0.9992918031380411,-0.03137958373349803,false,false,0.1410661488008191,0.9702066436440809,,,,,,,0.07161803713527852,0,0.0,none,0.02592630101194962,false,stable,0.0,"","","",0,0
601727.SH,上海电气,电气设备,0.548092,-0.12547118409198887,-0.424325,0.03599008746052582,0.7599098503698332,,2.3206,88.0,0.5701217125713868,0.19999999999999998,0.8166666666666667,poor,poor,has_loss,true,2,true,1,true,1,true,1,9.623061836600103,4.079600835008248,24.884653488701225,high_volatility,false,false,none,-10.5496,0.0,2.8136599999999996,13.36326,0.6844860885243581,1.0,0.8448608852435809,false,none,0.18530000000000024,2.7137000000000002,501.2102351313969,8.677937526342914,469.1735822959889,false,电气设备,false,1.0,false,rising,false,false,0.0,9.623061836600103,1.0,电气设备,-5.0,-2.0,3.0,0.3,0.5,1.0643382686088088,0.7767085686502089,2.43270213991672,true,false,0.2803192087897612,0.05170255842973404,,,,,,,0.07161803713527852,0,0.0,none,9.498474654851243,true,decreasing_vol,12.0,波动聚集提示-2分(大波动后可能跟着大波动); 趋势不可靠-2分(Bootstrap CI过宽: 2.656); 峰值明显下跌-8分(从4.4跌至2.3，跌幅-47.2%),"","",0,0
601778.SH,晶科科技,新型电力,4.318647,-0.21927124866965853,-1.08031,0.9310550044740693,0.007848276233641448,-0.19573278917177894,3.0951,11.614575026606829,-0.22916499345723335,-0.9999999999999999,0.016666666666666666,good,good,good,false,0,false,0,false,0,false,0,0.3904093321964204,1.8125690229616087,0.9266510724270584,stable,false,true,improving,-1.7850500000000002,0.0,-0.36605,1.4190000000000003,0.9143862504247875,0.999546588454846,0.9689744666194094,true,severe,-0.25260000000000016,-0.4794999999999998,-19.128867056856187,-7.5454789855721875,-12.528741638795982,false,新型电力,false,1.0,false,falling,false,false,0.0,0.3904093321964204,0.44566079909046963,新型电力,-5.0,-2.0,3.0,0.3,0.5,-0.10191453211382884,0.9771454398992762,0.22152177339489287,true,false,-0.21927124866965853,0.9310550044740693,,,,,,,0.9747292418772563,4,-0.3977464614477187,chronic_decline,0.1306145264428257,true,decreasing_vol,88.38542497339317,复合恶化-14.0分(触发2项恶化信号); 轻度衰退-4.4分(log斜率-0.219); 严重恶化-15分; 持续衰退重罚-10.0分(最新<加权); 贝叶斯高置信度恶化-12分(恶化概率97.5%，严重恶化确认); 波动聚集提示-2分(大波动后可能跟着大波动); 峰值大幅下跌-15分(从7.4跌至3.1，跌幅-58.2%); 智能连续下跌-16分(4年实质性下跌，累计跌幅-58.2%),"","",0,0
601877.SH,正泰电器,电气设备,9.481137,-0.023483672395652855,-0.19084000000000004,0.37296253417168784,0.2739065857499943,-0.18006319569228524,7.6117,52.0,-0.08626135026743387,-0.7999999999999999,0.08333333333333333,good,good,good,false,0,false,0,false,0,false,0,0.38148975711631045,3.8322095763410426,0.9187307996312732,moderate,false,false,none,-8.274799999999999,0.0,-0.3639599999999999,7.910839999999999,0.8284433664726673,1.0,0.647535900959899,true,severe,-0.6040999999999999,-0.777000000000001,-15.357841829018778,-7.352905377443461,-8.64024552975715,false,电气设备,false,1.0498371449584984,true,falling,false,false,0.0,0.38148975711631045,0.44517009168751487,电气设备,-5.0,-2.0,3.0,0.3,0.5,-0.08276377561173831,0.997624477051948,0.22982498594566692,true,false,-0.16228467837156085,0.6455664410019356,,,,,,,0.9507042253521126,2,-0.14899346874808916,sustained_decline,0.24061482538399928,false,decreasing_vol,48.0,严重恶化-15分; 贝叶斯高置信度恶化-12分(恶化概率95.1%，严重恶化确认); 峰值大幅下跌-15分(从16.8跌至7.6，跌幅-54.8%); 连续下跌警示-6分(2年下跌，累计-54.8%),"","",0,0
601958.SH,金钼股份,小金属,13.566772,0.6529499510902789,5.35004,0.8764958097820282,0.01915256723232344,0.8914572276493411,18.9212,107.0,0.7412647520236988,0.7999999999999999,0.08333333333333333,good,good,good,false,0,false,0,false,0,false,0,0.7688718496281676,9.19706053600823,1.807902850416661,moderate,false,false,none,5.168799999999999,0.0,3.5526499999999994,-1.6161499999999998,0.420756892595994,0.9451015732958388,0.3875488158940787,true,moderate,-4.1828,11.2881,60.13337959867636,-18.104224376731302,95.53313755194273,false,小金属,true,1.0,true,falling,true,false,0.0,0.7688718496281676,1.0,小金属,-5.0,-2.0,1.6,0.3,0.24,0.23487431671348233,0.46727965592994564,-0.7559824197582239,false,true,0.6529499510902789,0.8764958097820282,,,,,,,0.6492985971943889,1,0.0,single_year_drop,0.3017545536002255,false,stable,8.0,中度恶化-10分; 周期回落期-3分(景气下行趋势); 趋势不可靠-2分(Bootstrap CI过宽: 0.761),high_growth,"优质护城河(高位企稳: 18.9 > 15.0, 稳健斜率=0.74)",1,0
601985.SH,中国核电,新型电力,5.1294900000000005,0.016762343582372632,0.09118000000000014,0.2805875861555308,0.3585805848768116,-0.06272454712341569,3.9614,62.39018699483281,-0.02736181005308347,-0.39999999999999997,0.48333333333333334,good,good,good,false,0,false,0,false,0,false,0,0.14723282430763004,0.7740412379195312,0.35006828652187644,stable,false,false,none,0.33355000000000024,0.0,-0.9194000000000002,-1.2529500000000005,0.6582767772807396,0.7482011795629846,0.8345665932444118,true,moderate,-1.6284000000000005,-0.21039999999999992,-31.70235509120376,-29.131632616551585,-3.6274611220302733,false,新型电力,false,1.0,true,falling,false,false,0.0,0.14723282430763004,0.2511195927794374,新型电力,-5.0,-2.0,3.0,0.3,0.5,-0.1865406495249866,0.8223946636179461,-0.24662884488607784,false,true,-0.054247343376484736,0.297525483904899,,,,,,,0.996635585888686,1,7.030860052401263,single_year_drop,0.12558219078292807,false,increasing_vol,37.60981300516719,中度恶化-10分; 加速下滑-0.1分(加速度-0.25); 贝叶斯恶化预警-8分(恶化概率99.7%); 波动率飙升预警-5.5分(近期波动是早期的2.7倍); 峰值明显下跌-8分(从5.8跌至4.0，跌幅-31.7%); 连续下跌警示-6分(2年下跌，累计-22.8%),"","",0,0
603014.SH,威高血净,医疗保健,7.81964,0.0672705341687903,0.5177200000000001,0.6932815349019515,0.08009673396100592,0.04944988270270967,8.2992,90.58641384135875,0.06595220036961122,0.6,0.23333333333333334,good,good,good,false,0,false,0,false,0,false,0,0.13172791677704823,0.9959657986095706,0.2993077433809738,ultra_stable,false,false,none,-0.1795,0.0,0.6761000000000001,0.8556000000000001,0.4373353131719107,1.0,0.6879718005363202,true,moderate,-0.6263999999999985,1.8511999999999995,17.313129028610213,-7.018015595590196,26.167590184326578,false,医疗保健,false,1.3396571908864405,true,falling,false,false,0.0,0.13172791677704823,0.28400329220649734,医疗保健,-5.0,-2.0,3.0,0.3,0.5,0.07916414409962869,0.4504766158181986,0.06264002628479703,true,false,0.0672705341687903,0.6932815349019515,,,,,,,0.4807121661721069,1,0.0,single_year_drop,0.075035856201272,false,increasing_vol,9.413586158641252,中度恶化-10分; 波动率飙升预警-8.0分(近期波动是早期的4.2倍),"","",0,0
603015.SH,弘讯科技,电气设备,3.6608,-0.007872218192177849,-0.029210000000000094,0.3442174827300573,0.2983872204184289,-0.01139073980062677,3.5039,95.0,-0.032364812575923246,-0.19999999999999998,0.8166666666666667,good,good,good,false,0,false,0,false,0,false,0,0.17513421998820075,0.6534643043043745,0.47965544781599584,stable,false,false,none,1.1163000000000003,0.0,-0.3131900000000002,-1.4294900000000004,0.4271756011567036,1.0,0.2879692678281674,true,moderate,-0.2008000000000001,0.7098999999999998,16.999465740617055,-5.420141981806896,23.70442099639374,false,电气设备,false,1.4173233604915185,true,falling,false,false,0.0,0.17513421998820075,0.32908382405609643,电气设备,-5.0,-2.0,3.0,0.3,0.5,0.07499527078272361,0.5046617090487933,0.1720600503460049,false,false,-0.033706696653144165,0.10688843238702307,,,,,,,0.4807121661721069,1,0.0,single_year_drop,0.16465122055488057,false,decreasing_vol,5.0,中度恶化-10分,"","",0,0
603016.SH,新宏泰,电气设备,7.9864,0.042692413185965,0.32776,0.40371865262770157,0.24932726562906574,0.02327469371914348,8.1707,95.0,0.031672459702987,0.19999999999999998,0.8166666666666667,good,good,good,false,0,false,0,false,0,false,0,0.10291018407277827,0.8050169731129895,0.24286291374135177,ultra_stable,false,false,none,0.5152499999999995,0.0,-0.15604999999999958,-0.6712999999999991,0.32916381228291763,0.2935210221420451,0.8857972396227578,false,none,-0.2530999999999999,-0.058999999999999275,-3.679209694912048,-3.004582255039292,-0.6955250624793616,false,电气设备,false,1.2885918274343002,true,falling,false,false,0.0,0.10291018407277827,0.25414039091612933,电气设备,-5.0,-2.0,3.0,0.3,0.5,-0.018609204565722903,0.8839638282093039,-0.08286057180778572,false,false,0.042692413185965,0.40371865262770157,,,,,,,0.8801826812200816,0,2.3090571925599304,none,0.07875009255823556,false,decreasing_vol,5.0,贝叶斯恶化预警-8分(恶化概率88.0%),"","",0,0
603019.SH,中科曙光,IT设备,8.744480000000001,-0.004527752541212626,-0.0411999999999999,0.05239913852710467,0.7111102683941323,-0.007572955376974,8.7711,98.0,-0.0041539241609716004,-0.19999999999999998,0.8166666666666667,good,good,good,false,0,false,0,false,0,false,0,0.03141761278319724,0.2753778894537465,0.07011915464547948,ultra_stable,false,false,none,-0.6145999999999994,0.0,0.056010000000000025,0.6706099999999994,0.40667942594968187,1.0,0.07557676056605257,false,none,0.21419999999999995,-0.4712999999999994,-2.8477437362929425,2.5032429968797105,-5.220309696284967,false,IT设备,false,1.063129261313456,true,rising,false,false,0.0,0.03141761278319724,0.16688465840168526,IT设备,-5.0,-2.0,3.0,0.3,0.5,-0.014355025259558118,0.2898716232056867,-0.01360146813144869,false,false,-0.004527752541212626,0.05239913852710467,,,,,,,0.2783505154639176,0,0.0,none,0.030525896147556877,true,decreasing_vol,2.0,波动聚集提示-2分(大波动后可能跟着大波动),"","",0,0
603031.SH,安孚科技,电气设备,9.271653,1.6157121880439451,5.5057100000000005,0.7684855136781962,0.051042002928116566,,14.106,77.52214739142346,1.5084480069014439,0.39999999999999997,0.48333333333333334,poor,poor,poor,true,2,false,0,true,2,false,0,1.3435364695090573,10.237667285470845,2.7670559085767077,high_volatility,false,false,none,10.542399999999999,0.0,-1.0166999999999993,-11.559099999999997,0.6830785607054101,0.8498810683900331,0.9809045386640671,true,severe,-0.7710000000000008,-1.2623999999999977,-12.59898137477229,-5.18249647106272,-7.821852113461454,false,电气设备,false,1.0,true,falling,false,false,0.0,1.3435364695090573,1.0,电气设备,-5.0,-2.0,3.0,0.3,0.5,-0.06718379217616044,0.9855424155427015,-2.9557052171530653,false,true,1.6157121880439451,0.7684855136781962,,,,,,,0.8282208588957055,2,-0.3374335904224509,sustained_decline,0.7070578492770973,false,decreasing_vol,22.477852608576534,"严重恶化-15分; 加速下滑-1.5分(加速度-2.96); 贝叶斯中度恶化预警-5分(恶化概率82.8%); 趋势不确定预警-4分(Bootstrap CI跨零: [-0.069, 3.147])","","",0,0
603036.SH,如通股份,专用机械,6.570885,0.09159936855089837,0.56685,0.48891870488493633,0.18882344642004065,0.0544715102874902,7.2927,100.0,0.061716148931352466,0.7999999999999999,0.08333333333333333,good,good,good,false,0,false,0,false,0,false,0,0.19186796193179473,1.2063621359276824,0.46188763029903956,stable,false,false,none,-1.5099999999999998,0.0,0.9392699999999999,2.44927,0.6442208565170942,1.0,0.7831970501400332,false,none,0.0237999999999996,0.6804000000000006,10.68832055854899,0.32742230598852096,10.327085072474777,false,专用机械,false,1.0,false,rising,false,false,0.0,0.19186796193179473,0.28682770287876913,专用机械,-5.0,-2.0,3.0,0.3,0.5,0.05025295583201217,0.7741403762225411,-0.0043529347968180865,false,false,0.09159936855089837,0.48891870488493633,,,,,,,0.07161803713527852,0,0.0,none,0.12842591187962663,false,decreasing_vol,0.0,"","","",0,0
603039.SH,泛微网络,软件服务,10.528698,-0.22583618331336788,-2.55314,0.8256063436279106,0.032696710718008594,-0.16480192056417564,8.0264,53.48327633373265,-0.23078184605740942,-0.7999999999999999,0.08333333333333333,good,good,good,false,0,false,0,false,0,false,0,0.3871624411486959,4.3728603942957065,0.8701472556894244,stable,false,false,none,-3.2361,0.0,-0.9983999999999993,2.2377000000000007,0.5416311380566647,0.8869096732439266,0.34984765872285667,false,none,1.3590000000000009,-3.3557999999999995,-19.921781466996556,20.382757896631386,-33.480325644504745,false,软件服务,false,1.0,false,rising,false,false,0.0,0.3871624411486959,0.4430632862522901,软件服务,-5.0,-2.0,3.0,0.3,0.5,-0.11039364999452306,0.29698983723440253,0.1379150838217298,false,false,-0.22583618331336788,0.8256063436279106,,,,,,,0.435483870967742,0,0.0,none,0.14882737555059478,false,stable,46.51672366626735,轻度衰退-4.5分(log斜率-0.226); 持续衰退重罚-10.0分(最新<加权); 单年巨幅下滑-15.0分(年跌-33.5%); 趋势不可靠-2分(Bootstrap CI过宽: 0.335); 峰值大幅下跌-15分(从16.5跌至8.0，跌幅-51.3%),"","",0,0
603045.SH,福达合金,小金属,5.1809,-0.020578309468312385,-0.10891499999999993,0.2649005261149552,0.3748901246451892,-0.025980438295371444,4.9271,97.0,-0.029821810785538787,-0.39999999999999997,0.48333333333333334,good,good,good,false,0,false,0,false,0,false,0,0.15831750052182633,0.8429773632785164,0.4036922961349209,stable,false,false,none,1.2428,0.0,-0.49999999999999983,-1.7427999999999997,0.45648812813823436,1.0,0.4441336472190443,false,none,-0.010099999999999554,0.3696999999999999,7.8730158730158815,-0.20456939155795903,8.09414340448823,false,小金属,true,1.2757744937055282,true,falling,true,false,0.0,0.15831750052182633,0.6993673491553112,小金属,-5.0,-2.0,1.6,0.3,0.24,0.037076753925455286,0.729715829404118,0.12585002735485706,false,false,-0.05100231185957896,0.2999524060309891,,,,,,,0.27835051546391754,0,0.0,none,0.13334519274921386,false,decreasing_vol,3.0,周期回落期-3分(景气下行趋势),"","",0,0
603050.SH,科林电气,电气设备,8.353252000000001,0.02039618880748897,0.13322000000000003,0.06894182484564465,0.6695704329732111,-0.0011580167284721554,7.814,53.047823911538245,0.08739061982033428,0.19999999999999998,0.8166666666666667,good,good,good,false,0,false,0,false,0,false,0,0.32168946908109863,2.62262486699871,0.8290545662397303,moderate,false,false,none,-2.0141999999999998,0.0,1.1861000000000002,3.2003,0.38377769380942306,1.0,0.256736682227933,true,severe,-4.7811,5.927300000000001,17.190077686793252,-37.96000031758383,88.89438795404783,false,电气设备,false,2.1581364267233254,true,falling,false,false,0.0,0.32168946908109863,0.545103098827989,电气设备,-5.0,-2.0,3.0,0.3,0.5,0.07856014514549092,0.05700000542744649,0.15941900467026193,false,false,0.07543619884159472,0.17071976161621052,,,,,,,0.7873633049817741,1,0.0,cliff_drop,0.2943942672216153,false,increasing_vol,46.952176088461755,严重恶化-15分; 单年巨幅下滑-15.0分(年跌-38.0%); 贝叶斯中度恶化预警-5分(恶化概率78.7%); 波动率飙升预警-7.5分(近期波动是早期的3.8倍); 峰值明显下跌-8分(从12.6跌至7.8，跌幅-38.0%),"","",0,0
603063.SH,禾望电气,电气设备,9.739,0.014268192775046096,0.13511000000000006,0.4260939845496246,0.23240966311031427,0.011399839936448997,9.804,92.6823117698523,0.021901299706586348,0.19999999999999998,0.8166666666666667,good,good,good,false,0,false,0,false,0,false,0,0.18102439413255217,1.7254195307228906,0.4976803036693378,stable,false,false,none,-0.9715500000000001,0.0,1.18885,2.1604,0.3959024830382729,0.9219409840059372,0.25124480985452124,true,moderate,-2.3659,4.7436,32.01728990210468,-19.44058702207906,63.87568506524109,false,电气设备,false,1.638756850652411,true,falling,false,false,0.0,0.18102439413255217,0.3633204287263632,电气设备,-5.0,-2.0,3.0,0.3,0.5,0.13792550035333306,0.3138905339807166,0.2533027416847804,true,false,0.04030465179965779,0.12920531949261485,,,,,,,0.6492985971943889,1,0.0,single_year_drop,0.1674120725664242,false,increasing_vol,7.3176882301477,中度恶化-10分; 波动率飙升预警-7.3分(近期波动是早期的3.7倍),"","",0,0
603078.SH,江化微,半导体,3.5830450000000003,-0.08934431386403277,-0.33123,0.35098203810780754,0.292487340389421,-0.0808565667950506,3.1484,75.0,-0.10128237096745113,-0.39999999999999997,0.48333333333333334,good,good,good,false,0,false,0,false,0,false,0,0.24800039207388072,0.9296691497516736,0.6054696878351198,moderate,false,false,none,0.28379999999999983,0.0,-0.9151999999999998,-1.1989999999999996,0.30993213082525195,0.1438507917769228,0.5779886949970783,false,none,0.43930000000000025,-2.2697,-36.76387884630834,16.215717396921498,-45.58729011006668,false,半导体,false,1.604796209447372,true,rising,false,false,0.0,0.24800039207388072,0.4123731415854209,半导体,-5.0,-2.0,3.0,0.3,0.5,-0.22195685001541984,0.5271431514637399,-0.2811424817739987,false,false,-0.08934431386403277,0.35098203810780754,,,,,,,0.6067415730337079,0,0.0,none,0.2049040232748168,false,stable,25.0,单年巨幅下滑-15.0分(年跌-45.6%); 趋势不可靠-2分(Bootstrap CI过宽: 0.394); 峰值明显下跌-8分(从5.0跌至3.1，跌幅-36.8%),"","",0,0
603090.SH,宏盛股份,专用机械,6.223719,0.40910738187452245,1.71053,0.7003016794441677,0.0771486055645952,0.4657049388103063,7.0838,71.51758619447494,0.38459032666611503,0.39999999999999997,0.48333333333333334,good,good,good,false,0,false,0,false,0,false,0,0.6111239273117618,3.489859854349455,1.317296377237959,volatile,false,false,none,3.761249999999999,0.0,-0.9867999999999996,-4.748049999999998,0.6793154919672999,0.8382667663172393,0.9548881533557603,true,severe,-1.3582999999999998,-0.6152999999999995,-21.789917636407793,-16.0895985596001,-6.793340252169491,false,专用机械,false,1.0,true,falling,false,false,0.0,0.6111239273117618,0.6222324751827428,专用机械,-5.0,-2.0,3.0,0.3,0.5,-0.12192999281478654,0.9427663548227018,-0.9648276110500982,false,true,0.40910738187452245,0.7003016794441677,,,,,,,0.9955011581077204,2,1.3684370224885756,accelerating_decline,0.38621865286901624,false,decreasing_vol,28.48241380552505,"严重恶化-15分; 加速下滑-0.5分(加速度-0.96); 贝叶斯高置信度恶化-12分(恶化概率99.6%，严重恶化确认); 趋势不确定预警-4分(Bootstrap CI跨零: [-0.122, 0.897])","","",0,0
603105.SH,芯能科技,电气设备,7.13305,0.05870116104835681,0.38226000000000004,0.28697363266316334,0.3521217793561503,0.04585155643708516,6.5927,70.83181576900618,0.08041718435031758,0.39999999999999997,0.48333333333333334,good,good,good,false,0,false,0,false,0,false,0,0.17499308145795778,1.2147879720346264,0.4258331988844585,stable,false,false,none,1.47805,0.0,-0.9369000000000001,-2.41495,0.6872185844975534,0.9214516047321026,0.9507342402434303,true,severe,-1.3063000000000002,-0.5674999999999999,-22.131931730939588,-16.537536397012286,-6.702887852123072,false,电气设备,false,1.0,true,falling,false,false,0.0,0.17499308145795778,0.27332779849969957,电气设备,-5.0,-2.0,3.0,0.3,0.5,-0.12396041881343733,0.938225531334396,-0.3363684619876406,false,true,0.05870116104835681,0.28697363266316334,,,,,,,0.9956502876386283,2,1.467225584234441,accelerating_decline,0.1517961365214219,false,decreasing_vol,29.16818423099382,严重恶化-15分; 加速下滑-0.2分(加速度-0.34); 贝叶斯高置信度恶化-12分(恶化概率99.6%，严重恶化确认); 趋势不可靠-2分(Bootstrap CI过宽: 0.348),"","",0,0
603106.SH,恒银科技,IT设备,-6.530687,-0.40174403222858174,-1.9992900000000002,0.07165330930260856,0.6632925928369112,,1.2816,85.216784923112,-0.8237221514686076,-0.39999999999999997,0.48333333333333334,poor,poor,poor,true,3,true,1,true,3,true,1,1.6359773515663696,9.702818074404982,3.5339155945977847,high_volatility,false,false,none,-7.3947,0.0,7.231549999999999,14.626249999999999,0.6188398380049744,0.83101254661015,0.4662497156869042,false,none,20.633000000000003,-6.169900000000002,109.72271744490385,106.62277664665089,-46.80726776163564,false,IT设备,false,1.0,false,rising,false,false,0.0,1.6359773515663696,1.0,IT设备,-5.0,-2.0,3.0,0.3,0.5,2.170289771268064,0.6842615705201767,4.433569846224,true,false,-0.40174403222858174,0.07165330930260856,,,,,,,0.07161803713527852,0,0.0,none,1.5467176625636279,false,increasing_vol,14.783215076888,单年巨幅下滑-15.0分(年跌-46.8%); 趋势不可靠-2分(Bootstrap CI过宽: 4.558),"","",0,0
603109.SH,神驰机电,电气设备,9.889785,0.013043025897021955,0.06028999999999982,0.00928382475756958,0.8775101397238094,0.031713749239143274,8.2205,62.813121568624,-0.057745205694779034,-0.19999999999999998,0.8166666666666667,good,good,good,false,0,false,0,false,0,false,0,0.20507159304985756,2.0219320816980972,0.476234426409078,moderate,false,false,none,4.695500000000001,0.0,-1.1815400000000005,-5.877040000000001,0.6886343863993533,1.0,0.8863438639935327,true,severe,-2.4031000000000002,-0.6242000000000001,-26.91459663223031,-22.620392334048724,-5.549529685805225,false,电气设备,false,1.0,true,falling,false,false,0.0,0.20507159304985756,0.29739060777321935,电气设备,-5.0,-2.0,3.0,0.3,0.5,-0.15591631359080593,0.8814062571457542,-0.37375686275200537,false,true,0.013043025897021955,0.00928382475756958,,,,,,,0.9983822509822048,3,3.076091779796751,accelerating_decline,0.2048435512307745,false,decreasing_vol,37.186878431376,严重恶化-15分; 加速下滑-0.2分(加速度-0.37); 贝叶斯高置信度恶化-12分(恶化概率99.8%，严重恶化确认); 趋势不可靠-2分(Bootstrap CI过宽: 0.414); 峰值明显下跌-8分(从12.0跌至8.2，跌幅-31.2%),"","",0,0
603159.SH,上海亚虹,专用机械,6.778160000000001,-0.10946840053626983,-0.8013600000000001,0.8097422183347057,0.037465588319402644,-0.11054343923538179,5.6436,79.0,-0.1066654359513689,-0.7999999999999999,0.08333333333333333,good,good,good,false,0,false,0,false,0,false,0,0.19524365054122803,1.4016229282513897,0.46989485766502653,ultra_stable,false,false,none,-1.4331,0.0,-0.2535499999999997,1.1795500000000003,0.49227709852698653,0.9463176470660691,0.15877656942438972,true,moderate,-1.2644000000000002,0.7573000000000008,-8.244590046661347,-18.303416328894038,12.312419724584206,false,专用机械,false,1.1231241972458421,true,falling,false,false,0.0,0.19524365054122803,0.30594481339909474,专用机械,-5.0,-2.0,3.0,0.3,0.5,-0.04241454624668983,0.1792806212472955,0.14711131092047403,false,false,-0.10946840053626983,0.8097422183347057,,,,,,,0.9025069637883009,1,0.0,single_year_drop,0.08347468028247039,false,stable,21.0,中度恶化-10分; 贝叶斯恶化预警-8分(恶化概率90.3%); 峰值明显下跌-8分(从9.0跌至5.6，跌幅-37.4%),"","",0,0
603169.SH,兰石重装,专用机械,4.360025,-0.02963697958828959,-0.15758000000000003,0.3709115878951788,0.2756032729783613,,4.8853,89.17648301941654,-0.026551153022469354,0.0,1.0,has_loss,has_loss,good,true,1,true,1,false,0,false,0,0.6854928616788483,2.7726403973469043,1.6582771698551704,volatile,false,true,growth_to_decline,6.7073,0.0,-0.35012,-7.0574200000000005,0.9464014774932954,1.0,0.8907055917113409,false,none,0.017000000000000348,-0.6131000000000002,-10.874958952092529,0.34919787194709345,-11.185098697413073,false,专用机械,false,1.2012406794979769,true,rising,false,false,0.0,0.6854928616788483,0.7085597132761423,专用机械,-5.0,-2.0,3.0,0.3,0.5,-0.05651714964444121,0.7273620417667759,-1.647033961166916,false,true,0.5955797746344372,0.44848388656053134,,,,,,,0.2783505154639176,0,0.0,none,0.5487437645039116,false,decreasing_vol,10.823516980583458,增长转衰退-10.0分(斜率变化-7.06); 加速下滑-0.8分(加速度-1.65),"","",0,0
603203.SH,快克智能,专用机械,16.114910000000002,-0.07254902760896785,-1.17134,0.26108415114330547,0.3789573574456374,-0.020437309439424567,14.586,74.87672714385374,-0.09100228194511742,-0.39999999999999997,0.48333333333333334,good,good,good,false,0,false,0,false,0,false,0,0.2223923170300312,3.7140806819453984,0.5509748763216606,stable,false,false,none,5.566699999999999,0.0,-2.77202,-8.338719999999999,0.670813427321541,1.0,0.70813427321541,false,none,2.3789999999999996,-7.252399999999998,-25.043937634253876,19.488817891373795,-37.2693916564745,false,专用机械,false,1.7537970017203244,true,rising,false,false,0.0,0.2223923170300312,0.41175345385340156,专用机械,-5.0,-2.0,3.0,0.3,0.5,-0.14387731015307237,0.3754228754982332,-0.24654571229252653,false,true,-0.07254902760896785,0.26108415114330547,,,,,,,0.435483870967742,0,0.0,none,0.19276956693825822,false,stable,25.123272856146265,单年巨幅下滑-15.0分(年跌-37.3%); 加速下滑-0.1分(加速度-0.25); 趋势不可靠-2分(Bootstrap CI过宽: 0.434); 峰值明显下跌-8分(从21.4跌至14.6，跌幅-31.9%),"","",0,0
603218.SH,日月股份,电气设备,5.983811000000001,-0.030741584473978012,-0.17351999999999995,0.019864598842688583,0.8211432002567225,-0.2309960605501601,5.1598,81.0,-0.27624046097644,-0.39999999999999997,0.48333333333333334,good,good,good,false,0,false,0,false,0,false,0,0.7211983930433585,4.797613646074473,1.8194814409495692,volatile,false,false,none,-6.05185,0.0,1.2546,7.30645,0.7468862346369196,0.9711257644162627,0.9977365819529335,false,none,1.3580999999999999,1.1511,94.66535878668981,35.72349212194544,43.427903116275566,false,电气设备,false,1.0,false,rising,false,false,0.0,0.7211983930433585,0.7102920477680201,电气设备,-5.0,-2.0,3.0,0.3,0.5,0.32077525659503126,0.9982995617597784,1.1628118036076487,true,false,-0.26687457151585187,0.43465072455064513,,,,,,,0.07161803713527852,0,0.0,none,0.4895263798168854,true,decreasing_vol,19.0,波动聚集提示-2分(大波动后可能跟着大波动); 趋势不可靠-2分(Bootstrap CI过宽: 0.707); 峰值大幅下跌-15分(从14.8跌至5.2，跌幅-65.0%),"","",0,0
603228.SH,景旺电子,元器件,9.757985,-0.10372688407794373,-1.08535,0.7391596954043825,0.06171086289752706,-0.09051477705105726,8.9353,92.0,-0.09875299626369827,-0.6,0.23333333333333334,good,good,good,false,0,false,0,false,0,false,0,0.19122261418431366,1.9697191330237922,0.4954731056068252,ultra_stable,false,false,none,-2.4985999999999997,0.0,-0.7912800000000001,1.7073199999999997,0.4677640003664248,1.0,0.5213202915910461,false,none,0.9794999999999998,-3.0359999999999996,-18.70940155388562,12.311772543301739,-27.62058989428483,false,元器件,false,1.1872309860828332,true,rising,false,false,0.0,0.19122261418431366,0.3112755561584954,元器件,-5.0,-2.0,3.0,0.3,0.5,-0.10304297500950786,0.40053971254243875,-0.01715991498323842,false,false,-0.10372688407794373,0.7391596954043825,,,,,,,0.435483870967742,0,0.0,none,0.09386457347717918,false,stable,8.0,峰值明显下跌-8分(从13.1跌至8.9，跌幅-31.6%),"","",0,0
603229.SH,奥翔药业,化学制药,10.804427999999998,-0.01949633784268734,-0.15983999999999998,0.038487942068531206,0.7518231740252026,-0.025387457300941052,7.8597,35.696806885013956,-0.010447041340557961,0.0,1.0,good,good,good,false,0,false,0,false,0,false,0,0.2641007858207092,2.8661220860249483,0.6775564438399687,moderate,false,false,none,3.2508,0.0,-3.6765499999999998,-6.92735,0.8236190604968854,0.981397524998374,0.9985237618890982,true,severe,-3.4316999999999993,-3.9214,-48.33495477492637,-30.392156862745097,-25.7769772822886,false,化学制药,false,1.0,true,falling,false,false,0.0,0.2641007858207092,0.3446139619899007,化学制药,-5.0,-2.0,3.0,0.3,0.5,-0.3287223171634812,0.996947891000765,-0.6063862299720819,false,true,-0.01949633784268734,0.014454022343130762,,,,,,,0.9967697277341947,2,0.17904269883604992,sustained_decline,0.26307204031735637,false,stable,64.30319311498604,复合恶化-14.0分(触发2项恶化信号); 严重恶化-15分; 单年巨幅下滑-15.0分(年跌-30.4%); 加速下滑-0.3分(加速度-0.61); 贝叶斯高置信度恶化-12分(恶化概率99.7%，严重恶化确认); 峰值明显下跌-8分(从15.2跌至7.9，跌幅-48.3%),"","",0,0
603259.SH,药明康德,化学制药,14.989754999999999,0.0963792930802962,1.2309900000000003,0.4166321411588732,0.23946860619776228,0.09009766323144097,14.2265,70.78476076675375,0.1120051812718394,0.39999999999999997,0.48333333333333334,good,good,good,false,0,false,0,false,0,false,0,0.22832019216264607,3.281933805395837,0.5814908037005034,stable,false,false,none,4.17925,0.0,-2.1033999999999997,-6.282649999999999,0.7443988892496562,0.9483709796281111,0.9956179128684509,true,severe,-2.3451000000000004,-1.861699999999999,-22.821741088139397,-14.151319124284923,-10.099656599740682,false,化学制药,false,1.0,true,falling,false,false,0.0,0.22832019216264607,0.3159894870634502,化学制药,-5.0,-2.0,3.0,0.3,0.5,-0.12927719896031253,0.9895745522879577,-0.4304784664924932,false,true,0.0963792930802962,0.4166321411588732,,,,,,,0.9747292418772563,2,0.40116834513445454,sustained_decline,0.1838347909948901,false,decreasing_vol,29.215239233246244,严重恶化-15分; 加速下滑-0.2分(加速度-0.43); 贝叶斯高置信度恶化-12分(恶化概率97.5%，严重恶化确认); 趋势不可靠-2分(Bootstrap CI过宽: 0.441),"","",0,0
603277.SH,银都股份,专用机械,15.79516,-0.008217150240673288,-0.13095999999999997,0.3309304907955819,0.3102371931152803,0.04331402505634263,15.5809,119.9266044472972,0.010249655164922933,0.0,1.0,good,good,good,false,0,false,0,false,0,false,0,0.08943855054413867,1.3910449316970321,0.2206958364516867,ultra_stable,false,false,none,3.0855000000000015,0.0,-0.23312000000000027,-3.318620000000002,0.7019814779856144,1.0,0.5198147798561435,false,none,-0.6350000000000016,-0.3667999999999978,-6.041235745686766,-3.9159096935723676,-2.2119437727269853,false,专用机械,false,1.0,true,falling,false,false,0.0,0.08943855054413867,0.20488417376864426,专用机械,-5.0,-2.0,3.0,0.3,0.5,-0.031096930242167527,0.9741688772734053,-0.1467911054056108,false,true,0.03371710116236502,0.3190098653848601,,,,,,,0.8140755175931053,0,0.7703477556053133,none,0.07467687683237331,false,decreasing_vol,3.073395552702806,加速下滑-0.1分(加速度-0.15); 贝叶斯中度恶化预警-5分(恶化概率81.4%),"high_growth,stable_dividend","优质护城河(高位企稳: 15.6 > 15.0, 稳健斜率=-0.01); 稳定分红型(值=15.6,CV=8.9%,稳定)",1,0
603283.SH,赛腾股份,专用机械,16.02418,0.19705937337480628,2.944,0.5992599455025351,0.12441203804376422,0.13074917594441837,16.9954,69.91418388317324,0.16336115642814936,0.6,0.23333333333333334,good,good,good,false,0,false,0,false,0,false,0,0.43753466462217133,6.624703606351003,1.0726650454594089,moderate,false,false,none,1.2773499999999993,0.0,2.0223500000000003,0.745000000000001,0.2542273406834615,0.5230825884960766,0.09472048035902338,true,severe,-8.8066,12.8513,31.231516443126633,-34.13146267731184,99.23247392032863,false,专用机械,false,2.69872813990461,true,falling,false,false,0.0,0.43753466462217133,0.7098581503516852,专用机械,-5.0,-2.0,3.0,0.3,0.5,0.13558501247986476,0.15297214759692762,0.026129616607981854,false,false,0.19705937337480628,0.5992599455025351,,,,,,,0.7873633049817741,1,0.0,cliff_drop,0.31131989812909683,false,increasing_vol,45.08581611682676,严重恶化-15分; 单年巨幅下滑-15.0分(年跌-34.1%); 贝叶斯中度恶化预警-5分(恶化概率78.7%); 波动率飙升预警-8.0分(近期波动是早期的5.1倍); 趋势不可靠-2分(Bootstrap CI过宽: 0.463); 峰值明显下跌-8分(从25.8跌至17.0，跌幅-34.1%),high_growth,"优质护城河(高位企稳: 17.0 > 15.0, 稳健斜率=0.16)",1,0
603309.SH,维力医疗,医疗保健,9.903605,0.004842207989370718,0.04881999999999991,0.09381222772739682,0.6162085002015549,-0.0638282146458643,10.155,98.0,0.029330345897596644,0.19999999999999998,0.8166666666666667,good,good,good,false,0,false,0,false,0,false,0,0.1961153444706806,1.9811650544565944,0.5417519629698556,stable,false,false,none,-5.4728,0.0,0.7656399999999997,6.23844,0.6827568186402421,1.0,0.8275681864024205,false,none,0.24409999999999954,0.43539999999999957,7.171125534272588,2.4629448385111297,4.595008178987912,false,医疗保健,false,1.0,false,rising,false,false,0.0,0.1961153444706806,0.2902256089098778,医疗保健,-5.0,-2.0,3.0,0.3,0.5,0.0344496518483397,0.9713985094988463,0.20031774746712872,true,false,-0.028107657244098583,0.05459437460351927,,,,,,,0.13366336633663367,0,0.0,none,0.1860180889417055,true,decreasing_vol,2.0,波动聚集提示-2分(大波动后可能跟着大波动),"","",0,0
603320.SH,迪贝电气,电气设备,5.834230000000001,-0.01611274245248744,-0.13470000000000004,0.006895865967950867,0.8943901125384297,0.06817561773823866,6.672,98.0,0.007409880563714461,0.0,1.0,good,good,good,false,0,false,0,false,0,false,0,0.3316140202190558,1.948112987739674,0.8011554750588971,moderate,false,false,none,3.7830999999999992,0.0,-0.6442699999999999,-4.427369999999999,0.400893893082816,1.0,0.1433504538286668,false,none,2.2051999999999996,0.26529999999999987,58.80042841842198,49.36867556192352,6.314411519695344,false,电气设备,false,2.1201951683922404,true,rising,false,false,0.0,0.3316140202190558,0.54798390529421,电气设备,-5.0,-2.0,3.0,0.3,0.5,0.22708842428381512,0.8466013905269397,0.32418058919701975,false,false,-0.01611274245248744,0.006895865967950867,,,,,,,0.07161803713527852,0,0.0,none,0.3296263087171166,false,decreasing_vol,2.0,趋势不可靠-2分(Bootstrap CI过宽: 0.649),"","",0,0
603328.SH,依顿电子,元器件,7.476491,0.24416510949872366,1.6619700000000002,0.6766422710165505,0.08728078747625295,0.19374873486071786,10.4617,98.0,0.19810344088994758,0.7999999999999999,0.08333333333333333,good,good,good,false,0,false,0,false,0,false,0,0.42235398240179817,2.9471438538015073,1.043293827655885,stable,false,false,none,-1.9699999999999998,0.0,2.4108400000000003,4.38084,0.6950509306631427,1.0,0.9505093066314267,false,none,1.2803000000000004,2.2683999999999997,51.33371907999421,13.944496482017998,32.8135397077969,false,元器件,false,1.0,false,rising,false,false,0.0,0.42235398240179817,0.4712165192547719,元器件,-5.0,-2.0,3.0,0.3,0.5,0.2057015019928654,0.9566573647200822,0.06071236835062743,false,false,0.24416510949872366,0.6766422710165505,,,,,,,0.07161803713527852,0,0.0,none,0.19121475009979677,false,decreasing_vol,2.0,趋势不可靠-2分(Bootstrap CI过宽: 0.496),"","",0,0
603333.SH,尚纬股份,电气设备,0.8691130000000001,0.00016477514299807484,0.00023999999999999578,0.000035349538467072475,0.9924299380448649,,1.0578,90.0,0.023565873508319846,0.0,1.0,has_loss,has_loss,good,true,1,true,2,false,0,true,1,1.029494598077103,0.8954544014074642,2.8353644515980685,high_volatility,false,false,none,-2.4661999999999997,0.0,0.50467,2.9708699999999997,0.6666496409084085,0.9999999999999996,0.6664964090840856,false,none,-0.0023999999999999577,0.13960000000000006,14.903323919183153,-0.22637238256932257,15.164023462958948,false,电气设备,true,inf,true,falling,false,false,0.0,1.029494598077103,1.0,电气设备,-5.0,-2.0,3.0,0.3,0.5,0.04877949844662043,0.7373362065024015,0.332997185389727,false,false,0.0531336745891268,0.013094964040507476,,,,,,,0.16167664670658682,0,0.0,none,1.0294861818029444,true,decreasing_vol,10.0,周期回落期-3分(景气下行趋势); 波动聚集提示-2分(大波动后可能跟着大波动); 峰值明显下跌-8分(从1.9跌至1.1，跌幅-44.0%),"","",0,0
603339.SH,四方科技,专用机械,10.092193,0.18264662852979352,1.39331,0.4365041958300526,0.22479934612685545,0.18792640077293465,9.029,50.63588961579758,0.20163738434297201,0.39999999999999997,0.48333333333333334,good,good,good,false,0,false,0,false,0,false,0,0.3822853584935904,3.698305015138692,0.9096669492051023,moderate,false,false,none,4.40015,0.0,-2.1526500000000004,-6.5528,0.7264269873108755,0.9923569070453357,0.7719129660634195,true,severe,-4.179399999999999,-0.12590000000000146,-32.2874091628357,-31.641985403228247,-0.9441815468378651,false,专用机械,false,1.0,true,falling,false,false,0.0,0.3822853584935904,0.4391616201282057,专用机械,-5.0,-2.0,3.0,0.3,0.5,-0.19412425954807522,0.768262982491507,-0.7282207684048327,false,true,0.18264662852979352,0.4365041958300526,,,,,,,0.9983149583553994,1,30.697803856390383,cliff_drop,0.3070591693928338,false,decreasing_vol,49.36411038420242,严重恶化-15分; 单年巨幅下滑-15.0分(年跌-31.6%); 加速下滑-0.4分(加速度-0.73); 贝叶斯高置信度恶化-12分(恶化概率99.8%，严重恶化确认); 趋势不可靠-2分(Bootstrap CI过宽: 0.737); 峰值明显下跌-8分(从13.3跌至9.0，跌幅-32.3%),"","",0,0
603351.SH,威尔药业,化学制药,6.70172,-0.020338573699158237,-0.13984000000000005,0.08652630290277721,0.6309455339107775,-0.007649213142804867,7.313,100.0,-0.039431550418485894,-0.19999999999999998,0.8166666666666667,good,good,good,false,0,false,0,false,0,false,0,0.1087921454862196,0.7367012440603041,0.24070978374514884,ultra_stable,false,false,none,-0.8149999999999998,0.0,0.7009499999999997,1.5159499999999997,0.6795653612457259,0.9591016954393965,0.8365519170178619,false,none,1.2375999999999996,0.1642999999999999,23.71639796315406,20.37067518188102,2.7795165028505675,false,化学制药,false,1.0,false,rising,false,false,0.0,0.1087921454862196,0.22036704972230903,化学制药,-5.0,-2.0,3.0,0.3,0.5,0.10519227276146091,0.8446081957506755,0.22560439062880142,true,false,-0.020338573699158237,0.08652630290277721,,,,,,,0.07161803713527852,0,0.0,none,0.10377662917937025,false,stable,0.0,"","","",0,0
603367.SH,辰欣药业,化学制药,7.616325,0.012233792059130666,0.06904999999999993,0.011207783647510978,0.8654583928801818,-0.02480365423034203,8.0692,98.0,-0.01783820950510051,-0.19999999999999998,0.8166666666666667,good,good,good,false,0,false,0,false,0,false,0,0.17848989936014784,1.3532747189687688,0.38026589991822535,stable,false,false,none,-2.680600000000001,0.0,0.8082,3.4888000000000012,0.6642870478982369,1.0,0.6428704789823693,true,moderate,-0.5682999999999989,2.5985999999999994,33.62036132408221,-6.579450072358887,43.03101558230802,false,化学制药,false,1.4303101558230802,true,falling,false,false,0.0,0.17848989936014784,0.333499940264529,化学制药,-5.0,-2.0,3.0,0.3,0.5,0.14343212589194287,0.5809192768574097,0.3367513057726428,true,false,0.012233792059130666,0.011207783647510978,,,,,,,0.4807121661721069,1,0.0,single_year_drop,0.17790808090573845,false,stable,2.0,中度恶化-10分; 趋势不可靠-2分(Bootstrap CI过宽: 0.401),"","",0,0
603370.SH,华新精科,电气设备,15.996675,-0.003920825885478241,-0.07068000000000012,0.022330825467791235,0.810443948105595,-0.05696337146679109,14.0346,81.43505607310271,-0.0502463508199414,-0.6,0.23333333333333334,good,good,good,false,0,false,0,false,0,false,0,0.08920042146467322,1.4553405563647295,0.22744155828235904,ultra_stable,false,false,none,-0.8426500000000008,0.0,-1.0127499999999996,-0.1700999999999988,0.2179774723346542,0.87253216343951,0.3588586936877122,true,moderate,-3.3574,1.331900000000001,-12.612001170602918,-19.304277828886846,8.293223578931645,false,电气设备,false,1.0829322357893165,true,falling,false,false,0.0,0.08920042146467322,0.21575130194364744,电气设备,-5.0,-2.0,3.0,0.3,0.5,-0.0672566338591607,0.38643640003108554,-0.017449887724354518,false,false,-0.040626811094441266,0.4872240612482687,,,,,,,0.9025069637883009,1,0.0,single_year_drop,0.06434644722205492,false,increasing_vol,18.564943926897286,中度恶化-10分; 贝叶斯恶化预警-8分(恶化概率90.3%); 波动率飙升预警-5.6分(近期波动是早期的2.8倍),"","",0,0
603380.SH,易德龙,元器件,14.348596,-0.1602929892752265,-2.3648800000000003,0.6375514080299326,0.10526026385950817,-0.09530715160555414,11.9435,61.79414021449547,-0.14985247783297223,-0.6,0.23333333333333334,good,good,good,false,0,false,0,false,0,false,0,0.3127737367626844,4.709765694596707,0.7888001508826502,stable,false,false,none,3.6403999999999996,0.0,-3.34429,-6.98469,0.5168920837864969,1.0,0.7067031878976092,false,none,2.3519000000000005,-4.8652,-17.38489845608986,24.52041369531674,-33.65336727353218,false,元器件,false,2.2383543934275827,true,rising,false,false,0.0,0.3127737367626844,0.5486662418671586,元器件,-5.0,-2.0,3.0,0.3,0.5,-0.09521187276176368,0.2166808393696847,0.009414610614723928,false,false,-0.1602929892752265,0.6375514080299326,,,,,,,0.435483870967742,0,0.0,none,0.19017109460435883,false,stable,38.20585978550453,轻度衰退-3.2分(log斜率-0.160); 持续衰退重罚-10.0分(最新<加权); 单年巨幅下滑-15.0分(年跌-33.7%); 趋势不可靠-2分(Bootstrap CI过宽: 0.352); 峰值明显下跌-8分(从21.5跌至11.9，跌幅-44.4%),"","",0,0
603383.SH,顶点软件,软件服务,12.009965000000001,0.07301028247841757,0.745365,0.8078103334283979,0.03806361132397442,0.09131698418376333,12.0198,84.04826055947382,0.10829719303859708,0.7999999999999999,0.08333333333333333,good,good,good,false,0,false,0,false,0,false,0,0.22052749581737174,2.5153057434435278,0.5953080258744189,stable,false,false,none,1.2618999999999998,0.0,0.5109500000000002,-0.7509499999999996,0.3018333882919798,0.9429924465911004,0.052616983553325995,true,moderate,-3.244299999999999,4.2661999999999995,9.291773884105153,-21.25444670828938,38.791041926185905,false,软件服务,false,1.0,true,falling,false,false,0.0,0.22052749581737174,0.30975532998723077,软件服务,-5.0,-2.0,3.0,0.3,0.5,0.04425817024551826,0.06855938062108632,-0.0853853637241051,false,false,0.10902633879811204,0.6428139841949378,,,,,,,0.7873633049817741,1,0.0,single_year_drop,0.14345750665767495,false,increasing_vol,15.95173944052619,中度恶化-10分; 贝叶斯中度恶化预警-5分(恶化概率78.7%); 波动率飙升预警-6.0分(近期波动是早期的3.0倍),"","",0,0
603391.SH,力聚热能,专用机械,22.225235,-0.1245330731888402,-2.9224500000000004,0.6572438249171845,0.09600795684072466,-0.14367980700134064,16.9123,47.0,-0.14474638155983544,-0.7999999999999999,0.08333333333333333,good,good,good,false,0,false,0,false,0,false,0,0.23914022678682745,5.664385416177117,0.613869696020427,stable,false,false,none,-5.954549999999999,0.0,-1.3156500000000015,4.638899999999998,0.4331253998930406,0.9997458218549248,0.09676704792111243,true,severe,-8.277700000000003,5.6464,-13.463742606275215,-32.8610559745931,28.89129945352954,false,专用机械,false,1.2889129945352955,true,falling,false,false,0.0,0.23914022678682745,0.3631672473675014,专用机械,-5.0,-2.0,3.0,0.3,0.5,-0.07219384326331402,0.12843877178857963,0.16552400066833448,false,false,-0.1245330731888402,0.6572438249171845,,,,,,,0.9487554904831625,1,0.0,cliff_drop,0.1383152476214859,false,stable,53.0,"严重恶化-15分; 单年巨幅下滑-15.0分(年跌-32.9%); 贝叶斯高置信度恶化-12分(恶化概率94.9%，严重恶化确认); 趋势不确定预警-4分(Bootstrap CI跨零: [-0.251, 0.029]); 峰值明显下跌-8分(从31.5跌至16.9，跌幅-46.2%)","","",0,0
603501.SH,豪威集团,半导体,10.556385,-0.3350759198298655,-3.76745,0.3599761224673273,0.2847772482696437,-0.15091115597319193,9.8307,84.54018325973027,-0.37338355596219963,-0.39999999999999997,0.48333333333333334,good,good,good,false,0,false,0,false,0,false,0,0.7384910716101789,8.63046452730095,1.6693363863974355,volatile,false,false,none,-7.165449999999999,0.0,2.62405,9.789499999999999,0.5297694667013367,0.5800777790444789,0.515302889839723,false,none,7.032,-1.7839,114.52232357177148,251.2595133454818,-38.9276829747305,false,半导体,true,7.9707006824597135,true,rising,false,false,0.0,0.7384910716101789,1.0,半导体,-5.0,-2.0,3.0,0.3,0.5,0.3770614897563016,0.3704490352299712,1.080366519460558,true,false,-0.3350759198298655,0.3599761224673273,,,,,,,0.07161803713527852,0,0.0,none,0.5343765417440703,false,decreasing_vol,27.459816740269723,持续衰退重罚-10.0分(最新<加权); 单年巨幅下滑-15.0分(年跌-38.9%); 趋势不可靠-2分(Bootstrap CI过宽: 1.478); 峰值大幅下跌-15分(从22.3跌至9.8，跌幅-55.9%),cyclical_bottom,"周期底部(mid_up), 近期强势(37.7%)",0,0
603507.SH,振江股份,电气设备,6.6091750000000005,0.021225611842117867,0.04504999999999999,0.01516392224632787,0.8436080531988301,0.05493128167445005,5.7573,78.0,0.0322922926896031,0.19999999999999998,0.8166666666666667,good,good,good,false,0,false,0,false,0,false,0,0.2845837205211389,1.8770174620924547,0.7144394950619043,moderate,false,false,none,4.712199999999999,0.0,-0.8834299999999999,-5.595629999999999,0.6417174822798721,1.0,0.41717482279872153,true,moderate,-1.8365999999999998,1.9761999999999995,2.485002759136296,-24.185201279974716,35.17809779803122,false,电气设备,false,1.5090428467166277,true,falling,false,false,0.0,0.2845837205211389,0.4288726893124615,电气设备,-5.0,-2.0,3.0,0.3,0.5,0.012087680277065749,0.00533725760197,-0.0808184496501494,false,false,0.021225611842117867,0.01516392224632787,,,,,,,0.7873633049817741,1,0.0,single_year_drop,0.28437873203312264,true,decreasing_vol,22.0,中度恶化-10分; 贝叶斯中度恶化预警-5分(恶化概率78.7%); 波动聚集提示-2分(大波动后可能跟着大波动); 趋势不可靠-2分(Bootstrap CI过宽: 0.406); 峰值明显下跌-8分(从9.4跌至5.8，跌幅-38.5%),"","",0,0
603508.SH,思维列控,IT设备,5.800722,0.0009701691012158342,0.008360000000000057,0.000735163188063629,0.9654817497604354,,11.2283,110.0,0.23226437442696923,0.7999999999999999,0.08333333333333333,has_loss,has_loss,good,true,1,false,0,false,0,false,0,2.5060573232114307,10.642273149896125,6.089525316604735,high_volatility,false,false,none,23.148699999999998,0.0,0.9215700000000006,-22.22713,0.8057003553047969,1.0,0.5625993000337525,false,none,2.627600000000001,1.0820999999999996,49.340302715931166,30.55100166265538,14.392307078445448,false,IT设备,false,1.132803979464262,true,rising,false,false,0.0,2.5060573232114307,1.0,IT设备,-5.0,-2.0,3.0,0.3,0.5,0.1993205380852947,0.9648564458262396,-2.846887982601206,false,true,1.299181792609934,0.5375696823439507,,,,,,,0.07161803713527852,0,0.0,none,1.6000293034432633,false,decreasing_vol,0.0,"",turnaround,扭亏为盈(曾亏损1年 -> 最新11.2),0,1
603516.SH,淳中科技,IT设备,5.703798,-0.2641282811346133,-1.86134,0.4117088291737626,0.24319626396437702,-0.1763750749773375,5.7847,78.20446396698904,-0.3949402598569277,-0.6,0.23333333333333334,good,good,good,false,0,false,0,false,0,false,0,0.6491081770704893,4.064845226450818,1.6275430359937402,volatile,false,false,none,-4.707050000000001,0.0,1.314,6.021050000000001,0.7039101318005949,0.997046253905685,0.5420550641002633,false,none,3.4059,-0.7778999999999998,83.25149681629551,143.177232217925,-24.642823201444543,false,IT设备,false,1.0,false,rising,false,false,0.0,0.6491081770704893,0.6526198749897247,IT设备,-5.0,-2.0,3.0,0.3,0.5,0.2944421353251929,0.45331150457319425,0.9740591793626083,true,false,-0.2641282811346133,0.4117088291737626,,,,,,,0.07161803713527852,0,0.0,none,0.4477398833406514,false,decreasing_vol,21.79553603301096,轻度衰退-5.3分(log斜率-0.264); 趋势不可靠-2分(Bootstrap CI过宽: 0.993); 峰值大幅下跌-15分(从12.6跌至5.8，跌幅-54.0%),"","",0,0
603530.SH,神马电力,电气设备,9.902036,0.10301567255139395,1.3401200000000004,0.05155430199341787,0.7134072715250989,0.10725804567496833,17.4068,104.0,0.10509718791022676,0.19999999999999998,0.8166666666666667,good,good,good,false,0,false,0,false,0,false,0,0.5817123836444593,5.526267644622363,1.5722105263157895,volatile,false,false,none,-4.5548,0.0,7.468,12.0228,0.8732757177370329,0.9997640375636351,0.9935327380825505,false,none,8.5116,6.4244,604.5005666180994,95.68756183109991,260.0129512708435,false,电气设备,false,1.0,false,rising,false,false,0.0,0.5817123836444593,0.5987032402489008,电气设备,-5.0,-2.0,3.0,0.3,0.5,0.9572502924626904,0.970667317902964,1.71124459363437,true,false,0.10301567255139395,0.05155430199341787,,,,,,,0.07161803713527852,0,0.0,none,0.5372529907881419,true,increasing_vol,6.0,波动聚集风险-6分(ARCH效应+波动上升); 趋势不可靠-2分(Bootstrap CI过宽: 1.784),turnaround,"底部强力反转(曾跌605%, 近期斜率0.96)",0,1
603577.SH,汇金通,电气设备,4.963635,0.009131136945565155,0.06309999999999993,0.013765121490783782,0.8509607784609958,-0.05603440712661578,5.475,100.0,-0.07500566010082499,-0.19999999999999998,0.8166666666666667,good,good,good,false,0,false,0,false,0,false,0,0.22066254510532787,1.135600069126451,0.5907716581945934,stable,false,false,none,-2.2274000000000003,0.0,0.14379999999999987,2.3712,0.6077490932520909,1.0,0.07749093252090922,false,none,1.6198999999999995,-0.9829999999999997,13.164258696595768,42.01966226557027,-20.317893387900202,false,电气设备,false,1.1352911499337095,true,rising,false,false,0.0,0.22066254510532787,0.32790218940875693,电气设备,-5.0,-2.0,3.0,0.3,0.5,0.06069727439612382,0.1220819880701258,0.2352153463209099,false,false,-0.06414850329892867,0.23175975241608765,,,,,,,0.07161803713527852,0,0.0,none,0.1899756566241726,false,stable,0.0,"","","",0,0
603583.SH,捷昌驱动,电气设备,6.024725,-0.009202177814436574,-0.048499999999999946,0.27020003897901995,0.3693078826530375,-0.22427513157032208,5.0544,70.0,-0.2402574580718188,-0.6,0.23333333333333334,good,good,good,false,0,false,0,false,0,false,0,0.6335488788924518,4.19321928081516,1.6090816514620874,volatile,false,false,none,-8.6616,0.0,-0.28935999999999995,8.37224,0.6640012884651407,0.9999999999999996,0.14001288465140718,false,none,1.7458,-2.1661,-7.677132993588691,52.76552015958411,-39.56563829981551,false,电气设备,false,1.2723723200278894,true,rising,false,false,0.0,0.6335488788924518,0.6764887457843468,电气设备,-5.0,-2.0,3.0,0.3,0.5,-0.039235792977383666,0.022247561133669366,0.4252608308731758,false,false,-0.2472227082771105,0.5614741609574302,,,,,,,0.2783505154639176,0,0.0,none,0.42157735539239927,false,decreasing_vol,30.0,单年巨幅下滑-15.0分(年跌-39.6%); 峰值大幅下跌-15分(从14.0跌至5.1，跌幅-63.8%),"","",0,0
603606.SH,东方电缆,电气设备,17.796597000000002,-0.20540921116802024,-4.015210000000001,0.8184042011554657,0.03483027111389308,-0.16961993367236683,13.141,39.891815776639596,-0.19998096904828727,-0.7999999999999999,0.08333333333333333,good,good,good,false,0,false,0,false,0,false,0,0.3704716865771555,7.039391792122385,0.7630007852152183,stable,false,false,none,-6.80075,0.0,-0.44819999999999993,6.35255,0.6084901235263794,0.8558481975619815,0.41226738939902,true,moderate,-1.3750999999999998,0.4786999999999999,-6.385797939789419,-9.472930056971224,3.4101756735577804,false,电气设备,false,1.034101756735578,true,falling,false,false,0.0,0.3704716865771555,0.4342575834931348,电气设备,-5.0,-2.0,3.0,0.3,0.5,-0.03290490792275236,0.42452735220005083,0.3053749887106485,true,false,-0.20540921116802024,0.8184042011554657,,,,,,,0.8223350253807107,1,0.0,single_year_drop,0.16004785715310205,false,decreasing_vol,60.108184223360404,复合恶化-14.0分(触发2项恶化信号); 轻度衰退-4.1分(log斜率-0.205); 中度恶化-10分; 持续衰退重罚-10.0分(最新<加权); 贝叶斯中度恶化预警-5分(恶化概率82.2%); 趋势不可靠-2分(Bootstrap CI过宽: 0.347); 峰值大幅下跌-15分(从27.6跌至13.1，跌幅-52.5%),"","",0,0
603611.SH,诺力股份,专用机械,12.20953,0.03996460315726891,0.46730000000000005,0.44261285803895595,0.22040811328203241,0.028021401419705994,11.9385,89.9287083528579,0.029020202419908436,0.6,0.23333333333333334,good,good,good,false,0,false,0,false,0,false,0,0.0949873945780377,1.1375576389792301,0.20932073467670018,ultra_stable,false,false,none,1.1725500000000002,0.0,-0.5478500000000004,-1.7204000000000006,0.6495313328924966,0.8539345625037,0.641378766421266,true,moderate,-1.2574000000000005,0.16169999999999973,-8.406346381059066,-9.52871725308619,1.2405824676619948,false,专用机械,false,1.0,true,falling,false,false,0.0,0.0949873945780377,0.2093232489957635,专用机械,-5.0,-2.0,3.0,0.3,0.5,-0.043763526553715515,0.6464483014102702,-0.1425832942842149,false,true,0.03996460315726891,0.44261285803895595,,,,,,,0.8223350253807107,1,0.0,single_year_drop,0.07222316243388087,false,decreasing_vol,10.071291647142107,中度恶化-10分; 加速下滑-0.1分(加速度-0.14); 贝叶斯中度恶化预警-5分(恶化概率82.2%),"","",0,0
603618.SH,杭电股份,电气设备,3.5937099999999997,-0.028722107880312465,-0.10474000000000006,0.262861850771934,0.3770578232831257,-0.022677442085089483,3.3165,99.91354030904151,-0.02372498758249115,-0.39999999999999997,0.48333333333333334,good,good,good,false,0,false,0,false,0,false,0,0.09331372541673123,0.3402293079674354,0.22928734421625413,ultra_stable,false,false,none,0.2586499999999998,0.0,-0.4179999999999999,-0.6766499999999998,0.606748825423735,0.9269646772868066,0.7872235769505442,false,none,-0.04159999999999986,-0.7944,-20.132450331125824,-1.2387957475953624,-19.13064419024684,false,电气设备,false,1.0,true,falling,false,false,0.0,0.09331372541673123,0.20798431366671832,电气设备,-5.0,-2.0,3.0,0.3,0.5,-0.1085012174056944,0.7911376317781809,-0.17291938191696954,false,true,-0.028722107880312465,0.262861850771934,,,,,,,0.49090909090909096,0,-0.9352454765623145,none,0.0815131097768172,false,increasing_vol,0.08645969095848477,加速下滑-0.1分(加速度-0.17),"","",0,0
603628.SH,清源股份,电气设备,7.074922000000001,0.09561007669240902,0.6643399999999998,0.19889520595147248,0.4515939576392088,0.023898417913658987,5.5988,47.77060000966671,0.1271725629432836,0.39999999999999997,0.48333333333333334,good,good,good,false,0,false,0,false,0,false,0,0.35870525092372524,2.4663209973561835,0.819417012574866,moderate,false,false,none,1.6999499999999996,0.0,-1.4476,-3.14755,0.5461591976201091,0.6809465072871047,0.35683158075875177,true,severe,-4.8138,1.9185999999999996,-34.08523663762656,-46.230528398286694,22.587708971038374,false,电气设备,false,2.1790064035491565,true,falling,false,false,0.0,0.35870525092372524,0.5774983878788678,电气设备,-5.0,-2.0,3.0,0.3,0.5,-0.20618668220258216,0.4329668289134633,-0.4587999806665777,false,true,0.09561007669240902,0.19889520595147248,,,,,,,0.9866768176627332,1,0.0,cliff_drop,0.32454531225786787,false,increasing_vol,52.22939999033329,严重恶化-15分; 单年巨幅下滑-15.0分(年跌-46.2%); 加速下滑-0.2分(加速度-0.46); 贝叶斯高置信度恶化-12分(恶化概率98.7%，严重恶化确认); 趋势不可靠-2分(Bootstrap CI过宽: 0.617); 峰值明显下跌-8分(从10.4跌至5.6，跌幅-46.2%),"","",0,0
603638.SH,艾迪精密,专用机械,10.445533,-0.2848491710050713,-3.4856900000000004,0.7674723554017696,0.051396527599827706,-0.2225404641480725,7.4371,65.30301657989858,-0.2522299446267188,-0.6,0.23333333333333334,good,good,good,false,0,false,0,false,0,false,0,0.5417410140408011,6.2252760101862155,1.1823615206017801,moderate,false,false,none,-6.6252,0.0,0.16575000000000006,6.7909500000000005,0.6715193675608926,0.9688528532355308,0.24634082237339489,false,none,0.6679000000000004,-0.33640000000000025,4.665334384147717,9.866749394315436,-4.734294077910384,false,专用机械,false,1.0,false,rising,false,false,0.0,0.5417410140408011,0.5667261445659743,专用机械,-5.0,-2.0,3.0,0.3,0.5,0.02258612003366589,0.2349645482049043,0.5466761927719708,false,false,-0.2848491710050713,0.7674723554017696,,,,,,,0.13366336633663367,0,0.0,none,0.2519002150180546,false,decreasing_vol,34.696983420101425,"轻度衰退-5.7分(log斜率-0.285); 持续衰退重罚-10.0分(最新<加权); 趋势不确定预警-4分(Bootstrap CI跨零: [-0.558, 0.023]); 峰值大幅下跌-15分(从20.4跌至7.4，跌幅-63.5%)","","",0,0
603658.SH,安图生物,医疗保健,14.003404999999999,-0.02832604850904379,-0.3972700000000002,0.40994523535320104,0.24454079526590242,-0.03914762179075726,12.8912,73.0,-0.031134164348452287,-0.39999999999999997,0.48333333333333334,good,good,good,false,0,false,0,false,0,false,0,0.06958115416043169,0.9881943346326172,0.1635046796094083,ultra_stable,false,false,none,0.044649999999999856,0.0,-1.1610500000000004,-1.2057000000000002,0.46635913766119563,0.002567646457928349,0.9982145428643484,true,severe,-1.2461000000000002,-1.0760000000000005,-15.263618018444392,-8.814271466263008,-7.07275870455457,false,医疗保健,false,1.114984902230952,true,falling,false,false,0.0,0.06958115416043169,0.20432957695913895,医疗保健,-5.0,-2.0,3.0,0.3,0.5,-0.08260129093669222,0.9956853340144304,-0.08553849459735918,false,false,-0.02832604850904379,0.40994523535320104,,,,,,,0.9747292418772563,2,0.246228216521366,sustained_decline,0.05371546597226554,false,stable,27.0,严重恶化-15分; 贝叶斯高置信度恶化-12分(恶化概率97.5%，严重恶化确认),"","",0,0
603676.SH,卫信康,化学制药,13.79635,0.2728025884175669,3.0643000000000002,0.884022325084651,0.01738539811070108,0.3115438482733912,17.7851,115.0,0.27747138093867546,0.9999999999999999,0.016666666666666666,good,good,good,false,0,false,0,false,0,false,0,0.3912590632728423,5.038266433308187,0.9143702056214695,ultra_stable,false,false,none,4.5615,0.0,1.3257000000000003,-3.2357999999999993,0.6963510352859751,0.9699182890749289,0.993592063784822,false,none,1.5101000000000013,1.1412999999999993,17.51983982766938,9.278648233486953,7.541447233657331,false,化学制药,false,1.0,false,rising,false,false,0.0,0.3912590632728423,0.44634058395160725,化学制药,-5.0,-2.0,3.0,0.3,0.5,0.08056831476496296,0.9967165750227279,-0.3782434906103964,false,true,0.2728025884175669,0.884022325084651,,,,,,,0.07161803713527852,0,0.0,none,0.1073048880591128,false,decreasing_vol,0.0,趋势不可靠-2分(Bootstrap CI过宽: 0.384),high_growth,"优质护城河(高位企稳: 17.8 > 15.0, 稳健斜率=0.28)",1,0
603693.SH,江苏新能,新型电力,5.337006000000001,0.013222695120457085,0.07218000000000001,0.1362302895586989,0.5409546130141726,0.12329798598097397,5.0528,70.72390671203677,0.08940444501217482,0.39999999999999997,0.48333333333333334,good,good,good,false,0,false,0,false,0,false,0,0.2689033363114267,1.3989964974938287,0.7428593395609887,moderate,false,false,none,1.9324000000000001,0.0,-0.9927999999999999,-2.9252000000000002,0.8822147296634476,0.9992318484558481,0.968405227242505,true,severe,-0.6821999999999999,-1.3034,-28.210957035689926,-11.895379250217959,-18.518413275744486,false,新型电力,false,1.0,true,falling,false,false,0.0,0.2689033363114267,0.3484560023824747,新型电力,-5.0,-2.0,3.0,0.3,0.5,-0.16339787354117496,0.9814690487687044,-0.5521865759264784,false,true,0.10337902665810846,0.32828063447065664,,,,,,,0.9060402684563759,2,-0.35764586991917996,sustained_decline,0.231882897990945,true,decreasing_vol,29.27609328796324,严重恶化-15分; 加速下滑-0.3分(加速度-0.55); 贝叶斯高置信度恶化-12分(恶化概率90.6%，严重恶化确认); 波动聚集提示-2分(大波动后可能跟着大波动),"","",0,0
603698.SH,航天工程,专用机械,4.2707,-0.06476059379268717,-0.29808000000000007,0.3867204500037478,0.26271463542964574,-0.09855745727033172,3.5667,59.0,-0.06068929892731349,-0.6,0.23333333333333334,good,good,good,false,0,false,0,false,0,false,0,0.1681061935993185,0.742985668098652,0.4151375420273592,stable,false,false,none,-1.5827000000000004,0.0,-0.10528,1.4774200000000004,0.4463694893413524,1.0,0.05523738812038659,true,severe,-0.9409000000000001,-0.2965,-25.757165754251577,-20.87363563758985,-6.17181157761079,false,专用机械,false,1.258012988373311,true,falling,false,false,0.0,0.1681061935993185,0.3022200199958963,专用机械,-5.0,-2.0,3.0,0.3,0.5,-0.14469622654228098,0.9024169382645925,-0.08719261565755076,false,false,-0.06476059379268717,0.3867204500037478,,,,,,,0.9966719436551457,2,2.38209217425111,accelerating_decline,0.1299551335898543,false,decreasing_vol,41.0,严重恶化-15分; 贝叶斯高置信度恶化-12分(恶化概率99.7%，严重恶化确认); 峰值明显下跌-8分(从5.4跌至3.6，跌幅-34.0%); 连续下跌警示-6分(2年下跌，累计-34.0%),"","",0,0
603707.SH,健友股份,生物制药,9.465753000000001,-0.08412007201049768,-1.0753599999999999,0.6565144249120212,0.09634356054271177,,10.2802,83.0,-0.1359916890768469,-0.6,0.23333333333333334,has_loss,has_loss,good,true,1,false,0,false,0,false,0,0.7364805671274147,7.581787575961226,1.7930822118737748,high_volatility,false,false,none,-0.7439999999999998,0.0,-1.5484499999999997,-0.8044499999999999,0.23704460321676035,0.39831995086128447,0.03271779365082043,false,none,13.034400000000002,-16.1313,-23.150757638053086,473.255391765304,-120.58891688034028,false,生物制药,true,inf,true,rising,false,false,0.0,0.7364805671274147,1.0,生物制药,-5.0,-2.0,3.0,0.3,0.5,-0.13118074676037406,0.002150251256927592,-0.07857714515236203,false,false,-0.5920981349183478,0.17254455276326183,,,,,,,0.435483870967742,0,0.0,none,0.6019397584664358,false,increasing_vol,17.0,单年巨幅下滑-15.0分(年跌-120.6%); 波动率飙升预警-8.0分(近期波动是早期的9.2倍); 峰值明显下跌-8分(从15.7跌至10.3，跌幅-34.5%),"","",0,0
603778.SH,国晟科技,电气设备,-10.273848000000001,-0.008661282368823154,-0.11776000000000009,0.0007030230301236679,0.9662445423948138,,-12.4162,56.0,0.037925360250838556,0.19999999999999998,0.8166666666666667,poor,poor,poor,true,5,false,0,true,5,false,0,0.4440297980964238,4.546207968406197,1.048745326472967,volatile,false,false,none,-8.7574,0.0,1.65444,10.41184,0.511384247656213,1.0,0.2111614931038545,true,severe,-7.9378,8.145,1.6413961373322583,-177.24633797784927,64.52302866105804,false,电气设备,false,inf,true,falling,false,false,0.0,0.4440297980964238,1.0,电气设备,-5.0,-2.0,3.0,0.3,0.5,0.008248807541650471,0.00019718086306695737,0.34113118816078747,false,false,-0.008661282368823154,0.0007030230301236679,,,,,,,0.8810333106730117,1,0.0,cliff_drop,0.4436572336900845,false,stable,44.0,严重恶化-15分; 单年巨幅下滑-15.0分(年跌-177.2%); 贝叶斯高置信度恶化-12分(恶化概率88.1%，严重恶化确认); 趋势不可靠-2分(Bootstrap CI过宽: 1.065),"","",0,0
603799.SH,华友钴业,小金属,9.355202,-0.06700684438923475,-0.6856600000000002,0.10102409166931108,0.6022309691779614,-0.0031235690464888055,7.0439,82.72537522996743,-0.08245973257899886,-0.39999999999999997,0.48333333333333334,good,good,good,false,0,false,0,false,0,false,0,0.34897568867479595,3.3365216618508566,0.7270549843633968,moderate,false,false,none,6.8626000000000005,0.0,-2.58547,-9.448070000000001,0.68994736126117,1.0,0.8994736126117,false,none,-0.2721,-5.000800000000001,-42.810632631852435,-3.719245489338437,-40.60145492335672,false,小金属,true,1.0,true,falling,true,false,0.0,0.34897568867479595,0.9979513773495918,小金属,-5.0,-2.0,1.6,0.3,0.24,-0.2777225497234319,0.800440876807445,-0.5492495400651467,false,true,-0.06700684438923475,0.10102409166931108,,,,,,,0.6585365853658537,0,-0.9083962509136866,none,0.3300400371236106,false,decreasing_vol,17.274624770032574,单年巨幅下滑-15.0分(年跌-40.6%); 加速下滑-0.3分(加速度-0.55); 趋势不可靠-2分(Bootstrap CI过宽: 0.676); 峰值明显下跌-8分(从14.0跌至7.0，跌幅-49.7%),"","",0,0
603800.SH,洪田股份,专用机械,8.470115999999999,0.8722744540938182,3.43412,0.4474627041531468,0.21696030206926753,,9.1053,45.0,0.6556428038553787,0.39999999999999997,0.48333333333333334,has_loss,has_loss,has_loss,true,1,false,0,true,1,false,0,1.0329459482624805,7.684993901559063,2.4829970375866277,high_volatility,false,false,none,5.55855,0.0,-1.5915499999999996,-7.1501,0.46603711319615077,0.5533811925510578,0.18134982967936097,true,severe,-7.448499999999999,4.2654,-25.90329090849907,-44.995710954584446,34.710784154161644,false,专用机械,true,inf,true,falling,false,false,0.0,1.0329459482624805,1.0,专用机械,-5.0,-2.0,3.0,0.3,0.5,-0.1492243249934364,0.25103241261801984,-1.2522168300547516,false,false,0.8722744540938182,0.4474627041531468,,,,,,,0.9737039819684448,1,0.0,cliff_drop,0.7309793622708959,false,stable,55.0,严重恶化-15分; 单年巨幅下滑-15.0分(年跌-45.0%); 周期回落期-3分(景气下行趋势); 贝叶斯高置信度恶化-12分(恶化概率97.4%，严重恶化确认); 趋势不可靠-2分(Bootstrap CI过宽: 2.975); 峰值明显下跌-8分(从16.6跌至9.1，跌幅-45.0%),"","",0,0
603811.SH,诚意药业,化学制药,13.458845,-0.11071215433688208,-1.6488699999999998,0.6289754772198647,0.10941505469639658,-0.08278409992539193,13.2761,96.0,-0.15878985693579883,-0.6,0.23333333333333334,good,good,good,false,0,false,0,false,0,false,0,0.22342658889822556,3.1912645286782473,0.5688889386751501,stable,false,false,none,-3.082599999999999,0.0,0.34169999999999945,3.4242999999999983,0.6553909428673181,0.991912911357287,0.06199651731589369,false,none,2.643799999999999,-1.9604,5.42695371127716,24.86573930381948,-15.56774956919485,false,化学制药,false,1.0,false,rising,false,false,0.0,0.22342658889822556,0.3120746044519138,化学制药,-5.0,-2.0,3.0,0.3,0.5,0.026345361361655547,0.0519496413287291,0.22516268996593913,false,false,-0.11071215433688208,0.6289754772198647,,,,,,,0.13366336633663367,0,0.0,none,0.12885312181847336,false,stable,4.0,"趋势不确定预警-4分(Bootstrap CI跨零: [-0.214, 0.026])","","",0,0
603829.SH,洛凯股份,电气设备,10.561125,0.05592358684976584,0.5810100000000002,0.5535710112870884,0.14935243861178257,0.04000652754034695,10.6895,89.47231180472599,0.044554687376641366,0.6,0.23333333333333334,good,good,good,false,0,false,0,false,0,false,0,0.12432865530014546,1.27693237369878,0.3093776227725298,ultra_stable,false,false,none,0.47199999999999953,0.0,0.5953100000000004,0.12331000000000092,0.16102879454138325,1.0,0.3604184607732151,true,moderate,-1.6251999999999995,2.712200000000001,11.31996875813592,-13.19723582385279,28.244727935433495,false,电气设备,false,1.141572507159594,true,falling,false,false,0.0,0.12432865530014546,0.25167259186139557,电气设备,-5.0,-2.0,3.0,0.3,0.5,0.053359456138360566,0.18442404404353333,0.028665094496345574,false,false,0.05592358684976584,0.5535710112870884,,,,,,,0.4807121661721069,1,0.0,single_year_drop,0.08635493041188068,false,increasing_vol,10.527688195274017,中度恶化-10分; 波动率飙升预警-8.0分(近期波动是早期的9.1倍),"","",0,0
603855.SH,华荣股份,专用机械,21.10499,0.0617111439318113,1.2023000000000001,0.4961172886591955,0.1841715469418236,0.07302160965188853,21.9847,123.0,0.06650689432735185,0.6,0.23333333333333334,good,good,good,false,0,false,0,false,0,false,0,0.1330834931620393,2.7287226504355484,0.3219738351450265,ultra_stable,false,false,none,5.380300000000002,0.0,0.44462999999999975,-4.935670000000002,0.49660046057390317,1.0,0.09346174422925961,true,mild,-1.2009000000000007,4.384800000000002,16.934917663078174,-5.17950797046443,23.32241181226332,false,专用机械,false,1.200741457810306,true,falling,false,false,0.0,0.1330834931620393,0.2665656555710056,专用机械,-5.0,-2.0,3.0,0.3,0.5,0.07812882887449768,0.5152327246049073,0.015495912729527772,false,false,0.0617111439318113,0.4961172886591955,,,,,,,0.19798350137488543,1,0.0,high_level_pullback,0.09547375644086951,false,decreasing_vol,0.0,轻度恶化-5分,"high_growth,stable_dividend","优质护城河(高位企稳: 22.0 > 15.0, 稳健斜率=0.06); 稳定分红型(值=22.0,CV=13.3%,稳定)",1,0
603859.SH,能科科技,软件服务,9.17852,0.01861957049658298,0.1618600000000001,0.6052584345767342,0.12130867895473003,0.02450551233911802,9.0521,79.56199623518651,0.02457030254653708,0.6,0.23333333333333334,good,good,good,false,0,false,0,false,0,false,0,0.12242185823417782,1.0985843745475359,0.2935781656741433,ultra_stable,false,false,none,0.05275000000000052,0.0,0.3649999999999993,0.3122499999999988,0.09738559959011989,0.2516661295297048,0.07863638304314854,true,moderate,-1.7990000000000013,2.529,8.771824419317223,-16.578964344628666,30.388964323908624,false,软件服务,false,1.158241309284916,true,falling,false,false,0.0,0.12242185823417782,0.2523696611586644,软件服务,-5.0,-2.0,3.0,0.3,0.5,0.04176446880861984,0.09589662915461139,0.035431544908245405,false,false,0.04438414823994044,0.37296643357245185,,,,,,,0.7873633049817741,1,0.0,single_year_drop,0.09889724819020188,false,increasing_vol,20.438003764813487,"中度恶化-10分; 贝叶斯中度恶化预警-5分(恶化概率78.7%); 波动率飙升预警-8.0分(近期波动是早期的13.7倍); 趋势不确定预警-4分(Bootstrap CI跨零: [-0.004, 0.042])","","",0,0
603861.SH,白云电器,电气设备,2.836716,0.12310418857960054,0.40392000000000006,0.17664840564722567,0.4810645093823789,0.09297086411701172,4.4953,98.0,0.17896497746343026,0.19999999999999998,0.8166666666666667,good,good,good,false,0,false,0,false,0,false,0,0.4729248475315695,1.2842463404658782,1.178181871745583,volatile,false,false,none,-0.9271,0.0,1.5997000000000001,2.5268,0.6883652089953727,0.8848761794835386,0.998775910470188,false,none,1.5027000000000004,1.6966999999999999,246.88633382205416,50.213860856780066,130.9283123697816,false,电气设备,false,1.0,false,rising,false,false,0.0,0.4729248475315695,0.5116732113585889,电气设备,-5.0,-2.0,3.0,0.3,0.5,0.5661894308988693,0.969491158305936,0.9606515364836439,true,false,0.12310418857960054,0.17664840564722567,,,,,,,0.07161803713527852,0,0.0,none,0.4102999448451159,false,increasing_vol,2.0,趋势不可靠-2分(Bootstrap CI过宽: 1.012),"","",0,0
603881.SH,数据港,软件服务,3.35431,-0.009174800578263543,-0.030039999999999935,0.22356575005134033,0.4212292124717054,-0.10472421806024768,3.0565,82.0,-0.05228775977385336,-0.6,0.23333333333333334,good,good,good,false,0,false,0,false,0,false,0,0.1983128608159836,0.698406334450082,0.48305667085020465,stable,false,false,none,-1.4842,0.0,-0.0517399999999999,1.43246,0.7056380330210374,1.0,0.32184144789408137,true,moderate,-0.27079999999999993,0.13359999999999994,-4.295957666656229,-8.138731103296964,4.183235745373702,false,软件服务,false,1.041832357453737,true,falling,false,false,0.0,0.1983128608159836,0.29756126964661844,软件服务,-5.0,-2.0,3.0,0.3,0.5,-0.020909630222899156,0.2664721070180344,0.1719877013264125,false,false,-0.08396269046734457,0.5894863964504821,,,,,,,0.8223350253807107,1,0.0,single_year_drop,0.1293279751314441,false,decreasing_vol,18.0,中度恶化-10分; 贝叶斯中度恶化预警-5分(恶化概率82.2%); 峰值明显下跌-8分(从4.8跌至3.1，跌幅-35.8%),"","",0,0
603890.SH,春秋电子,元器件,5.499403,-0.47881799162858996,-2.36899,0.34008874717455245,0.30203183690806684,,4.9695,58.0,-0.3677063869159955,-0.6,0.23333333333333334,has_loss,has_loss,has_loss,true,1,true,1,true,1,true,1,0.7670123185066774,4.763223199158317,1.8895186872997214,volatile,false,false,none,-3.69615,0.0,0.3527499999999999,4.0489,0.5283383888536544,0.8875835890307152,0.016656080018042425,false,none,5.0473,-4.3418,16.54549718574108,6487.5321336760935,-101.82457786116323,false,元器件,false,1.0,false,rising,false,false,0.0,0.7670123185066774,0.7469431881386752,元器件,-5.0,-2.0,3.0,0.3,0.5,0.07480473135318055,0.003137853410341803,0.5718043340837531,false,false,-0.47881799162858996,0.34008874717455245,,,,,,,0.07161803713527852,0,0.0,none,0.4738168246472568,false,stable,42.0,持续衰退重罚-10.0分(最新<加权); 单年巨幅下滑-15.0分(年跌-101.8%); 趋势不可靠-2分(Bootstrap CI过宽: 1.710); 峰值大幅下跌-15分(从11.7跌至5.0，跌幅-57.4%),"","",0,0
603893.SH,瑞芯微,半导体,12.203023,-0.21394830496598802,-1.7023900000000003,0.13179856573705168,0.5481267506803136,0.02544777176499613,16.4717,121.0,-0.204935788114421,-0.19999999999999998,0.8166666666666667,good,good,good,false,0,false,0,false,0,false,0,0.6162111732590243,7.8343486419101875,1.5868108046884712,high_volatility,false,false,none,-3.4572499999999993,0.0,4.24485,7.702099999999999,0.41937371233536974,0.2365691385285463,0.34171040463444036,false,none,14.449599999999998,-5.9599,106.36056126284137,714.5838484743582,-74.66675018792283,false,半导体,true,10.976905197566886,true,rising,false,false,0.0,0.6162111732590243,1.0,半导体,-5.0,-2.0,3.0,0.3,0.5,0.3607369596786789,0.12132191515720493,0.6713174563249518,false,false,-0.21394830496598802,0.13179856573705168,,,,,,,0.07161803713527852,0,0.0,none,0.5786986440130347,false,stable,1.0,单年巨幅下滑-15.0分(年跌-74.7%); 趋势不可靠-2分(Bootstrap CI过宽: 1.587),"turnaround,cyclical_bottom","底部强力反转(曾跌106%, 近期斜率0.36); 周期底部(mid_up), 近期强势(36.1%)",0,1
603897.SH,长城科技,电气设备,7.059798000000001,-0.05147640749466764,-0.3754250000000001,0.08867139075621665,0.6265381837177779,-0.05737398286687767,6.5043,90.0,-0.08344265282741603,-0.19999999999999998,0.8166666666666667,good,good,good,false,0,false,0,false,0,false,0,0.43024761206158063,3.1639462846262107,1.1467299810437626,volatile,false,false,none,-2.2039,0.0,1.3368499999999999,3.54075,0.3861835962801716,0.27302471093999175,0.9016467373335787,false,none,0.5720999999999998,2.1016,69.79846499242937,9.643976939415392,54.86346786404218,false,电气设备,false,3.2014305852869005,true,rising,false,false,0.0,0.43024761206158063,0.7710555010208513,电气设备,-5.0,-2.0,3.0,0.3,0.5,0.2593408978733045,0.8767153942838642,0.6357559342441115,true,false,-0.11891492746191178,0.19749483373583296,,,,,,,0.07161803713527852,0,0.0,none,0.3751262170282355,false,decreasing_vol,10.0,趋势不可靠-2分(Bootstrap CI过宽: 0.671); 峰值明显下跌-8分(从12.3跌至6.5，跌幅-47.0%),"","",0,0
603920.SH,世运电路,元器件,9.45215,0.010163761721816034,0.10563500000000002,0.11175077791514104,0.582432866486998,0.011420431069897763,10.5885,98.0,0.042886420908637146,0.6,0.23333333333333334,good,good,good,false,0,false,0,false,0,false,0,0.23482634915321313,2.150516222910211,0.5659485253169394,moderate,false,false,none,-4.7127,0.0,1.6572,6.3698999999999995,0.6791630497498147,1.0,0.7916304974981467,false,none,0.23830000000000062,1.023299999999999,13.526466457236591,2.30237096867694,10.971491063483032,false,元器件,false,1.0,false,rising,false,false,0.0,0.23482634915321313,0.32119441265590387,元器件,-5.0,-2.0,3.0,0.3,0.5,0.06311333268954766,0.8795477072957467,0.10362053590150033,false,false,0.07338725899184886,0.1714100385454104,,,,,,,0.07161803713527852,0,0.0,none,0.21170634618281878,true,decreasing_vol,2.0,波动聚集提示-2分(大波动后可能跟着大波动),"","",0,0
603933.SH,睿能科技,元器件,3.8214260000000007,-0.021138587438102843,-0.17238000000000003,0.008060027648453776,0.8858452782940864,0.03875147881483931,2.7311,39.75872266340377,-0.1515016730976892,-0.19999999999999998,0.8166666666666667,good,good,good,false,0,false,0,false,0,false,0,0.40002464178612906,1.5493514410875282,1.0190181609753326,volatile,false,false,none,3.9468,0.0,-1.10843,-5.05523,0.6918798255137506,1.0,0.9187982551375055,true,severe,-1.0671,-0.3998000000000004,-34.94282991900906,-28.094887051761358,-9.523582658408774,false,元器件,false,1.0,true,falling,false,false,0.0,0.40002464178612906,0.45335304676223664,元器件,-5.0,-2.0,3.0,0.3,0.5,-0.2059247988542373,0.9148044937039023,-0.48255467319245926,false,true,-0.021138587438102843,0.008060027648453776,,,,,,,0.9990615454792582,3,1.9500334127887464,accelerating_decline,0.39378628371972996,true,decreasing_vol,60.24127733659623,复合恶化-14.0分(触发2项恶化信号); 严重恶化-15分; 加速下滑-0.2分(加速度-0.48); 贝叶斯高置信度恶化-12分(恶化概率99.9%，严重恶化确认); 波动聚集提示-2分(大波动后可能跟着大波动); 趋势不可靠-2分(Bootstrap CI过宽: 0.669); 峰值大幅下跌-15分(从6.3跌至2.7，跌幅-56.6%),"","",0,0
603966.SH,法兰泰克,专用机械,9.769695,-0.055038816193557286,-0.5312500000000002,0.43448434582970774,0.22626335119391425,-0.03830509014378325,8.6116,95.8308069038477,-0.041544074726062266,-0.39999999999999997,0.48333333333333334,good,good,good,false,0,false,0,false,0,false,0,0.13173923465334778,1.322045376301434,0.2856411155797723,ultra_stable,false,false,none,0.7051499999999997,0.0,-1.4332500000000001,-2.1384,0.668818547361898,0.8866700509938702,0.8015154226251101,false,none,-0.19790000000000063,-2.6685999999999996,-24.97364546397052,-2.246438503887856,-23.24949251182687,false,专用机械,false,1.0,true,falling,false,false,0.0,0.13173923465334778,0.23872472105601156,专用机械,-5.0,-2.0,3.0,0.3,0.5,-0.14293437805381148,0.80882198531082,-0.20820112529758528,false,true,-0.055038816193557286,0.43448434582970774,,,,,,,0.49090909090909096,0,-0.9033768800439361,none,0.10173072434041412,false,increasing_vol,4.169193096152304,加速下滑-0.1分(加速度-0.21); 波动率飙升预警-4.1分(近期波动是早期的2.0倍),"","",0,0
603976.SH,正川股份,医疗保健,4.702717,-0.02493101619516787,-0.09880000000000005,0.16041264699522056,0.5040301173611909,-0.010741245547628564,3.9643,83.0,-0.06280607826699491,-0.39999999999999997,0.48333333333333334,good,good,good,false,0,false,0,false,0,false,0,0.39958683754764546,1.9414086336987375,0.9970279137354017,volatile,false,false,none,4.118599999999999,0.0,-1.39844,-5.517039999999999,0.6677645045796685,1.0,0.6776450457966853,false,none,0.5505,-1.1036000000000001,-12.243768539425336,16.125724998535354,-24.429981847965646,false,医疗保健,false,2.4189759212607647,true,rising,false,false,0.0,0.39958683754764546,0.642199592872885,医疗保健,-5.0,-2.0,3.0,0.3,0.5,-0.0635489499350872,0.21909917503248524,-0.1061288620375942,false,false,-0.0950073805453406,0.20129973536050796,,,,,,,0.2783505154639176,0,0.0,none,0.36207331728853104,true,decreasing_vol,17.0,波动聚集提示-2分(大波动后可能跟着大波动); 峰值大幅下跌-15分(从8.3跌至4.0，跌幅-52.0%),"","",0,0
603987.SH,康德莱,医疗保健,8.980155,-0.08777187637000453,-0.7672100000000001,0.5651604504398147,0.1428039454712982,-0.07419784124222362,7.003,51.87089875097445,-0.10465732887199297,-0.6,0.23333333333333334,good,good,good,false,0,false,0,false,0,false,0,0.1770440244036047,1.6577977539494977,0.4429203653233315,stable,false,false,none,1.617799999999999,0.0,-1.4499999999999997,-3.0677999999999988,0.6959385054084435,1.0,0.9593850540844346,true,severe,-1.5344999999999995,-2.0578000000000003,-33.90465583796589,-17.973645680819907,-19.421819108472626,false,医疗保健,false,1.0,true,falling,false,false,0.0,0.1770440244036047,0.27496855285621713,医疗保健,-5.0,-2.0,3.0,0.3,0.5,-0.20561615706089628,0.9993427412360402,-0.2582024980511015,false,true,-0.08777187637000453,0.5651604504398147,,,,,,,0.9872029250457038,2,-0.07456425268737901,sustained_decline,0.12067165918393839,false,increasing_vol,48.12910124902555,"严重恶化-15分; 加速下滑-0.1分(加速度-0.26); 贝叶斯高置信度恶化-12分(恶化概率98.7%，严重恶化确认); 趋势不确定预警-4分(Bootstrap CI跨零: [-0.207, 0.067]); 峰值明显下跌-8分(从11.2跌至7.0，跌幅-37.2%); 连续下跌警示-9分(3年下跌，累计-26.5%)","","",0,0
603993.SH,洛阳钼业,小金属,8.669907,0.16821950513778874,0.93548,0.5908661274003404,0.12882017726928954,0.41378251174327896,13.933,91.0,0.28905149283445086,0.9999999999999999,0.016666666666666666,good,good,good,false,0,false,0,false,0,false,0,0.4835066480433947,3.854234564346078,1.3103687925112464,stable,false,false,none,2.1718,0.0,3.0509499999999994,0.8791499999999992,0.48137572287941444,0.9860452515254524,0.8309681350535538,false,none,5.4343,0.6675999999999993,77.91881089502112,63.94272065139375,8.524983718762362,false,小金属,true,1.0,false,rising,true,false,0.0,0.4835066480433947,1.0,小金属,-5.0,-2.0,1.6,0.3,0.24,0.28669530310269464,0.8537877626022973,-0.10981532268815902,false,true,0.30601402066225114,0.9409142856128064,,,,,,,0.07161803713527852,0,0.0,none,0.1431862210271922,false,stable,9.0,"周期顶部预警-5分(警惕景气回落); 趋势不确定预警-4分(Bootstrap CI跨零: [-0.058, 0.418])","","",0,0
605058.SH,澳弘电子,元器件,7.705555,-0.12192226190032152,-1.0427699999999998,0.9343950543598092,0.007277226873363238,-0.11719598173169188,6.6507,47.0,-0.11914987841014629,-0.9999999999999999,0.016666666666666666,good,good,good,false,0,false,0,false,0,false,0,0.21129654609248444,1.738324006910104,0.5225758301385448,ultra_stable,false,false,none,-1.6655499999999994,0.0,-0.4840500000000003,1.181499999999999,0.7468172111796209,0.9800063483256947,0.9881657634705135,true,severe,-0.39230000000000054,-0.5758000000000001,-12.706725468577737,-5.570069572625309,-7.557620622670237,false,元器件,false,1.0,false,falling,false,false,0.0,0.21129654609248444,0.3023705702073209,元器件,-5.0,-2.0,3.0,0.3,0.5,-0.06728570433586545,0.9918319298216325,0.11296962644914577,true,false,-0.12192226190032152,0.9343950543598092,,,,,,,0.9507042253521126,4,-0.2629863483862851,chronic_decline,0.06694708078139258,true,decreasing_vol,53.0,严重恶化-15分; 贝叶斯高置信度恶化-12分(恶化概率95.1%，严重恶化确认); 波动聚集提示-2分(大波动后可能跟着大波动); 峰值明显下跌-8分(从10.9跌至6.7，跌幅-39.3%); 智能连续下跌-16分(4年实质性下跌，累计跌幅-39.3%),"","",0,0
605066.SH,天正电气,电气设备,6.815586000000001,0.0440353555109315,0.28844,0.1744664616675199,0.4840747185421912,-0.2461949803080571,5.7502,85.0,-0.27295437070238737,-0.19999999999999998,0.8166666666666667,good,good,good,false,0,true,1,false,0,false,0,0.8578454706774982,6.393179154771122,2.315782411507394,high_volatility,false,false,none,-12.6751,0.0,0.9315900000000001,13.60669,0.6647522893448298,1.0,0.14752289344829742,true,moderate,-2.268399999999999,7.467899999999999,944.1619756673326,-28.28922754595564,1356.0740875249683,false,电气设备,true,14.560740875249682,true,falling,false,false,0.0,0.8578454706774982,1.0,电气设备,-5.0,-2.0,3.0,0.3,0.5,0.9618823406773201,0.6248910148729887,2.485663116927235,true,false,-0.18072401871810648,0.06510700280393229,,,,,,,0.6492985971943889,1,0.0,single_year_drop,0.7300364121832076,false,decreasing_vol,15.0,中度恶化-10分; 周期回落期-3分(景气下行趋势); 峰值大幅下跌-15分(从17.8跌至5.8，跌幅-67.7%),"","",0,0
605111.SH,新洁能,半导体,14.791063000000001,-0.13322345978138114,-1.5437800000000004,0.42976330717935673,0.22970877400741843,-0.09282826996921445,10.4107,80.0,-0.23330343009998772,-0.39999999999999997,0.48333333333333334,good,good,good,false,0,false,0,false,0,false,0,0.5335986892963784,8.402119665477278,1.3916998070638265,volatile,false,false,none,13.9176,0.0,-6.554399999999999,-20.472,0.6761145692352055,1.0,0.7611456923520546,false,none,3.0353000000000003,-8.9082,-36.06634896460242,41.15437806763024,-54.70657594143802,false,半导体,true,3.9712151205358355,true,rising,false,false,0.0,0.5335986892963784,0.9563743008418809,半导体,-5.0,-2.0,3.0,0.3,0.5,-0.22298357666047264,0.3181548138140446,-0.2517413122732164,false,false,-0.21517022639080047,0.4334658979185804,,,,,,,0.6067415730337079,0,0.0,none,0.4272392849223113,true,decreasing_vol,20.0,单年巨幅下滑-15.0分(年跌-54.7%); 波动聚集提示-2分(大波动后可能跟着大波动); 趋势不可靠-2分(Bootstrap CI过宽: 0.496); 峰值大幅下跌-15分(从29.3跌至10.4，跌幅-64.5%),"","",0,0
605116.SH,奥锐特,化学制药,13.07436,0.005141398911735618,0.06748000000000012,0.1955393548572288,0.4559043204220351,0.006466304293205827,13.2561,96.01419623943261,0.032141365550143866,0.39999999999999997,0.48333333333333334,good,good,good,false,0,false,0,false,0,false,0,0.09517583870216043,1.2250025093851846,0.2636637261924925,ultra_stable,false,false,none,-1.8167999999999989,0.0,0.8375599999999999,2.6543599999999987,0.5718337704961554,1.0,0.584620791986721,true,moderate,-1.2393999999999998,1.9130000000000003,5.353467117027622,-8.550239729571246,15.203655871249754,false,化学制药,false,1.3056774065700465,true,falling,false,false,0.0,0.09517583870216043,0.25023099183773456,化学制药,-5.0,-2.0,3.0,0.3,0.5,0.025997580849782098,0.13264371277930637,0.03914166442022515,false,false,0.03173014439724749,0.2714913381689198,,,,,,,0.6492985971943889,1,0.0,single_year_drop,0.08099745609223803,false,stable,3.9858037605673946,中度恶化-10分,"","",0,0
605117.SH,德业股份,电气设备,32.978773000000004,-0.038148948652281606,-1.07087,0.16064045707845218,0.5036984649649331,-0.12840694864854063,30.1777,82.0,-0.14811608299996226,-0.6,0.23333333333333334,good,good,good,false,0,false,0,false,0,false,0,0.3117303914368984,10.775939813445508,0.8362526881689323,stable,false,false,none,-20.156399999999998,0.0,-1.7341000000000002,18.422299999999996,0.6709301426930867,1.0,0.20930142693086654,false,none,6.793900000000001,-11.468800000000002,-13.413346493518418,29.05387490484866,-32.906583726895555,false,电气设备,false,1.2555219934112527,true,rising,false,false,0.0,0.3117303914368984,0.41678724560435243,电气设备,-5.0,-2.0,3.0,0.3,0.5,-0.07197792188428309,0.12700500027966077,0.1308179587449847,false,false,-0.14167857395405017,0.5880499087301155,,,,,,,0.09326424870466322,0,0.0,none,0.1960989057277688,false,stable,18.0,单年巨幅下滑-15.0分(年跌-32.9%); 峰值明显下跌-8分(从52.3跌至30.2，跌幅-42.3%),"","",0,0
605118.SH,力鼎光电,元器件,11.42718,-0.025994571471470485,-0.28517999999999993,0.40730600846799714,0.2465620732298658,-0.10165854387552486,10.3936,86.0,-0.08803927438542974,-0.7999999999999999,0.08333333333333333,good,good,good,false,0,false,0,false,0,false,0,0.19018145181353718,2.293755668548854,0.46476708167231573,ultra_stable,false,false,none,-4.0619,0.0,-0.5858400000000004,3.4760599999999995,0.7335856497828781,1.0,0.8358564978287806,false,none,0.04029999999999845,-1.3484999999999996,-11.179476661710174,0.38924787265894395,-11.52386812285289,false,元器件,false,1.0,false,rising,false,false,0.0,0.19018145181353718,0.2854784947841631,元器件,-5.0,-2.0,3.0,0.3,0.5,-0.05903347046089146,0.7254610586587208,0.09568010545054029,true,false,-0.09933982366586887,0.8000424096014304,,,,,,,0.2783505154639176,0,0.0,none,0.09253435676392038,false,decreasing_vol,14.0,峰值明显下跌-8分(从16.0跌至10.4，跌幅-34.9%); 连续下跌警示-6分(2年下跌，累计-34.9%),"","",0,0
605196.SH,华通线缆,电气设备,7.34623,-0.007209327726245185,-0.04686000000000004,0.03176185735154122,0.7742920692683811,-0.019575288753598152,7.018,87.0,0.024224850493045496,0.19999999999999998,0.8166666666666667,good,good,good,false,0,false,0,false,0,false,0,0.15610499706878486,1.1326479051320408,0.40878318779218503,stable,false,false,none,-2.1617000000000006,0.0,0.5321100000000001,2.693810000000001,0.4566323626641786,1.0,0.2838667251640085,true,moderate,-1.381800000000001,0.5685000000000011,-10.385248936958105,-16.450391675992297,7.259331145531407,false,电气设备,false,1.5458426883580554,true,falling,false,false,0.0,0.15610499706878486,0.3309963561027686,电气设备,-5.0,-2.0,3.0,0.3,0.5,-0.05433210878998018,0.36589814828486533,-0.0694914727325937,false,false,0.027404127501324593,0.06769878715218784,,,,,,,0.9025069637883009,1,0.0,single_year_drop,0.15103409086169592,false,decreasing_vol,13.0,中度恶化-10分; 贝叶斯恶化预警-8分(恶化概率90.3%),"","",0,0
605258.SH,协和电子,元器件,5.831314,-0.058785836990807375,-0.27007000000000014,0.0876260566486595,0.6286785655720971,-0.1599650808582893,5.6955,68.0,-0.38993347843391324,-0.6,0.23333333333333334,good,good,good,false,0,false,0,false,0,false,0,0.5157567569527522,3.2480813282613474,1.3430776315162678,moderate,false,false,none,-3.551599999999999,0.0,0.68045,4.232049999999999,0.6732544849813429,0.9814763446960473,0.25106850511738144,false,none,2.716,-1.3551000000000002,31.396207262492503,91.15623426749457,-31.26240022147373,false,元器件,false,1.0,false,rising,false,false,0.0,0.5157567569527522,0.5459387388955351,元器件,-5.0,-2.0,3.0,0.3,0.5,0.13380922359085212,0.17998938803584755,0.6133852217261202,false,false,-0.22210398395610875,0.49892782171791017,,,,,,,0.07161803713527852,0,0.0,none,0.3371369255372974,false,decreasing_vol,32.0,单年巨幅下滑-15.0分(年跌-31.3%); 趋势不可靠-2分(Bootstrap CI过宽: 0.632); 峰值大幅下跌-15分(从11.4跌至5.7，跌幅-50.2%),"","",0,0
605277.SH,新亚电子,元器件,9.984575000000003,-0.24547039759964728,-2.6503499999999995,0.9024552167715248,0.013329382949620253,-0.19327187630128384,6.8088,44.09059204800705,-0.23907290307473697,-0.9999999999999999,0.016666666666666666,good,good,good,false,0,false,0,false,0,false,0,0.41474140882877375,4.470779669923356,0.8596359075594079,stable,false,false,none,-3.6635499999999985,0.0,-0.9697500000000003,2.693799999999998,0.6071197988358707,0.8461019783944668,0.8764105788257134,false,none,-0.3390000000000004,-1.6005000000000003,-22.170021604197395,-4.742718039116936,-18.294983025273485,false,元器件,false,1.0,false,falling,false,false,0.0,0.41474140882877375,0.4651264603963523,元器件,-5.0,-2.0,3.0,0.3,0.5,-0.12427234209518744,0.8886955414975903,0.17880070534051384,true,false,-0.24547039759964728,0.9024552167715248,,,,,,,0.49090909090909096,0,-0.7407640098618763,none,0.14451985025029154,false,decreasing_vol,55.90940795199295,轻度衰退-4.9分(log斜率-0.245); 持续衰退重罚-10.0分(最新<加权); 相对加权下滑-10.0分(最新为加权68.2%); 峰值大幅下跌-15分(从16.1跌至6.8，跌幅-57.6%); 智能连续下跌-16分(4年实质性下跌，累计跌幅-57.6%),"","",0,0
605369.SH,拱东医疗,医疗保健,15.692851000000001,-0.35895440786125865,-5.45903,0.7434537999955467,0.060095960073833346,-0.24840530316421194,8.8654,18.508548028108635,-0.30007647860409026,-0.7999999999999999,0.08333333333333333,good,good,good,false,0,false,0,false,0,false,0,0.540123812293076,9.360648136373891,1.2491056261309503,moderate,false,false,none,-4.890599999999999,0.0,-5.69234,-0.8017400000000006,0.34126080181862195,1.0,0.7572636652147545,false,none,2.7310999999999996,-14.845400000000001,-57.742961052827255,44.52178732699737,-70.76078304265552,false,医疗保健,false,1.0,false,rising,false,false,0.0,0.540123812293076,0.5654323831677942,医疗保健,-5.0,-2.0,3.0,0.3,0.5,-0.42940048535192177,0.46719744752224507,-0.2891058543444913,false,true,-0.35895440786125865,0.7434537999955467,,,,,,,0.6067415730337079,0,0.0,none,0.2089975917408221,false,increasing_vol,81.49145197189137,轻度衰退-7.2分(log斜率-0.359); 持续衰退重罚-10.0分(最新<加权); 单年巨幅下滑-15.0分(年跌-70.8%); 相对加权暴跌-15.0分(最新仅为加权56.5%); 加速下滑-0.1分(加速度-0.29); 波动率飙升预警-5.2分(近期波动是早期的2.6倍); 趋势不可靠-2分(Bootstrap CI过宽: 0.619); 峰值大幅下跌-15分(从27.8跌至8.9，跌幅-68.1%); 品质退化严重-12分(曾达27.8%，现仅8.9%),"","",0,0
605376.SH,博迁新材,小金属,7.503204,-0.689350280922906,-3.75252,0.29798871663961807,0.3412146255600178,,5.2721,66.73729105248194,-0.3175806859977831,-0.7999999999999999,0.08333333333333333,has_loss,has_loss,has_loss,true,1,false,0,true,1,false,0,0.8423232227236168,7.268373395953183,1.9975176614563046,volatile,false,false,none,-3.3411499999999994,0.0,-1.76245,1.5786999999999993,0.3728414451592705,0.7641030803086882,0.10758927603422955,false,none,7.0293,-10.554200000000002,-40.06934182107537,400.0284543592078,-119.97499147436628,false,小金属,true,1.0,false,rising,true,false,0.0,0.8423232227236168,1.0,小金属,-5.0,-2.0,1.6,0.3,0.24,-0.253160761385977,0.012190905289332683,0.02829907189245895,false,false,-0.689350280922906,0.29798871663961807,,,,,,,0.6067415730337079,0,0.0,none,0.4865362169987914,false,increasing_vol,33.26270894751807,持续衰退重罚-10.0分(最新<加权); 单年巨幅下滑-15.0分(年跌-120.0%); 波动率飙升预警-5.3分(近期波动是早期的2.6倍); 趋势不可靠-2分(Bootstrap CI过宽: 2.597); 峰值大幅下跌-15分(从15.5跌至5.3，跌幅-65.9%),"","",0,0
605378.SH,野马电池,电气设备,11.172537,0.06175593160278719,0.6285000000000001,0.44641963369282195,0.2176989786878434,-0.14121623694924745,11.7768,92.0,-0.021799059086694883,-0.19999999999999998,0.8166666666666667,good,good,good,false,0,false,0,false,0,false,0,0.4847629659768794,5.706222434588404,1.1289201743923285,volatile,false,false,none,-13.017400000000002,0.0,0.94945,13.966850000000003,0.7048827256278296,1.0,0.5488272562782958,false,none,3.3468,0.06700000000000017,40.82027980389813,39.70106761565837,0.8011479134281976,false,电气设备,false,1.0,false,rising,false,false,0.0,0.4847629659768794,0.5211437061148368,电气设备,-5.0,-2.0,3.0,0.3,0.5,0.17027823919604512,0.7674402140773114,0.644400301330158,true,false,-0.12391583308531717,0.2315072054144744,,,,,,,0.07161803713527852,0,0.0,none,0.40392477580487846,false,decreasing_vol,8.0,峰值明显下跌-8分(从21.7跌至11.8，跌幅-45.6%),"","",0,0
605507.SH,国邦医药,化学制药,11.837287000000002,-0.09825594701723826,-0.9837700000000003,0.3762673403477363,0.27118821508389895,-0.19514735557082208,9.0352,68.0,-0.23991684920831335,-0.7999999999999999,0.08333333333333333,good,good,good,false,0,false,0,false,0,false,0,0.4323904539214403,5.522568707766342,1.1212416361185014,stable,false,false,none,-8.150000000000002,0.0,-1.8530099999999998,6.296990000000003,0.7158035148045311,1.0,0.6580351480453105,false,none,1.8244999999999996,-5.491499999999999,-28.869014816331028,25.30267519103554,-43.23266835666262,false,化学制药,false,1.0,false,rising,false,false,0.0,0.4323904539214403,0.47924569647048565,化学制药,-5.0,-2.0,3.0,0.3,0.5,-0.16957228941200198,0.3578914041172001,0.09379274639508184,true,false,-0.23466682841001726,0.7967274495709397,,,,,,,0.435483870967742,0,0.0,none,0.19527221997124455,false,stable,32.0,单年巨幅下滑-15.0分(年跌-43.2%); 趋势不可靠-2分(Bootstrap CI过宽: 0.436); 峰值大幅下跌-15分(从21.5跌至9.0，跌幅-58.0%),"","",0,0
688008.SH,澜起科技,半导体,9.455796,-0.026173671346497243,-0.34250999999999987,0.06675209802559488,0.6747377281226722,-0.06170614362494842,10.3759,80.57558543512977,-0.09437352026080764,-0.39999999999999997,0.48333333333333334,good,good,good,false,0,false,0,false,0,false,0,0.4411465175620547,4.3368055389883455,1.078349995320809,volatile,false,false,none,-4.1236,0.0,-0.72184,3.4017599999999995,0.32777173367537765,1.0,0.04384009738141961,false,none,7.590299999999999,-10.5571,-22.235379645798833,272.4834865020103,-79.12266632690535,false,半导体,false,2.2148133393091314,true,rising,false,false,0.0,0.4411465175620547,0.6482256592908613,半导体,-5.0,-2.0,3.0,0.3,0.5,-0.12528542185020153,0.023078107102955166,-0.12364760635757555,false,false,-0.1681394513102717,0.1729086387128591,,,,,,,0.435483870967742,0,0.0,none,0.3926817843041935,false,increasing_vol,19.424414564870233,单年巨幅下滑-15.0分(年跌-79.1%); 波动率飙升预警-4.4分(近期波动是早期的2.2倍),"","",0,0
688012.SH,中微公司,半导体,8.94287,-0.08660686095003306,-0.8502200000000001,0.40197486859758125,0.2506788591693802,-0.09816672540188698,7.8714,85.0,-0.09586769973983783,-0.6,0.23333333333333334,good,good,good,false,0,false,0,false,0,false,0,0.21173960597052754,1.9835723939397825,0.5315660366482423,stable,false,false,none,-2.48985,0.0,0.4755500000000001,2.9654000000000003,0.5390429050970825,0.9594614333962536,0.10112208831976195,true,moderate,-1.980199999999999,2.9312999999999994,13.743623831336796,-20.100288278046197,42.357990260537825,false,半导体,false,1.4235799026053784,true,falling,false,false,0.0,0.21173960597052754,0.3592023384571392,半导体,-5.0,-2.0,3.0,0.3,0.5,0.06380385713600156,0.12931475097992154,0.33313396028300146,false,false,-0.08660686095003306,0.40197486859758125,,,,,,,0.6492985971943889,1,0.0,single_year_drop,0.1556954788266915,false,stable,15.0,中度恶化-10分; 趋势不可靠-2分(Bootstrap CI过宽: 0.387); 峰值明显下跌-8分(从11.9跌至7.9，跌幅-33.9%),"","",0,0
688013.SH,天臣医疗,医疗保健,8.80553,0.004168921833221218,0.035720000000000064,0.2588454569581248,0.38136196942065337,-0.08277702223427852,8.59,100.0,-0.008999527042665822,-0.19999999999999998,0.8166666666666667,good,good,good,false,0,false,0,false,0,false,0,0.18185916687692905,1.6662446074931494,0.41828016607220037,stable,false,true,deterioration_to_recovery,-3.7904,0.0,0.060110000000000066,3.85051,0.8818084623256004,1.0,0.37634797551413324,false,none,0.2858999999999998,-0.13059999999999938,1.8412035994167006,3.4428776146722684,-1.5483656798700534,false,医疗保健,false,1.0131650070269427,true,rising,false,false,0.0,0.18185916687692905,0.2805760011051356,医疗保健,-5.0,-2.0,3.0,0.3,0.5,0.009059982001351274,0.28998700890638457,0.1900903081970562,false,false,-0.06928903648766371,0.4500571765189229,,,,,,,0.13366336633663367,0,0.0,none,0.1338357241825481,false,decreasing_vol,0.0,"","","",0,0
688016.SH,心脉医疗,医疗保健,17.101455,-0.09880720948225297,-1.5891700000000002,0.5119773515767997,0.17415570618883727,-0.08885709806958819,12.3948,34.84076114065154,-0.10775394894716256,-0.6,0.23333333333333334,good,good,good,false,0,false,0,false,0,false,0,0.20186973736854436,3.6126688947369643,0.5163768073830859,stable,false,false,none,3.6515999999999984,0.0,-3.13421,-6.785809999999998,0.6941002741551002,1.0,0.9410027415510022,true,severe,-4.528400000000001,-3.6188000000000002,-39.6611819686496,-26.75853266521699,-17.61659040015578,false,医疗保健,false,1.0,true,falling,false,false,0.0,0.20186973736854436,0.2948291232281688,医疗保健,-5.0,-2.0,3.0,0.3,0.5,-0.2520815758541086,0.9823201365229558,-0.3184777186969241,false,true,-0.09880720948225297,0.5119773515767997,,,,,,,0.9983974025217282,3,0.5189393666654344,accelerating_decline,0.14504395877944434,false,increasing_vol,65.15923885934846,"复合恶化-14.0分(触发2项恶化信号); 严重恶化-15分; 加速下滑-0.2分(加速度-0.32); 贝叶斯高置信度恶化-12分(恶化概率99.8%，严重恶化确认); 趋势不确定预警-4分(Bootstrap CI跨零: [-0.252, 0.083]); 峰值明显下跌-8分(从21.6跌至12.4，跌幅-42.7%); 智能连续下跌-12分(3年实质性下跌，累计跌幅-31.1%)","","",0,0
688018.SH,乐鑫科技,半导体,8.786519,0.10418150318185702,1.2311300000000003,0.09692049168704273,0.6101138026527975,0.2599425959004622,15.3232,110.0,0.10547270188356231,0.19999999999999998,0.8166666666666667,good,good,good,false,0,false,0,false,0,false,0,0.5566776544383178,4.685656019385119,1.2867254828814405,volatile,false,false,none,-0.7939999999999995,0.0,5.4153,6.2093,0.5141573203676638,0.0516137208541545,0.7855921333904523,false,none,10.3154,0.5151999999999992,241.07643680719403,205.98666080913776,11.467746961670283,false,半导体,false,2.4889151048390685,true,rising,false,false,0.0,0.5566776544383178,0.7771974708625301,半导体,-5.0,-2.0,3.0,0.3,0.5,0.6079185367907483,0.8149827831574028,0.7565202316496198,false,false,0.10418150318185702,0.09692049168704273,,,,,,,0.07161803713527852,0,0.0,none,0.5063666189758822,false,stable,0.0,趋势不可靠-2分(Bootstrap CI过宽: 1.078),turnaround,"底部强力反转(曾跌241%, 近期斜率0.61)",0,1
688019.SH,安集科技,半导体,17.75185,0.10965459833683085,1.7096200000000004,0.36844622297118496,0.27765269166658535,0.05545091082661768,19.1258,95.0,0.06911115076468524,0.19999999999999998,0.8166666666666667,good,good,good,false,0,false,0,false,0,false,0,0.24749333591095213,4.181904796620794,0.5746923721551231,stable,false,false,none,-5.2232,0.0,2.6768700000000005,7.900070000000001,0.4681812979845562,1.0,0.5331751099158568,false,none,-0.7324999999999982,-0.04139999999999944,-3.8890033518093112,-3.6886339716894105,-0.20804333733674096,false,半导体,false,1.9530380504656937,true,falling,false,false,0.0,0.24749333591095213,0.45839974212418755,半导体,-5.0,-2.0,3.0,0.3,0.5,-0.019807212755124315,0.7892647901249888,-0.14736655394070497,false,false,0.10965459833683085,0.36844622297118496,,,,,,,0.8852459016393442,0,3.4805906343526694,none,0.1888389371526878,false,decreasing_vol,5.0,贝叶斯恶化预警-8分(恶化概率88.5%); 趋势不可靠-2分(Bootstrap CI过宽: 0.403),"","",0,0
688025.SH,杰普特,专用机械,4.74507,0.14106601596894017,0.5753,0.5577656491139852,0.14696450956324258,0.20537149452663517,5.6304,94.0,0.17112662839160192,0.6,0.23333333333333334,good,good,good,false,0,false,0,false,0,false,0,0.2676189365280924,1.223682234895972,0.6480509482818951,stable,false,false,none,2.6798000000000006,0.0,0.19795999999999986,-2.481840000000001,0.5791500051660456,1.0,0.13494750471425854,false,none,0.45679999999999943,1.1294000000000004,39.22160130557341,8.829441781351465,27.926413134859807,false,专用机械,false,1.3221403491419812,true,rising,false,false,0.0,0.2676189365280924,0.3903805291080714,专用机械,-5.0,-2.0,3.0,0.3,0.5,0.16187241056517698,0.9270001119905895,-0.03701687130569975,false,false,0.14106601596894017,0.5577656491139852,,,,,,,0.07161803713527852,0,0.0,none,0.1790098100385174,true,decreasing_vol,6.0,"波动聚集提示-2分(大波动后可能跟着大波动); 趋势不确定预警-4分(Bootstrap CI跨零: [-0.053, 0.266])","","",0,0
688029.SH,南微医学,医疗保健,11.977905000000002,0.07018672869083727,0.8229699999999998,0.7168415756403687,0.07039568334581482,0.07419362720372269,13.3144,96.0,0.0685177345283074,0.7999999999999999,0.08333333333333333,good,good,good,false,0,false,0,false,0,false,0,0.13175704351110126,1.5239573032076716,0.28657095280994455,ultra_stable,false,false,none,0.10909999999999975,0.0,1.5481999999999994,1.4390999999999996,0.3964069729664063,0.02266780110954201,0.8368535945028915,false,none,0.3641999999999985,2.7322000000000006,30.30338618124877,2.812311778968653,26.739087884126057,false,医疗保健,false,1.1107555294578195,true,rising,false,false,0.0,0.13175704351110126,0.25350637206992366,医疗保健,-5.0,-2.0,3.0,0.3,0.5,0.1318583275049141,0.8276947981745655,0.12111787207811386,false,false,0.07018672869083727,0.7168415756403687,,,,,,,0.07161803713527852,0,0.0,none,0.0685822221710887,false,stable,4.0,"趋势不确定预警-4分(Bootstrap CI跨零: [-0.004, 0.146])","","",0,0
688031.SH,星环科技-U,软件服务,-24.28387,-0.0021625262729433993,-0.0546599999999998,0.005928720509270167,0.9020598246467945,,-25.3931,58.0,0.07506370371335747,0.19999999999999998,0.8166666666666667,poor,poor,poor,true,5,false,0,true,5,false,0,0.2431727564470115,6.103271427685319,0.6709245572444568,moderate,false,false,none,-9.380799999999997,0.0,3.247869999999999,12.628669999999996,0.4423724860450158,1.0,0.353983951049019,true,severe,-7.7317,5.156199999999998,-11.28733959750369,-43.77739024086426,22.59746862071383,false,软件服务,false,inf,true,falling,false,false,0.0,0.2431727564470115,1.0,软件服务,-5.0,-2.0,3.0,0.3,0.5,-0.05342648578590725,0.08217794515109633,-0.101446655889456,false,false,0.0647379438936118,0.18154703618163917,,,,,,,0.9487554904831625,1,0.0,cliff_drop,0.2204500271092581,false,decreasing_vol,42.0,严重恶化-15分; 单年巨幅下滑-15.0分(年跌-43.8%); 贝叶斯高置信度恶化-12分(恶化概率94.9%，严重恶化确认),"","",0,0
688037.SH,芯源微,半导体,8.120234000000002,0.03297869474557946,0.2489800000000001,0.027871261101385617,0.7884282003523945,0.014290552091576592,5.9282,26.63994850211199,0.061476225947388774,0.19999999999999998,0.8166666666666667,good,good,good,false,0,false,0,false,0,false,0,0.3247141022456915,2.612500298181801,0.7838007144330897,moderate,false,false,none,3.1530499999999995,0.0,-2.9894999999999996,-6.142549999999999,0.6942402175328696,0.9482082794877743,0.9941938958409218,true,severe,-3.3851999999999993,-2.5938,-50.21331631281913,-36.34762814868898,-21.78345874764848,false,半导体,false,1.0,true,falling,false,false,0.0,0.3247141022456915,0.3931046151298866,半导体,-5.0,-2.0,3.0,0.3,0.5,-0.346071157276965,0.9721293704322083,-0.7201029957760099,false,true,0.03297869474557946,0.027871261101385617,,,,,,,0.9985078289206226,2,0.6685884720952636,accelerating_decline,0.3210063217643411,false,stable,73.36005149788801,复合恶化-14.0分(触发2项恶化信号); 严重恶化-15分; 单年巨幅下滑-15.0分(年跌-36.3%); 加速下滑-0.4分(加速度-0.72); 贝叶斯高置信度恶化-12分(恶化概率99.9%，严重恶化确认); 趋势不可靠-2分(Bootstrap CI过宽: 0.731); 峰值大幅下跌-15分(从11.9跌至5.9，跌幅-50.2%),"","",0,0
688041.SH,海光信息,半导体,6.816113,0.0108229840332561,0.07149000000000001,0.04974591189478059,0.7183916741327507,,10.7574,110.0,0.32951580945398407,0.7999999999999999,0.08333333333333333,has_loss,has_loss,good,true,1,false,0,false,0,false,0,0.7204235310129543,4.382163437504357,1.9506112356890624,moderate,false,false,none,7.2858,0.0,1.2937900000000002,-5.99201,0.7186864257124755,1.0,0.6868642571247552,false,none,3.8644000000000007,-0.7999999999999998,39.83361497465229,56.06267227622227,-10.399064084232418,false,半导体,false,1.1160597707819526,true,rising,false,false,0.0,0.7204235310129543,0.7251467942479571,半导体,-5.0,-2.0,3.0,0.3,0.5,0.16661936626002816,0.5233780896926029,-1.6799667969918401,false,true,0.8161051958380146,0.6004262422400211,,,,,,,0.07161803713527852,0,0.0,none,0.339486380352233,false,decreasing_vol,0.0,"",turnaround,扭亏为盈(曾亏损1年 -> 最新10.8),0,1
688049.SH,炬芯科技,半导体,3.289394,-0.2087205917882202,-0.80682,0.18477488101427098,0.47004813436616255,-0.07377346071393753,3.5788,102.0,-0.14442501064389196,-0.19999999999999998,0.8166666666666667,good,good,good,false,0,true,1,false,0,true,1,0.7013152263049036,2.476652642782189,1.6963335070113041,high_volatility,false,false,none,-1.9753999999999996,0.0,1.3335000000000001,3.3088999999999995,0.5190252298850018,0.42068296168185504,0.8822986457014252,false,none,2.1771000000000003,0.4898999999999999,292.4983549023909,155.31854177070704,53.72888791401622,false,半导体,true,7.569971484974775,true,rising,false,false,0.0,0.7013152263049036,1.0,半导体,-5.0,-2.0,3.0,0.3,0.5,0.5847670179830229,0.936649154176608,1.318525819100464,true,false,-0.2087205917882202,0.18477488101427098,,,,,,,0.07161803713527852,0,0.0,none,0.601123376301684,false,decreasing_vol,10.0,趋势不可靠-2分(Bootstrap CI过宽: 1.483); 峰值明显下跌-8分(从6.9跌至3.6，跌幅-48.2%),cyclical_bottom,"周期底部(mid_up), 近期强势(58.5%)",0,0
688050.SH,爱博医疗,医疗保健,11.549019999999999,0.11999224845284694,1.2877999999999998,0.9784707007692395,0.0013494670985783855,0.12898400481489958,13.4892,100.0,0.11997957166099338,0.9999999999999999,0.016666666666666666,good,good,good,false,0,false,0,false,0,false,0,0.1880164930080226,2.050342418231647,0.4755747758850888,ultra_stable,false,false,none,1.4989999999999997,0.0,1.0941,-0.4048999999999996,0.3476676000610244,0.983276580557835,0.9518753211007414,false,none,1.5202000000000009,0.6679999999999993,19.362888239978766,12.701144623611002,5.910981329085915,false,医疗保健,false,1.0,false,rising,false,false,0.0,0.1880164930080226,0.2837465277397514,医疗保健,-5.0,-2.0,3.0,0.3,0.5,0.0882087336023969,0.9604796505282872,-0.0651009342774942,false,true,0.11999224845284694,0.9784707007692395,,,,,,,0.07161803713527852,0,0.0,none,0.02205227510003845,false,stable,0.0,"","","",0,0
688062.SH,迈威生物-U,生物制药,-37.162093,0.22178693147757317,8.73169,0.9150828491261392,0.010782671707066163,,-26.4512,100.0,0.23640027077814674,0.9999999999999999,0.016666666666666666,poor,poor,poor,true,5,false,0,true,5,false,0,0.3654957374304389,14.540005228162746,0.7586798922114747,ultra_stable,false,false,none,10.675650000000001,0.0,4.415099999999999,-6.260550000000002,0.5532870123873777,0.8492256472809443,0.7791042195093084,false,none,0.3431999999999995,8.486999999999998,25.027918393261032,1.2808646582868044,24.055167878825667,false,生物制药,false,1.0,false,rising,false,false,0.0,0.3654957374304389,0.42572992327768444,生物制药,-5.0,-2.0,3.0,0.3,0.5,0.14394902183790537,0.783489341725105,-0.09260488031487354,false,true,0.22178693147757317,0.9150828491261392,,,,,,,0.07161803713527852,0,0.0,none,0.11465927601574136,false,decreasing_vol,0.0,"","","",0,0
688067.SH,爱威科技,医疗保健,6.114089000000001,-0.2613357254354015,-1.95677,0.6694426103480715,0.09047539939430281,-0.21865179899868503,4.5679,66.1217429580102,-0.28702947779020677,-0.39999999999999997,0.48333333333333334,good,good,good,false,0,false,0,false,0,false,0,0.5450790230343384,3.652639942835866,1.2789205386562246,moderate,false,false,none,-4.2851,0.0,0.4411999999999998,4.7263,0.8227364326222897,0.9929878332051192,0.8849774131390248,false,none,0.16570000000000018,0.7166999999999994,23.942477275810596,3.7640270773704105,19.44647944647943,false,医疗保健,false,1.0,false,rising,false,false,0.0,0.5450790230343384,0.5693965517608041,医疗保健,-5.0,-2.0,3.0,0.3,0.5,0.10425090951937377,0.8751938387629913,0.6969149334364768,true,false,-0.2613357254354015,0.6694426103480715,,,,,,,0.07161803713527852,0,0.0,none,0.28972708085562116,false,decreasing_vol,33.87825704198979,"轻度衰退-5.2分(log斜率-0.261); 持续衰退重罚-10.0分(最新<加权); 趋势不确定预警-4分(Bootstrap CI跨零: [-0.623, 0.113]); 峰值大幅下跌-15分(从12.3跌至4.6，跌幅-62.7%)","","",0,0
688072.SH,拓荆科技,半导体,7.856451,1.0069276304132702,3.07517,0.611673186810973,0.11803279414734492,,9.2822,84.73824977593553,0.775250174987194,0.39999999999999997,0.48333333333333334,has_loss,has_loss,has_loss,true,1,false,0,true,1,false,0,0.8761796989615963,6.075342414629812,2.080070378863266,volatile,false,false,none,7.211499999999999,0.0,-1.37425,-8.585749999999999,0.847842806873813,0.9973315040404748,0.870186110674292,true,moderate,-2.2935999999999996,-0.4549000000000003,-22.845719700433058,-19.813749373693394,-3.781159866009462,false,半导体,false,1.0,true,falling,false,false,0.0,0.8761796989615963,0.8342770925026104,半导体,-5.0,-2.0,3.0,0.3,0.5,-0.12909843820259526,0.8587375605957601,-2.523500448128945,false,true,1.0069276304132702,0.611673186810973,,,,,,,0.9932937344318835,1,4.240124743681972,single_year_drop,0.5253236383537374,false,decreasing_vol,15.261750224064473,"中度恶化-10分; 加速下滑-1.3分(加速度-2.52); 贝叶斯恶化预警-8分(恶化概率99.3%); 趋势不确定预警-4分(Bootstrap CI跨零: [-0.129, 2.587])","","",0,0
688082.SH,盛美上海,半导体,13.083499,0.007390745437048008,-0.12726999999999986,0.0018093708015133204,0.9458569289806981,-0.050884009793629614,14.2632,96.0,0.06933616836090561,0.19999999999999998,0.8166666666666667,good,good,good,false,0,false,0,false,0,false,0,0.25876632249625126,3.3954488785726102,0.6992549734485216,moderate,false,false,none,-9.175399999999998,0.0,1.9730199999999996,11.148419999999998,0.6913539853384605,1.0,0.913539853384605,false,none,0.507299999999999,2.1448,22.841074489066486,3.687872113056935,18.471979399023347,false,半导体,false,1.0,false,rising,false,false,0.0,0.25876632249625126,0.34034639133033434,半导体,-5.0,-2.0,3.0,0.3,0.5,0.10254932402174899,0.8773007482555407,0.3093379848110249,true,false,0.007390745437048008,0.0018093708015133204,,,,,,,0.07161803713527852,0,0.0,none,0.2583114838958818,true,decreasing_vol,4.0,波动聚集提示-2分(大波动后可能跟着大波动); 趋势不可靠-2分(Bootstrap CI过宽: 0.539),"","",0,0
688088.SH,虹软科技,软件服务,4.015826000000001,-0.23156709866664246,-1.19378,0.24760571635401943,0.39365075868150534,-0.14906480390420196,4.7594,90.0,-0.33972805026073755,-0.39999999999999997,0.48333333333333334,good,good,good,false,0,false,0,false,0,false,0,0.7084626313065103,3.098787210829424,1.7307885760272155,high_volatility,false,false,none,-3.7852,0.0,1.6261499999999998,5.41135,0.727086392242277,0.9966763410679546,0.7741875813548147,false,none,3.1473000000000004,0.10499999999999998,215.79855351337005,195.2298244525774,6.9670227589410105,false,软件服务,false,1.0,false,rising,false,false,0.0,0.7084626313065103,0.7001034383785416,软件服务,-5.0,-2.0,3.0,0.3,0.5,0.5327159481774582,0.7897830399812077,1.3843514915627408,true,false,-0.23156709866664246,0.24760571635401943,,,,,,,0.07161803713527852,0,0.0,none,0.5618664141498384,false,decreasing_vol,10.0,趋势不可靠-2分(Bootstrap CI过宽: 1.415); 峰值明显下跌-8分(从9.1跌至4.8，跌幅-47.6%),"","",0,0
688092.SH,爱科科技,专用机械,11.841788999999999,-0.0401630651395823,-0.42905,0.09059371126348151,0.6226379733164868,-0.18605025792456154,9.1055,71.0,-0.19562573642205405,-0.6,0.23333333333333334,good,good,good,false,0,false,0,false,0,false,0,0.4022519688831702,5.06284786587549,1.0264764910306956,moderate,false,false,none,-6.45975,0.0,0.6399999999999997,7.099749999999999,0.6590124465605444,0.9937228810056514,0.09640158459979156,true,moderate,-2.7538,4.033799999999999,16.356782314229115,-23.220594807450695,51.54686601495111,false,专用机械,false,1.515468660149511,true,falling,false,false,0.0,0.4022519688831702,0.523864063126471,专用机械,-5.0,-2.0,3.0,0.3,0.5,0.07521756607317909,0.12920286226657463,0.5609377680636645,false,false,-0.1763471720943199,0.5492272534676041,,,,,,,0.6492985971943889,1,0.0,single_year_drop,0.25420769012513417,true,decreasing_vol,29.0,中度恶化-10分; 波动聚集提示-2分(大波动后可能跟着大波动); 趋势不可靠-2分(Bootstrap CI过宽: 0.359); 峰值大幅下跌-15分(从20.7跌至9.1，跌幅-56.1%),"","",0,0
688097.SH,博众精工,专用机械,7.893095000000001,0.007329162982090853,0.05299000000000005,0.03310562029155076,0.7696193633962796,-0.0913875997997522,7.3979,84.0,-0.059537499062968124,-0.39999999999999997,0.48333333333333334,good,good,good,false,0,false,0,false,0,false,0,0.19038836438273832,1.5609523141339074,0.48618209050614847,stable,false,false,none,-3.9861000000000004,0.0,0.10491999999999982,4.09102,0.6059000994047347,1.0,0.05900099404734631,false,none,-0.2687999999999997,-0.5405000000000006,-9.860853884394194,-3.5060717127316803,-6.585680865581449,false,专用机械,false,1.1949912638322655,true,falling,false,false,0.0,0.19038836438273832,0.31164286001715946,专用机械,-5.0,-2.0,3.0,0.3,0.5,-0.051484834487095066,0.9684121868909359,0.08749285153995823,true,false,-0.06528687579919082,0.3475212686521109,,,,,,,0.32530120481927716,0,-0.46762198407527455,none,0.14948782340497815,true,decreasing_vol,16.0,波动聚集提示-2分(大波动后可能跟着大波动); 峰值明显下跌-8分(从10.9跌至7.4，跌幅-31.8%); 连续下跌警示-6分(2年下跌，累计-31.8%),"","",0,0
688099.SH,晶晨股份,半导体,12.367982000000001,0.16520098437948777,0.2007399999999998,0.10998174200578023,0.5856222323642554,0.42098361055062283,11.8119,87.0,0.09419792241670932,0.0,1.0,good,good,good,false,0,false,0,false,0,false,0,0.6381326275574178,7.8539832281460855,1.6830844930352886,high_volatility,false,false,none,20.715000000000003,0.0,-4.303850000000001,-25.018850000000004,0.6680799212917776,1.0,0.680799212917776,false,none,4.021999999999999,-7.637899999999999,-23.437560766927234,51.6309580354048,-49.50738277654623,false,半导体,true,3.031117215882104,true,rising,false,false,0.0,0.6381326275574178,0.9146550641635481,半导体,-5.0,-2.0,3.0,0.3,0.5,-0.13316261241322547,0.15089031387764879,-0.9556488860812454,false,false,0.16520098437948777,0.10998174200578023,,,,,,,0.435483870967742,0,0.0,none,0.6376113292790834,true,decreasing_vol,13.0,单年巨幅下滑-15.0分(年跌-49.5%); 波动聚集提示-2分(大波动后可能跟着大波动); 趋势不可靠-2分(Bootstrap CI过宽: 1.569); 峰值明显下跌-8分(从23.6跌至11.8，跌幅-50.0%),"","",0,0
688111.SH,金山办公,软件服务,13.902090000000001,0.012355008414610104,0.18522,0.09451359534700622,0.6148236214653354,0.028476888318043514,15.1377,123.0,0.005916179479226033,0.0,1.0,good,good,good,false,0,false,0,false,0,false,0,0.06458275234678737,0.8918542268779133,0.16479983315809144,ultra_stable,false,false,none,-0.11865000000000059,0.0,0.9227500000000006,1.0414000000000012,0.47119191252965714,0.059747484965433015,0.5825124433286106,false,none,2.2758000000000003,-0.430299999999999,13.884082394186073,17.69411984232501,-3.2372368757617176,false,软件服务,false,1.106065200320326,true,rising,false,false,0.0,0.06458275234678737,0.19914156192014004,软件服务,-5.0,-2.0,3.0,0.3,0.5,0.06484407922540236,0.5694671678348827,0.07366712604491066,false,false,0.012355008414610104,0.09451359534700622,,,,,,,0.07161803713527852,0,0.0,none,0.0610015763140192,false,increasing_vol,0.0,"","high_growth,stable_dividend","优质护城河(高位企稳: 15.1 > 15.0, 稳健斜率=0.01); 稳定分红型(值=15.1,CV=6.5%,稳定)",1,0
688113.SH,联测科技,专用机械,12.424823000000002,-0.06777445085790727,-0.7423300000000004,0.3680266637904666,0.2780025460143909,-0.210064602949942,8.8174,49.0,-0.19939665401471113,-0.9999999999999999,0.016666666666666666,good,good,good,false,0,false,0,false,0,false,0,0.41647808954753707,5.570511061563382,1.0338250862785676,stable,false,false,none,-8.262799999999999,0.0,-1.7014700000000005,6.561329999999998,0.7366226010567832,1.0,0.8662260105678314,true,moderate,-1.538400000000001,-0.3200000000000003,-17.407594746997894,-14.855443326445094,-2.997433447610486,false,专用机械,false,1.0,false,falling,false,false,0.0,0.41647808954753707,0.466515804971363,专用机械,-5.0,-2.0,3.0,0.3,0.5,-0.09511930205575812,0.8659421245785225,0.280013114280839,true,false,-0.22083417712359107,0.8842286127283093,,,,,,,0.9866768176627332,1,3.95605443326445,single_year_drop,0.18217195224307647,true,decreasing_vol,51.0,中度恶化-10分; 贝叶斯恶化预警-8分(恶化概率98.7%); 波动聚集提示-2分(大波动后可能跟着大波动); 峰值大幅下跌-15分(从22.6跌至8.8，跌幅-61.1%); 智能连续下跌-16分(4年实质性下跌，累计跌幅-61.1%),"","",0,0
688120.SH,华海清科,半导体,16.215535,-0.12207097476363869,-2.12369,0.6857709429931808,0.08330516484093481,-0.08160843776146476,15.194,100.0,-0.12600133276222092,-0.7999999999999999,0.08333333333333333,good,good,good,false,0,false,0,false,0,false,0,0.22847288157870227,3.9474127947302393,0.5191180607244849,stable,false,false,none,-2.6050000000000004,0.0,-0.4769999999999994,2.128000000000001,0.448097071592145,0.7586504669444563,0.059593188855948595,false,none,2.8050000000000015,-3.7590000000000003,-5.907852365618027,22.641052546613945,-23.278424572702505,false,半导体,false,1.0,false,rising,false,false,0.0,0.22847288157870227,0.31611163859629515,半导体,-5.0,-2.0,3.0,0.3,0.5,-0.030385897066566248,0.048176541332684536,0.10922430504751679,false,false,-0.12207097476363869,0.6857709429931808,,,,,,,0.2783505154639176,0,0.0,none,0.12011728399235473,false,stable,0.0,"","","",0,0
688122.SH,西部超导,小金属,10.991365,-0.05982170925862343,-0.6500300000000003,0.1783617217792164,0.4787166055926472,-0.018810746804553635,9.3919,88.80845445647314,-0.0317973203296875,-0.19999999999999998,0.8166666666666667,good,good,good,false,0,false,0,false,0,false,0,0.2286370849855401,2.5873441357886664,0.48380312432067496,moderate,false,false,none,3.7394999999999996,0.0,-1.8917000000000002,-5.6312,0.6714927671883781,1.0,0.7149276718837808,false,none,0.5372000000000003,-5.4749,-34.45804488610987,6.066834562435773,-38.2069283162126,false,小金属,true,1.618304403311236,true,rising,true,false,0.0,0.2286370849855401,0.9427654909644512,小金属,-5.0,-2.0,1.6,0.3,0.24,-0.21043637993621034,0.6474095521080439,-0.38309108705371586,false,true,-0.05982170925862343,0.1783617217792164,,,,,,,0.6067415730337079,0,0.0,none,0.2098239686242096,false,stable,11.191545543526857,单年巨幅下滑-15.0分(年跌-38.2%); 加速下滑-0.2分(加速度-0.38); 趋势不可靠-2分(Bootstrap CI过宽: 0.448); 峰值明显下跌-8分(从14.3跌至9.4，跌幅-34.5%),"","",0,0
688123.SH,聚辰股份,半导体,10.785826000000002,-0.021959387629431282,0.11262000000000016,0.002974747119239317,0.9305903785313064,0.041955014695127746,12.9234,89.0,-0.08372624637633336,0.0,1.0,good,good,good,false,0,false,0,false,0,false,0,0.5708326733188644,6.137615736831364,1.4782404083318144,high_volatility,false,false,none,-4.443499999999999,0.0,0.33137000000000005,4.774869999999999,0.30195367921173216,1.0,0.0036450152465129777,false,none,9.194600000000001,-15.894100000000002,-34.14123294721983,246.58335121218627,-80.99771185706496,false,半导体,true,3.829007961286294,true,rising,false,false,0.0,0.5708326733188644,0.9672005334932641,半导体,-5.0,-2.0,3.0,0.3,0.5,-0.20840636139191135,0.05948403348355055,-0.4987204600623121,false,false,-0.021959387629431282,0.002974747119239317,,,,,,,0.6067415730337079,0,0.0,none,0.5705923798808044,false,stable,11.0,单年巨幅下滑-15.0分(年跌-81.0%); 趋势不可靠-2分(Bootstrap CI过宽: 1.255); 峰值明显下跌-8分(从19.6跌至12.9，跌幅-34.1%),"","",0,0
688127.SH,蓝特光学,元器件,10.448798,0.03244140236958577,0.3545599999999999,0.5237591574765427,0.16691843978006168,-0.09370174139344956,11.8257,98.0,-0.03362559669816961,0.0,1.0,good,good,good,false,0,false,0,false,0,false,0,0.43683453638065095,4.7056864661811035,1.2186044870890365,volatile,false,false,none,-6.56355,0.0,3.7121999999999997,10.27575,0.6879323938730272,0.9885416137231638,0.890782325007108,false,none,1.460799999999999,5.9636000000000005,168.68652443596207,14.093720151665707,135.49633062958674,false,元器件,false,1.0,false,rising,false,false,0.0,0.43683453638065095,0.4828009624378541,元器件,-5.0,-2.0,3.0,0.3,0.5,0.48874768656040074,0.848695352854613,1.173783920379966,true,false,-0.07233680285701719,0.05239067963800232,,,,,,,0.07161803713527852,0,0.0,none,0.4071632073347956,false,decreasing_vol,12.0,"趋势不确定预警-4分(Bootstrap CI跨零: [-0.009, 0.066]); 峰值明显下跌-8分(从17.5跌至11.8，跌幅-32.5%)",turnaround,"底部强力反转(曾跌169%, 近期斜率0.49)",0,1
688128.SH,中国电研,专用机械,13.122354999999999,0.03323439079335575,0.43567,0.8528053610743206,0.025118468739828332,0.03215359395473438,14.0507,100.0,0.03703539898148844,0.7999999999999999,0.08333333333333333,good,good,good,false,0,false,0,false,0,false,0,0.05793576957105452,0.7476332971450644,0.14587136910167914,ultra_stable,false,false,none,-0.21170000000000044,0.0,0.6090800000000002,0.8207800000000006,0.6621988133706349,1.0,0.9804281337063474,false,none,0.8671000000000006,0.4436,10.288069073783364,6.577110956036291,3.4819466248037676,false,专用机械,false,1.0,false,rising,false,false,0.0,0.05793576957105452,0.17968194899017695,专用机械,-5.0,-2.0,3.0,0.3,0.5,0.04882637550356317,0.9706690669932833,0.0345394104547847,false,false,0.03323439079335575,0.8528053610743206,,,,,,,0.07161803713527852,0,0.0,none,0.022517416572203252,false,increasing_vol,0.0,"","","",0,0
688138.SH,清溢光电,半导体,7.439589999999999,0.15921159908777446,1.1002999999999998,0.5124480177015608,0.17386330228479677,0.10755744892951413,9.5147,98.0,0.11833293071945428,0.7999999999999999,0.08333333333333333,good,good,good,false,0,false,0,false,0,false,0,0.3081564849998847,2.19083853010668,0.8033335677614459,stable,false,false,none,-2.5197000000000003,0.0,1.8074,4.3271,0.6886433206126956,1.0,0.8864332061269565,false,none,1.0915,0.9400999999999993,27.14917614357685,12.958258144173234,12.562975237535237,false,半导体,false,1.0,false,rising,false,false,0.0,0.3081564849998847,0.37985852133324105,半导体,-5.0,-2.0,3.0,0.3,0.5,0.119253025192124,0.999920634766025,0.03591429720381689,false,false,0.15921159908777446,0.5124480177015608,,,,,,,0.07161803713527852,0,0.0,none,0.1872968194237348,false,decreasing_vol,2.0,趋势不可靠-2分(Bootstrap CI过宽: 0.430),"","",0,0
688150.SH,莱特光电,元器件,8.719916,-0.1748737884099937,-1.53048,0.3728418145730235,0.2740062474055606,-0.07114941173017975,8.7711,75.0,-0.17472280098167808,-0.39999999999999997,0.48333333333333334,good,good,good,false,0,false,0,false,0,false,0,0.3940666614179607,3.617161529155147,1.0110185574557742,moderate,false,false,none,-2.0140000000000002,0.0,0.5078500000000004,2.5218500000000006,0.40238640014918936,0.4755381750704361,0.04378513163085747,false,none,4.618500000000001,-3.6028000000000002,13.09668102225547,111.2194769541974,-46.45537303040462,false,元器件,false,3.234792660020229,true,rising,false,false,0.0,0.3940666614179607,0.7465590171370657,元器件,-5.0,-2.0,3.0,0.3,0.5,0.06108794063103584,0.023934663150213777,0.2690715447422334,false,false,-0.1748737884099937,0.3728418145730235,,,,,,,0.07161803713527852,0,0.0,none,0.2928929438002062,false,stable,25.0,单年巨幅下滑-15.0分(年跌-46.5%); 趋势不可靠-2分(Bootstrap CI过宽: 0.715); 峰值明显下跌-8分(从13.4跌至8.8，跌幅-34.7%),"","",0,0
688155.SH,先惠技术,电气设备,5.1532290000000005,0.0562292734619354,0.5268299999999998,0.1237837078695189,0.5614587127134235,,10.4354,108.0,0.02366282153341115,0.0,1.0,has_loss,has_loss,good,true,1,false,0,false,0,false,0,1.1235983357218529,5.612575934631085,2.9727457268807127,high_volatility,false,false,none,-6.0196000000000005,0.0,7.4247,13.4443,0.6822574952937348,0.8583727733313763,0.9642021796059719,false,none,4.9468,9.9026,336.41594925237877,90.12863025179463,224.34526506570006,false,电气设备,false,1.0,false,rising,false,false,0.0,1.1235983357218529,1.0,电气设备,-5.0,-2.0,3.0,0.3,0.5,2.6155793471640467,0.8397598638203595,5.075278211499523,true,false,0.0562292734619354,0.001657721261683896,,,,,,,0.07161803713527852,0,0.0,none,1.1111546454291068,false,stable,2.0,趋势不可靠-2分(Bootstrap CI过宽: 0.326),turnaround,扭亏为盈(曾亏损1年 -> 最新10.4),0,1
688158.SH,优刻得-W,软件服务,-13.506532,0.09310596420372207,1.1339499999999998,0.8004023326727003,0.04039134040166227,,-9.6073,100.0,0.1388842963560985,0.7999999999999999,0.08333333333333333,poor,poor,poor,true,5,false,0,true,5,false,0,0.2692464255067626,3.784140042070325,0.7276357281907082,stable,false,false,none,-4.8139,0.0,3.1708,7.9847,0.6895856093893233,1.0,0.8958560938932337,false,none,2.7843999999999998,1.0282,28.41004776488647,22.469879031932663,7.661756048852824,false,软件服务,false,1.0,false,rising,false,false,0.0,0.2692464255067626,0.34873047373874344,软件服务,-5.0,-2.0,3.0,0.3,0.5,0.1664515620682787,0.9165750349156506,0.11026906284872084,false,false,0.1359912725832202,0.6600741773926044,,,,,,,0.07161803713527852,0,0.0,none,0.1739512221639202,false,decreasing_vol,0.0,"","","",0,0
688176.SH,亚虹医药-U,化学制药,-20.55638,-0.06716531389704028,-1.0251000000000003,0.160075214852248,0.5045218764787042,,-17.4604,55.36551409568087,0.127165685533483,0.0,1.0,poor,poor,poor,true,5,false,0,true,5,false,0,0.8980956766069332,20.600752134885756,2.1912952420977003,high_volatility,false,false,none,46.950700000000005,0.0,-2.2944700000000005,-49.24517,0.8025659620693958,1.0,0.5703469080084723,true,severe,-0.8710999999999984,-7.568200000000001,-93.55067563822593,-5.2509750260710115,-83.89442529181585,false,化学制药,false,1.0,true,falling,false,false,0.0,0.8980956766069332,0.8518098746188799,化学制药,-5.0,-2.0,3.0,0.3,0.5,-0.3290651349048783,0.8078431643545542,-1.2689718086382562,false,true,0.2147772793148619,0.22579768536863784,,,,,,,0.9507042253521126,2,-0.9374097264769836,sustained_decline,0.7120831454662682,false,decreasing_vol,44.63448590431913,严重恶化-15分; 单年巨幅下滑-15.0分(年跌-83.9%); 加速下滑-0.6分(加速度-1.27); 贝叶斯高置信度恶化-12分(恶化概率95.1%，严重恶化确认); 趋势不可靠-2分(Bootstrap CI过宽: 0.611),"","",0,0
688179.SH,阿拉丁,化学制药,8.574518000000001,-0.13774740401098282,-1.29854,0.7169556464880814,0.07035004846477967,-0.11050211009258293,7.8661,92.0,-0.2046395806772734,-0.7999999999999999,0.08333333333333333,good,good,good,false,0,false,0,false,0,false,0,0.26573793704805887,2.3820961267337637,0.6962119927532997,stable,false,false,none,-2.20625,0.0,-0.14345000000000008,2.0627999999999997,0.6507720662309331,0.9864389759305008,0.021281686378829878,false,none,1.5415,-1.8284000000000002,-3.518950079725256,24.373082882711948,-22.426100821783397,false,化学制药,false,1.0,false,rising,false,false,0.0,0.26573793704805887,0.34592368297178044,化学制药,-5.0,-2.0,3.0,0.3,0.5,-0.01777372195258442,0.017054562569233822,0.19743060197127837,false,false,-0.13774740401098282,0.7169556464880814,,,,,,,0.2783505154639176,0,0.0,none,0.13474171511586902,false,stable,8.0,峰值明显下跌-8分(从12.6跌至7.9，跌幅-37.4%),"","",0,0
688180.SH,君实生物-U,生物制药,-21.425597000000003,0.045676125879127887,1.63741,0.02136427732927378,0.8145614372137857,,-15.3547,98.0,0.07285761791076972,0.39999999999999997,0.48333333333333334,poor,poor,poor,true,5,false,0,true,5,false,0,0.41622167058046894,9.122255434211432,1.0081435171708306,volatile,false,false,none,22.0953,0.0,-1.6076700000000002,-23.70297,0.47808716477220703,1.0,0.06048156864677233,false,none,10.511899999999999,1.2279000000000018,43.32908892948753,40.63889339920979,4.531916071527439,false,生物制药,false,inf,true,rising,false,false,0.0,0.41622167058046894,1.0,生物制药,-5.0,-2.0,3.0,0.3,0.5,0.28359541285355716,0.8108401136036624,0.20543529739274446,false,false,0.045676125879127887,0.02136427732927378,,,,,,,0.07161803713527852,0,0.0,none,0.3991070585639014,false,decreasing_vol,2.0,趋势不可靠-2分(Bootstrap CI过宽: 0.890),"","",0,0
688183.SH,生益电子,元器件,6.336147,0.009810207028952878,0.0672600000000001,0.13547189746255975,0.5421723040475064,,6.9523,76.75104340490364,-0.3438891429843222,-0.39999999999999997,0.48333333333333334,has_loss,has_loss,good,true,1,true,1,false,0,false,0,0.830590283242321,5.895380324203011,2.329518077381506,high_volatility,false,false,none,-9.5272,0.0,-0.5551299999999999,8.97207,0.6180951447843448,1.0,0.041929609476984056,false,none,7.3436,-6.5602,12.699184619624248,1876.7186302070027,-106.34310817163515,false,元器件,false,1.0,false,rising,false,false,0.0,0.830590283242321,0.7978055599271902,元器件,-5.0,-2.0,3.0,0.3,0.5,0.05908952073600848,0.0011939298527554145,0.5373048849604409,false,false,-0.46467501851010884,0.2472686947913691,,,,,,,0.07161803713527852,0,0.0,none,0.6082779035482536,false,stable,23.248956595096363,单年巨幅下滑-15.0分(年跌-106.3%); 峰值大幅下跌-15分(从16.1跌至7.0，跌幅-56.9%),"","",0,0
688188.SH,柏楚电子,专用机械,15.843525,-0.004924202959166602,-0.09182999999999969,0.00233822581315152,0.9384562429358618,0.02122709021287461,17.2162,123.0,0.003867065202396584,0.0,1.0,good,good,good,false,0,false,0,false,0,false,0,0.1551150771552298,2.464691711553394,0.41653450341862264,stable,false,false,none,-1.7713499999999998,0.0,2.4650500000000006,4.236400000000001,0.5011107357712794,0.28604197984451557,0.9885083100671104,false,none,2.0047000000000015,2.9254,40.127461114592926,13.178844952831751,23.810647805243324,false,专用机械,false,1.5386982036610477,true,rising,false,false,0.0,0.1551150771552298,0.3292518222123236,专用机械,-5.0,-2.0,3.0,0.3,0.5,0.1682862791462394,0.9769990010308777,0.29463964781028773,true,false,-0.004924202959166602,0.00233822581315152,,,,,,,0.07161803713527852,0,0.0,none,0.15484568479537492,false,decreasing_vol,0.0,趋势不可靠-2分(Bootstrap CI过宽: 0.339),"high_growth,stable_dividend","优质护城河(高位企稳: 17.2 > 15.0, 稳健斜率=0.00); 稳定分红型(值=17.2,CV=15.5%,稳定)",1,0
688192.SH,迪哲医药-U,生物制药,-58.350350000000006,-0.04762353919544147,-2.096499999999999,0.03510719838242958,0.7628375296046012,,-70.2589,82.60586246694558,0.017606289146349208,0.19999999999999998,0.8166666666666667,poor,poor,poor,true,5,false,0,true,5,false,0,0.3604596417316323,20.80623516424824,0.7536494263825895,volatile,false,false,none,40.048500000000004,0.0,-13.790600000000001,-53.8391,0.6748137097198585,1.0,0.7481370971985851,false,none,0.8896000000000015,-37.733599999999996,-110.26218842492419,1.2503425933083643,-112.9244738125806,false,生物制药,false,inf,true,rising,false,false,0.0,0.3604596417316323,1.0,生物制药,-5.0,-2.0,3.0,0.3,0.5,-0.3715059479061882,0.737304260656432,-0.7882750661088251,false,true,-0.04762353919544147,0.03510719838242958,,,,,,,0.6067415730337079,0,0.0,none,0.3558554657052323,false,stable,17.394137533054412,单年巨幅下滑-15.0分(年跌-112.9%); 加速下滑-0.4分(加速度-0.79); 趋势不可靠-2分(Bootstrap CI过宽: 0.886),"","",0,0
688195.SH,腾景科技,元器件,7.485291,-0.0173129686947223,-0.12335999999999991,0.12612790830455695,0.557509442645501,-0.2033211185853604,6.4583,70.0,-0.2627216091903192,-0.7999999999999999,0.08333333333333333,good,good,good,false,0,false,0,false,0,false,0,0.5605191103461442,4.576560063300819,1.4510965282931976,moderate,false,false,none,-8.3429,0.0,-0.5969399999999998,7.74596,0.6777663598671849,1.0,0.27766359867184887,false,none,2.2744,-2.2772999999999994,-0.04488330341112268,54.36076388058988,-35.24577477867887,false,元器件,false,1.0,false,rising,false,false,0.0,0.5605191103461442,0.5817486216102488,元器件,-5.0,-2.0,3.0,0.3,0.5,-0.00022182467093934122,8.122888294099749e-7,0.45167884555812354,false,false,-0.24072539214612837,0.6137435151445679,,,,,,,0.2783505154639176,0,0.0,none,0.3489329090959509,false,decreasing_vol,30.0,单年巨幅下滑-15.0分(年跌-35.2%); 峰值大幅下跌-15分(从16.0跌至6.5，跌幅-59.7%),"","",0,0
688197.SH,首药控股-U,化学制药,-78.63199700000001,0.6701119527301944,54.23361,0.8066270419635089,0.03843174763612553,,-23.6222,96.0,0.6276336463157575,0.7999999999999999,0.08333333333333333,poor,poor,poor,true,5,false,0,true,5,false,0,1.0172910356356106,96.54303524717356,1.989168203689529,volatile,false,false,none,87.61845,0.0,4.0947,-83.52374999999999,0.5789323399004069,0.8065396619023102,0.3605709085031351,true,moderate,-5.349899999999998,13.539299999999997,25.74343950005658,-29.278744328847477,42.56088973833444,false,化学制药,false,1.0,true,falling,false,false,0.0,1.0172910356356106,0.9471661618418219,化学制药,-5.0,-2.0,3.0,0.3,0.5,0.14872164179270198,0.28779739890973366,-0.7877188303954086,false,false,0.6701119527301944,0.8066270419635089,,,,,,,0.6492985971943889,1,0.0,single_year_drop,0.4673741622218658,false,decreasing_vol,4.0,中度恶化-10分; 趋势不可靠-2分(Bootstrap CI过宽: 1.179),"","",0,0
688198.SH,佰仁医疗,医疗保健,8.714155,0.13705621673251553,1.09419,0.6469070923235761,0.10081480813428094,0.10514340083188478,10.2505,100.0,0.10279100942222122,0.7999999999999999,0.08333333333333333,good,good,good,false,0,false,0,false,0,false,0,0.24942854284951607,2.0370978751645685,0.6070483135914272,stable,false,false,none,-1.5791000000000004,0.0,1.5407500000000003,3.1198500000000005,0.5973602878915953,1.0,0.8184798946899957,false,none,0.7733000000000008,0.5341000000000005,14.619091813800598,8.159582999198085,5.972202032852149,false,医疗保健,false,1.0,false,rising,false,false,0.0,0.24942854284951607,0.3328761676129462,医疗保健,-5.0,-2.0,3.0,0.3,0.5,0.06785189628988597,0.9925458541679604,-0.06280552358966318,false,false,0.13705621673251553,0.6469070923235761,,,,,,,0.07161803713527852,0,0.0,none,0.13168401214509834,false,decreasing_vol,0.0,"","","",0,0
688200.SH,华峰测控,半导体,12.170781000000002,-0.21176368262706988,-2.3783299999999996,0.5385508179802624,0.1580710523837941,-0.13027875439112646,8.4056,33.69919191475694,-0.19246354805604987,-0.39999999999999997,0.48333333333333334,good,good,good,false,0,false,0,false,0,false,0,0.4014876324716199,5.172879073301443,0.8702620557764964,moderate,false,false,none,2.9359,0.0,-3.85335,-6.78925,0.5876523062103277,1.0,0.7211075433905315,false,none,1.9914999999999994,-10.869899999999998,-51.367738949317285,31.04878314962348,-62.88995602869705,false,半导体,false,2.7481330194415428,true,rising,false,false,0.0,0.4014876324716199,0.687607841902835,半导体,-5.0,-2.0,3.0,0.3,0.5,-0.3590995729051658,0.49598237203095624,-0.4402157833891258,false,true,-0.21176368262706988,0.5385508179802624,,,,,,,0.6067415730337079,0,0.0,none,0.2756939644349965,false,increasing_vol,66.30080808524306,"轻度衰退-4.2分(log斜率-0.212); 持续衰退重罚-10.0分(最新<加权); 单年巨幅下滑-15.0分(年跌-62.9%); 相对加权下滑-10.0分(最新为加权69.1%); 加速下滑-0.2分(加速度-0.44); 波动率飙升预警-7.8分(近期波动是早期的3.9倍); 趋势不确定预警-4分(Bootstrap CI跨零: [-0.563, 0.096]); 峰值大幅下跌-15分(从17.6跌至8.4，跌幅-52.3%)","","",0,0
688207.SH,格灵深瞳,软件服务,-8.727100000000002,0.19557805145441332,2.3146,0.06431768788000013,0.6805901913630938,,-10.3977,54.593702602993815,0.2702793780797338,0.39999999999999997,0.48333333333333334,poor,poor,poor,true,5,true,1,true,5,true,1,0.7276522730100726,6.855561337118939,1.9231479555229116,high_volatility,false,false,none,9.059450000000002,0.0,-4.92925,-13.988700000000001,0.7866310689895635,0.9758180901021961,0.9999915283859488,true,severe,-4.9541,-4.9044,-1828.3568249258162,-91.00778896318613,-909.5697329376854,false,软件服务,false,1.0,true,falling,false,false,0.0,0.7276522730100726,0.7154551517413914,软件服务,-5.0,-2.0,3.0,0.3,0.5,-1.2605202299686487,0.9255084668634402,-2.8125947940123632,false,true,0.19557805145441332,0.06431768788000013,,,,,,,0.9872029250457038,2,-0.8999441321895645,sustained_decline,0.615296836993177,false,decreasing_vol,45.406297397006185,严重恶化-15分; 单年巨幅下滑-15.0分(年跌-909.6%); 加速下滑-1.4分(加速度-2.81); 贝叶斯高置信度恶化-12分(恶化概率98.7%，严重恶化确认); 趋势不可靠-2分(Bootstrap CI过宽: 3.036),"","",0,0
688208.SH,道通科技,IT设备,10.238395,-0.21278702413521847,-2.6933500000000006,0.13879064505594071,0.5368724100296094,-0.12391963778357695,13.2838,100.0,-0.33386730777893336,-0.19999999999999998,0.8166666666666667,good,good,good,false,0,false,0,false,0,false,0,0.7304234777595104,8.068549904722657,1.8244224362688297,high_volatility,false,false,none,-10.07665,0.0,5.44355,15.5202,0.7376275086534703,0.9998294500820261,0.8764456364526766,false,none,8.9836,1.9035000000000002,454.2537655943589,208.91121343193336,79.42170484416073,false,IT设备,false,1.0,false,rising,false,false,0.0,0.7304234777595104,0.7176721155409417,IT设备,-5.0,-2.0,3.0,0.3,0.5,0.8364691231147126,0.9640997448009666,1.9370719163082422,true,false,-0.21278702413521847,0.13879064505594071,,,,,,,0.07161803713527852,0,0.0,none,0.6203999734659618,false,decreasing_vol,10.0,趋势不可靠-2分(Bootstrap CI过宽: 2.003); 峰值明显下跌-8分(从22.6跌至13.3，跌幅-41.1%),turnaround,"底部强力反转(曾跌454%, 近期斜率0.84)",0,1
688213.SH,思特威-W,半导体,5.169466,-0.3420753204736914,-1.71678,0.06934291818018641,0.6686335280054303,,7.5591,112.0,-0.11904662688125443,-0.19999999999999998,0.8166666666666667,has_loss,has_loss,has_loss,true,1,true,1,true,1,true,1,1.1049474329317388,6.281073682500469,2.5646758729879497,high_volatility,false,false,none,-6.092500000000001,0.0,4.826499999999999,10.919,0.6519719948901794,0.6072576907281023,0.9266839915488589,false,none,7.1779,2.4751000000000003,461.0057786904819,1882.97481636936,118.20526290653805,false,半导体,true,inf,true,rising,false,false,0.0,1.1049474329317388,1.0,半导体,-5.0,-2.0,3.0,0.3,0.5,2.102551615030603,0.995488113344666,4.348603731672185,true,false,-0.3420753204736914,0.06934291818018641,,,,,,,0.07161803713527852,0,0.0,none,0.9964349580091562,false,decreasing_vol,10.0,趋势不可靠-2分(Bootstrap CI过宽: 4.656); 峰值明显下跌-8分(从12.5跌至7.6，跌幅-39.5%),"turnaround,cyclical_bottom","扭亏为盈(曾亏损1年 -> 最新7.6); 周期底部(mid_up), 近期强势(210.3%)",0,1
688215.SH,瑞晟智能,专用机械,2.993874,0.07202411736163002,0.20801999999999998,0.48422286953051125,0.19189432001798773,-0.11905320456731605,3.2169,92.0,0.030232071195551158,0.0,1.0,good,good,good,false,0,false,0,false,0,false,0,0.42841955049300606,1.3303712301459316,1.0500756770682382,volatile,false,false,none,-3.1643999999999997,0.0,0.37510999999999994,3.5395099999999995,0.8108556550331273,1.0,0.8471360828973347,false,none,0.5057,0.6307999999999998,54.62891751586233,18.652257303039246,30.321092097673514,false,专用机械,false,1.0,false,rising,false,false,0.0,0.42841955049300606,0.47606897372773815,专用机械,-5.0,-2.0,3.0,0.3,0.5,0.2029342019740792,0.9865916135122428,0.6520460939662722,true,false,-0.07817941616209803,0.11581813344642178,,,,,,,0.07161803713527852,0,0.0,none,0.38441888745901154,false,decreasing_vol,8.0,峰值明显下跌-8分(从5.3跌至3.2，跌幅-39.8%),"","",0,0
688220.SH,翱捷科技-U,半导体,-39.07077900000001,0.12466719102869882,2.53089,0.08637263612257552,0.6312635472087542,,-10.4558,53.03410298115884,0.7408468304989562,0.39999999999999997,0.48333333333333334,poor,poor,poor,true,5,false,0,true,5,false,0,1.5879276647338503,80.85063915060907,3.681665148474482,high_volatility,false,false,none,158.1841,0.0,7.450449999999999,-150.73365,0.7468682380863109,1.0,0.4833093145501661,true,severe,-2.5397999999999996,-1.4222000000000001,-61.012042255690034,-32.0843860535624,-21.900890079768395,false,半导体,false,1.0,true,falling,false,false,0.0,1.5879276647338503,1.0,半导体,-5.0,-2.0,3.0,0.3,0.5,-0.23635576306995953,0.9904361630034852,-1.93179403768232,false,true,0.7340634856623027,0.6722526973137711,,,,,,,0.9967697277341947,2,0.4649809179765398,sustained_decline,1.009032601474989,true,decreasing_vol,46.96589701884116,严重恶化-15分; 单年巨幅下滑-15.0分(年跌-32.1%); 加速下滑-1.0分(加速度-1.93); 贝叶斯高置信度恶化-12分(恶化概率99.7%，严重恶化确认); 波动聚集提示-2分(大波动后可能跟着大波动); 趋势不可靠-2分(Bootstrap CI过宽: 1.130),"","",0,0
688221.SH,前沿生物-U,生物制药,-15.05873,0.035690163207783246,0.4804999999999995,0.08525326136588987,0.6335894909111882,,-11.861,98.0,0.004669904818084122,0.0,1.0,poor,poor,poor,true,5,false,0,true,5,false,0,0.18527582940215442,2.8345312085069727,0.38192088622901654,stable,false,false,none,-0.3494500000000009,0.0,2.8278499999999998,3.1773000000000007,0.43908125044766105,0.01722508840754911,0.7251885650771922,false,none,5.843,-0.18730000000000047,32.28747423886919,33.003840939900584,-1.0692653296568444,false,生物制药,false,inf,true,rising,false,false,0.0,0.18527582940215442,1.0,生物制药,-5.0,-2.0,3.0,0.3,0.5,0.19447022935971733,0.7295384785247809,0.21479418520810364,false,false,0.035690163207783246,0.08525326136588987,,,,,,,0.07161803713527852,0,0.0,none,0.17849673157118814,false,decreasing_vol,2.0,趋势不可靠-2分(Bootstrap CI过宽: 0.416),"","",0,0
688222.SH,成都先导,化学制药,3.0091040000000002,-0.18918733888515563,-0.7663199999999999,0.2723375419272325,0.3670775398066979,-0.16680309785196523,2.8309,73.59043026345762,-0.20773837439509799,-0.39999999999999997,0.48333333333333334,good,good,good,false,0,false,0,false,0,false,0,0.5570076563209597,1.8041477988235886,1.480302562519296,volatile,false,false,none,-2.39735,0.0,0.8758000000000001,3.2731500000000002,0.7399902468886521,0.9847197830518619,0.9151826858346581,false,none,0.41400000000000015,1.3376000000000001,162.2903733901603,17.129380611527168,123.93217826368945,false,化学制药,false,1.0,false,rising,false,false,0.0,0.5570076563209597,0.5789394583901011,化学制药,-5.0,-2.0,3.0,0.3,0.5,0.4136102815790892,0.8788714977410886,1.1808605269152332,true,false,-0.18918733888515563,0.2723375419272325,,,,,,,0.07161803713527852,0,0.0,none,0.41269678517369934,false,decreasing_vol,26.409569736542384,持续衰退重罚-10.0分(最新<加权); 趋势不可靠-2分(Bootstrap CI过宽: 1.265); 峰值大幅下跌-15分(从5.9跌至2.8，跌幅-51.8%),"","",0,0
688225.SH,亚信安全,软件服务,5.167219000000001,-0.1781980025390072,-2.260335,0.2575706828409689,0.38273749889493075,,8.3408,63.06065027822189,-0.5440828981089784,-0.6,0.23333333333333334,has_loss,has_loss,good,true,1,false,0,false,0,false,0,1.7462680535098167,11.366808013906102,4.595449517605849,high_volatility,false,false,none,-7.16155,0.0,2.0971,9.25865,0.4697927616352974,0.9810544867502214,0.04046921938474957,false,none,19.7838,-15.5896,101.14792842328653,172.88997640478897,-375.96102831235225,false,软件服务,false,1.0,false,rising,false,false,0.0,1.7462680535098167,1.0,软件服务,-5.0,-2.0,3.0,0.3,0.5,0.3441061394731362,0.011176024393179256,1.0842773443416507,false,false,-0.7978705620653486,0.2062343340801865,,,,,,,0.07161803713527852,0,0.0,none,1.3670276206457543,true,increasing_vol,36.93934972177811,单年巨幅下滑-15.0分(年跌-376.0%); 波动率飙升预警-4.9分(近期波动是早期的2.5倍); 趋势不可靠-2分(Bootstrap CI过宽: 1.213); 峰值大幅下跌-15分(从18.5跌至8.3，跌幅-54.8%),"","",0,0
688226.SH,威腾电气,电气设备,6.813664999999999,-0.0030491044480624565,-0.021199999999999976,0.11553482042222082,0.5757048691712393,-0.06444529381180464,5.1903,42.0,-0.018219148534183605,-0.19999999999999998,0.8166666666666667,good,good,good,false,0,false,0,false,0,false,0,0.18228878169002918,1.2550983654678227,0.5134621696910194,stable,false,false,none,-0.01354999999999995,0.0,-0.7788500000000002,-0.7653000000000002,0.25522730696935225,0.010711179164589912,0.19323138254853323,true,severe,-3.5353000000000003,1.9775999999999998,-23.083876704208663,-40.516411478866786,29.306461173681086,false,电气设备,false,1.1642486662714877,true,falling,false,false,0.0,0.18228878169002918,0.3010641808548884,电气设备,-5.0,-2.0,3.0,0.3,0.5,-0.12937332309255534,0.253815771116294,-0.1273909055633078,false,false,-0.030504178683399677,0.0700383562576691,,,,,,,0.9737039819684448,1,0.0,cliff_drop,0.17930183704314073,true,increasing_vol,58.0,严重恶化-15分; 单年巨幅下滑-15.0分(年跌-40.5%); 贝叶斯高置信度恶化-12分(恶化概率97.4%，严重恶化确认); 波动率飙升预警-8.0分(近期波动是早期的12.2倍); 峰值明显下跌-8分(从8.7跌至5.2，跌幅-40.5%),"","",0,0
688234.SH,天岳先进,半导体,-5.4420480000000016,-0.09215997359339974,-0.08495999999999998,0.006082801058153686,0.9007978668592074,,2.7246,108.0,1.1585723691916963,0.39999999999999997,0.48333333333333334,poor,poor,poor,true,3,false,0,true,2,true,1,2.2616045515614354,17.57863800164848,5.424115873113896,high_volatility,false,false,none,42.1597,0.0,0.1308500000000002,-42.02885,0.6501738470819641,0.9999999999999996,0.0017384708196410284,false,none,4.0842,3.8573,152.22641798769382,300.3971756398941,73.938545879737,false,半导体,true,inf,true,rising,false,false,0.0,2.2616045515614354,1.0,半导体,-5.0,-2.0,3.0,0.3,0.5,2.0408369880922237,0.9511596581176828,1.0447973067382201,false,false,0.9047325657583983,0.2799645255108244,,,,,,,0.07161803713527852,0,0.0,none,1.6178465977499055,true,decreasing_vol,4.0,波动聚集提示-2分(大波动后可能跟着大波动); 趋势不可靠-2分(Bootstrap CI过宽: 3.989),cyclical_bottom,"周期底部(mid_up), 近期强势(204.1%)",0,0
688235.SH,百济神州-U,生物制药,-28.423468000000003,0.10346834517062704,2.04992,0.3038325681975198,0.3355439716577353,,-15.3,98.0,0.32414675411438354,0.7999999999999999,0.08333333333333333,poor,poor,poor,true,5,false,0,true,5,false,0,0.5624903747722337,17.57803795797472,1.431720190282486,moderate,false,false,none,34.4922,0.0,4.4503699999999995,-30.041829999999997,0.6495721496809227,0.9999999999999996,0.4957214968092274,false,none,5.502800000000001,13.754899999999996,55.72622020562711,26.452208356567386,39.802706777360754,false,生物制药,true,inf,true,rising,false,false,0.0,0.5624903747722337,1.0,生物制药,-5.0,-2.0,3.0,0.3,0.5,0.4069602886273107,0.980187210610051,0.13082495727064858,true,false,0.29377221121059527,0.7942853499451565,,,,,,,0.07161803713527852,0,0.0,none,0.2984780088377326,false,decreasing_vol,2.0,周期顶部预警-5分(警惕景气回落); 趋势不可靠-2分(Bootstrap CI过宽: 0.633),"","",0,0
688247.SH,宣泰医药,化学制药,12.609871000000002,-0.331403015454151,-4.59563,0.6087499792072142,0.11952014835318743,-0.20333541729208082,9.9712,49.37193969091698,-0.361950800657681,-0.6,0.23333333333333334,good,good,good,false,0,false,0,false,0,false,0,0.607441174852672,8.497227320897094,1.437553257804949,moderate,false,false,none,-7.608250000000001,0.0,0.21685,7.825100000000001,0.5925233797339858,0.9198595518289779,0.0053742455108799604,false,none,5.326499999999999,-4.892799999999999,4.547313237221494,114.67909660473225,-51.30065530799476,false,化学制药,false,1.0,false,rising,false,false,0.0,0.607441174852672,0.6192862732154709,化学制药,-5.0,-2.0,3.0,0.3,0.5,0.022118745529723594,0.00272450038629799,0.4978319226942507,false,false,-0.331403015454151,0.6087499792072142,,,,,,,0.13366336633663367,0,0.0,none,0.31489457179240865,false,stable,50.62806030908302,"轻度衰退-6.6分(log斜率-0.331); 持续衰退重罚-10.0分(最新<加权); 单年巨幅下滑-15.0分(年跌-51.3%); 趋势不确定预警-4分(Bootstrap CI跨零: [-0.755, 0.022]); 峰值大幅下跌-15分(从24.8跌至10.0，跌幅-59.7%)","","",0,0
688248.SH,南网科技,电气设备,9.070979999999999,0.08874603217290376,0.8291199999999996,0.33567153371412073,0.30596841065079633,0.06873118449429083,11.728,98.0,0.12263182634911352,0.6,0.23333333333333334,good,good,good,false,0,false,0,false,0,false,0,0.24592647509209703,2.1288428575167306,0.6075259749411418,stable,false,false,none,-2.5208000000000004,0.0,1.8249299999999997,4.34573,0.6925670391570793,1.0,0.9256703915707926,false,none,2.4442000000000004,2.4722999999999997,72.17940248109814,26.327581378314918,36.295970050649636,false,电气设备,false,1.0,false,rising,false,false,0.0,0.24592647509209703,0.330074513407011,电气设备,-5.0,-2.0,3.0,0.3,0.5,0.26991706334896315,0.9936800102683234,0.4075231212537318,true,false,0.08874603217290376,0.33567153371412073,,,,,,,0.07161803713527852,0,0.0,none,0.19376496704093485,false,increasing_vol,2.0,趋势不可靠-2分(Bootstrap CI过宽: 0.439),"","",0,0
688256.SH,寒武纪-U,半导体,-14.685762,-0.021166397776617087,-0.31234000000000006,0.005338547517415473,0.9070531286583423,,-8.5763,98.0,-0.04808611763606163,-0.19999999999999998,0.8166666666666667,poor,poor,poor,true,5,false,0,true,5,false,0,0.4617482365430948,6.737857972531033,1.1103572764914615,volatile,false,false,none,-8.101199999999999,0.0,8.04595,16.147149999999996,0.7750850948175176,0.9717326674282872,0.9989400642049516,false,none,8.4999,7.591999999999999,65.23337738464906,49.776296834190276,30.77646524675493,false,半导体,false,1.0,false,rising,false,false,0.0,0.4617482365430948,0.5027319225678092,半导体,-5.0,-2.0,3.0,0.3,0.5,0.5267706227388627,0.9703867320991753,1.0599810812183668,true,false,-0.021166397776617087,0.005338547517415473,,,,,,,0.07161803713527852,0,0.0,none,0.46050626620749757,false,stable,2.0,趋势不可靠-2分(Bootstrap CI过宽: 1.062),"","",0,0
688258.SH,卓易信息,软件服务,4.177065,0.005481166851235742,0.024910000000000033,0.07484171347602278,0.6560721147044193,-0.15079078535436652,3.1645,50.0,-0.11586856779448848,-0.6,0.23333333333333334,good,good,good,false,0,false,0,false,0,false,0,0.23633661110058254,1.0532671944953003,0.6552694406548432,stable,false,false,none,-1.7750000000000004,0.0,-0.30422,1.4707800000000004,0.589036714697174,1.0,0.41175122362217403,true,severe,-1.3944000000000005,0.3937000000000008,-24.025256890425425,-30.586325648731062,9.452127148756382,false,软件服务,false,1.0945212714875638,true,falling,false,false,0.0,0.23633661110058254,0.33500545841214124,软件服务,-5.0,-2.0,3.0,0.3,0.5,-0.13239939153823554,0.5197743713330863,0.05340367836072746,true,false,-0.12179981772364368,0.7178546994216577,,,,,,,0.9737039819684448,1,0.0,cliff_drop,0.1284587763770067,false,stable,50.0,严重恶化-15分; 单年巨幅下滑-15.0分(年跌-30.6%); 贝叶斯高置信度恶化-12分(恶化概率97.4%，严重恶化确认); 峰值明显下跌-8分(从6.1跌至3.2，跌幅-48.0%),"","",0,0
688266.SH,泽璟制药-U,生物制药,-23.428366,0.3802486407672412,7.3971800000000005,0.7883872617156292,0.04428269644001843,,-7.6452,90.78972315977794,0.3585371101700134,0.7999999999999999,0.08333333333333333,poor,poor,poor,true,5,false,0,true,5,false,0,0.5084171216950317,13.039638297015758,1.1534058653624213,moderate,false,false,none,0.6662000000000035,0.0,14.124799999999999,13.458599999999995,0.5996237247867702,0.043330092680286286,0.9529071551874149,false,none,8.6861,19.563499999999998,78.70109319455743,53.186825298659635,54.502323456322365,false,生物制药,true,inf,true,rising,false,false,0.0,0.5084171216950317,1.0,生物制药,-5.0,-2.0,3.0,0.3,0.5,0.7712291862117306,0.9998647223793875,0.7530123834260085,false,false,0.3802486407672412,0.7883872617156292,,,,,,,0.07161803713527852,0,0.0,none,0.22478233590158106,false,increasing_vol,9.210276840222061,"周期顶部预警-5分(警惕景气回落); 波动率飙升预警-5.2分(近期波动是早期的2.6倍); 趋势不确定预警-4分(Bootstrap CI跨零: [-0.002, 0.773])","","",0,0
688277.SH,天智航-U,医疗保健,-9.970749999999999,0.008377611460324896,0.021419999999999995,0.0044912424995933765,0.9147355602290136,,-7.5794,98.0,-0.033061899043281384,0.0,1.0,poor,poor,poor,true,5,false,0,true,5,false,0,0.19412443475089475,1.937645280488666,0.4454859309159181,stable,false,false,none,-1.6985499999999998,0.0,2.2233,3.92185,0.6770305840625619,0.9787637632754833,0.7915420773501356,false,none,4.1995000000000005,0.24709999999999965,36.974887743223015,35.65273497525236,2.0547147846332914,false,医疗保健,false,1.0,false,rising,false,false,0.0,0.19412443475089475,0.28863288113404917,医疗保健,-5.0,-2.0,3.0,0.3,0.5,0.2295187003111507,0.7837298729738341,0.3946873348522677,true,false,0.008377611460324896,0.0044912424995933765,,,,,,,0.07161803713527852,0,0.0,none,0.1940947786688214,false,stable,2.0,趋势不可靠-2分(Bootstrap CI过宽: 0.398),"","",0,0
688278.SH,特宝生物,生物制药,26.429682,0.26407344105183217,6.29654,0.9656942636057156,0.002725015201172393,0.272533980379712,37.1248,115.0,0.2701044575280924,0.9999999999999999,0.016666666666666666,good,good,good,false,0,false,0,false,0,false,0,0.4169720091148949,10.232793323526083,0.9358853366975378,ultra_stable,false,false,none,2.136799999999999,0.0,7.401470000000001,5.2646700000000015,0.6692279460108973,1.0,0.9642089858244247,false,none,3.7997000000000014,11.5232,70.2824065792431,11.401916273319515,52.8541090455419,false,生物制药,false,1.0,false,rising,false,false,0.0,0.4169720091148949,0.4669109406252493,生物制药,-5.0,-2.0,3.0,0.3,0.5,0.26597194205163155,0.8947005819387853,0.05045534925615747,false,false,0.26407344105183217,0.9656942636057156,,,,,,,0.02015677491601344,0,0.0,none,0.09637728299940111,false,increasing_vol,0.0,波动率飙升预警-4.0分(近期波动是早期的2.0倍),high_growth,"优质护城河(高位企稳: 37.1 > 15.0, 稳健斜率=0.27)",1,0
688302.SH,海创药业-U,生物制药,-31.513596,0.10392517136137172,2.2297100000000003,0.49831671894927354,0.1827635296657053,,-16.1925,96.0,0.23324855175579562,0.9999999999999999,0.016666666666666666,poor,poor,poor,true,5,false,0,true,5,false,0,0.842887860339531,30.56031542821507,2.0383278336571355,volatile,false,true,worsening,59.4854,0.0,4.70115,-54.78425,0.9886189120548314,0.9999999999999998,0.9826221346435497,false,none,4.120800000000003,3.7586999999999975,32.733050847457626,20.286216419784093,15.614406779661008,false,生物制药,false,1.0,false,rising,false,false,0.0,0.842887860339531,0.8076436216049582,生物制药,-5.0,-2.0,3.0,0.3,0.5,0.19799010153427551,0.9931926262130928,-0.4617201587484434,false,true,0.3840517012081897,0.8256125264424404,,,,,,,0.07161803713527852,0,0.0,none,0.48484799981578314,true,decreasing_vol,4.0,波动聚集提示-2分(大波动后可能跟着大波动); 趋势不可靠-2分(Bootstrap CI过宽: 0.301),"","",0,0
688307.SH,中润光学,元器件,7.545318,-0.2136724668407493,-1.4977400000000003,0.5704806851671606,0.1398490715603493,-0.13951840425437256,5.0522,33.498790763538096,-0.19928491293441836,-0.19999999999999998,0.8166666666666667,good,good,good,false,0,false,0,false,0,false,0,0.3992808813164869,3.1921069050080386,0.8356223669858805,moderate,false,false,none,0.7948999999999993,0.0,-2.8764999999999996,-3.671399999999999,0.5657038276729813,0.763911964188756,0.6317320545208455,false,none,0.9275000000000002,-6.680499999999999,-53.242883056306226,22.486483865493252,-61.82671306408025,false,元器件,false,2.6196329430019154,true,rising,false,false,0.0,0.3992808813164869,0.6687090974534449,元器件,-5.0,-2.0,3.0,0.3,0.5,-0.376342282421578,0.562865491055335,-0.4555197992938275,false,true,-0.2136724668407493,0.5704806851671606,,,,,,,0.6067415730337079,0,0.0,none,0.2677343916899812,false,increasing_vol,66.5012092364619,"轻度衰退-4.3分(log斜率-0.214); 持续衰退重罚-10.0分(最新<加权); 单年巨幅下滑-15.0分(年跌-61.8%); 相对加权下滑-10.0分(最新为加权67.0%); 加速下滑-0.2分(加速度-0.46); 波动率飙升预警-8.0分(近期波动是早期的4.8倍); 趋势不确定预警-4分(Bootstrap CI跨零: [-0.534, 0.090]); 峰值大幅下跌-15分(从10.8跌至5.1，跌幅-53.2%)","","",0,0
688312.SH,燕麦科技,专用机械,6.263420999999999,-0.22543203028900566,-1.60413,0.6682568250928365,0.09100657057219232,-0.16057092117955518,5.4205,51.491359394219884,-0.30111102302721504,-0.6,0.23333333333333334,good,good,good,false,0,false,0,false,0,false,0,0.43932664322913767,2.963108837521835,1.0903292382418093,moderate,false,false,none,-2.85285,0.0,0.10460000000000001,2.95745,0.6498453644430262,0.9878829224164827,0.010570722013779446,false,none,1.8573999999999997,-1.6481999999999997,4.014353424289526,52.12876427829698,-31.62742501870934,false,专用机械,false,1.0,false,rising,false,false,0.0,0.43932664322913767,0.4847946479166435,专用机械,-5.0,-2.0,3.0,0.3,0.5,0.01933992780534255,0.007342584545771507,0.3855909315974029,false,false,-0.22543203028900566,0.6682568250928365,,,,,,,0.13366336633663367,0,0.0,none,0.22713817426407482,false,decreasing_vol,48.508640605780116,"轻度衰退-4.5分(log斜率-0.225); 持续衰退重罚-10.0分(最新<加权); 单年巨幅下滑-15.0分(年跌-31.6%); 趋势不确定预警-4分(Bootstrap CI跨零: [-0.442, 0.019]); 峰值大幅下跌-15分(从10.9跌至5.4，跌幅-50.3%)","","",0,0
688314.SH,康拓医疗,医疗保健,15.197231,-0.15501747828605106,-2.5714300000000008,0.7553278929585723,0.05572451643027675,-0.11946902086975297,13.0206,74.89965043427898,-0.13778017081822835,-0.6,0.23333333333333334,good,good,good,false,0,false,0,false,0,false,0,0.29060945519817877,4.640643582844949,0.6102891538801629,stable,false,false,none,-4.3806,0.0,0.06104999999999983,4.44165,0.586935102681029,0.8592224614298072,0.010128565380482868,false,none,1.1064000000000007,-0.9843000000000011,0.9466217001976948,9.286397743868667,-7.6311198976625265,false,医疗保健,false,1.0,false,rising,false,false,0.0,0.29060945519817877,0.36582089749187635,医疗保健,-5.0,-2.0,3.0,0.3,0.5,0.004696883816370123,0.00933205355943661,0.2633846537242397,false,false,-0.15501747828605106,0.7553278929585723,,,,,,,0.13366336633663367,0,0.0,none,0.14009771799320278,false,decreasing_vol,25.10034956572102,"轻度衰退-3.1分(log斜率-0.155); 持续衰退重罚-10.0分(最新<加权); 趋势不确定预警-4分(Bootstrap CI跨零: [-0.294, 0.005]); 峰值明显下跌-8分(从21.7跌至13.0，跌幅-39.9%)","","",0,0
688315.SH,诺禾致源,医疗保健,8.832896000000002,-0.002237836216391198,-0.017840000000000168,0.0021475582014281423,0.9410169716688328,0.21733647578059978,7.8645,89.71767789363223,-0.05028913849553396,-0.19999999999999998,0.8166666666666667,good,good,good,false,0,false,0,false,0,false,0,0.4739249897885128,4.166549461724893,1.3151105944551493,volatile,false,false,none,11.561900000000001,0.0,-2.32975,-13.891650000000002,0.676435210328209,1.0,0.7643521032820894,false,none,-0.08920000000000083,-1.4616999999999996,-16.47195020923169,-1.121490627003795,-15.524566136329836,false,医疗保健,false,1.0,true,falling,false,false,0.0,0.4739249897885128,0.5124733251641436,医疗保健,-5.0,-2.0,3.0,0.3,0.5,-0.08938909590911193,0.7967448789603017,-0.5646442127355401,false,true,0.09023965362979847,0.07739927836452258,,,,,,,0.49090909090909096,0,-0.9277602596326775,none,0.47327731435247067,true,decreasing_vol,10.28232210636777,加速下滑-0.3分(加速度-0.56); 波动聚集提示-2分(大波动后可能跟着大波动); 峰值明显下跌-8分(从15.1跌至7.9，跌幅-48.1%),"","",0,0
688316.SH,青云科技-U,软件服务,-40.27656,0.22301521433810648,8.8288,0.8836642304146246,0.017468042332210686,,-23.0401,100.0,0.22630225552471406,0.7999999999999999,0.08333333333333333,poor,poor,poor,true,5,false,0,true,5,false,0,0.3393505652823475,14.566690884857824,0.836208101534763,ultra_stable,false,false,none,3.414900000000003,0.0,9.65295,6.238049999999998,0.43719673444891105,1.0,0.8817434594990156,false,none,15.980300000000003,-0.9089999999999989,39.545385370256675,40.95370626646575,-2.385113115760636,false,软件服务,false,inf,true,rising,false,false,0.0,0.3393505652823475,1.0,软件服务,-5.0,-2.0,3.0,0.3,0.5,0.2514893675779195,0.7149380030258062,0.0335828160709406,false,false,0.22301521433810648,0.8836642304146246,,,,,,,0.07161803713527852,0,0.0,none,0.09695086951192462,false,stable,0.0,"","","",0,0
688318.SH,财富趋势,软件服务,7.457890000000001,0.0021915410032225416,0.017860000000000032,0.08658971356642059,0.6308143956896425,-0.06809244526163749,7.9483,110.0,-0.048906711980399364,-0.39999999999999997,0.48333333333333334,good,good,good,false,0,false,0,false,0,false,0,0.3400489726497286,2.5867593359259384,0.9369766347400166,moderate,false,false,none,-3.5638000000000005,0.0,2.26865,5.832450000000001,0.6687850194566863,0.9749713999944819,0.7128787945723818,false,none,-0.2251000000000012,4.762400000000001,133.0196423336265,-2.7540558396750576,139.61888009381417,false,软件服务,false,2.3961888009381416,true,falling,false,false,0.0,0.3400489726497286,0.5915310182448685,软件服务,-5.0,-2.0,3.0,0.3,0.5,0.4145303509551056,0.7249555814196817,0.9692587625269651,true,false,-0.05350108433546592,0.04015328790211029,,,,,,,0.16167664670658682,0,0.0,none,0.32397153149364477,false,stable,0.0,"",turnaround,"底部强力反转(曾跌133%, 近期斜率0.41)",0,1
688322.SH,奥比中光-UW,元器件,-14.233527,0.31361555984871703,2.50556,0.5912176650803666,0.1286340190195815,,-3.2627,96.0,0.5381962948609049,0.9999999999999999,0.016666666666666666,poor,poor,poor,true,5,false,0,true,5,false,0,0.8233265062970578,13.703693368760117,2.157717657095823,moderate,false,false,none,21.4433,0.0,4.80577,-16.63753,0.8980731944310028,1.0,0.9908335465466219,false,none,5.938699999999999,4.6465,76.4390268560576,64.54126545960396,33.55382404552314,false,元器件,false,1.0,false,rising,false,false,0.0,0.8233265062970578,0.7919945383709797,元器件,-5.0,-2.0,3.0,0.3,0.5,0.7120907720619509,0.9423897126208101,0.19268945429875717,true,false,0.5579899928547031,0.9508380901686311,,,,,,,0.07161803713527852,0,0.0,none,0.3084166829179053,false,decreasing_vol,4.0,"趋势不确定预警-4分(Bootstrap CI跨零: [-0.140, 0.712])","","",0,0
688327.SH,云从科技-UW,软件服务,-39.914865,-0.010052424372054248,-0.43004999999999927,0.5300378179728746,0.16313084615801127,,-43.8818,48.78861931994726,0.07854492098936827,0.19999999999999998,0.8166666666666667,poor,poor,poor,true,5,false,0,true,5,false,0,0.2177909651206771,9.034883955259193,0.6062235742764716,stable,false,false,none,11.223199999999999,0.0,0.7132400000000014,-10.509959999999998,0.4304857586407563,1.0,0.014812191658506748,true,severe,-16.4181,14.610200000000003,-4.296963200463937,-59.78109286075801,34.725090852048424,false,软件服务,false,inf,true,falling,false,false,0.0,0.2177909651206771,1.0,软件服务,-5.0,-2.0,3.0,0.3,0.5,-0.021030333555431824,0.006584868963769016,-0.13276700605973346,false,false,0.0772794817265659,0.2625233919519951,,,,,,,0.9487554904831625,1,0.0,cliff_drop,0.18199461410352824,false,increasing_vol,51.21138068005274,"严重恶化-15分; 单年巨幅下滑-15.0分(年跌-59.8%); 贝叶斯高置信度恶化-12分(恶化概率94.9%，严重恶化确认); 波动率飙升预警-5.2分(近期波动是早期的2.6倍); 趋势不确定预警-4分(Bootstrap CI跨零: [-0.021, 0.002])","","",0,0
688330.SH,宏力达,电气设备,8.770281,-0.30171167265144955,-2.9055300000000006,0.8979140215799946,0.014292050403702558,-0.23309240389798858,5.7177,41.96576654697101,-0.3060880329295933,-0.7999999999999999,0.08333333333333333,good,good,good,false,0,false,0,false,0,false,0,0.5011170058106946,4.831740103006369,1.1998726397384758,stable,false,false,none,-3.9593499999999993,0.0,-1.4463500000000002,2.512999999999999,0.6563011081787742,0.9993324044788151,0.5636786773089267,false,none,0.7576999999999998,-3.6504000000000003,-33.5954194927065,15.27620967741935,-42.39524296199944,false,电气设备,false,1.0,false,rising,false,false,0.0,0.5011170058106946,0.534226937981889,电气设备,-5.0,-2.0,3.0,0.3,0.5,-0.20259920551246346,0.5124062592842044,0.12225597604112837,true,false,-0.30171167265144955,0.8979140215799946,,,,,,,0.6067415730337079,0,0.0,none,0.15523987972138792,true,decreasing_vol,58.03423345302899,轻度衰退-6.0分(log斜率-0.302); 持续衰退重罚-10.0分(最新<加权); 单年巨幅下滑-15.0分(年跌-42.4%); 相对加权下滑-10.0分(最新为加权65.2%); 波动聚集提示-2分(大波动后可能跟着大波动); 峰值大幅下跌-15分(从16.5跌至5.7，跌幅-65.4%),"","",0,0
688334.SH,西高院,电气设备,7.45412,-0.04740369506129771,-0.43376000000000015,0.13097847880458624,0.5494691281690925,-0.05379309954453049,8.3133,98.0,-0.036048846564240955,-0.19999999999999998,0.8166666666666667,good,good,good,false,0,false,0,false,0,false,0,0.22201052863650408,1.7030427651706226,0.5322513362012776,moderate,false,false,none,-3.8610999999999995,0.0,0.48257999999999984,4.343679999999999,0.6468094542872483,1.0,0.46809454287248375,false,none,2.0250000000000004,-0.5838000000000001,20.971755358624005,32.20266208673251,-8.495219801807309,false,电气设备,false,1.0738998624828102,true,rising,false,false,0.0,0.22201052863650408,0.32079507124024464,电气设备,-5.0,-2.0,3.0,0.3,0.5,0.09436631574587362,0.44608341521208916,0.29867981961041834,true,false,-0.04740369506129771,0.13097847880458624,,,,,,,0.07161803713527852,0,0.0,none,0.20321223007556755,false,decreasing_vol,2.0,趋势不可靠-2分(Bootstrap CI过宽: 0.336),"","",0,0
688336.SH,三生国健,生物制药,2.9698270000000004,1.5578154736323058,4.71149,0.9883456908383516,0.0005358508911507831,,12.1348,108.0,1.4982271657208215,0.9999999999999999,0.016666666666666666,poor,poor,poor,true,2,true,1,true,2,true,1,4.856191230399688,7.558078907169467,12.938035698222796,high_volatility,false,false,none,4.1114,0.0,5.95685,1.8454500000000005,0.5909406944158707,0.9140842919791233,0.98988136131346,false,none,7.0,4.9137,5388.3763003166,136.32468645322115,2222.388059701493,false,生物制药,false,1.0,false,rising,false,false,0.0,4.856191230399688,1.0,生物制药,-5.0,-2.0,3.0,0.3,0.5,1.4857904464268126,0.9428797412355909,-0.012219658523961119,false,false,1.5578154736323058,0.9883456908383516,,,,,,,0.07161803713527852,0,0.0,none,0.8201119139287026,false,stable,2.0,趋势不可靠-2分(Bootstrap CI过宽: 0.386),turnaround,扭亏为盈(曾亏损2年 -> 最新12.1),0,1
688338.SH,赛科希德,医疗保健,5.6993,0.014622169116674223,0.08254000000000011,0.3463726317246884,0.29649798657116144,-0.039541990055892096,5.6843,100.0,0.0002837171280063444,0.0,1.0,good,good,good,false,0,false,0,false,0,false,0,0.09601998023924876,0.5540852163701898,0.24808856047635228,ultra_stable,false,false,none,-1.4316000000000004,0.0,0.16976000000000013,1.6013600000000006,0.6740628532758454,1.0,0.7406285327584536,false,none,-0.13049999999999962,0.38929999999999954,4.770067274905537,-2.24427323381715,7.175375541424744,false,医疗保健,false,1.1079608246636943,true,falling,false,false,0.0,0.09601998023924876,0.22454409414655827,医疗保健,-5.0,-2.0,3.0,0.3,0.5,0.022930047073784543,0.4346801057771574,0.12550384164976092,true,false,-0.021769597152618926,0.1415327000440901,,,,,,,0.27835051546391754,0,0.0,none,0.08773013511036006,false,decreasing_vol,0.0,"","","",0,0
688343.SH,云天励飞-U,软件服务,-24.999742,0.30456302054254203,7.73346,0.7840216193503412,0.04573200023842908,,-13.6497,98.0,0.30325817030858854,0.7999999999999999,0.08333333333333333,poor,poor,poor,true,5,false,0,true,5,false,0,0.5154130376896203,14.080970798812134,1.1977109625333733,moderate,false,false,none,20.1095,0.0,5.94136,-14.168140000000001,0.43433735102373927,1.0,0.5200111353806902,false,none,0.7195,21.5785,62.02900324638294,5.007237702864461,60.02748437313097,false,软件服务,true,inf,true,rising,false,false,0.0,0.5154130376896203,1.0,软件服务,-5.0,-2.0,3.0,0.3,0.5,0.48360092097939256,0.7896149780521461,0.35633600056176307,false,false,0.30456302054254203,0.7840216193503412,,,,,,,0.07161803713527852,0,0.0,none,0.2555904013806622,false,stable,2.0,周期顶部预警-5分(警惕景气回落); 趋势不可靠-2分(Bootstrap CI过宽: 0.488),"","",0,0
688351.SH,微电生理,医疗保健,0.197581,-0.1487924544761335,-0.16305999999999998,0.2900268615553716,0.3490692797534814,,2.8163,98.0,0.7110428186722291,0.39999999999999997,0.48333333333333334,poor,poor,has_loss,true,2,true,3,true,1,true,5,111.06532758829344,2.2013147927999754,305.93844601412724,high_volatility,false,false,none,-4.0654,0.0,1.8682500000000002,5.93365,0.6943048470780931,1.0,0.9430484707809316,false,none,2.8136,0.4914,676.2840188254553,104207.40740740742,100.55248618784529,false,医疗保健,false,1.0,false,rising,false,false,0.0,111.06532758829344,1.0,医疗保健,-5.0,-2.0,3.0,0.3,0.5,1.1148895517627433,0.9007190020857386,1.723761699273212,false,false,0.39206768464174746,0.2061867160486225,,,,,,,0.07161803713527852,0,0.0,none,94.8338254375137,false,decreasing_vol,2.0,趋势不可靠-2分(Bootstrap CI过宽: 0.897),"","",0,0
688352.SH,颀中科技,半导体,6.0687169999999995,0.09945645915984286,0.21399,0.08960745537191363,0.6246332556336291,0.1862205367561771,4.5504,36.57369866813875,-0.14324104951816452,-0.19999999999999998,0.8166666666666667,good,good,good,false,0,false,0,false,0,false,0,0.4368847445892883,2.6232831865812734,1.0968736884880057,volatile,false,false,none,6.5862,0.0,-1.42518,-8.011379999999999,0.8692129191466426,1.0,0.9807098057994545,true,severe,-1.9695,-1.2498000000000005,-41.43403220201552,-30.207518520222703,-16.085563149156343,false,半导体,false,1.0,true,falling,false,false,0.0,0.4368847445892883,0.48284112900476395,半导体,-5.0,-2.0,3.0,0.3,0.5,-0.2636357168302257,0.9626239793104459,-0.852602663722498,false,true,0.09945645915984286,0.08960745537191363,,,,,,,0.9993190427004778,3,0.8779273215440412,accelerating_decline,0.4332356001697828,false,decreasing_vol,63.42630133186125,复合恶化-14.0分(触发2项恶化信号); 严重恶化-15分; 单年巨幅下滑-15.0分(年跌-30.2%); 加速下滑-0.4分(加速度-0.85); 贝叶斯高置信度恶化-12分(恶化概率99.9%，严重恶化确认); 趋势不可靠-2分(Bootstrap CI过宽: 0.956); 峰值明显下跌-8分(从8.9跌至4.6，跌幅-48.8%),"","",0,0
688358.SH,祥生医疗,医疗保健,8.622615,-0.0022457610544866836,-0.012050000000000161,0.002160287296737921,0.9408425522433921,-0.010279914964044679,8.0453,81.0,-0.00599370055998677,-0.19999999999999998,0.8166666666666667,good,good,good,false,0,false,0,false,0,false,0,0.07816427291637576,0.6744513718571564,0.18007472788295734,ultra_stable,false,false,none,0.6557999999999993,0.0,-0.14602000000000004,-0.8018199999999993,0.3158321308676548,1.0,0.06108653083883281,true,moderate,-1.5538000000000007,1.5257000000000005,-0.348056580870516,-16.186934191747152,18.897862115094018,false,医疗保健,false,1.1543897242797334,true,falling,false,false,0.0,0.07816427291637576,0.21645004823706507,医疗保健,-5.0,-2.0,3.0,0.3,0.5,-0.001730051642309105,0.000297470828676737,0.01705459567071066,false,false,-0.0022457610544866836,0.002160287296737921,,,,,,,0.9025069637883009,1,0.0,single_year_drop,0.07813307843395668,true,increasing_vol,19.0,中度恶化-10分; 贝叶斯恶化预警-8分(恶化概率90.3%); 波动聚集风险-6分(ARCH效应+波动上升),"","",0,0
688366.SH,昊海生科,医疗保健,4.15264,0.17718425071390698,0.6964,0.3961018122491571,0.2552672897962109,0.21936196729467405,5.1757,108.0,0.15805703002924792,0.39999999999999997,0.48333333333333334,good,good,good,false,0,false,0,false,0,false,0,0.41812714316155686,1.648976377029095,0.9189293357540597,moderate,false,false,none,2.0707,0.0,0.59154,-1.47916,0.33194394878320804,1.0,0.22821622234714273,true,moderate,-0.5312000000000001,3.624,148.48528493926736,-9.308030629588746,173.98818954342502,false,医疗保健,false,2.4290172355850017,true,falling,false,false,0.0,0.41812714316155686,0.6583706792739124,医疗保健,-5.0,-2.0,3.0,0.3,0.5,0.43310994048445917,0.6677171501970587,0.48634841862822564,false,false,0.17718425071390698,0.3961018122491571,,,,,,,0.4807121661721069,1,0.0,single_year_drop,0.31124757737361497,false,stable,2.0,中度恶化-10分; 趋势不可靠-2分(Bootstrap CI过宽: 0.644),turnaround,"底部强力反转(曾跌148%, 近期斜率0.43)",0,1
688372.SH,伟测科技,半导体,8.02283,-0.27347219276610196,-1.9577,0.5547405360249132,0.148684609637892,-0.1698151579659568,4.2742,49.20950583743732,-0.2292139009270222,-0.39999999999999997,0.48333333333333334,good,good,good,false,0,false,0,false,0,false,0,0.5228621642657091,4.501916435030752,1.1764036357132404,volatile,false,false,none,5.024199999999999,0.0,-3.7213699999999994,-8.745569999999997,0.6856111718155589,1.0,0.8561117181555882,false,none,0.38080000000000025,-7.969100000000001,-63.96880927291886,9.780654440848622,-67.17892518440463,false,半导体,true,3.6015821646889603,true,rising,false,false,0.0,0.5228621642657091,0.8985006867044287,半导体,-5.0,-2.0,3.0,0.3,0.5,-0.5045725991845189,0.683140246096096,-0.6421006144812722,false,true,-0.27347219276610196,0.5547405360249132,,,,,,,0.6067415730337079,0,0.0,none,0.379658273071814,false,stable,50.79049416256268,"轻度衰退-5.5分(log斜率-0.273); 持续衰退重罚-10.0分(最新<加权); 单年巨幅下滑-15.0分(年跌-67.2%); 相对加权暴跌-15.0分(最新仅为加权53.3%); 加速下滑-0.3分(加速度-0.64); 趋势不确定预警-4分(Bootstrap CI跨零: [-0.692, 0.181]); 峰值大幅下跌-15分(从14.0跌至4.3，跌幅-69.5%)","","",0,0
688373.SH,盟科药业-U,化学制药,-34.730954000000004,-0.00026038688498148944,0.03532000000000011,3.8900817443416025e-6,0.9974887543307336,,-48.0855,49.70844979971936,-0.10503309095110155,-0.39999999999999997,0.48333333333333334,poor,poor,poor,true,5,false,0,true,5,false,0,0.29235776474777025,9.864800016827509,0.7990108534648876,moderate,false,false,none,4.3429,0.0,-13.480200000000002,-17.823100000000004,0.6307485345070636,0.31190808968341577,0.9955772553872196,true,severe,-15.0364,-11.924000000000003,-127.62259113566327,-45.497154234154635,-56.4447032203398,false,化学制药,false,inf,true,falling,false,false,0.0,0.29235776474777025,1.0,化学制药,-5.0,-2.0,3.0,0.3,0.5,-0.4110335721349381,0.9974257415668435,-0.5831004005612876,false,true,-0.08527497674356282,0.2015893441491674,,,,,,,0.9935602575896965,2,-0.19395175032544457,sustained_decline,0.24823763449895372,false,stable,50.29155020028064,严重恶化-15分; 单年巨幅下滑-15.0分(年跌-56.4%); 加速下滑-0.3分(加速度-0.58); 贝叶斯高置信度恶化-12分(恶化概率99.4%，严重恶化确认); 趋势不可靠-2分(Bootstrap CI过宽: 0.451); 连续下跌警示-6分(2年下跌，累计-61.3%),"","",0,0
688375.SH,国博电子,元器件,10.51538,-0.13119155830601392,-1.3570000000000002,0.6517727128932062,0.09853852478131978,-0.10693984927453004,7.4616,47.0,-0.2047613876914226,-0.6,0.23333333333333334,good,good,good,false,0,false,0,false,0,false,0,0.24594901749801254,2.7531237879906527,0.6600124353664681,stable,false,false,none,3.1194000000000006,0.0,-2.44579,-5.565190000000001,0.9029759807901439,1.0,0.998343215877088,true,severe,-2.3555,-2.2935999999999996,-38.388367311550944,-23.993847470230516,-18.938624522116804,false,元器件,false,1.0,true,falling,false,false,0.0,0.24594901749801254,0.33009254733174337,元器件,-5.0,-2.0,3.0,0.3,0.5,-0.24077965276460198,0.9942555025317097,-0.2566808367356441,false,false,-0.13119155830601392,0.6517727128932062,,,,,,,0.9967697277341947,3,0.26692661561615255,chronic_decline,0.15411353593954863,true,stable,53.0,"严重恶化-15分; 贝叶斯高置信度恶化-12分(恶化概率99.7%，严重恶化确认); 波动聚集提示-2分(大波动后可能跟着大波动); 趋势不确定预警-4分(Bootstrap CI跨零: [-0.241, 0.047]); 峰值明显下跌-8分(从14.8跌至7.5，跌幅-49.8%); 智能连续下跌-12分(3年实质性下跌，累计跌幅-36.4%)","","",0,0
688376.SH,美埃科技,专用机械,11.355500000000003,-0.20597498375714696,-2.488,0.8612457019333218,0.02292382878008365,-0.1595150083554906,8.191,17.880500324857053,-0.19188373067723763,-0.7999999999999999,0.08333333333333333,good,good,good,false,0,false,0,false,0,false,0,0.357684475347236,4.328661752204716,0.739247556168866,stable,false,false,none,-3.175250000000001,0.0,-0.9362999999999991,2.2389500000000018,0.467314030279143,0.6655723871751068,0.9360735514475614,true,severe,-0.5124999999999993,-1.3600999999999992,-18.607655312214302,-5.888435686792661,-13.515044318136644,false,专用机械,false,1.0,true,falling,false,false,0.0,0.357684475347236,0.41948091361112216,专用机械,-5.0,-2.0,3.0,0.3,0.5,-0.10232141475080403,0.9466955952524734,0.1415200746271712,true,false,-0.20597498375714696,0.8612457019333218,,,,,,,0.9507042253521126,3,-0.5643051144944735,chronic_decline,0.14924000697855766,false,decreasing_vol,82.11949967514295,复合恶化-14.0分(触发2项恶化信号); 轻度衰退-4.1分(log斜率-0.206); 严重恶化-15分; 持续衰退重罚-10.0分(最新<加权); 贝叶斯高置信度恶化-12分(恶化概率95.1%，严重恶化确认); 峰值大幅下跌-15分(从17.1跌至8.2，跌幅-52.2%); 智能连续下跌-12分(3年实质性下跌，累计跌幅-50.1%),"","",0,0
688377.SH,迪威尔,专用机械,5.769546000000001,0.029124444330433576,0.013820000000000165,0.007347029645340397,0.8909982915842031,-0.11637163310616283,4.3566,51.0,0.023533589315358615,0.19999999999999998,0.8166666666666667,good,good,good,false,0,false,0,false,0,false,0,0.4265666460195901,2.459327340961345,0.99163978214868,volatile,false,false,none,-5.042199999999999,0.0,0.7179900000000001,5.76019,0.4143045597133436,1.0,0.11818059881238817,true,severe,-3.4645,0.4218000000000002,-41.12145743516278,-44.29683804068482,5.7005392401984,false,专用机械,false,3.717429535624317,true,falling,false,false,0.0,0.4265666460195901,0.8369105882322478,专用机械,-5.0,-2.0,3.0,0.3,0.5,-0.26065491872158475,0.6717076974049675,-0.27790188637761437,false,false,0.029124444330433576,0.007347029645340397,,,,,,,0.9866768176627332,1,0.0,cliff_drop,0.4265498080822542,false,decreasing_vol,49.0,严重恶化-15分; 单年巨幅下滑-15.0分(年跌-44.3%); 贝叶斯高置信度恶化-12分(恶化概率98.7%，严重恶化确认); 趋势不可靠-2分(Bootstrap CI过宽: 1.021); 峰值明显下跌-8分(从7.8跌至4.4，跌幅-44.3%),"","",0,0
688378.SH,奥来德,专用机械,5.787895,-0.09240848045110153,-0.54385,0.540662404836384,0.15682935645793236,-0.08685094003857563,4.5301,74.0,-0.09402075702777174,-0.6,0.23333333333333334,good,good,good,false,0,false,0,false,0,false,0,0.19828821826959633,1.2015909108344653,0.5221607242459347,stable,false,false,none,1.1789000000000005,0.0,-0.85991,-2.0388100000000007,0.5442998354668066,1.0,0.6702922982269061,true,moderate,-1.6963,0.8934999999999995,-15.0537231150031,-27.24367210587177,16.75448630201203,false,专用机械,false,1.3051716701982035,true,falling,false,false,0.0,0.19828821826959633,0.3326534639754376,专用机械,-5.0,-2.0,3.0,0.3,0.5,-0.07993128243890846,0.2616870735439066,0.018785966118484376,false,false,-0.09240848045110153,0.540662404836384,,,,,,,0.9487554904831625,1,0.0,single_year_drop,0.13849894138881785,false,stable,26.0,中度恶化-10分; 贝叶斯恶化预警-8分(恶化概率94.9%); 峰值明显下跌-8分(从7.7跌至4.5，跌幅-41.1%),"","",0,0
688382.SH,益方生物-U,生物制药,-50.434903,0.21621956800288938,4.88144,0.4825145718921799,0.1930186530394572,,-14.0253,98.0,0.6014603601051083,0.9999999999999999,0.016666666666666666,poor,poor,poor,true,5,false,0,true,5,false,0,1.311509359152658,82.59626265090328,3.09679154727316,high_volatility,false,true,worsening,166.0661,0.0,10.582239999999999,-155.48386,0.9281314455130276,1.0,0.9098030952719799,false,none,0.9193999999999996,18.9313,58.598122564647525,6.152013757385559,55.8841067422364,false,生物制药,false,1.0,false,rising,false,false,0.0,1.311509359152658,1.0,生物制药,-5.0,-2.0,3.0,0.3,0.5,0.44039661942165687,0.803637867724896,-0.46944287899209625,false,true,0.6456549793926665,0.8710003139910159,,,,,,,0.07161803713527852,0,0.0,none,0.7862484284703577,false,decreasing_vol,2.0,趋势不可靠-2分(Bootstrap CI过宽: 0.785),"","",0,0
688389.SH,普门科技,医疗保健,14.786444999999999,0.03344327243058389,0.45825000000000016,0.12943645349124475,0.5520063801435658,0.026477242361012898,13.1371,86.86011606052567,0.044534700465215016,0.39999999999999997,0.48333333333333334,good,good,good,false,0,false,0,false,0,false,0,0.14406505690133323,2.0972011341309162,0.3304179615478674,stable,false,false,none,2.3357,0.0,-1.6837499999999999,-4.01945,0.6704159945663859,0.9849784001117234,0.7191815455521355,true,moderate,-3.5061,0.13860000000000028,-20.40340268773554,-21.066261295904635,0.8397658834506762,false,医疗保健,false,1.0,true,falling,false,false,0.0,0.14406505690133323,0.2485853788543999,医疗保健,-5.0,-2.0,3.0,0.3,0.5,-0.11383495240016206,0.7225372016919297,-0.2797678789486504,false,true,0.03344327243058389,0.12943645349124475,,,,,,,0.9487554904831625,1,0.0,single_year_drop,0.1351940112572035,false,stable,13.139883939474325,中度恶化-10分; 加速下滑-0.1分(加速度-0.28); 贝叶斯恶化预警-8分(恶化概率94.9%),"","",0,0
688401.SH,路维光电,半导体,6.968582000000001,0.8919542217623715,2.7155400000000003,0.6438928352659077,0.10223718820024263,,10.2824,96.0,0.5062245010591643,0.7999999999999999,0.08333333333333333,has_loss,has_loss,has_loss,true,1,false,0,true,1,false,0,0.771321505900868,4.74665084159347,1.8957672507929904,moderate,false,false,none,5.257099999999999,0.0,0.5761000000000003,-4.680999999999999,0.682503598485543,0.9958739538090308,0.3291620310463988,false,none,2.0006000000000004,-0.8483999999999998,12.619657838820622,24.156584317418922,-9.29223894328711,false,半导体,false,1.1024414982250235,true,rising,false,false,0.0,0.771321505900868,0.7640494044840309,半导体,-5.0,-2.0,3.0,0.3,0.5,0.05910834896671213,0.30104958208271926,-1.9590753077577356,false,true,0.8919542217623715,0.6438928352659077,,,,,,,0.07161803713527852,0,0.0,none,0.32884484643864187,true,decreasing_vol,4.0,波动聚集提示-2分(大波动后可能跟着大波动); 趋势不可靠-2分(Bootstrap CI过宽: 2.167),"","",0,0
688403.SH,汇成股份,半导体,5.9746310000000005,0.04105546888905281,0.07017000000000007,0.028463605697099964,0.7862131543198503,0.09333820421305283,4.5415,62.660173763380435,-0.10983107867076913,-0.19999999999999998,0.8166666666666667,good,good,good,false,0,false,0,false,0,false,0,0.35318136123136007,2.1026934885998005,0.8497072349745868,volatile,false,false,none,5.0588,0.0,-1.24735,-6.30615,0.8084148705941444,0.9999999999999996,0.9655632879391596,true,severe,-1.6706000000000003,-1.3869999999999996,-40.236343777552605,-26.8926771945075,-18.252161440170543,false,半导体,false,1.0,true,falling,false,false,0.0,0.35318136123136007,0.4158784223184214,半导体,-5.0,-2.0,3.0,0.3,0.5,-0.25358372233006365,0.9850182775734635,-0.6796524732391349,false,true,0.04105546888905281,0.028463605697099964,,,,,,,0.9967697277341947,3,0.47339685125293424,chronic_decline,0.3526893654230337,false,decreasing_vol,37.339826236619565,严重恶化-15分; 加速下滑-0.3分(加速度-0.68); 贝叶斯高置信度恶化-12分(恶化概率99.7%，严重恶化确认); 趋势不可靠-2分(Bootstrap CI过宽: 0.752); 峰值明显下跌-8分(从8.2跌至4.5，跌幅-44.9%),"","",0,0
688408.SH,中信博,电气设备,8.654333,0.2862799293849732,0.7189100000000006,0.08059904743711414,0.643443843107139,,14.2848,108.0,0.6443085444754666,0.19999999999999998,0.8166666666666667,has_loss,has_loss,has_loss,true,1,true,1,true,1,true,1,0.8842596285429214,7.461966357000009,1.9078976993977712,high_volatility,false,false,none,-16.100099999999998,0.0,5.25384,21.353939999999998,0.692062400713706,0.9999999999999996,0.9206240071370597,false,none,3.5533,9.5958,1157.7969534207978,33.11093509760984,844.9238355199437,false,电气设备,false,1.0,false,rising,false,false,0.0,0.8842596285429214,0.8407410361676705,电气设备,-5.0,-2.0,3.0,0.3,0.5,1.1897083232976993,0.8384137718252118,2.438189335815716,true,false,0.2862799293849732,0.08059904743711414,,,,,,,0.07161803713527852,0,0.0,none,0.8739397650247764,false,stable,2.0,趋势不可靠-2分(Bootstrap CI过宽: 3.187),turnaround,扭亏为盈(曾亏损1年 -> 最新14.3),0,1
688411.SH,海博思创,电气设备,11.837042,1.1298395569290747,5.89434,0.864371045629204,0.02213044537888314,,17.8313,120.0,1.0152812695934705,0.7999999999999999,0.08333333333333333,has_loss,has_loss,has_loss,true,1,true,2,true,1,true,2,1.0277484946496533,10.34813237801875,2.319465990779382,volatile,false,false,none,4.941,0.0,4.1739,-0.7671000000000001,0.3481567772014841,0.8154948632697344,0.37675897177140677,true,moderate,-5.124300000000002,13.472100000000001,88.02446354194127,-22.322657652163315,142.05831180471347,false,电气设备,false,1.0,true,falling,false,false,0.0,1.0277484946496533,0.9555321290530561,电气设备,-5.0,-2.0,3.0,0.3,0.5,0.3147095153367847,0.48030438211175114,-1.3523460262448994,false,true,1.1298395569290747,0.864371045629204,,,,,,,0.6492985971943889,1,0.0,single_year_drop,0.44665995226370936,false,increasing_vol,5.0,中度恶化-10分; 趋势不可靠-2分(Bootstrap CI过宽: 1.486),"high_growth,turnaround","优质护城河(高位企稳: 17.8 > 15.0, 稳健斜率=1.02); 扭亏为盈(曾亏损1年 -> 最新17.8)",1,1
688428.SH,诺诚健华-U,生物制药,-64.802881,0.0760119335106611,0.7184600000000002,0.25764117085953064,0.38266131998578856,,-7.7238,96.0,0.33710380609615154,0.7999999999999999,0.08333333333333333,poor,poor,poor,true,5,false,0,true,5,false,0,1.9516503610128733,171.92884303509692,4.403135829331552,high_volatility,false,true,worsening,384.29789999999997,0.0,1.5147000000000002,-382.78319999999997,0.9668128776319557,1.0,0.41742504112054496,false,none,2.9994000000000005,4.370099999999999,48.82630041144084,27.97112802148613,28.953906700323977,false,生物制药,true,inf,true,rising,false,false,0.0,1.9516503610128733,1.0,生物制药,-5.0,-2.0,3.0,0.3,0.5,0.33343778140138447,0.9998388501515518,-1.2991092357476257,false,true,0.7917535571019927,0.5954484349907607,,,,,,,0.07161803713527852,0,0.0,none,1.3664604061182906,false,decreasing_vol,4.0,周期顶部预警-5分(警惕景气回落); 趋势不可靠-2分(Bootstrap CI过宽: 0.508),"","",0,0
688443.SH,智翔金泰-U,生物制药,-46.447218,0.19037593569783962,7.837040000000001,0.5824847586561206,0.1332988079562354,,-26.1405,96.0,0.230722305387709,0.6,0.23333333333333334,poor,poor,poor,true,5,false,0,true,5,false,0,0.3562222750143798,17.38305212950246,0.8373606227918046,moderate,false,false,none,-16.719350000000006,0.0,14.93177,31.651120000000006,0.6924424847673805,1.0,0.9244248476738048,false,none,10.776300000000003,26.732299999999995,58.9302912374252,29.1907749317384,41.99949410125202,false,生物制药,false,1.0,false,rising,false,false,0.0,0.3562222750143798,0.41831115334483715,生物制药,-5.0,-2.0,3.0,0.3,0.5,0.4447976982294106,0.9834963715502062,0.5626386846496345,true,false,0.19037593569783962,0.5824847586561206,,,,,,,0.07161803713527852,0,0.0,none,0.24982582960555882,false,increasing_vol,4.0,"趋势不确定预警-4分(Bootstrap CI跨零: [-0.142, 0.458])","","",0,0
688449.SH,联芸科技,半导体,3.487108,0.819395391406986,2.01156,0.17689670120450457,0.48072339376353523,,9.8745,120.0,0.5285908413884076,0.19999999999999998,0.8166666666666667,poor,poor,poor,true,2,false,0,true,2,false,0,4.187629190865448,12.075615039947241,10.060028297568353,high_volatility,false,false,none,-7.399649999999999,0.0,13.123899999999999,20.52355,0.40886253277790174,0.260220895412285,0.7505629040022728,false,none,0.019700000000000273,26.228099999999998,160.30855111675714,0.19990258554207366,160.18823328223385,false,半导体,true,inf,true,rising,false,false,0.0,4.187629190865448,1.0,半导体,-5.0,-2.0,3.0,0.3,0.5,3.2376936909532414,0.750230123023739,4.364997711991623,false,false,0.819395391406986,0.17689670120450457,,,,,,,0.07161803713527852,0,0.0,none,4.039765488264662,false,decreasing_vol,2.0,趋势不可靠-2分(Bootstrap CI过宽: 5.526),"turnaround,cyclical_bottom","扭亏为盈(曾亏损2年 -> 最新9.9); 周期底部(mid_up), 近期强势(323.8%)",0,1
688468.SH,科美诊断,医疗保健,10.021719999999998,-0.1400288078413907,-1.44576,0.9508950811959194,0.0046881207375307635,-0.12939886703979908,7.5564,42.95094053864322,-0.1433054980223607,-0.9999999999999999,0.016666666666666666,good,good,good,false,0,false,0,false,0,false,0,0.21574871594982328,2.3181336533944714,0.5209128306312008,ultra_stable,false,false,none,-0.5183,0.0,-1.6871200000000002,-1.1688200000000002,0.803080886394538,1.0,0.9992832318299085,true,severe,-1.8150999999999993,-1.6351000000000013,-31.346646557520035,-19.36829749773248,-14.855632075300285,false,医疗保健,false,1.0,false,falling,false,false,0.0,0.21574871594982328,0.305932306093192,医疗保健,-5.0,-2.0,3.0,0.3,0.5,-0.18690380907752013,0.9931633096685513,-0.09811892271355216,false,true,-0.1400288078413907,0.9508950811959194,,,,,,,0.9967697277341947,3,0.3037679850684495,chronic_decline,0.03582756385221069,true,increasing_vol,57.04905946135678,严重恶化-15分; 加速下滑-0.0分(加速度-0.10); 贝叶斯高置信度恶化-12分(恶化概率99.7%，严重恶化确认); 波动聚集风险-6分(ARCH效应+波动上升); 峰值明显下跌-8分(从13.2跌至7.6，跌幅-42.6%); 智能连续下跌-16分(4年实质性下跌，累计跌幅-42.6%),"","",0,0
688469.SH,芯联集成-U,半导体,-11.977347000000002,0.2664902172893597,3.61951,0.799140250339057,0.04079336073779023,,-7.0245,81.0,0.27542541720046376,0.7999999999999999,0.08333333333333333,poor,poor,poor,true,5,false,0,true,5,false,0,0.49675916323229724,6.489264301136146,1.2468001714740644,moderate,false,false,none,7.379499999999999,0.0,0.7641,-6.615399999999999,0.6613188373470513,0.9949754650534034,0.11821290841710887,false,none,4.3787,-2.8505000000000003,17.868041671051245,38.39887049249334,-33.3286564476715,false,半导体,false,inf,true,rising,false,false,0.0,0.49675916323229724,1.0,半导体,-5.0,-2.0,3.0,0.3,0.5,0.09760742765387874,0.16252310191231428,-0.40227645703332193,false,false,0.2664902172893597,0.799140250339057,,,,,,,0.07161803713527852,0,0.0,none,0.2341810128726491,true,decreasing_vol,19.0,单年巨幅下滑-15.0分(年跌-33.3%); 波动聚集提示-2分(大波动后可能跟着大波动); 趋势不可靠-2分(Bootstrap CI过宽: 0.462),"","",0,0
688472.SH,阿特斯,电气设备,8.239596,0.13719578487735293,0.10652000000000027,0.04026618713497245,0.7462313310676743,-0.12665340123896074,6.3158,42.0,-0.06763606944941958,-0.19999999999999998,0.8166666666666667,good,good,good,false,0,true,1,false,0,true,1,0.5829704927956403,4.78481193548921,1.4260859394417882,high_volatility,false,false,none,-10.1846,0.0,1.5373700000000003,11.72197,0.4261907215822322,1.0,0.14270925733740744,true,severe,-4.5020999999999995,-1.5586000000000002,-48.969417848341614,-41.617134564009646,-12.5932210237143,false,电气设备,true,18.425636444841448,true,falling,false,false,0.0,0.5829704927956403,1.0,电气设备,-5.0,-2.0,3.0,0.3,0.5,-0.3340819821870453,0.8932989828546821,-0.39936578692182345,false,false,0.13719578487735293,0.04026618713497245,,,,,,,0.9991489575244114,2,2.3047251760006757,accelerating_decline,0.5826092295809885,false,decreasing_vol,58.0,严重恶化-15分; 单年巨幅下滑-15.0分(年跌-41.6%); 周期回落期-3分(景气下行趋势); 贝叶斯高置信度恶化-12分(恶化概率99.9%，严重恶化确认); 趋势不可靠-2分(Bootstrap CI过宽: 1.780); 峰值明显下跌-8分(从12.4跌至6.3，跌幅-49.0%); 连续下跌警示-6分(2年下跌，累计-41.8%),"","",0,0
688506.SH,百利天恒,化学制药,4.661566999999998,-1.4197877007833561,-10.760240000000001,0.5501489893108601,0.15131559998352645,,104.7628,71.98142436090444,-0.5970622702273679,-0.19999999999999998,0.8166666666666667,poor,poor,poor,true,3,false,0,true,4,false,0,203.2370870616948,64.24324322020176,543.9272382157543,high_volatility,false,false,none,-16.756899999999998,0.0,65.6803,82.4372,0.5865239100774032,0.9524217472965643,0.534078269557933,false,none,171.93540000000002,-40.5748,493.87768913218395,255.96061489357268,-152.54945897781022,false,化学制药,false,1.0,false,rising,false,false,0.0,203.2370870616948,1.0,化学制药,-5.0,-2.0,3.0,0.3,0.5,4.659598794861542,0.6761288447112713,7.962848721808884,true,false,0.40118863621958384,0.019248167121884412,,,,,,,0.02015677491601344,0,0.0,none,189.8835735246413,true,increasing_vol,38.01857563909556,"轻度衰退-20.0分(log斜率-1.420); 单年巨幅下滑-15.0分(年跌-152.5%); 波动率飙升预警-8.0分(近期波动是早期的6.3倍); 趋势不确定预警-4分(Bootstrap CI跨零: [-3.706, 0.107])",turnaround,扭亏为盈(曾亏损3年 -> 最新104.8),0,1
688512.SH,慧智微-U,半导体,-33.221173,0.06532968312321251,1.90867,0.16238903379805888,0.5011621206114264,,-21.5928,91.0,0.3012040939099632,0.7999999999999999,0.08333333333333333,poor,poor,poor,true,5,false,0,true,5,false,0,0.6646465545787014,24.71889659719867,1.5518468964567809,volatile,false,false,none,39.62579999999999,0.0,5.407500000000001,-34.21829999999999,0.7144531522630334,1.0,0.6445315226303335,false,none,1.1896999999999984,-0.19200000000000017,4.416458245722752,5.221990562932068,-0.849914787189306,false,半导体,true,inf,true,rising,false,false,0.0,0.6646465545787014,1.0,半导体,-5.0,-2.0,3.0,0.3,0.5,0.022561646783050726,0.6135040601081925,-0.6051157157377391,false,true,0.3155533403551375,0.7901912738980584,,,,,,,0.13366336633663367,0,0.0,none,0.35391486634056885,true,decreasing_vol,9.0,周期顶部预警-5分(警惕景气回落); 波动聚集提示-2分(大波动后可能跟着大波动); 趋势不可靠-2分(Bootstrap CI过宽: 0.396),"","",0,0
688513.SH,苑东生物,化学制药,9.132385,-0.11152144847334484,-1.1009099999999998,0.9343814710123837,0.007279518342505473,-0.10359105141786251,7.9861,80.0,-0.11372568674935357,-0.9999999999999999,0.016666666666666666,good,good,good,false,0,false,0,false,0,false,0,0.1873733160061742,1.814305839157224,0.45257383164443477,ultra_stable,false,false,none,-2.088899999999999,0.0,-0.8590899999999999,1.229809999999999,0.6681869804517722,1.0,0.8887276808947837,false,none,-0.04860000000000042,-1.7109999999999985,-18.055142267871975,-0.604876348836925,-17.556460798095554,false,化学制药,false,1.0,false,falling,false,false,0.0,0.1873733160061742,0.2832319861382727,化学制药,-5.0,-2.0,3.0,0.3,0.5,-0.09892422951706935,0.7728002369891885,0.019735276309712294,false,false,-0.11152144847334484,0.9343814710123837,,,,,,,0.49090909090909096,0,-0.9655467946647573,none,0.05283210935255772,false,stable,20.0,峰值明显下跌-8分(从12.4跌至8.0，跌幅-35.4%); 智能连续下跌-12分(3年实质性下跌，累计跌幅-35.4%),"","",0,0
688516.SH,奥特维,专用机械,24.046065,0.09158665340057977,1.8424100000000003,0.3353065858513708,0.3062953919041061,0.08940131727963152,21.4919,93.79503492482522,0.10072339050304896,0.39999999999999997,0.48333333333333334,good,good,good,false,0,false,0,false,0,false,0,0.23074273041744658,5.3358933369211945,0.5841246174030891,stable,false,false,none,6.0196499999999995,0.0,-2.90315,-8.922799999999999,0.7048446439427387,0.9789188546126468,0.5695275848147393,true,mild,-7.274799999999999,1.4684999999999988,-21.269900579525387,-25.288962585211372,5.379475569817785,false,专用机械,false,1.0,true,falling,false,false,0.0,0.23074273041744658,0.3179275176672906,专用机械,-5.0,-2.0,3.0,0.3,0.5,-0.1194695798425227,0.5918645723763085,-0.40993015034957936,false,true,0.09158665340057977,0.3353065858513708,,,,,,,0.8315688161693937,1,0.0,high_level_pullback,0.1933210611060495,false,stable,6.2049650751747905,轻度恶化-5分; 加速下滑-0.2分(加速度-0.41); 贝叶斯中度恶化预警-5分(恶化概率83.2%); 趋势不可靠-2分(Bootstrap CI过宽: 0.426),"","",0,0
688517.SH,金冠电气,电气设备,10.93336,-0.007204544716290728,-0.07508999999999998,0.04763232516309926,0.7243396870454819,-0.10049144318752523,10.6542,90.0,-0.08610024420505147,-0.6,0.23333333333333334,good,good,good,false,0,false,0,false,0,false,0,0.23247047469087828,2.688553585666464,0.5644635516733909,stable,false,false,none,-5.1325,0.0,-0.1725900000000001,4.95991,0.6624714081731544,1.0,0.12471408173154372,false,none,0.9080999999999992,-0.26339999999999897,6.440881162895253,9.317573183119393,-2.6315000749288076,false,电气设备,false,1.0,false,rising,false,false,0.0,0.23247047469087828,0.31930971308603595,电气设备,-5.0,-2.0,3.0,0.3,0.5,0.03106437003363016,0.4660084535810468,0.27331587965771126,true,false,-0.0977962395591559,0.5556745679241838,,,,,,,0.13366336633663367,0,0.0,none,0.1555647195460392,true,decreasing_vol,10.0,波动聚集提示-2分(大波动后可能跟着大波动); 峰值明显下跌-8分(从16.3跌至10.7，跌幅-34.5%),"","",0,0
688520.SH,神州细胞,生物制药,-36.135664,1.7766359937120393,26.59752,0.68837535742827,0.08218621579775587,,8.8018,108.0,0.834521591515663,0.9999999999999999,0.016666666666666666,poor,poor,poor,true,4,false,0,true,4,false,0,0.9686161982813798,42.730426097887204,2.2572272600743695,stable,false,false,none,7.499299999999991,0.0,29.864700000000006,22.365400000000015,0.6301116143893883,1.0,0.973258181825562,false,none,25.2577,22.4127,122.64501422742265,153.48719912007243,57.6627406183912,false,生物制药,false,1.0,false,rising,false,false,0.0,0.9686161982813798,0.9082262919584372,生物制药,-5.0,-2.0,3.0,0.3,0.5,3.6124071239929134,0.8377387226240727,3.188372773854216,true,false,1.7766359937120393,0.68837535742827,,,,,,,0.07161803713527852,0,0.0,none,0.17161859160138035,false,stable,2.0,趋势不可靠-2分(Bootstrap CI过宽: 3.237),turnaround,扭亏为盈(曾亏损4年 -> 最新8.8),0,1
688525.SH,佰维存储,半导体,0.15191500000000047,0.07850415725819887,0.2695200000000001,0.742985684206131,0.06027112841225021,,3.9982,96.01635768811342,-0.06149345233256763,0.0,1.0,has_loss,has_loss,good,true,1,false,0,false,0,false,0,11.748812322450123,8.019034362565108,29.86301169162246,high_volatility,false,false,none,0.1896,0.0,0.4842000000000004,0.2946000000000004,0.11521473758493213,0.00602447596872795,0.0024745618816212804,false,none,17.322499999999998,-16.3541,31.96250577595882,130.00682962707234,-539.7749026338372,false,半导体,true,inf,true,rising,false,false,0.0,11.748812322450123,1.0,半导体,-5.0,-2.0,3.0,0.3,0.5,0.1332238658624464,0.001931623718826647,0.07018733857939563,false,false,-0.5151446422642602,0.11312099558018014,,,,,,,0.07161803713527852,0,0.0,none,11.011171841007222,true,increasing_vol,15.983642311886587,单年巨幅下滑-15.0分(年跌-539.8%); 波动率飙升预警-8.0分(近期波动是早期的4.0倍); 峰值明显下跌-8分(从7.1跌至4.0，跌幅-43.4%),cyclical_bottom,"周期底部(mid_up), 近期强势(13.3%)",0,0
688538.SH,和辉光电-U,半导体,-5.980433,-0.23722889529199281,-1.32451,0.6241460810057498,0.11178862594739247,,-7.0015,75.00610389234788,-0.2569327362148852,-0.6,0.23333333333333334,poor,poor,poor,true,5,false,0,true,5,false,0,0.5018914203784534,2.802099951286535,1.2277273476289075,moderate,false,false,none,0.8597000000000001,0.0,-1.7605800000000003,-2.62028,0.4250188126015215,1.0,0.5643833908027331,false,none,2.7995,-5.4408,-60.577496445117205,28.563411896745233,-124.78326682262282,false,半导体,true,inf,true,rising,false,false,0.0,0.5018914203784534,1.0,半导体,-5.0,-2.0,3.0,0.3,0.5,-0.2328848883461718,0.3362104838568181,-0.16690577161709383,false,false,-0.23722889529199281,0.6241460810057498,,,,,,,0.6067415730337079,0,0.0,none,0.33345491699608226,false,increasing_vol,24.99389610765212,轻度衰退-4.7分(log斜率-0.237); 持续衰退重罚-10.0分(最新<加权); 单年巨幅下滑-15.0分(年跌-124.8%); 波动率飙升预警-7.2分(近期波动是早期的3.6倍); 趋势不可靠-2分(Bootstrap CI过宽: 0.593),"","",0,0
688543.SH,国科军工,专用机械,9.671345,-0.10411822231344839,-1.0265899999999997,0.7382971978722348,0.06203740684639315,-0.09778536194801268,8.0128,82.0,-0.10675362666739568,-0.7999999999999999,0.08333333333333333,good,good,good,false,0,false,0,false,0,false,0,0.18765181811173756,1.9111662128135267,0.40065235491877954,ultra_stable,false,false,none,-0.09274999999999967,0.0,-1.9474999999999998,-1.8547500000000001,0.40219034229274186,0.011438560744281966,0.8241572219403035,false,none,-0.3894000000000002,-3.5055999999999994,-32.70965249668284,-4.634500487967439,-29.43952703270125,false,专用机械,false,1.1333098571442168,true,falling,false,false,0.0,0.18765181811173756,0.30122943544195235,专用机械,-5.0,-2.0,3.0,0.3,0.5,-0.19702030374465118,0.8382250099528662,-0.18931803533433533,false,false,-0.10411822231344839,0.7382971978722348,,,,,,,0.6585365853658537,0,-0.8425755793284496,none,0.09905896867777153,false,stable,18.0,"趋势不确定预警-4分(Bootstrap CI跨零: [-0.217, 0.009]); 峰值明显下跌-8分(从12.1跌至8.0，跌幅-33.7%); 连续下跌警示-6分(2年下跌，累计-33.7%)","","",0,0
688545.SH,兴福电子,元器件,7.769154,-0.058531415341141146,-0.5681000000000002,0.3366768484909115,0.3050690637891463,,9.1833,100.0,0.04131828371680657,0.0,1.0,has_loss,has_loss,good,true,1,false,0,false,0,false,0,0.9153807719210202,6.489189214994428,2.262443821888939,high_volatility,false,false,none,16.038600000000002,0.0,-1.1024200000000004,-17.141020000000005,0.753292136782663,1.0,0.6333531525492638,false,none,1.392599999999999,-3.0094000000000003,-14.970231757113373,17.875158843236154,-27.86455680965917,false,元器件,false,1.5216732771124546,true,rising,false,false,0.0,0.9153807719210202,0.9351943878184767,元器件,-5.0,-2.0,3.0,0.3,0.5,-0.08067694128808678,0.24698821037373217,-2.687261224931147,false,false,0.9686138394451561,0.4461111784103924,,,,,,,0.2783505154639176,0,0.0,none,0.7630627274666694,false,decreasing_vol,0.0,"","","",0,0
688557.SH,兰剑智能,专用机械,9.897275,0.018413765566375775,0.17474000000000026,0.28159544650073864,0.35755447556873954,-0.08511634361202869,9.4995,100.0,-0.025694409196185597,0.0,1.0,good,good,good,false,0,false,0,false,0,false,0,0.18881460792196572,1.9318944238751767,0.4707526608481485,stable,false,false,none,-4.816600000000001,0.0,0.3261000000000001,5.142700000000001,0.6988829782764383,1.0,0.48882978276438316,true,moderate,-0.6743000000000006,0.9906000000000006,3.444333130063595,-6.627808685053771,10.787089467723677,false,专用机械,false,1.1636908506525445,true,falling,false,false,0.0,0.18881460792196572,0.30621046642457855,专用机械,-5.0,-2.0,3.0,0.3,0.5,0.01683548176801586,0.10516403762783771,0.2108867462553492,false,false,-0.05581146290738115,0.2608010002404778,,,,,,,0.6492985971943889,1,0.0,single_year_drop,0.15801184591796139,false,decreasing_vol,0.0,中度恶化-10分,"","",0,0
688566.SH,吉贝尔,化学制药,9.986785,0.009448944594395759,-0.007669999999999977,0.004078058354655935,0.9187466312841541,-0.049983085602292365,10.2227,97.51436645566841,0.025469212674310793,0.0,1.0,good,good,good,false,0,false,0,false,0,false,0,0.22301731480140824,2.2280812456012455,0.5611263365036402,moderate,false,false,none,-5.605999999999999,0.0,1.2642999999999998,6.8702999999999985,0.6684856749895662,1.0,0.6848567498956617,true,moderate,-1.2988999999999997,2.8065999999999995,17.30005737234653,-11.273607832245519,32.20424555364314,false,化学制药,false,1.659240484453981,true,falling,false,false,0.0,0.22301731480140824,0.3996459164349907,化学制药,-5.0,-2.0,3.0,0.3,0.5,0.07933666487467761,0.3240989090329482,0.2608242158368519,true,false,0.009448944594395759,0.004078058354655935,,,,,,,0.4807121661721069,1,0.0,single_year_drop,0.22301401125437864,false,decreasing_vol,2.485633544331588,中度恶化-10分; 趋势不可靠-2分(Bootstrap CI过宽: 0.494),"","",0,0
688567.SH,孚能科技,电气设备,-6.934229,0.15977179830828328,0.2843700000000002,0.11789246222625645,0.5715757835122137,,-1.7219,81.58039477104099,0.04442893598879216,0.0,1.0,poor,poor,poor,true,5,false,0,true,5,false,0,0.5813076157941561,4.08051206137171,1.516452645045117,high_volatility,false,false,none,-4.4573,0.0,1.7123600000000003,6.16966,0.47937515646881956,1.0,0.24409184413841725,false,none,10.6448,-5.2795,75.70408623998193,86.0763178535907,-74.49345298566429,false,电气设备,true,inf,true,rising,false,false,0.0,0.5813076157941561,1.0,电气设备,-5.0,-2.0,3.0,0.3,0.5,0.6722533592895754,0.4743755778316695,0.8711726388699295,true,false,0.15977179830828328,0.11789246222625645,,,,,,,0.07161803713527852,0,0.0,none,0.5777678171591801,false,increasing_vol,18.419605228959014,单年巨幅下滑-15.0分(年跌-74.5%); 周期顶部预警-5分(警惕景气回落); 波动率飙升预警-4.9分(近期波动是早期的2.4倍); 趋势不可靠-2分(Bootstrap CI过宽: 0.989),"","",0,0
688568.SH,中科星图,软件服务,13.089087,-0.14387327795869884,-2.06671,0.7942617983479713,0.04236221029374276,-0.13201791782757621,10.7381,78.0,-0.14785563459915396,-0.7999999999999999,0.08333333333333333,good,good,good,false,0,false,0,false,0,false,0,0.26678523464492676,3.657385460270765,0.5967058377282244,ultra_stable,false,false,none,-4.026449999999999,0.0,-0.06370000000000076,3.962749999999998,0.647853717710296,0.9677529816372318,0.010784195465727947,true,moderate,-1.1204,0.9929999999999986,-1.1725185219272147,-9.44807522030611,9.139017992729267,false,软件服务,false,1.0913901799272927,true,falling,false,false,0.0,0.26678523464492676,0.3589468783729138,软件服务,-5.0,-2.0,3.0,0.3,0.5,-0.005872122287911008,0.01182240669345678,0.27069250248763543,false,false,-0.14387327795869884,0.7942617983479713,,,,,,,0.8223350253807107,1,0.0,single_year_drop,0.11982062281104194,false,decreasing_vol,22.0,"中度恶化-10分; 贝叶斯中度恶化预警-5分(恶化概率82.2%); 趋势不确定预警-4分(Bootstrap CI跨零: [-0.292, 0.007]); 峰值明显下跌-8分(从18.9跌至10.7，跌幅-43.2%)","","",0,0
688578.SH,艾力斯,化学制药,10.153765,1.8266920822134312,10.604550000000001,0.9176570266521632,0.010287608086814531,,29.726,125.0,1.6793754126815874,0.9999999999999999,0.016666666666666666,has_loss,has_loss,has_loss,true,1,true,1,true,1,true,1,2.4383141468807845,17.00090155771158,6.431443979117665,volatile,false,false,none,9.275649999999999,0.0,13.145649999999998,3.869999999999999,0.4983616471017584,0.8750932317617389,0.9999998523169483,false,none,13.1369,13.154399999999999,765.4613212216497,79.18995002742766,382.98541357323785,false,化学制药,false,1.0,false,rising,false,false,0.0,2.4383141468807845,1.0,化学制药,-5.0,-2.0,3.0,0.3,0.5,1.0689136647062762,0.9354697148313799,-1.6099151556783295,false,true,1.8266920822134312,0.9176570266521632,,,,,,,0.02015677491601344,0,0.0,none,0.4028479198121782,false,stable,0.0,趋势不可靠-2分(Bootstrap CI过宽: 1.747),"high_growth,turnaround","优质护城河(高位企稳: 29.7 > 15.0, 稳健斜率=1.68); 扭亏为盈(曾亏损1年 -> 最新29.7)",1,1
688579.SH,山大地纬,软件服务,5.740285,-0.17162255921120861,-1.07645,0.6995806102956096,0.07744916440755949,-0.16215466013645852,4.1786,35.56754881577584,-0.16763411028718112,-0.7999999999999999,0.08333333333333333,good,good,good,false,0,false,0,false,0,false,0,0.32759243653261066,1.9862650130332558,0.7093590534402511,stable,false,false,none,-2.109,0.0,-0.04149999999999965,2.0675000000000003,0.4744730683293284,0.8705199132178026,0.002641194727584853,true,moderate,-1.4383,1.3553000000000006,-1.9476253050497303,-25.606651355730026,31.80260934860148,false,软件服务,false,1.3180260934860148,true,falling,false,false,0.0,0.32759243653261066,0.43781076169089056,软件服务,-5.0,-2.0,3.0,0.3,0.5,-0.009569177820425656,0.003490540779187919,0.32942469468026925,false,false,-0.17162255921120861,0.6995806102956096,,,,,,,0.9025069637883009,1,0.0,single_year_drop,0.1688719535617327,false,decreasing_vol,64.43245118422416,"复合恶化-14.0分(触发2项恶化信号); 轻度衰退-3.4分(log斜率-0.172); 中度恶化-10分; 持续衰退重罚-10.0分(最新<加权); 贝叶斯恶化预警-8分(恶化概率90.3%); 趋势不确定预警-4分(Bootstrap CI跨零: [-0.371, 0.028]); 峰值大幅下跌-15分(从8.5跌至4.2，跌幅-50.7%)","","",0,0
688580.SH,伟思医疗,医疗保健,8.421567,-0.24583746664608153,-2.47931,0.6511934204176036,0.09880826046153657,-0.2309319421518452,5.7456,30.083250667078374,-0.25838445687436407,-0.6,0.23333333333333334,good,good,good,false,0,false,0,false,0,false,0,0.5102178732674948,4.676330486930965,1.243671825220177,moderate,false,false,none,-5.69935,0.0,0.36019999999999985,6.05955,0.6572679543274071,0.9990163891011142,0.07366315417295675,true,moderate,-1.8522000000000007,2.5726000000000004,14.335747830932096,-24.378109452736325,51.19398232906154,false,医疗保健,false,1.5119398232906154,true,falling,false,false,0.0,0.5102178732674948,0.6097662750527446,医疗保健,-5.0,-2.0,3.0,0.3,0.5,0.06585070517852798,0.10004248053514439,0.653571584321714,false,false,-0.24583746664608153,0.6511934204176036,,,,,,,0.6492985971943889,1,0.0,single_year_drop,0.27818128977957707,true,decreasing_vol,69.91674933292163,"复合恶化-14.0分(触发2项恶化信号); 轻度衰退-4.9分(log斜率-0.246); 中度恶化-10分; 持续衰退重罚-10.0分(最新<加权); 相对加权下滑-10.0分(最新为加权68.2%); 波动聚集提示-2分(大波动后可能跟着大波动); 趋势不确定预警-4分(Bootstrap CI跨零: [-0.612, 0.112]); 峰值大幅下跌-15分(从16.4跌至5.7，跌幅-65.0%)","","",0,0
688588.SH,凌志软件,软件服务,10.70536,-0.08528664117364754,-0.7533500000000001,0.31094902992576234,0.3287432987567904,-0.20071979881338553,8.5584,68.0,-0.26766985510863245,-0.7999999999999999,0.08333333333333333,good,good,good,false,0,false,0,false,0,false,0,0.48493537605255516,5.631748496248744,1.2697831814972358,moderate,false,false,none,-9.301499999999999,0.0,-1.3753499999999999,7.926149999999999,0.7042429625247635,1.0,0.5424296252476345,false,none,2.335000000000001,-4.423500000000001,-19.61603847129211,37.51968377414276,-41.54730484929886,false,软件服务,false,1.0,false,rising,false,false,0.0,0.48493537605255516,0.5212816341753774,软件服务,-5.0,-2.0,3.0,0.3,0.5,-0.10857894094732035,0.1642772946754514,0.22951564526725288,false,false,-0.24107000019202107,0.7296405122411015,,,,,,,0.435483870967742,0,0.0,none,0.25562154896339395,false,decreasing_vol,32.0,单年巨幅下滑-15.0分(年跌-41.5%); 趋势不可靠-2分(Bootstrap CI过宽: 0.411); 峰值大幅下跌-15分(从21.0跌至8.6，跌幅-59.2%),"","",0,0
688589.SH,力合微,半导体,7.395672000000001,0.1022772469357073,0.6884399999999999,0.31907240084469435,0.3211171233714663,0.0630012475919901,6.4696,47.76996927824166,0.08026489439703877,0.6,0.23333333333333334,good,good,good,false,0,false,0,false,0,false,0,0.29065020335689656,2.0895250029611994,0.642705525278406,moderate,false,false,none,2.02325,0.0,-1.3219000000000003,-3.3451500000000003,0.6441569037494875,0.8483315827306185,0.5932374547642564,true,severe,-3.2178000000000004,0.5739999999999998,-29.010029187789417,-33.2163428783781,6.298417714574142,false,半导体,false,1.0,true,falling,false,false,0.0,0.29065020335689656,0.3658534960188506,半导体,-5.0,-2.0,3.0,0.3,0.5,-0.16985403862957127,0.619446558307348,-0.46006144351667033,false,true,0.1022772469357073,0.31907240084469435,,,,,,,0.9737039819684448,1,0.0,cliff_drop,0.24809689033714435,false,stable,52.23003072175834,严重恶化-15分; 单年巨幅下滑-15.0分(年跌-33.2%); 加速下滑-0.2分(加速度-0.46); 贝叶斯高置信度恶化-12分(恶化概率97.4%，严重恶化确认); 趋势不可靠-2分(Bootstrap CI过宽: 0.484); 峰值明显下跌-8分(从9.7跌至6.5，跌幅-33.2%),"","",0,0
688596.SH,正帆科技,专用机械,11.46148,0.1017541719386351,1.1594800000000003,0.7428147763018643,0.060335135470736365,0.09270778562995141,14.0007,91.4574332909784,0.12232450060081157,0.6,0.23333333333333334,good,good,good,false,0,false,0,false,0,false,0,0.19412507300503118,2.112418571921768,0.47598086335457385,ultra_stable,false,false,none,-0.9992999999999999,0.0,1.7883400000000003,2.78764,0.6972589954577497,1.0,0.9725899545774973,false,none,1.9451,2.344900000000001,44.17807161172728,16.134410564385014,24.147589772107068,false,专用机械,false,1.0,false,rising,false,false,0.0,0.19412507300503118,0.28863339173735825,专用机械,-5.0,-2.0,3.0,0.3,0.5,0.18225560541683916,0.9891119149359322,0.18784819255788898,false,false,0.1017541719386351,0.7428147763018643,,,,,,,0.07161803713527852,0,0.0,none,0.09644060054134489,false,increasing_vol,8.542566709021603,"波动率飙升预警-4.5分(近期波动是早期的2.3倍); 趋势不确定预警-4分(Bootstrap CI跨零: [-0.020, 0.187])","","",0,0
688605.SH,先锋精科,半导体,12.809961999999999,-0.07428983631903359,-1.26567,0.14477637186817277,0.5274965909040994,,18.581,83.0,0.30113743992700315,0.19999999999999998,0.8166666666666667,has_loss,has_loss,good,true,1,false,0,false,0,false,0,1.4038021235140519,15.750547521657777,3.6458370469664674,high_volatility,false,false,none,40.906,0.0,-2.6675299999999997,-43.57353,0.6317254953633862,1.0,0.31725495363386236,false,none,7.7827,-5.647399999999999,12.983941090984274,72.07338192122835,-34.33967541667427,false,半导体,false,2.36984525341952,true,rising,false,false,0.0,1.4038021235140519,1.0,半导体,-5.0,-2.0,3.0,0.3,0.5,0.06093788006409029,0.0460487366449101,-3.397674118776864,false,false,1.321713047536262,0.44725807220486286,,,,,,,0.07161803713527852,0,0.0,none,1.1886074301835678,true,decreasing_vol,17.0,单年巨幅下滑-15.0分(年跌-34.3%); 波动聚集提示-2分(大波动后可能跟着大波动); 趋势不可靠-2分(Bootstrap CI过宽: 0.562),"","",0,0
688608.SH,恒玄科技,半导体,4.332505,-0.13706144203050177,-0.5052500000000001,0.09071460370254286,0.622394220317239,-0.0012186179946290787,6.3403,110.0,-0.03549731092449848,-0.39999999999999997,0.48333333333333334,good,good,good,false,0,false,0,false,0,false,0,0.5890372037753672,2.641289944705049,1.1129373249362187,high_volatility,false,false,none,-2.3607,0.0,2.3452,4.7059,0.6457167541412709,0.7256571160243153,0.7315104253883941,false,none,4.8061,-0.11569999999999991,284.28389599369666,313.26424195020206,-7.0125462149221125,false,半导体,true,4.252835353930387,true,rising,false,false,0.0,0.5890372037753672,1.0,半导体,-5.0,-2.0,3.0,0.3,0.5,0.6355488947895911,0.7137629588852265,1.273506875574753,true,false,-0.13706144203050177,0.09071460370254286,,,,,,,0.07161803713527852,0,0.0,none,0.5614489278623614,false,stable,2.0,趋势不可靠-2分(Bootstrap CI过宽: 1.404),cyclical_bottom,"周期底部(mid_up), 近期强势(63.6%)",0,0
688617.SH,惠泰医疗,医疗保健,23.44865,0.1020896297776066,2.35938,0.5048762173274867,0.178600905824469,0.07126017785294558,28.1202,115.0,0.08575121623707202,0.6,0.23333333333333334,good,good,good,false,0,false,0,false,0,false,0,0.22586696235674164,5.029822350043785,0.512466680078459,stable,false,false,none,-4.643899999999999,0.0,4.26028,8.904179999999998,0.6906181406720288,1.0,0.9061814067202874,false,none,1.3547000000000011,8.366499999999998,52.8354801891407,5.061366311109454,45.47258003152344,false,医疗保健,false,1.0,false,rising,false,false,0.0,0.22586696235674164,0.3140269032187266,医疗保健,-5.0,-2.0,3.0,0.3,0.5,0.21188509317948823,0.8360065477685044,0.2862147519682017,true,false,0.1020896297776066,0.5048762173274867,,,,,,,0.02015677491601344,0,0.0,none,0.1515017045266533,false,increasing_vol,0.0,"趋势不确定预警-4分(Bootstrap CI跨零: [-0.099, 0.253])",high_growth,"优质护城河(高位企稳: 28.1 > 15.0, 稳健斜率=0.09)",1,0
688652.SH,京仪装备,半导体,9.990068,0.06056698339515916,0.043160000000000136,0.031267511856436,0.7760367025460702,0.14961280241255914,7.108,26.48170691115594,-0.08476300927688007,0.0,1.0,good,good,good,false,0,false,0,false,0,false,0,0.4841996126883371,4.830917639745062,1.125434995269176,volatile,false,false,none,10.4582,0.0,-2.8674899999999997,-13.32569,0.6826779095235234,1.0,0.8267790952352339,true,severe,-1.774300000000001,-6.415799999999999,-53.53671370954564,-19.975681974263434,-41.938541387492556,false,半导体,false,1.0,true,falling,false,false,0.0,0.4841996126883371,0.520693023484003,半导体,-5.0,-2.0,3.0,0.3,0.5,-0.3813312010055352,0.9444061303288768,-1.0365861776881156,false,true,0.06056698339515916,0.031267511856436,,,,,,,0.9747292418772563,2,-0.5236915421140318,sustained_decline,0.4841513001647905,false,stable,73.51829308884406,复合恶化-14.0分(触发2项恶化信号); 严重恶化-15分; 单年巨幅下滑-15.0分(年跌-41.9%); 加速下滑-0.5分(加速度-1.04); 贝叶斯高置信度恶化-12分(恶化概率97.5%，严重恶化确认); 趋势不可靠-2分(Bootstrap CI过宽: 1.144); 峰值大幅下跌-15分(从15.3跌至7.1，跌幅-53.5%),"","",0,0
688663.SH,新风光,电气设备,13.353415000000002,-0.013592326023525293,-0.17831999999999973,0.06594009670937695,0.676676935477223,-0.11389428633156906,12.3199,85.16633271651523,-0.0940468012366425,-0.6,0.23333333333333334,good,good,good,false,0,false,0,false,0,false,0,0.2414041075089776,3.419682306150675,0.61714834319276,stable,false,false,none,-4.3712,0.0,0.5395500000000002,4.91075,0.6769533806464874,0.9617983319444703,0.30773547452040234,true,moderate,-0.8620999999999999,1.9412000000000003,9.599850544445239,-6.539978758913668,17.269233506511995,false,电气设备,false,1.17269233506512,true,falling,false,false,0.0,0.2414041075089776,0.3494822640158648,电气设备,-5.0,-2.0,3.0,0.3,0.5,0.04566809732698229,0.32847711575642813,0.33266543303047036,true,false,-0.10326782596176365,0.5509577722039867,,,,,,,0.6492985971943889,1,0.0,single_year_drop,0.15933496605400246,true,decreasing_vol,14.833667283484765,中度恶化-10分; 波动聚集提示-2分(大波动后可能跟着大波动); 峰值明显下跌-8分(从20.0跌至12.3，跌幅-38.3%),"","",0,0
688676.SH,金盘科技,电气设备,10.458235,0.0121788386359587,0.12491000000000022,0.014765934406029782,0.8456636983520028,-0.010849328554866089,11.0268,98.0,-0.0013503622478055104,0.0,1.0,good,good,good,false,0,false,0,false,0,false,0,0.15056356060849663,1.5652256521025971,0.360694435626764,stable,false,false,none,-1.7314999999999996,0.0,1.4855999999999998,3.2170999999999994,0.655853748046399,0.9949105321545654,0.5636269483094237,true,moderate,-0.7785000000000011,3.7497000000000007,36.883658572918215,-6.594495692612649,46.54774318486519,false,电气设备,false,1.4654774318486519,true,falling,false,false,0.0,0.15056356060849663,0.3158478393999509,电气设备,-5.0,-2.0,3.0,0.3,0.5,0.15609025202421156,0.592847077717847,0.33391231907624674,true,false,0.0121788386359587,0.014765934406029782,,,,,,,0.4807121661721069,1,0.0,single_year_drop,0.14936016216088896,false,stable,2.0,中度恶化-10分; 趋势不可靠-2分(Bootstrap CI过宽: 0.365),"","",0,0
688681.SH,科汇股份,电气设备,5.61394,-0.4032267876258791,-3.1496000000000004,0.11049882608163686,0.5846870252198962,,5.1615,75.10763162839339,-0.31239203497613016,-0.39999999999999997,0.48333333333333334,has_loss,has_loss,has_loss,true,1,false,0,true,1,false,0,1.0985543768547532,7.205220418002492,2.716433748753587,high_volatility,false,false,none,-8.9083,0.0,3.4367,12.345,0.7429918840519354,0.9301489163867024,0.9997699241326515,false,none,3.3464,3.527,401.50709737718324,184.36449782381138,206.028389508733,false,电气设备,false,1.0,false,rising,false,false,0.0,1.0985543768547532,1.0,电气设备,-5.0,-2.0,3.0,0.3,0.5,1.8252336701384042,0.9341508226259451,4.215263256786778,true,false,-0.4032267876258791,0.11049882608163686,,,,,,,0.07161803713527852,0,0.0,none,0.7939279677819782,false,decreasing_vol,24.89236837160661,持续衰退重罚-10.0分(最新<加权); 趋势不可靠-2分(Bootstrap CI过宽: 4.584); 峰值大幅下跌-15分(从16.1跌至5.2，跌幅-68.0%),"","",0,0
688687.SH,凯因科技,生物制药,6.485977,-0.012541245469403873,-0.10700999999999983,0.0454904963517544,0.7305102929805125,-0.02483027863998477,7.3899,110.0,0.006053562040214677,0.0,1.0,good,good,good,false,0,false,0,false,0,false,0,0.2516754668604868,1.6404408270340016,0.6635696401394274,moderate,false,false,none,-2.1625999999999994,0.0,1.7716499999999997,3.934249999999999,0.6855639989367895,0.9920648339824538,0.8635751553854416,false,none,0.5519999999999996,2.9913000000000003,92.11511464670097,8.072653884964677,77.76477928560288,false,生物制药,false,1.0,false,rising,false,false,0.0,0.2516754668604868,0.3346737068217228,生物制药,-5.0,-2.0,3.0,0.3,0.5,0.32049402244239267,0.8385035027863988,0.6908636125030845,true,false,-0.012541245469403873,0.0047485888299269585,,,,,,,0.07161803713527852,0,0.0,none,0.2503332022286745,false,stable,0.0,"",turnaround,"底部强力反转(曾跌92%, 近期斜率0.32)",0,1
688689.SH,银河微电,半导体,8.836867000000002,-0.2697451355789022,-2.5391100000000004,0.7333815566382219,0.0639124142760042,-0.18112830055314322,5.7395,71.60509728842196,-0.2664726643398755,-0.6,0.23333333333333334,good,good,good,false,0,false,0,false,0,false,0,0.5216960040880891,5.0075512648399325,1.1814952180526326,moderate,false,false,none,4.084300000000001,0.0,-3.4951700000000003,-7.579470000000001,0.49713912104741276,1.0,0.6959057250591916,false,none,0.2311999999999994,-1.6231999999999998,-19.51903526607306,4.1973022529636985,-22.760989974058752,false,半导体,true,3.0588384801118313,true,rising,false,false,0.0,0.5216960040880891,0.8252019339520489,半导体,-5.0,-2.0,3.0,0.3,0.5,-0.10726254657953316,0.612591851539186,0.18214395505901737,true,false,-0.2697451355789022,0.7333815566382219,,,,,,,0.435483870967742,0,0.0,none,0.3118132031725161,false,decreasing_vol,28.394902711578045,轻度衰退-5.4分(log斜率-0.270); 持续衰退重罚-10.0分(最新<加权); 相对加权下滑-10.0分(最新为加权64.9%); 趋势不可靠-2分(Bootstrap CI过宽: 0.512); 峰值大幅下跌-15分(从16.8跌至5.7，跌幅-65.9%),"","",0,0
688698.SH,伟创电气,电气设备,12.683860000000001,-0.11289726306005972,-1.49692,0.9761858597591258,0.0015709878126600148,-0.10720240312294071,10.4755,48.97089292449318,-0.11265711899886544,-0.9999999999999999,0.016666666666666666,good,good,good,false,0,false,0,false,0,false,0,0.17792144334187918,2.3898977618299906,0.44759952115494567,ultra_stable,false,false,none,-1.8834999999999997,0.0,-1.4661,0.41739999999999977,0.29046408379389993,1.0,0.9615933657270889,true,severe,-1.1842000000000006,-2.2745999999999995,-24.8222013305297,-10.156350506445282,-16.323747873951326,false,电气设备,false,1.0,false,falling,false,false,0.0,0.17792144334187918,0.2756704880068367,电气设备,-5.0,-2.0,3.0,0.3,0.5,-0.1421644346076789,0.9796360936135309,-0.05821415101364602,false,true,-0.11289726306005972,0.9761858597591258,,,,,,,0.9060402684563759,2,-0.37781748499973394,sustained_decline,0.024656290009374644,false,stable,51.02910707550682,严重恶化-15分; 加速下滑-0.0分(加速度-0.06); 贝叶斯高置信度恶化-12分(恶化概率90.6%，严重恶化确认); 峰值明显下跌-8分(从16.5跌至10.5，跌幅-36.5%); 智能连续下跌-16分(4年实质性下跌，累计跌幅-36.5%),"","",0,0
688726.SH,拉普拉斯,专用机械,-7.409260000000002,2.6205054099606215,30.858600000000003,0.8225774036204426,0.033587603304239634,,23.1178,124.0,2.480031479565696,0.9999999999999999,0.016666666666666666,poor,poor,poor,true,2,false,0,true,2,false,0,3.254452567268382,54.24144022625136,7.705173866191791,high_volatility,false,false,none,58.1625,0.0,6.047949999999998,-52.11455,0.7414763271332235,0.9777894723532532,0.9369737989789817,false,none,3.3310999999999993,8.7648,109.74423647465498,16.835045763063064,79.52167956522922,false,专用机械,false,1.0,false,rising,false,false,0.0,3.254452567268382,1.0,专用机械,-5.0,-2.0,3.0,0.3,0.5,0.36956727454554605,0.8993454103919406,-3.8529805037027343,false,true,2.6205054099606215,0.8225774036204426,,,,,,,0.02015677491601344,0,0.0,none,1.4217457669980345,true,decreasing_vol,1.0,波动聚集提示-2分(大波动后可能跟着大波动); 趋势不可靠-2分(Bootstrap CI过宽: 4.232),"high_growth,turnaround","优质护城河(高位企稳: 23.1 > 15.0, 稳健斜率=2.48); 扭亏为盈(曾亏损2年 -> 最新23.1)",1,1
688729.SH,屹唐股份,半导体,-0.35070400000000057,0.30638341065017216,0.9072,0.46190034974663347,0.20689409011126786,,6.0741,98.0,0.4577842114689201,0.39999999999999997,0.48333333333333334,has_loss,has_loss,good,true,1,true,1,false,0,true,1,8.73707706178322,13.22286716684396,20.76277570007004,high_volatility,false,false,none,-25.755200000000002,0.0,8.9742,34.7294,0.5948722723430737,1.0,0.5819925659359176,false,none,2.4239999999999995,-2.9496,-7.96399836356199,66.40913947563078,-44.69294058820856,false,半导体,true,inf,true,rising,false,false,0.0,8.73707706178322,1.0,半导体,-5.0,-2.0,3.0,0.3,0.5,-0.04098655503209736,0.01706891402763116,-0.9176491818336937,false,false,0.9254190426796619,0.28846278870336,,,,,,,0.2783505154639176,0,0.0,none,7.742155418788203,false,decreasing_vol,2.0,单年巨幅下滑-15.0分(年跌-44.7%); 趋势不可靠-2分(Bootstrap CI过宽: 1.153),"","",0,0
688750.SH,金天钛业,小金属,6.203139,0.019065268604633714,0.13136,0.06542541240652928,0.6779127219037637,0.4617147953928935,6.5879,81.58700370374738,0.19817986252127429,0.6,0.23333333333333334,good,good,good,false,0,false,0,false,0,false,0,0.4429105172993568,2.5824429203759762,1.111511297254837,moderate,false,false,none,2.97945,0.0,-0.4070499999999999,-3.3865,0.6799322287062677,0.9338349212814745,0.3654873657812022,true,moderate,-1.3359999999999994,0.5218999999999996,-10.998378816536068,-16.860384406668427,7.05079708186976,false,小金属,true,1.0,true,falling,true,false,0.0,0.4429105172993568,1.0,小金属,-5.0,-2.0,1.6,0.3,0.24,-0.0576682125461252,0.3888281586966311,-0.8259925925052266,false,true,0.31519040538408355,0.5610736548613036,,,,,,,0.9025069637883009,1,0.0,single_year_drop,0.28771914188672615,true,decreasing_vol,18.412996296252615,中度恶化-10分; 周期回落期-3分(景气下行趋势); 加速下滑-0.4分(加速度-0.83); 贝叶斯恶化预警-8分(恶化概率90.3%); 波动聚集提示-2分(大波动后可能跟着大波动),"","",0,0
688755.SH,汉邦科技,专用机械,6.501083,0.24302304596169072,1.3772099999999998,0.4633337058995046,0.2059106100619002,0.18473907360713682,9.4721,98.0,0.19386640806986383,0.6,0.23333333333333334,good,good,good,false,0,false,0,false,0,false,0,0.45900106105968247,2.7943617396464617,1.21084048410623,moderate,false,false,none,-2.7073,0.0,2.1144099999999995,4.8217099999999995,0.5981098935209825,1.0,0.7659092498324891,false,none,2.9277999999999995,-0.9704000000000006,26.04761334451141,44.738169093715136,-12.913356487950292,false,专用机械,false,1.7385279181945426,true,rising,false,false,0.0,0.45900106105968247,0.599004571273685,专用机械,-5.0,-2.0,3.0,0.3,0.5,0.11493321175917569,0.38460613698586843,-0.10524426174758418,false,false,0.24302304596169072,0.4633337058995046,,,,,,,0.07161803713527852,0,0.0,none,0.28765103165485617,false,decreasing_vol,2.0,趋势不可靠-2分(Bootstrap CI过宽: 0.566),"","",0,0
688766.SH,普冉股份,半导体,10.607320000000001,-0.7576291525851833,-5.6186,0.2081242518269912,0.4399696621380969,,13.3108,68.0,-0.6705394470156674,-0.6,0.23333333333333334,has_loss,has_loss,has_loss,true,1,false,0,true,1,false,0,1.1038842816952343,13.569939086451345,2.6289321478251675,high_volatility,false,false,none,-12.377749999999999,0.0,5.34915,17.7269,0.6214136654062917,0.8742161411497765,0.33992051291314024,false,none,18.26,-7.5617,409.50430622009566,368.9485169320294,-289.44306220095694,false,半导体,false,1.0,false,rising,false,false,0.0,1.1038842816952343,1.0,半导体,-5.0,-2.0,3.0,0.3,0.5,0.7974549721552346,0.07682306597040674,1.9547720852520554,false,false,-0.7576291525851833,0.2081242518269912,,,,,,,0.07161803713527852,0,0.0,none,0.8344456684653849,false,stable,32.0,单年巨幅下滑-15.0分(年跌-289.4%); 趋势不可靠-2分(Bootstrap CI过宽: 3.981); 峰值大幅下跌-15分(从27.4跌至13.3，跌幅-51.4%),"","",0,0
688775.SH,影石创新,IT设备,34.705400000000004,0.015022093978920471,0.5154699999999991,0.43332946473417266,0.2271031266348232,0.17362669661902075,35.7698,115.0,0.1654387820023604,0.7999999999999999,0.08333333333333333,good,good,good,false,0,false,0,false,0,false,0,0.28669799905946586,9.54572455788454,0.7993566678880567,stable,false,false,none,13.447100000000002,0.0,2.1791499999999986,-11.267950000000004,0.5941675791404453,1.0,0.22878647969552338,true,mild,-9.698800000000006,11.384500000000003,4.945707822709114,-21.330764527608075,33.40120466727889,true,IT设备,false,1.0,true,falling,false,false,0.0,0.28669799905946586,0.36269173258090603,IT设备,-5.0,-2.0,3.0,0.3,0.5,0.024126584651968038,0.024448567642632292,-0.2716906039374596,false,false,0.16215864477336286,0.6273534289828827,,,,,,,0.4968372627947096,1,0.0,high_level_pullback,0.17994423130657086,false,stable,0.0,轻度恶化-5分,high_growth,"优质护城河(高位企稳: 35.8 > 15.0, 稳健斜率=0.17)",1,0
688777.SH,中控技术,专用机械,12.44552,-0.013343518411570133,-0.18276000000000023,0.07850162662560774,0.6479859218681505,-0.09952715442793636,9.4637,53.0,-0.09673601514292268,-0.6,0.23333333333333334,good,good,good,false,0,false,0,false,0,false,0,0.17128953134732935,2.2213614356965867,0.4464678149911402,ultra_stable,false,false,none,0.42989999999999995,0.0,-2.8950000000000005,-3.3249000000000004,0.6165943152389137,0.16765431987816679,0.9982888325109701,true,severe,-3.1026000000000007,-2.6874000000000002,-37.958003631905704,-24.68984506179226,-17.61802054583478,false,专用机械,false,1.158681929705956,true,falling,false,false,0.0,0.17128953134732935,0.2915225490386576,专用机械,-5.0,-2.0,3.0,0.3,0.5,-0.2378258208344308,0.9884494730998434,-0.266768743370162,false,false,-0.08819119518982138,0.5724979390961488,,,,,,,0.9935602575896965,2,0.4013972226652548,sustained_decline,0.11436723764988439,true,increasing_vol,47.0,严重恶化-15分; 贝叶斯高置信度恶化-12分(恶化概率99.4%，严重恶化确认); 波动聚集风险-6分(ARCH效应+波动上升); 峰值明显下跌-8分(从15.3跌至9.5，跌幅-38.0%); 连续下跌警示-6分(2年下跌，累计-34.3%),"","",0,0
688789.SH,宏华数科,专用机械,15.531377000000003,-0.18208499567505787,-3.146210000000001,0.9116298021657917,0.011459728795468015,-0.16365547308014405,12.1738,53.35830008649884,-0.18762018926559126,-0.9999999999999999,0.016666666666666666,good,good,good,false,0,false,0,false,0,false,0,0.3241729696460246,5.340827476430971,0.7713514340307029,ultra_stable,false,false,none,-5.30165,0.0,-1.0524500000000003,4.2492,0.7349781198905694,0.9874159315324903,0.8623652673732031,false,none,-0.3241999999999994,-1.7807000000000013,-14.741538095204751,-2.5940150424067805,-12.47102327242677,false,专用机械,false,1.0,false,falling,false,false,0.0,0.3241729696460246,0.39267170905015303,专用机械,-5.0,-2.0,3.0,0.3,0.5,-0.07951206419031398,0.869662268188145,0.1977656048487766,true,false,-0.18208499567505787,0.9116298021657917,,,,,,,0.32530120481927716,0,-0.7919966160160966,none,0.11797508582520405,true,decreasing_vol,46.64169991350116,轻度衰退-3.6分(log斜率-0.182); 持续衰退重罚-10.0分(最新<加权); 波动聚集提示-2分(大波动后可能跟着大波动); 峰值大幅下跌-15分(从24.9跌至12.2，跌幅-51.1%); 智能连续下跌-16分(4年实质性下跌，累计跌幅-51.1%),"","",0,0
688800.SH,瑞可达,元器件,10.832977,-0.2079172927715397,-2.02461,0.5454288529205339,0.15404583464714508,-0.14716961237992854,6.9404,35.42524935288961,-0.19680054149325865,-0.19999999999999998,0.8166666666666667,good,good,good,false,0,false,0,false,0,false,0,0.4055251326889499,4.639353507009354,0.923887010548619,moderate,false,false,none,1.8389499999999996,0.0,-4.928749999999999,-6.767699999999999,0.6226353860154606,0.9344288623149614,0.6960828531944564,false,none,0.7121000000000004,-10.569599999999998,-58.68293060442078,11.433296405118579,-62.922150983158595,false,元器件,false,2.697028081498964,true,rising,false,false,0.0,0.4055251326889499,0.6840238503510219,元器件,-5.0,-2.0,3.0,0.3,0.5,-0.43981459381229926,0.6599374985486696,-0.5630904501581948,false,true,-0.2079172927715397,0.5454288529205339,,,,,,,0.6067415730337079,0,0.0,none,0.29351992594813164,false,increasing_vol,64.57475064711039,"轻度衰退-4.2分(log斜率-0.208); 持续衰退重罚-10.0分(最新<加权); 单年巨幅下滑-15.0分(年跌-62.9%); 相对加权下滑-10.0分(最新为加权64.1%); 加速下滑-0.3分(加速度-0.56); 波动率飙升预警-6.1分(近期波动是早期的3.1倍); 趋势不确定预警-4分(Bootstrap CI跨零: [-0.514, 0.130]); 峰值大幅下跌-15分(从16.8跌至6.9，跌幅-58.7%)","","",0,0
688981.SH,中芯国际,半导体,3.640341,-0.05582835634894645,-0.13673,0.01966336832539415,0.8220454016174876,0.12729395538085853,3.9118,84.35506089352243,-0.03331389114417216,0.0,1.0,good,good,good,false,0,false,0,false,0,false,0,0.5301946213185127,1.9518372711371201,1.23905295868918,volatile,false,false,none,2.979,0.0,-0.90299,-3.88199,0.525798469744122,1.0,0.30752909686359603,false,none,2.8568,-4.5614,-30.35040239299195,270.78672985781986,-81.2157253756855,false,半导体,true,5.323601895734597,true,rising,false,false,0.0,0.5301946213185127,1.0,半导体,-5.0,-2.0,3.0,0.3,0.5,-0.17678750513052965,0.05032667405440707,-0.5811324454737457,false,false,-0.05582835634894645,0.01966336832539415,,,,,,,0.6067415730337079,0,0.0,none,0.526932321166623,false,increasing_vol,15.644939106477569,单年巨幅下滑-15.0分(年跌-81.2%); 波动率飙升预警-4.6分(近期波动是早期的2.3倍); 趋势不可靠-2分(Bootstrap CI过宽: 1.287); 峰值明显下跌-8分(从5.6跌至3.9，跌幅-30.4%),"","",0,0
831396.BJ,许昌智能,电气设备,9.57855,0.0009719784238918284,-0.0023199999999999224,0.0004770010740964577,0.9721942081876276,-0.06349281631716308,7.3961,56.0,-0.06772643123800404,-0.39999999999999997,0.48333333333333334,good,good,good,false,0,false,0,false,0,false,0,0.15961059765353006,1.5764866418717285,0.42911467761727146,stable,false,false,none,2.0192999999999994,0.0,-1.32506,-3.344359999999999,0.6890762259585461,1.0,0.8907622595854615,true,severe,-2.7060000000000004,-0.5353999999999992,-30.471445358401876,-26.786509735599534,-5.033137485311391,false,电气设备,false,1.0,true,falling,false,false,0.0,0.15961059765353006,0.2610218114561574,电气设备,-5.0,-2.0,3.0,0.3,0.5,-0.18054776423566143,0.8543011564976968,-0.23082234355398734,false,false,-0.06617252797040228,0.38017131668650106,,,,,,,0.999190470683474,3,4.322030207553987,accelerating_decline,0.1278292881679063,false,stable,44.0,严重恶化-15分; 贝叶斯高置信度恶化-12分(恶化概率99.9%，严重恶化确认); 峰值明显下跌-8分(从11.6跌至7.4，跌幅-36.4%); 连续下跌警示-9分(3年下跌，累计-23.1%),"","",0,0
831627.BJ,力王股份,电气设备,11.043580000000002,-0.30891803817832714,-3.7716000000000003,0.9197315534216692,0.009894717316878148,-0.254025822161152,6.8089,43.821639236433455,-0.30192966504949437,-0.7999999999999999,0.08333333333333333,good,good,good,false,0,false,0,false,0,false,0,0.5202379088725613,6.333927754797966,1.273956760788037,stable,false,false,none,-8.1523,0.0,-2.63683,5.5154700000000005,0.736667736898854,1.0,0.8666773689885394,false,none,0.3316000000000008,-5.288500000000001,-42.12973193493005,5.119417041051068,-44.94806982950586,false,电气设备,false,1.0,false,rising,false,false,0.0,0.5202379088725613,0.5495236604313823,电气设备,-5.0,-2.0,3.0,0.3,0.5,-0.2717090663005115,0.6823735151788365,0.040294131665310484,false,false,-0.30891803817832714,0.9197315534216692,,,,,,,0.6067415730337079,0,0.0,none,0.17531999223761924,false,decreasing_vol,56.178360763566545,轻度衰退-6.2分(log斜率-0.309); 持续衰退重罚-10.0分(最新<加权); 单年巨幅下滑-15.0分(年跌-44.9%); 相对加权下滑-10.0分(最新为加权61.7%); 峰值大幅下跌-15分(从22.0跌至6.8，跌幅-69.0%),"","",0,0
831689.BJ,克莱特,专用机械,12.51386,0.005050566175312455,-0.01712000000000007,0.002019873886108271,0.9427960559030251,0.029508082026577398,11.0296,87.88498146425607,-0.04603749823657932,-0.19999999999999998,0.8166666666666667,good,good,good,false,0,false,0,false,0,false,0,0.1775082779979501,2.2228332105670905,0.4636324288755687,stable,false,false,none,5.8058,0.0,-1.38625,-7.19205,0.6904384296458703,1.0,0.9043842964587031,true,moderate,-2.0009999999999994,-0.07869999999999955,-15.864310069950333,-15.356161650269362,-0.6003371652185818,false,专用机械,false,1.0,true,falling,false,false,0.0,0.1775082779979501,0.27533995573169345,专用机械,-5.0,-2.0,3.0,0.3,0.5,-0.08607108019759191,0.7761253186704323,-0.23003707148785546,false,true,0.005050566175312455,0.002019873886108271,,,,,,,0.9932937344318835,1,14.75582448505078,single_year_drop,0.17749511549464891,false,decreasing_vol,12.115018535743928,中度恶化-10分; 加速下滑-0.1分(加速度-0.23); 贝叶斯恶化预警-8分(恶化概率99.3%); 趋势不可靠-2分(Bootstrap CI过宽: 0.334),"","",0,0
831856.BJ,浩淼科技,专用机械,4.5753710000000005,-0.2202489894738914,-0.9754300000000001,0.4692172808240848,0.20190322054157733,-0.14653102556521824,3.6037,56.150461548241466,-0.199972824619328,-0.6,0.23333333333333334,good,good,good,false,0,false,0,false,0,false,0,0.43108303407484,2.098512209876321,1.0005751848808544,moderate,false,false,none,-1.4931,0.0,-0.9888600000000001,0.50424,0.2386040651880727,1.0,0.37644734013558795,false,none,1.6824999999999999,-4.803,-46.40700752505874,87.57547366229439,-71.42857142857143,false,专用机械,false,1.8626334815307268,true,rising,false,false,0.0,0.43108303407484,0.5932175581306356,专用机械,-5.0,-2.0,3.0,0.3,0.5,-0.3052592089192455,0.2603158692077856,-0.30029699668680643,false,false,-0.2202489894738914,0.4692172808240848,,,,,,,0.6067415730337079,0,0.0,none,0.2923291031782544,false,increasing_vol,43.849538451758534,轻度衰退-4.4分(log斜率-0.220); 持续衰退重罚-10.0分(最新<加权); 单年巨幅下滑-15.0分(年跌-71.4%); 波动率飙升预警-4.4分(近期波动是早期的2.2倍); 趋势不可靠-2分(Bootstrap CI过宽: 0.713); 峰值明显下跌-8分(从6.8跌至3.6，跌幅-46.9%),"","",0,0
832110.BJ,雷特科技,电气设备,14.703537,-0.04104965867649555,-0.4913749999999999,0.18008265408632212,0.4763720407911432,-0.027106513160865986,11.7745,66.0,-0.11138504546265351,-0.39999999999999997,0.48333333333333334,good,good,good,false,0,false,0,false,0,false,0,0.3932376051190234,5.992186085812088,0.9897506772506771,moderate,false,false,none,12.2203,0.0,-4.61136,-16.83166,0.6769697342760431,1.0,0.7696973427604313,false,none,1.4934999999999992,-5.3484,-24.664414500876557,14.526797004182463,-34.22012361319052,false,电气设备,false,2.4669681937554713,true,rising,false,false,0.0,0.3932376051190234,0.6435191765959483,电气设备,-5.0,-2.0,3.0,0.3,0.5,-0.14122052378452676,0.4393693563387714,-0.22765678315413873,false,false,-0.11201585510772621,0.2574183824133067,,,,,,,0.435483870967742,0,0.0,none,0.347064020575604,true,decreasing_vol,34.0,单年巨幅下滑-15.0分(年跌-34.2%); 波动聚集提示-2分(大波动后可能跟着大波动); 趋势不可靠-2分(Bootstrap CI过宽: 0.301); 峰值大幅下跌-15分(从25.4跌至11.8，跌幅-53.6%),"","",0,0
832491.BJ,奥迪威,元器件,7.795014999999999,0.009210510355006285,0.07303499999999996,0.02846187145167857,0.7862196046518518,0.014532281515212242,7.9783,100.0,-0.00022040753337210228,0.0,1.0,good,good,good,false,0,false,0,false,0,false,0,0.20315207976052013,1.6087938239563206,0.5398047267639499,stable,false,false,none,3.048800000000001,0.0,-0.6907100000000003,-3.739510000000001,0.4239855688836229,1.0,0.23468110321825122,false,none,0.7763,0.8971,26.541261558470396,10.778950291585671,14.228615838474838,false,元器件,false,1.6780123396088757,true,rising,false,false,0.0,0.20315207976052013,0.3862566424229329,元器件,-5.0,-2.0,3.0,0.3,0.5,0.11653615999324796,0.9944710465895181,0.20445421699381883,false,false,-0.02675466102109496,0.049667377201249995,,,,,,,0.07161803713527852,0,0.0,none,0.19701073467178767,false,decreasing_vol,0.0,"","","",0,0
832522.BJ,纳科诺尔,专用机械,15.622981000000001,0.023012951096019352,0.35237,0.19459759217890005,0.4571222099208597,,14.8718,38.8958395782491,0.5500929462309653,0.39999999999999997,0.48333333333333334,has_loss,has_loss,good,true,1,false,0,false,0,false,0,1.2617156961804885,17.494016173623482,3.5401571986389,high_volatility,false,false,none,24.5426,0.0,-10.775849999999998,-35.31845,0.7325299310542603,0.9983964743608679,0.8269028361817345,true,severe,-2.2363999999999997,-19.315299999999997,-59.169766771452494,-13.072094083538884,-53.02977473334523,false,专用机械,false,1.0,true,falling,false,false,0.0,1.2617156961804885,1.0,专用机械,-5.0,-2.0,3.0,0.3,0.5,-0.44740365926650133,0.8638935800334215,-4.2083208435018,false,true,1.3484183610835385,0.47489273337293963,,,,,,,0.9507042253521126,2,-0.753495198701662,sustained_decline,1.0702844756808896,true,decreasing_vol,61.1041604217509,严重恶化-15分; 单年巨幅下滑-15.0分(年跌-53.0%); 加速下滑-2.1分(加速度-4.21); 贝叶斯高置信度恶化-12分(恶化概率95.1%，严重恶化确认); 波动聚集提示-2分(大波动后可能跟着大波动); 峰值大幅下跌-15分(从36.4跌至14.9，跌幅-59.2%),"","",0,0
832566.BJ,梓橦宫,化学制药,13.619159999999999,-0.03373798709475886,-0.5260100000000002,0.5346220884581186,0.16039538206361445,-0.10820932404020656,10.7211,44.953685340525894,-0.08677686672609608,-0.9999999999999999,0.016666666666666666,good,good,good,false,0,false,0,false,0,false,0,0.16078814925956733,2.3012289340697945,0.43526562689960585,ultra_stable,false,false,none,-1.0780000000000003,0.0,-2.0368000000000004,-0.9588000000000001,0.6065739121950167,0.8992713464795492,0.9130457236337691,true,severe,-3.1255000000000006,-0.9481000000000002,-27.53418453905791,-22.572328224979422,-6.40837597247663,false,化学制药,false,1.0,false,falling,false,false,0.0,0.16078814925956733,0.2619638527409872,化学制药,-5.0,-2.0,3.0,0.3,0.5,-0.16051375395507228,0.8965367476353123,-0.09262931894820348,false,true,-0.10097604455619398,0.8716565249781215,,,,,,,0.9967697277341947,2,2.5223164686225403,accelerating_decline,0.04905328198310557,false,increasing_vol,55.046314659474106,"严重恶化-15分; 加速下滑-0.0分(加速度-0.09); 贝叶斯高置信度恶化-12分(恶化概率99.7%，严重恶化确认); 趋势不确定预警-4分(Bootstrap CI跨零: [-0.073, 0.008]); 峰值明显下跌-8分(从17.0跌至10.7，跌幅-36.8%); 智能连续下跌-16分(4年实质性下跌，累计跌幅-36.8%)","","",0,0
832735.BJ,德源药业,化学制药,15.382604999999998,0.030693973885093807,0.45971999999999974,0.43612992173331266,0.22507016957078058,-0.03924511683578713,16.2673,123.0,0.022624085370296143,0.0,1.0,good,good,good,false,0,false,0,false,0,false,0,0.1433899251959288,2.235787334027993,0.37733864533656225,stable,false,false,none,-5.883600000000001,0.0,0.9110999999999997,6.794700000000001,0.7329856975087414,1.0,0.8867904108656615,false,none,1.6027999999999984,-0.06390000000000029,10.448521224301336,10.929796447202417,-0.43385568018250653,false,化学制药,false,1.0568030566667266,true,rising,false,false,0.0,0.1433899251959288,0.2556190143789733,化学制药,-5.0,-2.0,3.0,0.3,0.5,0.049586135655785846,0.7172537449802622,0.17911506416473277,true,false,-0.021550924647191085,0.060533216201500935,,,,,,,0.07161803713527852,0,0.0,none,0.1369342695842509,false,decreasing_vol,0.0,"","high_growth,stable_dividend","优质护城河(高位企稳: 16.3 > 15.0, 稳健斜率=0.03); 稳定分红型(值=16.3,CV=14.3%,稳定)",1,0
832982.BJ,锦波生物,医疗保健,28.795941,0.39269071363376373,9.675870000000002,0.9982519801765296,0.00003103389557203115,0.4833180206228327,49.7173,124.8237840984546,0.3914401529311086,0.9999999999999999,0.016666666666666666,good,good,good,false,0,false,0,false,0,false,0,0.6103471794807036,15.803829380786166,1.523462935027679,stable,false,false,none,5.49695,0.0,14.2267,8.72975,0.6986354957032036,0.9961532755576961,0.9902016814743396,false,none,16.6779,11.775500000000001,133.8108249192293,50.47882225464143,55.37789398934345,false,医疗保健,false,1.0,false,rising,false,false,0.0,0.6103471794807036,0.6216110769178962,医疗保健,-5.0,-2.0,3.0,0.3,0.5,0.4244454176836034,0.9995312130476515,0.06145825119308562,false,false,0.39269071363376373,0.9982519801765296,,,,,,,0.02015677491601344,0,0.0,none,0.153049465220488,true,increasing_vol,0.1762159015454028,波动率飙升预警-5.2分(近期波动是早期的2.6倍),"high_growth,turnaround","优质护城河(高位企稳: 49.7 > 15.0, 稳健斜率=0.39); 底部强力反转(曾跌134%, 近期斜率0.42)",1,1
833346.BJ,威贸电子,元器件,10.987087,-0.14837326440951806,-1.7385100000000002,0.786035273710939,0.04506116980037076,-0.10960401131338326,9.2533,92.0,-0.15564622870900263,-0.6,0.23333333333333334,good,good,good,false,0,false,0,false,0,false,0,0.27035100231350373,3.1113723592652813,0.5602660262203006,stable,false,false,none,-2.3742,0.0,-0.3601000000000001,2.0141,0.4739556418703095,0.7029022059702531,0.2644884904111305,false,none,0.6799999999999997,-1.4002,-7.221136010427635,7.9316016003172605,-14.039203890309318,false,元器件,false,1.7520907935100838,true,rising,false,false,0.0,0.27035100231350373,0.4498929076521475,元器件,-5.0,-2.0,3.0,0.3,0.5,-0.037274079646266056,0.2456829607298134,0.15675203051484843,false,false,-0.14837326440951806,0.786035273710939,,,,,,,0.2783505154639176,0,0.0,none,0.12665260127246236,false,decreasing_vol,8.0,峰值明显下跌-8分(从15.0跌至9.3，跌幅-38.4%),"","",0,0
833455.BJ,汇隆活塞,专用机械,14.208479,-0.1807588658521087,-2.51187,0.7905307099183858,0.043578008942379495,-0.14053682835683612,10.0477,47.25594799467048,-0.1741184097103765,-0.7999999999999999,0.08333333333333333,good,good,good,false,0,false,0,false,0,false,0,0.2969824558536616,4.44346338378072,0.5688529104319999,stable,false,false,none,-0.3994,0.0,-3.78395,-3.38455,0.5509982175839407,0.6179859460426492,0.7624735306319083,false,none,-0.12589999999999968,-7.442,-42.96135243761211,-1.2375167099158575,-42.24664501918754,false,专用机械,false,1.0,true,falling,false,false,0.0,0.2969824558536616,0.37091929801626267,专用机械,-5.0,-2.0,3.0,0.3,0.5,-0.27988931231824865,0.7665945549807448,-0.25774937657469765,false,true,-0.1807588658521087,0.7905307099183858,,,,,,,0.6585365853658537,0,-0.9707073376038783,none,0.13318012659105025,false,increasing_vol,52.74405200532952,轻度衰退-3.6分(log斜率-0.181); 持续衰退重罚-10.0分(最新<加权); 单年巨幅下滑-15.0分(年跌-42.2%); 加速下滑-0.1分(加速度-0.26); 波动率飙升预警-8.0分(近期波动是早期的7.0倍); 趋势不可靠-2分(Bootstrap CI过宽: 0.313); 峰值明显下跌-8分(从18.6跌至10.0，跌幅-45.9%); 连续下跌警示-6分(2年下跌，累计-45.4%),"","",0,0
833523.BJ,德瑞锂电,电气设备,16.322661000000004,0.02432167084689936,0.7672699999999998,0.011121890205766864,0.8659730010730796,0.06518601830558901,24.8056,110.0,-0.033820010358571406,0.0,1.0,good,good,good,false,0,false,0,false,0,false,0,0.3727703798954507,5.998799883059943,0.9015515321442062,volatile,false,false,none,-4.48555,0.0,7.254099999999998,11.739649999999997,0.6803815326406378,0.999977625552973,0.8038377008534053,false,none,13.460899999999999,1.0473,140.89187561908832,118.65364443308329,10.170528482918018,false,电气设备,false,1.0,false,rising,false,false,0.0,0.3727703798954507,0.43154963724969386,电气设备,-5.0,-2.0,3.0,0.3,0.5,0.43861732966689865,0.8313531569115644,0.7510690760327043,true,false,0.02432167084689936,0.011121890205766864,,,,,,,0.02015677491601344,0,0.0,none,0.36506792273489275,false,increasing_vol,0.0,趋势不可靠-2分(Bootstrap CI过宽: 0.757),turnaround,"底部强力反转(曾跌141%, 近期斜率0.44)",0,1
833575.BJ,康乐卫士,生物制药,-39.441015,0.1552081175409099,7.44835,0.4032165690912529,0.24971592469922727,,-39.6951,58.65380658051403,0.1828280385548603,0.39999999999999997,0.48333333333333334,poor,poor,poor,true,5,false,0,true,5,false,0,0.4076708499053953,16.9898946586493,1.0199656776928039,moderate,false,false,none,21.2538,0.0,-6.7937999999999965,-28.047599999999996,0.802324117543572,0.9968795729821053,0.8849378381951941,true,severe,-11.036899999999996,-2.550699999999999,-52.0448147084171,-38.512188483575365,-9.76998946662836,false,生物制药,false,1.0,true,falling,false,false,0.0,0.4076708499053953,0.4594700132576496,生物制药,-5.0,-2.0,3.0,0.3,0.5,-0.2093985826210234,0.9068452627410873,-0.6923868389719328,false,true,0.1552081175409099,0.4032165690912529,,,,,,,0.999190470683474,2,2.941886387403239,accelerating_decline,0.29383883136007116,false,decreasing_vol,41.34619341948597,严重恶化-15分; 单年巨幅下滑-15.0分(年跌-38.5%); 加速下滑-0.3分(加速度-0.69); 贝叶斯高置信度恶化-12分(恶化概率99.9%，严重恶化确认); 趋势不可靠-2分(Bootstrap CI过宽: 0.701),"","",0,0
833751.BJ,惠同新材,小金属,11.498035,0.002945334223179552,-0.010609999999999786,0.0005503241927875014,0.97013382659274,0.023767085120650178,9.8899,59.77668281978838,-0.027673745991386223,0.0,1.0,good,good,good,false,0,false,0,false,0,false,0,0.20234500281224213,2.3276433646501773,0.5016369158870381,moderate,false,false,none,2.88525,0.0,-2.4417999999999997,-5.32705,0.6871164469799168,0.9631970402288734,0.9079674295702944,true,severe,-1.0953,-3.7882999999999996,-33.056486276102476,-9.970687834541017,-25.642535621213657,false,小金属,true,1.0,true,falling,true,false,0.0,0.20234500281224213,0.7046900056244844,小金属,-5.0,-2.0,1.6,0.3,0.24,-0.19995912584539965,0.9294697201298887,-0.4466343604232461,false,true,0.002945334223179552,0.0005503241927875014,,,,,,,0.9507042253521126,2,-0.6111660725824466,sustained_decline,0.20233974740924007,false,stable,40.22331718021162,严重恶化-15分; 周期回落期-3分(景气下行趋势); 加速下滑-0.2分(加速度-0.45); 贝叶斯高置信度恶化-12分(恶化概率95.1%，严重恶化确认); 趋势不可靠-2分(Bootstrap CI过宽: 0.475); 峰值明显下跌-8分(从14.8跌至9.9，跌幅-33.1%),"","",0,0
833914.BJ,远航精密,小金属,9.522336000000001,-0.3183482319294666,-3.1482800000000006,0.5734454081000233,0.13821631531029213,-0.17275630625825078,7.1053,63.63303536141067,-0.32740403883229363,-0.6,0.23333333333333334,good,good,good,false,0,false,0,false,0,false,0,0.6028933495008919,6.310376168422926,1.466443485222828,volatile,false,false,none,-3.6906,0.0,-0.3428500000000003,3.3477499999999996,0.359883493830285,0.43227208974243514,0.021672093568020644,false,none,3.647,-4.332700000000001,-8.801180849698378,105.45643813434347,-55.611603131818775,false,小金属,true,5.438307839111703,true,rising,true,false,0.0,0.6028933495008919,1.0,小金属,-5.0,-2.0,1.6,0.3,0.24,-0.045653052801776006,0.010983232313682518,0.28609016163752155,false,false,-0.3183482319294666,0.5734454081000233,,,,,,,0.2783505154639176,0,0.0,none,0.37053856636363325,false,decreasing_vol,36.36696463858933,"轻度衰退-6.4分(log斜率-0.318); 持续衰退重罚-10.0分(最新<加权); 单年巨幅下滑-15.0分(年跌-55.6%); 趋势不确定预警-4分(Bootstrap CI跨零: [-0.843, 0.062]); 峰值大幅下跌-15分(从18.8跌至7.1，跌幅-62.2%)","","",0,0
834415.BJ,恒拓开源,软件服务,3.5071630000000003,-0.13304898421785238,-0.5927899999999999,0.93535168384027,0.007116486131195743,-0.1404994040679527,3.178,87.5477884912717,-0.1453814901012597,-0.6,0.23333333333333334,good,good,good,false,0,false,0,false,0,false,0,0.45126718714958824,1.6629195846462328,1.2302578018995929,volatile,false,false,none,-2.26675,0.0,0.9440999999999999,3.2108499999999998,0.6495620427378799,0.9573138217977533,0.5383066055810459,true,moderate,-0.5703,2.4585,146.39478988990538,-15.214897420163808,190.61094743371063,false,软件服务,false,2.9061094743371063,true,falling,false,false,0.0,0.45126718714958824,0.7484950129646182,软件服务,-5.0,-2.0,3.0,0.3,0.5,0.4005321283397336,0.6062953727129539,1.0955769825434092,true,false,-0.13304898421785238,0.161336283294822,,,,,,,0.6492985971943889,1,0.0,single_year_drop,0.37275684221217215,false,decreasing_vol,12.452211508728295,中度恶化-10分; 峰值明显下跌-8分(从5.8跌至3.2，跌幅-45.4%),"","",0,0
834770.BJ,艾能聚,电气设备,7.117517,-0.12523703027067154,-0.9408800000000002,0.404016126275597,0.24909718467048148,,5.3511,39.46078780927873,0.08176179669336048,0.0,1.0,has_loss,has_loss,good,true,1,false,0,false,0,false,0,0.9787799456125867,6.449396393229369,2.505653172909692,high_volatility,false,false,none,14.039000000000001,0.0,-1.7643800000000003,-15.803380000000002,0.7084040913659433,1.0,0.5840409136594322,true,severe,-3.6451000000000002,-3.5305999999999997,-57.28278570744324,-40.51821880349481,-28.184372704920648,false,电气设备,false,1.0,true,falling,false,false,0.0,0.9787799456125867,0.9163572898234027,电气设备,-5.0,-2.0,3.0,0.3,0.5,-0.4217694720405223,0.9843250986885712,-3.0784243814425496,false,true,0.8828835719298426,0.3876653696365126,,,,,,,0.9967697277341947,2,0.43761293634968235,sustained_decline,0.8828643871645507,false,decreasing_vol,60.53921219072127,严重恶化-15分; 单年巨幅下滑-15.0分(年跌-40.5%); 加速下滑-1.5分(加速度-3.08); 贝叶斯高置信度恶化-12分(恶化概率99.7%，严重恶化确认); 趋势不可靠-2分(Bootstrap CI过宽: 0.568); 峰值大幅下跌-15分(从12.5跌至5.4，跌幅-57.3%),"","",0,0
835237.BJ,力佳科技,电气设备,13.796662000000001,-0.040889400557423586,-0.47798999999999997,0.10999759408238584,0.5855935253606283,-0.006621875241306419,14.6555,100.0,-0.10820441565069613,-0.39999999999999997,0.48333333333333334,good,good,good,false,0,false,0,false,0,false,0,0.27693834304073445,3.914445936144731,0.7413800910099385,moderate,false,false,none,-1.5715500000000002,0.0,1.3742,2.9457500000000003,0.36126322773174246,0.15767708524526902,0.26241051325822645,false,none,5.364699999999999,-2.616299999999999,23.082026689958095,57.74206742153527,-21.972604580460388,false,电气设备,false,2.1279114823266023,true,rising,false,false,0.0,0.27693834304073445,0.5052722054094678,电气设备,-5.0,-2.0,3.0,0.3,0.5,0.10354205199581257,0.207459323601093,0.2203418750530255,false,false,-0.08059273391934396,0.20521302111837547,,,,,,,0.07161803713527852,0,0.0,none,0.2465877498870155,false,decreasing_vol,0.0,"","","",0,0
835438.BJ,戈碧迦,元器件,9.576709000000001,-0.0076376574669707155,-0.0738150000000001,0.018704816666403733,0.8264090836288089,0.0088384998101938,7.6186,42.0,0.03562296141141852,0.19999999999999998,0.8166666666666667,good,good,good,false,0,false,0,false,0,false,0,0.3104310671619456,2.9194489711245173,0.7554149609229625,moderate,false,false,none,1.891,0.0,0.12336,-1.76764,0.33323768704837176,1.0,0.0026380506717934788,true,severe,-6.840800000000001,6.116100000000001,-8.686011530209862,-47.31040015491653,73.30552659019814,false,元器件,false,1.420630925413206,true,falling,false,false,0.0,0.3104310671619456,0.4377623104513173,元器件,-5.0,-2.0,3.0,0.3,0.5,-0.045079411444661543,0.017064707275413857,-0.10760316380810675,false,false,0.051520229167489266,0.08960903472641109,,,,,,,0.9487554904831625,1,0.0,cliff_drop,0.29504815635068066,true,increasing_vol,58.0,严重恶化-15分; 单年巨幅下滑-15.0分(年跌-47.3%); 贝叶斯高置信度恶化-12分(恶化概率94.9%，严重恶化确认); 波动率飙升预警-8.0分(近期波动是早期的4.6倍); 峰值明显下跌-8分(从14.5跌至7.6，跌幅-47.3%),"","",0,0
835985.BJ,海泰新能,电气设备,10.085173,-0.05552841255152039,-0.5051800000000002,0.5940843124822841,0.12712102006147702,-0.04946984500232343,8.4493,86.0,-0.08166706654222919,-0.6,0.23333333333333334,good,good,good,false,0,false,0,false,0,false,0,0.3531093206403757,3.6996746582638855,0.8850174947649324,moderate,false,false,none,6.488499999999998,0.0,-2.67849,-9.166989999999998,0.6151292141657263,1.0,0.6554250053158368,false,none,0.8830999999999989,-1.6160999999999994,-7.982749420079943,11.671644947265456,-17.600165535867916,false,电气设备,false,2.2255425444741084,true,rising,false,false,0.0,0.3531093206403757,0.5792264624421817,电气设备,-5.0,-2.0,3.0,0.3,0.5,-0.04133124887220241,0.18377597795376216,0.018229218813388785,false,false,-0.120010943161518,0.37610163739805974,,,,,,,0.2783505154639176,0,0.0,none,0.29283796252309335,true,decreasing_vol,14.0,"波动聚集提示-2分(大波动后可能跟着大波动); 趋势不确定预警-4分(Bootstrap CI跨零: [-0.104, 0.018]); 峰值明显下跌-8分(从16.8跌至8.4，跌幅-49.8%)","","",0,0
836239.BJ,长虹能源,电气设备,7.714177000000001,-0.8825730173471792,-6.32761,0.20790999898717727,0.44023580515564903,,10.3687,88.28653738814167,-0.4328286674195906,-0.39999999999999997,0.48333333333333334,has_loss,has_loss,has_loss,true,1,false,0,true,1,false,0,1.6295675027774152,15.664152437747791,3.9905601687809367,high_volatility,false,false,none,-7.979450000000001,0.0,1.7502000000000009,9.729650000000001,0.41022298928322737,0.7334935344597286,0.01596575310228319,false,none,25.5492,-22.0488,50.964576387170055,168.30275682619148,-321.02266936505396,false,电气设备,true,inf,true,rising,false,false,0.0,1.6295675027774152,1.0,电气设备,-5.0,-2.0,3.0,0.3,0.5,0.20446719267830857,0.0032065911664330283,0.8025960275879334,false,false,-0.8825730173471792,0.20790999898717727,,,,,,,0.07161803713527852,0,0.0,none,1.253868533983081,true,increasing_vol,23.713462611858336,单年巨幅下滑-15.0分(年跌-321.0%); 波动率飙升预警-5.7分(近期波动是早期的2.9倍); 趋势不可靠-2分(Bootstrap CI过宽: 4.132); 峰值大幅下跌-15分(从23.2跌至10.4，跌幅-55.3%),cyclical_bottom,"周期底部(mid_up), 近期强势(20.4%)",0,0
836260.BJ,中寰股份,专用机械,12.288340000000002,-0.16831618134852344,-2.3016,0.9017773828545077,0.013471526507226033,-0.15512968699102536,9.8036,60.63367637302953,-0.16865092258639242,-0.9999999999999999,0.016666666666666666,good,good,good,false,0,false,0,false,0,false,0,0.3029394122047056,3.931796101910678,0.7271308177476842,ultra_stable,false,false,none,-4.00805,0.0,-0.7106000000000003,3.2974499999999995,0.7438510206508812,0.9852383086511547,0.9532718978576564,false,none,-0.4381000000000004,-0.9831000000000003,-12.661250089088453,-4.277610162375391,-8.758285225571951,false,专用机械,false,1.0,false,falling,false,false,0.0,0.3029394122047056,0.3756848630970978,专用机械,-5.0,-2.0,3.0,0.3,0.5,-0.06738158970917185,0.9598166890227889,0.2014228616282112,true,false,-0.16831618134852344,0.9017773828545077,,,,,,,0.32530120481927716,0,-0.5115927316587197,none,0.11468638385230688,true,decreasing_vol,39.36632362697047,轻度衰退-3.4分(log斜率-0.168); 持续衰退重罚-10.0分(最新<加权); 波动聚集提示-2分(大波动后可能跟着大波动); 峰值明显下跌-8分(从19.2跌至9.8，跌幅-49.0%); 智能连续下跌-16分(4年实质性下跌，累计跌幅-49.0%),"","",0,0
836395.BJ,朗鸿科技,IT设备,29.266079,-0.005540296895041142,-0.1455599999999997,0.20462481921364212,0.44433846040834035,-0.006906434175630638,25.8917,88.0,-0.05799406194812869,-0.39999999999999997,0.48333333333333334,good,good,good,false,0,false,0,false,0,false,0,0.4334300216415503,13.132600248922525,1.0885784593937011,volatile,false,false,none,26.7647,0.0,-8.727610000000002,-35.49231,0.6009507115139692,1.0,0.5659622358344952,false,none,5.490600000000001,-4.7986,2.746064437275048,26.913254677443867,-19.04229018599428,true,IT设备,false,2.6167314507551063,true,rising,false,false,0.0,0.4334300216415503,0.6956415440805879,IT设备,-5.0,-2.0,3.0,0.3,0.5,0.013534812785830574,0.010779778008428918,0.040920367809264,false,false,-0.10168165564617043,0.19355866781254738,,,,,,,0.03951701427003294,0,0.0,none,0.3944160235478013,true,decreasing_vol,12.0,波动聚集提示-2分(大波动后可能跟着大波动); 峰值大幅下跌-15分(从53.4跌至25.9，跌幅-51.5%),"","",0,0
837344.BJ,三元基因,生物制药,4.529603000000001,-0.2885256125413112,-1.48019,0.8986335978501453,0.01413789142982153,-0.24544529863489373,2.7088,8.229487749173785,-0.28316850108530056,-0.9999999999999999,0.016666666666666666,good,good,good,false,0,false,0,false,0,false,0,0.5037881480923667,2.505670960641081,1.1354817176887841,stable,false,false,none,-2.4514999999999993,0.0,-0.37224999999999997,2.079249999999999,0.6727052366723288,0.9450783807444132,0.7819739859788749,true,moderate,-0.7126999999999999,-0.03180000000000005,-21.559088408189268,-20.830045301768227,-0.9208583094431427,false,生物制药,false,1.0,false,falling,false,false,0.0,0.5037881480923667,0.5363638518072267,生物制药,-5.0,-2.0,3.0,0.3,0.5,-0.11535369440462372,0.7788329321873354,0.3181027329335094,true,false,-0.2885256125413112,0.8986335978501453,,,,,,,0.9932937344318835,1,19.909186992325083,single_year_drop,0.1799430092860201,false,decreasing_vol,91.77051225082621,复合恶化-14.0分(触发2项恶化信号); 轻度衰退-5.8分(log斜率-0.289); 中度恶化-10分; 持续衰退重罚-10.0分(最新<加权); 相对加权暴跌-15.0分(最新仅为加权59.8%); 贝叶斯恶化预警-8分(恶化概率99.3%); 趋势不可靠-2分(Bootstrap CI过宽: 0.363); 峰值大幅下跌-15分(从8.4跌至2.7，跌幅-67.6%); 智能连续下跌-12分(3年实质性下跌，累计跌幅-67.6%),"","",0,0
837821.BJ,则成电子,元器件,7.114055,-0.29830036600621257,-2.4571500000000004,0.9153411677323412,0.010732617325766448,-0.24790290373310508,4.604,43.03399267987575,-0.3223107565767983,-0.9999999999999999,0.016666666666666666,good,good,good,false,0,false,0,false,0,false,0,0.5336326594583141,4.189656735939115,1.2463445078459343,stable,false,false,none,-4.18435,0.0,-0.7082999999999999,3.4760500000000003,0.7252348337516411,0.9935609096023083,0.758787427914102,false,none,-0.016599999999999504,-1.4000000000000004,-23.529216357173702,-0.3592607020733131,-23.253496329269513,false,元器件,false,1.0,false,falling,false,false,0.0,0.5336326594583141,0.5602394608999846,元器件,-5.0,-2.0,3.0,0.3,0.5,-0.13174864130439157,0.7600097402688558,0.3010895953095276,true,false,-0.29830036600621257,0.9153411677323412,,,,,,,0.49090909090909096,0,-0.9845502501221244,none,0.19974045213913494,true,decreasing_vol,56.96600732012425,轻度衰退-6.0分(log斜率-0.298); 持续衰退重罚-10.0分(最新<加权); 相对加权下滑-10.0分(最新为加权64.7%); 波动聚集提示-2分(大波动后可能跟着大波动); 趋势不可靠-2分(Bootstrap CI过宽: 0.305); 峰值大幅下跌-15分(从14.4跌至4.6，跌幅-68.0%); 智能连续下跌-12分(3年实质性下跌，累计跌幅-68.0%),"","",0,0
838227.BJ,美登科技,软件服务,16.255921,-0.30587890630718495,-5.28833,0.8654930532698382,0.02184817786012434,-0.22303500293166345,9.863,38.8824218738563,-0.32601653025292,-0.7999999999999999,0.08333333333333333,good,good,good,false,0,false,0,false,0,false,0,0.5165032924638104,9.21566867552214,1.0434795280012465,moderate,false,false,none,-6.631399999999998,0.0,-1.96945,4.661949999999998,0.46656124427208817,0.6707152493946953,0.7762998916528532,false,none,-0.13830000000000098,-3.8005999999999993,-28.53882436476138,-1.3828202333696717,-27.536788413189484,false,软件服务,false,1.0,true,falling,false,false,0.0,0.5165032924638104,0.5465359673043817,软件服务,-5.0,-2.0,3.0,0.3,0.5,-0.16738280532957317,0.7809842316860844,0.16884486627431428,true,false,-0.30587890630718495,0.8654930532698382,,,,,,,0.49090909090909096,0,-0.9497828064543892,none,0.21715619654182214,false,decreasing_vol,61.1175781261437,轻度衰退-6.1分(log斜率-0.306); 持续衰退重罚-10.0分(最新<加权); 相对加权下滑-10.0分(最新为加权60.7%); 趋势不可靠-2分(Bootstrap CI过宽: 0.405); 峰值大幅下跌-15分(从28.5跌至9.9，跌幅-65.4%); 连续下跌警示-6分(2年下跌，累计-63.6%); 品质退化严重-12分(曾达28.5%，现仅9.9%),"","",0,0
838701.BJ,豪声电子,元器件,17.947573000000002,0.1422145989463325,2.5107100000000004,0.6763369488498707,0.08741520379972001,0.11238357986407133,21.4127,106.0,0.1328161005862477,0.39999999999999997,0.48333333333333334,good,good,good,false,0,false,0,false,0,false,0,0.28355028253559766,4.875465636018779,0.5961896808023096,stable,false,false,none,-0.09640000000000004,0.0,3.8104,3.9068,0.3942489516119606,0.06709562743237456,0.5545981042065347,true,mild,-2.104099999999999,9.7249,55.255621052936874,-8.947220710300718,70.5116771438308,false,元器件,false,1.7727522859705858,true,falling,false,false,0.0,0.28355028253559766,0.4632071974912229,元器件,-5.0,-2.0,3.0,0.3,0.5,0.21956791936728257,0.5958529541610694,0.2264912002459407,false,false,0.1422145989463325,0.6763369488498707,,,,,,,0.19798350137488543,1,0.0,high_level_pullback,0.16461046543248592,false,increasing_vol,9.0,"轻度恶化-5分; 波动率飙升预警-8.0分(近期波动是早期的9.5倍); 趋势不确定预警-4分(Bootstrap CI跨零: [-0.013, 0.317])",high_growth,"优质护城河(高位企稳: 21.4 > 15.0, 稳健斜率=0.13)",1,0
839493.BJ,并行科技,软件服务,-22.610829000000003,1.3545085898225662,12.11617,0.6260578641228424,0.11084608540843902,,3.1067,93.58874120406567,0.5345001538728671,0.7999999999999999,0.08333333333333333,poor,poor,poor,true,4,false,0,true,4,false,0,0.76033269186396,19.9554485242001,2.003491622240307,moderate,false,false,none,7.672900000000002,0.0,18.6186,10.945699999999999,0.6709234574481311,0.7125303516238402,0.9967042228574703,false,none,20.473,16.7642,109.10241572786805,117.88924526237598,49.11794436061587,false,软件服务,true,inf,true,rising,false,false,0.0,0.76033269186396,1.0,软件服务,-5.0,-2.0,3.0,0.3,0.5,3.0376058619103836,0.8321944961296321,2.8520109001092107,true,false,1.3545085898225662,0.6260578641228424,,,,,,,0.07161803713527852,0,0.0,none,0.21287796360797326,false,increasing_vol,6.411258795934325,周期顶部预警-5分(警惕景气回落); 波动率飙升预警-4.4分(近期波动是早期的2.2倍); 趋势不可靠-2分(Bootstrap CI过宽: 2.878),"","",0,0
870299.BJ,灿能电力,电气设备,11.870388000000002,-0.28497164577634,-3.71724,0.9309461927693238,0.007867134571379096,-0.2260878170363606,7.7516,42.3005670844732,-0.30026165225547563,-0.7999999999999999,0.08333333333333333,good,good,good,false,0,false,0,false,0,false,0,0.4739958402292538,6.155101423047389,1.0803538699909745,stable,false,false,none,-5.329199999999999,0.0,-1.5992500000000005,3.7299499999999988,0.6703043209482407,0.993287499651468,0.7097557098309392,false,none,0.17209999999999948,-3.3706000000000005,-29.20977890612872,2.2705983244277257,-30.781454050647945,false,电气设备,false,1.0,false,rising,false,false,0.0,0.4739958402292538,0.5125300055167363,电气设备,-5.0,-2.0,3.0,0.3,0.5,-0.17169646467458421,0.7015660811721688,0.16740086249583253,true,false,-0.28497164577634,0.9309461927693238,,,,,,,0.435483870967742,0,0.0,none,0.14075082093841015,true,decreasing_vol,57.6994329155268,轻度衰退-5.7分(log斜率-0.285); 持续衰退重罚-10.0分(最新<加权); 单年巨幅下滑-15.0分(年跌-30.8%); 相对加权下滑-10.0分(最新为加权65.3%); 波动聚集提示-2分(大波动后可能跟着大波动); 峰值大幅下跌-15分(从21.6跌至7.8，跌幅-64.1%),"","",0,0
873576.BJ,天力复合,小金属,17.432707,-0.003940466688162214,0.10929000000000003,0.0005472117192501714,0.9702183880890771,-0.051733989691734705,12.3307,41.74246770460687,-0.04285351291882167,-0.19999999999999998,0.8166666666666667,good,good,good,false,0,false,0,false,0,false,0,0.2676387914601853,4.656893560303907,0.6115775244943656,moderate,false,false,none,3.8611000000000004,0.0,-5.3207,-9.1818,0.6541342521074986,0.7023877440875652,0.8389547769874207,true,severe,-9.3584,-1.2830000000000013,-46.323148514937685,-43.14794067065945,-5.585035760770679,false,小金属,true,1.5566073533995584,true,falling,true,false,0.0,0.2676387914601853,1.0,小金属,-5.0,-2.0,1.6,0.3,0.24,-0.3105107768127855,0.8186900615455542,-0.5150645907862739,false,true,-0.003940466688162214,0.0005472117192501714,,,,,,,0.999190470683474,2,6.725633732505496,accelerating_decline,0.2674544695866938,false,stable,58.25753229539313,复合恶化-14.0分(触发2项恶化信号); 严重恶化-15分; 单年巨幅下滑-15.0分(年跌-43.1%); 加速下滑-0.3分(加速度-0.52); 贝叶斯高置信度恶化-12分(恶化概率99.9%，严重恶化确认); 趋势不可靠-2分(Bootstrap CI过宽: 0.545); 峰值明显下跌-8分(从23.0跌至12.3，跌幅-46.3%),"","",0,0
873806.BJ,云星宇,软件服务,9.409755,-0.003855757298387852,-0.04100999999999964,0.002175258021302685,0.9406380747619296,-0.043886088710386795,8.7055,87.0,-0.0007819074133834647,0.0,1.0,good,good,good,false,0,false,0,false,0,false,0,0.13190227458129888,1.2438727438930397,0.31955640671625174,stable,false,false,none,-2.436399999999999,0.0,0.4115000000000002,2.847899999999999,0.48291263518681793,1.0,0.17031778843259607,true,moderate,-2.2889,1.9412000000000003,-3.8406309371272,-20.818780470057483,21.442142005036896,false,软件服务,false,1.3775889937225125,true,falling,false,false,0.0,0.13190227458129888,0.28920035216137413,软件服务,-5.0,-2.0,3.0,0.3,0.5,-0.01945854846909789,0.024481131907423962,0.050345955917345364,false,false,-0.003855757298387852,0.002175258021302685,,,,,,,0.9025069637883009,1,0.0,single_year_drop,0.13172293122959028,false,stable,13.0,中度恶化-10分; 贝叶斯恶化预警-8分(恶化概率90.3%),"","",0,0
920018.BJ,宏远股份,电气设备,11.024422000000001,-0.0023387195000532214,-0.026340000000000075,0.0030556405032636275,0.9296539178040044,0.23842385401330102,14.4666,100.0,0.19927422310439102,0.6,0.23333333333333334,good,good,good,false,0,false,0,false,0,false,0,0.2867962183194934,3.020922078273453,0.7895311458663633,stable,false,false,none,5.200100000000001,0.0,1.0823099999999997,-4.117790000000001,0.5053280648915125,1.0,0.4689712135835323,false,none,3.3796999999999997,1.4741999999999997,50.4946581085439,30.483724034671546,15.335961800534706,false,电气设备,false,1.180760868434467,true,rising,false,false,0.0,0.2867962183194934,0.38687175711352373,电气设备,-5.0,-2.0,3.0,0.3,0.5,0.20362761479125324,0.9703838817643582,-0.017747546915877627,false,false,0.16766239109930045,0.7123455471596581,,,,,,,0.07161803713527852,0,0.0,none,0.14790139025310445,false,stable,0.0,"","","",0,0
920060.BJ,万源通,元器件,10.850721,0.14857951205830475,1.33147,0.20378060742861184,0.4453994283779921,0.017179201057817783,12.3254,98.0,0.13833359081602672,0.39999999999999997,0.48333333333333334,good,good,good,false,0,false,0,false,0,false,0,0.4191374346154854,4.3805226876481305,1.1186285316248343,volatile,false,false,none,-7.4994000000000005,0.0,3.1941,10.6935,0.6615812052837169,1.0,0.6770349341521046,true,moderate,-3.3798999999999992,7.007399999999999,41.705469136228274,-21.52076050759934,80.56427413513605,false,元器件,false,3.912435852722834,true,falling,false,false,0.0,0.4191374346154854,0.8569680613887662,元器件,-5.0,-2.0,3.0,0.3,0.5,0.1734669401744271,0.34370960363155106,0.31298675559782296,false,false,0.14857951205830475,0.20378060742861184,,,,,,,0.6492985971943889,1,0.0,single_year_drop,0.36756046483550137,false,stable,2.0,中度恶化-10分; 趋势不可靠-2分(Bootstrap CI过宽: 0.956),"","",0,0
920068.BJ,天工股份,小金属,12.548417,0.6464130252744117,5.14939,0.8872823465572346,0.01663967079336703,0.7827301700944127,17.9213,107.0,0.6840861374369385,0.7999999999999999,0.08333333333333333,good,good,good,false,0,false,0,false,0,false,0,0.8167180499062727,8.986838733948662,1.8546657457559343,moderate,false,false,none,4.1917,0.0,3.881799999999999,-0.3099000000000012,0.25503191044754747,0.8555194334016296,0.40538956012165683,true,moderate,-4.261000000000003,12.024600000000001,76.43068804946,-19.209008984640917,118.37916063675833,false,小金属,true,1.0,true,falling,true,false,0.0,0.8167180499062727,1.0,小金属,-5.0,-2.0,1.6,0.3,0.24,0.28306059139048534,0.4940995979359674,-0.5548905221793665,false,true,0.6464130252744117,0.8872823465572346,,,,,,,0.6492985971943889,1,0.0,single_year_drop,0.34573264631947487,false,increasing_vol,8.0,中度恶化-10分; 周期回落期-3分(景气下行趋势); 趋势不可靠-2分(Bootstrap CI过宽: 0.737),high_growth,"优质护城河(高位企稳: 17.9 > 15.0, 稳健斜率=0.68)",1,0
920080.BJ,奥美森,专用机械,14.168085999999999,-0.017265210017432243,-0.25787999999999994,0.14225436907805877,0.5314188915947907,-0.12859588840744973,13.8617,100.0,-0.11187946599932447,-0.39999999999999997,0.48333333333333334,good,good,good,false,0,false,0,false,0,false,0,0.42373482838649906,6.295072408082372,1.1807156088787414,moderate,false,false,none,-8.77045,0.0,3.6812000000000005,12.45165,0.7267533378538003,0.9960267062977091,0.7715066722402928,false,none,0.21130000000000138,7.1511,113.27989168064254,1.547939987106615,110.02877232932778,false,专用机械,false,1.0,false,rising,false,false,0.0,0.42373482838649906,0.47232119604253264,专用机械,-5.0,-2.0,3.0,0.3,0.5,0.3764335732804436,0.7652555912285965,1.0277329103838626,true,false,-0.12721151554662244,0.18116640635633893,,,,,,,0.07161803713527852,0,0.0,none,0.34635787026897386,true,decreasing_vol,10.0,波动聚集提示-2分(大波动后可能跟着大波动); 峰值明显下跌-8分(从24.0跌至13.9，跌幅-42.3%),turnaround,"底部强力反转(曾跌113%, 近期斜率0.38)",0,1
920100.BJ,三协电机,电气设备,22.160315,-0.03172083475987382,-0.7408099999999997,0.1565164287297137,0.5097462553700078,-0.04036664019439418,21.4772,108.0,-0.03643954186520558,-0.39999999999999997,0.48333333333333334,good,good,good,false,0,false,0,false,0,false,0,0.12110236655855326,2.728523512268127,0.31108193612987056,ultra_stable,false,false,none,-3.504449999999998,0.0,1.5803499999999993,5.084799999999998,0.5579113749562258,0.9189911939379657,0.3173568168452212,true,mild,-2.4342000000000006,5.594899999999999,17.2560259874976,-10.180081467417217,30.545682854257084,false,电气设备,false,1.3054568285425707,true,falling,false,false,0.0,0.12110236655855326,0.2709428037191854,电气设备,-5.0,-2.0,3.0,0.3,0.5,0.07949340908624092,0.3521492402783013,0.2413187956649161,true,false,-0.03172083475987382,0.1565164287297137,,,,,,,0.19798350137488543,1,0.0,high_level_pullback,0.10937571816047477,false,stable,0.0,轻度恶化-5分,stable_dividend,"稳定分红型(值=21.5,CV=12.1%,稳定)",0,0
920101.BJ,志高机械,专用机械,15.956215,0.005715654252432501,0.04971000000000032,0.006413895945131782,0.8981394248981587,-0.021166155902929473,16.4537,123.0,0.011423476546051544,0.0,1.0,good,good,good,false,0,false,0,false,0,false,0,0.1098817802913498,1.7505661992623989,0.28474656275421556,ultra_stable,false,false,none,-4.5364,0.0,1.0955900000000005,5.631990000000001,0.6822568526114087,1.0,0.8225685261140868,false,none,-0.37069999999999936,1.7567000000000004,9.198484174757933,-2.2033475190794283,11.65871367229239,false,专用机械,false,1.256743331366295,true,falling,false,false,0.0,0.1098817802913498,0.25547120174858584,专用机械,-5.0,-2.0,3.0,0.3,0.5,0.04390991689306567,0.5693143914968579,0.13053413009526116,true,false,0.005715654252432501,0.006413895945131782,,,,,,,0.27835051546391754,0,0.0,none,0.10977096870067472,true,decreasing_vol,0.0,波动聚集提示-2分(大波动后可能跟着大波动),"high_growth,stable_dividend","优质护城河(高位企稳: 16.5 > 15.0, 稳健斜率=0.01); 稳定分红型(值=16.5,CV=11.0%,稳定)",1,0
920111.BJ,聚星科技,电气设备,14.349636,-0.025244717956669317,-0.46708,0.11443581204569643,0.5776459182297536,-0.03852775030180644,16.3291,110.0,-0.004272031356923556,0.0,1.0,good,good,good,false,0,false,0,false,0,false,0,0.27850992961198556,4.035542037694564,0.7553679287993728,moderate,false,false,none,-5.47255,0.0,4.0831,9.55565,0.6877836438395273,0.9986735429035242,0.8791628954917484,false,none,1.4611999999999998,6.705,100.0404268090997,9.827884233819166,82.13992576167783,false,电气设备,false,1.0,false,rising,false,false,0.0,0.27850992961198556,0.35614127702292175,电气设备,-5.0,-2.0,3.0,0.3,0.5,0.3452773081380869,0.8494926440583521,0.7690076343225067,true,false,-0.025244717956669317,0.015472290601036706,,,,,,,0.07161803713527852,0,0.0,none,0.27380652669431116,false,stable,0.0,"",turnaround,"底部强力反转(曾跌100%, 近期斜率0.35)",0,1
920112.BJ,巴兰仕,专用机械,20.227122,0.04527789847635333,0.8658199999999998,0.5109856074465491,0.17477273492428405,0.1398447090134689,28.7166,125.0,0.11570890364360756,0.6,0.23333333333333334,good,good,good,false,0,false,0,false,0,false,0,0.3662957797354194,7.1493390511291315,1.0009816609744675,moderate,false,false,none,-3.91615,0.0,9.76855,13.6847,0.6388888526936692,0.4103841379227938,0.9785043890138989,false,none,7.2608,12.276299999999999,212.83403235470337,33.84073304188145,133.73604226809738,false,专用机械,false,2.3123263794324305,true,rising,false,false,0.0,0.3662957797354194,0.6013468077126596,专用机械,-5.0,-2.0,3.0,0.3,0.5,0.5689259316710003,0.9264324245125549,0.8763476530941996,true,false,0.10567731977434214,0.1533863166525775,,,,,,,0.02015677491601344,0,0.0,none,0.3122494578458704,false,stable,0.0,"趋势不确定预警-4分(Bootstrap CI跨零: [-0.000, 0.126])","high_growth,turnaround","优质护城河(高位企稳: 28.7 > 15.0, 稳健斜率=0.12); 底部强力反转(曾跌213%, 近期斜率0.57)",1,1
920128.BJ,胜业电气,元器件,10.889015,-0.001768081618229367,-0.01890499999999964,0.03033580919082604,0.7793639829661342,-0.00392386858548055,10.3655,82.0,0.005651262371197285,0.19999999999999998,0.8166666666666667,good,good,good,false,0,false,0,false,0,false,0,0.10144263523781692,1.0931498950281247,0.2401717142846538,ultra_stable,false,false,none,-0.18729999999999958,0.0,0.10515000000000008,0.29244999999999965,0.15527465261295303,0.6816544162509109,0.005502065302696582,true,moderate,-2.343399999999999,2.553699999999999,2.0708602489365067,-18.439046652345986,25.146722861194252,false,元器件,false,1.2557208916291203,true,falling,false,false,0.0,0.10144263523781692,0.2485835604074696,元器件,-5.0,-2.0,3.0,0.3,0.5,0.010200207682780293,0.006817255385199659,0.02822781272981323,false,false,0.01955126955407547,0.10512318457348808,,,,,,,0.7873633049817741,1,0.0,single_year_drop,0.09587223376592206,false,increasing_vol,18.0,中度恶化-10分; 贝叶斯中度恶化预警-5分(恶化概率78.7%); 波动率飙升预警-8.0分(近期波动是早期的11.0倍),"","",0,0
920682.BJ,球冠电缆,电气设备,7.638985,-0.008523319398026264,-0.07154999999999978,0.04437183569292106,0.7337937448222036,-0.025750879998460707,7.3978,87.0,-0.016166950716027657,-0.39999999999999997,0.48333333333333334,good,good,good,false,0,false,0,false,0,false,0,0.06357018885458826,0.4878859426136399,0.16116464879683526,ultra_stable,false,false,none,-1.2368999999999994,0.0,0.12527000000000008,1.3621699999999994,0.5282414179833339,1.0,0.13253448356205266,true,moderate,-0.4886999999999997,-0.01690000000000058,-6.397246754561331,-6.1966651873454595,-0.21383202166157073,false,电气设备,false,1.1331689272503083,true,falling,false,false,0.0,0.06357018885458826,0.20194534138371173,电气设备,-5.0,-2.0,3.0,0.3,0.5,-0.03277589465962483,0.7742709746050433,-0.013800282206759329,false,false,-0.008523319398026264,0.04437183569292106,,,,,,,0.9737039819684448,1,5.982833165683889,single_year_drop,0.06183756095754735,false,decreasing_vol,13.0,中度恶化-10分; 贝叶斯恶化预警-8分(恶化概率97.4%),"","",0,0
920799.BJ,艾融软件,软件服务,10.737259,-0.06376742474653528,-0.58499,0.4001796811760799,0.2520754257343234,-0.16382333592390275,7.723,43.0,-0.13789129924358684,-0.7999999999999999,0.08333333333333333,good,good,good,false,0,false,0,false,0,false,0,0.26374431543866683,2.960598514321049,0.7193330043134859,stable,false,false,none,-4.370700000000001,0.0,-0.9671199999999999,3.403580000000001,0.6052997100299586,1.0,0.5238975542709357,true,severe,-3.5866999999999996,1.4407999999999994,-21.744064688060476,-31.71348488465653,14.599398109211762,false,软件服务,false,1.1459939810921176,true,falling,false,false,0.0,0.26374431543866683,0.3637946498298825,软件服务,-5.0,-2.0,3.0,0.3,0.5,-0.12178858419964156,0.4016759942089597,0.11267099503863509,true,false,-0.14352711747785163,0.7700382371472299,,,,,,,0.9737039819684448,1,0.0,cliff_drop,0.1306241148125764,false,stable,57.0,严重恶化-15分; 单年巨幅下滑-15.0分(年跌-31.7%); 贝叶斯高置信度恶化-12分(恶化概率97.4%，严重恶化确认); 峰值大幅下跌-15分(从15.8跌至7.7，跌幅-51.1%),"","",0,0
