ts_code,metric_name,name,ann_date,industry,end_date,roiic_slope,roiic_log_slope,roiic_r_squared,roiic_p_value,roiic_cagr_approx,roiic_cagr,roiic_trend_direction,roiic_cv,roiic_std_dev,roiic_volatility_type,roiic_volatility_regime,roiic_has_deterioration,roiic_deterioration_severity,roiic_total_decline_pct,roiic_has_inflection,roiic_inflection_type,roiic_is_cyclical,roiic_current_phase,roiic_cycle_position,roiic_is_accelerating,roiic_is_decelerating,roiic_recent_3y_slope,roiic_robust_slope,roiic_mk_tau,roiic_mk_p_value,roiic_weighted_avg,roiic_latest_value,roiic_latest_vs_weighted_ratio,roiic_full_data_years,roiic_trend_window_years,roiic_has_structural_break,roiic_break_year_index,roiic_data_regime
000009.SZ,roiic,中国宝安,20250416.0,电气设备,20241231,-9.502906974493067,-1.5431591491237893,0.5725636150400983,0.13870091090686762,,,down,2.515433041239486,207.57136161511855,high_volatility,increasing_vol,False,none,-260.8220450133745,False,none,False,rising,mid_up,False,True,-3.3733536282435987,-12.089693753164298,-0.8,0.0864107329737,-99.41894079431657,-18.47577415915498,1.0,10,5,False,,stable
000020.SZ,roiic,深华发A,20250422.0,元器件,20241231,1.107130099740125,0.23204234135389998,0.12721791668599644,0.5556874037543634,,,up,3.829147275193947,32.84472270022042,high_volatility,increasing_vol,False,none,1240.3906510571285,False,none,False,rising,top,False,False,3.679673416011383,7.265057924061812,0.6,0.22067136191984693,13.195962694164425,66.67693389037267,5.052828310878661,10,5,False,,stable
000021.SZ,roiic,深科技,20250425.0,元器件,20241231,-5.572234643233153,-1.3164156843623942,0.5165561854223888,0.1713227417808896,,,down,2.1657661163146593,90.85063727233549,high_volatility,increasing_vol,True,severe,-895.7815833328656,False,none,False,falling,bottom,True,False,-1.1488792202117024,-21.630318175139756,-0.8,0.0864107329737,-55.507994453866395,-202.25856601037287,1.0,10,5,False,,stable
000034.SZ,roiic,神州数码,20250329.0,软件服务,20241231,2.556160539371146,0.6284719473843453,0.10153933317885651,0.6012538723244059,,,up,3.0496191347563997,204.68531645665647,high_volatility,increasing_vol,False,none,808.4849334319474,False,none,False,rising,top,False,False,1.1032455061226663,89.75951749174969,0.8,0.0864107329737,99.90803705822827,417.16995609118646,4.175539509879991,10,5,False,,stable
000045.SZ,roiic,深纺织A,20250328.0,元器件,20241231,-4.149836667020983,-1.157300401257099,0.2953464893218894,0.34380460828095405,,,down,2.1517554578525977,177.8254906749241,high_volatility,increasing_vol,False,none,90.47396289713157,False,none,False,rising,mid_up,False,False,1.165079766427028,-14.675094993062338,-0.6,0.22067136191984693,-95.96033154480497,-3.381442654318411,1.0,10,5,False,,stable
000049.SZ,roiic,德赛电池,20250422.0,电气设备,20241231,-29.84636474974362,-0.7954587133551664,0.07336184969505859,0.6594023494968645,,,down,1.5115171590441268,137.2346210383491,high_volatility,increasing_vol,True,severe,-4500.6939519704,False,none,False,falling,bottom,False,True,-4.502771422739208,-17.593485974107615,-0.4,0.4624327264504764,-99.74654132937025,-298.5995367142713,1.0,10,5,False,,stable
000050.SZ,roiic,深天马A,20250315.0,元器件,20241231,-33.64977098402052,-1.9329163006297942,0.6439620003613017,0.10220444524218808,,,down,1.173025191152419,121.91086047282008,high_volatility,stable,False,none,77.04834060502735,False,none,False,rising,mid_up,True,False,0.7358573483353608,-18.068290369596582,-0.4,0.4624327264504764,-114.0235266845778,-60.24248316734633,1.0,10,5,False,,stable
000062.SZ,roiic,深圳华强,20250314.0,元器件,20241231,6.735017903087417,0.8289872302753238,0.2552129693686396,0.38529368520018953,,,up,18.14852417283568,28.063947228842633,high_volatility,increasing_vol,False,none,1218.2511236681473,False,none,False,rising,top,False,False,3.108855087881533,3.0583623566050075,0.0,1.0,2.1657559245616955,37.03135197490769,17.098580479424097,10,5,False,,stable
000066.SZ,roiic,中国长城,20250428.0,IT设备,20241231,6.341054943029894,1.1773835871283214,0.37137383770160454,0.27522021680322983,,,up,2.27926640982814,120.69204479297937,high_volatility,increasing_vol,True,mild,250.07970529756292,False,none,False,falling,mid_down,True,False,3.8107066269650973,9.815249671074664,0.2,0.8064959405073401,63.0206454504577,27.661090693863443,0.4389210947642325,10,5,False,,stable
000100.SZ,roiic,TCL科技,20250429.0,元器件,20241231,-0.19544393826373022,0.1087530597783272,0.002584197091215661,0.9353027573171334,,,up,2.0434491800612937,82.59204582324722,high_volatility,increasing_vol,False,none,662.6315516840461,False,none,False,rising,top,True,False,5.033760856658024,35.47445088189096,0.4,0.4624327264504764,50.6417873930541,182.03845107516528,3.5946292665833752,10,5,False,,stable
000153.SZ,roiic,丰原药业,20250411.0,化学制药,20241231,-2.3241576394422707,-0.2656653479050532,0.4462212299295389,0.21783965983353157,,,down,1.9598694745600842,10.606320647047013,high_volatility,increasing_vol,False,none,-72.42746785759034,False,none,False,rising,mid_up,False,False,-0.6345998861683126,-3.911801148041983,-0.6,0.22067136191984693,4.117668887119768,3.4152242503939014,0.8294072068487243,10,5,False,,stable
000155.SZ,roiic,川能动力,20250428.0,新型电力,20241231,-5.261839746099839,-1.0483639556282085,0.2578858408995812,0.3823970052552411,,,down,6.968293624667139,16.543012732540806,high_volatility,increasing_vol,True,severe,-183.433170412373,False,none,False,falling,bottom,False,True,-3.778534807683396,-6.0654286312954415,-0.4,0.4624327264504764,0.7954887844978398,-19.97126297247556,-25.105649962221175,10,5,False,,stable
000158.SZ,roiic,常山北明,20250429.0,软件服务,20241231,3.661593299931373,0.15988728964843557,0.18443838010298022,0.47049835599904727,,,up,4.2793184002123805,83.96425314856977,high_volatility,increasing_vol,False,none,226.93047617235135,False,none,False,rising,top,True,False,5.447164130817168,23.589016953071614,0.4,0.4624327264504764,27.648235003441847,130.74286294972663,4.728795994878184,10,5,False,,stable
000400.SZ,roiic,许继电气,20250411.0,电气设备,20241231,-2.2936187223970386,-0.02353002066705905,0.0019470592524323145,0.94383591269856,-0.23879602002081557,-0.23879602002081557,down,0.6241458180103198,14.951933974946408,high_volatility,decreasing_vol,True,severe,-42.73453064996138,False,none,False,falling,mid_down,False,False,-0.27828831067267745,-3.286030292123202,-0.2,0.8064959405073401,23.267748971119445,13.677457945070248,0.5878290144030296,10,5,False,,stable
000403.SZ,roiic,派林生物,20250424.0,生物制药,20241231,-1.0637767649945258,-0.20800472571278306,0.040158988242620014,0.746564739849283,,,down,1.2188506042206644,9.255644164871583,high_volatility,increasing_vol,False,none,1555.5396932619265,False,none,False,rising,top,True,False,2.523237355433213,1.6698518847796837,0.0,1.0,8.36038033438042,22.738562025157787,2.719799951163696,10,5,False,,stable
000409.SZ,roiic,云鼎科技,20250409.0,软件服务,20241231,10.51331648242678,1.1205303576532875,0.25798096730065795,0.3822942867152687,,,up,2.1335554931897964,422.6656133010414,high_volatility,increasing_vol,True,severe,-18947.67678670442,False,none,False,falling,bottom,False,True,-4.938279319716914,11.702763840770473,0.2,0.8064959405073401,-251.87584451034073,-953.1784404023645,1.0,10,5,False,,stable
000503.SZ,roiic,国新健康,20250425.0,软件服务,20241231,8.966373153118434,0.30689929193234616,0.008453945350908324,0.8830967166921369,,,up,6.121052056477959,104.6100054635366,high_volatility,stable,False,none,214.64385359448696,False,none,False,rising,top,True,False,5.5328600196699345,12.032919545630664,0.2,0.8064959405073401,19.780112208621908,135.37208322872632,6.843848093526956,10,5,False,,stable
000507.SZ,roiic,珠海港,20250428.0,新型电力,20241231,0.07691173048804005,0.034309831023343264,0.0015398323208017269,0.9500500178503721,,,up,1.0678439101112658,4.474361355607902,high_volatility,stable,True,severe,523.9318348427864,False,none,False,falling,mid_down,False,False,0.9031028400319477,0.07048572371759446,0.2,0.8064959405073401,4.213162832051412,1.861774643305291,0.4418947753791853,10,5,False,,stable
000509.SZ,roiic,华塑控股,20250428.0,元器件,20241231,0.431879881505936,0.014332864830010016,0.04241587179567667,0.7396405931053889,,,up,2.2087631398587795,354.6402944901605,high_volatility,increasing_vol,False,none,3235.9176934013663,False,none,False,rising,top,False,False,1.7534440491652696,73.52153879239187,0.6,0.22067136191984693,209.4081733575163,790.2406211391423,3.773685661208592,10,5,False,,stable
000513.SZ,roiic,丽珠集团,20250327.0,化学制药,20241231,-13.667542583139062,-1.6131532817541872,0.5181682008081102,0.17033153832865705,,,down,2.2238397063017867,1775.7983383655278,high_volatility,increasing_vol,True,severe,-52594.92365240694,False,none,False,falling,bottom,False,False,-3.1313694098584923,-44.910192197244086,-0.8,0.0864107329737,-1040.532433899161,-3974.6963428944227,1.0,10,5,False,,stable
000516.SZ,roiic,国际医学,20250423.0,医疗保健,20241231,-3.7353652031811406,-1.4435489245796318,0.3215322704302058,0.31883588307509786,,,down,2.593512905373372,543.6682755549709,high_volatility,stable,False,none,-101.0740160108238,False,none,False,rising,mid_up,False,False,-5.496991705706291,6.3818276608279,0.0,1.0,208.50559836288957,-12.631329265355518,-0.060580288320947445,10,5,False,,stable
000519.SZ,roiic,中兵红箭,20250424.0,专用机械,20241231,-0.8527343809171931,-0.12050206927277847,0.016580414305488674,0.8365055535654738,2.912246130035627,2.912246130035627,down,2.097294459631385,708.2624225820758,high_volatility,increasing_vol,False,none,4249.841707585888,False,none,False,rising,top,False,False,1.8862704547431903,23.84476610665588,0.2,0.8064959405073401,432.3933697924665,1604.3032375328823,3.7102863957023464,10,5,False,,stable
000533.SZ,roiic,顺钠股份,20250416.0,电气设备,20241231,-0.15577984206336737,-0.0036395400286078684,0.0016048964080172588,0.949006195884929,,,down,1.91276881288459,349.02891555822225,high_volatility,decreasing_vol,False,none,-28.4257098681615,False,none,False,rising,mid_up,False,False,-0.16718322941788344,-67.24723055801755,-0.6,0.22067136191984693,134.44969205191597,42.40211627545439,0.3153753320541736,10,5,False,,stable
000534.SZ,roiic,万泽股份,20250307.0,生物制药,20241231,-7.337967385959717,-0.5296579754644093,0.6469187079512855,0.10080934501319193,-0.5081426006791505,-0.5081426006791505,down,1.2000037249030304,45.56799190304194,high_volatility,decreasing_vol,True,severe,-75.23324192543583,False,none,False,falling,mid_down,False,False,-0.679449312323547,-12.909274029808401,-0.6,0.22067136191984693,32.778595891195614,2.448242834487003,0.07469029004822642,10,5,False,,stable
000536.SZ,roiic,华映科技,20250415.0,元器件,20241231,-20.609623908175973,-1.7927165591196552,0.565258332609281,0.1427492918299349,,,down,26.768839991946212,106.30691958502133,high_volatility,decreasing_vol,True,severe,-148.50069719943417,False,none,False,falling,mid_down,False,True,-4.221119387591578,-33.479471605852154,-0.2,0.8064959405073401,2.242022909153378,-23.71011379782087,-10.575321822547377,10,5,False,,stable
000537.SZ,roiic,中绿电,20250429.0,新型电力,20241231,2.255745296150096,0.9097726201135954,0.5234619837966904,0.16709889411790924,,,up,2.0014201299614998,5.261509967018367,high_volatility,stable,True,severe,91.80376522127607,False,none,False,falling,mid_down,False,False,0.6655249262078262,1.9233172834694021,0.6,0.22067136191984693,-1.9521647131426094,-0.17564222778484245,1.0,10,5,False,,stable
000550.SZ,roiic,江铃汽车,20250329.0,汽车整车,20241231,3.1482099029387944,-0.3070636567144021,0.019838469205539395,0.8212600862365455,,,down,1.2518120119245963,29.58106758033338,high_volatility,increasing_vol,False,none,76.6656409211787,False,none,False,rising,top,False,False,0.284470522536989,2.0840142614657857,0.0,1.0,24.5750618935218,59.90908297779443,2.437799881740562,10,5,False,,stable
000551.SZ,roiic,创元科技,20250408.0,专用机械,20241231,-3.2955306475238,-0.6952638303243919,0.12801796878682997,0.5543557342107069,,,down,2.2845081878654643,381.58935935824616,high_volatility,increasing_vol,False,none,4695.079012713524,False,none,False,rising,top,False,False,1.9346894988261099,14.815150212365342,0.2,0.8064959405073401,217.02809835615201,848.9426422308841,3.911671569999818,10,5,False,,stable
000555.SZ,roiic,神州信息,20250329.0,软件服务,20241231,-8.988607768014003,-0.29706069925533896,0.1493832915141121,0.5204336901209465,,,down,2.343837568467075,126.34197740641766,high_volatility,increasing_vol,False,none,291.80530143643426,False,none,False,rising,top,True,False,5.797593980816915,12.401551787289456,0.0,1.0,60.577007723294756,228.16997934698279,3.766610268853549,10,5,False,,stable
000566.SZ,roiic,海南海药,20250412.0,化学制药,20241231,-194.7213766805236,-0.4718259394798897,0.14683695564051244,0.5243214515259292,-0.4742750273017827,-0.4742750273017827,down,1.3351194517966745,809.409110515017,high_volatility,decreasing_vol,False,none,-95.55093845424157,False,none,False,rising,mid_up,False,False,-1.556219531738995,-119.1145199205502,0.0,1.0,547.8283012240663,81.09515482221616,0.14803023984160243,10,5,False,,stable
000572.SZ,roiic,海马汽车,20250422.0,汽车整车,20241231,-14.006066230437417,-0.6458518314319869,0.3934452539586341,0.25736133093274816,,,down,10.91418722781184,278.3107782576069,high_volatility,decreasing_vol,True,severe,-97.34768247776478,False,none,False,falling,mid_down,False,False,-1.8028290994761016,15.357782480687778,0.2,0.8064959405073401,-11.04754397141842,3.163340033306248,1.0,10,5,False,,stable
000576.SZ,roiic,甘化科工,20250419.0,电气设备,20241231,-15.878296899500715,-0.014603371047501135,0.000873744171337441,0.9623695850038518,1.3357232495223679,1.3357232495223679,down,1.7372405178397434,1772.4915606119234,high_volatility,increasing_vol,False,none,7164.785173061209,False,none,False,rising,top,False,False,2.142774121907018,264.0157770224689,0.4,0.4624327264504764,1254.9035748105562,4177.688762848006,3.3290914510931104,10,5,False,,stable
000591.SZ,roiic,太阳能,20250424.0,新型电力,20241231,-7.7663049289820565,-1.8029792873498536,0.7442191258252675,0.05981003883320794,,,down,2.637522833974069,14.618338217953696,high_volatility,increasing_vol,False,none,-655.6723353429264,False,none,False,rising,mid_up,False,False,-2.8144554599311005,-7.4418469415747195,-0.6,0.22067136191984693,-7.872341397858963,-19.464525832792585,1.0,10,5,False,,stable
000597.SZ,roiic,东北制药,20250403.0,化学制药,20241231,-50.431856971883775,-2.659723523879061,0.7055522213315268,0.0749755975957886,,,down,1.9630878587374223,111.59536543866108,high_volatility,decreasing_vol,True,severe,-2.287508286126163,False,none,False,falling,mid_down,False,False,-0.011300333323139622,-35.791722900322846,-0.6,0.22067136191984693,41.71729514786272,-26.301588011574957,-0.6304720360788408,10,5,False,,stable
000625.SZ,roiic,长安汽车,20250411.0,汽车整车,20241231,-1.1715725565394446,0.011164335080377664,0.001021241683784457,0.9593181730993976,,,up,4.332941533212175,53.08720116475381,high_volatility,increasing_vol,True,severe,-257.8367120250394,False,none,False,falling,bottom,False,False,-4.827346903120949,-27.008361714972658,-0.6,0.22067136191984693,4.914402099814161,-78.43923313128023,-15.961093849900157,10,5,False,,stable
000629.SZ,roiic,钒钛股份,20250329.0,小金属,20241231,4.949097392143711,0.20621887732218788,0.011500305341386604,0.8637206225371622,,,up,3.9860549216294063,135.06850578675528,high_volatility,stable,True,severe,-1876.8891864696873,False,none,False,falling,bottom,False,False,-4.753292493007552,-59.05766404318547,-0.6,0.22067136191984693,-54.55073242816511,-244.25374865825057,1.0,10,5,False,,stable
000633.SZ,roiic,合金投资,20250408.0,小金属,20241231,2.104007023250709,0.8446445327883874,0.6844603606922344,0.08387080216261378,,,up,2.806497694282449,57.66976896507839,high_volatility,stable,False,none,-92.7944585179743,False,none,False,rising,mid_up,False,True,-1.3135217157883057,4.0816586351086155,0.4,0.4624327264504764,22.11129217031698,8.69089364463528,0.39305227291520567,10,5,False,,stable
000636.SZ,roiic,风华高科,20250415.0,元器件,20241231,16.35596537623343,0.5919686481757707,0.07126774703183858,0.664177386780292,,,up,1.3039062045175667,39.43722189847258,high_volatility,stable,False,none,661.3030141417646,False,none,False,rising,top,True,False,4.307983354613233,18.580671743542332,0.4,0.4624327264504764,35.152233465991344,87.95779537977546,2.502196495277371,10,5,False,,stable
000657.SZ,roiic,中钨高新,20250425.0,小金属,20241231,1.6099333757353367,-0.30239086773943047,0.03778427568434479,0.7540729552542315,,,down,1.499423092646682,26.375480208565257,high_volatility,decreasing_vol,False,none,1054.954464293876,False,none,False,rising,mid_up,False,False,1.1938011603732865,-4.207850058117194,-0.2,0.8064959405073401,16.410253334578783,22.632848274349815,1.3791894502115407,10,5,False,,stable
000661.SZ,roiic,长春高新,20250421.0,生物制药,20241231,-2.458612543913381,-0.12337123793320041,0.047874839924812035,0.7236502567591958,,,down,3.2449429532281426,97.73088215907698,high_volatility,increasing_vol,True,severe,-9093.525368062732,False,none,False,falling,bottom,False,True,-3.785620159282336,-13.81173319602675,-0.6,0.22067136191984693,-43.86030888119683,-204.2560883568113,1.0,10,5,False,,stable
000670.SZ,roiic,盈方微,20250422.0,元器件,20241231,-1.7103528630820712,-0.17558904944169448,0.007417890327563898,0.8904752007255817,,,down,2.422285952765759,188.22712476549003,high_volatility,increasing_vol,False,none,1688.373144862222,False,none,False,rising,top,False,False,1.441712090090328,28.311027037928632,0.2,0.8064959405073401,102.70865374196022,412.8714415769231,4.019831109988059,10,5,False,,stable
000682.SZ,roiic,东方电子,20250423.0,电气设备,20241231,0.11661770523519835,0.005858932230303182,0.02252980827598692,0.8096076657753799,0.25209326510556473,0.25209326510556473,up,0.3629046467112811,6.666575757323221,moderate,decreasing_vol,False,none,17.029539658732634,False,none,False,rising,mid_up,False,True,0.07851480856854232,1.9099598913089446,0.4,0.4624327264504764,18.87624978654728,20.172087083888165,1.0686490861264404,10,5,False,,stable
000710.SZ,roiic,贝瑞基因,20250425.0,医疗保健,20241231,36.6930856126443,1.1340590390136907,0.10702626237139079,0.5910155469326979,,,up,1.7490825984380352,118.81754191398403,high_volatility,decreasing_vol,True,severe,-222.84434834565144,False,none,False,falling,mid_down,False,True,-4.855071476933723,31.68151873802615,0.2,0.8064959405073401,-56.92342416788921,-71.14615588644699,1.0,10,5,False,,stable
000720.SZ,roiic,新能泰山,20250428.0,电气设备,20241231,10.540684027532507,0.2811740411794874,0.01944089485959102,0.8230483424692177,,,up,1.0088550217405814,31.872706398318613,high_volatility,decreasing_vol,True,severe,-404.63624806691223,False,none,False,falling,mid_down,False,True,-3.312303348283508,7.824051895836149,0.2,0.8064959405073401,-28.430744929737795,-23.900349498046733,1.0,10,5,False,,stable
000725.SZ,roiic,京东方A,20250422.0,元器件,20241231,15.437772782776431,0.3699833643579127,0.46072686438577143,0.20770137678968204,,,up,7.265623526293699,834.3226520564579,high_volatility,increasing_vol,False,none,-86.6679896022908,False,none,False,rising,mid_up,False,False,-1.0074879966806671,8.591840441658398,0.0,1.0,-158.62946087098038,96.71265945582509,1.0,10,5,False,,stable
000727.SZ,roiic,冠捷科技,20250429.0,元器件,20241231,-2.6246001317382825,-0.6165754846868609,0.08183583421901498,0.640795586871443,,,down,1.329488463586925,79.80098661369718,high_volatility,decreasing_vol,False,none,82.81515025773687,False,none,False,rising,mid_up,False,False,0.8797257298501477,29.23586721639419,0.4,0.4624327264504764,-50.94563090464701,-11.963579470432819,1.0,10,5,False,,stable
000733.SZ,roiic,振华科技,20250424.0,元器件,20241231,-12.479320499253962,-0.2768711408205505,0.2559521838691651,0.38449054127619425,,,down,3.0367264604837074,477.687237899016,high_volatility,increasing_vol,True,severe,-2357.8148193520738,False,none,False,falling,bottom,False,True,-6.052436332176445,-34.05907385333299,-1.0,0.02748633611151033,-225.33754744982411,-1010.0123611322756,1.0,10,5,False,,stable
000739.SZ,roiic,普洛药业,20250311.0,化学制药,20241231,-2.745599435232783,-1.0203780647251102,0.5273044539574548,0.1647738829782068,,,down,1.6042128393152821,16.496889973596467,high_volatility,decreasing_vol,True,severe,-251.69355867815554,False,none,False,falling,mid_down,False,True,-2.2859808538455693,-8.94619390554957,-0.8,0.0864107329737,7.451472165146491,-5.988836315734155,-0.8037118280796018,10,5,False,,stable
000756.SZ,roiic,新华制药,20250331.0,化学制药,20241231,0.3204105935486348,0.1260977979768331,0.006963743096307051,0.8938728221926628,,,up,1.231620179978556,6.614286027711144,high_volatility,stable,True,severe,-112.984072645232,False,none,False,falling,bottom,False,True,-1.9875625884466954,0.3433085719757495,0.2,0.8064959405073401,5.4665175051746795,-1.227018919992035,-0.22446080504279411,10,5,False,,stable
000762.SZ,roiic,西藏矿业,20250402.0,小金属,20241231,-4.407752265057477,-0.056655205220793016,0.48851295895789343,0.189087649132987,,,down,64.76068946966396,323.8508340857486,high_volatility,increasing_vol,False,none,1.2337596814504521,False,none,False,rising,mid_up,False,False,0.006130369250036516,-45.697528989306605,-0.4,0.4624327264504764,-32.19752743429534,67.29326523184336,1.0,10,5,False,,stable
000766.SZ,roiic,通化金马,20250418.0,化学制药,20241231,4.9933102600185055,-0.4426385605748033,0.04305703450579661,0.7377087669343809,,,down,3.43834675978065,210.69396623175726,high_volatility,decreasing_vol,False,none,280.4147599250353,False,none,False,rising,mid_up,False,False,0.6675400344364358,-6.900444139247993,0.0,1.0,44.24009872508719,57.64164208203465,1.3029275192224619,10,5,False,,stable
000788.SZ,roiic,北大医药,20250425.0,化学制药,20241231,9.362603890294178,0.1958582935693637,0.009464400006458488,0.8763283691506336,,,up,1.1370915387417415,58.43562665102178,high_volatility,stable,False,none,2826.7326419446936,False,none,False,rising,top,True,False,3.917230420692504,9.835018159825431,0.2,0.8064959405073401,54.1992142677375,130.5233785061061,2.4082153269111344,10,5,False,,stable
000800.SZ,roiic,一汽解放,20250329.0,汽车整车,20241231,1.2854632717824086,-0.14996026516109287,0.04080485348478764,0.7445629355795925,-0.3954478378605728,-0.3954478378605728,down,1.3733285779268345,61.548609405297746,high_volatility,stable,True,severe,-98.34476243926797,False,none,False,falling,bottom,False,True,-2.031401073224332,-2.292790175021109,-0.2,0.8064959405073401,45.202742764673815,2.477856621974356,0.054816510468714615,10,5,False,,stable
000813.SZ,roiic,德展健康,20250429.0,化学制药,20241231,35.72470791568646,1.8770233455412524,0.5572836020422162,0.1472378992394803,,,up,5.046218824227738,288.31956437422105,high_volatility,increasing_vol,False,none,2667.7805264515955,False,none,False,rising,top,False,False,1.6573916432032216,20.148959667547103,0.2,0.8064959405073401,-64.63502439099264,180.06155012050448,1.0,10,5,False,,stable
000821.SZ,roiic,京山轻机,20250426.0,电气设备,20241231,-0.8827711403444065,-0.07002053987484431,0.15423695256902242,0.513129684013376,,,down,2.5904165713295786,303.8459046876943,high_volatility,decreasing_vol,False,none,-76.35282489570339,True,growth_to_decline,False,falling,mid_down,False,True,-0.7195157837607866,10.127816522590255,0.0,1.0,-77.3727256488123,9.007380404518592,1.0,10,5,False,,stable
000823.SZ,roiic,超声电子,20250320.0,元器件,20241231,-10.946781123846538,-1.3833932845089363,0.44765844405901684,0.21682185750045105,,,down,2.033574651274963,66.75988286829454,high_volatility,increasing_vol,False,none,-638.1126993056835,False,none,False,rising,mid_up,False,True,-3.704673579319042,-16.58935171536055,-0.4,0.4624327264504764,-40.611036981747326,-47.05381836850309,1.0,10,5,False,,stable
000831.SZ,roiic,中国稀土,20250428.0,小金属,20241231,-8.719691823063172,-0.4015412739533625,0.03307603622737463,0.7697211702441455,,,down,2.091720164670821,195.2210672081012,high_volatility,increasing_vol,False,none,2035.6866222710148,False,none,False,rising,top,True,False,5.296814017084809,17.793962572246436,0.2,0.8064959405073401,117.06395194598454,439.19660389317585,3.7517664199123333,10,5,False,,stable
000856.SZ,roiic,冀东装备,20250327.0,专用机械,20241231,-4.976680303362171,-0.7766196746893768,0.087768210037012,0.6283866789451462,,,down,26.07800994622104,32.59801722846986,high_volatility,stable,True,severe,-18589.122442775733,False,none,False,falling,bottom,False,False,-2.050172699745417,-6.747729989231794,-0.2,0.8064959405073401,-2.7430234481488087,-36.671186665562914,1.0,10,5,False,,stable
000862.SZ,roiic,银星能源,20250325.0,新型电力,20241231,0.3498258551709598,0.12083720248598447,0.13227677572731067,0.547346201137837,,,up,4.581482660282207,10.247343793059105,high_volatility,stable,False,none,1113.3902160283044,False,none,False,rising,top,False,True,1.1900579942413394,6.31140245761104,1.0,0.02748633611151033,4.063305808606758,16.255909522314198,4.00066110896243,10,5,False,,stable
000868.SZ,roiic,安凯客车,20250325.0,汽车整车,20241231,-7.750184995878851,-0.7734474698568661,0.1228138814244069,0.5631050599702773,,,down,2.035978631961502,134.14620245250882,high_volatility,increasing_vol,False,none,8862.386159585134,False,none,False,rising,top,False,False,4.165359854099799,39.07085437783924,0.2,0.8064959405073401,81.87293465020824,298.3565492089493,3.644141381808774,10,5,False,,stable
000880.SZ,roiic,潍柴重机,20250328.0,专用机械,20241231,-3.5702027544797827,-0.26299464078301255,0.14284239947999453,0.5305007623530397,-0.08802244226289035,-0.08802244226289035,down,0.7794867585400812,12.206796769115801,high_volatility,stable,False,none,506.76927028739664,False,none,False,rising,top,True,False,0.8920703246867332,-5.335992973028914,-0.4,0.4624327264504764,14.588982959362182,21.478784520786785,1.4722605805090212,10,5,False,,stable
000915.SZ,roiic,华特达因,20250321.0,化学制药,20241231,-3.747470929678235,-0.10236166380846826,0.18719785501624234,0.46682107634683906,0.42533026728320333,0.42533026728320333,down,1.062990085137468,81.80794314670788,high_volatility,increasing_vol,False,none,352.07683247311525,False,none,False,rising,top,False,False,0.7542914970339112,3.508012245087059,0.0,1.0,86.46988547623798,221.56647627103746,2.5623542236785335,10,5,False,,stable
000919.SZ,roiic,金陵药业,20250329.0,化学制药,20241231,-5.345642508667399,-0.6671276248734654,0.08182612049216131,0.6408163010854758,,,down,2.1714097808943817,524.2477024905804,high_volatility,decreasing_vol,False,none,89.25272782602526,True,growth_to_decline,False,rising,mid_up,False,False,1.1115314006295165,29.05442861492791,0.4,0.4624327264504764,-173.15625032256582,-5.724337869976096,1.0,10,5,False,,stable
000922.SZ,roiic,佳电股份,20250331.0,电气设备,20241231,-9.03809271577504,-1.5262529029007899,0.5129558485289096,0.17354811835345105,,,down,2.9567535374736957,84.73435901007596,high_volatility,decreasing_vol,True,severe,-187.47791523120415,False,none,False,falling,mid_down,False,False,-4.0319572246343505,-6.482509449701667,-0.2,0.8064959405073401,-25.67771476169894,-26.353486269105275,1.0,10,5,False,,stable
000931.SZ,roiic,中关村,20250418.0,化学制药,20241231,22.59268428103531,0.12939946275172254,0.16048549016504307,0.5039240397121685,,,up,0.5109251908368377,94.79214719169616,volatile,increasing_vol,False,none,27.139815336759742,False,none,False,rising,top,False,False,0.15830795918488816,12.050657867058,0.4,0.4624327264504764,-178.7525793820578,-99.10097926272326,1.0,10,5,False,,stable
000938.SZ,roiic,紫光股份,20250429.0,IT设备,20241231,4.249466523760923,0.9445682748102844,0.26731825025002043,0.37233404855057906,,,up,1.8003316708964368,13.997292549873583,high_volatility,decreasing_vol,False,none,1286.4384898664377,False,none,False,rising,top,False,False,2.7291986626436646,2.376982885900877,0.6,0.22067136191984693,9.04968099122725,25.7380119157934,2.844079469844716,10,5,False,,stable
000948.SZ,roiic,南天信息,20250429.0,软件服务,20241231,0.21319623625778647,0.18525417474814454,0.03930381960890005,0.749241242952035,,,up,4.487403261072805,20.05858408005846,high_volatility,stable,True,severe,-284.2524845987627,False,none,False,falling,bottom,False,False,-3.4901736337873888,-10.817766726073987,-0.6,0.22067136191984693,1.2399819868690294,-22.230954814292755,-17.928449807909068,10,5,False,,stable
000951.SZ,roiic,中国重汽,20250328.0,汽车整车,20241231,33.25241986708994,2.652329710683878,0.6845145569635588,0.0838473774054759,,,up,1.4998420992188835,136.77057289404877,high_volatility,stable,True,severe,-80.32302402779897,False,none,False,falling,mid_down,False,True,-0.8128273651379292,25.104535698153462,0.4,0.4624327264504764,101.16570720233828,60.23175015761184,0.5953771472890933,10,5,False,,stable
000952.SZ,roiic,广济药业,20250428.0,化学制药,20241231,-3.073104619782727,-0.6851116408480287,0.1219712097259159,0.5645415807022025,,,down,11.065631663156767,53.67861531834546,high_volatility,increasing_vol,False,none,450.3099227473246,False,none,False,rising,top,False,False,4.324611502433715,7.762625997090087,0.0,1.0,-2.483316919155275,70.66542562162347,1.0,10,5,False,,stable
000953.SZ,roiic,河化股份,20250426.0,化学制药,20241231,26.400963308313614,2.1183966796326716,0.28254923006969485,0.35658577346829673,,,up,2.1620310796772175,252.37903003310228,high_volatility,increasing_vol,False,none,109.97919147373472,False,none,False,rising,top,False,False,0.3709012288685698,50.561292341017634,0.2,0.8064959405073401,-108.81208937404702,154.30100521806133,1.0,10,5,False,,stable
000957.SZ,roiic,中通客车,20250426.0,汽车整车,20241231,-15.198978777622989,-0.7422723675012431,0.07301580761422309,0.6601862890702515,,,down,6.830154562286442,47.263735678586215,high_volatility,stable,True,severe,-6.1246724984240375,False,none,False,falling,bottom,False,False,-0.029716475546031962,-17.686127657475577,-0.4,0.4624327264504764,-11.479556902495894,-52.559506133058974,1.0,10,5,False,,stable
000960.SZ,roiic,锡业股份,20250403.0,小金属,20241231,-2.0111173261515027,0.718713299103638,0.07296534054489615,0.6603007868066086,,,up,1.5151284123062692,47.0310804221629,high_volatility,decreasing_vol,False,none,-62.96992173503298,False,none,False,rising,mid_up,False,False,-0.49650348181752,-7.324668656326297,0.0,1.0,30.43765118995124,22.318158436848716,0.7332418095459642,10,5,False,,stable
000962.SZ,roiic,东方钽业,20250415.0,小金属,20241231,-5.795407779787661,-0.715766568617536,0.18148100780939644,0.47447699162555074,,,down,1.338602406724241,26.312114856435528,high_volatility,decreasing_vol,True,severe,-106.71700774342328,False,none,False,falling,bottom,False,True,-3.0132191892109588,-12.774438154876497,-0.4,0.4624327264504764,17.917785516715327,-2.591059609326376,-0.1446082501048582,10,5,False,,stable
000963.SZ,roiic,华东医药,20250418.0,化学制药,20241231,6.270327752157369,1.300988698478146,0.5982577435687503,0.12493432859895472,,,up,27.690711218036014,23.810707501504684,high_volatility,decreasing_vol,False,none,137.52275162390447,False,none,False,rising,top,False,True,0.4315464705699439,7.9552649733968765,0.8,0.0864107329737,4.2049068520557125,24.034186914931063,5.715747758640867,10,5,False,,stable
000969.SZ,roiic,安泰科技,20250328.0,小金属,20241231,-1.8868567111672128,-0.07913983256295931,0.12033183107049136,0.5673525407015012,,,down,2.0795470925993027,262.94634576923636,high_volatility,decreasing_vol,True,severe,-287.4020479519567,True,improving,False,falling,mid_down,False,True,-3.702083002623728,-32.2982411728517,-0.8,0.0864107329737,88.51170192464105,-27.72254779973922,-0.31320771374775086,10,5,False,,stable
000977.SZ,roiic,浪潮信息,20250329.0,IT设备,20241231,-11.709475054934611,-2.103584730613748,0.9205915892383627,0.009733441153455424,,,down,4.453370689336383,19.584761158121175,high_volatility,increasing_vol,True,severe,-2482.4785578384412,False,none,False,falling,bottom,False,True,-2.7260393147508166,-10.86351558463548,-1.0,0.02748633611151033,-7.910581335981076,-35.49945757052516,1.0,10,5,False,,stable
000988.SZ,roiic,华工科技,20250412.0,专用机械,20241231,1.8100705421482157,0.2854248167102095,0.4017956843249812,0.25081802134615994,0.5809541411032122,0.5809541411032122,up,0.5841635414209896,5.077865634565187,volatile,decreasing_vol,False,none,104.61422286119226,False,none,False,rising,top,False,True,0.3561679477709476,1.8530234626626405,0.4,0.4624327264504764,9.235562333928755,14.768811752822936,1.5991242567403439,10,5,False,,stable
000997.SZ,roiic,新大陆,20250423.0,IT设备,20241231,4.910580517347891,-0.4764647144331171,0.022925669081986944,0.8079551086525452,,,down,1.717843280733427,273.565695049613,high_volatility,decreasing_vol,True,severe,-106.61441115312115,False,none,False,falling,mid_down,False,False,-4.401880053090645,-88.95192983955211,-0.4,0.4624327264504764,125.40255562829029,-10.481735985921247,-0.08358470793043879,10,5,False,,stable
001208.SZ,roiic,华菱线缆,20250329.0,电气设备,20241231,-21.439557505475687,-2.0418640662050764,0.8565688400613667,0.024130560998948846,,,down,1.6904705124264165,110.66226217278205,high_volatility,stable,True,severe,62.15903799500876,False,none,False,falling,mid_down,False,False,0.48587684138826415,-15.514749640244945,-0.4,0.4624327264504764,-71.89427038693489,-93.81508444060653,1.0,8,5,False,,stable
001223.SZ,roiic,欧克科技,20250424.0,专用机械,20241231,-7.2301245892651504,-0.18366505497248325,0.03602439388947034,0.759796845381659,,,down,3.9094374616736842,110.8978364561973,high_volatility,increasing_vol,False,none,-6696.679326046436,False,none,False,rising,mid_up,True,False,-1.9962081487879804,-54.82839114684269,-0.6,0.22067136191984693,-44.26060295954243,-60.15494364866141,1.0,7,5,False,,stable
001225.SZ,roiic,和泰机电,20250422.0,专用机械,20241231,-8.2574047369961,-0.5179023445080373,0.055472016368996846,0.7029163091210737,,,down,1.9417815923704387,179.371171723203,high_volatility,increasing_vol,False,none,10181.841651209266,False,none,False,rising,top,False,False,2.308682072988079,42.2809998716119,0.2,0.8064959405073401,114.3509971979593,406.78862991330095,3.5573684522320934,7,5,False,,stable
001229.SZ,roiic,魅视科技,20250426.0,IT设备,20241231,-21.956048223725162,-2.4776051891599744,0.8513994328680624,0.02549135614207254,,,down,2.6593040370412635,43.94874909438458,high_volatility,increasing_vol,False,none,-5694.829459577115,False,none,False,rising,mid_up,False,True,-2.5349921251608967,-20.55932037191738,-0.6,0.22067136191984693,-23.113224566235765,-40.58332060815842,1.0,7,5,False,,stable
001255.SZ,roiic,博菲电气,20250428.0,电气设备,20241231,-10.345681753420479,-1.3377961835098817,0.3925214890020367,0.2580922257964655,,,down,2.1179029118688786,141.57444038185793,high_volatility,increasing_vol,True,severe,-1750.85300520759,False,none,False,falling,mid_down,False,False,-1.2017635995744944,0.547746233180233,0.0,1.0,73.32169618346146,-8.670035148495371,-0.11824651637629459,7,5,False,,stable
001258.SZ,roiic,立新能源,20250327.0,新型电力,20241231,-1.3591581569207627,-0.7669026640087128,0.48852256839528874,0.18908138943785424,,,down,2.832996603550129,22.808648517192474,high_volatility,increasing_vol,False,none,-185.253237758936,False,none,False,rising,mid_up,False,False,-1.9399561367370393,-2.0755477106138613,-0.4,0.4624327264504764,-10.012507495732713,-3.1453187429723437,1.0,7,5,False,,stable
001277.SZ,roiic,速达股份,20250329.0,专用机械,20241231,0.491609554355178,-0.7297519566459246,0.1678570894387911,0.49333436844559175,,,down,1.4541369056561273,17.801189917811215,high_volatility,increasing_vol,True,severe,25.74821447789533,False,none,False,falling,mid_down,False,False,0.13375527622314476,-1.0506827371276586,0.0,1.0,12.38923936706675,-1.773677743934411,-0.14316276337748596,10,5,False,,stable
001283.SZ,roiic,豪鹏科技,20250428.0,电气设备,20241231,-4.85877815743145,-1.0715473946696865,0.2871762098273702,0.3519185460241427,,,down,2.2239975378468837,1512.2752276857263,high_volatility,increasing_vol,False,none,36454.75508190893,False,none,False,rising,top,True,False,5.873772195146893,6.285048759749229,0.2,0.8064959405073401,881.5625520348437,3385.1196075032276,3.839908580156466,7,5,False,,stable
001287.SZ,roiic,中电港,20250429.0,元器件,20241231,-2.884129882097729,-1.221391435996693,0.6227632970520702,0.11247275921209257,,,down,1.8091378451439852,8.518647559495925,high_volatility,stable,True,severe,-117.35370670564302,False,none,False,falling,bottom,False,False,-2.6702659265643796,-2.4653984012933448,-0.6,0.22067136191984693,3.843439029345178,-2.966475782312594,-0.7718285003776953,7,5,False,,stable
001288.SZ,roiic,运机集团,20250408.0,专用机械,20241231,1.6147542457345465,0.45960338012592955,0.13095792768516917,0.549502829767946,,,up,18.16670031933595,18.377021682803615,high_volatility,stable,False,none,145.14958028450604,False,none,False,rising,top,True,False,3.760422265311124,2.3478121020639167,0.2,0.8064959405073401,-0.527151027593062,14.424936578129104,1.0,8,5,False,,stable
001289.SZ,roiic,龙源电力,20250329.0,新型电力,20241231,0.8533380874638979,0.3639981164472175,0.06771052504207206,0.6724650221987776,,,up,2.1480656912573806,5.861726010688325,high_volatility,decreasing_vol,False,none,375.1610119013306,False,none,False,rising,mid_up,False,False,2.3455768888055175,1.2032761477491714,0.2,0.8064959405073401,2.9848406952361692,8.536117023545753,2.859823318936072,10,5,False,,stable
001298.SZ,roiic,好上好,20250425.0,元器件,20241231,9.863406785029422,1.4516384535207087,0.3436474451200666,0.2988884323130996,,,up,2.0085699577850056,98.62615538671012,high_volatility,increasing_vol,True,mild,367.2744460210413,False,none,False,falling,mid_down,False,False,3.8266783826318957,20.212068656749054,0.6,0.22067136191984693,58.52188190659595,37.500771477713016,0.6407991379628948,7,5,False,,stable
001301.SZ,roiic,尚太科技,20250315.0,电气设备,20241231,-3.7612293179216416,-0.10074958416910085,0.08639680092623951,0.6312135176570537,-0.0025122030869001444,-0.0025122030869001444,down,1.7268790308978532,224.33431689081712,high_volatility,increasing_vol,True,severe,-43.47170509735798,False,none,False,falling,bottom,False,False,-0.2848795753844713,3.000726988504411,0.0,1.0,144.01377658871357,15.921991066648086,0.11055880516292148,7,5,False,,stable
001308.SZ,roiic,康冠科技,20250331.0,元器件,20241231,-4.167201041092822,-0.32648120017879556,0.024703123412436995,0.8007090499978052,,,down,2.6921062273281717,84.25089925150785,high_volatility,decreasing_vol,True,severe,-187.10855560068055,False,none,False,falling,bottom,False,True,-3.8952269866750173,-14.612596724296523,-0.6,0.22067136191984693,24.33383100056897,-22.93478085402621,-0.9425059643707542,7,5,False,,stable
001309.SZ,roiic,德明利,20250426.0,半导体,20241231,-0.5299452635173875,-0.4404678790229582,0.057818361893582464,0.6968202060326104,,,down,1.3490216756086164,10.995315037990885,high_volatility,stable,False,none,729.6540230642125,False,none,False,rising,top,True,False,2.8049823036472255,-3.113814649946364,0.0,1.0,7.991600830961994,20.494071250444566,2.564451313814879,8,5,False,,stable
001314.SZ,roiic,亿道信息,20250422.0,元器件,20241231,-2.0024685557168422,-0.598094252461957,0.13079215442999967,0.549774791192718,,,down,6.410928086012618,60.297435731222656,high_volatility,stable,True,severe,-971.5097452937787,False,none,False,falling,bottom,True,False,-1.1844477670403597,-37.320816366314304,-1.0,0.02748633611151033,-20.076028804954746,-101.35382799859111,1.0,9,5,False,,stable
001326.SZ,roiic,联域股份,20250426.0,电气设备,20241231,-3.9838061428179374,-0.18213268648625808,0.10976805352249691,0.5860094343511144,,,down,13.602556187592423,1445.0960703056553,high_volatility,stable,False,none,32562.701936506386,False,none,False,rising,top,False,True,2.890027206129117,820.6424694074207,0.6,0.22067136191984693,136.02709197221736,1733.0102164667032,12.740184262857426,6,5,False,,stable
001332.SZ,roiic,锡装股份,20250409.0,专用机械,20241231,-0.3515415790532618,-0.018627321407309116,0.002995089805964054,0.9303536919191217,,,down,5.1948715300495065,90.65535294502469,high_volatility,increasing_vol,False,none,764.0114171344571,False,none,False,rising,top,False,False,1.0740689056308976,-1.1719592894859217,0.0,1.0,-21.60770960298663,46.862754125175634,1.0,9,5,False,,stable
001336.SZ,roiic,楚环科技,20250426.0,专用机械,20241231,-5.418034010573439,-0.804710409944045,0.24582356812292838,0.3956332307840524,,,down,5.899367488369873,52.94610114436507,high_volatility,increasing_vol,False,none,-313.5334049695512,False,none,False,rising,mid_up,True,False,-0.7070095333713922,-28.819457401271062,-0.8,0.0864107329737,-17.077246023856254,-26.807319048910877,1.0,7,5,False,,stable
001339.SZ,roiic,智微智能,20250426.0,IT设备,20241231,-3.309443362567779,-0.09472661798993554,0.0022854238525113323,0.9391545673301614,,,down,2.6040410159919474,328.28945388801486,high_volatility,increasing_vol,False,none,369.84527322308594,False,none,False,rising,mid_up,True,False,3.455416061171776,-23.930187581667408,-0.4,0.4624327264504764,-149.15402289592424,25.97356257458602,1.0,7,5,False,,stable
001367.SZ,roiic,海森药业,20250328.0,化学制药,20241231,-9.83506359175972,-1.5724651616061345,0.6213187177527075,0.11318961934913342,,,down,5.520384066084124,52.32564039761931,high_volatility,decreasing_vol,True,severe,-250.4091260405747,False,none,False,falling,mid_down,False,True,-3.4075543311141603,-12.890701773451699,-0.2,0.8064959405073401,-6.4726639458099235,-18.49150550320773,1.0,7,5,False,,stable
001373.SZ,roiic,翔腾新材,20250426.0,元器件,20241231,104.41517171794821,0.07762183146207927,0.0010439214847297173,0.9588690768915387,,,up,1.3052594312798393,302.25837796001866,high_volatility,increasing_vol,False,none,-3.080215936833975,False,none,False,rising,mid_up,False,False,-0.015643234280400264,64.93689943060951,0.0,1.0,262.89413126065153,553.6374781708516,2.1059331964392043,7,5,False,,stable
001382.SZ,roiic,新亚电缆,20250421.0,电气设备,20241231,1.7528853747475892,0.10383328932269568,0.035343128884492626,0.7620514775406497,0.5050917391327452,0.5050917391327452,up,1.214150277374904,46.79563473806052,high_volatility,increasing_vol,False,none,2014.1870599100748,False,none,False,rising,top,True,False,1.5216811302734248,20.631245412978416,0.6,0.22067136191984693,45.29813502560451,118.14552150070024,2.6081762843860825,5,5,False,,stable
001388.SZ,roiic,信通电子,20250612.0,电气设备,20241231,-7.479988343282687,-0.3983334118421876,0.5343745545788509,0.16054244465947407,-0.20791881481680563,-0.20791881481680563,down,0.7235973178525754,14.79822820833035,volatile,decreasing_vol,False,none,8.184233483261565,False,none,False,rising,mid_up,False,False,0.03921134702647788,-8.057955578121696,-0.4,0.4624327264504764,18.206919832978336,13.215570380433672,0.72585426319592,9,5,False,,stable
001389.SZ,roiic,广合科技,20250401.0,元器件,20241231,-0.6664726126502611,-0.022934026567670962,0.4531360527716306,0.21296973252877485,,,down,0.9295168814976121,25.237087474494007,high_volatility,decreasing_vol,True,severe,-53.1031760645192,False,none,False,falling,mid_down,False,False,-0.37848044896916067,-0.3925732639058084,0.0,1.0,28.23875182361249,27.414095528538724,0.9707969990945489,8,5,False,,stable
001395.SZ,roiic,亚联机械,20250422.0,专用机械,20241231,2.228442831281579,0.05363748244496578,0.0014319135494114607,0.9518313097159199,,,up,1.1344670176520015,54.162855631923875,high_volatility,decreasing_vol,False,none,4703.275359097937,False,none,False,rising,mid_up,True,False,2.6715306660177043,-14.714679347978294,-0.2,0.8064959405073401,41.68205324823484,44.41254689934363,1.0655076570927904,6,5,False,,stable
001400.SZ,roiic,江顺科技,20250411.0,专用机械,20241231,-21.62594068911324,-0.8002271653012649,0.6954750326357064,0.07917030641311361,-0.43065582512183165,-0.43065582512183165,down,0.9396201204676671,41.233712593228105,volatile,decreasing_vol,False,none,-83.66449366695839,False,none,False,rising,mid_up,False,False,-0.9034059209210499,-19.392185075738944,-0.6,0.22067136191984693,37.39560395650112,6.936445317453393,0.1854882548633771,7,5,False,,stable
002001.SZ,roiic,新和成,20250415.0,化学制药,20241231,-4.320485918224645,-0.8070387105401766,0.06374520120513977,0.6819836068003784,,,down,6.70519305132249,69.33343909698803,high_volatility,increasing_vol,False,none,431.0260060734709,False,none,False,rising,top,True,False,4.576029991648719,-34.4471915681222,-0.2,0.8064959405073401,9.044114164298719,88.34103757324928,9.76779328173145,10,5,False,,stable
002006.SZ,roiic,精工科技,20250419.0,专用机械,20241231,-35.3698151769344,-0.9803009716996375,0.5396251198596519,0.15743866130845358,,,down,18.187020604322488,191.77485501700528,high_volatility,increasing_vol,False,none,-99.37589367464247,False,none,False,rising,mid_up,False,False,-2.3955070986685714,-54.7625718587925,-0.6,0.22067136191984693,-11.532775205262544,0.7539094204287147,1.0,10,5,False,,stable
002007.SZ,roiic,华兰生物,20250329.0,生物制药,20241231,2.7025650644829335,0.6608145922985923,0.070260471797342,0.6665011272867125,,,up,2.923568913863227,99.70166019367566,high_volatility,increasing_vol,True,severe,-4218.129126335125,False,none,False,falling,bottom,False,False,-1.8772992495524465,-38.9171710890158,-0.2,0.8064959405073401,-46.47790962569836,-205.9369418598036,1.0,10,5,False,,stable
002008.SZ,roiic,大族激光,20250422.0,专用机械,20241231,-38.357909990960025,-2.8051569199887374,0.840211691852868,0.02853230313279695,,,down,3.700533211478466,65.03542509074863,high_volatility,increasing_vol,True,severe,-532.7465970141781,False,none,False,falling,bottom,True,False,-0.9221068969078039,-36.88007804330066,-0.8,0.0864107329737,-29.081982215499885,-119.20573000722952,1.0,10,5,False,,stable
002015.SZ,roiic,协鑫能科,20250429.0,新型电力,20241231,0.30814702862627463,0.03444830046722229,0.04164564910494589,0.7419815492518269,,,up,2.176612989288164,138.55223464848825,high_volatility,decreasing_vol,False,none,50.5916431169662,False,none,False,rising,mid_up,False,False,0.3511094763004581,5.481294319623411,0.4,0.4624327264504764,-46.62177824219769,-8.140589309524305,1.0,10,5,False,,stable
002019.SZ,roiic,亿帆医药,20250428.0,化学制药,20241231,67.68668981331098,1.9298703426832247,0.3314459677907346,0.30977085172880087,,,up,3.593783452052032,134.58044766021058,high_volatility,stable,False,none,863.0966339542647,False,none,False,rising,top,True,False,5.15656156737619,92.09298038949689,0.6,0.22067136191984693,57.75413075439312,239.7011207200581,4.150371888366185,10,5,False,,stable
002020.SZ,roiic,京新药业,20250403.0,化学制药,20241231,3.319764375708271,0.6309005748205494,0.12379035799348403,0.5614474491158548,,,up,2.056809552439383,30.345175205591286,high_volatility,decreasing_vol,False,none,412.3416988330228,False,none,False,rising,top,False,False,0.8094899541824108,-7.424390557195353,-0.2,0.8064959405073401,11.865054964656409,20.376414137875027,1.7173467968393092,10,5,False,,stable
002022.SZ,roiic,科华生物,20250428.0,医疗保健,20241231,-2.6444767644424036,0.04200889670392875,0.005995489542976571,0.9015109684367497,-0.1522242586503556,-0.1522242586503556,up,1.2053964223465192,93.21268576115928,high_volatility,increasing_vol,True,mild,-33.31326261301343,False,none,False,falling,mid_down,False,False,-0.20251204623482666,0.6687350911084495,0.0,1.0,82.56038417497264,31.4808324549255,0.38130675831409955,10,5,False,,stable
002025.SZ,roiic,航天电器,20250401.0,元器件,20241231,-0.7921756904390916,-0.09390549921580024,0.017146400011330987,0.8337542702361247,,,down,4.317596979923296,60.51722526151334,high_volatility,increasing_vol,True,severe,-59388.31640006497,False,none,False,falling,bottom,False,True,-2.8410415155926567,-5.749490883080969,-0.4,0.4624327264504764,-21.064803687644435,-120.03836293368293,1.0,10,5,False,,stable
002028.SZ,roiic,思源电气,20250419.0,电气设备,20241231,-0.3614926429566946,0.0028706978934060156,0.0002865317766501185,0.9784485858023948,,,up,0.877064911968716,16.643320246774554,high_volatility,stable,False,none,408.6987177447395,False,none,False,falling,mid_down,True,False,3.4126593086161985,-1.03648580632089,-0.2,0.8064959405073401,18.867707813903703,26.609267693556298,1.4103073863560576,10,5,False,,stable
002030.SZ,roiic,达安基因,20250329.0,医疗保健,20241231,3.3840229053357005,0.030130162828953734,0.003677600156263144,0.9228340066981034,-0.17153033116997551,-0.17153033116997551,up,0.7655135927162132,100.23822195884956,high_volatility,increasing_vol,True,mild,66.34176256007112,False,none,False,falling,mid_down,False,False,0.2544090662267777,10.927008233151085,0.2,0.8064959405073401,131.95765245663856,88.67778713569115,0.6720170106453718,10,5,False,,stable
002036.SZ,roiic,联创电子,20250426.0,元器件,20241231,0.3829425893375868,0.559117281672473,0.29375158749056673,0.34537594469704863,,,up,3.7410402752565526,336.78083776866293,high_volatility,increasing_vol,True,severe,-4167.535851580206,False,none,False,falling,bottom,False,True,-4.295025528149848,-3.0827915185289774,0.0,1.0,95.53653557983125,-232.97234800348468,-2.4385680995184376,10,5,False,,stable
002038.SZ,roiic,双鹭药业,20250422.0,生物制药,20241231,66.11350096603368,2.3395148294811663,0.4341950940435126,0.22647349628476096,,,up,6.167231877964987,143.12339845703428,high_volatility,increasing_vol,False,none,280.38101807632495,False,none,False,rising,top,False,False,5.883938560665419,75.94733551987667,0.6,0.22067136191984693,43.04112297478608,241.22565906120124,5.604539156715629,10,5,False,,stable
002044.SZ,roiic,美年健康,20250417.0,医疗保健,20241231,39.025911261771974,1.3445115907914689,0.150790338928537,0.5183020877803055,,,up,542.075148183273,111.74007727905044,high_volatility,increasing_vol,True,severe,-170.69793121106937,False,none,False,falling,mid_down,False,True,-4.160730092435374,43.06792111524323,0.4,0.4624327264504764,11.501639454750837,-26.94904716933233,-2.343061376193707,10,5,False,,stable
002045.SZ,roiic,国光电器,20250429.0,元器件,20241231,3.308743366515665,0.24295838475981216,0.009526389505039765,0.8759253083476155,,,up,2.2359100889865218,3821.0449803693086,high_volatility,decreasing_vol,True,severe,-127.91610954016852,True,worsening,False,falling,mid_down,False,True,-3.9008406032307477,60.90217157830594,0.4,0.4624327264504764,-1195.3543382660255,-13.051733155838418,1.0,10,5,False,,stable
002049.SZ,roiic,紫光国微,20250423.0,半导体,20241231,-9.161311132906215,-0.8624328560392052,0.15770655176559162,0.5079913490271256,,,down,3.6932762429080337,154.69592472737085,high_volatility,increasing_vol,True,severe,-1594.9649977465351,False,none,False,falling,bottom,False,True,-5.09253908135643,-33.85033503725257,-0.8,0.0864107329737,-65.57974671553193,-314.6473984070952,1.0,10,5,False,,stable
002055.SZ,roiic,得润电子,20250429.0,元器件,20241231,54.04540582836118,2.5486044761382254,0.7710827637939653,0.05013777698697494,,,up,1.8189548849012762,102.07566494555566,high_volatility,decreasing_vol,False,none,216.5372848505222,False,none,False,rising,top,False,False,4.96920180371275,68.75240836518142,0.8,0.0864107329737,-39.90413344864477,77.6744449840146,1.0,10,5,False,,stable
002056.SZ,roiic,横店东磁,20250312.0,电气设备,20241231,-1.9829708291396706,-0.15631190035973463,0.10987301759226302,0.5858191873566088,0.38504471144662267,0.38504471144662267,down,0.9878421784587136,33.57862859017084,high_volatility,increasing_vol,False,none,164.04260474876796,False,none,False,rising,top,False,False,0.4853795764868303,10.69112158078725,0.2,0.8064959405073401,37.64401021170811,90.77100425659525,2.4113000646345455,10,5,False,,stable
002063.SZ,roiic,远光软件,20250329.0,软件服务,20241231,-0.6673056559000047,-0.048978331946024634,0.02511965378769473,0.7990500219338098,,,down,2.4231370930253373,22.34256274058064,high_volatility,stable,True,severe,-641.4935130274182,False,none,False,falling,bottom,False,True,-3.025386932239503,-13.88747328467992,-0.8,0.0864107329737,5.323301533348466,-23.813641753335386,-4.473472262307883,10,5,False,,stable
002065.SZ,roiic,东华软件,20250411.0,软件服务,20241231,-1.1841616756887199,-0.6481400929535394,0.20125737609334016,0.4485870510485421,,,down,3.7742739862705674,21.588182452158275,high_volatility,increasing_vol,True,severe,-344.60906871473645,False,none,False,falling,mid_down,False,False,-2.3700643782799213,0.9364894095687526,0.2,0.8064959405073401,6.757467581487572,-8.262521310351712,-1.222724520793457,10,5,False,,stable
002073.SZ,roiic,软控股份,20250423.0,专用机械,20241231,6.614239572721759,0.44504793803047304,0.930123155621598,0.008010292955912412,0.48596212039690023,0.48596212039690023,up,0.6777379332267791,11.23275559055604,moderate,increasing_vol,False,none,138.8409648876772,False,none,False,falling,mid_down,False,False,0.43458589355173793,6.235787532754877,0.8,0.0864107329737,18.558164286360523,28.37781732264532,1.5291284679218964,10,5,False,,stable
002074.SZ,roiic,国轩高科,20250425.0,电气设备,20241231,-0.012560433832520168,-0.026529356773377512,0.01511381431851532,0.8438653459258808,-0.10615341970334846,-0.10615341970334846,down,0.677155876014119,2.0508980416858513,high_volatility,stable,True,severe,-4.204939653171666,False,none,False,falling,mid_down,False,False,-0.01997054415431465,0.31108741825929326,0.0,1.0,3.1121803177555796,2.4717758721892404,0.7942264328603615,10,5,False,,stable
002077.SZ,roiic,大港股份,20250426.0,半导体,20241231,32.06915024550095,2.0064765602438825,0.47915320090318697,0.1952422347296838,,,up,3.073922719799552,232.57885473069769,high_volatility,stable,False,none,-76.85414517339485,False,none,False,rising,mid_up,False,False,-0.7316671921429749,19.230843578083313,0.0,1.0,85.2826520020925,108.50982990346924,1.2723552487650927,10,5,False,,stable
002079.SZ,roiic,苏州固锝,20250415.0,电气设备,20241231,1.9385646548291013,-0.6670413179966677,0.04760621303165163,0.7244140294130471,,,down,2.368713753264491,53.0008002538226,high_volatility,stable,False,none,-178.88548259803662,False,none,False,rising,mid_up,False,True,-4.144551946006224,7.365167203269959,0.2,0.8064959405073401,-21.79378101504716,-28.00995302789643,1.0,10,5,False,,stable
002090.SZ,roiic,金智科技,20250411.0,电气设备,20241231,-7.458194950969729,0.32160655359209445,0.0383346927025597,0.7523113136933022,,,up,1.6571617325371675,189.5169612987396,high_volatility,stable,False,none,-93.53594768044127,False,none,False,rising,mid_up,False,False,-1.3693094414248956,-0.8245305021648575,0.0,1.0,112.12492243246241,29.04928158633364,0.2590796136677932,10,5,False,,stable
002099.SZ,roiic,海翔药业,20250429.0,化学制药,20241231,16.79295826855229,0.23659190587472495,0.022724903246914632,0.8087913834201576,,,up,5.7720815643981735,92.95455370337149,high_volatility,increasing_vol,True,severe,-5227.19497614729,False,none,False,falling,mid_down,False,False,-2.536271502454394,57.0134638057619,0.6,0.22067136191984693,-5.755776922797292,-39.34190103019357,1.0,10,5,False,,stable
002102.SZ,roiic,能特科技,20250426.0,化学制药,20241231,29.834875048144312,1.3266230875203417,0.13767126794836507,0.5386517146619947,,,up,2.8152220715124026,145.74401587635563,high_volatility,increasing_vol,False,none,151.57669571641242,False,none,False,rising,top,False,False,0.46122458785110343,31.344486981941415,0.4,0.4624327264504764,-42.81952655716786,101.79555428502545,1.0,10,5,False,,stable
002106.SZ,roiic,莱宝高科,20250329.0,元器件,20241231,-10.700370693768576,-1.106202970799919,0.1878405330104398,0.4659694336533285,,,down,12.670344690025368,31.967749759024315,high_volatility,decreasing_vol,False,none,111.34049595711788,False,none,False,rising,mid_up,True,False,3.337962187307813,-11.837933473025743,-0.4,0.4624327264504764,-0.6870741052654326,4.715326770465674,1.0,10,5,False,,stable
002112.SZ,roiic,三变科技,20250425.0,电气设备,20241231,-1.565374250931144,-0.12149971171935436,0.30880898241097915,0.3307764555822531,,,down,1.1157405571821353,13.404473098151957,high_volatility,decreasing_vol,True,severe,-58.2846385196956,False,none,False,falling,mid_down,False,False,-0.4359899402025038,-0.6182483120646101,0.0,1.0,12.42654025324278,9.409252429834542,0.7571900334350216,10,5,False,,stable
002119.SZ,roiic,康强电子,20250325.0,半导体,20241231,-8.468086805516862,-0.7214959226190442,0.11892756025990216,0.5697777331827464,,,down,6.101181575519446,142.90826500102807,high_volatility,increasing_vol,True,severe,-209.41154610623607,False,none,False,falling,bottom,False,True,-5.954167961233674,-50.89499254085386,-0.6,0.22067136191984693,4.628295114431552,-201.53985204114178,-43.54516016334342,10,5,False,,stable
002129.SZ,roiic,TCL中环,20250426.0,电气设备,20241231,-3.0162796864767687,-0.5553257093285808,0.08241695764860583,0.639558787417297,,,down,2.158742546833156,266.03299241299504,high_volatility,increasing_vol,False,none,4117.913971877619,False,none,False,rising,top,False,False,1.870343166288923,11.32682641296752,0.2,0.8064959405073401,157.70200515483344,598.311714798937,3.7939385375062824,10,5,False,,stable
002130.SZ,roiic,沃尔核材,20250426.0,电气设备,20241231,-1.1371929270617311,-0.04313065069767674,0.037124921619642676,0.756200903992446,-0.24538125071257566,-0.24538125071257566,down,0.7344812229951267,22.936812800952545,volatile,decreasing_vol,False,none,70.73569291326484,False,none,False,rising,mid_up,True,False,0.26700661637887424,-10.25237743927345,-0.4,0.4624327264504764,27.877472817547638,22.616873708444523,0.8112956958640885,10,5,False,,stable
002134.SZ,roiic,天津普林,20250426.0,元器件,20241231,6.425910989283797,1.7579709882824823,0.7031720456448073,0.07595728060663713,,,up,2.4217358298456464,298.42018497337017,high_volatility,decreasing_vol,False,none,124.17585948381348,False,none,False,rising,mid_up,False,False,3.5114248081755255,5.402011594574866,0.2,0.8064959405073401,105.25420581912884,8.218776632466088,0.07808501872684705,10,5,False,,stable
002137.SZ,roiic,实益达,20250422.0,元器件,20241231,43.73694387578881,2.035851430108388,0.4091020769540305,0.24518533711872656,,,up,2.8511628435899343,470.64721507999644,high_volatility,increasing_vol,False,none,-77.32440181043452,False,none,False,rising,mid_up,False,False,-0.7418688403257558,16.72094826099022,0.0,1.0,-183.35923485871623,40.69981112747713,1.0,10,5,False,,stable
002138.SZ,roiic,顺络电子,20250228.0,元器件,20241231,-1.144108886762373,-0.05330835118706338,0.0006105372210589893,0.9685426602438596,,,down,2.605198004159728,161.59347548978454,high_volatility,increasing_vol,True,severe,-1309.5062226793832,False,none,False,falling,bottom,False,False,-1.322709386278734,-34.92337277066557,-0.8,0.0864107329737,-84.47791767402776,-348.8746982079266,1.0,10,5,False,,stable
002139.SZ,roiic,拓邦股份,20250328.0,元器件,20241231,-3.92858862013678,-0.60045055437943,0.0689459057480083,0.6695608857638521,,,down,2.7675543289023636,20.13676841306696,high_volatility,stable,False,none,333.53904171160633,False,none,False,rising,top,True,False,3.366456739470415,-5.909792912982806,-0.4,0.4624327264504764,6.0974389930473,22.10389597333501,3.6251114604901047,10,5,False,,stable
002149.SZ,roiic,西部材料,20250429.0,小金属,20241231,-2.913576782696406,0.08894761652476943,0.011505602997522275,0.8636893583685421,,,up,6.200440454695811,83.30905539566854,high_volatility,increasing_vol,True,severe,-709.1634557796142,False,none,False,falling,bottom,False,True,-4.845863556267499,-29.53262076155814,-0.4,0.4624327264504764,-24.61526264224119,-156.95848591698856,1.0,10,5,False,,stable
002152.SZ,roiic,广电运通,20250329.0,IT设备,20241231,0.5076309123092477,0.17458833022056117,0.019714308360870497,0.8218165724475354,,,up,1.0639056526630764,5.70344633051776,high_volatility,increasing_vol,True,severe,-103.28857274399581,False,none,False,falling,bottom,False,True,-1.5558136390483597,0.9891202045639136,0.4,0.4624327264504764,5.513146522868384,-0.2792986327001977,-0.05066047701465479,10,5,False,,stable
002153.SZ,roiic,石基信息,20250429.0,软件服务,20241231,-60.714431925443435,-2.0905938335585263,0.575938821763433,0.13685076128706633,,,down,2.9368335443048332,1141.2018245452487,high_volatility,increasing_vol,False,none,-170.936476696487,False,none,False,rising,mid_up,False,True,-4.23013955057098,-89.56961201241678,-0.6,0.22067136191984693,-483.14166545172446,-28.935677032737033,1.0,10,5,False,,stable
002156.SZ,roiic,通富微电,20250412.0,半导体,20241231,0.1962806170446207,-0.4961379314454691,0.050656611196300855,0.715869830091733,,,down,2.119908875066137,15.810907148994373,high_volatility,increasing_vol,False,none,572.4720497409392,False,none,False,rising,top,True,False,3.197379501824253,-1.4132899338713536,0.0,1.0,7.517179838741944,26.483626390677493,3.523080059118251,10,5,False,,stable
002167.SZ,roiic,东方锆业,20250416.0,小金属,20241231,39.449223964850624,2.0771794526390543,0.4975370893544258,0.1832619194851585,,,up,2.455022099504687,102.69991781128002,high_volatility,stable,False,none,1303.9683562575512,False,none,False,rising,top,True,False,4.200642070958114,33.91169367541498,0.4,0.4624327264504764,-29.997816652458187,115.61196889304995,1.0,10,5,False,,stable
002169.SZ,roiic,智光电气,20250424.0,电气设备,20241231,-6.911764690675869,-0.7732350330077286,0.13642710226734944,0.5406392477202802,,,down,2.5583775325339984,554.5460812091826,high_volatility,stable,True,severe,-104.36009732677014,False,none,False,falling,bottom,False,True,-6.223440836832216,-8.31457257069208,-0.2,0.8064959405073401,214.68340898723392,-52.6628673153782,-0.24530478421138627,10,5,False,,stable
002172.SZ,roiic,澳洋健康,20250415.0,医疗保健,20241231,3.491142167048454,1.0752891133245857,0.3567282534452483,0.28754402027393205,,,up,17.616445487246192,339.0623655127753,high_volatility,increasing_vol,True,severe,101.22852620514091,False,none,False,falling,mid_down,False,False,4.566451104586988,20.75008589173631,0.2,0.8064959405073401,35.84861899784536,5.308171339835032,0.14807185013609797,10,5,False,,stable
002173.SZ,roiic,创新医疗,20250412.0,医疗保健,20241231,42.029556419821915,2.0977107081419293,0.5299400537787664,0.16318945735451573,,,up,1.2100644770777698,95.85548342097063,high_volatility,increasing_vol,False,none,330.40296395148283,False,none,False,rising,top,True,False,4.405193021189886,55.77087423169555,0.6,0.22067136191984693,-66.60631973291282,62.12642533506057,1.0,10,5,False,,stable
002176.SZ,roiic,江特电机,20250429.0,小金属,20241231,-15.580883584047104,-0.4180487613879264,0.3932135292031609,0.25754454163482077,,,down,2.800243141700107,556.5870040046883,high_volatility,increasing_vol,True,severe,-93.78304061480148,False,none,False,falling,mid_down,False,True,-1.3879126165470705,194.0589744311594,0.4,0.4624327264504764,253.94354843332928,10.967195414748582,0.043187533144311896,10,5,False,,stable
002178.SZ,roiic,延华智能,20250423.0,软件服务,20241231,11.841470844284547,-0.023413563066239273,0.003022521429104341,0.9300357986337362,-0.1631154665393667,-0.1631154665393667,down,1.0978911689305781,283.4069926111023,high_volatility,decreasing_vol,True,mild,-46.36970257143423,False,none,False,falling,bottom,False,False,-0.3114918031546763,-17.155601575230058,-0.4,0.4624327264504764,242.71199819709054,49.58512450364678,0.20429614057802756,10,5,False,,stable
002179.SZ,roiic,中航光电,20250329.0,元器件,20241231,-0.3931766736749477,-0.01856647997413896,0.081927774069257,0.6405995943370691,-0.6790802869315771,-0.6790802869315771,down,0.5652330551228723,8.435102130355963,volatile,increasing_vol,True,severe,-98.84703665803436,False,none,False,falling,bottom,False,False,-1.7204533851673671,-3.4832662913115033,-0.6,0.22067136191984693,13.707373336058705,0.22473092008005066,0.016394893067431967,10,5,False,,stable
002180.SZ,roiic,纳思达,20250412.0,IT设备,20241231,35.52133485742937,2.0002149383873453,0.5345566041089203,0.16043427991829068,,,up,3.191203790937108,371.43147569692155,high_volatility,increasing_vol,True,severe,-2272.4841380865546,False,none,False,falling,bottom,False,True,-5.788802829244625,28.523876227616675,0.2,0.8064959405073401,-153.34818161637742,-761.1129784905809,1.0,10,5,False,,stable
002182.SZ,roiic,宝武镁业,20250425.0,小金属,20241231,-6.408591578167297,-1.4653063187011612,0.45736581890729044,0.2100241523199963,,,down,2.4055324568043472,113.61326660656503,high_volatility,decreasing_vol,False,none,-197.5927042075163,True,growth_to_decline,False,falling,mid_down,False,True,-3.283200303591788,-5.78353266829187,-0.2,0.8064959405073401,-34.21892786510162,-13.150517877565854,1.0,10,5,False,,stable
002185.SZ,roiic,华天科技,20250401.0,半导体,20241231,-5.831960637452641,-0.8298253344714936,0.09320553446265822,0.6174110560416114,,,down,4.75541549897703,32.58994740303602,high_volatility,stable,False,none,125.40613829417329,False,none,False,rising,mid_up,True,False,3.9746476205944665,-3.673509651707125,-0.4,0.4624327264504764,-8.602816349752471,13.405589441348804,1.0,10,5,False,,stable
002189.SZ,roiic,中光学,20250422.0,元器件,20241231,16.428073346010965,0.4683479873962725,0.9079630097548589,0.012194751045648402,0.5570364429692072,0.5570364429692072,up,1.2902491035054868,108.02454913573237,high_volatility,stable,False,none,-69.28992186947339,False,none,False,rising,mid_up,False,True,-0.5902732037802045,15.254349333352732,0.4,0.4624327264504764,88.65221521725309,82.9563710577091,0.9357506843389574,10,5,False,,stable
002192.SZ,roiic,融捷股份,20250422.0,小金属,20241231,-92.48749098437472,-2.4174745941932505,0.5275114141902699,0.16464916274515237,,,down,2.9676241067882136,633.1346060804464,high_volatility,increasing_vol,False,none,-250.25739333050407,False,none,False,rising,mid_up,False,False,-5.962804543372679,-153.8684563539108,-0.6,0.22067136191984693,-283.3308755441411,-238.23080777876672,1.0,10,5,False,,stable
002195.SZ,roiic,岩山科技,20250422.0,软件服务,20241231,-111.67387536648289,-2.388054597590554,0.5440502628519067,0.1548481606805343,,,down,1.267856226872685,425.5503202005979,high_volatility,stable,True,severe,-108.51649196764741,False,none,False,falling,bottom,False,True,-6.166911935135184,-76.75240474187291,-0.4,0.4624327264504764,302.14340285789007,-69.5576495094783,-0.23021402702012328,10,5,False,,stable
002202.SZ,roiic,金风科技,20250329.0,电气设备,20241231,3.603819754432071,0.19888618692072235,0.012816880128862035,0.8561629473861849,,,up,2.546218729378809,192.58214793423042,high_volatility,increasing_vol,False,none,436.2393609019215,False,none,False,rising,top,True,False,3.440925880424892,-4.761355498994003,-0.2,0.8064959405073401,-87.44994871313186,28.566344847894555,1.0,10,5,False,,stable
002204.SZ,roiic,大连重工,20250417.0,专用机械,20241231,6.283933610871894,1.2744831344445475,0.42166270394040517,0.23569854141531027,,,up,1.898608672760494,17.251179570935566,high_volatility,decreasing_vol,False,none,-34.848186977098116,False,none,False,rising,mid_up,False,False,-0.21403775474456688,7.189640633719454,0.4,0.4624327264504764,10.971401914247469,19.586090184439826,1.7851948490744212,10,5,False,,stable
002212.SZ,roiic,天融信,20250419.0,软件服务,20241231,13.502427484387246,0.9873662132171548,0.22457578907896908,0.4200326453850089,,,up,61.29822155071712,359.5151136477584,high_volatility,stable,True,severe,-30748.33358793719,False,none,False,falling,bottom,False,False,-2.8322149600624016,-146.79645937847997,-0.2,0.8064959405073401,-48.52803584345021,-565.5228461519197,1.0,10,5,False,,stable
002213.SZ,roiic,大为股份,20250411.0,半导体,20241231,-1.202832722279568,-0.04905832381153745,0.011802923508243844,0.8619462438087027,,,down,3.647860674965414,196.84951271290726,high_volatility,increasing_vol,True,severe,-8685.851494607825,False,none,False,falling,bottom,False,True,-4.470335871117412,-14.19685294843912,-0.4,0.4624327264504764,-78.05948641053894,-402.6017845914173,1.0,10,5,False,,stable
002217.SZ,roiic,合力泰,20250429.0,元器件,20241231,-52.4279817007023,-1.0442896507508261,0.1435327712686596,0.5294256503779484,,,down,0.9252087283115749,199.20082697249575,high_volatility,decreasing_vol,False,none,203.74535666777146,False,none,False,rising,mid_up,False,False,0.5554935477845278,-84.77810112397754,-0.4,0.4624327264504764,199.5752671143612,251.82907571511458,1.261825071594722,10,5,False,,stable
002218.SZ,roiic,拓日新能,20250423.0,新型电力,20241231,-6.933040053037047,-0.7618095104713395,0.12247831085276048,0.5636764394549431,,,down,1.2456735725983052,39.48463834002542,high_volatility,decreasing_vol,False,none,85.51317886585987,False,none,False,rising,mid_up,False,False,0.9651014684318548,-3.8329827442595588,0.0,1.0,-33.777331956887984,-11.885512696989469,1.0,10,5,False,,stable
002219.SZ,roiic,新里程,20250429.0,医疗保健,20241231,-8.93018175670958,-0.8635061220548366,0.12584991791328623,0.5579755675269654,,,down,1.2591689271919262,79.05520561587134,high_volatility,decreasing_vol,True,severe,13.66856993982119,False,none,False,falling,mid_down,False,False,0.07347969632006057,18.028505713754782,0.2,0.8064959405073401,-56.86790543520823,-61.07565889528369,1.0,10,5,False,,stable
002222.SZ,roiic,福晶科技,20250429.0,元器件,20241231,-1.5008342588117185,-0.06455710385667923,0.040982347528180495,0.7440157055921741,,,down,1.8671178876853842,20.611753447579254,high_volatility,increasing_vol,False,none,-57.77708454378031,False,none,False,rising,mid_up,False,False,-0.43013288000242367,-7.138237643460009,-0.4,0.4624327264504764,9.412117401625022,10.265383853954331,1.0906561633179364,10,5,False,,stable
002223.SZ,roiic,鱼跃医疗,20250426.0,医疗保健,20241231,1.8815120232718605,0.714896743350852,0.09887938356534834,0.6063282216537071,,,up,1.2896246549014296,71.63257833067466,high_volatility,stable,False,none,3261.8995065521576,False,none,False,rising,top,False,False,1.7525143168879187,32.95796160096826,0.4,0.4624327264504764,64.08863670728246,166.23519111150782,2.593832536503594,10,5,False,,stable
002227.SZ,roiic,奥特迅,20250430.0,电气设备,20241231,2.8238111130880132,0.5602535078855244,0.27113937039427344,0.36832626701384474,,,up,17.212604978928244,17.63134562477802,high_volatility,increasing_vol,False,none,2173.1427848830085,False,none,False,rising,top,True,False,2.644886940090725,7.693200336057478,1.0,0.02748633611151033,4.0572169354774505,30.49920708744045,7.517272941643019,10,5,False,,stable
002230.SZ,roiic,科大讯飞,20250422.0,软件服务,20241231,-1.5694611014004132,-0.8376370626570067,0.40267831309823027,0.25013303518655816,,,down,3.4527227754452015,82.70152565225575,high_volatility,stable,True,severe,96.68676801991364,False,none,False,falling,mid_down,False,False,1.6996488097397653,-12.060136171056275,-0.4,0.4624327264504764,-26.771281942020725,-5.57180220422926,1.0,10,5,False,,stable
002232.SZ,roiic,启明信息,20250419.0,软件服务,20241231,15.672964961884134,0.8683719270339211,0.0747152872164021,0.6563552225699616,,,up,12.035568747583659,1435.9878770207288,high_volatility,increasing_vol,False,none,5036.906376335312,False,none,False,rising,top,False,False,1.9694583317091343,148.12160746330704,0.0,1.0,211.65104416269827,2349.3475445584154,11.100099004247994,10,5,False,,stable
002236.SZ,roiic,大华股份,20250329.0,IT设备,20241231,4.8762028636553065,0.5267286755014088,0.037414277667913005,0.7552646611607627,,,up,2.3153577492344053,517.3060896959627,high_volatility,increasing_vol,True,severe,-2033.5659375650582,False,none,False,falling,bottom,False,False,-1.5301466243049893,-40.064687487654716,-0.4,0.4624327264504764,-290.99463234067855,-1145.1912845508411,1.0,10,5,False,,stable
002240.SZ,roiic,盛新锂能,20250322.0,小金属,20241231,-103.33822288091542,-3.3628393453505843,0.7454121505291975,0.05936547697576168,,,down,2.645730984136264,209.34769170796804,high_volatility,increasing_vol,False,none,-415.36246116005157,False,none,False,rising,mid_up,False,False,-5.497367833266209,-81.91391846275435,-0.6,0.22067136191984693,-110.12806475469188,-216.6899971382096,1.0,10,5,False,,stable
002241.SZ,roiic,歌尔股份,20250327.0,元器件,20241231,-2.482294805760037,-0.69718141726495,0.05909200545182015,0.693566009997391,,,down,6.141814682160739,38.948331419546435,high_volatility,stable,False,none,183.95890169604496,False,none,False,rising,top,True,False,4.518346031479996,-4.581873831986566,0.0,1.0,5.5968137746566935,41.999456233317005,7.504172538935912,10,5,False,,stable
002245.SZ,roiic,蔚蓝锂芯,20250311.0,电气设备,20241231,-42.6232897020178,-2.301080060294785,0.5948948951031612,0.12669482706656188,,,down,3.24861511553814,187.77542973639194,high_volatility,increasing_vol,True,severe,-518.0080409128476,False,none,False,falling,bottom,False,False,-0.9104322687218234,-45.468748092205985,-0.4,0.4624327264504764,55.85793010223185,-141.09213408239168,-2.5259105345322173,10,5,False,,stable
002249.SZ,roiic,大洋电机,20250426.0,电气设备,20241231,-7.463783152515449,-0.15937456279201162,0.48260082914025537,0.19296178973932473,,,down,2.483828291310133,71.0190037140074,high_volatility,decreasing_vol,True,severe,-56.80471495685965,False,none,False,falling,mid_down,False,False,-0.419610976182168,-1.2030809174815171,0.0,1.0,31.245679650262552,30.6130697473383,0.9797536840291156,10,5,False,,stable
002252.SZ,roiic,上海莱士,20250418.0,生物制药,20241231,6.502565804012666,0.2788633168251737,0.010527158673511474,0.869592718126327,,,up,5.007029450649875,36.48359162070073,high_volatility,decreasing_vol,False,none,-3.5441110758330097,False,none,False,rising,mid_up,False,False,-0.018022060504829795,4.798717548491944,0.2,0.8064959405073401,-5.33570460057692,20.77291841865168,1.0,10,5,False,,stable
002255.SZ,roiic,海陆重工,20250320.0,专用机械,20241231,0.9778545320569499,0.19715653189324894,0.05457191204411716,0.705291068177145,,,up,2.4749018456228256,718.4781660719177,high_volatility,decreasing_vol,False,none,801.5549905805422,True,deterioration_to_recovery,False,rising,mid_up,False,False,0.9576096418301818,0.39752894590168153,0.0,1.0,200.15026850731633,6.7361632654845325,0.03365552949652075,10,5,False,,stable
002256.SZ,roiic,兆新股份,20250418.0,新型电力,20241231,-20.6086623755017,-1.0324976910699786,0.13635085173601327,0.5407613974342815,,,down,2.942864075003732,2289.7428025135355,high_volatility,decreasing_vol,False,none,103.09552049385935,False,none,False,rising,mid_up,True,False,5.699022860728133,-499.8462794667595,-0.4,0.4624327264504764,484.1434768631571,26.261061509330524,0.05424231196809701,10,5,False,,stable
002261.SZ,roiic,拓维信息,20250425.0,软件服务,20241231,7.463775865097725,0.26023511236767033,0.10489850375116576,0.5949502358194797,-0.008046460917739862,-0.008046460917739862,up,1.0530532534212742,57.773386607774476,high_volatility,stable,True,severe,-85.37096178678587,False,none,False,falling,mid_down,False,True,-0.9608060642761591,2.490322611801893,0.0,1.0,57.101872530831486,21.08958420922395,0.3693326203591113,10,5,False,,stable
002262.SZ,roiic,恩华药业,20250329.0,化学制药,20241231,-0.200809875422787,-0.015193795552534617,0.5456647698159296,0.15390875665410095,-0.01886667538120912,-0.01886667538120912,down,0.3252067539500056,4.393300821659473,moderate,increasing_vol,True,severe,56.609018977944956,False,none,False,falling,mid_down,False,False,0.22317127418207905,-0.13508130237116034,-0.2,0.8064959405073401,13.676918691940939,12.68297986149859,0.9273272838107882,10,5,False,,stable
002265.SZ,roiic,建设工业,20250424.0,专用机械,20241231,-2.811616426547656,-0.9672278294029029,0.3572923364174389,0.2870620893485777,,,down,6.709733198195539,83.96348190294725,high_volatility,decreasing_vol,True,severe,-151.6834213428963,False,none,False,falling,mid_down,False,False,-3.4569756681361223,-18.038407005892346,-0.4,0.4624327264504764,-13.088291366222853,-11.388381311899945,1.0,10,5,False,,stable
002268.SZ,roiic,电科网安,20250429.0,IT设备,20241231,-0.7193415943549109,-0.03193636239053736,0.02267237819616244,0.8090107957370812,,,down,3.390493272348862,129.65658726133722,high_volatility,increasing_vol,True,severe,-1247.7949133151442,False,none,False,falling,bottom,False,True,-5.071194128332421,-9.602120046643309,-0.6,0.22067136191984693,-55.80196350806149,-269.8950489671454,1.0,10,5,False,,stable
002270.SZ,roiic,华明装备,20250411.0,电气设备,20241231,-85.68046103668992,-3.3384067366812373,0.8045032107438641,0.03909600547963051,,,down,5.959684457522799,168.55178770928987,high_volatility,decreasing_vol,True,severe,-595.629932774599,False,none,False,falling,mid_down,True,False,-0.969544594578194,-62.286248043093536,-0.8,0.0864107329737,2.577860326778307,-145.59174701204108,-56.4777484255693,10,5,False,,stable
002273.SZ,roiic,水晶光电,20250410.0,元器件,20241231,4.4726932645879165,1.3433162600648394,0.5610377333146216,0.1451158168599527,,,up,1.8377464203977574,55.11978056177502,high_volatility,increasing_vol,False,none,355.31991638072805,False,none,False,rising,top,False,True,0.7577574320401603,23.43657132458147,0.8,0.0864107329737,38.5304077358374,125.0608218178932,3.2457694887452035,10,5,False,,stable
002276.SZ,roiic,万马股份,20250419.0,电气设备,20241231,3.2333595084066973,0.16469753213291277,0.18637534124645086,0.4679136557431906,0.6293640122790032,0.6293640122790032,up,1.202519973256841,55.774488255325174,high_volatility,increasing_vol,False,none,638.4535823086045,False,none,False,rising,top,False,False,0.999370933034466,18.93804462869233,0.6,0.22067136191984693,54.785052086043265,143.8382510566344,2.6255017669916176,10,5,False,,stable
002279.SZ,roiic,久其软件,20250425.0,软件服务,20241231,-12.879974165782702,-0.39057921620346436,0.02714270995212865,0.7911860565343997,,,down,0.9820921155120325,133.11000433690185,high_volatility,decreasing_vol,True,severe,-101.06562872872883,False,none,False,falling,bottom,False,True,-3.7467895221104417,-42.27169800636704,-0.4,0.4624327264504764,131.67319640542755,-2.1326759691075314,-0.016196735761930838,10,5,False,,stable
002294.SZ,roiic,信立泰,20250329.0,化学制药,20241231,-2.9312706108509152,-0.1917527867326824,0.5263206915326318,0.16536743521939554,,,down,2.213326707993441,36.357293348914745,high_volatility,stable,True,severe,124.02563804646304,False,none,False,falling,mid_down,True,False,3.6096133398038917,-13.329255363683142,-0.6,0.22067136191984693,13.075163761639637,9.041557905211432,0.6915062839777093,10,5,False,,stable
002298.SZ,roiic,中电鑫龙,20250425.0,电气设备,20241231,5.132786048048752,0.3445561177803443,0.0192911876311979,0.8237265408565146,,,up,2.839097505065883,69.41177292652499,high_volatility,stable,False,none,-69.05708405607959,False,none,False,rising,mid_up,False,False,-0.5864488939709949,-1.0276518873332874,0.0,1.0,25.988370182350764,41.96917790267229,1.614921505588466,10,5,False,,stable
002300.SZ,roiic,太阳电缆,20250417.0,电气设备,20241231,-0.7667024065488008,-0.751832160072779,0.14202170850089013,0.5317827701907251,,,down,2.0537327418640694,105.80391254045449,high_volatility,increasing_vol,True,severe,-3067.9928078383327,False,none,False,falling,bottom,False,False,-4.4777316409375,-24.80566807613725,-0.4,0.4624327264504764,-65.99740532887483,-239.34514216142603,1.0,10,5,False,,stable
002309.SZ,roiic,中利集团,20250422.0,电气设备,20241231,-16.241336274875998,-1.7242138687736575,0.5301736113481574,0.16304945494030262,,,down,4.158577408868971,128.11069261789106,high_volatility,stable,True,severe,89.11768564450475,False,none,False,falling,mid_down,False,False,1.1088523602734992,-20.12215871560178,-0.4,0.4624327264504764,-35.678775279791616,-27.49872458022502,1.0,10,5,False,,stable
002316.SZ,roiic,亚联发展,20250429.0,软件服务,20241231,7.42564885027339,0.15989782510056222,0.002448766220789024,0.9370194523766459,,,up,3.9290194054195076,63.67758581065633,high_volatility,stable,False,none,265.8932859278853,False,none,False,rising,top,True,False,4.7014949653584726,3.3495384743749375,0.0,1.0,-13.979297278534403,70.90505883806746,1.0,10,5,False,,stable
002322.SZ,roiic,理工能科,20250410.0,软件服务,20241231,-11.579189691060055,-1.2752083893026085,0.5650333872516833,0.1428749089087468,,,down,63.22332553342539,95.29642964043597,high_volatility,decreasing_vol,True,severe,-102.00535547630254,False,none,False,falling,mid_down,False,True,-3.3283622705799676,11.800653541386565,0.0,1.0,9.373691044183975,-1.9145132111256833,-0.2042432593629771,10,5,False,,stable
002331.SZ,roiic,皖通科技,20250428.0,软件服务,20241231,1.3909795366006548,0.8866414788587413,0.09231742667463984,0.6191792260941404,,,up,2.2093809331705345,99.18573262835628,high_volatility,decreasing_vol,True,mild,897.0706453791554,False,none,False,falling,mid_down,False,False,1.1472545502172118,4.257976667913946,0.0,1.0,45.31029132431102,68.89866726870733,1.5205964308541111,10,5,False,,stable
002332.SZ,roiic,仙琚制药,20250424.0,化学制药,20241231,20.81519600329571,0.29691606992774505,0.008880421944217363,0.8801928336291489,,,up,3.6820053622582143,97.44188306247727,high_volatility,increasing_vol,False,none,126.83390165362422,False,none,False,rising,top,False,False,0.4095039715988378,33.48598528010632,0.2,0.8064959405073401,32.70891001060105,161.13607980165,4.9263665389468905,10,5,False,,stable
002334.SZ,roiic,英威腾,20250408.0,电气设备,20241231,-0.48988827177650157,-0.024617747169486615,0.12287458645818498,0.5630017919610776,,,down,2.273799703096833,345.12692489028103,high_volatility,decreasing_vol,True,severe,-404.650072681146,False,none,False,falling,mid_down,False,True,-4.368562312297305,-66.06218909797876,-0.8,0.0864107329737,101.59149234764789,-68.86452251958933,-0.6778571800474563,10,5,False,,stable
002335.SZ,roiic,科华数据,20250426.0,电气设备,20241231,-1.446834752356856,0.002429806250969069,6.385720981081672e-05,0.9898255611567403,,,up,7.646558140440079,110.76587723380943,high_volatility,increasing_vol,True,severe,-593.950243650311,False,none,False,falling,bottom,False,False,-5.24688704695862,-24.6163740723495,-0.6,0.22067136191984693,-29.76682780068687,-211.09345181363318,1.0,10,5,False,,stable
002339.SZ,roiic,积成电子,20250425.0,电气设备,20241231,-29.64901497641884,-1.218554439617272,0.13516394489333639,0.5426678849954779,,,down,2.4021508831881566,1141.3611694452527,high_volatility,decreasing_vol,True,severe,-11.196214684610176,False,none,False,falling,mid_down,False,False,-0.05306102336150431,-65.4270056879405,-0.6,0.22067136191984693,389.714922118994,-119.9568452581479,-0.30780665160550547,10,5,False,,stable
002340.SZ,roiic,格林美,20250426.0,小金属,20241231,0.19424350088164086,0.3584964145247615,0.03174701270625799,0.7743442536466446,,,up,5.39786782755299,13.688881590035809,high_volatility,decreasing_vol,False,none,-57.87474377763036,False,none,False,rising,mid_up,False,False,-0.41955658851638944,0.10423253762377616,0.0,1.0,2.594252445714302,2.767364395612787,1.0667290302393144,10,5,False,,stable
002346.SZ,roiic,柘中股份,20250424.0,电气设备,20241231,-14.855202617175948,-1.000789053707032,0.21892065044485282,0.42677736087285234,,,down,1.520851906774992,102.331131392172,high_volatility,increasing_vol,False,none,1476.8994699270888,False,none,False,rising,top,False,False,1.3784905902056568,-13.223553506068832,-0.2,0.8064959405073401,76.15595625431757,240.9808667354568,3.164307541890982,10,5,False,,stable
002350.SZ,roiic,北京科锐,20250426.0,电气设备,20241231,-23.4235350782698,-0.04027544661978322,9.706305980610864e-05,0.9874561722491874,,,down,2.164561513995562,293.49897941412684,high_volatility,stable,True,severe,-595.5693425837035,False,none,False,falling,bottom,False,True,-6.134666941552466,-13.052347664759873,0.0,1.0,-142.61987113035408,-513.770264409777,1.0,10,5,False,,stable
002351.SZ,roiic,漫步者,20250329.0,IT设备,20241231,-9.515664976202476,-0.19586071787957,0.005696054808302551,0.903997099362728,,,down,1.8537027567691198,56.062887138541996,high_volatility,stable,True,severe,135.55123891342586,False,none,False,falling,mid_down,True,False,4.133522010158734,-12.404867278111723,-0.4,0.4624327264504764,27.38903129613364,18.59458520872831,0.6789062748397825,10,5,False,,stable
002358.SZ,roiic,森源电气,20250425.0,电气设备,20241231,35.36094974008078,0.9185273697945486,0.09816772700053364,0.6076986568181137,,,up,2.2177119782444223,30791.096742979487,high_volatility,stable,True,severe,-99.96211292244436,False,none,False,falling,mid_down,False,False,-3.938974689165733,8.181232271885454,0.0,1.0,13894.781272684953,26.12844769814157,0.0018804504500913707,10,5,False,,stable
002362.SZ,roiic,汉王科技,20250329.0,软件服务,20241231,-34.036668621734705,-1.4425535919644317,0.18126687654217077,0.47476660296856393,,,down,8.8954911309804,143.6001482716197,high_volatility,stable,True,severe,-203.43483073429675,False,none,False,falling,bottom,False,False,-5.9426399962829315,-42.93448011148558,-0.4,0.4624327264504764,-26.354026998125985,-193.7118426158702,1.0,10,5,False,,stable
002364.SZ,roiic,中恒电气,20250422.0,电气设备,20241231,33.728422483253176,1.3532991760458488,0.3873622303822252,0.2622004692327556,,,up,1.8934465746841325,1024.6251790260508,high_volatility,increasing_vol,False,none,1552.4578982949683,False,none,False,rising,top,False,False,1.4024183868705813,123.77730463534323,0.8,0.0864107329737,688.8607558816781,2367.533522956282,3.436882566965305,10,5,False,,stable
002365.SZ,roiic,永安药业,20250410.0,化学制药,20241231,87.69839579763777,1.6765030117781605,0.470477843870903,0.20105077485640904,,,up,1.4470068352818777,155.92371904153939,high_volatility,increasing_vol,False,none,3496.1980726530733,False,none,False,rising,top,False,False,1.789886641680585,92.37888519415833,0.8,0.0864107329737,134.06555363816267,345.91743501528634,2.580211140207596,10,5,False,,stable
002366.SZ,roiic,融发核电,20250424.0,专用机械,20241231,-2.8659614174185033,-0.09420094532571141,0.0010146861215251592,0.9594489115346685,,,down,1.969395877771101,110.77298690106237,high_volatility,stable,False,none,242.66450477401023,False,none,False,rising,top,False,False,0.6157661589715269,32.419009968574244,0.4,0.4624327264504764,68.34558226798332,233.2773693894692,3.4132033358760134,10,5,False,,stable
002368.SZ,roiic,太极股份,20250402.0,软件服务,20241231,-7.6207988746009505,-1.9352366013125142,0.8180410627357018,0.03493923597673911,,,down,18.006410779635182,13.304535179134241,high_volatility,decreasing_vol,False,none,-217.5237660985336,False,none,False,falling,mid_down,True,False,-0.5693430144998858,-7.549464785657165,-0.8,0.0864107329737,-1.5473619736528144,-11.483837792255441,1.0,10,5,False,,stable
002370.SZ,roiic,亚太药业,20250425.0,化学制药,20241231,0.2076647666355825,0.002222604632923364,6.4027265032037e-07,0.9989811915278031,,,up,2.304067801738352,14786.69316300949,high_volatility,decreasing_vol,True,mild,290.2273610531787,True,worsening,False,falling,mid_down,False,False,4.914427396533418,480.70668565454395,0.6,0.22067136191984693,-4423.74604384269,93.94783837709684,1.0,10,5,False,,stable
002371.SZ,roiic,北方华创,20250426.0,半导体,20241231,1.9283879531525296,0.11052140572488614,0.22015732741299363,0.425292941301047,,,up,7.233968027065197,63.547866643435285,high_volatility,decreasing_vol,False,none,23.050964905039926,True,worsening,False,falling,mid_down,False,True,0.10360188144163907,8.431935441654549,0.8,0.0864107329737,0.41205320819606506,23.899372005411827,58.00069391533512,10,5,False,,stable
002373.SZ,roiic,千方科技,20250419.0,软件服务,20241231,64.56135934769952,1.7622503555287445,0.3053619340891584,0.33407285485801497,,,up,1.4650889797978348,347.05908291211534,high_volatility,stable,True,severe,-86.35567710895783,False,none,False,falling,mid_down,False,False,-0.9959125349496913,43.077335796398444,0.2,0.8064959405073401,256.2544179359303,106.608548680621,0.4160261881115184,10,5,False,,stable
002376.SZ,roiic,新北洋,20250425.0,IT设备,20241231,-80.15841784552273,-2.435710078884055,0.4459876621527264,0.21800534694193255,,,down,3.012850364538632,166.40075925932385,high_volatility,stable,True,severe,-169.69572456715147,False,none,False,falling,bottom,False,False,-5.8200131375180115,-95.99456755129935,-0.8,0.0864107329737,31.182817718759708,-140.65934369695938,-4.5107964573816615,10,5,False,,stable
002378.SZ,roiic,章源钨业,20250422.0,小金属,20241231,-11.11584887582513,-1.3810294788346409,0.34754955268535587,0.29547007262639097,,,down,2.2414411384949275,54.819158996577784,high_volatility,decreasing_vol,True,severe,-453.4315961378643,True,growth_to_decline,False,falling,mid_down,False,True,-3.6510595938763077,-19.50132189553317,-0.2,0.8064959405073401,-21.123142449946926,-36.157581503154084,1.0,10,5,False,,stable
002380.SZ,roiic,科远智慧,20250425.0,软件服务,20241231,0.5347105834897278,0.2044477925191762,0.11203554578990503,0.5819221239307505,0.3862972307224506,0.3862972307224506,up,1.100976304907278,125.83027821089165,high_volatility,increasing_vol,True,mild,-59.33829479194932,False,none,False,falling,mid_down,False,False,-0.449861207679628,22.973538092536185,0.2,0.8064959405073401,122.41638624035453,35.99195764553562,0.29401258075751696,10,5,False,,stable
002382.SZ,roiic,蓝帆医疗,20250429.0,医疗保健,20241231,29.229089950180082,0.23912365357776144,0.18417590745277396,0.47084988119217436,0.4655272264555146,0.4655272264555146,up,0.8297721113060268,112.56668303686699,high_volatility,increasing_vol,False,none,-27.967213460570385,False,none,False,rising,mid_up,False,False,-0.16402306661475796,39.15245739990755,0.2,0.8064959405073401,144.42848404737774,212.29532003543446,1.469899247615131,10,5,False,,stable
002384.SZ,roiic,东山精密,20250425.0,元器件,20241231,-4.454651541820828,-0.7156104363831854,0.12220820949711868,0.5641369920993136,,,down,2.4862607038267,122.26500049457394,high_volatility,increasing_vol,True,severe,-1432.4099492246155,False,none,False,falling,bottom,False,False,-4.980059406431101,-29.9443338308417,-0.6,0.22067136191984693,-67.17709572475555,-265.4384483180327,1.0,10,5,False,,stable
002387.SZ,roiic,维信诺,20250321.0,元器件,20241231,-10.309919940569674,-1.0267522929419581,0.09736427273515202,0.6092525026758061,,,down,2.2400455610787118,11831.160083726583,high_volatility,decreasing_vol,True,severe,-98.53877508283738,False,none,False,falling,mid_down,False,False,-0.3428735814018786,8.497062741004966,0.0,1.0,-4491.701104844027,-104.70424148197759,1.0,10,5,False,,stable
002393.SZ,roiic,力生制药,20250321.0,化学制药,20241231,12.42323701081799,0.09796857176988913,0.01565398806006438,0.8411140916865528,0.07518129733556256,0.07518129733556256,up,0.9274250582802469,87.00603287056515,high_volatility,stable,False,none,2089.421346350021,False,none,False,rising,top,True,False,1.5417858238164992,11.049423006758978,0.2,0.8064959405073401,97.54159482271137,211.9806140868549,2.1732330137942113,10,5,False,,stable
002399.SZ,roiic,海普瑞,20250329.0,化学制药,20241231,-4.5200275864901185,-0.7090703451633218,0.06835780154283852,0.6709398891866613,,,down,1.988115178737153,273.4212925925098,high_volatility,decreasing_vol,True,severe,-339.3257045359593,False,none,False,falling,bottom,False,True,-4.5992570431920345,-36.802685806979895,-0.2,0.8064959405073401,118.36308408447667,-76.88380451530679,-0.6495589829379084,10,5,False,,stable
002401.SZ,roiic,中远海科,20250329.0,软件服务,20241231,2.2093957989904878,0.5085445452806132,0.09553923178050466,0.6128086401138444,,,up,93.11731284619815,59.25554234833019,high_volatility,stable,True,severe,-752.0241156982877,False,none,False,falling,bottom,False,False,-4.147183411753539,-31.37973366153767,-0.6,0.22067136191984693,-9.824290013233833,-80.6935443838132,1.0,10,5,False,,stable
002402.SZ,roiic,和而泰,20250423.0,元器件,20241231,-7.9991993991845245,-1.498362564100884,0.4390404120265573,0.22296956572633775,,,down,7.633777915771995,23.21054727578998,high_volatility,stable,False,none,94.22476729280773,False,none,False,rising,mid_up,True,False,1.2382759042103446,-8.98021379243066,-0.4,0.4624327264504764,-5.4402657831047945,-0.6116185522172949,1.0,10,5,False,,stable
002405.SZ,roiic,四维图新,20250426.0,软件服务,20241231,-6.349321722671138,-1.3937011786259912,0.34119195261512003,0.3010547125607172,,,down,1.6708473718108667,280.9686371575364,high_volatility,decreasing_vol,True,severe,-115.06936183987919,False,none,False,falling,mid_down,False,False,-4.7994866295644,-101.21819504571914,-0.6,0.22067136191984693,128.4664727577359,-23.567206064947335,-0.18345024627079742,10,5,False,,stable
002409.SZ,roiic,雅克科技,20250428.0,半导体,20241231,-1.5599091789459276,0.0186005997003293,0.00012084853233488111,0.9860034157940203,,,up,1.2653151741307778,11.546369125136692,high_volatility,decreasing_vol,False,none,58.35028489243405,False,none,False,rising,mid_up,False,False,0.22904132451314796,-0.5246472607602964,0.0,1.0,8.657318210339158,15.516954298167395,1.792351155538674,10,5,False,,stable
002410.SZ,roiic,广联达,20250325.0,软件服务,20241231,20.56897312146213,-0.28550415668014517,0.0072199437592913645,0.8919428407169254,,,down,4.946027641454733,118.2231199090366,high_volatility,stable,True,severe,-172.2666415624345,False,none,False,falling,mid_down,False,False,-4.674709335113272,24.400108258917527,0.2,0.8064959405073401,30.073332293350326,-45.561667080066755,-1.5150189089667705,10,5,False,,stable
002415.SZ,roiic,海康威视,20250419.0,IT设备,20241231,9.184686632242194,0.22312099877518315,0.23499756544885758,0.4078848460115689,,,up,2.008847605284613,39.596479082947695,high_volatility,stable,False,none,297.04450154776947,False,none,False,rising,top,True,False,4.6291817838954525,13.080393103400361,0.2,0.8064959405073401,22.46644777242535,71.88346186381213,3.1995917909212044,10,5,False,,stable
002421.SZ,roiic,达实智能,20250422.0,软件服务,20241231,-20.274064830981825,-1.7932480084503115,0.502638083842346,0.1800150802662651,,,down,135.92280145482033,190.20063678258393,high_volatility,decreasing_vol,False,none,-109.74393578385656,False,none,False,rising,mid_up,False,False,-5.066698345363159,-11.264295135377711,0.0,1.0,2.6870808807973585,-24.75637086482415,-9.213109676653275,10,5,False,,stable
002422.SZ,roiic,科伦药业,20250424.0,化学制药,20241231,5.621712798653462,0.2680837264633211,0.11033814765788098,0.5849773671071141,-0.3128642253472106,-0.3128642253472106,up,1.1518705397038436,104.74882243551043,high_volatility,decreasing_vol,False,none,-37.58752586078579,False,none,False,rising,mid_up,False,False,-0.23568110803287778,-35.00296759052685,-0.2,0.8064959405073401,79.18745132610071,59.70422737888131,0.7539607144699504,10,5,False,,stable
002426.SZ,roiic,胜利精密,20250424.0,元器件,20241231,-18.97088086678874,-1.7173716429155832,0.5241768154312949,0.16666500477793122,,,down,321.1625675945463,129.6637761972688,high_volatility,decreasing_vol,True,severe,-113.43535141375567,False,none,False,falling,mid_down,False,True,-4.449148801620259,7.92463873137903,0.0,1.0,11.012520462661108,-15.671501150788082,-1.423062159468729,10,5,False,,stable
002428.SZ,roiic,云南锗业,20250328.0,小金属,20241231,6.120309703456118,0.7406713135003934,0.139577844573499,0.5356261017383395,,,up,5.052160070300442,223.58209554979044,high_volatility,stable,True,mild,110.34210763002288,False,none,False,falling,mid_down,True,False,5.628886250192664,9.818558703580926,0.2,0.8064959405073401,-39.334010360306976,44.75498142115873,1.0,10,5,False,,stable
002432.SZ,roiic,九安医疗,20250429.0,医疗保健,20241231,-9.264364008309853,-0.23949673248357053,0.24822060825820444,0.3929689489457547,,,down,2.6423473456290933,1174.136872606041,high_volatility,increasing_vol,False,none,-87.6477906120097,False,none,False,rising,mid_up,False,False,-1.0453454301404024,-15.684259907991345,-0.2,0.8064959405073401,-525.5659339753331,19.53635757520005,1.0,10,5,False,,stable
002436.SZ,roiic,兴森科技,20250425.0,元器件,20241231,6.852338171851689,0.25053719261402907,0.02242678560542702,0.8100401743461976,,,up,7.3913542280640385,40.82079428989077,high_volatility,increasing_vol,False,none,1635.483071519022,False,none,False,rising,top,True,False,3.345143444846757,-12.056034271346059,-0.2,0.8064959405073401,5.440219998797236,55.04861854148171,10.11882213470269,10,5,False,,stable
002437.SZ,roiic,誉衡药业,20250426.0,化学制药,20241231,41.46660943725697,0.5232958956011265,0.03272634322118232,0.7709281452037098,,,up,1.7525094874185367,104.19806532563875,high_volatility,decreasing_vol,False,none,-127.42425339001697,False,none,False,rising,mid_up,False,True,-4.47022872427117,39.73835133797074,0.6,0.22067136191984693,-47.01650860221508,-22.872918589551258,1.0,10,5,False,,stable
002439.SZ,roiic,启明星辰,20250415.0,软件服务,20241231,0.2188295244129077,0.04513771625075513,0.5040014413106485,0.17915288338871205,,,up,2.6491943331161014,97.50125328857713,high_volatility,increasing_vol,False,none,636.9056139390774,False,none,False,rising,top,True,False,5.189994919590182,22.563852510549307,0.6,0.22067136191984693,49.0261141007946,207.9063149592458,4.240725963550844,10,5,False,,stable
002441.SZ,roiic,众业达,20250423.0,电气设备,20241231,-23.849237121240694,-1.99343270507488,0.4072568543482452,0.24659982323436416,,,down,2.1151098712262844,459.1157851262942,high_volatility,increasing_vol,True,severe,-723.4214773973761,False,none,False,falling,bottom,True,False,-1.0541410758971352,-136.03779785487103,-0.8,0.0864107329737,-285.77154401601143,-1026.3066059074165,1.0,10,5,False,,stable
002449.SZ,roiic,国星光电,20250419.0,半导体,20241231,-40.25553196475625,-1.3758880340293826,0.18830792157066928,0.4653512011741611,,,down,3.3084248806509775,87.90677153805046,high_volatility,stable,False,none,276.74644620113776,False,none,False,rising,mid_up,True,False,3.5297054023749177,-75.11687737881233,-0.6,0.22067136191984693,14.49392149045958,22.653823908274358,1.5629878996644158,10,5,False,,stable
002451.SZ,roiic,摩恩电气,20250325.0,电气设备,20241231,3.368869392013815,0.21084342814440418,0.12449945880172876,0.5602483909299428,-0.19447445388805562,-0.19447445388805562,up,1.100584566172695,23.799232190207917,high_volatility,decreasing_vol,False,none,1374.3914248593053,False,none,False,rising,mid_up,True,False,1.3089635550416872,-3.2091033272205314,0.0,1.0,19.543468994603458,25.77356731122698,1.318781600049809,10,5,False,,stable
002452.SZ,roiic,长高电新,20250424.0,电气设备,20241231,14.720644834432287,0.38056170272181455,0.7534087982619329,0.05642166759646165,0.3736253190150447,0.3736253190150447,up,1.2093450004728465,121.93862662787258,high_volatility,stable,True,severe,-82.46791314817287,False,none,False,falling,mid_down,False,True,-0.8705282029688912,10.656254712393864,0.4,0.4624327264504764,105.24649959141873,54.67682503522789,0.5195120526334918,10,5,False,,stable
002456.SZ,roiic,欧菲光,20250402.0,元器件,20241231,0.404992398507666,0.014835791471415182,0.050257001513169496,0.7169734372027153,,,up,3.3445648528417182,296.21533040763273,high_volatility,increasing_vol,False,none,-13.72858113293276,False,none,False,rising,mid_up,False,False,-0.07379884593671804,-19.756686626670657,-0.4,0.4624327264504764,-111.1733786477298,29.354958432382578,1.0,10,5,False,,stable
002459.SZ,roiic,晶澳科技,20250425.0,电气设备,20241231,8.811757757016924,1.500208275880492,0.48226378102736905,0.19318403751410526,,,up,4.1081710099689905,57.530649983825036,high_volatility,increasing_vol,True,severe,-352.0503568408749,False,none,False,falling,bottom,False,True,-4.897186442856819,-8.018856419611573,0.0,1.0,-18.436317737664762,-106.2917083435637,1.0,10,5,False,,stable
002460.SZ,roiic,赣锋锂业,20250329.0,小金属,20241231,-78.89448208825884,-2.9491552945185235,0.6848177892617381,0.08371636831616859,,,down,2.511091123931188,151.55488030852698,high_volatility,increasing_vol,True,severe,-520.2551851180825,False,none,False,falling,bottom,False,True,-5.650543557527097,-82.4670548661722,-0.4,0.4624327264504764,-84.02253841266861,-291.55098569429,1.0,10,5,False,,stable
002463.SZ,roiic,沪电股份,20250326.0,元器件,20241231,5.611107061856049,0.3106485257314796,0.4033695916136062,0.24959742816899022,,,up,2.292209759703958,24.60421226035008,high_volatility,decreasing_vol,False,none,41.95879672900451,False,none,False,rising,top,False,False,0.17509653703090478,9.362098267633979,0.6,0.22067136191984693,13.749288604492254,38.222574815002766,2.7799674524625546,10,5,False,,stable
002466.SZ,roiic,天齐锂业,20250327.0,小金属,20241231,-30.34921880201886,0.6274300676737435,0.025953160396457283,0.7957720382114502,,,up,2.295924230691988,662.8918915296061,high_volatility,increasing_vol,False,none,800.7393191206187,False,none,False,rising,top,False,False,1.0990178414327003,217.96907528216633,0.2,0.8064959405073401,362.0269262735598,1413.758099319973,3.9051186437212397,10,5,False,,stable
002471.SZ,roiic,中超控股,20250415.0,电气设备,20241231,-11.33538540818497,0.7252596287415624,0.05762033727533271,0.6973295707933924,,,up,1.9661123800948745,462.6834762603631,high_volatility,stable,True,severe,79.65939185652738,False,none,False,falling,mid_down,False,False,0.7962727197386481,1.995754060489812,0.0,1.0,-238.72972546613406,-209.55498102809943,1.0,10,5,False,,stable
002474.SZ,roiic,榕基软件,20250418.0,软件服务,20241231,20.74945965248968,0.34487772498058167,0.010433486081774801,0.8701721717029378,,,up,2.9237632762378225,141.94720737411293,high_volatility,increasing_vol,True,severe,-172.74456126239951,False,none,False,falling,bottom,False,True,-5.025830881008608,21.40931103081374,0.0,1.0,54.77432496528995,-64.94432492797444,-1.185670931939903,10,5,False,,stable
002475.SZ,roiic,立讯精密,20250426.0,元器件,20241231,0.6553371301498623,0.1271359650233611,0.1121639499731095,0.5816920650055519,-0.228970545997491,-0.228970545997491,up,0.8082153151845742,8.693824867491301,high_volatility,decreasing_vol,False,none,-23.222403933839885,False,none,False,rising,mid_up,False,False,-0.1314790319493797,-2.6944071331467043,-0.2,0.8064959405073401,9.897150721088902,8.854194495126738,0.8946205574358055,10,5,False,,stable
002479.SZ,roiic,富春环保,20250415.0,新型电力,20241231,0.24205948540698768,0.07114345347950737,0.0877259155464284,0.6284734960433858,,,up,6.930952702996626,30.33460424158264,high_volatility,increasing_vol,True,severe,-829.3137849522456,False,none,False,falling,bottom,False,True,-3.7464496377099143,1.8923799485434265,0.2,0.8064959405073401,-7.455424802462934,-57.09427135326644,1.0,10,5,False,,stable
002483.SZ,roiic,润邦股份,20250429.0,专用机械,20241231,4.03933627778232,-0.4793653857279109,0.028969844507852546,0.7843388273266164,,,down,3.3612794311580605,87.23140740863373,high_volatility,increasing_vol,False,none,-17.827836329000654,False,none,False,rising,mid_up,False,False,-0.09817220613512845,11.536021953893364,0.2,0.8064959405073401,27.163647254696908,94.09117608468041,3.4638638619639326,10,5,False,,stable
002484.SZ,roiic,江海股份,20250408.0,元器件,20241231,-2.4759294286012277,-0.13278687930714286,0.09592347388323821,0.6120568321098963,,,down,2.2815212748392177,27.169396869640327,high_volatility,increasing_vol,True,severe,-182.11247554725452,False,none,False,falling,bottom,False,False,-4.229988682421951,-15.36247834295834,-0.6,0.22067136191984693,7.928064773201827,-31.127306779941787,-3.9262175159261115,10,5,False,,stable
002487.SZ,roiic,大金重工,20250412.0,电气设备,20241231,-0.7662453151812005,-0.05101742818906892,0.0019586882066374416,0.9436685496000172,,,down,4.809066226125772,121.5583665973731,high_volatility,increasing_vol,False,none,1427.0137155463328,False,none,False,rising,mid_up,False,False,1.959002053589638,-30.076398442401448,-0.6,0.22067136191984693,-36.9953428274923,11.47762690522428,1.0,10,5,False,,stable
002497.SZ,roiic,雅化集团,20250429.0,小金属,20241231,-11.190335136953717,-1.5666180023894014,0.42293583584671224,0.23475057057275173,,,down,2.7012427292999686,514.4901309691562,high_volatility,increasing_vol,False,none,-125.36806433652663,False,none,False,rising,mid_up,False,True,-4.541879945513288,-20.246623482025072,-0.2,0.8064959405073401,-228.32804705988397,-23.63326268633873,1.0,10,5,False,,stable
002498.SZ,roiic,汉缆股份,20250428.0,电气设备,20241231,-10.820103110794689,-2.0939723434598116,0.8894592697247398,0.016148408118732378,,,down,3.2018288705519335,18.063356959413845,high_volatility,decreasing_vol,False,none,-751.8007223331507,False,none,False,rising,mid_up,False,True,-2.0899794885324283,-11.68378441335787,-0.8,0.0864107329737,2.395543832217461,-9.827480438316723,-4.1024005931963305,10,5,False,,stable
002506.SZ,roiic,协鑫集成,20250429.0,电气设备,20241231,3.443185926941763,0.6654447492234591,0.17020290928831502,0.4900231449888482,,,up,2.837753202239892,333.77690903118446,high_volatility,stable,True,severe,99.16214526162945,False,none,False,falling,mid_down,False,False,2.387475026641156,-24.834002073544383,-0.2,0.8064959405073401,-125.4022446885192,-5.889334346115595,1.0,10,5,False,,stable
002512.SZ,roiic,达华智能,20250426.0,IT设备,20241231,194.138225486411,-0.06229069323988314,0.00032071495282093683,0.9771993878480454,,,down,1.5338417846403543,873.1394031209571,high_volatility,decreasing_vol,True,severe,97.74916745668878,False,none,False,falling,mid_down,False,False,1.896612032878818,215.19712374365878,0.2,0.8064959405073401,-511.0085109792748,-19.658429436538135,1.0,10,5,False,,stable
002513.SZ,roiic,蓝丰生化,20250429.0,新型电力,20241231,-3.198859483854689,0.3228307184729548,0.012684948703633465,0.8569019952177961,,,up,2.246397609214749,351.9274468268143,high_volatility,decreasing_vol,False,none,179.07215262885302,False,none,False,rising,mid_up,False,False,4.239027602774009,56.77027124171289,0.2,0.8064959405073401,-110.98830089803488,30.823024125179433,1.0,10,5,False,,stable
002518.SZ,roiic,科士达,20250425.0,电气设备,20241231,6.059745800243213,1.305168692321946,0.449001561620535,0.2158733623985162,,,up,6.171650248764391,97.03556746420232,high_volatility,increasing_vol,True,severe,-388.17790010044763,False,none,False,falling,bottom,False,True,-5.375361733613392,-21.045981768107836,-0.2,0.8064959405073401,-26.361174453731635,-183.3476107485787,1.0,10,5,False,,stable
002523.SZ,roiic,天桥起重,20250426.0,专用机械,20241231,4.411572663781866,0.7283579883277332,0.1070964721136196,0.5908864630792382,,,up,6.082440158343201,16.550334548895012,high_volatility,stable,False,none,-58.96587907256446,False,none,False,rising,mid_up,False,False,-0.44268851652591734,5.8006538674205785,0.4,0.4624327264504764,-1.3975306469303046,6.175866161983669,1.0,10,5,False,,stable
002524.SZ,roiic,光正眼科,20250424.0,医疗保健,20241231,20.46270950939581,0.4764220999121239,0.3846527042238418,0.2643759639025966,0.37313344735991727,0.37313344735991727,up,0.9875533273051257,88.26939582662088,high_volatility,stable,True,severe,-68.31711280656211,False,none,False,falling,mid_down,False,True,-0.5746754801671883,16.643547428640314,0.2,0.8064959405073401,95.5207159724142,72.71962369027078,0.7612968867535684,10,5,False,,stable
002530.SZ,roiic,金财互联,20250428.0,专用机械,20241231,-20.73564593555968,-1.7637745392697823,0.40910562099318337,0.24518262556988288,,,down,1.3572411861182399,128.41934224523303,high_volatility,stable,False,none,-143.249059178233,False,none,False,rising,mid_up,False,False,-0.4440189042760392,-22.683355299771836,-0.4,0.4624327264504764,-100.83861693146554,-37.385728214294566,1.0,10,5,False,,stable
002531.SZ,roiic,天顺风能,20250425.0,电气设备,20241231,-12.668058321881482,-1.7051222494270846,0.44395292007089454,0.2194520602345954,,,down,57.64337326074451,24.94491729573666,high_volatility,increasing_vol,True,severe,-79.48319548914854,False,none,False,falling,bottom,False,False,-0.29221366639484914,-10.977562565166476,-0.8,0.0864107329737,-4.233163116479862,-33.84802518999122,1.0,10,5,False,,stable
002533.SZ,roiic,金杯电工,20250329.0,电气设备,20241231,-1.268601590668672,0.04989063358522339,0.0005849738526609466,0.9692081347054715,,,up,1.4520585804656734,27.878642858294523,high_volatility,decreasing_vol,True,severe,171.61137954796212,False,none,False,falling,mid_down,True,False,3.194903549182371,-4.634168676912534,0.0,1.0,18.818812187352837,10.309070652786103,0.5478066601734993,10,5,False,,stable
002534.SZ,roiic,西子洁能,20250331.0,专用机械,20241231,-25.509777040641687,-2.021050478129504,0.7179204788469552,0.06996457310741142,,,down,1.5064141637054151,41.80352979655612,volatile,stable,False,none,-172.46848126706914,False,none,False,rising,mid_up,True,False,-0.5009969075932783,-25.544388023120007,-0.8,0.0864107329737,-35.40328942438326,-66.86589642443401,1.0,10,5,False,,stable
002546.SZ,roiic,新联电子,20250329.0,电气设备,20241231,10.01720149424601,-0.46437047321067515,0.023177619866204376,0.8069109119182292,,,down,2.3531526989634677,148.92382710723848,high_volatility,increasing_vol,False,none,-43.609948578076974,False,none,False,rising,mid_up,False,False,-0.28643474388419743,29.285917351847516,0.2,0.8064959405073401,66.29209765929178,146.46021768162262,2.209316386914695,10,5,False,,stable
002550.SZ,roiic,千红制药,20250419.0,生物制药,20241231,806.560354609446,0.9367551554706839,0.5457321439606637,0.15386962131226908,1.3506887453683256,1.3506887453683256,up,1.3319945886612017,1821.0149416425782,high_volatility,increasing_vol,True,mild,4570.162947764841,False,none,False,falling,mid_down,False,False,1.9218311891008764,565.4211672455185,0.4,0.4624327264504764,1609.1019950218974,2161.072476349564,1.3430301391927335,10,5,False,,stable
002551.SZ,roiic,尚荣医疗,20250429.0,医疗保健,20241231,-1.050460837833579,-0.00967228125385251,0.02569186938961147,0.7967937438141584,,,down,2.042257191114433,1218.6283575574018,high_volatility,increasing_vol,False,none,3056.262865434313,False,none,False,rising,top,False,False,1.725970715096432,12.666161259823962,0.2,0.8064959405073401,752.8320862046353,2773.046606808627,3.6834862084436395,10,5,False,,stable
002552.SZ,roiic,宝鼎科技,20250329.0,元器件,20241231,-6.708250767338406,-0.42841273619774745,0.4286134521495991,0.23055297481942222,,,down,2.7095498393710744,315.1833019202345,high_volatility,decreasing_vol,True,severe,-1337.7449640280915,False,none,False,falling,mid_down,False,False,-1.315863364124601,100.97516351184967,0.4,0.4624327264504764,-74.44266949413458,-37.94061054486109,1.0,10,5,False,,stable
002560.SZ,roiic,通达股份,20250424.0,电气设备,20241231,-1.5661899287271581,-0.7029116919255468,0.10953329722443017,0.5864352994049661,,,down,2.1599155369788523,23.304611059136157,high_volatility,decreasing_vol,True,severe,-278.11221585047525,False,none,False,falling,mid_down,False,False,-3.696183706820471,-4.021504873461149,-0.2,0.8064959405073401,-11.259450673440638,-26.86802285167876,1.0,10,5,False,,stable
002562.SZ,roiic,兄弟科技,20250426.0,化学制药,20241231,53.95768638004464,2.103965227807163,0.7581643541031242,0.05470072446901963,,,up,2.0631249270331815,2372.2691279614305,high_volatility,increasing_vol,True,mild,84.02247378546978,False,none,False,falling,mid_down,False,False,0.30493847254613593,72.01018582633179,0.6,0.22067136191984693,1325.8231890755505,235.47645268577514,0.17760773429371418,10,5,False,,stable
002576.SZ,roiic,通达动力,20250422.0,电气设备,20241231,-3.4782850255040882,-0.6988004168585233,0.1417403629572693,0.5322232558736508,,,down,3.2125813216471575,214.75121279810617,high_volatility,decreasing_vol,False,none,85.52989792006107,False,none,False,rising,mid_up,True,False,0.965775980585728,-58.155150617983494,-0.4,0.4624327264504764,38.32228402173727,-12.61809556932798,-0.32926261811980495,10,5,False,,stable
002577.SZ,roiic,雷柏科技,20250402.0,IT设备,20241231,4.985988319288267,1.117066504690388,0.2569432398106282,0.38341621826834976,,,up,2.5674073587788104,177.14752069742676,high_volatility,decreasing_vol,False,none,192.8920947227181,False,none,False,rising,mid_up,True,False,4.031756081684298,-22.8636957009266,-0.4,0.4624327264504764,46.6312697261799,27.151365986046915,0.5822566304859482,10,5,False,,stable
002579.SZ,roiic,中京电子,20250424.0,元器件,20241231,-2.238691433257394,-0.8671893828367476,0.45659286964787343,0.21056055513664376,,,down,4.040144610070739,42.33366786417232,high_volatility,increasing_vol,True,severe,85.08202863382328,False,none,False,falling,mid_down,False,False,0.9502898285860891,-1.0596038392633051,0.0,1.0,-9.485301605167582,-10.972305108643384,1.0,10,5,False,,stable
002580.SZ,roiic,圣阳股份,20250426.0,电气设备,20241231,-8.658765584684968,0.039879580809764545,0.0013687566838500361,0.9529050717561698,0.3802439345064421,0.3802439345064421,up,1.255489552513057,44.91721440755882,high_volatility,decreasing_vol,True,severe,-89.60174773215442,False,none,False,falling,mid_down,False,True,-1.126972253042802,-15.859028488257744,-0.2,0.8064959405073401,33.17902359713672,5.041431128199194,0.15194633782515102,10,5,False,,stable
002587.SZ,roiic,奥拓电子,20250429.0,元器件,20241231,12.999833923511588,0.42278087704909223,0.04098534624103401,0.7440064709173982,,,up,2.2409102060290014,44914.236036705566,high_volatility,decreasing_vol,False,none,471.6657547442,True,deterioration_to_recovery,False,rising,mid_up,True,False,4.3397269911054766,37.83382698406324,0.2,0.8064959405073401,14031.385446775592,73.89560740076254,0.005266451248243895,10,5,False,,stable
002594.SZ,roiic,比亚迪,20250325.0,汽车整车,20241231,11.265235671892906,2.1204220472100035,0.8332812827927586,0.030481112100611583,,,up,2.057644857172181,204.37721757621196,high_volatility,stable,True,severe,-95.04579153485037,False,none,False,falling,mid_down,False,True,-1.502229798919968,9.85664938370929,0.4,0.4624327264504764,102.70536876814354,22.94929319697741,0.22344784379076849,10,5,False,,stable
002595.SZ,roiic,豪迈科技,20250318.0,专用机械,20241231,1.843684494606243,0.0891358062304806,0.09230417051748728,0.6192056891563422,-0.028839497317047824,-0.028839497317047824,up,0.3877921949421474,10.852671889604954,volatile,stable,True,mild,48.701568341761906,False,none,False,falling,mid_down,False,False,0.19823435526356925,3.147097788847013,0.2,0.8064959405073401,28.53889781958931,31.61942032223044,1.1079411868711566,10,5,False,,stable
002600.SZ,roiic,领益智造,20250329.0,元器件,20241231,-0.07329820290492109,-0.38239897234253317,0.03146862292336352,0.7753252397863092,,,down,2.2180441214055278,1536.4645753000477,high_volatility,increasing_vol,True,severe,-107.79570926971775,False,none,False,falling,mid_down,False,False,-3.0472848605400262,9.895581194843187,0.2,0.8064959405073401,795.8067531086012,-2.8979048255391677,-0.003641467999887279,10,5,False,,stable
002606.SZ,roiic,大连电瓷,20250425.0,电气设备,20241231,2.516320797901214,0.06358441340233804,0.017043492192541844,0.8342510351446122,,,up,11.573508331791238,98.67233461377732,high_volatility,increasing_vol,False,none,579.5475338850612,False,none,False,rising,top,False,False,0.9563371658209834,-18.897208042646188,-0.2,0.8064959405073401,-14.344800997621943,55.99040697522541,1.0,10,5,False,,stable
002609.SZ,roiic,捷顺科技,20250426.0,软件服务,20241231,8.40073226373936,0.3724486669411402,0.026973370228579537,0.7918325063404834,,,up,2.209723962498618,1044.6774736602574,high_volatility,increasing_vol,True,mild,214.4209424483138,False,none,False,falling,mid_down,True,False,4.597150483422037,13.268457889245441,0.2,0.8064959405073401,545.2478833716492,53.05121285766368,0.09729742099980454,10,5,False,,stable
002613.SZ,roiic,北玻股份,20250426.0,专用机械,20241231,-19.698483514987334,-1.3733608531048282,0.21449980864441073,0.43212809243969785,,,down,4.1855864037146615,275.72322139475057,high_volatility,decreasing_vol,True,severe,90.02836855723088,False,none,False,falling,mid_down,False,False,1.147214901976005,65.18751989920062,0.2,0.8064959405073401,-38.16289006199812,-4.7046088477069405,1.0,10,5,False,,stable
002617.SZ,roiic,露笑科技,20250426.0,电气设备,20241231,-5.2082373556525186,-1.3033237843264331,0.46964787879288067,0.20161178951209605,,,down,3.103740426522121,140.53949648650064,high_volatility,increasing_vol,False,none,437.9720370495008,False,none,False,rising,top,True,False,4.485821350500059,-15.582318834707564,-0.2,0.8064959405073401,-49.44031987689529,81.55987080294817,1.0,10,5,False,,stable
002622.SZ,roiic,皓宸医疗,20250426.0,医疗保健,20241231,-66.2803866515109,-3.1916370584195826,0.7635527261618172,0.05277757515518253,,,down,5.427327181648778,121.55535083292867,high_volatility,increasing_vol,False,none,-451.9161824410961,False,none,False,rising,mid_up,False,False,-5.00912824848184,-65.11902240251013,-0.6,0.22067136191984693,-42.28102459605123,-140.47193534131972,1.0,10,5,False,,stable
002626.SZ,roiic,金达威,20250410.0,医疗保健,20241231,-27.513129406628355,0.2774553748366454,0.012140083071638885,0.8599962337635565,,,up,1.1933322066532823,88.23675530566004,high_volatility,decreasing_vol,True,severe,-92.16047812037002,False,none,False,falling,mid_down,False,False,-1.2720850596476947,-39.13013705596137,-0.4,0.4624327264504764,65.68754605012546,11.660848220748877,0.177519924581299,10,5,False,,stable
002635.SZ,roiic,安洁科技,20250328.0,元器件,20241231,-133.79815163206317,-1.4815874792569819,0.1212468696929812,0.5657809026293248,,,down,4.949936677467194,347.35805514864796,high_volatility,stable,True,severe,-917.0511613763589,False,none,False,falling,bottom,False,False,-6.04976538570148,-108.035646293079,-0.4,0.4624327264504764,-110.31368766323513,-605.9884379053932,1.0,10,5,False,,stable
002636.SZ,roiic,金安国纪,20250429.0,元器件,20241231,-26.3039464907309,-1.6616710471995346,0.3135828043545615,0.3262549693469325,,,down,2.3601091691794824,943.5506928791744,high_volatility,stable,True,severe,92.72222914427641,False,none,False,falling,mid_down,False,False,1.31016734139113,-5.825405335263838,0.0,1.0,-407.6823059855317,-151.11889163489758,1.0,10,5,False,,stable
002639.SZ,roiic,雪人集团,20250425.0,专用机械,20241231,-35.98954058027724,-1.7867229388366723,0.4693816471633322,0.20179194678706663,,,down,1.465976793597247,87.63962963428921,high_volatility,stable,True,severe,-194.3743430426112,False,none,False,falling,bottom,False,False,-4.278587097748183,-33.31042291238825,-0.4,0.4624327264504764,48.98555049238007,-35.033226695559144,-0.71517470648837,10,5,False,,stable
002642.SZ,roiic,荣联科技,20250402.0,软件服务,20241231,0.98839647096327,0.0153776793295056,4.433399841496709e-05,0.9915223523900287,,,up,11.650092075561142,933.7724475783997,high_volatility,stable,True,severe,-10872.03760355115,False,none,False,falling,bottom,False,False,-2.3483483227924475,-445.2806092648474,-0.4,0.4624327264504764,-206.34298143899866,-1557.3884421308821,1.0,10,5,False,,stable
002645.SZ,roiic,华宏科技,20250425.0,专用机械,20241231,49.165910540428925,0.7436797698763729,0.10860528121367022,0.5881238239305638,,,up,1.1724964506466153,92.31668229235976,high_volatility,increasing_vol,False,none,2896.072332586798,False,none,False,rising,top,True,False,4.391567793961722,46.18058572178863,0.6,0.22067136191984693,93.48492177724677,213.08255641970013,2.2793253967460894,10,5,False,,stable
002649.SZ,roiic,博彦科技,20250426.0,软件服务,20241231,-25.838759922816678,-2.6167203679361424,0.6741811721432258,0.088366941646985,,,down,2.326167039651289,71.25233784057707,high_volatility,decreasing_vol,False,none,78.16828322198666,False,none,False,rising,mid_up,True,False,0.7607311278460487,-19.68469924128241,-0.4,0.4624327264504764,-38.382419586401284,-26.295858360413188,1.0,10,5,False,,stable
002653.SZ,roiic,海思科,20250412.0,化学制药,20241231,-3.83170698886169,-1.3094089689559112,0.3621557650872805,0.2829313796033849,,,down,5.717028190833062,60.80133121679665,high_volatility,stable,False,none,1360.1738004455704,False,none,False,rising,top,True,False,4.0915979800986815,19.795769171150244,0.2,0.8064959405073401,16.57406005868161,106.01708049905716,6.396566690581325,10,5,False,,stable
002655.SZ,roiic,共达电声,20250403.0,元器件,20241231,4.353361752535244,1.2350605698210775,0.4744957955988622,0.19834801194098434,,,up,3.3784466982502344,59.84725234961625,high_volatility,stable,False,none,111.24608390492247,False,none,False,rising,mid_up,False,False,4.413783384733672,3.1871163814385826,0.2,0.8064959405073401,-16.408419936471006,13.837763193351496,1.0,10,5,False,,stable
002657.SZ,roiic,中科金财,20250423.0,软件服务,20241231,-16.560434863343378,-0.9991826929683449,0.07810402977276235,0.6488543399011542,,,down,1.806495105299869,123.59402596062982,high_volatility,stable,True,severe,-561.1186910079442,False,none,False,falling,bottom,False,True,-5.21879184047623,-46.46864230807957,-0.4,0.4624327264504764,-73.38460476775231,-198.30704318659832,1.0,10,5,False,,stable
002660.SZ,roiic,茂硕电源,20250328.0,电气设备,20241231,-14.670245548308063,-2.1006287772847485,0.653114903439406,0.09791488283483844,,,down,3.91779903710569,31.498720899868882,high_volatility,increasing_vol,False,none,-401.1489877649579,False,none,False,rising,mid_up,False,False,-3.582024701420146,-17.097886855762795,-0.4,0.4624327264504764,-12.440975814026576,-31.149616983058735,1.0,10,5,False,,stable
002667.SZ,roiic,威领股份,20250430.0,小金属,20241231,-29.046363519450768,-0.4059888028151727,0.2896614742380752,0.3494333860287439,,,down,40.153877317518,387.56637545814215,high_volatility,decreasing_vol,True,mild,-44.163777069020355,False,none,False,falling,mid_down,False,False,-0.29117712872170776,81.66106945607652,0.0,1.0,30.604953341049455,20.909050650377857,0.6831917179345348,10,5,False,,stable
002675.SZ,roiic,东诚药业,20250227.0,化学制药,20241231,0.9737019296680692,0.03931164692231368,0.02619963843503528,0.7948130832313876,,,up,1.5744655661703042,169.30278212021594,high_volatility,decreasing_vol,True,severe,-21.817755575076305,False,none,False,falling,mid_down,False,False,-0.09867287267996927,-25.21456187864098,-0.2,0.8064959405073401,-108.77152012480963,-108.96166085011964,1.0,10,5,False,,stable
002681.SZ,roiic,奋达科技,20250424.0,元器件,20241231,-632.8412496428508,-4.193193006864613,0.7827548320359388,0.04615606902247755,,,down,18.44484008308921,1117.522049787288,high_volatility,stable,True,severe,-871.7263549379285,False,none,False,falling,bottom,False,False,-1.1369476874945366,-623.393511267099,-0.6,0.22067136191984693,-129.26512963872767,-1640.7380831548896,1.0,10,5,False,,stable
002686.SZ,roiic,亿利达,20250424.0,专用机械,20241231,-6.041821729396762,-0.7623690548982863,0.16698159049519878,0.49457729799128264,,,down,4.22303071762402,88.63114937733336,high_volatility,decreasing_vol,False,none,-139.18686888354787,False,none,False,rising,mid_up,True,False,-0.4354242325170756,-21.668279056576186,-0.8,0.0864107329737,7.256890681971397,-30.98064972654551,-4.269135513300767,10,5,False,,stable
002690.SZ,roiic,美亚光电,20250328.0,专用机械,20241231,-14.961988492057193,-0.8444095294956468,0.12615528389690758,0.5574635719820629,,,down,20.851653109592963,211.21280472979626,high_volatility,increasing_vol,True,severe,-360.4037059035947,False,none,False,falling,bottom,False,False,-6.128288396595335,-108.38132546038204,-0.6,0.22067136191984693,-42.464558842391426,-370.0601617441212,1.0,10,5,False,,stable
002691.SZ,roiic,冀凯股份,20250419.0,专用机械,20241231,-34.98230301546737,-1.6571328757193633,0.305893234709085,0.333563030652048,,,down,1.0588669844723795,96.18871540694883,high_volatility,increasing_vol,True,severe,54.294764135879916,False,none,False,falling,mid_down,False,False,0.3888496926031446,-45.10366260856628,-0.4,0.4624327264504764,80.34647877719524,-6.096132488767676,-0.0758730510850706,10,5,False,,stable
002692.SZ,roiic,远程股份,20250313.0,电气设备,20241231,-16.548570261253094,-1.2293496305436118,0.29685254907640146,0.34232631863541013,,,down,14.447250479949439,90.07269832278557,high_volatility,decreasing_vol,False,none,-90.47157845570023,False,none,False,rising,mid_up,False,False,-1.172641086072677,-5.532395320684411,0.0,1.0,-5.554070279008464,6.617411910143595,1.0,10,5,False,,stable
002706.SZ,roiic,良信股份,20250329.0,电气设备,20241231,4.776670815263446,-0.023273476174002328,0.0005285686403732728,0.9707300115258513,0.1252057450640316,0.1252057450640316,down,1.1355576177275506,32.1527616259894,high_volatility,increasing_vol,False,none,4764.402685733777,False,none,False,rising,top,True,False,1.8971724518137285,-1.0653609246347586,0.0,1.0,29.747514858016537,75.66005264869177,2.5434075084864594,10,5,False,,stable
002716.SZ,roiic,湖南白银,20250410.0,小金属,20241231,30.158924934353337,1.4146774289517106,0.22408471278940054,0.42061397663654915,,,up,2.1551943575936847,552.9468874120873,high_volatility,decreasing_vol,False,none,-70.45059218188918,False,none,False,rising,mid_up,False,False,-0.6093786047315066,44.517734481877426,0.4,0.4624327264504764,-210.43259918758838,25.55124543847248,1.0,10,5,False,,stable
002724.SZ,roiic,海洋王,20250429.0,元器件,20241231,11.967563848883279,0.3183403054220128,0.5888307899057682,0.12990066219137933,,,up,2.682955633805942,791.5298562146133,high_volatility,stable,False,none,-95.53846596859657,False,none,False,rising,mid_up,False,False,-1.5548166535185426,8.994210186237243,0.2,0.8064959405073401,288.54757499655744,75.11371844467756,0.2603165819209318,10,5,False,,stable
002729.SZ,roiic,好利科技,20250426.0,元器件,20241231,7.39577578261009,0.13928106682889058,0.1414767714858671,0.532636407486078,0.18772109187929042,0.18772109187929042,up,1.118285019246881,87.27023457098926,high_volatility,increasing_vol,True,mild,418.9945370129845,False,none,False,falling,mid_down,True,False,0.8227662059782588,10.899313798357268,0.2,0.8064959405073401,86.04681210337803,73.72042042643278,0.8567478402089305,10,5,False,,stable
002730.SZ,roiic,电光科技,20250424.0,专用机械,20241231,-0.5598173111025835,-0.5624303777378536,0.17533220372071992,0.4828776241282934,,,down,2.2968157297454144,204.45017345643157,high_volatility,decreasing_vol,True,severe,-351.7561674384351,False,none,False,falling,mid_down,False,False,-2.111948111911849,2.0564484457016565,0.2,0.8064959405073401,-75.48677688250073,-6.418815788392066,1.0,10,5,False,,stable
002733.SZ,roiic,雄韬股份,20250429.0,电气设备,20241231,-16.599938987995223,-0.9803936685349628,0.14324282168699795,0.5298768188090568,,,down,2.0933558025352217,205.5822899032502,high_volatility,stable,False,none,-102.66769054111195,False,none,False,rising,mid_up,False,True,-4.985489669232111,-5.842919359454485,0.0,1.0,93.22706445135785,-11.935153541979302,-0.12802241079044796,10,5,False,,stable
002738.SZ,roiic,中矿资源,20250425.0,小金属,20241231,-4.253889089152396,-0.5357611207371075,0.04867294656326116,0.7213942276104404,,,down,3.956957326080507,137.16965681365645,high_volatility,increasing_vol,True,severe,-409.82480437291827,False,none,False,falling,bottom,False,True,-5.71095685537633,-53.65043894374891,-0.4,0.4624327264504764,-53.25372796984652,-265.92367789543545,1.0,10,5,False,,stable
002745.SZ,roiic,木林森,20250425.0,元器件,20241231,-4.096944225347329,-0.1817574686056887,0.004920362700443507,0.9107615290968831,,,down,2.5501670630317803,32.71838002785667,high_volatility,decreasing_vol,False,none,-83.91904933003693,False,none,False,rising,mid_up,False,False,-0.9120659574184901,-0.2514231943833227,0.0,1.0,11.600813448636517,8.437025391253158,0.7272787747694357,10,5,False,,stable
002755.SZ,roiic,奥赛康,20250428.0,化学制药,20241231,116.69586045791866,3.188767073752313,0.6802886093338578,0.08568274834239026,,,up,2.0916370132717996,267.22935965163634,high_volatility,stable,False,none,12.299222453493188,False,none,False,rising,top,False,False,0.057998190984575704,126.81836409176135,0.6,0.22067136191984693,162.7696258003686,420.07073319713186,2.5807685625101473,10,5,False,,stable
002756.SZ,roiic,永兴材料,20250325.0,小金属,20241231,18.960671335956196,1.694241776000887,0.4903222767466986,0.18791115887191995,,,up,8.430898721576026,443.12680416139483,high_volatility,increasing_vol,False,none,236.4717657592677,False,none,False,rising,top,False,False,0.6066624474859248,78.40078273193558,0.4,0.4624327264504764,-56.15528106005459,366.9813739551412,1.0,10,5,False,,stable
002757.SZ,roiic,南兴股份,20250419.0,专用机械,20241231,16.833710645340133,0.3403743032285728,0.03437533883775735,0.7652934430792813,,,up,2.1704432154808546,2514.790712933078,high_volatility,increasing_vol,True,mild,2399.932470381883,False,none,False,falling,mid_down,True,False,3.7916191247860507,25.9425559636502,0.2,0.8064959405073401,1332.867498640735,105.67567499498811,0.07928445633399922,10,5,False,,stable
002759.SZ,roiic,天际股份,20250426.0,电气设备,20241231,-21.81572789974493,-1.0225806001674755,0.0897695570950119,0.6243044839398548,,,down,1.7864156086312253,87.00374884612648,high_volatility,stable,False,none,262.1175643332824,False,none,False,rising,mid_up,True,False,4.9887413950042365,-18.84059544296302,-0.4,0.4624327264504764,42.15825333820544,93.42117663546681,2.2159641170618642,10,5,False,,stable
002765.SZ,roiic,蓝黛科技,20250328.0,元器件,20241231,21.559887967095815,0.2253443461846886,0.009886963315737834,0.8736066337499946,,,up,2.7754364739861845,813.1597537256615,high_volatility,increasing_vol,False,none,1903.4986362313336,False,none,False,rising,top,True,False,4.340120118317018,0.1100428834830165,0.0,1.0,-340.68976168108395,162.6491058799019,1.0,10,5,False,,stable
002771.SZ,roiic,真视通,20250411.0,软件服务,20241231,-212.43629314050912,0.7058324672377153,0.033612810849624995,0.7678812458899641,,,up,2.0598934362459813,8013.69892546759,high_volatility,increasing_vol,True,mild,2938.2797859153497,False,none,False,falling,mid_down,True,False,4.103074063182419,116.18254143919128,0.2,0.8064959405073401,4369.655433576918,160.60609093183467,0.036754863941380736,10,5,False,,stable
002773.SZ,roiic,康弘药业,20250426.0,化学制药,20241231,-0.6041933288465404,-0.035121281318699536,0.009421207569706375,0.8766099981749537,,,down,2.793242330231091,141.74484812642135,high_volatility,decreasing_vol,True,severe,-75.35520420910024,False,none,False,falling,mid_down,False,True,-0.6998271180494604,-13.517513680728783,-0.2,0.8064959405073401,51.1165391504377,15.70751824503194,0.3072883748800791,10,5,False,,stable
002777.SZ,roiic,久远银海,20250324.0,软件服务,20241231,-9.901432943425402,-1.795658313877982,0.5416904460410696,0.15622673563142106,,,down,2.2311101897538883,1003.7783748412886,high_volatility,increasing_vol,True,severe,-6620.288837520964,False,none,False,falling,bottom,True,False,-2.103746160380791,-39.707304662795906,-0.8,0.0864107329737,-587.4512582450612,-2244.9282133648567,1.0,10,5,False,,stable
002782.SZ,roiic,可立克,20250410.0,元器件,20241231,-3.1992759756564793,-0.20073364296919224,0.12025001926828871,0.5674933882177634,,,down,3.991230802187449,184.93042784344019,high_volatility,stable,False,none,682.8572663582516,False,none,False,rising,top,False,False,1.0288217723607551,84.27551449653114,0.4,0.4624327264504764,69.72942324491791,332.06018457154113,4.762124353233378,10,5,False,,stable
002786.SZ,roiic,银宝山新,20250429.0,专用机械,20241231,30.79031002077149,0.6941448828717364,0.050156610478710686,0.7172514138664097,,,up,2.2204532431315256,206.1575795550331,high_volatility,increasing_vol,False,none,335.48549908908825,False,none,False,rising,top,True,False,5.030655619901981,-0.9389958242990719,0.0,1.0,-95.87285978426615,117.41194787420011,1.0,10,5,False,,stable
002793.SZ,roiic,罗欣药业,20250422.0,化学制药,20241231,29.818326972324634,1.295509368417299,0.21232234365039024,0.4347894202606654,,,up,4.656364809229057,136.096032580575,high_volatility,stable,False,none,-82.18114139101122,False,none,False,rising,mid_up,False,False,-0.862392975229616,37.06432670667233,0.4,0.4624327264504764,38.17345555560324,43.67628652007466,1.144153335986469,10,5,False,,stable
002801.SZ,roiic,微光股份,20250328.0,电气设备,20241231,9.204001520760468,0.21164960850224465,0.58896255034507,0.12983057783232652,0.3294669705408504,0.3294669705408504,up,1.5757774615619409,214.31213707049028,high_volatility,increasing_vol,True,mild,159.88929206166023,False,none,False,falling,mid_down,False,False,0.47740409307348175,14.308003738528644,0.6,0.22067136191984693,153.29382452459515,71.99691322323733,0.46966610329228115,10,5,False,,stable
002805.SZ,roiic,丰元股份,20250429.0,电气设备,20241231,-5.058569720483158,-1.2694105396258135,0.5270276707798619,0.16494076148966666,,,down,5.019941290397536,105.05605310369495,high_volatility,stable,False,none,-327.13878912413946,False,none,False,rising,mid_up,False,True,-2.94488860782131,-53.46294490299026,-0.8,0.0864107329737,5.235467169900786,-14.270395313063533,-2.725715747986242,10,5,False,,stable
002812.SZ,roiic,恩捷股份,20250423.0,电气设备,20241231,-5.0487420035487975,-0.6843247453741113,0.10660376625097359,0.5917933284741244,,,down,2.114978499410841,300.95597747085816,high_volatility,increasing_vol,False,none,4014.7944853378485,False,none,False,rising,top,False,False,1.8581290897129852,17.906917501783663,0.2,0.8064959405073401,180.87290757214276,679.1880338659346,3.7550567577127847,10,5,False,,stable
002815.SZ,roiic,崇达技术,20250417.0,元器件,20241231,-2.6377150215253526,0.04603898210565871,0.0005558431859484453,0.9699844695275383,,,up,2.770399313005628,81.1970740179487,high_volatility,increasing_vol,True,severe,-1962.566635335213,False,none,False,falling,bottom,False,True,-4.380142818326183,-19.956422337382083,-0.6,0.22067136191984693,-40.59242453592991,-172.05310509594383,1.0,10,5,False,,stable
002817.SZ,roiic,黄山胶囊,20250329.0,化学制药,20241231,-1.9249746961110943,-0.2127622863831792,0.01861139744380735,0.8268403971724406,,,down,2.475814879104987,139.55245376551318,high_volatility,increasing_vol,True,severe,-4697.034116346891,False,none,False,falling,bottom,False,False,-1.9322407280893763,-14.455603521384155,-0.8,0.0864107329737,-75.77519385759528,-305.5917921430793,1.0,10,5,False,,stable
002821.SZ,roiic,凯莱英,20250329.0,生物制药,20241231,-8.377000028671691,-0.8060338965207128,0.10819475335622414,0.5888733613429009,,,down,2.199222303989933,147.98511806642534,high_volatility,increasing_vol,False,none,320.1780995511373,False,none,False,rising,top,False,False,0.717733257485784,49.69037020227316,0.2,0.8064959405073401,83.11091905190256,314.9725072713693,3.789784914719446,10,5,False,,stable
002826.SZ,roiic,易明医药,20250425.0,化学制药,20241231,7.689479304345602,0.6897313545016417,0.13509908200262472,0.5427723505567994,,,up,1.7347523803264802,189.41554156211967,high_volatility,increasing_vol,False,none,7131.041132643802,False,none,False,rising,top,False,False,2.137175108364879,61.82222131318376,0.6,0.22067136191984693,137.23405622789411,442.1934049987829,3.22218418046659,10,5,False,,stable
002833.SZ,roiic,弘亚数控,20250424.0,专用机械,20241231,-7.831860975090597,-1.4685887336910906,0.27697566633361503,0.3622790565223107,,,down,11.290646353094635,32.42075369632837,high_volatility,increasing_vol,True,severe,14.5206303785742,False,none,False,falling,mid_down,False,False,0.07840805481988689,-4.443697627325782,0.0,1.0,0.5219118326036307,-29.179323660037294,-55.90853059313127,10,5,False,,stable
002835.SZ,roiic,同为股份,20250424.0,IT设备,20241231,4.981829811306305,0.1367224182875014,0.258717624088688,0.38149969960564095,0.04287280944992711,0.04287280944992711,up,0.3999733065717995,14.663368557577058,moderate,increasing_vol,True,mild,81.37924871581266,False,none,False,falling,mid_down,True,False,0.29756800896986335,5.408049602848786,0.4,0.4624327264504764,38.15541684794748,44.884085146134545,1.1763489657314288,10,5,False,,stable
002837.SZ,roiic,英维克,20250422.0,专用机械,20241231,3.857089289915406,0.24498107763512963,0.600944326467536,0.12353668642867786,0.21366637469025718,0.21366637469025718,up,0.43189075908672736,7.752625607173669,moderate,decreasing_vol,False,none,-3.300452711790232,False,none,False,rising,mid_up,False,False,-0.016767159136770404,3.613210931446741,0.4,0.4624327264504764,19.107558566453555,24.43626422240721,1.2788794621469364,10,5,False,,stable
002841.SZ,roiic,视源股份,20250424.0,元器件,20241231,-15.47549598038905,-1.5830685655100527,0.3797564490958389,0.26833893975364165,,,down,1.6518562589797987,38.51580446317562,high_volatility,increasing_vol,False,none,-410.70323891699195,False,none,False,rising,mid_up,False,False,-3.728577881150766,-17.789999808897317,-0.4,0.4624327264504764,-27.959329197630353,-36.64494406284984,1.0,10,5,False,,stable
002842.SZ,roiic,翔鹭钨业,20250429.0,小金属,20241231,5.3925735055050525,0.042786911597550235,0.0001902280846823934,0.9824396298326221,,,up,6.356256769617065,132.1778161192333,high_volatility,decreasing_vol,True,severe,-152.5613111796409,False,none,False,falling,mid_down,False,True,-4.6891410131623275,40.825947796664465,0.2,0.8064959405073401,-11.572376923444002,-39.42090506922135,1.0,10,5,False,,stable
002845.SZ,roiic,同兴达,20250425.0,元器件,20241231,35.207101274817234,0.29957863321139316,0.00915129993000096,0.8783848441046593,,,up,1.7706566980881564,168.15416331754275,high_volatility,stable,True,severe,-100.33866286721862,False,none,False,falling,bottom,False,False,-3.473909261749567,42.43164988536124,0.2,0.8064959405073401,105.52924823149239,-0.8285589841459788,-0.00785146296435681,10,5,False,,stable
002850.SZ,roiic,科达利,20250418.0,电气设备,20241231,4.594606103909339,1.083898658495814,0.5396292772017355,0.15743621673102262,,,up,1.0761014452246784,18.910595457407336,high_volatility,decreasing_vol,False,none,40.545964442677054,False,none,False,rising,mid_up,False,False,0.1699303556978209,3.2364841993806674,0.2,0.8064959405073401,17.881656798865325,21.97665650952607,1.2290056093080028,10,5,False,,stable
002851.SZ,roiic,麦格米特,20250429.0,电气设备,20241231,-0.2829290860304813,-0.5448803023429274,0.05463128276502359,0.7051337940730852,,,down,5.031224899629906,19.917090768530443,high_volatility,decreasing_vol,True,severe,-241.81059973419013,False,none,False,falling,mid_down,False,False,-3.0970135786086166,-0.4498533675697164,-0.4,0.4624327264504764,-4.043574901365824,-13.149168225304242,1.0,10,5,False,,stable
002855.SZ,roiic,捷荣技术,20250424.0,元器件,20241231,-9.690179611281527,-0.2749080223139234,0.42921810551826356,0.23010880330393865,,,down,2.961218284270082,228.51024154877243,high_volatility,decreasing_vol,False,none,116.43797624369358,False,none,False,rising,mid_up,True,False,4.936815642590286,-14.503643961412248,-0.2,0.8064959405073401,61.57008204155298,28.23944055664182,0.4586552367687821,10,5,False,,stable
002859.SZ,roiic,洁美科技,20250415.0,元器件,20241231,-3.119819650620004,-0.799503990729935,0.13032292224513742,0.5505456725699126,,,down,4.2945323642001405,22.2134025065137,high_volatility,increasing_vol,True,severe,97.89047180890131,False,none,False,falling,mid_down,False,False,1.7537131914243977,-4.810692093026926,-0.2,0.8064959405073401,4.23653870213312,-0.6461840139941166,-0.15252640408283288,10,5,False,,stable
002861.SZ,roiic,瀛通通讯,20250425.0,元器件,20241231,-210.36351068531795,-2.2689928833125954,0.2904041274395195,0.3486936753765744,,,down,2.792162514220475,516.9898697000592,high_volatility,increasing_vol,False,none,-396.9842440394356,False,none,False,rising,mid_up,False,True,-6.158845883543449,-215.74947792514857,-0.4,0.4624327264504764,-248.2665671636947,-407.46121905192246,1.0,10,5,False,,stable
002865.SZ,roiic,钧达股份,20250318.0,电气设备,20241231,6.027471754951649,0.6587778343866807,0.2097600205567778,0.43794340716175645,,,up,2.688835655366037,148.86996076718958,high_volatility,increasing_vol,True,severe,-476.9065316406598,False,none,False,falling,bottom,False,True,-5.764114965034519,-29.90254102900513,0.0,1.0,-71.22561535243577,-309.3153916169024,1.0,10,5,False,,stable
002866.SZ,roiic,传艺科技,20250429.0,IT设备,20241231,-2.0345256673242984,-0.5472554312203233,0.12255148494703624,0.563551769182517,,,down,3.761033159242123,158.03383174016284,high_volatility,increasing_vol,False,none,1433.4116514782884,False,none,False,rising,top,True,False,5.152177135838821,-13.622175991050604,-0.2,0.8064959405073401,57.531767745928555,315.4399843366035,5.482883573639657,10,5,False,,stable
002876.SZ,roiic,三利谱,20250402.0,元器件,20241231,-12.429828669400502,-1.034315838773659,0.18909250103536623,0.464315530176208,,,down,2.25501245026506,330.3278451955727,high_volatility,stable,False,none,101.02186326902523,False,none,False,rising,mid_up,True,False,5.0001309170387795,-7.367667734680523,-0.2,0.8064959405073401,-150.21498913542789,7.485713426552075,1.0,10,5,False,,stable
002879.SZ,roiic,长缆科技,20250318.0,电气设备,20241231,1.9537100061643673,0.5333585824561473,0.05959919797668963,0.692280502022278,,,up,3.6963742447963575,121.67871600332661,high_volatility,stable,True,severe,103.16314043307409,False,none,False,falling,mid_down,True,False,4.467619126172372,-0.13536748114349795,0.0,1.0,-32.33228430995487,7.733723807327992,1.0,10,5,False,,stable
002880.SZ,roiic,卫光生物,20250423.0,生物制药,20241231,1.459207322734638,0.13531130119863274,0.5333333187424857,0.16116185590241708,,,up,1.737563963777204,28.285922853877043,high_volatility,increasing_vol,True,severe,222.35575769137063,False,none,False,falling,mid_down,True,False,3.2913492043624233,2.1547647368694376,0.2,0.8064959405073401,18.378641083224622,14.845103757374023,0.8077367467023507,10,5,False,,stable
002881.SZ,roiic,美格智能,20250428.0,元器件,20241231,2.7385095689302785,0.682897069206747,0.07304977797549156,0.6601092424624075,,,up,21.40190827906524,27.5341962270159,high_volatility,stable,False,none,1085.8210985998996,False,none,False,rising,mid_up,False,False,2.405130309633909,4.6567444618203915,0.2,0.8064959405073401,-0.46497709048092606,16.727192006967982,1.0,10,5,False,,stable
002882.SZ,roiic,金龙羽,20250403.0,电气设备,20241231,-4.543087496769801,-0.10288732955689461,0.6622420927344947,0.09372279673210233,,,down,0.5923415935981513,35.5674945263786,volatile,increasing_vol,False,none,-7.374897682638178,False,none,False,rising,mid_up,False,False,-0.03557184496743249,-6.940094870192713,-0.6,0.22067136191984693,-63.72793855572226,-55.184994997143754,1.0,10,5,False,,stable
002885.SZ,roiic,京泉华,20250426.0,元器件,20241231,0.7732886899174929,0.0324511071766274,0.00015471034427206156,0.9841635222042131,,,up,3.45183887071912,234.56989977852126,high_volatility,decreasing_vol,True,severe,-264.3790103635008,False,none,False,falling,mid_down,False,False,-4.742901557618704,-65.95600930598934,-0.4,0.4624327264504764,36.467036680812015,-73.56513389878867,-2.0173049579730917,10,5,False,,stable
002888.SZ,roiic,惠威科技,20250425.0,元器件,20241231,-34.7841508934281,-1.5868358932590652,0.21061372732221814,0.43688987333990315,,,down,1.8875460491536054,380.57448902348773,high_volatility,increasing_vol,True,severe,-772.1222528004713,False,none,False,falling,bottom,False,False,-6.450116281736507,-167.36494748002593,-0.6,0.22067136191984693,-260.8941327718153,-820.2388294894808,1.0,10,5,False,,stable
002892.SZ,roiic,科力尔,20250425.0,电气设备,20241231,-1.756436650133097,-0.08838557093808971,0.08130430067660828,0.6419310394782322,,,down,2.1279973713572664,52.20407559994304,high_volatility,increasing_vol,True,severe,137.89963664285776,False,none,False,falling,mid_down,True,False,3.459693259555108,-0.6197751805064863,0.0,1.0,27.09096797798884,9.776105353836824,0.36086216490233275,10,5,False,,stable
002897.SZ,roiic,意华股份,20250425.0,元器件,20241231,-6.065130038353011,-0.3967319629946372,0.02563357748139322,0.7970224046327743,,,down,2.0795502531098142,34.964865502328855,high_volatility,stable,False,none,-83.65081243999282,False,none,False,rising,mid_up,False,False,-0.9045164026583732,-7.497875929888006,-0.2,0.8064959405073401,14.994128006178078,11.1269676727222,0.7420883473942279,10,5,False,,stable
002900.SZ,roiic,哈三联,20250425.0,化学制药,20241231,92.82124393922285,1.0374960972849625,0.08565110055213312,0.6327609201076112,,,up,1.6941020589518132,252.19327413775608,high_volatility,decreasing_vol,True,severe,99.53755368279712,False,none,False,falling,mid_down,False,False,2.6468678427298014,93.24303643368881,0.2,0.8064959405073401,-121.01908200444247,-1.6343029108966758,1.0,10,5,False,,stable
002901.SZ,roiic,大博医疗,20250424.0,医疗保健,20241231,-40.06455024800338,-2.6283055532878565,0.7301254525493833,0.06516747031075627,,,down,2.041220710679153,83.70590096369988,high_volatility,increasing_vol,True,severe,-30.1091417622694,False,none,False,falling,bottom,False,False,-0.13159772299982064,-33.63462003330011,-0.8,0.0864107329737,-53.02713093027916,-146.97245458715543,1.0,10,5,False,,stable
002908.SZ,roiic,德生科技,20250426.0,软件服务,20241231,5.439860752771405,1.3130418030894035,0.49069794872608025,0.1876674155430968,,,up,6.035489517037557,51.18829835829167,high_volatility,increasing_vol,False,none,358.15605161005885,False,none,False,rising,top,False,False,0.7606202593864604,17.03491324186045,0.2,0.8064959405073401,11.445193352814723,79.02867627219787,6.9049664637393215,10,5,False,,stable
002912.SZ,roiic,中新赛克,20250328.0,IT设备,20241231,34.34127013144938,1.9328766610867885,0.47109521764471074,0.20063406693087388,,,up,76.80109849390217,383.71022333067566,high_volatility,increasing_vol,True,severe,-519.9686448359189,False,none,False,falling,bottom,False,True,-6.444040985389833,-98.97090015693837,-0.2,0.8064959405073401,-34.788580916311645,-644.4473508627623,1.0,10,5,False,,stable
002913.SZ,roiic,奥士康,20250425.0,元器件,20241231,-23.77246310103293,-2.501761342400809,0.7691597564705056,0.050806630273961435,,,down,1.92409117578941,49.95335138219924,high_volatility,increasing_vol,False,none,-16.886841564708412,False,none,False,rising,mid_up,False,False,-0.07798322339650898,-22.347943233626047,-0.8,0.0864107329737,-33.09378896762401,-36.24080429276312,1.0,10,5,False,,stable
002916.SZ,roiic,深南电路,20250313.0,元器件,20241231,0.22546471075572955,0.049046194540493235,0.08893297622579,0.6260047402795796,,,up,6.763960197687455,23.032774549494185,high_volatility,increasing_vol,False,none,362.20061671398156,False,none,False,rising,top,False,False,0.7630513338925955,2.1560518514313647,0.2,0.8064959405073401,3.9646250334160387,32.69215198961401,8.24596316525941,10,5,False,,stable
002922.SZ,roiic,伊戈尔,20250329.0,电气设备,20241231,-0.055221250691228276,-0.010746873754976516,0.09195117637704253,0.619911137419558,0.6369743541584705,0.6369743541584705,down,2.20409860098559,632.4070094010823,high_volatility,decreasing_vol,False,none,0.7987003002022857,False,none,False,rising,mid_up,False,False,0.0039120424740402004,0.3518128673373846,0.2,0.8064959405073401,244.8024288345709,5.459675841167631,0.022302376112685932,10,5,False,,stable
002923.SZ,roiic,润都股份,20250429.0,化学制药,20241231,3.2005388961023042,0.2186469673371628,0.2189969919472495,0.426685570619153,,,up,5.148876703149071,55.14770271010398,high_volatility,increasing_vol,False,none,304.7185770097738,False,none,False,rising,top,False,False,0.6965682726088047,-0.7148075048062559,0.0,1.0,-13.325550070586171,27.938449974738155,1.0,10,5,False,,stable
002925.SZ,roiic,盈趣科技,20250425.0,元器件,20241231,13.984921617720744,0.5606744684983955,0.495889813965992,0.18431752398409168,0.34032237301186763,0.34032237301186763,up,1.2938900321241502,103.29643799354446,high_volatility,stable,True,severe,-82.5877310108374,False,none,False,falling,mid_down,False,True,-0.8739367682608816,10.790031813021606,0.2,0.8064959405073401,84.02949284601499,44.6494388187549,0.5313543769754211,10,5,False,,stable
002927.SZ,roiic,泰永长征,20250425.0,电气设备,20241231,-1.1967399220655175,-0.05981020119688032,0.20599120638560547,0.4426270622603387,,,down,4.535527315320799,36.71113479513025,high_volatility,stable,False,none,181.58651336870108,False,none,False,rising,top,True,False,4.5768158306962,3.3042082616958646,0.2,0.8064959405073401,9.45604813521547,43.89531100740109,4.642035486677529,10,5,False,,stable
002932.SZ,roiic,明德生物,20250425.0,医疗保健,20241231,0.8802300963303764,0.009987977948011473,0.050947067877559614,0.7150705469048,-0.35308458046093705,-0.35308458046093705,up,1.5866272528187608,399.0315772639114,high_volatility,increasing_vol,True,severe,-84.12100698917904,False,none,False,falling,bottom,False,False,-0.9196239729385556,-2.0172575678895583,0.0,1.0,273.2822685754745,16.217731610478737,0.05934425125719329,10,5,False,,stable
002937.SZ,roiic,兴瑞科技,20250425.0,元器件,20241231,5.011112981946712,1.3895372092184568,0.3773997780821937,0.27026112517317546,,,up,4.217635626134686,48.32108431199936,high_volatility,increasing_vol,True,severe,-296.3662825842032,False,none,False,falling,bottom,False,True,-4.81960356387709,-12.19175759945023,-0.2,0.8064959405073401,-15.19932226643006,-86.81519105496804,1.0,10,5,False,,stable
002938.SZ,roiic,鹏鼎控股,20250409.0,元器件,20241231,2.3075610628451186,0.5669556260713258,0.039393913713738564,0.7489578472195024,,,up,6.907582996708928,52.57838746548322,high_volatility,increasing_vol,False,none,8.891896820548363,False,none,False,rising,top,False,False,0.04258443029232373,13.074969456735854,0.4,0.4624327264504764,8.303959338785377,52.92818845616043,6.373849665779102,10,5,False,,stable
002940.SZ,roiic,昂利康,20250426.0,化学制药,20241231,2.3447834522912654,0.07013490343320558,0.015006913627501626,0.8444157078744884,,,up,51.0191838886718,43.80996994337726,high_volatility,decreasing_vol,False,none,1038.0328620126002,False,none,False,rising,top,False,False,1.2034862466735041,12.684830159746749,0.4,0.4624327264504764,2.63926647486808,35.234728453807875,13.350197408758822,10,5,False,,stable
002947.SZ,roiic,恒铭达,20250329.0,元器件,20241231,3.6236732893607226,0.7124445675750687,0.10478426124357719,0.595162751752599,,,up,8.254262726083642,103.15832655255002,high_volatility,decreasing_vol,True,severe,-76.45984350650433,False,none,False,falling,mid_down,False,True,-0.7229500199055583,37.26396021483924,0.4,0.4624327264504764,1.2142167166152742,20.4816445629673,16.86819517693803,10,5,False,,stable
002950.SZ,roiic,奥美医疗,20250426.0,医疗保健,20241231,-158.8595257207598,-2.475031640807817,0.5735844152750786,0.13814000259439616,,,down,15.314989373420493,856.6414557088543,high_volatility,decreasing_vol,False,none,-14885.302967608202,False,none,False,rising,mid_up,True,False,-2.4894221904949387,-252.33633887512926,-0.6,0.22067136191984693,-41.4766522886915,-417.09058578003317,1.0,10,5,False,,stable
002952.SZ,roiic,亚世光电,20250425.0,元器件,20241231,59.960298348915614,2.169211177908563,0.5478091881452973,0.1526657432003797,,,up,1.5825719422592468,628.5891216849507,high_volatility,decreasing_vol,True,mild,123.48231378471391,False,none,False,falling,mid_down,False,True,0.4020668638245035,55.530375338605246,0.2,0.8064959405073401,374.1945319942618,187.6279425902752,0.5014181837193507,10,5,False,,stable
002953.SZ,roiic,日丰股份,20250425.0,电气设备,20241231,7.4691364166575,1.4250573510309177,0.5525696105834353,0.14992552158233333,,,up,1.6291683728314745,34.44206854857183,high_volatility,stable,True,severe,-87.51281005697705,False,none,False,falling,mid_down,False,True,-1.0388400725390112,8.88979005953284,0.4,0.4624327264504764,23.381630426008094,9.377208072456316,0.40105022197364665,10,5,False,,stable
002955.SZ,roiic,鸿合科技,20250426.0,IT设备,20241231,37.98299014580292,0.20148017091557957,0.0028231596531055644,0.9323802818644618,,,up,2.922009608013637,180.6263014279264,high_volatility,stable,True,severe,-404.01506212559354,False,none,False,falling,bottom,False,True,-5.22367945184408,25.01032106499833,0.4,0.4624327264504764,-50.420882388522855,-161.8122818310301,1.0,10,5,False,,stable
002957.SZ,roiic,科瑞技术,20250425.0,专用机械,20241231,51.789450905285,1.6630490056787521,0.20905460595261272,0.4388159870947115,,,up,22.342166520665476,181.1374825660993,high_volatility,increasing_vol,False,none,383.366574920545,False,none,False,rising,top,False,False,0.7877611019272299,47.37466992612533,0.2,0.8064959405073401,7.42940833970961,259.6342707151715,34.94683006282566,10,5,False,,stable
002960.SZ,roiic,青鸟消防,20250415.0,专用机械,20241231,-4.241349703146588,-0.6663681273518703,0.12745503435994612,0.5552922272642147,,,down,2.29541589598489,58.63793408212109,high_volatility,increasing_vol,True,severe,-2523.724107379536,False,none,False,falling,bottom,False,False,-3.941306398310809,-27.386752233298083,-0.6,0.22067136191984693,-34.61286813957772,-126.15931758740435,1.0,10,5,False,,stable
002962.SZ,roiic,五方光电,20250426.0,元器件,20241231,16.47156318369651,0.8218255293192452,0.4923663466931248,0.1865871369510457,,,up,0.8824371817240987,39.62336663416412,high_volatility,stable,False,none,78.53780608653013,False,none,False,rising,top,False,False,0.7028736508133243,16.177612677339226,0.6,0.22067136191984693,-39.96072630002333,-1.197075753209185,1.0,10,5,False,,stable
002970.SZ,roiic,锐明技术,20250425.0,IT设备,20241231,48.0311853673978,2.9116345910206585,0.7161316625504122,0.07067997758077674,,,up,5.8491382583943174,105.6511263107333,high_volatility,decreasing_vol,True,mild,59.81990890854253,False,none,False,falling,mid_down,False,False,0.23440940715778158,43.68443799459801,0.6,0.22067136191984693,32.47203794793113,81.4129228983544,2.5071701082913216,10,5,False,,stable
002975.SZ,roiic,博杰股份,20250426.0,专用机械,20241231,-12.979700742929918,-1.6598702544831123,0.4759613989105768,0.19736755047640459,,,down,6.585771520734553,232.4369381697797,high_volatility,increasing_vol,False,none,903.4631926947304,False,none,False,rising,top,True,False,5.6894387715525445,-36.21579637278442,-0.2,0.8064959405073401,52.711232460661094,419.10669948200143,7.950994122453594,10,5,False,,stable
002978.SZ,roiic,安宁股份,20250314.0,小金属,20241231,-14.702850600827864,-1.4640155028385204,0.27555927769504895,0.36373849958638066,,,down,14.371795995466469,50.34666918197237,high_volatility,decreasing_vol,False,none,102.09705603646142,False,none,False,rising,mid_up,True,False,2.735349497751322,-10.607783245958558,-0.2,0.8064959405073401,-0.9076973843922211,1.0185501910623675,1.0,10,5,False,,stable
002979.SZ,roiic,雷赛智能,20250425.0,专用机械,20241231,-2.985584728644142,-0.1852901033077055,0.11682612089980515,0.5734374882937531,,,down,3.135835589068455,59.085032941909745,high_volatility,increasing_vol,False,none,2060.321725376049,False,none,False,rising,top,False,False,1.5319663046413416,-2.4579269498466454,0.0,1.0,22.835943716453976,113.54739581444193,4.9723101976568485,10,5,False,,stable
002981.SZ,roiic,朝阳科技,20250408.0,元器件,20241231,-5.293873989794966,-0.06228194792647699,0.0004714990059167899,0.9723550138078265,,,down,1.162951227484017,88.84629559840329,high_volatility,stable,True,severe,-112.8750220152121,False,none,False,falling,bottom,False,True,-3.8618021239892393,-12.764033359498052,-0.2,0.8064959405073401,74.80910494436503,-8.516208076014744,-0.11383919219924077,10,5,False,,stable
002983.SZ,roiic,芯瑞达,20250423.0,元器件,20241231,-8.942346067002998,-0.4544635021397543,0.02297084016125152,0.8077674690103868,,,down,3.014546283118378,60.21802186658761,high_volatility,stable,True,severe,-376.1764041460651,False,none,False,falling,bottom,False,False,-4.735940781624185,-5.0069280120951785,-0.2,0.8064959405073401,-22.65851981729152,-94.68997841840667,1.0,10,5,False,,stable
002987.SZ,roiic,京北方,20250412.0,软件服务,20241231,1.1505006177305321,-0.5699962833604084,0.04319407313872477,0.7372978222026285,,,down,10.019901903764644,35.83743293375535,high_volatility,decreasing_vol,True,severe,-185.99543630312652,False,none,False,falling,mid_down,False,False,-3.64843381864706,1.374176886649789,0.2,0.8064959405073401,-3.231474943145484,-17.79936984101664,1.0,9,5,False,,stable
002990.SZ,roiic,盛视科技,20250412.0,软件服务,20241231,8.082587923508026,-0.25777677337427257,0.007182908508007225,0.8922196732307618,,,down,2.184913430022794,90.71565194942652,high_volatility,increasing_vol,True,severe,85.28739392853075,False,none,False,falling,mid_down,False,False,0.9580486197230282,4.692162884051078,0.0,1.0,-39.094329461607806,-25.763976117180874,1.0,9,5,False,,stable
002992.SZ,roiic,宝明科技,20250429.0,元器件,20241231,-19.1417895171977,-0.35136613177549086,0.010947834374422186,0.8670220098813375,,,down,4.121067672111417,95.62485340144751,high_volatility,decreasing_vol,True,severe,-48.519056258678106,False,none,False,falling,bottom,False,False,-0.1977332106921983,-12.047677948764527,-0.4,0.4624327264504764,17.461365873391223,-62.69510846443534,-3.5905042548804427,10,5,False,,stable
002993.SZ,roiic,奥海科技,20250422.0,元器件,20241231,-2.2798538722728425,-0.07781973367488426,0.0008314084992689481,0.9632923013661738,,,down,2.7105998701476053,34.97902539329407,high_volatility,stable,False,none,32.04980582598429,False,none,False,rising,mid_up,False,False,0.13838379895827901,-1.8838176253401133,-0.2,0.8064959405073401,-13.588489131865057,12.196205808914682,1.0,9,5,False,,stable
002997.SZ,roiic,瑞鹄模具,20250325.0,专用机械,20241231,4.677841766121736,1.4023740268253047,0.5156507562540952,0.17188088097810703,,,up,2.7139115850555533,31.435160162851513,high_volatility,stable,False,none,679.4258522853978,False,none,False,rising,top,False,True,1.0247748304162456,17.09306193782554,0.8,0.0864107329737,16.570717136369083,62.20311055863444,3.753797137850617,10,5,False,,stable
003005.SZ,roiic,竞业达,20250426.0,软件服务,20241231,9.72852864008101,0.8484794607345421,0.15595697190500787,0.5105739415031274,,,up,5.981718163862498,483.29751026359367,high_volatility,increasing_vol,False,none,-99.05301520197989,False,none,False,rising,mid_up,False,False,-2.328064951908044,-44.784083452599376,0.0,1.0,71.1907107119558,8.413886595728194,0.1181879842409715,9,5,False,,stable
003007.SZ,roiic,直真科技,20250425.0,软件服务,20241231,-44.39528619209357,-1.1303723234974747,0.1294819805063984,0.5519312217696016,,,down,2.1294085696842204,787.2986020639661,high_volatility,stable,True,severe,-109.85251413952972,False,none,False,falling,bottom,False,True,-7.006781263357812,-46.242201515205686,-0.2,0.8064959405073401,356.40783173667995,-173.27988489444698,-0.4861842795375749,9,5,False,,stable
003008.SZ,roiic,开普检测,20250409.0,电气设备,20241231,-4.601399733382465,-0.2946240321608192,0.02373647334483799,0.8046153187839493,,,down,704.1145861799633,198.07435125524438,high_volatility,stable,False,none,1255.6193337977743,False,none,False,rising,top,False,False,1.303155004004294,90.20649817290884,0.4,0.4624327264504764,24.38030071698971,292.5343307905087,11.998799120088481,9,5,False,,stable
003015.SZ,roiic,日久光电,20250415.0,元器件,20241231,11.409148850736196,0.5379775700218896,0.48506853848846304,0.19133915596990958,,,up,4.056128151528542,73.91315478284176,high_volatility,increasing_vol,True,severe,-313.8824132936358,False,none,False,falling,bottom,False,True,-4.962296841324758,-9.222074820281637,0.0,1.0,11.829636480059335,-104.50281057877197,-8.833983255100652,10,5,False,,stable
003019.SZ,roiic,宸展光电,20250429.0,元器件,20241231,-7.635786465552377,-0.2660973065149312,0.021944506162056242,0.8120785186748886,,,down,2.0468996515333906,429.8068744819628,high_volatility,stable,False,none,100.22430686006254,False,none,False,rising,mid_up,True,False,4.551213642119672,0.13569389192176648,0.0,1.0,-212.27019153241167,2.189946334913729,1.0,9,5,False,,stable
003020.SZ,roiic,立方制药,20250422.0,化学制药,20241231,0.15819146155723773,0.03305984981717316,0.032333516378435435,0.7722919760486502,,,up,3.594662305096445,73.03848697538233,high_volatility,increasing_vol,True,severe,-760.1478487924435,False,none,False,falling,bottom,False,False,-4.76344048397606,-9.469008140379929,-0.4,0.4624327264504764,-29.880216740948626,-150.4595296706364,1.0,9,5,False,,stable
003021.SZ,roiic,兆威机电,20250429.0,元器件,20241231,5.621172786014138,1.2029207299627107,0.5879738335267087,0.13035694925262833,,,up,2.735224902280533,142.01814444313172,high_volatility,decreasing_vol,True,moderate,162.79977643166683,False,none,False,falling,mid_down,False,False,0.48123344385495037,7.452214178758782,0.6,0.22067136191984693,-40.6682553143106,19.754445474527433,1.0,9,5,False,,stable
003026.SZ,roiic,中晶科技,20250429.0,半导体,20241231,-35.77606408893793,-2.4871151654042896,0.6963125080597119,0.07881785975761464,,,down,1.4837249479908758,100.15087341962182,high_volatility,increasing_vol,False,none,49.754253347464065,False,none,False,rising,mid_up,False,False,0.34407603041586965,-35.299383575925184,-0.4,0.4624327264504764,-78.23244141422829,-45.01013238645682,1.0,10,5,False,,stable
003028.SZ,roiic,振邦智能,20250328.0,元器件,20241231,-3.5527105832516073,-0.6922890288208955,0.09039117026743185,0.6230467537896858,,,down,5.398016438145503,18.129310641996945,high_volatility,stable,True,severe,69.65354023850318,False,none,False,falling,mid_down,False,False,0.5945182821970735,-5.250540322130026,-0.2,0.8064959405073401,-4.424326593698099,-8.08148133615592,1.0,9,5,False,,stable
003029.SZ,roiic,吉大正元,20250426.0,软件服务,20241231,-8.94627782977995,-1.310458214526727,0.2947992504690687,0.3443430820796933,,,down,2.240444832112273,5898.143401108311,high_volatility,stable,True,severe,99.46227630693885,False,none,False,falling,mid_down,False,False,2.6127654370905864,-12.34670325341662,-0.2,0.8064959405073401,-2635.260823682515,-70.88856449800586,1.0,9,5,False,,stable
003031.SZ,roiic,中瓷电子,20250425.0,元器件,20241231,2.5826173791556277,0.6145726159460598,0.145168873419994,0.5268897586957328,,,up,5.254472710858781,47.271860105082474,high_volatility,increasing_vol,True,severe,-471.1051461565999,False,none,False,falling,bottom,False,False,-4.552839458123852,-11.975950329499788,-0.2,0.8064959405073401,-14.497735910419001,-91.38934966770023,1.0,9,5,False,,stable
003035.SZ,roiic,南网能源,20250329.0,新型电力,20241231,-1.8975859443447995,-0.5900789844045538,0.1398400521724387,0.5352118769924653,,,down,2.2965537543237775,161.68576733158974,high_volatility,increasing_vol,True,severe,-6594.4299609404,False,none,False,falling,bottom,False,True,-4.494669413803175,-12.457079905378869,-1.0,0.02748633611151033,-92.87714389829647,-359.33396750557034,1.0,10,5,False,,stable
003043.SZ,roiic,华亚智能,20250429.0,半导体,20241231,-1.926844436166722,-0.36959840270319866,0.4937183267006223,0.18571437808736216,,,down,7.827332565372889,54.90584382271705,high_volatility,increasing_vol,False,none,-76.9100784834989,False,none,False,rising,mid_up,False,False,-0.6817850213608259,-14.248089944691124,-0.8,0.0864107329737,-12.99121538324392,1.3953778435113882,1.0,10,5,False,,stable
003816.SZ,roiic,中国广核,20250327.0,新型电力,20241231,10.698567097837024,1.3464803624786115,0.497130356465465,0.18352223817349833,,,up,2.060280195837122,52.7903286210272,high_volatility,stable,True,severe,101.1646896809255,False,none,False,falling,mid_down,False,False,3.2329355930334875,10.397576688367913,0.2,0.8064959405073401,-22.413317829137334,1.2849691968277994,1.0,10,5,False,,stable
300001.SZ,roiic,特锐德,20250422.0,电气设备,20241231,19.954652207502182,1.9496147350004598,0.9374582560996709,0.006766998350469211,,,up,1.4154320208381592,36.539509631042044,high_volatility,increasing_vol,True,mild,1412.8459912120793,False,none,False,falling,mid_down,False,True,1.350133484842177,17.7196614127451,0.8,0.0864107329737,31.801488929255374,58.37327210814579,1.8355515440802534,10,5,False,,stable
300003.SZ,roiic,乐普医疗,20250419.0,医疗保健,20241231,-7.832354376895395,-1.1106740178554109,0.21486226142913753,0.43168676817016277,,,down,2.099857007231827,492.5572693715711,high_volatility,increasing_vol,True,severe,-7271.885793951519,False,none,False,falling,bottom,False,False,-5.57270886181548,-55.14459485769961,-0.6,0.22067136191984693,-303.5518241253176,-1113.6752418365936,1.0,10,5,False,,stable
300004.SZ,roiic,南风股份,20250426.0,电气设备,20241231,40.208324587924665,0.4295491116350324,0.6838663569387041,0.08412773562644713,,,up,11.699251797006635,262.7087159763927,high_volatility,stable,True,mild,135.2729253224691,False,none,False,falling,mid_down,True,False,6.218947772655358,50.41087625979143,0.4,0.4624327264504764,34.51766976984697,149.12233651358264,4.320173914052825,10,5,False,,stable
300006.SZ,roiic,莱美药业,20250322.0,化学制药,20241231,95.55365560301604,-0.5273396333903371,0.02624944895578268,0.7946198522779193,,,down,1.423280770646666,529.8136146511963,high_volatility,decreasing_vol,False,none,8313.162957824125,False,none,False,rising,top,False,False,2.215300121407231,11.383260224300885,0.0,1.0,400.91423322424896,994.9965898115131,2.4818190709008023,10,5,False,,stable
300009.SZ,roiic,安科生物,20250328.0,生物制药,20241231,-35.11915761497582,-2.0893726895550686,0.5988838640969747,0.12460790255810379,,,down,1.862971943384115,535.591571431629,high_volatility,decreasing_vol,True,severe,-140.53819772222298,False,none,False,falling,bottom,False,False,-5.008561026740903,-76.4593013705649,-0.6,0.22067136191984693,241.76048836487945,-47.65020842289036,-0.19709675780838845,10,5,False,,stable
300010.SZ,roiic,豆神教育,20250429.0,软件服务,20241231,5.418925928213941,-0.5480345481434846,0.030706534074156876,0.7780338273024325,,,down,12.690341729357948,70.2806784655347,high_volatility,stable,True,severe,35.73192817912222,False,none,False,falling,mid_down,False,False,0.22067361517478856,5.353440127327086,0.2,0.8064959405073401,-3.9124456199740796,-13.876250513280585,1.0,10,5,False,,stable
300014.SZ,roiic,亿纬锂能,20250418.0,电气设备,20241231,-0.025953505275689272,-0.009583132871562827,0.004759441623481801,0.9122305781330677,,,down,1.383546305636781,5.691118825070184,high_volatility,decreasing_vol,True,severe,-149.42333029333236,False,none,False,falling,bottom,False,False,-1.8261228478047848,-2.539856804899509,-0.6,0.22067136191984693,3.498390868482777,-2.112751521202351,-0.6039209455513568,10,5,False,,stable
300015.SZ,roiic,爱尔眼科,20250425.0,医疗保健,20241231,-1.7218010566208335,-0.28439766445960457,0.17021913904960942,0.49000033199710274,-0.34615322847550856,-0.34615322847550856,down,0.7902030983500969,10.232128934162887,high_volatility,increasing_vol,True,severe,36.81364838418047,False,none,False,falling,mid_down,False,False,0.14653017501418797,-2.2571215036168932,-0.2,0.8064959405073401,12.43219268029893,3.1029823039226625,0.24959252029932757,10,5,False,,stable
300016.SZ,roiic,北陆药业,20250418.0,化学制药,20241231,53.8792529297119,2.854171350382452,0.715148896135275,0.07107435958999,,,up,5.28558678608581,251.59173917882353,high_volatility,increasing_vol,False,none,46.49765439733808,False,none,False,rising,top,False,False,0.1909154706533216,39.98232839063894,0.2,0.8064959405073401,-46.75816781516212,185.91086375283797,1.0,10,5,False,,stable
300017.SZ,roiic,网宿科技,20250415.0,软件服务,20241231,-7.910225697409331,0.26812133643404823,0.009134045629533209,0.8784991968255527,,,up,2.7353664855505975,48.67163891062522,high_volatility,stable,True,severe,114.71958293199027,False,none,False,falling,mid_down,True,False,3.408956249355485,-13.114533137696176,-0.2,0.8064959405073401,15.420394032642546,5.777836212929315,0.3746879749439959,10,5,False,,stable
300018.SZ,roiic,中元股份,20250325.0,电气设备,20241231,14.05911377104018,0.20667254091135065,0.10212973532684393,0.6001376282252544,0.092236355632485,0.092236355632485,up,0.9787501171701308,101.30740629596772,high_volatility,stable,True,severe,-86.15337687194167,False,none,False,falling,mid_down,False,True,-0.9884663696253106,9.492798581803253,0.2,0.8064959405073401,107.72465026724956,35.35932242633146,0.32823798767143825,10,5,False,,stable
300024.SZ,roiic,机器人,20250419.0,专用机械,20241231,-47.34717477124646,-3.0004589950064706,0.681528010082635,0.08514260957630285,,,down,6.2477844984527495,122.03207355151473,high_volatility,increasing_vol,True,severe,-157.31191177125905,False,none,False,falling,bottom,False,True,-5.619854888816873,-43.01186306457387,-0.4,0.4624327264504764,5.327903064736034,-104.41377668684915,-19.59753685796876,10,5,False,,stable
300030.SZ,roiic,阳普医疗,20250425.0,医疗保健,20241231,-16.710626571496768,-0.2295240442628394,0.0038903765438930648,0.9206359016106813,,,down,7.4086011655855835,125.79591920454705,high_volatility,stable,False,none,-46.24504702539953,False,none,False,rising,mid_up,False,False,-0.3103044899026899,-17.216996486948737,-0.4,0.4624327264504764,-21.992900658493646,37.644620244820146,1.0,10,5,False,,stable
300032.SZ,roiic,金龙机电,20250429.0,元器件,20241231,-27.130556501932453,-1.9201608891232993,0.3124655334354513,0.32730867819002896,,,down,8.065065174221028,87.19857876250045,high_volatility,increasing_vol,True,severe,18.67957019160687,False,none,False,falling,mid_down,False,False,0.1033781421765001,-37.22018062923978,-0.4,0.4624327264504764,2.6727207253214793,-71.35704558270774,-26.698279736699686,10,5,False,,stable
300033.SZ,roiic,同花顺,20250225.0,软件服务,20241231,2.584448786647279,0.1248379045260584,0.002408804148932449,0.9375350479753843,,,up,3.0830696778294806,256.2641112985511,high_volatility,increasing_vol,False,none,272.6590177702682,False,none,False,rising,mid_up,True,False,4.711109904295267,-56.25600728781424,-0.4,0.4624327264504764,-99.60440259120894,73.03535808304002,1.0,10,5,False,,stable
300035.SZ,roiic,中科电气,20250424.0,电气设备,20241231,14.188272853362474,0.29039050638965536,0.13589179656490308,0.5414976188910973,,,up,4.707864785176295,70.24841240489867,high_volatility,stable,False,none,2218.518631400866,False,none,False,rising,mid_up,False,True,1.5632921660524788,43.91776145816132,0.8,0.0864107329737,27.239770215137895,87.88606252823814,3.22638780849177,10,5,False,,stable
300036.SZ,roiic,超图软件,20250423.0,软件服务,20241231,41.052279308332984,1.1044171398356313,0.6705354599459554,0.08998711719451487,1.7212278337900662,1.7212278337900662,up,1.0213028607241925,110.52475725082968,high_volatility,stable,True,mild,-55.003460859513474,False,none,False,falling,mid_down,False,True,-0.3992789662092937,42.0881188063992,0.6,0.22067136191984693,120.5350587705138,86.45310279204182,0.7172444571221351,10,5,False,,stable
300040.SZ,roiic,九洲集团,20250424.0,新型电力,20241231,-6.519270452512975,-1.7159779945999767,0.5965199114140837,0.1258425724345947,,,down,4.056002820690243,47.23412332888645,high_volatility,increasing_vol,False,none,428.2260284656216,False,none,False,rising,top,True,False,4.596917148917848,8.059161264731493,0.2,0.8064959405073401,15.668111029846218,89.82414396502551,5.732927459724999,10,5,False,,stable
300042.SZ,roiic,朗科科技,20250409.0,IT设备,20241231,16.03767304045379,1.144049347360748,0.3381048458213269,0.3037950624335557,,,up,2.159554320964459,1028.4950898121165,high_volatility,increasing_vol,True,mild,902.8574073069822,False,none,False,falling,mid_down,True,False,4.0251772671897035,23.591409200938934,0.2,0.8064959405073401,550.5579816418044,79.22046899338827,0.14389123695409337,10,5,False,,stable
300045.SZ,roiic,华力创通,20250418.0,IT设备,20241231,-4.099375556307024,-0.07668544751519706,0.036692727101856185,0.7576064008537571,-0.2057967481284576,-0.2057967481284576,down,0.6631331097615881,110.76348356495419,high_volatility,increasing_vol,True,mild,13.772555184452498,False,none,False,falling,mid_down,False,False,0.06451071597774805,-21.138595746087567,-0.2,0.8064959405073401,165.80073057468456,87.07097324001353,0.5251543400213946,10,5,False,,stable
300046.SZ,roiic,台基股份,20250403.0,半导体,20241231,-6.746123021022205,0.07999524259742419,0.0008288903550582812,0.9633479177016442,,,up,3.4328325747948036,311.9932404344534,high_volatility,decreasing_vol,True,severe,29.07092699520002,False,none,False,falling,mid_down,False,False,0.1717368462846709,-120.01710405302128,-0.4,0.4624327264504764,48.029331491451146,-87.87149509842259,-1.8295381669857937,10,5,False,,stable
300047.SZ,roiic,天源迪科,20250328.0,软件服务,20241231,-2.6299417444724713,-0.39082870715976403,0.22913852532934417,0.4146701674045755,,,down,1.4303712864128808,16.92066310037378,high_volatility,decreasing_vol,True,severe,-351.3701813880559,False,none,False,falling,mid_down,False,False,-0.7430872735444153,-0.5051584770621111,0.0,1.0,-11.476043922953814,-14.945337621434227,1.0,10,5,False,,stable
300048.SZ,roiic,合康新能,20250326.0,电气设备,20241231,45.458281167151775,0.30203220874163766,0.00951580810334487,0.8759940155744331,,,up,1.1944647139596107,350.6853264869585,high_volatility,decreasing_vol,False,none,1377.3117006311745,False,none,False,rising,mid_up,True,False,5.799564058896475,79.13631720125466,0.2,0.8064959405073401,307.2295196681654,589.9449904222223,1.9202093309894643,10,5,False,,stable
300049.SZ,roiic,福瑞股份,20250422.0,医疗保健,20241231,3.913260562529691,1.2441592441669616,0.3504281450946886,0.29296713571854904,,,up,1.389221123566426,51.496048760139566,high_volatility,increasing_vol,True,severe,-73.9537419440335,False,none,False,falling,mid_down,False,False,-0.6713569613731809,16.512187402274325,0.4,0.4624327264504764,41.18169273495244,9.478953305564652,0.2301739602247945,10,5,False,,stable
300053.SZ,roiic,航宇微,20250426.0,半导体,20241231,130.39750225340953,0.6924646606331875,0.04618179886918834,0.7285023153504593,,,up,1.4571947926189794,267.3950042454274,high_volatility,decreasing_vol,False,none,-139.63436691491145,False,none,False,rising,mid_up,False,True,-4.938509462839931,120.22630391889703,0.6,0.22067136191984693,-144.38058448660846,-43.92793915265853,1.0,10,5,False,,stable
300062.SZ,roiic,中能电气,20250429.0,电气设备,20241231,-2.8352339572940446,-0.2744915352769889,0.2838480159605755,0.3552703309426234,0.7666034658608984,0.7666034658608984,down,1.6455071327905153,70.88216434654304,high_volatility,increasing_vol,False,none,2613.3859769441847,False,none,False,rising,top,True,False,1.6472117947269038,-0.5223940908406206,0.0,1.0,51.6698509887846,169.20833155622387,3.2747981331115517,10,5,False,,stable
300068.SZ,roiic,南都电源,20250426.0,电气设备,20241231,-44.99795717513733,-1.3914335285022434,0.242022358841646,0.399893749471584,,,down,2.2590577461908867,38082.2922173132,high_volatility,stable,True,severe,-100.16933683798852,False,none,False,falling,mid_down,False,True,-8.852791576559829,23.52449029323388,0.0,1.0,16885.852541324482,-143.90027930032326,-0.00852194338119194,10,5,False,,stable
300069.SZ,roiic,金利华电,20250423.0,电气设备,20241231,-29.51857887849571,-0.4319476407952054,0.01758170334045973,0.8316695320076973,,,down,8.082623461173979,99.05242801496064,high_volatility,stable,False,none,287.99999253674474,False,none,False,rising,top,True,False,3.5783530974642646,-36.70474910045017,-0.2,0.8064959405073401,-21.11055850736495,24.53011559820703,1.0,10,5,False,,stable
300073.SZ,roiic,当升科技,20250401.0,电气设备,20241231,-4.3507836707519,-0.7540349873278401,0.11791567102656175,0.5715353700244108,,,down,37.86045062799034,145.30207055914786,high_volatility,increasing_vol,True,severe,-638.7088140439511,False,none,False,falling,bottom,False,True,-5.285749154827773,-74.56054719736076,-0.8,0.0864107329737,-29.15327295017505,-229.18580471712056,1.0,10,5,False,,stable
300074.SZ,roiic,华平股份,20250425.0,软件服务,20241231,87.6692616124219,1.7299963201820083,0.3703437828707806,0.2760743200232311,,,up,1.5182293994258318,454.3646476657134,high_volatility,increasing_vol,True,mild,291.65693275539513,False,none,False,falling,mid_down,False,False,0.6825963563351154,147.27149689800314,0.6,0.22067136191984693,355.5311622783376,391.5135886900663,1.1012075177352776,10,5,False,,stable
300075.SZ,roiic,数字政通,20250423.0,软件服务,20241231,1.0308507475564417,0.11761146592288858,0.3348407170224268,0.30671318421315535,,,up,3.183816043998982,56.91047069478521,high_volatility,increasing_vol,False,none,594.6054726006105,False,none,False,rising,top,False,False,0.9685746874163552,4.844149762648007,0.4,0.4624327264504764,22.045515403453603,107.29148651902631,4.866816881143013,10,5,False,,stable
300076.SZ,roiic,GQY视讯,20250423.0,IT设备,20241231,-10.104722470419693,-0.23250141545269307,0.1719954347452659,0.4875114062645583,,,down,3.0681341922246816,520.0008249336461,high_volatility,decreasing_vol,False,none,31.59932756713944,False,none,False,rising,mid_up,False,False,0.13728124073196213,2.1000662520574735,0.0,1.0,-137.49358616856415,79.09341118679694,1.0,10,5,False,,stable
300077.SZ,roiic,国民技术,20250417.0,半导体,20241231,-53.396052272015936,-1.2717478679550787,0.22278369863643852,0.4221580821656195,,,down,2.139066221569232,3297.8072531582347,high_volatility,increasing_vol,False,none,-940.5801701301156,False,none,False,rising,mid_up,False,False,-1.1709863018628939,-90.91311382184662,-0.4,0.4624327264504764,-1779.9202454721815,-261.85854200842493,1.0,10,5,False,,stable
300078.SZ,roiic,思创医惠,20250430.0,软件服务,20241231,2.47845979138557,0.16407405972677588,0.013231601070618484,0.853864539996637,,,up,2.0724848600924592,499.8213678260383,high_volatility,decreasing_vol,True,severe,-2260.750562966235,False,none,False,falling,mid_down,False,True,-2.638610262931263,6.0517700593303285,0.2,0.8064959405073401,-206.91841263400784,-30.861382224877342,1.0,10,5,False,,stable
300079.SZ,roiic,数码视讯,20250418.0,IT设备,20241231,12.983001397237256,0.9579675190221121,0.21071344027282857,0.4367669970669859,,,up,1.755767881161381,194.13043109321507,high_volatility,increasing_vol,True,mild,144.01604635840755,False,none,False,falling,mid_down,False,False,0.445888739208002,22.753574462905192,0.6,0.22067136191984693,127.4077644232932,65.75157191279925,0.516071938083377,10,5,False,,stable
300080.SZ,roiic,易成新能,20250322.0,电气设备,20241231,-35.552952545365585,-1.0655977655520097,0.16550728186798863,0.4966792148708977,,,down,1.5936701292215212,474.1322292970756,high_volatility,decreasing_vol,False,none,-8.364605980707843,False,none,False,rising,mid_up,False,False,-0.04366426577438931,-221.69408456182788,-0.8,0.0864107329737,222.75892663813363,40.803238878942025,0.1831721830174998,10,5,False,,stable
300084.SZ,roiic,海默科技,20250429.0,专用机械,20241231,-39.69907055781093,-1.2549293628725828,0.1445928128210996,0.5277807149214742,,,down,1.8954146320619731,271.86717497064836,high_volatility,stable,True,severe,71.07981782905097,False,none,False,falling,mid_down,False,False,0.6203114058746293,-49.305820472462514,-0.4,0.4624327264504764,-155.34386500683183,-172.7353749706575,1.0,10,5,False,,stable
300085.SZ,roiic,银之杰,20250416.0,软件服务,20241231,-21.37986019701463,-2.1437003139333872,0.5546417845633432,0.14874093820339082,,,down,4.041425943478774,47.52720674007668,high_volatility,decreasing_vol,False,none,94.05974036726322,False,none,False,rising,mid_up,True,False,1.3884291427622408,-18.778857109846633,-0.2,0.8064959405073401,5.346051255619383,-2.233068171402904,-0.41770422029823684,10,5,False,,stable
300086.SZ,roiic,康芝药业,20250429.0,化学制药,20241231,22.36924100916292,0.5619508869017998,0.7414828247790413,0.06083494856717301,,,up,8.58857302707184,180.30978861289958,high_volatility,increasing_vol,False,none,3.771527408584066,False,none,False,rising,top,False,False,0.018509815275913333,12.546209342815455,0.4,0.4624327264504764,-26.00596876176401,102.90791654589509,1.0,10,5,False,,stable
300088.SZ,roiic,长信科技,20250425.0,元器件,20241231,-2.9890394536512197,0.19620657922522328,0.0069749491780440875,0.89378766540815,,,up,1.9556136308396113,26.068558159478723,high_volatility,stable,False,none,122.13151562488123,False,none,False,rising,top,False,False,3.6116544153632044,-2.2585891032230587,-0.2,0.8064959405073401,-14.226828658960121,8.694556071306433,1.0,10,5,False,,stable
300092.SZ,roiic,科新机电,20250329.0,专用机械,20241231,-0.6103983528223388,-0.04215093732502333,0.03666191320543545,0.7577069350582137,,,down,1.8156387202268878,32.917798111552116,high_volatility,stable,True,severe,-197.4043415878373,False,none,False,falling,bottom,False,False,-4.112359174453977,-17.820514363160733,-0.8,0.0864107329737,12.507009433786685,-30.138222504033727,-2.409706546044311,10,5,False,,stable
300095.SZ,roiic,华伍股份,20250429.0,专用机械,20241231,8.109116844105168,0.5262548626316492,0.14551628135622807,0.5263534441825137,,,up,14.062287838969558,103.50599904122662,high_volatility,stable,False,none,139.4237997611394,False,none,False,rising,top,True,False,5.4543673484734825,10.543309686347953,0.2,0.8064959405073401,-4.927802593735805,73.39039775447127,1.0,10,5,False,,stable
300098.SZ,roiic,高新兴,20250419.0,软件服务,20241231,7.597951594115273,1.3969453785749886,0.4697213803800762,0.20156206840684213,,,up,5.450290024154191,333.15939102405014,high_volatility,decreasing_vol,True,mild,-52.42307423175837,False,none,False,falling,mid_down,False,False,-0.37129272010705794,59.90824303612216,0.4,0.4624327264504764,-32.55316775899257,28.567815935171442,1.0,10,5,False,,stable
300102.SZ,roiic,乾照光电,20250328.0,半导体,20241231,-4.64641131669028,-1.2459257255438878,0.4704167656365485,0.20109202882145769,,,down,2.623890816587903,478.1865362692691,high_volatility,decreasing_vol,True,severe,-223.8474668460285,False,none,False,falling,bottom,True,False,-0.5874055351025951,-27.947671863343253,-0.6,0.22067136191984693,144.81958884273516,-90.20185920167577,-0.6228567552393015,10,5,False,,stable
300103.SZ,roiic,达刚控股,20250419.0,专用机械,20241231,-1.3360840501327147,-0.41294086092069443,0.017267391375454577,0.8331721469634416,,,down,3.6224237468494835,80.6589131946818,high_volatility,stable,False,none,-102.51850116583492,False,none,False,rising,mid_up,False,True,-3.8458377897056626,6.104577117488196,0.2,0.8064959405073401,21.86573409206305,-3.680128121486994,-0.16830572008203595,10,5,False,,stable
300110.SZ,roiic,华仁药业,20250423.0,化学制药,20241231,-0.7485288337463152,-0.05736658881881196,0.1538850618175582,0.5136546258782879,0.5144332067489992,0.5144332067489992,down,1.2544320436465013,28.969292704415096,high_volatility,increasing_vol,False,none,664.2918555776564,False,none,False,rising,top,True,False,1.0156096066636018,1.6219724158024744,0.2,0.8064959405073401,26.78012464013534,74.72549929953054,2.7903342610862807,10,5,False,,stable
300111.SZ,roiic,向日葵,20250418.0,化学制药,20241231,13.673696205856789,0.5030461779404003,0.035777870012259017,0.7606101373500754,,,up,1.9489407120509017,333.8608968246762,high_volatility,decreasing_vol,False,none,136.5974134439307,False,none,False,rising,mid_up,False,False,5.504085699743169,170.97806682186132,0.6,0.22067136191984693,-122.54683826778697,74.31527723663656,1.0,10,5,False,,stable
300115.SZ,roiic,长盈精密,20250418.0,元器件,20241231,17.192718322026746,0.29822751237649836,0.4866111292839496,0.1903288947214031,,,up,1.8740242813578794,66.54665037885994,high_volatility,decreasing_vol,False,none,63.15236893865106,False,none,False,rising,top,False,False,0.24474185269080628,24.669922501866065,0.6,0.22067136191984693,44.09792540762724,116.41799629031304,2.6399880541812797,10,5,False,,stable
300118.SZ,roiic,东方日升,20250423.0,电气设备,20241231,46.03104324573468,1.8589330946360463,0.5193987153488034,0.16957706448393295,,,up,2.6434951125073534,988.9973863913642,high_volatility,decreasing_vol,False,none,187.92671800992545,False,none,False,rising,top,False,False,0.5287482634209035,66.05465230392355,0.6,0.22067136191984693,-295.04141767791634,215.38592318001548,1.0,10,5,False,,stable
300120.SZ,roiic,经纬辉开,20250425.0,元器件,20241231,-6.476352316519202,-0.18483518071114258,0.016979988900684643,0.8345583448972532,,,down,1.2687174219379027,83.6251515046237,high_volatility,increasing_vol,True,severe,-26255.284921938244,False,none,False,falling,bottom,False,True,-3.370150588877237,-35.87290668348035,-0.6,0.22067136191984693,-78.81844568497064,-205.531177422459,1.0,10,5,False,,stable
300122.SZ,roiic,智飞生物,20250422.0,生物制药,20241231,-33.358414271982454,-2.1704300600976367,0.48570225676862505,0.1909237487045705,,,down,15.997310876997325,77.28625049441135,high_volatility,decreasing_vol,True,severe,-59.33372888167048,False,none,False,falling,bottom,False,False,-0.23288478921631484,-33.42490085257222,-0.6,0.22067136191984693,-5.176321644560161,-79.29831379760361,1.0,10,5,False,,stable
300123.SZ,roiic,亚光科技,20250428.0,半导体,20241231,5.599861872147224,0.9354763247566339,0.06963500546712173,0.6679530785324785,,,up,3.30863236786056,149.70220105538513,high_volatility,stable,False,none,1278.2527932447795,False,none,False,rising,mid_up,False,False,3.5761198885719274,7.824080558728321,0.0,1.0,-43.56598731906608,61.0476921349943,1.0,10,5,False,,stable
300128.SZ,roiic,锦富技术,20250429.0,元器件,20241231,-0.05985987354673918,-0.015759879700596825,0.0017863615124963268,0.9462020855281369,,,down,4.086672021443618,32.93752776698791,high_volatility,decreasing_vol,False,none,-72.31680451646827,False,none,False,rising,mid_up,False,True,-0.6350332419184179,-2.2939553080832824,0.0,1.0,8.9459014484558,3.9708378493342265,0.44387229975796955,10,5,False,,stable
300129.SZ,roiic,泰胜风能,20250419.0,电气设备,20241231,-1.251670046360183,-0.18865562138846137,0.022521172860348142,0.8096438799809196,,,down,6.061829225880868,41.1002680227492,high_volatility,decreasing_vol,True,severe,-367.9452904638404,False,none,False,falling,mid_down,False,False,-2.5285853004095613,-7.335797217331291,-0.4,0.4624327264504764,2.439248268105827,-10.161076022974308,-4.1656588039169895,10,5,False,,stable
300130.SZ,roiic,新国都,20250329.0,IT设备,20241231,-16.542449837249585,-0.10773216530310928,0.04505438023762813,0.7317852817002886,1.3262547360693282,1.3262547360693282,down,1.949471999302843,2819.700219175951,high_volatility,increasing_vol,False,none,1530.5044068927955,False,none,False,rising,top,False,False,1.3957364686470735,206.70165593116133,0.2,0.8064959405073401,1821.6777407379277,6484.405065681899,3.5595785800485147,10,5,False,,stable
300131.SZ,roiic,英唐智控,20250424.0,元器件,20241231,-1.8312802953147354,-0.06551200406939425,0.0008018865128486061,0.9639497301606976,,,down,2.559145216267051,33.123028953320485,high_volatility,decreasing_vol,True,severe,-233.74468746278083,False,none,False,falling,bottom,False,True,-3.772316146806193,-12.873871705981141,-0.4,0.4624327264504764,10.677300204549185,-25.12839876238721,-2.3534412520948855,10,5,False,,stable
300136.SZ,roiic,信维通信,20250429.0,元器件,20241231,8.006100025082679,1.2758773732811195,0.18880026066616987,0.46470098710983354,,,up,14.036999805876874,52.23114737428558,high_volatility,stable,False,none,-60.842888981107066,False,none,False,rising,mid_up,False,False,-0.4686827822133215,6.879369393008154,0.2,0.8064959405073401,6.122792328292091,30.83084281551713,5.035421938623415,10,5,False,,stable
300141.SZ,roiic,和顺电气,20250421.0,电气设备,20241231,4.513360702956777,-0.7314873111919187,0.07569356701784895,0.6541712519428933,,,down,2.1892920414367603,4087.4188847656865,high_volatility,decreasing_vol,False,none,190.3330079879819,False,none,False,rising,mid_up,False,False,0.5328630812751651,-18.374135981267855,-0.2,0.8064959405073401,1594.3557524638077,118.50673033239883,0.07432891319849205,10,5,False,,stable
300142.SZ,roiic,沃森生物,20250412.0,生物制药,20241231,20.34064128582183,0.16176552644074418,0.0024922751915094606,0.9364628670289488,,,up,2.8605049439179786,89.83447488816766,high_volatility,increasing_vol,False,none,578.6480996322736,False,none,False,rising,top,False,False,0.9572726749137255,7.713848210118535,0.0,1.0,37.507303248838824,170.51062981656932,4.546064767315632,10,5,False,,stable
300143.SZ,roiic,盈康生命,20250329.0,医疗保健,20241231,-10.176676311434813,-0.6177262236628677,0.3645371235580445,0.28092461345144504,-0.5789241277117971,-0.5789241277117971,down,0.8732678779213716,77.83690332747395,high_volatility,increasing_vol,True,severe,-89.54788762080003,False,none,False,falling,bottom,False,False,-1.1182957878646549,-19.861038825242005,-0.4,0.4624327264504764,86.07990270793914,3.3140039403490205,0.03849915992113883,10,5,False,,stable
300149.SZ,roiic,睿智医药,20250429.0,生物制药,20241231,14.95108018515189,-0.22817302653248223,0.004678372171386679,0.9129801159538592,,,down,1.4551738241447447,173.92556121036856,high_volatility,stable,True,severe,13.862290799257657,False,none,False,falling,mid_down,False,False,0.07461000035874443,20.22915995249862,0.2,0.8064959405073401,-115.0368652008414,-149.14418076130184,1.0,10,5,False,,stable
300150.SZ,roiic,世纪瑞尔,20250423.0,软件服务,20241231,-10.240467989669387,0.008982448798034249,0.0005281534069644614,0.9707415087307458,0.13513369677482334,0.13513369677482334,up,1.6173164359509087,1397.2906808541995,high_volatility,increasing_vol,True,mild,161.34034796392947,False,none,False,falling,mid_down,False,False,0.48031430922350804,49.49702150982799,0.2,0.8064959405073401,955.5124155706729,242.5706704751393,0.2538644883334831,10,5,False,,stable
300151.SZ,roiic,昌红科技,20250426.0,专用机械,20241231,-10.100502392728073,-0.33322327989931777,0.06537934575557589,0.6780235838076061,,,down,7.299544931325358,48.22012667033813,high_volatility,stable,True,severe,-13382.768891014146,False,none,False,falling,mid_down,False,False,-2.610898074735796,-31.171982925809612,-0.8,0.0864107329737,-15.046195261077868,-59.85661009732721,1.0,10,5,False,,stable
300153.SZ,roiic,科泰电源,20250422.0,电气设备,20241231,-14.491190803883034,-0.8637745430915309,0.8039479904307792,0.03927040065287969,-0.5870268351316333,-0.5870268351316333,down,1.314724074793101,91.30920538266824,high_volatility,decreasing_vol,True,severe,-96.5295768796324,False,none,False,falling,mid_down,False,False,-1.6463417804842972,-22.18269317057642,-0.8,0.0864107329737,59.20676041505416,1.817466252852977,0.030696937986677282,10,5,False,,stable
300155.SZ,roiic,安居宝,20250424.0,IT设备,20241231,-1.7893606571811282,-1.1230797136111133,0.13983000976472024,0.5352277332560619,,,down,8.484071738525657,71.1353467169673,high_volatility,decreasing_vol,False,none,-103.83745005070675,False,none,False,rising,mid_up,False,False,-3.7315690564097777,-0.5498308573283142,0.0,1.0,7.847768089953889,-4.058477253545289,-0.5171505078928925,10,5,False,,stable
300157.SZ,roiic,新锦动力,20250426.0,专用机械,20241231,9.810177480608754,0.8399750888716728,0.11213713511814576,0.5817400963290205,,,up,2.3741741588230885,129.54513767156314,high_volatility,stable,True,severe,-108.53401437885228,False,none,False,falling,mid_down,False,True,-5.06720105155007,1.4872719923954774,0.0,1.0,57.50734760739838,-23.179413359553592,-0.40306872641386676,10,5,False,,stable
300158.SZ,roiic,振东制药,20250421.0,化学制药,20241231,-7.6668538509191935,-0.0830675906665328,0.3852759562124174,0.2638744491091139,0.4103788634206118,0.4103788634206118,down,0.5026222130452986,39.683651092427226,volatile,decreasing_vol,True,severe,-23.60244673179139,False,none,False,falling,mid_down,False,True,-0.134600015891011,-9.286402918483358,-0.2,0.8064959405073401,80.82594869297594,73.08587841404207,0.9042378047632306,10,5,False,,stable
300162.SZ,roiic,雷曼光电,20250428.0,元器件,20241231,-50.09897093147741,-1.6996075195409808,0.25204463852436293,0.38875380641295243,,,down,2.9524470526562285,125.21667256985333,high_volatility,decreasing_vol,False,none,104.57967895249529,False,none,False,rising,mid_up,True,False,3.757236979196618,-44.50627515149382,-0.2,0.8064959405073401,27.38145795935502,4.5557484337327905,0.16638078368563625,10,5,False,,stable
300166.SZ,roiic,东方国信,20250423.0,软件服务,20241231,10.056649882472493,1.8371406143354534,0.5601445871130117,0.14561921776937836,,,up,1.8597813083663521,353.840257149535,high_volatility,increasing_vol,False,none,435.8343936775924,False,none,False,rising,top,False,False,0.8393222125027222,121.36971559446863,0.8,0.0864107329737,241.34953656148295,810.9148703399308,3.3599189038979285,10,5,False,,stable
300168.SZ,roiic,万达信息,20250424.0,软件服务,20241231,-76.60170864117596,-1.5174053730177874,0.21958071703976187,0.425984397097452,,,down,2.2418324606424167,6346.450624611579,high_volatility,stable,False,none,99.75991342450004,False,none,False,rising,mid_up,False,False,3.0158550386972602,-55.342122203368326,-0.2,0.8064959405073401,-2853.901527445063,-34.03100085188305,1.0,10,5,False,,stable
300170.SZ,roiic,汉得信息,20250422.0,软件服务,20241231,28.156680946528034,1.8862352298933955,0.49277738887404593,0.18632154250126493,,,up,2.2802915486748225,1122.9519781264403,high_volatility,increasing_vol,False,none,135.2749586402448,False,none,False,rising,top,False,False,0.4277178522151799,20.12358226811538,0.2,0.8064959405073401,-559.5096781414119,87.22689408675254,1.0,10,5,False,,stable
300171.SZ,roiic,东富龙,20250425.0,医疗保健,20241231,-25.166154540581637,-1.1886882243063472,0.18933731958688765,0.46399290394753173,,,down,2.1431388427831766,349.9752194467324,high_volatility,increasing_vol,False,none,17735.229375168426,False,none,False,rising,top,False,False,2.5854212875682623,-28.32179326871481,-0.2,0.8064959405073401,200.5058649840934,777.0185933681386,3.875291096496261,10,5,False,,stable
300184.SZ,roiic,力源信息,20250419.0,元器件,20241231,-27.77240713444568,-1.0800106939462446,0.12700023358925808,0.5560505625634047,,,down,2.36196012018219,295.8372878849304,high_volatility,decreasing_vol,False,none,328.4005678401933,False,none,False,rising,mid_up,True,False,3.6795428828898302,-66.60877560776105,-0.4,0.4624327264504764,98.16697104115492,29.919026884870004,0.30477691801580525,10,5,False,,stable
300188.SZ,roiic,国投智能,20250331.0,软件服务,20241231,16.6899439125224,1.0004839650537183,0.12217285956078551,0.5641973105402356,,,up,1.6700933161236238,51.302765248616346,high_volatility,increasing_vol,True,mild,418.2780159655131,False,none,False,falling,mid_down,True,False,4.07344108755409,14.419094237311047,0.4,0.4624327264504764,35.725485399544205,52.38735004769553,1.4663859556227024,10,5,False,,stable
300193.SZ,roiic,佳士科技,20250329.0,专用机械,20241231,-22.267474021385336,-0.22420205593653178,0.14881265649679248,0.5213015361279217,,,down,6.837828997868968,920.5144503168652,high_volatility,increasing_vol,True,severe,-336.7494237655777,False,none,False,falling,bottom,False,True,-7.702142103773644,-272.8364192962452,-0.4,0.4624327264504764,-245.54161904358838,-1702.5981629295295,1.0,10,5,False,,stable
300194.SZ,roiic,福安药业,20250424.0,化学制药,20241231,11.704362508339925,1.4387681395447467,0.639350335592841,0.10439844927624774,,,up,4.143599931031127,351.9581945972223,high_volatility,decreasing_vol,False,none,107.49926272888976,False,none,False,rising,mid_up,False,False,5.943155039134726,10.813266940147663,0.2,0.8064959405073401,-87.30914379338721,52.184158305427765,1.0,10,5,False,,stable
300199.SZ,roiic,翰宇药业,20250426.0,化学制药,20241231,-3.9703300383158022,0.3220361220908018,0.011239194311730451,0.865270702299249,,,up,2.745283794412066,162.76763210078107,high_volatility,decreasing_vol,True,severe,-175.56128396290478,False,none,False,falling,mid_down,False,True,-5.201655921792279,8.136930550420924,0.0,1.0,-50.8446197789178,-78.91443267841652,1.0,10,5,False,,stable
300204.SZ,roiic,舒泰神,20250325.0,生物制药,20241231,-2.2621078506092664,-0.04563830392904773,0.010111883585206819,0.8721818600994444,,,down,2.2384480724713534,49507.807786555786,high_volatility,decreasing_vol,True,severe,-2284.027136611666,True,improving,False,falling,mid_down,False,False,-4.471484665465315,-174.9900470983806,-0.8,0.0864107329737,15463.351564004393,-204.13622759560246,-0.01320129253678685,10,5,False,,stable
300206.SZ,roiic,理邦仪器,20250424.0,医疗保健,20241231,-51.61269295407883,-2.8008375907095857,0.8472922340092479,0.026592571588874406,,,down,2.5195858533358035,249.2384651347359,high_volatility,decreasing_vol,True,severe,-583.0187854223077,False,none,False,falling,bottom,False,False,-4.873411775815096,-74.3565552213426,-0.8,0.0864107329737,68.28571863252671,-143.67589062574174,-2.1040401053538043,10,5,False,,stable
300207.SZ,roiic,欣旺达,20250422.0,电气设备,20241231,-1.2941216258215682,-0.7013863860660845,0.39227855379282933,0.25828467448513565,,,down,3.9376626436274673,8.47127179523899,high_volatility,increasing_vol,False,none,935.8867862842327,False,none,False,rising,top,True,False,2.416424561934537,0.5853193397226549,0.0,1.0,2.73714810020911,15.67670956079636,5.727388137893856,10,5,False,,stable
300210.SZ,roiic,森远股份,20250402.0,专用机械,20241231,-21.703728733885544,-1.2610919768854933,0.1785404445865543,0.4784724777937605,,,down,2.3831953295789643,264.82341589007365,high_volatility,decreasing_vol,False,none,-339.73082803319534,False,none,False,rising,mid_up,False,True,-3.8749557802038,-0.16212464702957163,0.0,1.0,-84.00266556202988,-37.276972020743585,1.0,10,5,False,,stable
300212.SZ,roiic,易华录,20250418.0,软件服务,20241231,1.2351693473085277,0.10326039088285119,0.002837085467434882,0.9322138704904572,,,up,13.898865009013639,116.45323438496953,high_volatility,increasing_vol,False,none,1266.506758087132,False,none,False,rising,mid_up,True,False,3.4727947969193975,-12.795465493030884,-0.2,0.8064959405073401,-15.320560982285086,54.724969590184415,1.0,10,5,False,,stable
300215.SZ,roiic,电科院,20250422.0,电气设备,20241231,4.330939484992771,0.95249749016004,0.3573424932872257,0.28701926589166693,,,up,7.326281953724099,23.552242766365655,high_volatility,decreasing_vol,True,severe,-104.55626917834024,False,none,False,falling,mid_down,False,True,-2.896701542504814,3.725991909906149,0.2,0.8064959405073401,4.51404247239311,-1.8715550490934398,-0.4146073193904263,10,5,False,,stable
300219.SZ,roiic,鸿利智汇,20250424.0,元器件,20241231,-30.654548199130403,-0.23718236692934286,0.008677980014844157,0.8815622816650113,,,down,1.275618286990682,177.4408988204476,high_volatility,decreasing_vol,False,none,2049.070753944403,False,none,False,rising,top,True,False,4.760815582832199,-26.309188614036643,-0.2,0.8064959405073401,129.90551313959304,257.7324642659796,1.9839994318718952,10,5,False,,stable
300220.SZ,roiic,金运激光,20250422.0,专用机械,20241231,409.73834903562795,0.6851754008082469,0.27574357228669616,0.36354831014411415,,,up,2.2127031449063015,114954.81310302456,high_volatility,increasing_vol,True,severe,-1241573.849522046,False,none,False,falling,bottom,False,True,-4.713110150651806,-21.488353259445645,-0.4,0.4624327264504764,-67282.27984693939,-257583.35380816628,1.0,10,5,False,,stable
300222.SZ,roiic,科大智能,20250419.0,电气设备,20241231,4.981112889236383,-0.7794857299572048,0.05130797941668404,0.714080722548702,,,down,2.2330672885670393,108.39553679317979,high_volatility,stable,True,severe,-290.9794141733135,False,none,False,falling,mid_down,False,True,-5.213038491044862,-10.661508341043323,0.0,1.0,-47.04676355028778,-126.89411070621813,1.0,10,5,False,,stable
300223.SZ,roiic,北京君正,20250419.0,半导体,20241231,-24.567558753188262,-2.0460987475235806,0.6166535544055075,0.11551973691472249,,,down,2.095349206282152,45.745821143554,high_volatility,decreasing_vol,True,severe,-198.86239568668992,False,none,False,falling,bottom,True,False,-0.5472287604687542,-23.457736025243054,-0.8,0.0864107329737,-29.202342683613498,-74.6561009796507,1.0,10,5,False,,stable
300227.SZ,roiic,光韵达,20250325.0,专用机械,20241231,-0.2752667671505769,-0.014085461244343955,0.0026609471449362365,0.9343498810645472,,,down,2.118144634725989,31.448555157293363,high_volatility,stable,True,severe,-702.1073565029708,False,none,False,falling,bottom,True,False,-1.0386857949189707,-17.748403085155392,-0.8,0.0864107329737,-20.19350884281208,-57.8282990754326,1.0,10,5,False,,stable
300229.SZ,roiic,拓尔思,20250418.0,软件服务,20241231,-1.8591774397815293,-0.28401570576362317,0.07945748926343543,0.6459078766593026,,,down,2.8729608633264094,450.80773426395024,high_volatility,increasing_vol,False,none,78.88128776396589,False,none,False,rising,mid_up,False,False,0.7771920299987796,-132.92940466561163,-0.6,0.22067136191984693,-201.2822758017002,-19.513242891331046,1.0,10,5,False,,stable
300231.SZ,roiic,银信科技,20250424.0,软件服务,20241231,0.15034662859724252,0.2844961134353635,0.04212611152761274,0.7405186440542018,,,up,3.513165988998433,91.55719268822298,high_volatility,increasing_vol,True,severe,-5896.243844726987,False,none,False,falling,bottom,False,False,-3.8947989069205144,-8.900579554951431,-0.2,0.8064959405073401,-35.86085967033704,-184.8765859900755,1.0,10,5,False,,stable
300232.SZ,roiic,洲明科技,20250422.0,元器件,20241231,3.2698759118181036,0.17497126794646706,0.15323440111439462,0.5146271367338046,,,up,3.1476271610316524,149.18459547064498,high_volatility,decreasing_vol,True,severe,-89.24455866469545,False,none,False,falling,mid_down,False,True,-1.114748657731854,27.787078078278178,0.4,0.4624327264504764,57.7908006772496,30.75920929053037,0.5322509626110665,10,5,False,,stable
300233.SZ,roiic,金城医药,20250328.0,化学制药,20241231,-4.907335221942131,-0.05558883796462073,0.5915479125237622,0.12845925839838113,,,down,2.661335944077386,744.2905520668919,high_volatility,decreasing_vol,False,none,-3.195063177808028,False,none,False,rising,mid_up,False,False,-0.01623475602000113,-91.0762906303908,-0.6,0.22067136191984693,219.2090143590321,76.57266061232471,0.3493134661283133,10,5,False,,stable
300235.SZ,roiic,方直科技,20250425.0,软件服务,20241231,1.300608522199682,0.042723586746671004,0.0626757367329673,0.6846046673081245,,,up,2.1600591981659156,159.94078218968406,high_volatility,increasing_vol,False,none,1912.2852914745515,False,none,False,rising,top,False,False,1.5005205309044591,63.68977190085226,0.6,0.22067136191984693,96.63355704361283,351.77001401296997,3.6402469781197073,10,5,False,,stable
300236.SZ,roiic,上海新阳,20250418.0,半导体,20241231,6.891131517238454,0.7812523543373393,0.13825340058388336,0.5377253431524687,,,up,1.8889309142692468,87.65559470573922,high_volatility,increasing_vol,False,none,-16.237911622397174,False,none,False,rising,mid_up,False,False,-0.08790230010452027,-0.16452840479624642,0.0,1.0,-50.36763721145559,7.295251429407134,1.0,10,5,False,,stable
300238.SZ,roiic,冠昊生物,20250423.0,医疗保健,20241231,0.5511772691659423,0.0706244827298709,0.001086274662710213,0.9580433025229781,,,up,2.3311610378097805,11742.763516676036,high_volatility,increasing_vol,True,severe,-107.15143951541054,False,none,False,falling,mid_down,False,True,-3.6842616129715435,356.3628202697946,0.6,0.22067136191984693,5872.403351943014,-5.300346856030877,-0.0009025856260839337,10,5,False,,stable
300239.SZ,roiic,东宝生物,20250424.0,生物制药,20241231,13.290390147935005,1.6415554716162748,0.588767680811354,0.12993423714408509,,,up,3.0884235376360616,26.104935524699506,high_volatility,stable,False,none,34.19176910298281,False,none,False,rising,top,False,False,0.1469785873816849,13.980463351193606,0.6,0.22067136191984693,12.439628562499784,37.463021623648,3.01158683600756,10,5,False,,stable
300241.SZ,roiic,瑞丰光电,20250425.0,半导体,20241231,-48.997974946128274,-2.0070464431354162,0.3402275277622698,0.30190878500115204,,,down,27.58964561246476,119.78647253493574,high_volatility,increasing_vol,True,severe,-295.5943041717747,False,none,False,falling,bottom,False,False,-0.6875566214236519,-67.1914497753748,-0.6,0.22067136191984693,-19.041110903041996,-186.0608088775215,1.0,10,5,False,,stable
300244.SZ,roiic,迪安诊断,20250423.0,医疗保健,20241231,-5.598719813981328,-0.1948603430672065,0.5059683290179637,0.17791314513010767,-0.20198215577901024,-0.20198215577901024,down,0.9642601649544716,41.44397402787485,high_volatility,increasing_vol,True,severe,29.144366585053245,False,none,False,falling,mid_down,False,False,0.1276225013283503,-4.3991018558060855,-0.2,0.8064959405073401,44.08533610755262,17.96499109630054,0.40750491393492655,10,5,False,,stable
300245.SZ,roiic,天玑科技,20250426.0,软件服务,20241231,1.9381000859763886,-0.8336196032348511,0.10290972348921346,0.5986684390967505,,,down,1.5601936882570435,51.39391275679231,high_volatility,increasing_vol,True,severe,-135.686863910691,False,none,False,falling,bottom,False,False,-4.332400807954608,7.228549070370018,0.0,1.0,33.522156003351874,-22.73231192681873,-0.6781279797321429,10,5,False,,stable
300246.SZ,roiic,宝莱特,20250425.0,医疗保健,20241231,-34.792891170145985,-1.7414640106424808,0.4731744909413198,0.19923441350542506,,,down,1.7953677310778786,237.40341969931998,high_volatility,decreasing_vol,False,none,51.73442347917319,False,none,False,rising,mid_up,False,False,0.3559663161239882,-8.303065326504676,0.0,1.0,-127.36532760180602,-3.3392874596735815,1.0,10,5,False,,stable
300247.SZ,roiic,融捷健康,20250423.0,医疗保健,20241231,56.882333730716525,1.0204572283668558,0.06457244246004273,0.6799722572680978,,,up,2.4484021886329836,265.24112271838294,high_volatility,stable,False,none,-47.88113872498837,False,none,False,rising,mid_up,False,False,-0.32574945391864185,18.728981463883144,0.0,1.0,-91.26763349402813,35.50722724496996,1.0,10,5,False,,stable
300248.SZ,roiic,新开普,20250424.0,软件服务,20241231,1.8678400336378913,-0.18935503245739227,0.004916512114622556,0.9107963967489696,,,down,28.66608275235874,37.65222610182092,high_volatility,stable,False,none,210.16573461911312,False,none,False,rising,top,True,False,4.529707013588784,-3.2448263874518046,0.0,1.0,1.8738285121684726,48.659684422774156,25.96805636523437,10,5,False,,stable
300249.SZ,roiic,依米康,20250423.0,IT设备,20241231,-17.386883976682583,-1.730393293208575,0.4615828586879069,0.20711231663429838,,,down,4.6988702775783455,417.9382096172916,high_volatility,decreasing_vol,True,severe,-359.1292592980467,False,none,False,falling,mid_down,False,False,-4.43999010837684,-78.51828386098677,-0.2,0.8064959405073401,49.20371371650849,-68.2183928569677,-1.3864480484138646,10,5,False,,stable
300250.SZ,roiic,初灵信息,20250425.0,软件服务,20241231,21.42663965688186,0.07979801045277286,0.05106902782616647,0.7147356513760261,-0.023044795374644877,-0.023044795374644877,up,1.841851837546178,1916.5428112982697,high_volatility,decreasing_vol,True,mild,-47.852779008370824,False,none,False,falling,bottom,False,False,-0.3255388666554424,-22.200142059234864,-0.2,0.8064959405073401,917.2430381862193,91.87658331652881,0.10016601870122448,10,5,False,,stable
300253.SZ,roiic,卫宁健康,20250419.0,软件服务,20241231,-16.274771497412303,-0.962414384544239,0.1252993534919323,0.5589004764297782,,,down,2.116498807248944,251.8442686448042,high_volatility,stable,True,severe,81.93194622023651,False,none,False,falling,mid_down,False,False,0.8555004707667997,-27.406444200156265,-0.2,0.8064959405073401,-123.87341211136497,-100.69525900130778,1.0,10,5,False,,stable
300254.SZ,roiic,仟源医药,20250415.0,化学制药,20241231,8.004152989910173,0.2618779090126854,0.1743503276372528,0.4842355750253878,,,up,9.196436937973726,152.5948715535095,high_volatility,decreasing_vol,False,none,-23.16423036124173,False,none,False,rising,mid_up,False,False,-0.10382928086364163,-34.99393457156396,-0.2,0.8064959405073401,-0.6800782277740414,-13.651948154376012,1.0,10,5,False,,stable
300255.SZ,roiic,常山药业,20250429.0,生物制药,20241231,-2.393464975767779,-0.910888616704922,0.3116323970295609,0.32809620209496665,,,down,2.4546494063759137,345.68696232924634,high_volatility,increasing_vol,True,severe,-2216.1950010326595,False,none,False,falling,bottom,False,False,-1.5711380722453188,-25.66693101253612,-0.4,0.4624327264504764,-184.3508195290501,-755.1006524877744,1.0,10,5,False,,stable
300256.SZ,roiic,星星科技,20250425.0,元器件,20241231,13.22785530517694,-0.24776030933301357,0.00649686577610123,0.8974841321940099,,,down,1.8452892940055292,86.44320304191217,high_volatility,decreasing_vol,True,severe,-104.2942842309969,False,none,False,falling,bottom,False,False,-3.989675821384753,14.189721584870677,0.2,0.8064959405073401,50.813695868557076,-5.576754232497659,-0.10974903787599692,10,5,False,,stable
300263.SZ,roiic,隆华科技,20250423.0,专用机械,20241231,4.430295712692185,0.07626644931494382,0.015239522438957242,0.8432206790755323,,,up,3.0461631886815623,133.7755656508593,high_volatility,stable,True,severe,-98.17867056967327,False,none,False,falling,mid_down,False,True,-1.9971378768593446,27.330414858144707,0.2,0.8064959405073401,52.35042231619498,4.657286642006698,0.08896368808405836,10,5,False,,stable
300264.SZ,roiic,佳创视讯,20250423.0,软件服务,20241231,-6.354349381485245,-0.11816799989834585,0.3964333645315557,0.25500675836386916,,,down,1.3591583023408027,76.17192563411959,high_volatility,decreasing_vol,True,severe,-118.03713398897564,False,none,False,falling,mid_down,False,False,-0.38965508877253807,-13.024993309264577,-0.2,0.8064959405073401,-52.2018024856924,-71.20519130559408,1.0,10,5,False,,stable
300265.SZ,roiic,通光线缆,20250419.0,电气设备,20241231,-22.559485103734858,-1.9527954914034875,0.6065711762259124,0.12063469626360689,,,down,2.241354485958042,4069.7703454186067,high_volatility,decreasing_vol,True,severe,-310.9854087153643,True,growth_to_decline,False,falling,mid_down,False,True,-4.586426651183251,-18.84241590846649,-0.2,0.8064959405073401,-1275.6399447295707,-71.26852194934702,1.0,10,5,False,,stable
300267.SZ,roiic,尔康制药,20250423.0,化学制药,20241231,-2.767452737687954,-0.0369590024714598,0.5126148090618027,0.17375974831603117,0.5674221756318523,0.5674221756318523,down,0.875946321268373,83.90008409828138,high_volatility,stable,True,severe,-71.32254319742825,False,none,False,falling,mid_down,False,True,-0.6245044905214221,5.3969651289238545,0.0,1.0,98.97640602423938,67.82723662279378,0.6852869218769455,10,5,False,,stable
300269.SZ,roiic,联建光电,20250416.0,元器件,20241231,34.42432401561149,0.7312561606433389,0.0836068716494807,0.6370410509064146,,,up,2.28788694464345,7200.806805346371,high_volatility,increasing_vol,True,severe,-122.17839287814962,False,none,False,falling,mid_down,False,False,-3.0704169221588145,64.32733210531593,0.4,0.4624327264504764,3640.042997396343,-5.048897314725216,-0.0013870433174378988,10,5,False,,stable
300270.SZ,roiic,中威电子,20250423.0,IT设备,20241231,3.685960078171989,-0.5865039259688862,0.03943325050111647,0.7488342170990818,,,down,2.1518379515024417,373.67342921845886,high_volatility,stable,True,severe,-104.61202766591482,False,none,False,falling,mid_down,False,False,-5.880945211971624,-5.74760012074917,0.0,1.0,174.75893367856713,-38.45397406567385,-0.2200401047101945,10,5,False,,stable
300271.SZ,roiic,华宇软件,20250419.0,软件服务,20241231,-12.6957008795154,-0.026202467752407088,0.00010771094744530671,0.9867860625988023,,,down,14.724906416846604,87.54395651194768,high_volatility,stable,True,severe,-197.50967490722277,False,none,False,falling,bottom,False,True,-5.471264274123005,-6.004795084639563,0.0,1.0,-9.754008253102931,-117.38863613048626,1.0,10,5,False,,stable
300274.SZ,roiic,阳光电源,20250426.0,电气设备,20241231,-2.1063556304767004,0.22401636011450732,0.026812791732112033,0.7924474396285783,,,up,0.8140686247193905,26.67135921649057,high_volatility,stable,True,severe,-65.59248625952831,False,none,False,falling,mid_down,False,False,-0.5327188002155625,-3.253222324565269,0.0,1.0,32.13112876832127,12.279587034778663,0.3821710442642574,10,5,False,,stable
300276.SZ,roiic,三丰智能,20250423.0,专用机械,20241231,-25.035378615224506,-1.7884950836464877,0.49642271042508546,0.18397565344849529,,,down,13.111389763124581,1171.6366217410152,high_volatility,increasing_vol,False,none,-114.62030656381681,False,none,False,rising,mid_up,False,False,-4.533920868310457,-254.0006600984793,-0.4,0.4624327264504764,-194.42978155956442,-17.79631925195314,1.0,10,5,False,,stable
300277.SZ,roiic,海联讯,20250328.0,软件服务,20241231,8.42282093217869,0.41535042241582243,0.5300808524659524,0.16310504993728417,,,up,5.1486346167699075,400.55911781365575,high_volatility,decreasing_vol,True,severe,97.23987428949461,False,none,False,falling,mid_down,False,False,1.793226386831041,2.8897208082423727,0.0,1.0,57.326062346576876,-8.498215249896534,-0.14824348476123775,10,5,False,,stable
300278.SZ,roiic,华昌达,20250418.0,专用机械,20241231,11.342457791472018,0.6908106417022486,0.06300776767147162,0.6837883831011276,,,up,2.1071065221326086,419.8891247158951,high_volatility,stable,False,none,100.69153984206982,False,none,False,rising,mid_up,False,False,5.0593085042012795,23.368303182845303,0.2,0.8064959405073401,-195.87011398994366,6.528987858126098,1.0,10,5,False,,stable
300279.SZ,roiic,和晶科技,20250419.0,元器件,20241231,-4.289938288455568,-1.300154056989484,0.42140727879131107,0.2358890284917376,,,down,2.9471245387553378,682.1842527268651,high_volatility,stable,False,none,-101.3050439432525,False,none,False,rising,mid_up,False,False,-5.7958704205783995,-29.733560412697972,-0.2,0.8064959405073401,223.64480097126312,-18.782065970742252,-0.08398167938254743,10,5,False,,stable
300281.SZ,roiic,金明精机,20250328.0,专用机械,20241231,10.602585773174628,0.1778915570474572,0.003988586836584291,0.9196417127208807,,,up,1.6066317594412858,118.70701546177955,high_volatility,stable,True,severe,-105.50338559380054,False,none,False,falling,bottom,False,True,-4.803903254098492,4.434909496760001,0.0,1.0,77.06641552725964,-14.299730342435202,-0.18555073886078374,10,5,False,,stable
300283.SZ,roiic,温州宏丰,20250418.0,电气设备,20241231,-14.215697084682091,-2.1962496740783863,0.8585649671265805,0.023612668956164803,,,down,3.335589306899286,24.38518851941748,high_volatility,stable,True,severe,-653.4674451549563,False,none,False,falling,bottom,True,False,-1.0064075399244865,-14.299566066592071,-0.8,0.0864107329737,-11.575317919172942,-45.37937864024143,1.0,10,5,False,,stable
300287.SZ,roiic,飞利信,20250426.0,软件服务,20241231,-23.81242870862766,-2.1706115006058293,0.6020691912508146,0.12295381773927261,,,down,2.583139815364455,120.8726386995491,high_volatility,decreasing_vol,False,none,-206.31822922838387,False,none,False,rising,mid_up,False,False,-4.0494025796268325,-21.080071644418396,-0.2,0.8064959405073401,-46.55222103118443,-29.56479121151201,1.0,10,5,False,,stable
300288.SZ,roiic,朗玛信息,20250425.0,软件服务,20241231,10.89929768345132,0.19166799444522375,0.008552461246648617,0.8824194766282809,,,up,2.49882093134364,1710.751167080693,high_volatility,decreasing_vol,False,none,1165.62873079386,True,deterioration_to_recovery,False,rising,mid_up,True,False,3.993660019212485,45.26566954602502,0.2,0.8064959405073401,479.94654791506855,88.39053446762517,0.18416745542102905,10,5,False,,stable
300289.SZ,roiic,利德曼,20250328.0,医疗保健,20241231,7.77819684752551,0.18662974382261263,0.12443622247921018,0.5603551621502612,,,up,35.216108646396464,141.81331308886013,high_volatility,increasing_vol,False,none,124.94459914712989,False,none,False,rising,top,False,False,0.40529627034749405,-10.853971223170884,0.0,1.0,-2.994632517238145,105.35866953668429,1.0,10,5,False,,stable
300290.SZ,roiic,荣科科技,20250422.0,软件服务,20241231,-36.43317938935112,-2.6587751948049516,0.6939907070510686,0.07979669010701732,,,down,2.3358929140709943,451.6805785335039,high_volatility,increasing_vol,False,none,-60.858021245008956,False,none,False,rising,mid_up,False,False,-0.2376488345998573,-55.32990742479336,-0.6,0.22067136191984693,-233.34420831883227,-85.51271947000252,1.0,10,5,False,,stable
300293.SZ,roiic,蓝英装备,20250425.0,专用机械,20241231,0.6014999858687615,0.3609909666661736,0.08463778466035143,0.6348755049977926,,,up,4.823643467742506,96.99467917835588,high_volatility,decreasing_vol,True,severe,82.91708295692587,False,none,False,falling,mid_down,False,False,0.8743673033909575,1.3407524613353567,0.0,1.0,10.670843929190209,-3.5833790685043097,-0.3358102782013274,10,5,False,,stable
300294.SZ,roiic,博雅生物,20250319.0,生物制药,20241231,-18.448787925536813,0.06522860042185807,0.0038833565591103745,0.9207074452216277,,,up,4.0755767553478615,415.0501453146254,high_volatility,increasing_vol,False,none,1557.661604030954,False,none,False,rising,mid_up,False,False,1.400365215330415,-65.83782203107029,-0.2,0.8064959405073401,-133.76967566695504,96.54830786092344,1.0,10,5,False,,stable
300296.SZ,roiic,利亚德,20250424.0,元器件,20241231,-29.272411489711327,-1.0741298793517633,0.0790234908862614,0.6468496972654179,,,down,2.9175973081248334,166.35503583171595,high_volatility,decreasing_vol,False,none,197.82392080403386,False,none,False,rising,mid_up,True,False,5.5268125056028525,-21.995854167371853,0.0,1.0,48.23609575947799,124.29390546924965,2.576782044903104,10,5,False,,stable
300298.SZ,roiic,三诺生物,20250421.0,医疗保健,20241231,48.30561602888241,1.9120929551720978,0.31891051397612624,0.321267707258426,,,up,2.130116866948852,118.85670334335751,high_volatility,increasing_vol,False,none,44.284357001889354,False,none,False,rising,top,False,False,0.18330501839613245,44.764971878998864,0.4,0.4624327264504764,70.28989249743164,215.35981320748257,3.0638802472966042,10,5,False,,stable
300300.SZ,roiic,海峡创新,20250428.0,软件服务,20241231,-4.367552279239932,-0.10572717437810493,0.30640786477006826,0.3330698109420068,,,down,1.674009649122037,126.01557811069421,high_volatility,increasing_vol,True,severe,-288.3542454404154,False,none,False,falling,bottom,False,False,-0.6783515939299682,-21.17993337723064,-0.4,0.4624327264504764,-86.82004101548517,-281.09028856725604,1.0,10,5,False,,stable
300302.SZ,roiic,同有科技,20250429.0,IT设备,20241231,34.503511751114054,1.3812723229595583,0.1969600792773903,0.4540739169493979,,,up,3.8417902686621583,93.92299559930801,high_volatility,stable,True,mild,780.9294020890508,False,none,False,falling,mid_down,True,False,3.815244068485672,40.601758228410375,0.4,0.4624327264504764,34.79876905146448,59.119171418413806,1.6988868580661998,10,5,False,,stable
300303.SZ,roiic,聚飞光电,20250419.0,半导体,20241231,8.684237606904784,0.8425765661139583,0.15917392096051305,0.5058384158141731,,,up,3.2276004164540217,249.02809084823843,high_volatility,stable,False,none,132.5488526732041,False,none,False,rising,top,True,False,6.33937645017992,41.44769182822154,0.4,0.4624327264504764,-65.07672134618542,161.5815456293324,1.0,10,5,False,,stable
300314.SZ,roiic,戴维医疗,20250409.0,医疗保健,20241231,-4.724545658984678,-0.0874010581999464,0.1165033500969808,0.5740029034708484,,,down,2.236317579998693,194623.3650772234,high_volatility,increasing_vol,False,none,2016337.7441996986,False,none,False,rising,top,False,False,4.955568259423198,149.21950528814267,0.4,0.4624327264504764,113141.77547794073,435181.31907671376,3.846336308922085,10,5,False,,stable
300316.SZ,roiic,晶盛机电,20250419.0,专用机械,20241231,-1.6845965220597088,-0.03503443092100733,0.13174480244867434,0.5482146067708802,,,down,27.938170004332605,94.15130504185716,high_volatility,increasing_vol,True,severe,-551.9754526634684,False,none,False,falling,bottom,False,True,-5.042504791844302,-12.768645619748499,-0.6,0.22067136191984693,-9.69557537546386,-164.59495052895898,1.0,10,5,False,,stable
300317.SZ,roiic,珈伟新能,20250426.0,电气设备,20241231,122.57523407560105,1.7362743818981083,0.2015718416379656,0.448188422475085,,,up,2.040235498373425,291.3609112094768,high_volatility,stable,False,none,-1.9148392292503562,False,none,False,rising,mid_up,False,False,-0.009667023074912073,139.84932724799722,0.4,0.4624327264504764,179.5800605549306,430.93528396992957,2.3996833648361173,10,5,False,,stable
300318.SZ,roiic,博晖创新,20250426.0,医疗保健,20241231,1.4909550205616697,0.20381223797012127,0.015407040443628093,0.8423657812768075,,,up,3.535975431079746,217.28841547642696,high_volatility,increasing_vol,True,severe,-113.24959775604107,False,none,False,falling,mid_down,False,True,-2.4750396228133145,52.105608824133824,0.6,0.22067136191984693,82.55320387303276,-2.105879445989639,-0.025509360596452344,10,5,False,,stable
300319.SZ,roiic,麦捷科技,20250328.0,元器件,20241231,3.282889812723441,1.07921933921177,0.4230132331388876,0.2346930204479561,,,up,2.7686011479236394,166.44173561739356,high_volatility,stable,True,severe,103.53185754750498,False,none,False,falling,mid_down,False,False,4.900329015199162,1.8190613371867532,0.0,1.0,-59.13276167965569,12.612947249182522,1.0,10,5,False,,stable
300322.SZ,roiic,硕贝德,20250428.0,元器件,20241231,48.687650028944056,2.4122624657275757,0.7146835016848765,0.07126145366232714,,,up,109.81211657682672,252.18413353080086,high_volatility,increasing_vol,False,none,-20.15583711142319,False,none,False,rising,mid_up,False,False,-0.11254544176332049,22.62863784949928,0.0,1.0,2.0399807850197718,189.2047141193244,92.74828248810717,10,5,False,,stable
300323.SZ,roiic,华灿光电,20250326.0,半导体,20241231,108.85996365423804,1.3487710303447171,0.12713491758391512,0.5558258284146692,,,up,1.2803589237469521,275.1780855186969,high_volatility,decreasing_vol,False,none,114.28948478420817,False,none,False,rising,top,False,False,5.617807476106833,150.30822490214575,0.6,0.22067136191984693,-182.2646239421039,52.028417372005656,1.0,10,5,False,,stable
300324.SZ,roiic,旋极信息,20250419.0,软件服务,20241231,-33.21478379691742,-2.520330419298639,0.665801505996349,0.09211095159036711,,,down,2.273257916043881,3237.8948141644087,high_volatility,decreasing_vol,False,none,-108.28518570345453,False,none,False,rising,mid_up,False,False,-3.8449398878557517,-18.166042866456827,-0.2,0.8064959405073401,-1216.7410773387276,-6.710476973235467,1.0,10,5,False,,stable
300327.SZ,roiic,中颖电子,20250329.0,半导体,20241231,-30.75839540757074,-2.681530763100982,0.7294327864250112,0.06543579943411926,,,down,4.052892214355597,62.56457592948475,high_volatility,decreasing_vol,False,none,-66.91369676818205,False,none,False,rising,mid_up,True,False,-0.2560871216136982,-29.527790841702483,-0.6,0.22067136191984693,-24.66453806924223,-58.046075788487286,1.0,10,5,False,,stable
300328.SZ,roiic,宜安科技,20250422.0,小金属,20241231,-0.9988617222582838,-0.14047889379496015,0.034385637357486225,0.76525869731037,,,down,3.1265020424479633,941.4884687455683,high_volatility,decreasing_vol,True,severe,-95.61933615050141,False,none,False,falling,mid_down,False,True,-1.5587138273086794,-28.83521172596297,-0.2,0.8064959405073401,276.5246558413433,4.826562519764862,0.017454365886758808,10,5,False,,stable
300331.SZ,roiic,苏大维格,20250424.0,元器件,20241231,0.9598581172563059,1.1757592016142162,0.28347009174217985,0.35565266804007295,,,up,1.1954305859699805,68.29113378475714,high_volatility,stable,False,none,137.86203623922611,False,none,False,rising,top,False,False,3.394817376244536,-0.8028224108672735,0.0,1.0,-56.83885075113469,9.155560003559577,1.0,10,5,False,,stable
300333.SZ,roiic,兆日科技,20250424.0,IT设备,20241231,-38.553618037306045,-2.844268453014723,0.6842415244700909,0.0839654176316156,,,down,2.705105847080119,92.1597811910142,high_volatility,increasing_vol,False,none,-128.39790921468196,False,none,False,rising,mid_up,False,True,-4.809546585632317,-35.012160453951054,-0.4,0.4624327264504764,22.502740875399205,-32.682692417232246,-1.452387182441501,10,5,False,,stable
300334.SZ,roiic,津膜科技,20250421.0,专用机械,20241231,6.977143881230309,1.4153020629638646,0.2010050797259637,0.44890715358456873,,,up,2.1933782038351244,145.6691514445416,high_volatility,stable,False,none,-43.04673075689391,False,none,False,rising,mid_up,False,False,-0.2814197005711421,77.15655352188746,0.4,0.4624327264504764,-46.98495246083088,41.15602474026027,1.0,10,5,False,,stable
300339.SZ,roiic,润和软件,20250422.0,软件服务,20241231,-0.551704567999366,-0.7157668966356214,0.09568076445843701,0.6125315231576505,,,down,2.21831813938748,169.23154144943985,high_volatility,decreasing_vol,True,severe,96.8768279058885,False,none,False,falling,mid_down,False,False,1.6857325564908197,49.57761907879364,0.4,0.4624327264504764,-53.55301227229675,-1.5107078956746833,1.0,10,5,False,,stable
300340.SZ,roiic,科恒股份,20250429.0,电气设备,20241231,-50.312625361028566,-2.9899458618027417,0.7415977656208057,0.060791748587685865,,,down,2.871547090302937,234.69009209561446,high_volatility,decreasing_vol,True,severe,-189.62396671037772,False,none,False,falling,mid_down,False,False,-5.444846371784665,-50.461265303694404,-0.2,0.8064959405073401,-82.3887863537549,-109.60760069152242,1.0,10,5,False,,stable
300341.SZ,roiic,麦克奥迪,20250421.0,电气设备,20241231,-1.1242043632939491,-0.03622322017597694,0.00021188172437563998,0.9814671790161063,,,down,4.551451424259112,57.65858115258469,high_volatility,increasing_vol,False,none,-128.87203539478466,False,none,False,rising,mid_up,False,True,-3.7138670963272644,-6.490125070771621,0.0,1.0,-16.499859331933493,-11.00617913683415,1.0,10,5,False,,stable
300345.SZ,roiic,华民股份,20250426.0,电气设备,20241231,-46.558276039924756,-2.045836054400297,0.5563589275176053,0.14776307009327663,,,down,2.087298609185139,239.73455849856572,high_volatility,increasing_vol,True,severe,-3749.1687484447352,False,none,False,falling,bottom,True,False,-1.824455914865337,-145.26178321271453,-1.0,0.02748633611151033,-157.7355365677358,-491.2216354788738,1.0,10,5,False,,stable
300346.SZ,roiic,南大光电,20250403.0,半导体,20241231,-3.8963212381511654,-0.726914413584448,0.18762274940178095,0.4662578277478444,,,down,1.1978215933449077,16.41387788905502,high_volatility,increasing_vol,False,none,353.24753361037403,False,none,False,rising,top,False,False,0.7538653355058834,-4.464093287927674,-0.2,0.8064959405073401,14.171902473834834,37.05502923508901,2.614682771314763,10,5,False,,stable
300347.SZ,roiic,泰格医药,20250328.0,医疗保健,20241231,-4.382145931660969,-0.8845632952557191,0.15589440615173752,0.5106666134546404,,,down,2.4429183747989596,82.20983752820545,high_volatility,increasing_vol,False,none,667.3496240004,False,none,False,rising,top,True,False,4.999990886557621,12.901718771129323,0.2,0.8064959405073401,42.73230619565575,176.72833149194184,4.135707787049143,10,5,False,,stable
300348.SZ,roiic,长亮科技,20250418.0,软件服务,20241231,3.075966132448113,0.21714487977244884,0.4996540156270966,0.18191045053320484,,,up,1.8672265359596374,44.746825165621566,high_volatility,increasing_vol,True,severe,92.20096304518641,False,none,False,falling,mid_down,False,False,1.2733185872968074,4.737954761732913,0.2,0.8064959405073401,-21.70989679811918,-7.378522368104762,1.0,10,5,False,,stable
300352.SZ,roiic,北信源,20250421.0,软件服务,20241231,21.276423650813502,0.8489562086916781,0.07443678454286792,0.6569797915549171,,,up,2.9990281500991927,404.9169479033302,high_volatility,increasing_vol,False,none,194.4701802054362,False,none,False,rising,mid_up,True,False,5.717668834832492,-40.61797607713057,-0.2,0.8064959405073401,-155.5477749090694,147.83072255143222,1.0,10,5,False,,stable
300357.SZ,roiic,我武生物,20250419.0,生物制药,20241231,4.1879957195948325,0.3478727482769107,0.09511548167953508,0.6136396901583412,,,up,4.867571056786206,19.187043518734544,high_volatility,decreasing_vol,False,none,-692.4753244296145,False,none,False,rising,mid_up,False,True,-1.3144589972388512,1.1264168961538932,0.0,1.0,-3.6858498155289006,-3.7495765665949996,1.0,10,5,False,,stable
300358.SZ,roiic,楚天科技,20250429.0,医疗保健,20241231,-23.518385307945287,-1.8774588682341034,0.5148517856479892,0.1723742362486616,,,down,4.272677608898694,125.04908951210545,high_volatility,decreasing_vol,True,severe,-1933.580836715409,False,none,False,falling,bottom,False,False,-3.6505043054163933,-42.04295353520193,-0.8,0.0864107329737,14.449116650868856,-81.90967754757949,-5.668836339739433,10,5,False,,stable
300363.SZ,roiic,博腾股份,20250329.0,化学制药,20241231,9.220050036337089,0.21128207701443125,0.34053869559279276,0.30163302154699917,,,up,7.23751441770681,166.67475779136012,high_volatility,increasing_vol,False,none,-3.2617350088080164,False,none,False,rising,mid_up,False,False,-0.016578938048959824,2.7592135773936644,0.0,1.0,-31.51618728126426,69.95852963175831,1.0,10,5,False,,stable
300365.SZ,roiic,恒华科技,20250419.0,软件服务,20241231,22.369784400420496,0.8789042065238135,0.15379807860071773,0.5137844946052454,,,up,1.9639649331230546,1269.3303157325795,high_volatility,decreasing_vol,True,mild,-6.3814824226915245,True,deterioration_to_recovery,False,falling,mid_down,False,False,-0.03296535992815208,-84.36260116974907,-0.2,0.8064959405073401,481.5535678892329,52.35832954998332,0.10872794438941172,10,5,False,,stable
300368.SZ,roiic,汇金股份,20250422.0,IT设备,20241231,-9.499604343874267,-1.0936621575378518,0.3408971500147934,0.30131558843323364,,,down,7.107690623429573,62.37375968936457,high_volatility,decreasing_vol,False,none,103.19320024319359,False,none,False,rising,mid_up,True,False,3.6998938697201647,-6.779190028221726,-0.2,0.8064959405073401,-11.625412343266593,3.5793476825429362,1.0,10,5,False,,stable
300369.SZ,roiic,绿盟科技,20250423.0,软件服务,20241231,-31.182531036420595,0.09482907758134052,0.013909126167237523,0.8501868343261829,,,up,53.90364354030115,724.0719810186977,high_volatility,stable,False,none,136.5142031934171,False,none,False,rising,mid_up,True,False,7.282986542856854,3.567253843908233,0.0,1.0,4.077950121365603,439.70506411176575,107.82502262791766,10,5,False,,stable
300373.SZ,roiic,扬杰科技,20250331.0,半导体,20241231,-15.769104957527754,-2.0659242390047505,0.8555246616403461,0.024403155250536275,,,down,1.614647284238561,26.546494420131037,high_volatility,decreasing_vol,False,none,-148.70177409491376,False,none,False,rising,mid_up,False,True,-2.708996301616678,-15.71169989281552,-0.8,0.0864107329737,11.710317080602666,-5.209528496479349,-0.4448665617354268,10,5,False,,stable
300377.SZ,roiic,赢时胜,20250429.0,软件服务,20241231,14.526810560219712,0.15077648571451344,0.40333988672085086,0.24962042789315245,0.1519664445083817,0.1519664445083817,up,1.6737715164415965,754.053987811063,high_volatility,stable,True,severe,-94.10574436379967,False,none,False,falling,mid_down,False,True,-1.4155848691981476,19.147201167035675,0.2,0.8064959405073401,454.86994422739707,105.95204899012738,0.23292822560542753,10,5,False,,stable
300378.SZ,roiic,鼎捷数智,20250426.0,软件服务,20241231,0.3182762397935795,0.16392680056516026,0.017679837644379012,0.8312031915183848,,,up,2.7488521177169356,63.58666293436816,high_volatility,decreasing_vol,True,severe,-94.08250230790684,False,none,False,falling,mid_down,False,True,-1.3007374404647118,10.965774529838278,0.4,0.4624327264504764,-14.621728519501355,0.8844689818990762,1.0,10,5,False,,stable
300380.SZ,roiic,安硕信息,20250428.0,软件服务,20241231,-869.8237300668231,-1.2169295914283569,0.08834096032901431,0.6272132562438628,,,down,1.3868347243669361,7077.147993644778,high_volatility,stable,False,none,-96.37943456172152,False,none,False,rising,mid_up,False,False,-1.6592695910757513,15.94578922257869,0.0,1.0,4842.146904584939,561.5435348300247,0.1159699500852214,10,5,False,,stable
300381.SZ,roiic,溢多利,20250419.0,化学制药,20241231,-3.318802415227944,-1.1495067862565589,0.2308364173039313,0.4126923424591856,,,down,2.0108939334225404,98.22636279682519,high_volatility,decreasing_vol,True,severe,-186.38974317349064,False,none,False,falling,bottom,False,False,-0.5248018927104274,-10.706947763555247,-0.4,0.4624327264504764,41.40317449493934,-26.35353966406771,-0.6365101223648653,10,5,False,,stable
300382.SZ,roiic,斯莱克,20250426.0,专用机械,20241231,-17.58566554092696,-1.1703979102706206,0.19754724719523875,0.4533198338520316,,,down,1.9030356547983343,36.57318180136093,high_volatility,increasing_vol,True,severe,-653.3458445091036,False,none,False,falling,bottom,False,True,-4.044989246840867,-17.304137254674366,-0.6,0.22067136191984693,-24.494037326706458,-67.11269540492111,1.0,10,5,False,,stable
300383.SZ,roiic,光环新网,20250419.0,软件服务,20241231,-4.464177728529431,-1.196263129585126,0.7420481152234106,0.06062261159554659,,,down,9.549389505642129,364.56733791114357,high_volatility,increasing_vol,False,none,-102.67322275441053,False,none,False,rising,mid_up,False,True,-5.295213294587114,-5.608521020537175,-0.4,0.4624327264504764,24.55191827615141,-16.291651153051184,-0.6635591960598913,10,5,False,,stable
300386.SZ,roiic,飞天诚信,20250418.0,IT设备,20241231,-5.7135685578495385,0.6131569763986772,0.03934257252334601,0.7491193022323149,,,up,3.661142013154577,155.85952545776593,high_volatility,decreasing_vol,True,severe,-282.70091414244433,False,none,False,falling,bottom,False,True,-5.054522882025121,-59.01772281703139,-0.4,0.4624327264504764,31.43030606161309,-105.9182438693388,-3.369939944641531,10,5,False,,stable
300389.SZ,roiic,艾比森,20250401.0,元器件,20241231,-114.8093829888708,-2.5959923576999295,0.3867357858656497,0.26270234089871525,,,down,5.097019117415164,279.3537026995874,high_volatility,stable,True,severe,26.374647038602582,False,none,False,falling,mid_down,False,False,0.1530897219080236,-125.55884452111903,-0.6,0.22067136191984693,-89.25008484491586,-296.05253125942147,1.0,10,5,False,,stable
300390.SZ,roiic,天华新能,20250425.0,电气设备,20241231,9.208760892887906,0.1897117275211901,0.4945523322332599,0.18517716902797512,0.23093366434676033,0.23093366434676033,up,2.0365276626855517,1381.5692805411236,high_volatility,increasing_vol,True,mild,-25.42592401585147,False,none,False,falling,mid_down,False,False,-0.14667752893800579,23.7019074202355,0.6,0.22067136191984693,773.8866755617873,70.7150354319754,0.09137647366863016,10,5,False,,stable
300396.SZ,roiic,迪瑞医疗,20250329.0,医疗保健,20241231,-8.026761798264337,-0.14965851665908625,0.00472683271588898,0.9125312908294285,,,down,3.9481913737684313,113.57151777356209,high_volatility,decreasing_vol,True,severe,-423.8657624913865,False,none,False,falling,mid_down,False,False,-4.303222809285312,-51.153198445485046,-0.6,0.22067136191984693,11.900505237515798,-66.50856232700467,-5.5887175375831495,10,5,False,,stable
300400.SZ,roiic,劲拓股份,20250423.0,专用机械,20241231,3.4244284129039584,0.04242323239535981,0.12171130230820511,0.5649857905637629,,,up,1.9154252882509504,142.9358501031623,high_volatility,decreasing_vol,True,severe,60.69663249840808,False,none,False,falling,mid_down,True,False,0.46691938144246636,-48.09632190622304,-0.4,0.4624327264504764,-88.26733763281246,-99.80273283323295,1.0,10,5,False,,stable
300401.SZ,roiic,花园生物,20250325.0,化学制药,20241231,-0.8692151019457939,-0.10359211380789364,0.2510664733847301,0.38982793277399386,,,down,2.7166662900544143,20.1300066194442,high_volatility,stable,False,none,430.86009360581687,False,none,False,rising,top,False,False,3.2015467506134145,8.688770011216441,0.2,0.8064959405073401,-5.113948306917841,22.279713044359177,1.0,10,5,False,,stable
300402.SZ,roiic,宝色股份,20250403.0,专用机械,20241231,-0.1471958082707971,-0.007230573184582934,0.005489977808446742,0.9057464915476381,-0.01761758992646989,-0.01761758992646989,down,0.5173384796588685,6.807868242900776,volatile,increasing_vol,False,none,39.4961396848004,False,none,False,rising,mid_up,False,False,0.16604785671175382,-2.9298867865050315,-0.4,0.4624327264504764,12.676174742787115,17.48147670436714,1.3790813915936506,10,5,False,,stable
300404.SZ,roiic,博济医药,20250426.0,医疗保健,20241231,-1.3035355707369223,-0.5123609000218046,0.16240894827196464,0.5011333283422664,,,down,82.67267194991001,22.739408110067362,high_volatility,decreasing_vol,False,none,93.82374125053329,False,none,False,rising,mid_up,True,False,1.3632844695481103,-7.348848571792338,-0.4,0.4624327264504764,-2.629318804860017,-1.9851958275475616,1.0,10,5,False,,stable
300406.SZ,roiic,九强生物,20250329.0,医疗保健,20241231,5.585883783073381,1.2515673924611324,0.4111283462950173,0.24363827273788222,,,up,2.3315577212852068,51.64053100760488,high_volatility,decreasing_vol,True,severe,99.2373660063999,False,none,False,falling,mid_down,False,False,1.6305074596013782,0.6699335690389667,0.0,1.0,20.35874595921309,-0.1109425795875419,-0.005449381794429055,10,5,False,,stable
300407.SZ,roiic,凯发电气,20250422.0,电气设备,20241231,-7.059594221778944,-1.4050296151197532,0.29660010173509094,0.34257373879201064,,,down,2.2963074528801632,26.423335141312084,high_volatility,decreasing_vol,True,severe,-299.2049275888786,False,none,False,falling,mid_down,False,False,-3.888644185365281,-10.648374760597338,-0.2,0.8064959405073401,-13.624758631430115,-34.45162879387503,1.0,10,5,False,,stable
300408.SZ,roiic,三环集团,20250424.0,元器件,20241231,3.498479217946678,0.052384718217335945,0.012383256006563119,0.8586067710676939,,,up,214.9199677024148,48.81051770758696,high_volatility,stable,False,none,152.22146747871224,False,none,False,rising,top,True,False,4.790739805291032,0.8752621363272699,0.0,1.0,1.276653969379435,43.496056951398344,34.07035735183686,10,5,False,,stable
300409.SZ,roiic,道氏技术,20250423.0,电气设备,20241231,-7.377614050895112,-1.0806053609123414,0.2109646174501534,0.4364576346041236,,,down,2.821293821144955,57.71541870289678,high_volatility,increasing_vol,True,severe,-562.708028241204,False,none,False,falling,bottom,True,False,-0.9451943184979674,-27.188446232697153,-0.6,0.22067136191984693,-29.926621520061992,-117.53901297666276,1.0,10,5,False,,stable
300410.SZ,roiic,正业科技,20250425.0,专用机械,20241231,46.609071196833284,1.3818129107568058,0.22785274963018545,0.41617426520146633,,,up,5.462766987971428,806.3797525594383,high_volatility,decreasing_vol,True,severe,98.4097619620574,False,none,False,falling,mid_down,False,False,2.0698766721992525,-121.22704770687017,0.0,1.0,118.90185506706328,-12.753410792115128,-0.10725998164555062,10,5,False,,stable
300411.SZ,roiic,金盾股份,20250424.0,专用机械,20241231,-11.70248385302095,-1.723955822270949,0.5852255275094812,0.13182574052874432,,,down,2.7244665623010613,135.2634248224015,high_volatility,stable,False,none,99.25515781159606,False,none,False,rising,mid_up,True,False,2.4238426773942794,-7.959973958081427,-0.2,0.8064959405073401,-53.15841809638796,-2.1071114469970196,1.0,10,5,False,,stable
300412.SZ,roiic,迦南科技,20250419.0,医疗保健,20241231,28.75048312532939,0.6518158659894376,0.41407037971865607,0.24140350931258234,0.677965718222161,0.677965718222161,up,1.1256079217915371,106.06339662557026,high_volatility,stable,False,none,-47.003077426705104,False,none,False,rising,mid_up,False,False,-0.3174634246461765,26.771832224070586,0.4,0.4624327264504764,102.85280145298469,137.64095864641416,1.3382324710847238,10,5,False,,stable
300415.SZ,roiic,伊之密,20250423.0,专用机械,20241231,-13.65851300245543,-0.3501030428097658,0.02521871872773742,0.7986575303444666,,,down,1.2568346855140344,35.64767725929516,high_volatility,decreasing_vol,False,none,259.0635497996888,False,none,False,rising,mid_up,True,False,3.7236690128069183,-14.07047416342347,-0.4,0.4624327264504764,24.265505831908772,26.100164846495122,1.0756076970863637,10,5,False,,stable
300423.SZ,roiic,昇辉科技,20250428.0,电气设备,20241231,-64.72626793907575,0.5221682360818715,0.019691540072209357,0.821918813200749,,,up,1.468607695089634,377.50992216318826,high_volatility,decreasing_vol,True,severe,-782.6728793977526,False,none,False,falling,bottom,False,True,-6.293633204596354,-62.26474587852079,-0.2,0.8064959405073401,-276.4708179534188,-706.9054498679336,1.0,10,5,False,,stable
300427.SZ,roiic,红相股份,20250422.0,电气设备,20241231,-2.558079367191506,-1.007312517789218,0.2323164695071333,0.41097597231748323,,,down,2.2169228007022967,6880.001461717443,high_volatility,stable,True,severe,-100.06947961317232,False,none,False,falling,bottom,False,True,-6.701098812956955,-1.023646656886945,0.0,1.0,3102.634038585347,-10.707225674575193,-0.0034510114765121244,10,5,False,,stable
300433.SZ,roiic,蓝思科技,20250328.0,元器件,20241231,1.2172941917845903,-0.5156252779167761,0.05980438268479263,0.6917621027206685,,,down,1.6311707694811017,81.91711777941872,high_volatility,decreasing_vol,False,none,48.60380113760761,False,none,False,rising,mid_up,False,False,0.19795398051687219,-2.1487688462013446,0.0,1.0,45.416282032290525,38.318368756210745,0.8437143474000528,10,5,False,,stable
300434.SZ,roiic,金石亚药,20250425.0,化学制药,20241231,-14.448263804265917,-0.9787458850914769,0.12489632082392886,0.5595790162983263,,,down,4.134546438511324,389.0599103974286,high_volatility,decreasing_vol,True,severe,-475.06799570928393,False,none,False,falling,bottom,False,False,-5.974898248476773,-193.6914741788192,-0.6,0.22067136191984693,43.07440681768763,-380.9646786096956,-8.844339522123382,10,5,False,,stable
300436.SZ,roiic,广生堂,20250418.0,化学制药,20241231,-12.427187890952174,-0.7104412011429667,0.07046711355856942,0.6660229595878395,,,down,2.034600775480892,169.85007743480813,high_volatility,increasing_vol,True,severe,74.52410431186053,False,none,False,falling,mid_down,False,False,0.6837056253641121,-24.048065617597896,-0.2,0.8064959405073401,-87.20894507123319,-94.46279042235848,1.0,10,5,False,,stable
300438.SZ,roiic,鹏辉能源,20250424.0,电气设备,20241231,-1.1400921702355398,0.48047097317912196,0.032754462333685314,0.770830845558345,,,up,2.772945591796312,126.15541020589134,high_volatility,increasing_vol,True,severe,-791.4965093294094,False,none,False,falling,bottom,False,True,-5.305699697998499,-47.36476808867998,-0.6,0.22067136191984693,-62.44119899095776,-264.8886452976321,1.0,10,5,False,,stable
300439.SZ,roiic,美康生物,20250419.0,医疗保健,20241231,-1.430776552903606,1.0282050335963644,0.16524594337496898,0.49705297396833914,,,up,1.5880461426059727,115.84096027820867,high_volatility,stable,False,none,-74.30553921407173,False,none,False,rising,mid_up,False,False,-0.6740941227763546,55.98700986977059,0.4,0.4624327264504764,-58.22811844190934,4.627290419687055,1.0,10,5,False,,stable
300440.SZ,roiic,运达科技,20250419.0,软件服务,20241231,0.9906609920613697,0.035992211075515625,0.0002525760805892941,0.9797657111517218,,,up,26.167510726487034,131.3461988781846,high_volatility,decreasing_vol,False,none,712.0171407463322,False,none,False,rising,top,True,False,4.992515114173907,84.24969090800798,0.6,0.22067136191984693,21.049929563033228,182.18419128079992,8.654859900374307,10,5,False,,stable
300442.SZ,roiic,润泽科技,20250424.0,软件服务,20241231,-0.5922538772544642,-0.3597296296057059,0.07781107814182198,0.6494957305151563,,,down,4.3996864134230576,169.74041507340303,high_volatility,decreasing_vol,False,none,-87.48415354088294,False,none,False,rising,mid_up,False,False,-1.0214463977505432,-16.432635936520143,-0.2,0.8064959405073401,-35.65344245383591,2.5696928874262883,1.0,10,5,False,,stable
300443.SZ,roiic,金雷股份,20250328.0,电气设备,20241231,8.356930409263793,0.686505887736671,0.06855341707523664,0.6704804999322985,,,up,2.3972263993029466,39.71211316264034,high_volatility,stable,False,none,808.7996458219313,False,none,False,rising,top,True,False,3.977584714404059,13.934180203603177,0.4,0.4624327264504764,19.072937555753025,70.97815634917872,3.721406633964959,10,5,False,,stable
300444.SZ,roiic,双杰电气,20250416.0,电气设备,20241231,4.489414146795703,0.5286325862492524,0.36407246012426986,0.2813153739684493,,,up,2.759229590587279,132.9427548473102,high_volatility,decreasing_vol,True,severe,83.24379429827403,False,none,False,falling,mid_down,False,False,0.7201352729175106,64.22562138052325,0.8,0.0864107329737,-28.23405190104253,-0.6298583518838506,1.0,10,5,False,,stable
300447.SZ,roiic,全信股份,20250425.0,电气设备,20241231,-3.2100568137981766,-0.20511946953403987,0.020724535046276964,0.8173393017166048,,,down,3.18195543831828,99.31148586382204,high_volatility,increasing_vol,False,none,6799.731812190246,False,none,False,rising,top,True,False,3.8844379060828045,-12.911279186028677,-0.2,0.8064959405073401,39.08463135527546,196.30135126560103,5.022469048799284,10,5,False,,stable
300448.SZ,roiic,浩云科技,20250423.0,软件服务,20241231,-58.271654276550066,-1.9723625939169835,0.5615915290620396,0.14480414101153508,,,down,4.442807277005973,518.3295564990461,high_volatility,stable,True,severe,97.79297351008192,False,none,False,falling,mid_down,False,False,1.9065156971370312,-70.7443004235862,-0.4,0.4624327264504764,-134.14862230972136,-22.512779625375234,1.0,10,5,False,,stable
300449.SZ,roiic,汉邦高科,20250424.0,IT设备,20241231,8.039273332888722,-0.8443902180076112,0.0811970944128245,0.6421605408421331,,,down,1.0332262020864857,135.50352950638128,high_volatility,decreasing_vol,True,severe,-14.830680704269444,False,none,False,falling,mid_down,False,False,-0.0691432638280709,4.755276064047337,0.0,1.0,-128.73426252818246,-200.16105591379687,1.0,10,5,False,,stable
300450.SZ,roiic,先导智能,20250429.0,专用机械,20241231,-14.348988867566373,-1.0445515752568109,0.12574819697968287,0.558146276917477,,,down,2.9554208053275657,44.163983222135144,high_volatility,increasing_vol,False,none,-245.05522888514153,False,none,False,rising,mid_up,False,True,-4.285062951435741,-10.80911928741305,-0.2,0.8064959405073401,-19.248079051881728,-43.71472416341866,1.0,10,5,False,,stable
300451.SZ,roiic,创业慧康,20250415.0,软件服务,20241231,-5.578528834996833,-0.7681151230200731,0.20079348333574945,0.4491758116996944,,,down,3.623319364323392,205.90479922463248,high_volatility,stable,False,none,139.52687723474665,False,none,False,rising,top,True,False,6.2159678993930765,17.80275061651373,0.0,1.0,-49.144389620953916,157.38896566906254,1.0,10,5,False,,stable
300452.SZ,roiic,山河药辅,20250423.0,化学制药,20241231,5.09020696603998,0.8294490238696219,0.14575485017090556,0.525985584922513,,,up,4.069387260531632,74.82521517000743,high_volatility,increasing_vol,True,severe,-358.3225280082465,False,none,False,falling,bottom,False,False,-5.1711386908059245,-36.135224593410065,-0.2,0.8064959405073401,-26.0281138037303,-141.52310518732253,1.0,10,5,False,,stable
300453.SZ,roiic,三鑫医疗,20250327.0,医疗保健,20241231,-13.47314343206041,-0.46939478755198694,0.7049418254237723,0.07522681528250369,-0.2839034930094323,-0.2839034930094323,down,0.8119451595662895,25.38203723128156,volatile,decreasing_vol,False,none,-13.161580154821351,False,none,False,rising,mid_up,False,False,-0.07040986672275706,-12.652132247169142,-0.6,0.22067136191984693,27.218834785523594,14.261127208887453,0.5239433400166076,10,5,False,,stable
300454.SZ,roiic,深信服,20250329.0,软件服务,20241231,-0.5141897462099762,-0.4265716133322702,0.3494383678700364,0.2938259595387266,,,down,2.089196468001107,42.62622988421929,high_volatility,decreasing_vol,False,none,66.05346232862917,False,none,False,rising,mid_up,False,False,0.48530390160814985,0.786844635024543,0.2,0.8064959405073401,-17.70297043053715,-1.2748456220316915,1.0,10,5,False,,stable
300455.SZ,roiic,航天智装,20250329.0,IT设备,20241231,46.197376654395065,1.2381523012555065,0.3254806820389313,0.3152009586368857,,,up,1.268618706346256,97.52665380531431,high_volatility,decreasing_vol,True,severe,-78.17865160629049,False,none,False,falling,mid_down,False,False,-0.2881938072388691,39.267927403487604,0.4,0.4624327264504764,-63.01704093044288,-20.996517356816266,1.0,10,5,False,,stable
300456.SZ,roiic,赛微电子,20250320.0,半导体,20241231,9.063706734253731,0.4004360613636969,0.14998437949080431,0.5195216348189673,0.09442520871630578,0.09442520871630578,up,1.005015002241826,79.82384971260477,high_volatility,stable,False,none,-60.0511559246157,False,none,False,rising,mid_up,False,False,-0.4587705159893156,13.058013751078029,0.2,0.8064959405073401,82.14464251936971,84.50971459768665,1.028791556037988,10,5,False,,stable
300457.SZ,roiic,赢合科技,20250329.0,专用机械,20241231,11.381862665631086,1.1451759662064138,0.2169452085142103,0.42915971465896363,,,up,1.740498176467672,75.25383736287543,high_volatility,stable,True,severe,-97.02725308143175,False,none,False,falling,mid_down,False,False,-1.752255339814585,5.748059315390872,0.2,0.8064959405073401,46.65151151836585,4.6886127194377245,0.1005029111991774,10,5,False,,stable
300458.SZ,roiic,全志科技,20250328.0,半导体,20241231,-336.7650154433796,-3.6603332462820304,0.7790192034395796,0.04741581651159169,,,down,1.4521964508109704,662.1901250380298,high_volatility,increasing_vol,True,severe,-103.3201348879897,False,none,False,falling,bottom,False,False,-0.35480560811343453,-384.7425941853968,-0.8,0.0864107329737,-557.0216155269868,-1488.126275759594,1.0,10,5,False,,stable
300460.SZ,roiic,惠伦晶体,20250429.0,元器件,20241231,-16.457546794191096,-1.1337123058783907,0.44267905191121576,0.22036082699221834,,,down,1.7638074974729887,184.55691900877582,high_volatility,stable,False,none,-98.988662217943,False,none,False,rising,mid_up,False,False,-2.290465271339107,-14.205867220547375,-0.4,0.4624327264504764,99.69825841710754,4.34835535400653,0.04361515861003628,10,5,False,,stable
300461.SZ,roiic,田中精机,20250424.0,专用机械,20241231,9.486376808510746,0.937126853115091,0.06293557629320211,0.6839656669708998,,,up,1.490050340312653,217.08192510290684,high_volatility,increasing_vol,True,mild,360.6159438636328,False,none,False,falling,mid_down,True,False,4.774852543479838,37.42722419642426,0.2,0.8064959405073401,148.53355810383164,95.63489110956543,0.6438605008217223,10,5,False,,stable
300463.SZ,roiic,迈克生物,20250429.0,医疗保健,20241231,10.2234097300715,0.14144349597253253,0.0035992348923077704,0.9236595925744054,,,up,2.8337696513225983,492.3462947200659,high_volatility,increasing_vol,False,none,688.6078765655179,False,none,False,rising,top,True,False,4.420677372798648,-17.314365701707626,-0.2,0.8064959405073401,-203.69727746547036,100.8251109145049,1.0,10,5,False,,stable
300465.SZ,roiic,高伟达,20250327.0,软件服务,20241231,-19.298404062443346,-1.2767457974937226,0.40761007882937755,0.24632863481327014,,,down,3.9190450303495563,1604.048649665075,high_volatility,stable,True,severe,-100.2338767753293,False,none,False,falling,mid_down,False,False,-4.110286230682824,382.00776446186717,0.2,0.8064959405073401,536.6262867265873,-1.3960212473510043,-0.0026014775680608454,10,5,False,,stable
300468.SZ,roiic,四方精创,20250428.0,软件服务,20241231,-3.224750469226317,-0.08532256054922711,0.020368833461229245,0.8189027770870114,,,down,3.2277502937202196,40.388952082552095,high_volatility,increasing_vol,False,none,1124.9632211480478,False,none,False,rising,top,True,False,3.4173782666608026,13.640302984121691,0.4,0.4624327264504764,-9.234141806349161,48.53647723253286,1.0,10,5,False,,stable
300469.SZ,roiic,信息发展,20250429.0,软件服务,20241231,-10.230983945371458,-0.8289483506688914,0.13281223934800715,0.5464741276807878,,,down,1.1517824407214188,79.30112494924347,high_volatility,stable,True,severe,56.49587612874868,False,none,False,falling,mid_down,False,False,0.41614306063148465,-14.268588682379562,-0.2,0.8064959405073401,-71.92007997207654,-84.58194864704635,1.0,10,5,False,,stable
300471.SZ,roiic,厚普股份,20250423.0,专用机械,20241231,-38.23787826463409,-0.5035606515027722,0.838405629345985,0.029035395806804226,,,down,4.767524608670967,165.59463052375168,high_volatility,stable,True,severe,108.15017187537418,False,none,False,falling,mid_down,True,False,4.923891869110989,-37.67744604544172,-0.6,0.22067136191984693,23.262517122416284,19.625951333781785,0.8436727302768873,10,5,False,,stable
300474.SZ,roiic,景嘉微,20250424.0,元器件,20241231,-7.869752742877971,-1.406074856177432,0.6162122548555907,0.11574134794935452,,,down,3.0207501655021742,109.8231225406213,high_volatility,increasing_vol,False,none,-436.72054328426793,False,none,False,rising,mid_up,False,True,-2.238497276072253,-11.293995832380201,-0.6,0.22067136191984693,-45.923043367887246,-8.429994357684679,1.0,10,5,False,,stable
300475.SZ,roiic,香农芯创,20250408.0,元器件,20241231,1.065759566486135,-0.15903187485575568,0.035744947386290395,0.7607189700863428,-0.27519535661444305,-0.27519535661444305,down,0.9185001092654935,12.824723457488904,high_volatility,increasing_vol,True,severe,-92.9818632844051,False,none,False,falling,bottom,False,True,-1.2375980019191994,2.3736334759332656,0.0,1.0,14.282408253015781,1.0194161137121232,0.07137564587518844,10,5,False,,stable
300476.SZ,roiic,胜宏科技,20250329.0,元器件,20241231,-0.04640940198533716,-0.005955861709947508,0.00039428362108487146,0.9747194833623273,,,down,1.9609379077933753,44.640942012551854,high_volatility,increasing_vol,False,none,3887.9519162617066,False,none,False,rising,top,False,False,1.8248371111786104,-1.0032025225252554,0.0,1.0,28.009774365475483,101.97232550381273,3.6405978917667614,10,5,False,,stable
300479.SZ,roiic,神思电子,20250331.0,软件服务,20241231,47.85562402472649,0.18221110893789633,0.02774532844929638,0.788902232213077,,,up,1.1624267053787354,676.8781141665302,high_volatility,stable,True,severe,-2739.2303093150913,False,none,False,falling,bottom,False,True,-1.6729932296132541,58.47110832937805,0.4,0.4624327264504764,-567.9407695135144,-1236.4552935359047,1.0,10,5,False,,stable
300480.SZ,roiic,光力科技,20250429.0,专用机械,20241231,-1.279395248763685,-0.19767454641675436,0.19097156755786737,0.4618458296114337,,,down,13.494142101724227,129.84723301034745,high_volatility,increasing_vol,False,none,166.74142616872882,False,none,False,rising,top,True,False,5.867696128798924,20.9019092849838,0.2,0.8064959405073401,-1.776200001606341,144.36836268619672,1.0,10,5,False,,stable
300482.SZ,roiic,万孚生物,20250410.0,医疗保健,20241231,0.2863366666336503,0.5035208690193451,0.07317415864437128,0.6598273052175698,,,up,2.0026243455768724,414.9514116831029,high_volatility,increasing_vol,True,severe,-74.42396908881794,False,none,False,falling,mid_down,False,False,-0.6811571587541843,10.616766494390674,0.2,0.8064959405073401,235.14875816672182,13.937937404716557,0.059272851421288304,10,5,False,,stable
300484.SZ,roiic,蓝海华腾,20250426.0,电气设备,20241231,-14.316329762968483,-1.7010620715781943,0.48535180867882277,0.19115340502480066,,,down,2.7701866707212606,1063.7412494113373,high_volatility,increasing_vol,False,none,-192.4679099327343,False,none,False,rising,mid_up,False,True,-4.484147728621087,-113.25079143121886,-0.6,0.22067136191984693,-474.6608455592815,-42.59421745105082,1.0,10,5,False,,stable
300485.SZ,roiic,赛升药业,20250329.0,生物制药,20241231,17.313243044611585,-0.24256713966577018,0.004436118241816514,0.9152596515454202,,,down,11.742981116121877,169.9541781119842,high_volatility,increasing_vol,False,none,237.55289383100623,False,none,False,rising,top,True,False,5.92550848999875,7.314304565875464,0.0,1.0,-9.278857829625643,219.59237401794996,1.0,10,5,False,,stable
300486.SZ,roiic,东杰智能,20250418.0,专用机械,20241231,2.9433961622469753,0.17409445667392137,0.007563151117777772,0.8894107024020392,,,up,1.266388626330102,75.99137286118719,high_volatility,stable,True,severe,429.75212786030744,False,none,False,falling,mid_down,True,False,2.6487900681673655,4.681265907825678,0.2,0.8064959405073401,60.889379677580465,12.721108348220245,0.208921628296768,10,5,False,,stable
300489.SZ,roiic,光智科技,20250315.0,专用机械,20241231,9.58339706948421,0.823981249434701,0.1038438875595433,0.5969169884592613,,,up,1.7888424211111789,31.735433835801828,high_volatility,increasing_vol,True,mild,272.4601394905826,False,none,False,falling,mid_down,True,False,4.035984007453367,8.25958789591129,0.2,0.8064959405073401,20.615784579710365,37.15042074979768,1.8020376865191137,10,5,False,,stable
300490.SZ,roiic,华自科技,20250421.0,专用机械,20241231,61.29320460347378,2.3359792874710563,0.8091438537829748,0.03765041524129643,,,up,9.053906204272025,160.31932948083139,high_volatility,increasing_vol,False,none,218.7763190191278,False,none,False,rising,top,False,False,6.082338834397991,52.05974373297026,0.6,0.22067136191984693,36.09516155119475,238.70352441448023,6.613172352087149,10,5,False,,stable
300491.SZ,roiic,通合科技,20250429.0,电气设备,20241231,3.220915111584927,0.49735887648654326,0.13771484588744043,0.5385822887277851,,,up,3.9477489222273947,78.12815918656175,high_volatility,increasing_vol,True,severe,-2081.0381865500226,False,none,False,falling,bottom,False,False,-4.2594898096834415,-9.6018732174107,-0.2,0.8064959405073401,-28.92807355061231,-157.19184731355944,1.0,10,5,False,,stable
300493.SZ,roiic,润欣科技,20250428.0,元器件,20241231,-21.48241350958748,-0.8944610314861668,0.6467758028466662,0.10087656652708024,-0.655621675272948,-0.655621675272948,down,1.7173403297094083,222.2832125011319,high_volatility,increasing_vol,True,severe,-6.735138130488576,False,none,False,falling,bottom,False,False,-0.02911203474112134,-12.412311103102116,-0.4,0.4624327264504764,138.25604374296273,1.4660078244860317,0.010603571350642325,10,5,False,,stable
300496.SZ,roiic,中科创达,20250423.0,软件服务,20241231,-0.043466351584253896,-0.005498142780107962,0.001271135934805422,0.9546148179737864,,,down,3.347663105152104,57.909013336131515,high_volatility,increasing_vol,False,none,71.07830834951798,False,none,False,rising,mid_up,False,False,0.2644367695229135,-4.203350343794789,-0.6,0.22067136191984693,-21.547538910348685,7.626769180036813,1.0,10,5,False,,stable
300497.SZ,roiic,富祥药业,20250426.0,化学制药,20241231,12.580368838857023,1.2070118041680526,0.17608790858075518,0.48183560830680755,,,up,2.626960555466255,51.16924244778199,high_volatility,increasing_vol,True,severe,119.13281825060355,False,none,False,falling,mid_down,True,False,4.232856840353036,6.342689811278971,0.2,0.8064959405073401,-15.704386024399778,15.063234228670893,1.0,10,5,False,,stable
300499.SZ,roiic,高澜股份,20250425.0,专用机械,20241231,21.472703303294832,0.574353416900556,0.24702741408659395,0.3942930243112362,0.23704770730789892,0.23704770730789892,up,1.1817065776750273,113.48970796673953,high_volatility,stable,True,severe,-88.04962370577597,False,none,False,falling,mid_down,False,True,-1.0620665662723323,6.617888847537543,0.2,0.8064959405073401,102.48063324247084,29.96762901188453,0.2924223637551169,10,5,False,,stable
300508.SZ,roiic,维宏股份,20250328.0,软件服务,20241231,6.307054378798066,-0.5202740351255635,0.03416446568878336,0.7660060883093788,,,down,2.225803732047166,11321.496313320782,high_volatility,decreasing_vol,False,none,655.4311589957074,True,deterioration_to_recovery,False,rising,mid_up,True,False,4.272747346799982,-49.983317791701595,-0.4,0.4624327264504764,3569.035676896302,84.46440736862588,0.023665890457580874,10,5,False,,stable
300509.SZ,roiic,新美星,20250422.0,专用机械,20241231,1.4904653532997485,0.09574475423538234,0.13580636457500775,0.5416347914048751,-0.022793045913000243,-0.022793045913000243,up,1.5494922905878357,86.25983627114196,high_volatility,stable,True,severe,-92.2776904089337,False,none,False,falling,mid_down,False,True,-1.280054524818113,1.0983200609698818,0.0,1.0,56.116881749990725,16.18212149304876,0.2883645881312968,10,5,False,,stable
300510.SZ,roiic,金冠股份,20250422.0,电气设备,20241231,14.042192207818328,0.5684599498958713,0.05233219084598041,0.7112915746412978,,,up,3.6738479944708553,105.18232723704351,high_volatility,decreasing_vol,False,none,204.66218944117912,False,none,False,rising,mid_up,False,False,0.5568018037193652,57.09542044009163,0.8,0.0864107329737,-11.528510165495579,69.37951363578065,1.0,10,5,False,,stable
300512.SZ,roiic,中亚股份,20250429.0,专用机械,20241231,6.975511333600845,1.4074753587265258,0.4979791927661902,0.1829792029103145,,,up,3.2064983114576613,119.1620799714386,high_volatility,decreasing_vol,False,none,155.87797521806743,False,none,False,rising,mid_up,False,False,3.546797093116667,26.475384266639505,0.4,0.4624327264504764,-25.350994935292242,12.957500677127765,1.0,10,5,False,,stable
300513.SZ,roiic,恒实科技,20250429.0,软件服务,20241231,12.685090864271505,1.573902395669906,0.3602212616168411,0.28456921225137427,,,up,1.1864090775251952,68.18776111242181,high_volatility,stable,False,none,-30.14404044988956,False,none,False,rising,mid_up,False,False,-0.17935811756506936,9.402175130650885,0.2,0.8064959405073401,61.27959957054438,83.0667139754708,1.355536174479165,10,5,False,,stable
300520.SZ,roiic,科大国创,20250429.0,软件服务,20241231,-21.66876626088841,-2.5021317160196888,0.6744199943075052,0.08826127535267156,,,down,2.138352677767241,1960.5197819108082,high_volatility,increasing_vol,True,severe,-3081.6051142780807,False,none,False,falling,bottom,True,False,-1.7299789923859241,-120.47151588683494,-0.8,0.0864107329737,-1186.8860713337758,-4421.690257754037,1.0,10,5,False,,stable
300521.SZ,roiic,爱司凯,20250429.0,专用机械,20241231,-11.232755152339966,-0.09876774555362652,0.11891748768160434,0.569795187214656,,,down,8.308072263845213,665.6673069683715,high_volatility,increasing_vol,True,severe,-740.8767805193595,False,none,False,falling,bottom,False,False,-6.895337982072576,-192.41908901960238,-0.6,0.22067136191984693,-176.1362515580591,-1250.1526561629753,1.0,10,5,False,,stable
300523.SZ,roiic,辰安科技,20250429.0,软件服务,20241231,68.76126908015361,2.898859938553969,0.6230460719640518,0.11233269222967303,,,up,3.1664242120366572,221.73760769796922,high_volatility,stable,False,none,-43.70194610283998,False,none,False,rising,mid_up,False,False,-0.2872531308696562,82.15344766332493,0.4,0.4624327264504764,90.65614480413018,207.75279526629467,2.2916570709592947,10,5,False,,stable
300525.SZ,roiic,博思软件,20250429.0,软件服务,20241231,1.122971996314107,0.16957710308311097,0.4941502815750107,0.18543603055792976,,,up,2.3278635026865913,19.16725805524449,high_volatility,decreasing_vol,True,severe,-283.4161760204199,False,none,False,falling,bottom,False,False,-3.2932438657426495,-9.254715309465247,-0.4,0.4624327264504764,6.118542563590133,-18.205975795893636,-2.9755412513157458,10,5,False,,stable
300529.SZ,roiic,健帆生物,20250416.0,医疗保健,20241231,-3.843956854889786,-0.09537971249527093,0.001272330335439337,0.9545935093286185,,,down,3.604112945790601,677.0922694164369,high_volatility,increasing_vol,True,severe,-357.8595894799561,False,none,False,falling,bottom,False,False,-0.7606811647820133,-92.19184110621535,-0.4,0.4624327264504764,200.0449390787519,-407.5374755499968,-2.0372296216379717,10,5,False,,stable
300530.SZ,roiic,领湃科技,20250422.0,电气设备,20241231,37.113403747305746,2.2329437521077,0.6184275083778122,0.11463098084341301,,,up,2.264408970816914,896.0159583646474,high_volatility,increasing_vol,True,mild,581.0060210764219,False,none,False,falling,mid_down,False,False,0.9584109497557989,48.45666808207369,0.8,0.0864107329737,466.78256144278424,84.65465308206794,0.18135778856092605,10,5,False,,stable
300531.SZ,roiic,优博讯,20250426.0,IT设备,20241231,-7.64495591653731,-1.4638898005199104,0.5872286105150566,0.1307544003930149,,,down,1.9418099704594616,88.81704509279623,high_volatility,increasing_vol,True,severe,-1166.987227968085,False,none,False,falling,bottom,False,False,-1.1577105510366952,-8.280653948729402,-0.4,0.4624327264504764,49.31834699957921,-11.243469669093349,-0.2279774232739244,10,5,False,,stable
300532.SZ,roiic,今天国际,20250429.0,软件服务,20241231,-17.438238360962252,-0.7011667618597057,0.04008416693255726,0.7467977230425786,,,down,2.573659506297849,125.28404133408819,high_volatility,decreasing_vol,True,severe,-395.8370901622802,False,none,False,falling,bottom,False,False,-5.409757954183206,-9.756402145531029,-0.2,0.8064959405073401,-53.91080963655043,-192.26933478625313,1.0,10,5,False,,stable
300540.SZ,roiic,蜀道装备,20250417.0,专用机械,20241231,7.462998268986297,0.3820514312329701,0.6584525379058875,0.09545301183511021,,,up,7.35484264960513,82.77678488618281,high_volatility,decreasing_vol,True,mild,124.25872879411017,False,none,False,falling,mid_down,False,False,0.40337170234774056,11.061286317572847,0.6,0.22067136191984693,-3.580331256180605,33.66865127650199,1.0,10,5,False,,stable
300541.SZ,roiic,先进数通,20250415.0,软件服务,20241231,5.66829357554875,-0.03004233817664259,0.00013325329966160245,0.9853026356978418,,,down,1.3197170702610572,99.01523789859701,high_volatility,stable,False,none,784.2118000275921,False,none,False,rising,top,True,False,5.019426347030688,0.76592241093998,0.0,1.0,76.72811340982156,197.88286504359587,2.579013822308655,10,5,False,,stable
300542.SZ,roiic,新晨科技,20250426.0,软件服务,20241231,12.491972171403091,0.9886619744604852,0.1368026910989912,0.5400381485176597,,,up,6.168241840567369,37.245795900618134,high_volatility,stable,False,none,44001.87892466864,False,none,False,rising,top,False,False,2.295849280884739,12.60171106619663,0.4,0.4624327264504764,9.785908057184969,55.98461775696855,5.720942546140494,10,5,False,,stable
300543.SZ,roiic,朗科智能,20250425.0,元器件,20241231,-6.214727893164991,-0.32317914851881613,0.009507665146516436,0.8760469157391101,,,down,2.4205986569378286,143.36285608797562,high_volatility,stable,False,none,120.90452497422888,False,none,False,rising,top,True,False,5.5762940999021975,-17.956283853184697,0.0,1.0,-61.090616679294655,60.370999872807,1.0,10,5,False,,stable
300545.SZ,roiic,联得装备,20250422.0,专用机械,20241231,52.964960302680936,2.465045273952599,0.7573429824435202,0.05499637891561621,,,up,1.325746184404113,102.85229969984665,high_volatility,increasing_vol,False,none,82.08832171383608,False,none,False,rising,top,False,False,0.2996554847429018,56.03451061949143,0.6,0.22067136191984693,93.47017503509747,232.61879069807625,2.4886953577515967,10,5,False,,stable
300546.SZ,roiic,雄帝科技,20250422.0,IT设备,20241231,-8.371061752509025,-0.05781370487848205,0.42142966312618274,0.2358723310546338,-0.47215938181843353,-0.47215938181843353,down,1.6002277671057503,669.8779617139749,high_volatility,decreasing_vol,True,mild,955.5280133800487,False,none,False,falling,mid_down,True,False,1.1774331391894055,-104.03931680840682,-0.4,0.4624327264504764,329.6160899205796,125.06879805930338,0.37943778196458333,10,5,False,,stable
300549.SZ,roiic,优德精密,20250423.0,专用机械,20241231,5.14272520608125,0.5552835876022446,0.4557948240827217,0.21111525136578507,,,up,3.586205045668215,270.44320622432525,high_volatility,increasing_vol,False,none,264.5899935597563,False,none,False,rising,top,False,False,0.6466737529937212,19.453773611649005,0.2,0.8064959405073401,-86.61584485042522,109.59942307107666,1.0,10,5,False,,stable
300550.SZ,roiic,和仁科技,20250424.0,软件服务,20241231,29.350568248183226,0.8298157791077208,0.39354682347856035,0.2572810541123958,1.5601223516257297,1.5601223516257297,up,0.8781857532501579,110.91114252410426,high_volatility,increasing_vol,True,mild,-68.73848241797378,False,none,False,falling,bottom,False,True,-0.5813572882802776,85.72013449783472,0.4,0.4624327264504764,135.10093661917216,57.70241367775299,0.4271059484983944,10,5,False,,stable
300551.SZ,roiic,古鳌科技,20250429.0,软件服务,20241231,10.760753156285098,1.8456264880591,0.6456374017876142,0.10141281322042678,,,up,2.6418866621436505,77.66382223048521,high_volatility,decreasing_vol,False,none,312.75508891245397,False,none,False,rising,mid_up,True,False,4.024370438549509,32.22711234170347,0.8,0.0864107329737,-16.657021531125537,40.784171785395195,1.0,10,5,False,,stable
300552.SZ,roiic,万集科技,20250412.0,IT设备,20241231,39.46795814916271,1.5852861768625173,0.19274500702826694,0.4595286948386679,,,up,5.170574328041451,146.3119654869274,high_volatility,stable,True,severe,-103.15657592868574,False,none,False,falling,mid_down,False,True,-4.438715828340519,27.409434319283594,0.2,0.8064959405073401,40.13743071389538,-7.504632032651114,-0.18697340360784598,10,5,False,,stable
300556.SZ,roiic,丝路视觉,20250426.0,软件服务,20241231,-10.043730830147682,-1.5278282589593264,0.49665684640887436,0.18382556272546105,,,down,2.231074305508236,61.359817249022065,high_volatility,increasing_vol,False,none,1983.282461050976,False,none,False,rising,top,True,False,4.096491407914763,-14.91014169530724,-0.2,0.8064959405073401,32.306609477822946,130.13075762091066,4.027991786332133,10,5,False,,stable
300558.SZ,roiic,贝达药业,20250418.0,化学制药,20241231,-5.662391959249787,-0.23704101338186714,0.021337043694784983,0.8146788170896427,,,down,32.97343003761978,37.414213363213264,high_volatility,decreasing_vol,False,none,545.8347957937158,False,none,False,rising,mid_up,True,False,2.8200266252118436,10.723305332058604,0.2,0.8064959405073401,1.5435119457373223,17.566614872335894,11.380938722793282,10,5,False,,stable
300559.SZ,roiic,佳发教育,20250419.0,软件服务,20241231,10.745494452659212,1.5479938017366308,0.5174002115702205,0.17080336405002905,,,up,47.508669051976945,249.14902148108382,high_volatility,decreasing_vol,True,severe,-1485.1247055470265,False,none,False,falling,bottom,False,True,-5.28285420760932,-114.74008844980204,-0.2,0.8064959405073401,-24.296329442053604,-366.3961712029423,1.0,10,5,False,,stable
300562.SZ,roiic,乐心医疗,20250329.0,医疗保健,20241231,109.31379358347013,1.4740716163614045,0.16591019225871176,0.4961036757826665,,,up,1.5702797223235663,243.84968674218862,high_volatility,increasing_vol,True,mild,584.6083018441674,False,none,False,falling,mid_down,True,False,5.714707204831611,95.5388588449649,0.2,0.8064959405073401,188.08474221107397,333.8253457184192,1.774866699946299,10,5,False,,stable
300566.SZ,roiic,激智科技,20250422.0,元器件,20241231,-12.300580587629257,-1.4010729190824556,0.43732384175385275,0.22420697233358883,,,down,2.0141999861806075,406.00530913136646,high_volatility,stable,True,severe,-101.69183721317626,False,none,False,falling,bottom,False,False,-5.484794828846212,-14.237684543107427,-0.4,0.4624327264504764,197.88132414411743,-15.66550801692401,-0.07916617742821846,10,5,False,,stable
300569.SZ,roiic,天能重工,20250424.0,电气设备,20241231,0.34396319716886514,0.23058764768324314,0.0797056558132216,0.6453705852468906,,,up,2.2380207521656117,4756.283241387593,high_volatility,increasing_vol,True,severe,-101929.63409821648,False,none,False,falling,bottom,False,False,-3.462777322352908,-19.18071364904727,-0.6,0.22067136191984693,-2764.335178927636,-10633.492680575306,1.0,10,5,False,,stable
300573.SZ,roiic,兴齐眼药,20250422.0,化学制药,20241231,-8.726993509384968,-0.2216706256636217,0.5326204147333814,0.1615866967133307,,,down,1.9430641719789548,110.70262779568063,high_volatility,increasing_vol,False,none,485.4956788393241,False,none,False,rising,top,True,False,5.486776246032075,19.721737267980778,0.0,1.0,67.0584411012062,237.05061550991763,3.5349854785940398,10,5,False,,stable
300579.SZ,roiic,数字认证,20250329.0,软件服务,20241231,-0.775433036606689,-0.09463323836052431,0.002553749757358121,0.9356846953728347,,,down,12.023388862688146,336.0393856240629,high_volatility,increasing_vol,True,severe,-1793.3594771271207,False,none,False,falling,bottom,False,False,-1.4703139295757652,-28.778012641252694,-0.2,0.8064959405073401,-48.58753489642521,-536.8139711419179,1.0,10,5,False,,stable
300582.SZ,roiic,英飞特,20250426.0,元器件,20241231,-25.277603167245687,-2.5601165100759666,0.8559947778189234,0.024280283328739195,,,down,3.2467615638088296,44.47477147479221,high_volatility,increasing_vol,False,none,-1321.084027780876,False,none,False,rising,mid_up,False,True,-3.3416450361712524,-24.15753866149772,-0.8,0.0864107329737,-21.281475474386976,-49.00993504666633,1.0,10,5,False,,stable
300583.SZ,roiic,赛托生物,20250429.0,化学制药,20241231,-5.704182383172805,-0.2949559703749358,0.11887754040610586,0.5698644171802023,-0.015745802227340344,-0.015745802227340344,down,1.364051055599563,153.88317751207993,high_volatility,decreasing_vol,False,none,171.45575716578486,False,none,False,rising,mid_up,False,False,0.4991673428446073,-24.664354070635543,-0.4,0.4624327264504764,101.1458396371927,73.53268282133673,0.7269966128621446,10,5,False,,stable
300584.SZ,roiic,海辰药业,20250421.0,化学制药,20241231,4.65222849090409,1.1884339462074138,0.24509287799125182,0.3964488103936522,,,up,2.2359173099565632,394335.4877215614,high_volatility,stable,True,severe,-99.99941234960926,False,none,False,falling,mid_down,False,True,-6.017682562325605,6.86628267638217,0.0,1.0,176365.4704782826,5.181741497737378,2.9380702944205004e-05,10,5,False,,stable
300588.SZ,roiic,熙菱信息,20250422.0,IT设备,20241231,1.3995852249360823,0.7252964131510522,0.08182827985645177,0.6408116961939543,,,up,5.707382045261264,68.55782890263734,high_volatility,decreasing_vol,False,none,163.38124779530773,False,none,False,rising,top,True,False,4.022538334679225,-27.420076486245172,-0.4,0.4624327264504764,4.244971830845956,22.220948150868765,5.234651497425951,10,5,False,,stable
300593.SZ,roiic,新雷能,20250422.0,电气设备,20241231,-1.948737637108978,-0.05180882217005021,0.005240197645389174,0.9079117564277994,,,down,5.853625646821059,130.3702996266491,high_volatility,increasing_vol,False,none,7166.663826231072,False,none,False,rising,top,False,False,2.1271346625912164,-14.855996209620862,-0.2,0.8064959405073401,25.69841327533492,199.53568189919503,7.7645136982331655,10,5,False,,stable
300595.SZ,roiic,欧普康视,20250329.0,医疗保健,20241231,-17.585434225941917,-2.3805424018675416,0.771281542025222,0.050068845855589156,,,down,28.185260108256426,35.679477656633566,high_volatility,increasing_vol,False,none,-266.14231501749595,False,none,False,rising,mid_up,False,True,-3.188202083014467,-12.79438104271585,-0.8,0.0864107329737,-6.54152164219575,-15.595249216876148,1.0,10,5,False,,stable
300598.SZ,roiic,诚迈科技,20250429.0,软件服务,20241231,25.970135221370448,2.5006718058299806,0.6580344391734462,0.09564480101086481,,,up,13.691877558140398,212.00068272433273,high_volatility,increasing_vol,True,severe,-227.08800864196596,False,none,False,falling,bottom,False,True,-6.361477251047004,-15.49655111253701,0.0,1.0,-29.038321649997506,-326.41899715573135,1.0,10,5,False,,stable
300601.SZ,roiic,康泰生物,20250421.0,生物制药,20241231,58.779668854767124,0.9723671796074729,0.7377719244679173,0.06223663430089884,1.434837885725437,1.434837885725437,up,0.9061101724764814,126.9595276877974,high_volatility,decreasing_vol,False,none,-23.77784058635764,False,none,False,rising,mid_up,False,False,-0.1357579143882428,54.0940332326457,0.6,0.22067136191984693,157.74879125610798,221.72173702234184,1.4055368364907002,10,5,False,,stable
300602.SZ,roiic,飞荣达,20250416.0,元器件,20241231,20.972950488104374,2.2944051832678456,0.7403882839754288,0.0612469756599878,,,up,72.62061241900314,41.358983220479836,high_volatility,decreasing_vol,False,none,292.19645376029666,False,none,False,rising,top,False,False,0.6827291201538963,19.996888747580233,0.6,0.22067136191984693,5.722363879083018,56.24240866319962,9.828527135225139,10,5,False,,stable
300604.SZ,roiic,长川科技,20250429.0,半导体,20241231,0.2075553514096086,0.00998558651157988,0.004545405868997582,0.9142237420662446,,,up,1.6708407567924453,40.15768101692653,high_volatility,increasing_vol,False,none,117.73359962154093,False,none,False,rising,top,False,False,0.3889733082281386,10.414114419310115,0.2,0.8064959405073401,25.749456037395383,77.53872491635045,3.01127623060241,10,5,False,,stable
300605.SZ,roiic,恒锋信息,20250428.0,软件服务,20241231,-4.864719586499448,-1.2435977571479389,0.5375553799645818,0.15865824132445544,,,down,2.2401707811275258,151.71257247030294,high_volatility,increasing_vol,False,none,3654.4164739307585,False,none,False,rising,top,True,False,4.733454176225923,0.7085324158134851,0.0,1.0,86.82362686518739,338.4311784888087,3.8979157023041306,10,5,False,,stable
300607.SZ,roiic,拓斯达,20250422.0,专用机械,20241231,-0.0729440432193769,0.03756690493936725,0.0001483962870913323,0.9844900322619896,,,up,2.4971981719439413,58.53135336895371,high_volatility,stable,False,none,236.42015198432694,False,none,False,rising,mid_up,False,False,0.6063722309949133,3.979608395606359,0.0,1.0,23.416926740747247,76.00366647970739,3.245672129445372,10,5,False,,stable
300608.SZ,roiic,思特奇,20250416.0,软件服务,20241231,31.724165474990407,2.554774327980902,0.8412739593272068,0.02823797496859505,,,up,2.358959864024321,55.29812249793595,high_volatility,increasing_vol,False,none,1722.587900870933,False,none,False,rising,top,True,False,4.029299657937804,29.022760680009753,1.0,0.02748633611151033,32.958989089305206,112.94333411027885,3.426783928483037,10,5,False,,stable
300609.SZ,roiic,汇纳科技,20250423.0,软件服务,20241231,-8.167710829358388,0.11967634333143558,0.0018473643704381443,0.9452917748104004,,,up,1.4215242315329177,80.09519695449411,high_volatility,stable,True,severe,-102.54910812400415,False,none,False,falling,mid_down,False,True,-3.9021927203088325,-9.940949243145111,0.0,1.0,53.89427460821585,-3.9211639730468852,-0.0727565961607567,10,5,False,,stable
300613.SZ,roiic,富瀚微,20250412.0,半导体,20241231,-16.39190467662528,-2.2828627804318202,0.7298802614762607,0.06526240000506064,,,down,3.2609237328453227,36.90938971864474,high_volatility,stable,False,none,-69.95645478754153,False,none,False,rising,mid_up,False,False,-0.26469435479901726,-15.05796286119764,-0.6,0.22067136191984693,-16.236262897326647,-21.878336566432807,1.0,10,5,False,,stable
300617.SZ,roiic,安靠智电,20250421.0,电气设备,20241231,-1.8724896329051348,-0.5099390395190855,0.057298603215061986,0.6981591289030497,,,down,10.877409823107188,131.2205614898292,high_volatility,decreasing_vol,False,none,91.05123817885689,False,none,False,rising,mid_up,True,False,1.205512887546833,-48.10859036011355,-0.4,0.4624327264504764,-4.580987888148204,-9.69257753782066,1.0,10,5,False,,stable
300618.SZ,roiic,寒锐钴业,20250418.0,小金属,20241231,-14.802779508270593,-0.9779305387164218,0.0908171338361803,0.6221876308168186,,,down,2.207983786350078,84.6422975669215,high_volatility,stable,False,none,112.77467105010419,False,none,False,rising,mid_up,True,False,4.653444843007498,-1.894153721167784,-0.2,0.8064959405073401,-42.77548924722936,18.747936706136297,1.0,10,5,False,,stable
300619.SZ,roiic,金银河,20250423.0,专用机械,20241231,0.8808647320212778,0.8248450361389972,0.31073795066614074,0.3289433833901912,,,up,2.7639862562756177,70.99400103570007,high_volatility,increasing_vol,True,severe,-2280.479875865562,False,none,False,falling,bottom,False,True,-4.177399157104268,-8.670547833541221,-0.4,0.4624327264504764,-34.86794259736289,-151.82873874160833,1.0,10,5,False,,stable
300623.SZ,roiic,捷捷微电,20250416.0,半导体,20241231,-3.701370691967081,-0.16612456296740669,0.0068507293297710905,0.8947355183766637,,,down,5.91227987659533,164.44659144315722,high_volatility,increasing_vol,False,none,919.9116405307866,False,none,False,rising,top,True,False,4.541849741999044,-21.542947112762143,-0.2,0.8064959405073401,-31.27133920827079,134.3225149630231,1.0,10,5,False,,stable
300624.SZ,roiic,万兴科技,20250428.0,软件服务,20241231,2.3810203487988515,0.7041359272423893,0.0974407337650501,0.6091043251705854,,,up,1.1312485746749912,54.364251577861246,high_volatility,stable,False,none,137.46257607618293,False,none,False,rising,top,False,False,0.4323862214772318,21.62694284794545,0.4,0.4624327264504764,54.48219179572965,131.15621495266666,2.4073226614012024,10,5,False,,stable
300626.SZ,roiic,华瑞股份,20250430.0,电气设备,20241231,-11.64863911298018,-0.13014643695213932,0.37729501726205933,0.2703467956606592,,,down,12.855705808637508,348.05539599801835,high_volatility,stable,False,none,141.56771745807828,False,none,False,rising,top,True,False,6.701829327855084,19.330871992717483,0.2,0.8064959405073401,-18.397367641464484,262.3702951973054,1.0,10,5,False,,stable
300629.SZ,roiic,新劲刚,20250422.0,元器件,20241231,-9.999258559699147,-1.6083537153763827,0.5866573774940531,0.13105947107910018,,,down,1.7797152318432703,79.29915854197164,high_volatility,decreasing_vol,True,severe,-181.53690556149766,False,none,False,falling,mid_down,False,True,-3.8725982579765974,-26.078432672284826,-1.0,0.02748633611151033,31.651848491675487,-21.692181756708074,-0.6853369642033125,10,5,False,,stable
300632.SZ,roiic,光莆股份,20250423.0,半导体,20241231,9.464257319387476,0.7573612887541332,0.09404037579670467,0.6157573873946802,,,up,1.7097505222344869,51.44975959839595,high_volatility,decreasing_vol,False,none,294.34923225615734,False,none,False,rising,top,True,False,3.5826132060040408,12.561427841595176,0.2,0.8064959405073401,-27.252691737262857,25.04713020242601,1.0,10,5,False,,stable
300633.SZ,roiic,开立医疗,20250412.0,医疗保健,20241231,-3.024366738707313,-0.1031912943095346,0.16590194346798168,0.4961154503987203,,,down,3.974501450127601,129.56944883505804,high_volatility,stable,True,severe,-790.2065981493128,False,none,False,falling,bottom,False,True,-4.690367121516888,-75.07438622194057,-1.0,0.02748633611151033,9.817357901535495,-142.99837472194926,-14.565871607836916,10,5,False,,stable
300634.SZ,roiic,彩讯股份,20250412.0,软件服务,20241231,5.62605504014655,0.8386243188577724,0.6697403889844177,0.090342233103726,,,up,23.599161710171977,40.04562732845492,high_volatility,increasing_vol,True,severe,-360.0584711858899,False,none,False,falling,bottom,False,True,-4.453335398452344,3.4953581689183904,0.2,0.8064959405073401,-5.075638544551724,-69.25907413508202,1.0,10,5,False,,stable
300636.SZ,roiic,同和药业,20250425.0,化学制药,20241231,-0.5242008127066727,-0.017954633329291612,0.00047139490582904245,0.9723580653010071,,,down,2.5552460714974496,71.45910686304813,high_volatility,increasing_vol,True,severe,-2017.4338122796833,False,none,False,falling,bottom,False,False,-4.265700623074234,-7.313335709566072,-0.4,0.4624327264504764,-37.697634553871495,-155.62478061918702,1.0,10,5,False,,stable
300639.SZ,roiic,凯普生物,20250429.0,医疗保健,20241231,12.423577479088914,0.24155063473012942,0.8337100926848955,0.03035909913917637,0.32503314091848945,0.32503314091848945,up,1.7277489738947873,426.15897340498583,high_volatility,increasing_vol,True,mild,33.07713125389399,False,none,False,falling,mid_down,False,False,0.1428662248595658,17.628998166932437,0.8,0.0864107329737,278.9470458869326,85.66763014507283,0.3071107273163131,10,5,False,,stable
300642.SZ,roiic,透景生命,20250419.0,医疗保健,20241231,-11.831461677119815,-0.19179802511594346,0.6182759831748071,0.1147067650735104,,,down,1.0349867763997556,48.92197362205328,high_volatility,decreasing_vol,False,none,-64.08122510769118,False,none,False,rising,mid_up,False,False,-0.24756148919991272,-18.050547075081738,-0.6,0.22067136191984693,-53.56385973696099,-78.62797716711572,1.0,10,5,False,,stable
300645.SZ,roiic,正元智慧,20250424.0,软件服务,20241231,1.5540837906916267,0.3884101731773985,0.5190968724713849,0.16976196340384223,,,up,4.683877498455588,16.996219513565947,high_volatility,decreasing_vol,True,severe,-2147.375404846726,False,none,False,falling,bottom,False,False,-1.4869832695404794,-7.5412717087235706,-0.2,0.8064959405073401,-5.358305646349881,-27.178045493069032,1.0,10,5,False,,stable
300648.SZ,roiic,星云股份,20250423.0,电气设备,20241231,-32.56483641562802,-2.6643706740005775,0.7999152938141197,0.04054629273877849,,,down,1.7766542586578424,61.63629189130255,high_volatility,increasing_vol,False,none,-42.854735100687144,False,none,False,rising,mid_up,False,False,-0.17829263880264223,-34.966635207256786,-0.8,0.0864107329737,-44.46178996079616,-59.768482485868354,1.0,10,5,False,,stable
300650.SZ,roiic,太龙股份,20250424.0,元器件,20241231,11.812083351165393,1.4544542607489674,0.3116444543151993,0.3280847940169842,,,up,3.106690639951819,113.7555349457945,high_volatility,increasing_vol,False,none,324.58572354919676,False,none,False,rising,top,False,False,4.339763940242449,1.379776499132792,0.0,1.0,-40.26585798872216,57.45095494643216,1.0,10,5,False,,stable
300653.SZ,roiic,正海生物,20250415.0,医疗保健,20241231,-3.971238286878554,-0.20002217628972235,0.1997470684416464,0.4505070255611095,0.7148444294155412,0.7148444294155412,down,1.1794340615510823,46.029864914401784,high_volatility,increasing_vol,False,none,798.7237507591888,False,none,False,rising,top,False,False,1.0971724364515354,11.73038840142556,0.0,1.0,44.04416700937983,116.71620888806326,2.649981071573153,10,5,False,,stable
300655.SZ,roiic,晶瑞电材,20250424.0,半导体,20241231,-4.9053444952797065,-1.300906672061273,0.3901933882961522,0.25994054454248183,,,down,2.247096466616141,387.2061695057613,high_volatility,increasing_vol,True,severe,-5163.746766481863,False,none,False,falling,bottom,True,False,-1.9812514637762058,-25.535136786130195,-0.6,0.22067136191984693,-225.64054669911522,-864.480248410724,1.0,10,5,False,,stable
300656.SZ,roiic,民德电子,20250419.0,IT设备,20241231,15.633034143913708,0.33853403897632955,0.2530245713128604,0.3876805295887531,,,up,3.422827424332621,63.32892207323891,high_volatility,increasing_vol,False,none,1563.373374642837,False,none,False,rising,top,False,False,1.4023454955737156,7.112569972262974,0.0,1.0,20.094206302453877,100.59428249081206,5.006133657467607,10,5,False,,stable
300657.SZ,roiic,弘信电子,20250331.0,元器件,20241231,6.125881359176806,0.8637302956970668,0.1855228127890181,0.4690492367089466,,,up,25.20562520366619,413.3136272612941,high_volatility,decreasing_vol,True,severe,-8887.09985836617,False,none,False,falling,bottom,False,False,-2.245883500145558,-202.79816919101842,-0.2,0.8064959405073401,-33.08748202706866,-550.0024913732819,1.0,10,5,False,,stable
300659.SZ,roiic,中孚信息,20250329.0,IT设备,20241231,-2.6348268983113683,-0.21287968971731974,0.005402325578007979,0.9065005689170171,,,down,8.90289119039496,151.7336507931737,high_volatility,stable,False,none,-97.25755995180087,False,none,False,rising,mid_up,False,False,-1.7958376261412652,-1.2753662330762756,0.0,1.0,16.25274021038517,7.306506529851305,0.44955536329699014,10,5,False,,stable
300660.SZ,roiic,江苏雷利,20250423.0,电气设备,20241231,-4.504726240260742,-0.8889369235981752,0.23328661619367297,0.40985478355272786,,,down,2.6523422944465147,10.149192484213163,high_volatility,decreasing_vol,True,severe,-207.8305277794609,False,none,False,falling,bottom,False,False,-2.871105888209208,-4.207417717143374,-0.6,0.22067136191984693,2.4750838978719014,-9.137914030760136,-3.6919613264895763,10,5,False,,stable
300661.SZ,roiic,圣邦股份,20250429.0,半导体,20241231,-2.4321689901882273,-0.05867806961111768,0.03533808921376102,0.7620682397889366,,,down,8.251674980079745,104.9484234448702,high_volatility,increasing_vol,False,none,134.02637998332347,False,none,False,rising,mid_up,False,False,0.4246052223282122,-8.715550777125223,-0.4,0.4624327264504764,-20.410258299138796,32.561230336837646,1.0,10,5,False,,stable
300663.SZ,roiic,科蓝软件,20250429.0,软件服务,20241231,13.306905649195798,1.0289887853908393,0.21152794099094355,0.4357646647994802,,,up,2.199348888759319,267.3113034396158,high_volatility,increasing_vol,False,none,3086.038237491682,False,none,False,rising,top,False,False,2.7830850212706992,2.892204135877466,0.0,1.0,-135.47038175305107,41.84819215421141,1.0,10,5,False,,stable
300666.SZ,roiic,江丰电子,20250416.0,半导体,20241231,-2.572016010132401,-0.25538451899265163,0.014245711289057992,0.848393576385954,,,down,10.237683910878367,13.113326987112533,high_volatility,stable,False,none,-48.261845563019484,False,none,False,rising,mid_up,False,False,-0.32639916310427775,-2.497948856831628,-0.4,0.4624327264504764,0.5092832475454874,5.400772353718134,10.60465346101092,10,5,False,,stable
300670.SZ,roiic,大烨智能,20250425.0,电气设备,20241231,2.63972095621225,0.034904337049961584,0.0001475742510960475,0.9845330482593055,,,up,2.9026224579765456,379.404349098311,high_volatility,decreasing_vol,False,none,195.50965847537955,False,none,False,rising,top,True,False,5.114612870784889,43.32449758871388,0.6,0.22067136191984693,-103.76714679088468,81.3253802382225,1.0,10,5,False,,stable
300671.SZ,roiic,富满微,20250419.0,半导体,20241231,-12.364069336898268,-1.6158296233296667,0.48006892300969595,0.19463499060727657,,,down,2.6728612502280105,147.36770324959068,high_volatility,stable,True,severe,87.45325930013136,False,none,False,falling,mid_down,False,False,1.0377751893881626,-9.74170285129945,-0.2,0.8064959405073401,-58.844033069016184,-39.34918009858444,1.0,10,5,False,,stable
300672.SZ,roiic,国科微,20250425.0,半导体,20241231,1.032612643109752,0.6137886430055233,0.46065380129239514,0.20775170282662236,,,up,5.294323039860611,35.367978686851394,high_volatility,decreasing_vol,False,none,118.179136146725,False,none,False,rising,mid_up,False,False,1.741004813558547,-4.015238570175878,-0.2,0.8064959405073401,4.218239619275811,1.120247001636123,0.26557215870739165,10,5,False,,stable
300674.SZ,roiic,宇信科技,20250331.0,软件服务,20241231,0.5057500043968812,-0.03756610817817476,0.006434510716651178,0.8979762138132217,,,down,2.2187044578708335,24.701718639923676,high_volatility,increasing_vol,False,none,321.50687964949475,False,none,False,rising,top,False,False,3.166863990634215,4.636309773375619,0.2,0.8064959405073401,-10.708400861932297,17.619254870176615,1.0,10,5,False,,stable
300676.SZ,roiic,华大基因,20250426.0,医疗保健,20241231,2.5735218366915786,0.7496913124277725,0.052478906717911805,0.7108944014284568,,,up,2.230934138685651,509.57566260444327,high_volatility,increasing_vol,True,mild,163.90419208350667,False,none,False,falling,mid_down,True,False,5.185283861119946,15.373804814343114,0.0,1.0,262.4300042176458,71.39369301300069,0.2720485152825379,10,5,False,,stable
300677.SZ,roiic,英科医疗,20250424.0,医疗保健,20241231,6.537348911956104,1.3366083403788926,0.5332811693849385,0.16119291264297825,,,up,2.943821371532052,340.82339318781874,high_volatility,stable,False,none,102.24336753910342,False,none,False,rising,mid_up,True,False,5.363926766119879,-11.312282725579884,0.0,1.0,-123.21406224080883,15.985704578413241,1.0,10,5,False,,stable
300678.SZ,roiic,中科信息,20250328.0,软件服务,20241231,-8.116705065106318,-0.2948750065236453,0.0206822417110114,0.8175244793488811,,,down,1.5184674774211098,209.47659333987664,high_volatility,increasing_vol,True,severe,-8652.581076254934,False,none,False,falling,bottom,False,True,-4.695514006586217,-86.98161850752257,-0.6,0.22067136191984693,-167.69105634937438,-504.3238967495332,1.0,10,5,False,,stable
300679.SZ,roiic,电连技术,20250423.0,元器件,20241231,-5.637808771856996,-0.7797448902454318,0.06591838109100072,0.6767289713907321,,,down,4.415743012931474,50.38359642257137,high_volatility,stable,False,none,259.13587087347366,False,none,False,rising,top,True,False,4.568875466315433,-15.475642357659538,-0.4,0.4624327264504764,9.718650267717917,60.819048125399654,6.257972707117577,10,5,False,,stable
300682.SZ,roiic,朗新集团,20250422.0,软件服务,20241231,-3.7713308438764406,-0.7329607540167125,0.1094576041768383,0.5865727213701405,,,down,9.009198854232555,105.45974080687681,high_volatility,increasing_vol,False,none,448.53780975648914,False,none,False,rising,top,False,False,5.335274723558812,38.35676039455927,0.4,0.4624327264504764,24.97490062872142,193.7119023198751,7.756263185972568,10,5,False,,stable
300683.SZ,roiic,海特生物,20250421.0,生物制药,20241231,-21.87767686158084,-1.0408510109354938,0.09784926464145031,0.6083137030264771,,,down,2.4473617060489947,304.4650899225391,high_volatility,decreasing_vol,False,none,-145.13955277234052,False,none,False,rising,mid_up,False,False,-5.440503775257606,-150.9016537134732,-0.6,0.22067136191984693,77.99127047094964,-77.44947978523614,-0.9930531881011566,10,5,False,,stable
300684.SZ,roiic,中石科技,20250424.0,元器件,20241231,14.950971661893906,0.38291449248036546,0.7638331530375416,0.05267826841709321,,,up,3.974935732545918,216.37184014233767,high_volatility,stable,False,none,99.06537952625439,False,none,False,rising,mid_up,False,False,0.3441833766840996,-34.30974739176634,0.0,1.0,40.712761045235894,87.65699666668702,2.153059493294779,10,5,False,,stable
300685.SZ,roiic,艾德生物,20250422.0,医疗保健,20241231,-11.457626409150896,-2.120486853552523,0.8470451288255922,0.0266593880094693,,,down,2.252763936240673,18.67286774401386,volatile,stable,True,severe,-256.40219396155914,False,none,False,falling,mid_down,False,True,-3.089321157534564,-11.247484193661604,-1.0,0.02748633611151033,4.851582226327892,-13.7016873155371,-2.8241688332483963,10,5,False,,stable
300686.SZ,roiic,智动力,20250421.0,元器件,20241231,-9.783620568359172,-1.223307935586431,0.37289609015817476,0.2739614362980723,,,down,2.101648660484552,159.59736733296958,high_volatility,stable,True,severe,-107.95905702044509,False,none,False,falling,bottom,False,True,-5.307592564738128,-13.324100249162647,-0.2,0.8064959405073401,73.00404215942591,-28.470271413393682,-0.38998212388322867,10,5,False,,stable
300687.SZ,roiic,赛意信息,20250425.0,软件服务,20241231,-5.873511334136748,-1.0018278386200983,0.301590590980657,0.3377101985373895,,,down,5.634226209695947,26.297830111941586,high_volatility,stable,True,severe,-664.1090462931821,False,none,False,falling,bottom,True,False,-1.0134310783764222,-16.498268498289654,-0.8,0.0864107329737,-9.304754694084032,-46.10980711669395,1.0,10,5,False,,stable
300690.SZ,roiic,双一科技,20250419.0,电气设备,20241231,18.460709882483123,-0.6993589653467767,0.04744195180750762,0.7248821798974625,,,down,1.9068364007952268,171.9106949696199,high_volatility,decreasing_vol,True,severe,94.89197144619781,False,none,False,falling,mid_down,False,False,1.4855813084135756,34.14876032443608,0.0,1.0,-84.61671322500383,-8.814273453709719,1.0,10,5,False,,stable
300691.SZ,roiic,联合光电,20250421.0,元器件,20241231,-13.094816499658254,-0.7279824910863485,0.13302655700439941,0.5461256510451757,,,down,1.2435945456187276,57.28219693551784,high_volatility,increasing_vol,False,none,79.67019586790732,False,none,False,rising,mid_up,False,False,0.7958755997857185,-14.815114067957674,-0.2,0.8064959405073401,-49.99023987922321,-13.40434618139819,1.0,10,5,False,,stable
300693.SZ,roiic,盛弘股份,20250403.0,电气设备,20241231,-6.85249646194611,-0.35488315295828016,0.246692422367386,0.39466552477209055,-0.47557945668677026,-0.47557945668677026,down,0.741883821011655,23.49842011339315,high_volatility,decreasing_vol,True,severe,-88.91476721894661,False,none,False,falling,bottom,False,False,-1.093387155512468,-6.238518977130868,-0.4,0.4624327264504764,29.618240233130418,4.352263018336345,0.14694536150962756,10,5,False,,stable
300701.SZ,roiic,森霸传感,20250424.0,元器件,20241231,-7.784201765696915,-0.6186347535665849,0.061156168257320266,0.6883702181640284,,,down,2.32107001606702,415.41045569624725,high_volatility,stable,True,severe,99.55020389291127,False,none,False,falling,mid_down,False,False,2.6948930219655067,-17.18894820872224,-0.2,0.8064959405073401,-181.30894629561595,-4.129906822594597,1.0,10,5,False,,stable
300702.SZ,roiic,天宇股份,20250418.0,化学制药,20241231,32.41774008506927,1.3422169433725812,0.16467454707828633,0.49787140418574166,,,up,9.431580315152024,87.42965324139199,high_volatility,stable,False,none,242.64498191685914,False,none,False,rising,top,True,False,5.152754027571211,59.87012457786783,0.6,0.22067136191984693,0.4554382605557059,103.25127937422202,226.7075217796575,10,5,False,,stable
300705.SZ,roiic,九典制药,20250424.0,化学制药,20241231,-0.16147695273848975,-0.011540112577397954,0.0020266912551048805,0.9426996665615904,-0.26420426928500085,-0.26420426928500085,down,0.9444742741509647,40.33402250355608,high_volatility,decreasing_vol,False,none,153.27162427133243,False,none,False,rising,mid_up,True,False,0.46403067978194135,-13.766810923203877,-0.4,0.4624327264504764,37.45893023266568,33.119232726135046,0.8841478526061525,10,5,False,,stable
300706.SZ,roiic,阿石创,20250428.0,元器件,20241231,-0.5545132123492882,0.05182688980127994,0.0010925988316425506,0.9579213905567316,,,up,2.2555269631504067,25.91014632587944,high_volatility,increasing_vol,True,severe,-225.36120156674463,False,none,False,falling,bottom,False,False,-0.5894768161757078,-11.042292857146913,-0.4,0.4624327264504764,-14.997391279091978,-54.28180406444449,1.0,10,5,False,,stable
300708.SZ,roiic,聚灿光电,20250125.0,半导体,20241231,-5.040236546295377,-1.2375852732168002,0.48021434802755497,0.1945386571637631,,,down,12.053726393410962,91.63626733276051,high_volatility,decreasing_vol,True,severe,82.31860876216487,False,none,False,falling,mid_down,False,False,0.8659889262200928,-16.779446710022633,-0.2,0.8064959405073401,1.847622406089811,-18.86748089606892,-10.211762335140133,10,5,False,,stable
300709.SZ,roiic,精研科技,20250425.0,元器件,20241231,-176.2080011557639,-2.153823115473301,0.343279006674375,0.29921272301018764,,,down,2.343777201567843,370.6111044334289,high_volatility,increasing_vol,True,severe,-405.93129761060646,False,none,False,falling,bottom,False,True,-6.716031086099423,-170.32696196043491,-0.4,0.4624327264504764,-210.98796969927378,-721.9649613868451,1.0,10,5,False,,stable
300713.SZ,roiic,英可瑞,20250429.0,电气设备,20241231,92.86457207070654,3.347987028706781,0.8113202441354123,0.03697987719923594,,,up,3.258039277938747,152.42872397904387,high_volatility,decreasing_vol,False,none,101.19264699569771,False,none,False,rising,mid_up,False,True,0.349538833769512,94.79264377290826,0.8,0.0864107329737,74.64478793316032,225.09166660478917,3.0155041341445634,10,5,False,,stable
300723.SZ,roiic,一品红,20250425.0,化学制药,20241231,-96.91559732449676,-3.0908139313727885,0.8193084733441502,0.03455950957981636,,,down,1.2899945130594357,159.51634878559815,volatile,stable,True,severe,-130.3560719410855,False,none,False,falling,bottom,True,False,-0.41722376100070546,-98.8773480284062,-1.0,0.02748633611151033,-152.73128949352673,-354.99785722511035,1.0,10,5,False,,stable
300724.SZ,roiic,捷佳伟创,20250424.0,专用机械,20241231,8.632953646659903,0.2703522987609976,0.36756631250901933,0.2783867785788721,0.2027186940756085,0.2027186940756085,up,0.6595203946132384,19.247815283585275,volatile,increasing_vol,False,none,342.3657134931872,False,none,False,rising,top,True,False,0.7427923910898859,10.248186340006882,0.6,0.22067136191984693,31.774450272445772,57.89112384370431,1.8219394308107493,10,5,False,,stable
300725.SZ,roiic,药石科技,20250425.0,化学制药,20241231,-9.92541299643968,-1.733247956434885,0.5154370309946601,0.17201277659777128,,,down,6.799789091361383,29.395306271194713,high_volatility,stable,False,none,83.92718406270826,False,none,False,rising,mid_up,True,False,0.8947003973402182,-11.722431650189105,-0.4,0.4624327264504764,-7.300597137695915,-2.434834000481856,1.0,10,5,False,,stable
300726.SZ,roiic,宏达电子,20250426.0,元器件,20241231,-52.09597518131473,-3.0254093352595763,0.8446058450494945,0.027322379191946893,,,down,2.460743927043011,87.79949899045457,high_volatility,increasing_vol,False,none,-461.15560311660505,False,none,False,rising,mid_up,True,False,-0.8621192080051028,-47.473145440516724,-0.8,0.0864107329737,-51.30885581719808,-113.64497239970055,1.0,10,5,False,,stable
300730.SZ,roiic,科创信息,20250425.0,软件服务,20241231,2.2221016735541963,-0.39132398709994176,0.046999284162328896,0.7261480509725637,,,down,7.466379784229756,134.32905442435802,high_volatility,increasing_vol,True,severe,-941.8904493658607,False,none,False,falling,bottom,False,False,-1.1708414344126408,-4.903628718119927,0.0,1.0,19.886462559142547,-117.58369547616401,-5.912750702970368,10,5,False,,stable
300735.SZ,roiic,光弘科技,20250429.0,元器件,20241231,-1.3164542546448204,-0.16901488754364663,0.006478134696300906,0.8976316997977567,,,down,2.727191378997355,21.172017107507823,high_volatility,stable,True,severe,-145.0155402729744,False,none,False,falling,bottom,False,True,-3.934615847908893,-0.34151048435100884,0.0,1.0,7.368368224551282,-17.147918309293093,-2.327234169996623,10,5,False,,stable
300738.SZ,roiic,奥飞数据,20250421.0,软件服务,20241231,-0.7046625640545564,-0.01529742421565503,0.00016758176770986002,0.983517944515989,,,down,1.4418709516345534,4.713540819087496,high_volatility,decreasing_vol,False,none,273.43286654396354,False,none,False,rising,mid_up,True,False,2.033251096647442,0.06417319817912859,0.0,1.0,3.057646087914619,4.931088805079349,1.6127075087497975,10,5,False,,stable
300739.SZ,roiic,明阳电路,20250426.0,元器件,20241231,53.55553267456362,1.0136931805336589,0.09881624764804982,0.6064495807001016,,,up,1.6602283152442683,151.87765172213054,high_volatility,increasing_vol,False,none,-1.5544558407029376,False,none,False,rising,mid_up,False,False,-0.00783326151648378,39.421943690187014,0.2,0.8064959405073401,107.54663898811432,254.74978511699956,2.368737763577657,10,5,False,,stable
300743.SZ,roiic,天地数码,20250422.0,IT设备,20241231,9.831807547032014,1.4835304247552403,0.650534993925467,0.09911526120500112,,,up,1.0689837086608565,17.147565181773853,volatile,increasing_vol,True,mild,115.97640630560575,False,none,False,falling,mid_down,False,True,0.3844268207019501,9.705209511066997,0.8,0.0864107329737,18.990539935865566,28.24470924481045,1.4873041704026249,10,5,False,,stable
300747.SZ,roiic,锐科激光,20250418.0,专用机械,20241231,16.51111398097088,1.6067862801404371,0.5514875749092344,0.15054605636817342,,,up,14.744063805746139,106.67040595568433,high_volatility,stable,True,mild,129.7155955039675,False,none,False,falling,mid_down,False,False,5.334651643406317,16.328539834222706,0.4,0.4624327264504764,-2.2814694094554966,56.52668368516151,1.0,10,5,False,,stable
300750.SZ,roiic,宁德时代,20250315.0,电气设备,20241231,-0.8684163353604764,0.023993553092947817,0.003307594979153065,0.926814223688954,0.19573574347515366,0.19573574347515366,up,0.6622757787277073,8.721101979310465,high_volatility,decreasing_vol,False,none,-40.7391614219563,False,none,False,rising,mid_up,False,True,-0.26074861914111214,-1.0720432820981807,0.0,1.0,12.907859418178969,9.672935555487312,0.7493833982933138,10,5,False,,stable
300751.SZ,roiic,迈为股份,20250429.0,专用机械,20241231,-1.0147158418887692,-0.14902815479898174,0.31671165012669295,0.32331861950444574,,,down,1.9229604574422958,22.268852001885556,high_volatility,decreasing_vol,True,severe,132.47803034874204,False,none,False,falling,mid_down,True,False,2.627068991385573,-7.20488509980358,-0.6,0.22067136191984693,8.728850422648883,3.9069705159624752,0.44759279020579834,10,5,False,,stable
300752.SZ,roiic,隆利科技,20250424.0,元器件,20241231,-1.329536412935505,0.5269153391244223,0.019603515345809567,0.8223146555469606,,,up,2.216755866838601,249.21645739983995,high_volatility,decreasing_vol,True,severe,-734.1943146136051,False,none,False,falling,mid_down,False,True,-5.498598015359847,36.267741198467924,0.2,0.8064959405073401,-112.82281393015235,-307.65807286481015,1.0,10,5,False,,stable
300753.SZ,roiic,爱朋医疗,20250419.0,医疗保健,20241231,63.46693996810152,2.430581642259799,0.5303237147471894,0.16295951245735377,,,up,1.7286216632470501,242.73197923285372,high_volatility,increasing_vol,True,severe,-93.04341981190589,False,none,False,falling,mid_down,False,True,-1.3321779077472788,66.77074246461395,0.4,0.4624327264504764,159.45946026948374,14.849291883382703,0.09312267743969317,10,5,False,,stable
300756.SZ,roiic,金马游乐,20250424.0,专用机械,20241231,-47.23887973007149,-0.7741964872025411,0.05649296899192969,0.7002472738831905,,,down,1.7691832503036773,669.4718111812814,high_volatility,decreasing_vol,True,severe,44.64552843832024,False,none,False,falling,mid_down,False,False,0.2956309065214815,-296.7423217030309,-0.6,0.22067136191984693,272.86826895414674,-33.88756996962557,-0.12419021859709196,10,5,False,,stable
300757.SZ,roiic,罗博特科,20250424.0,专用机械,20241231,26.83871636696089,0.8191863254274807,0.07687833688461464,0.6515466462985651,,,up,1.6649954663928683,119.30347198382854,high_volatility,stable,True,severe,98.89379693476211,False,none,False,falling,mid_down,False,False,2.2369675865798366,18.315944664303704,0.2,0.8064959405073401,-63.602317122708044,-2.80756972824272,1.0,10,5,False,,stable
300759.SZ,roiic,康龙化成,20250327.0,化学制药,20241231,-0.7341933560456195,-0.06848085089602547,0.15871079973225644,0.5065166317509484,,,down,4.329418666861046,23.661481553646592,high_volatility,decreasing_vol,False,none,124.87334062324193,False,none,False,rising,mid_up,True,False,3.5121791367217448,-4.586724780098453,-0.4,0.4624327264504764,3.924425271843156,8.343209239088909,2.1259697054112627,10,5,False,,stable
300760.SZ,roiic,迈瑞医疗,20250429.0,医疗保健,20241231,-5.578690677252888,-0.1896036985938708,0.6632020477940075,0.09328682402849407,-0.21941160148489236,-0.21941160148489236,down,0.49307647040150004,20.002693278434773,volatile,increasing_vol,True,severe,-53.01530053562733,False,none,False,falling,bottom,False,False,-0.377348488545002,-4.775550536506806,-0.2,0.8064959405073401,40.00042074308431,17.282871779788056,0.43206724976201905,10,5,False,,stable
300763.SZ,roiic,锦浪科技,20250429.0,电气设备,20241231,-8.863260934508356,-1.9691581689819302,0.7859895581478544,0.04507635511452268,,,down,2.0294478704241414,15.39741964561688,high_volatility,increasing_vol,True,severe,-159.1775682840136,False,none,False,falling,bottom,False,False,-3.3563681656370536,-9.118434332351129,-0.8,0.0864107329737,4.928021055776746,-11.017891143012987,-2.235763812351724,10,5,False,,stable
300768.SZ,roiic,迪普科技,20250415.0,软件服务,20241231,18.014205319850724,1.5592043600408263,0.7428094711129849,0.06033712278581642,,,up,1.730545508050103,140.72889865694899,high_volatility,stable,False,none,-74.69371290387778,False,none,False,rising,mid_up,False,False,-0.6870413319453337,17.95636953228008,0.4,0.4624327264504764,86.72480358824046,82.1675032757208,0.9474510160419941,10,5,False,,stable
300771.SZ,roiic,智莱科技,20250401.0,IT设备,20241231,23.41626906052064,1.8411811042581285,0.5555775920048616,0.14820759871672465,,,up,3.6837780282240895,190.91287166337904,high_volatility,increasing_vol,True,mild,173.64082563339997,False,none,False,falling,mid_down,False,False,4.365602060218812,35.21556673208769,0.6,0.22067136191984693,71.42215990717827,33.76080367410669,0.47269368103657095,10,5,False,,stable
300772.SZ,roiic,运达股份,20250329.0,电气设备,20241231,1.4171615643740194,0.6919884080441563,0.48719604742753686,0.18994663966126574,,,up,9.518576866567987,46.428270404822136,high_volatility,increasing_vol,False,none,-15.458246195710878,False,none,False,rising,mid_up,False,False,-0.08297156545038042,-6.802279478716983,-0.2,0.8064959405073401,-8.246999546004973,5.94555938480112,1.0,10,5,False,,stable
300773.SZ,roiic,拉卡拉,20250425.0,软件服务,20241231,15.536143042470437,1.7401976719156536,0.5346209352496688,0.16039606702781894,,,up,3.9939534346468513,592.3405416077527,high_volatility,increasing_vol,False,none,-91.75257372165629,False,none,False,rising,mid_up,False,False,-1.247539893540258,16.455268153251087,0.2,0.8064959405073401,-177.23449644484867,36.220079023850936,1.0,10,5,False,,stable
300776.SZ,roiic,帝尔激光,20250426.0,专用机械,20241231,9.137566473584359,1.5506124373609333,0.4799788136032519,0.19469469558501945,,,up,18.395008188130255,17.401462991747536,high_volatility,decreasing_vol,False,none,288.0365671717718,False,none,False,rising,mid_up,False,False,3.1644379781145426,10.181646873567933,0.8,0.0864107329737,1.7952816166677557,16.19774558393704,9.02239817617131,10,5,False,,stable
300782.SZ,roiic,卓胜微,20250331.0,半导体,20241231,-19.563269500184013,-2.0665447531571717,0.8348752905968935,0.03002850791230485,,,down,4.091834521599179,97.78421818460893,high_volatility,stable,True,severe,87.50993897834655,False,none,False,falling,mid_down,False,False,1.0398996885557081,-19.356538025465085,-0.6,0.22067136191984693,-29.766383755388894,-23.706666979676964,1.0,10,5,False,,stable
300787.SZ,roiic,海能实业,20250424.0,元器件,20241231,-16.222068412156535,-1.0955638107306214,0.12606373701867796,0.5576169906673256,,,down,403.6419858683117,69.27174625807163,high_volatility,stable,True,severe,-156.82323488730887,False,none,False,falling,bottom,False,True,-5.113702542476897,-11.976356967786721,-0.4,0.4624327264504764,-5.038237324384513,-62.671125562667896,1.0,10,5,False,,stable
300790.SZ,roiic,宇瞳光学,20250429.0,元器件,20241231,4.178629535160766,-0.09545954647016072,0.0016242391638543376,0.9486999844540556,,,down,2.5157722518353918,25.967340792611413,high_volatility,stable,False,none,611.9076260754988,False,none,False,rising,top,True,False,3.686307229182968,0.002298750784615944,0.0,1.0,11.57540585875498,45.05932329438196,3.8926776170272808,10,5,False,,stable
300791.SZ,roiic,仙乐健康,20250418.0,医疗保健,20241231,-3.2932907197272856,0.05479572824570238,0.0006895083563880036,0.9665704932021774,,,up,1.8333702300135584,23.241822186548397,high_volatility,decreasing_vol,False,none,198.9386369750624,False,none,False,rising,mid_up,True,False,3.644570754544661,-2.6207966212668636,0.0,1.0,11.689115207838594,19.018367248611828,1.6270151256494005,10,5,False,,stable
300793.SZ,roiic,佳禾智能,20250428.0,IT设备,20241231,13.08792686459221,0.993066892035591,0.2350672792729076,0.40780477844007806,,,up,3.1658680766484415,83.47648531062862,high_volatility,stable,True,severe,-103.26392814917773,False,none,False,falling,mid_down,False,True,-4.095228824713623,13.892295061583585,0.2,0.8064959405073401,30.29402298000915,-5.401776352801814,-0.178311621284714,10,5,False,,stable
300802.SZ,roiic,矩子科技,20250423.0,专用机械,20241231,0.7316858862220961,-0.5615136576003812,0.07990259102218925,0.6449448583844998,,,down,6.66053773388201,75.05256138913127,high_volatility,decreasing_vol,False,none,80.07213782692442,False,none,False,rising,mid_up,False,False,0.29395543087412834,26.889250306033748,0.6,0.22067136191984693,-1.124320528521043,45.01286573538733,1.0,10,5,False,,stable
300803.SZ,roiic,指南针,20250125.0,软件服务,20241231,-7.879958137700018,-1.108855582805364,0.2907341201419099,0.3483654177755584,,,down,2.251176900922385,2291.2668878013055,high_volatility,decreasing_vol,False,none,-86.26550594267526,True,growth_to_decline,False,rising,mid_up,False,False,-0.9412709157833484,12.070285792947478,0.0,1.0,-712.8397423841675,1.4256158843678115,1.0,10,5,False,,stable
300807.SZ,roiic,天迈科技,20250416.0,软件服务,20241231,-133.862011120228,-0.5889352400792675,0.21200320210699927,0.43518093413515596,-0.3536771416746487,-0.3536771416746487,down,1.2403428134997563,811.8200185636317,high_volatility,stable,True,severe,-99.18766466902792,False,none,False,falling,bottom,False,True,-2.4058757943970983,-61.41028555930444,-0.2,0.8064959405073401,614.354011827958,14.068485975117811,0.022899640442256137,10,5,False,,stable
300812.SZ,roiic,易天股份,20250426.0,专用机械,20241231,30.39856296149984,-0.6963186615959243,0.06858975362570668,0.6703952436345977,,,down,62.390325133469915,360.2702183099868,high_volatility,stable,False,none,514.8472720423364,False,none,False,rising,top,False,False,6.391078220599166,147.1763512983987,0.6,0.22067136191984693,58.971880896968,607.4652642569106,10.30093079985419,10,5,False,,stable
300813.SZ,roiic,泰林生物,20250428.0,医疗保健,20241231,-0.05903383996332732,-0.006325410850781843,0.06570397028817232,0.6772432452453514,,,down,2.701408193334201,238.71727559163477,high_volatility,increasing_vol,False,none,421.35391270129344,False,none,False,rising,top,False,False,0.8240675355540068,0.45482920948989314,0.2,0.8064959405073401,-101.8676597597799,45.65858038039801,1.0,10,5,False,,stable
300814.SZ,roiic,中富电路,20250425.0,元器件,20241231,-1.8431276748919003,-0.556589040625534,0.14313630811711092,0.530042690304735,,,down,2.3524225971366257,21.277064727657127,high_volatility,stable,False,none,108.38039458526396,False,none,False,rising,mid_up,True,False,3.2678212676201093,-2.115052361027998,-0.2,0.8064959405073401,-9.597684239509505,3.767425120523665,1.0,8,5,False,,stable
300818.SZ,roiic,耐普矿机,20250403.0,专用机械,20241231,-5.228165525073285,0.28464323602974045,0.01137941251056242,0.8644360628551442,,,up,3.4407483314031024,35.97782181815175,high_volatility,stable,False,none,141.20107446487884,False,none,False,rising,mid_up,False,False,3.6689141462364296,-9.123733896874867,-0.2,0.8064959405073401,-12.024844125489473,12.572235922609595,1.0,10,5,False,,stable
300820.SZ,roiic,英杰电气,20250425.0,电气设备,20241231,2.9935108990873043,0.3913067751404871,0.44414989945852285,0.2193117460426596,,,up,3.4269529337197935,40.01536284845962,high_volatility,increasing_vol,True,severe,-175.99361243478455,False,none,False,falling,bottom,False,True,-4.6973692842829875,-7.048791554367207,-0.2,0.8064959405073401,8.57318720810503,-47.79281617519681,-5.57468477184469,10,5,False,,stable
300822.SZ,roiic,贝仕达克,20250425.0,元器件,20241231,12.569315589352858,0.3389281716432274,0.012676314513970397,0.8569504972682571,,,up,1.6062317077666377,123.35881481074166,high_volatility,stable,False,none,107.62746914135397,False,none,False,rising,top,True,False,5.015792924523019,21.35350500625948,0.2,0.8064959405073401,-73.02934207448776,20.8144768229262,1.0,9,5,False,,stable
300823.SZ,roiic,建科智能,20250423.0,专用机械,20241231,63.51763218786154,1.5501941390355065,0.3308926346068331,0.3102714622234723,,,up,1.282402121668593,231.67355498047317,high_volatility,increasing_vol,True,mild,-81.77635039516534,False,none,False,falling,mid_down,False,False,-0.8511951186267237,89.6767090306961,0.4,0.4624327264504764,199.71122515889175,63.58812292889742,0.3184003446892193,10,5,False,,stable
300827.SZ,roiic,上能电气,20250424.0,电气设备,20241231,3.6045192958366696,0.3914747603930716,0.6194837409853126,0.11410338937756782,,,up,5.8106666198764305,44.80360084592843,high_volatility,decreasing_vol,True,severe,107.76148329228515,False,none,False,falling,mid_down,False,False,0.3634831519313484,5.383615724426097,0.6,0.22067136191984693,-3.7254317273224964,13.88903877250606,1.0,10,5,False,,stable
300830.SZ,roiic,金现代,20250426.0,软件服务,20241231,-3.5862144940900462,-0.36819905680727766,0.5333151157707973,0.16117269603007278,,,down,2.357728075241443,34.906203316580985,high_volatility,increasing_vol,False,none,154.09363528263586,False,none,False,rising,top,True,False,4.518330092054059,2.169281694948886,0.0,1.0,-12.884405630865718,33.71065440895193,1.0,10,5,False,,stable
300831.SZ,roiic,派瑞股份,20250415.0,半导体,20241231,16.96173546210892,1.6386257660511727,0.5807387101052572,0.13424158665865904,,,up,3.608645250653786,151.4865293669818,high_volatility,increasing_vol,False,none,2719.907922947991,False,none,False,rising,top,False,False,1.6533919652896416,11.92610346694756,0.2,0.8064959405073401,-46.59471611702537,76.26565641407848,1.0,10,5,False,,stable
300832.SZ,roiic,新产业,20250426.0,医疗保健,20241231,0.7504203907067997,0.0248836553575019,0.006538295691525157,0.8971584967995228,,,up,1.0986733396388872,21.3721238773399,high_volatility,decreasing_vol,True,severe,-67.92451742587124,False,none,False,falling,mid_down,False,False,-0.568029835841253,2.7186172602210354,0.0,1.0,20.70910650195399,14.824954776603445,0.7158664607381612,10,5,False,,stable
300833.SZ,roiic,浩洋股份,20250425.0,专用机械,20241231,-1.1278170918451678,-0.4309886982714703,0.05764157027551068,0.6972749102315998,,,down,20.267655113599094,58.43534012034753,high_volatility,increasing_vol,True,severe,-187.00788189425705,False,none,False,falling,bottom,False,True,-5.081369239955462,-14.316658475720201,-0.2,0.8064959405073401,-1.6517948146061094,-75.08324005552821,1.0,10,5,False,,stable
300836.SZ,roiic,佰奥智能,20250425.0,专用机械,20241231,-2.13567718687045,0.6383561809821237,0.032654608023262775,0.7711765640857441,,,up,2.0729412052358764,154.46812944885409,high_volatility,decreasing_vol,True,severe,-609.5583309771583,False,none,False,falling,mid_down,False,True,-5.192127675930909,25.63201633910053,0.2,0.8064959405073401,-75.15710963140901,-202.97559993089345,1.0,10,5,False,,stable
300837.SZ,roiic,浙矿股份,20250422.0,专用机械,20241231,-2.611689006066208,-0.5350349694282543,0.08683924994058076,0.6302988447631628,,,down,3.6108046361243105,30.717480988309642,high_volatility,increasing_vol,True,severe,-388.4192543623836,False,none,False,falling,bottom,False,False,-4.225924037376948,-13.415839904532078,-0.6,0.22067136191984693,-13.109826793873841,-58.093541089138434,1.0,10,5,False,,stable
300841.SZ,roiic,康华生物,20250419.0,生物制药,20241231,-11.447808522780099,-1.2189428851284956,0.1965026950992957,0.45466229290385557,,,down,2.4426776230778917,103.0723914471248,high_volatility,increasing_vol,False,none,488.525412648049,False,none,False,rising,top,True,False,5.373189034850165,25.95302237941819,0.2,0.8064959405073401,51.2801243320924,212.42552812921406,4.142453453379652,10,5,False,,stable
300842.SZ,roiic,帝科股份,20250228.0,电气设备,20241231,3.1165427805375225,0.2717890063767872,0.018137344298277715,0.829046282880518,,,up,2.2741025341218464,275.448902333401,high_volatility,increasing_vol,True,severe,-1645.4706020783856,False,none,False,falling,bottom,False,False,-1.429703267369537,-27.688814914094344,-0.4,0.4624327264504764,-157.05371294964496,-611.7968056561758,1.0,10,5,False,,stable
300843.SZ,roiic,胜蓝股份,20250428.0,元器件,20241231,-0.9757894916749471,-0.4306070598658711,0.0484016682911653,0.7221588616244328,,,down,2.836116950755914,39.826846159474286,high_volatility,increasing_vol,False,none,619.8521265566417,False,none,False,rising,top,True,False,4.282363256530729,13.325240444032755,0.2,0.8064959405073401,18.897717267632046,82.50751077538237,4.366004084350494,10,5,False,,stable
300845.SZ,roiic,捷安高科,20250424.0,软件服务,20241231,-2.023776247854633,-0.053403926031768204,0.4204069336630255,0.23663601210291704,,,down,1.58756696604948,164.16978730971027,high_volatility,decreasing_vol,True,severe,-28.42127037779046,False,none,False,falling,mid_down,False,True,-0.16713033047041392,-4.78208895573672,-0.2,0.8064959405073401,94.86384597289592,33.04774558776025,0.3483702905868112,10,5,False,,stable
300846.SZ,roiic,首都在线,20250401.0,软件服务,20241231,-2.094849784962601,-0.21166197968906317,0.5154577220705351,0.172000005109639,,,down,3.172923249142734,23.845546718990015,high_volatility,increasing_vol,True,severe,58.29627866650756,False,none,False,falling,mid_down,False,False,0.4368865547998775,-1.0769721757818087,0.0,1.0,-7.139214238703785,-15.986321192811094,1.0,10,5,False,,stable
300852.SZ,roiic,四会富仕,20250329.0,元器件,20241231,-1.0820726452261122,-0.16751111035865823,0.08366300888439467,0.6369227545054343,,,down,9.553283258641839,43.34666632519499,high_volatility,increasing_vol,True,severe,-430.62023404372115,False,none,False,falling,bottom,False,True,-4.486329764314426,-15.04109076307116,-0.4,0.4624327264504764,-10.64417556030696,-80.70930470170255,1.0,9,5,False,,stable
300853.SZ,roiic,申昊科技,20250429.0,专用机械,20241231,11.427353650588563,0.9686733099300959,0.11441067951988457,0.5776904297301224,,,up,7.1299745654721045,44.117227172921226,high_volatility,stable,False,none,175.08574141712614,False,none,False,rising,top,True,False,4.694602734316278,16.050985760798653,0.2,0.8064959405073401,-2.759365370585039,47.37519214749669,1.0,10,5,False,,stable
300855.SZ,roiic,图南股份,20250419.0,小金属,20241231,3.3587751394821446,0.25643721507267325,0.42905125906047004,0.23023131206230094,,,up,5.067254759658829,33.465695095672245,high_volatility,increasing_vol,True,severe,-293.9891286333304,False,none,False,falling,bottom,False,True,-4.299163930549133,-2.2503059575163054,-0.4,0.4624327264504764,3.0282545639248326,-51.27002705609516,-16.930553879739083,10,5,False,,stable
300857.SZ,roiic,协创数据,20250401.0,IT设备,20241231,5.99156730672982,0.8565301672294616,0.31122519999336923,0.3284816625255975,,,up,1.2008678054728628,11.488723476821278,high_volatility,stable,False,none,346.16654068023655,False,none,False,rising,top,False,False,0.744423846125309,8.683878829346362,0.8,0.0864107329737,11.364487830815078,26.464412990800394,2.3286938562283037,9,5,False,,stable
300865.SZ,roiic,大宏立,20250417.0,专用机械,20241231,-11.567507700085905,-1.0495481923251835,0.6263542612629487,0.1107003008156757,,,down,4.573658171264074,241.54511966646646,high_volatility,stable,True,severe,-131.784662051729,False,none,False,falling,mid_down,False,False,-0.4201529990992423,34.50610480561834,0.0,1.0,-36.079195621729745,-57.309612260582846,1.0,9,5,False,,stable
300866.SZ,roiic,安克创新,20250429.0,元器件,20241231,5.920323580289756,0.24819340557344866,0.5782393572028044,0.1355970072575464,,,up,1.6645343594858677,25.477778722742325,high_volatility,decreasing_vol,True,mild,147.08556842498444,False,none,False,falling,mid_down,False,False,0.451745441387966,9.678273733892848,0.6,0.22067136191984693,18.551228631894645,34.43953687038642,1.8564558474135464,10,5,False,,stable
300868.SZ,roiic,杰美特,20250424.0,元器件,20241231,0.6739467406820452,-0.8231879355162605,0.08954291516224347,0.624764245798294,,,down,2.323310075879523,300.2153881292012,high_volatility,increasing_vol,False,none,563.4284611706859,False,none,False,rising,top,False,False,0.9461128482894698,105.91289831785156,0.4,0.4624327264504764,169.61651423739175,653.941901017101,3.8554141025552355,10,5,False,,stable
300869.SZ,roiic,康泰医学,20250429.0,医疗保健,20241231,3.772060798392708,0.6989595022742897,0.05555802605137947,0.7026904592883335,,,up,8.602185174510856,53.50210535993944,high_volatility,decreasing_vol,False,none,315.31234403387936,False,none,False,rising,mid_up,True,False,4.157808399049267,31.986343381708043,0.2,0.8064959405073401,7.351212944183272,46.88982927550186,6.378515985257093,10,5,False,,stable
300870.SZ,roiic,欧陆通,20250422.0,电气设备,20241231,2.5617154650021043,0.4049261495118632,0.03346778411208725,0.7683768522602576,,,up,3.406995784729581,41.77769095965295,high_volatility,increasing_vol,True,severe,209.12405989239846,False,none,False,falling,mid_down,True,False,3.0958907120312906,13.038783396347124,0.2,0.8064959405073401,15.361962857076112,11.523000602874687,0.7500994964043217,9,5,False,,stable
300872.SZ,roiic,天阳科技,20250425.0,软件服务,20241231,0.5615059233793204,-0.44632167652296556,0.033053640032058386,0.769798272991243,,,down,1.4293558171535041,27.405644906708325,high_volatility,stable,True,severe,35.3444964014082,False,none,False,falling,mid_down,False,False,0.21792649272503573,4.660145813746141,0.2,0.8064959405073401,-19.004972067362054,-24.40941108465551,1.0,10,5,False,,stable
300875.SZ,roiic,捷强装备,20250429.0,专用机械,20241231,12.862301084458608,0.5918533230923745,0.516436290323923,0.1713965913388699,,,up,2.8346601506234905,304.4768260440427,high_volatility,decreasing_vol,True,severe,-90.14361880639646,False,none,False,falling,mid_down,False,False,-1.1584914646555657,19.068882669055093,0.2,0.8064959405073401,119.47408220756046,60.25832389833058,0.5043631454196462,10,5,False,,stable
300884.SZ,roiic,狄耐克,20250429.0,IT设备,20241231,38.39405189916272,1.475802549923308,0.19694807244160958,0.4540893515856353,,,up,8.149293128208198,98.70523015027446,high_volatility,stable,False,none,265.01535730049943,False,none,False,rising,top,True,False,5.177264626037861,79.8030535856202,0.6,0.22067136191984693,-0.5939061317780769,113.80832765633102,1.0,9,5,False,,stable
300888.SZ,roiic,稳健医疗,20250429.0,医疗保健,20241231,-7.836554063352589,-0.1579846741018443,0.26330682447931103,0.37658371677584257,,,down,4.431773058997614,347.29989783974315,high_volatility,decreasing_vol,True,mild,78.17025584216356,False,none,False,falling,mid_down,False,False,0.2885285915555815,20.853616877390444,0.2,0.8064959405073401,-54.75910090392978,32.553558034054426,1.0,10,5,False,,stable
300889.SZ,roiic,爱克股份,20250423.0,电气设备,20241231,0.39350151351225154,0.27700974264785316,0.059904071064611555,0.6915105813529107,,,up,9.400835788458735,60.502041253054614,high_volatility,stable,False,none,841.9338086245795,False,none,False,rising,top,True,False,4.346008363610517,28.969468024980088,0.6,0.22067136191984693,14.69632570909106,105.03275123516853,7.146871491164346,9,5,False,,stable
300890.SZ,roiic,翔丰华,20250421.0,电气设备,20241231,-6.148196276955464,-1.0644998294284491,0.24187767622459963,0.4000567851205432,,,down,15.67204233421121,15.248476871829165,high_volatility,stable,True,severe,-295.35757724840647,False,none,False,falling,bottom,False,True,-3.158872513670213,-7.5930431750612035,-0.6,0.22067136191984693,-2.8174320633940058,-16.41724406266964,1.0,10,5,False,,stable
300895.SZ,roiic,铜牛信息,20250423.0,软件服务,20241231,8.759891452520666,0.7325612285367492,0.10848921790150602,0.5883355697538983,,,up,2.1664618504731292,84.5405469256242,high_volatility,stable,True,severe,-104.23002348038347,False,none,False,falling,mid_down,False,True,-4.285858033410502,3.787576278137113,0.0,1.0,41.65037021065923,-7.455797203566883,-0.1790091460377652,10,5,False,,stable
300896.SZ,roiic,爱美客,20250320.0,医疗保健,20241231,-0.02240001413163952,0.06894448699016378,0.029882324728214626,0.7810025283587132,0.14770362719111518,0.14770362719111518,up,0.8795707395325719,37.17159639701206,high_volatility,increasing_vol,True,severe,-58.44057301327214,False,none,False,falling,mid_down,False,False,-0.4386406201598667,8.388089357287058,0.2,0.8064959405073401,44.52632220306054,16.433712284128198,0.3690785915167864,10,5,False,,stable
300902.SZ,roiic,国安达,20250421.0,专用机械,20241231,13.812437596354783,0.8178871323168512,0.6952575352315248,0.07926195301603069,,,up,3.0318923887567184,178.16269484151354,high_volatility,decreasing_vol,False,none,148.19023630160555,False,none,False,rising,mid_up,False,False,5.306992988349136,12.679071048733942,0.2,0.8064959405073401,53.376773314140976,70.02186280914127,1.311841433296054,10,5,False,,stable
300903.SZ,roiic,科翔股份,20250425.0,元器件,20241231,-27.203430967565225,-1.7180725770800387,0.6005056355616555,0.12376437277437397,,,down,1.1409762508425711,49.71613156135337,high_volatility,stable,True,severe,-8194.263616201506,False,none,False,falling,bottom,False,False,-2.1480911999243446,-29.023446617915123,-0.8,0.0864107329737,-51.73435653931594,-108.32291031613808,1.0,9,5,False,,stable
300904.SZ,roiic,威力传动,20250426.0,电气设备,20241231,2.222370443780558,0.10285142897272888,0.003578312435698109,0.9238815345934734,,,up,15.213635513085451,43.647201509598496,high_volatility,decreasing_vol,True,severe,-425.643398695851,False,none,False,falling,mid_down,False,False,-3.02625596666769,-12.280024305078069,-0.4,0.4624327264504764,-1.7047721049492086,-18.52727066228744,1.0,10,5,False,,stable
300907.SZ,roiic,康平科技,20250419.0,电气设备,20241231,43.71407688673274,1.6061438607697418,0.34231739989312504,0.3000603560507508,,,up,1.5658417318689741,223.4178496810673,high_volatility,stable,False,none,-71.8591832169847,False,none,False,rising,mid_up,False,False,-0.6339690966195408,38.31725238067405,0.4,0.4624327264504764,155.79649109728365,145.21889358606964,0.9321063174355508,9,5,False,,stable
300909.SZ,roiic,汇创达,20250422.0,元器件,20241231,-2.1389700251220205,-0.7789426501776973,0.26573246022799357,0.3740087973180714,,,down,6.896635485251273,5.340579292531966,high_volatility,stable,False,none,133.66925788268676,False,none,False,rising,mid_up,True,False,1.5625942317637769,-1.583843971847727,-0.6,0.22067136191984693,0.1326835848212189,1.2898999606949564,9.721624287081173,10,5,False,,stable
300916.SZ,roiic,朗特智能,20250425.0,元器件,20241231,0.0827087944428957,0.006749459830282323,0.0008803947984020007,0.9622266837755614,,,up,2.1713302463578543,41.92621416092105,high_volatility,increasing_vol,False,none,191.08938288476034,False,none,False,rising,top,False,False,0.5340866903942589,11.729514363223274,0.2,0.8064959405073401,21.94932438872177,80.68820051953132,3.676113172804142,9,5,False,,stable
300919.SZ,roiic,中伟股份,20250412.0,电气设备,20241231,-3.1690616629102566,-1.0832069305627594,0.8884828849959264,0.016368080320110508,,,down,1.1278674157548438,5.029838975728867,ultra_stable,stable,True,severe,-134.89965061406326,False,none,False,falling,mid_down,False,True,-1.789735014765044,-3.1664033692882985,-1.0,0.02748633611151033,3.5088827853457465,-1.6924512795176274,-0.482333375906959,8,5,False,,stable
300922.SZ,roiic,天秦装备,20250410.0,专用机械,20241231,15.063139773748537,1.233366869278201,0.2820558870622563,0.35708654824039254,,,up,1.9153176950436068,207.45034450256205,high_volatility,stable,True,severe,-91.27373548184346,False,none,False,falling,mid_down,False,False,-1.2193441882899667,11.49449508180474,0.2,0.8064959405073401,112.83013492083599,41.44256735092102,0.3673005210886081,10,5,False,,stable
300925.SZ,roiic,法本信息,20250429.0,软件服务,20241231,-1.8914066701719598,-0.9624703715956542,0.28740683991053273,0.3516872912839323,,,down,1.7652193246526924,29.22215695260357,high_volatility,increasing_vol,False,none,-453.5974035026063,False,none,False,rising,mid_up,False,False,-2.3040272251054104,-5.076485214124459,-0.4,0.4624327264504764,-18.990431130916292,-9.239998723852013,1.0,10,5,False,,stable
300930.SZ,roiic,屹通新材,20250421.0,小金属,20241231,-1.0782125896319077,-0.08446362509808769,0.001832911811971487,0.9455060641366833,,,down,2.0495776739394334,53.37325366383907,high_volatility,increasing_vol,False,none,110.33904608401217,False,none,False,rising,mid_up,True,False,3.2976617000394555,-13.322847303103739,-0.2,0.8064959405073401,-29.859090776861073,4.319995639332847,1.0,9,5,False,,stable
300932.SZ,roiic,三友联众,20250423.0,电气设备,20241231,-4.513539405321612,-0.3328820611791783,0.029774530636968364,0.7813938954919709,,,down,9.170223121151894,28.62946946463766,high_volatility,stable,False,none,124.54330270657235,False,none,False,rising,mid_up,True,False,3.8337551961509875,-4.081510313899018,-0.2,0.8064959405073401,-4.476065407158254,11.441335816939311,1.0,9,5,False,,stable
300933.SZ,roiic,中辰股份,20250425.0,电气设备,20241231,-0.0962218551272143,-0.09367158348007784,0.021967210648476787,0.8119820478843105,,,down,2.189128539200682,65.65490874176179,high_volatility,increasing_vol,False,none,4445.769575333061,False,none,False,rising,top,True,False,1.8969120046036514,2.5915672375078396,0.2,0.8064959405073401,38.81048988937456,147.4056056024903,3.798086703431349,9,5,False,,stable
300935.SZ,roiic,盈建科,20250412.0,软件服务,20241231,13.236038893481458,1.7924470458787158,0.7003965181116429,0.07710911293304006,,,up,1.822267506434695,70.76717289085481,high_volatility,stable,True,severe,-83.68602216122913,False,none,False,falling,mid_down,False,True,-0.9063924819172364,13.558382512166876,0.4,0.4624327264504764,42.805490243481636,25.88611696714841,0.6047382431530571,10,5,False,,stable
300936.SZ,roiic,中英科技,20250421.0,元器件,20241231,8.181283416742142,0.4040211121222267,0.1935379799321929,0.45849688508276765,,,up,2.617273824117025,206.6086912020769,high_volatility,increasing_vol,False,none,426.2816510761267,False,none,False,rising,top,True,False,6.146536918529869,70.96850470050983,0.4,0.4624327264504764,105.64214575651609,421.8614529746432,3.993306364175422,10,5,False,,stable
300939.SZ,roiic,秋田微,20250426.0,元器件,20241231,-0.4645471587789499,-0.07418907155264676,0.08885558893719961,0.6261624640810071,,,down,3.2293147815065457,52.95866003580196,high_volatility,increasing_vol,False,none,3443.56114412032,False,none,False,rising,top,False,False,1.7701390554048522,2.0277571569245145,0.0,1.0,21.013573331635467,104.73512631198885,4.984165456253575,9,5,False,,stable
300940.SZ,roiic,南极光,20250429.0,元器件,20241231,-7.207098186382834,-0.19969317271638495,0.0051002709444577105,0.9091474476651944,,,down,2.2339487390863093,2967.708203193078,high_volatility,increasing_vol,True,severe,-4769.630491870087,False,none,False,falling,bottom,False,True,-7.571396574452349,-151.2862532178595,-0.4,0.4624327264504764,-1727.472619921802,-6634.746357691144,1.0,10,5,False,,stable
300941.SZ,roiic,创识科技,20250425.0,IT设备,20241231,-85.57166986267472,-2.5666564478922704,0.8402209253082644,0.02852973974064563,,,down,1.4610459521365804,139.88231881245574,volatile,increasing_vol,True,severe,-553.1217006317089,False,none,False,falling,bottom,True,False,-0.9382398864054915,-84.5270073043607,-1.0,0.02748633611151033,-121.4127188225506,-302.85102191377644,1.0,10,5,False,,stable
300942.SZ,roiic,易瑞生物,20250425.0,医疗保健,20241231,68.97617873937182,1.3801167187747474,0.12010874614466233,0.5677367328517378,,,up,2.019716001696931,206.08925495749273,high_volatility,decreasing_vol,False,none,178.43947155763487,False,none,False,rising,top,False,False,5.9901101691686245,39.56620860369094,0.6,0.22067136191984693,-81.34587597400292,176.89123906448782,1.0,9,5,False,,stable
300950.SZ,roiic,德固特,20250422.0,专用机械,20241231,18.551359636147936,2.094445778171568,0.8135436284716273,0.03629976529226966,,,up,8.676020994881958,52.57332256933347,high_volatility,increasing_vol,False,none,141.94915273211123,False,none,False,rising,top,False,False,0.4416747268973342,20.210308391537293,0.4,0.4624327264504764,9.242025295802623,76.3730908502913,8.263674725601224,10,5,False,,stable
300951.SZ,roiic,博硕科技,20250421.0,元器件,20241231,-14.874439008555322,-2.1725170203948467,0.6699816345950912,0.0902344140285136,,,down,2.329852993487878,149.79396172362846,high_volatility,increasing_vol,False,none,1002.3486817966955,False,none,False,rising,top,True,False,5.378971352576446,-5.473246279570521,0.0,1.0,79.82003732004831,325.5911403178475,4.079065247894454,8,5,False,,stable
300953.SZ,roiic,震裕科技,20250422.0,电气设备,20241231,1.038659232029509,-0.2982053166248222,0.028824130130394282,0.7848765882576605,,,down,1.3631484304176191,13.083702511664713,high_volatility,stable,False,none,905.0560252201185,False,none,False,rising,top,True,False,2.9750609778237562,-1.1953620318196232,0.0,1.0,9.90974733257049,27.501390828661904,2.775185875655249,10,5,False,,stable
300956.SZ,roiic,英力股份,20250328.0,元器件,20241231,2.3048488208500784,0.33423078404927686,0.4924628901843748,0.1865247358564511,,,up,2.2439015552538537,55.970629212452074,high_volatility,stable,False,none,114.86177962115083,False,none,False,rising,top,True,False,4.550946848923569,7.8169239239942545,0.6,0.22067136191984693,-22.907360550487333,18.251145528259162,1.0,8,5,False,,stable
300962.SZ,roiic,中金辐照,20250429.0,医疗保健,20241231,1.372480071081938,0.7398841894762024,0.18181475834118005,0.4740260118399674,,,up,1.7072194410068269,11.296078068201897,high_volatility,decreasing_vol,True,severe,-92.28788740072609,False,none,False,falling,mid_down,False,True,-1.2189888227289352,-2.271090105199199,-0.2,0.8064959405073401,7.0283966887403615,1.2854094470763848,0.18288800476154649,10,5,False,,stable
300963.SZ,roiic,中洲特材,20250429.0,小金属,20241231,1.3081699440160275,0.4258505222656582,0.08829930131780529,0.6272984642522762,,,up,122.44897504220081,16.89762929247206,high_volatility,decreasing_vol,False,none,-54.22187957529636,False,none,False,rising,mid_up,False,False,-0.3894900293849186,8.233958781789163,0.6,0.22067136191984693,2.3686228182424265,9.079719910189716,3.833332956290221,10,5,False,,stable
300964.SZ,roiic,本川智能,20250426.0,元器件,20241231,-59.186898539831894,-2.3597332699910347,0.7118452855043799,0.07240707544739276,,,down,1.1116364927958393,153.14280166827973,high_volatility,decreasing_vol,False,none,57.36830211443584,False,none,False,rising,mid_up,True,False,0.42627922261375417,-38.29165472823428,-0.6,0.22067136191984693,-155.51945054192754,-122.27203688615376,1.0,10,5,False,,stable
300966.SZ,roiic,共同药业,20250424.0,化学制药,20241231,-0.22873493718932708,-0.5682829159298975,0.07630313586627695,0.6528181263952678,,,down,1.2672243964784615,29.45258152688241,high_volatility,stable,False,none,-281.45819190519364,False,none,False,rising,mid_up,False,False,-0.663352200299721,-4.281736100601386,-0.2,0.8064959405073401,-23.31042485986772,-16.540259516336736,1.0,8,5,False,,stable
300968.SZ,roiic,格林精密,20250428.0,元器件,20241231,27.27743880669969,1.0654151448735196,0.22304268233432673,0.4218502461306038,,,up,1.160474409067001,65.75922609733905,high_volatility,increasing_vol,True,mild,494.8381518221557,False,none,False,falling,mid_down,False,False,0.8910239442967691,29.661637660146056,0.4,0.4624327264504764,64.84904485042716,89.49991158131509,1.3801269053036107,10,5,False,,stable
300975.SZ,roiic,商络电子,20250421.0,元器件,20241231,-2.8047368796337273,-0.26723208167333706,0.7791916406660033,0.047357363678445674,,,down,2.454662770309751,384.3050389838013,high_volatility,increasing_vol,True,severe,105.3918056822611,False,none,False,falling,mid_down,True,False,3.755173140235935,-2.79307916505135,-0.2,0.8064959405073401,180.56347811316923,4.9372842295622625,0.027343758999080592,9,5,False,,stable
300976.SZ,roiic,达瑞电子,20250425.0,元器件,20241231,2.709689778048124,1.0950908878558212,0.11980925790335843,0.5682531433001148,,,up,2.4587113815977277,129.800545959667,high_volatility,increasing_vol,False,none,202.73818136076866,False,none,False,rising,top,False,False,5.3541271624317925,-3.616046457679996,0.0,1.0,-51.97919665839454,107.17515220239477,1.0,9,5,False,,stable
300981.SZ,roiic,中红医疗,20250423.0,医疗保健,20241231,-40.58771031358356,-0.4697412743985868,0.022109865908738233,0.8113770721325784,,,down,1.8935675771896052,394.26744206574966,high_volatility,stable,False,none,-95.47166971298017,False,none,False,rising,mid_up,False,False,-1.5473309341643808,-36.26272095389317,-0.2,0.8064959405073401,196.03777274854033,40.11040479743209,0.20460549125337246,10,5,False,,stable
300990.SZ,roiic,同飞股份,20250418.0,专用机械,20241231,-11.796176352052658,-1.4722859011147662,0.261958898560276,0.3780215679330457,,,down,73.22326016639273,47.61758300654547,high_volatility,stable,True,severe,59.29535046648952,False,none,False,falling,mid_down,False,False,0.4492634377508278,-14.603809173413646,-0.4,0.4624327264504764,-2.888546119243009,-26.316300312671576,1.0,8,5,False,,stable
300991.SZ,roiic,创益通,20250418.0,元器件,20241231,0.9130800022081373,0.19720361223592625,0.12030555331395329,0.5673977746541258,,,up,9.84823188842693,47.07797472012452,high_volatility,stable,False,none,144.96263129968844,False,none,False,rising,top,True,False,4.739434115749095,5.796807108715704,0.2,0.8064959405073401,-2.8528840758281735,38.34083460596286,1.0,10,5,False,,stable
300996.SZ,roiic,普联软件,20250401.0,软件服务,20241231,-16.51591770920803,-1.3448278140689383,0.25763813085867376,0.38266460513319744,,,down,3.783405325265734,70.74519276123677,high_volatility,increasing_vol,False,none,1137.5919488917816,False,none,False,rising,top,True,False,4.308668778458043,-23.764035197697375,-0.2,0.8064959405073401,20.712029725592927,119.6198566635416,5.775380696549151,10,5,False,,stable
300998.SZ,roiic,宁波方正,20250426.0,专用机械,20241231,2.051028193530553,0.7802920951236236,0.5501723197999707,0.15130216961524387,,,up,1.4778561584975516,18.683801928771096,high_volatility,decreasing_vol,False,none,138.99031222044727,False,none,False,rising,mid_up,True,False,1.6332289447242587,7.596738694324247,1.0,0.02748633611151033,-9.550064063633897,1.5123310133635923,1.0,9,5,False,,stable
301002.SZ,roiic,崧盛股份,20250425.0,电气设备,20241231,18.607572779868065,1.7194815899555955,0.4073156040119209,0.2465547043706536,,,up,1.8480344360114853,37.19372407374035,high_volatility,stable,False,none,414.9598852358025,False,none,False,rising,top,False,False,4.238233015460449,19.18033034504424,0.6,0.22067136191984693,25.70837086597499,61.458510820305065,2.390603089581431,10,5,False,,stable
301012.SZ,roiic,扬电科技,20250422.0,电气设备,20241231,2.9074838136106385,-0.3042689526653074,0.024640984074095432,0.8009577750427634,,,down,1.9413043948006812,106.39971303167783,high_volatility,decreasing_vol,False,none,232.34549451589564,False,none,False,rising,mid_up,False,False,0.5994240494047444,-19.93632742695997,-0.2,0.8064959405073401,41.615518666655674,34.05696526462426,0.818371760242227,10,5,False,,stable
301013.SZ,roiic,利和兴,20250425.0,专用机械,20241231,2.820668351544917,0.6652887378532363,0.15584098823291587,0.5107457531344658,,,up,2.53403032424234,874.01928530441,high_volatility,increasing_vol,False,none,1262.9523714094096,False,none,False,rising,top,True,False,7.017824916130053,90.91924435743206,0.6,0.22067136191984693,460.5478802124019,1903.494224222465,4.133108208737352,10,5,False,,stable
301018.SZ,roiic,申菱环境,20250428.0,专用机械,20241231,-4.229060727195732,-1.578466567888683,0.75258429062436,0.056722295873467304,,,down,6.369544829227527,7.75865208524881,high_volatility,increasing_vol,True,severe,-196.51805790287625,False,none,False,falling,bottom,False,False,-2.7515486870152994,-3.9645146568288236,-0.8,0.0864107329737,-0.050632421879026834,-7.664478553059887,1.0,10,5,False,,stable
301021.SZ,roiic,英诺激光,20250425.0,专用机械,20241231,57.015062247513,1.487434125700506,0.20714891235192867,0.4411826223143508,,,up,3.175207619421394,396.5128232376019,high_volatility,increasing_vol,True,mild,177.9874802597068,False,none,False,falling,mid_down,False,False,6.416923833113607,80.54203737566556,0.4,0.4624327264504764,163.70889508457753,270.28121659466655,1.6509867497122264,9,5,False,,stable
301022.SZ,roiic,海泰科,20250424.0,专用机械,20241231,-2.3198001826115986,-0.5876785088985774,0.34184441644952085,0.30047794396487404,,,down,2.8171067578436375,38.49659926815897,high_volatility,stable,True,severe,84.48719755259096,False,none,False,falling,mid_down,True,False,0.9309307954020221,-8.793375996644322,-0.6,0.22067136191984693,-15.924327282723844,-12.170460757900763,1.0,8,5,False,,stable
301023.SZ,roiic,江南奕帆,20250418.0,电气设备,20241231,7.5844178773162145,0.25089361466475507,0.012622043952594012,0.8572557427621104,,,up,2.058048903582093,329.4584396323858,high_volatility,increasing_vol,False,none,2030.3105433939409,False,none,False,rising,top,True,False,5.8253596825414435,80.94422509430582,0.4,0.4624327264504764,206.66791076744428,744.163809422967,3.600770950166264,8,5,False,,stable
301026.SZ,roiic,浩通科技,20250426.0,小金属,20241231,-12.907470158678809,-1.176712489527354,0.17321410462112669,0.48581278299206176,,,down,70.34192753731256,41.34972391759261,high_volatility,decreasing_vol,False,none,111.31180385825006,False,none,False,rising,mid_up,True,False,3.6695653288024648,-12.079032405975605,-0.4,0.4624327264504764,-4.46007998471066,6.578824540577576,1.0,9,5,False,,stable
301028.SZ,roiic,东亚机械,20250426.0,专用机械,20241231,-0.24926432491337086,-0.07719566689554162,0.041764341723575564,0.7416193400154067,,,down,24.575479599739445,58.933463153445565,high_volatility,stable,False,none,119.8251800979033,False,none,False,rising,mid_up,True,False,4.420157884629383,-8.819437013491573,-0.2,0.8064959405073401,-0.8959636132311806,18.495411312638623,1.0,9,5,False,,stable
301029.SZ,roiic,怡合达,20250429.0,专用机械,20241231,-1.1923339873805148,-0.07766159120479607,0.13505261084496362,0.5428472129626698,,,down,1.4758607148563656,21.77364640839531,volatile,stable,True,severe,-237.47852048406543,False,none,False,falling,bottom,False,True,-3.2093136077441082,-12.347454610896534,-1.0,0.02748633611151033,10.792679268225196,-14.492045561166615,-1.3427662585909272,8,5,False,,stable
301031.SZ,roiic,中熔电气,20250421.0,电气设备,20241231,0.5255511856577695,0.041652771684799327,0.030856819161066047,0.7774969673452865,,,up,0.990270671726722,16.610054691772774,high_volatility,increasing_vol,False,none,-30.31515764261844,False,none,False,rising,mid_up,False,False,-0.1804690944557934,-2.923255021805334,-0.2,0.8064959405073401,15.902363009096554,22.705795054212995,1.4278252257997572,10,5,False,,stable
301033.SZ,roiic,迈普医学,20250425.0,医疗保健,20241231,70.58056218947209,0.9099506036900011,0.8020054775587556,0.03988296421534555,1.1580433884530628,1.1580433884530628,up,1.4410597525045783,411.9567814682852,high_volatility,stable,False,none,-67.72603124830307,False,none,False,rising,mid_up,False,False,-0.5654534982086128,62.45677121715202,0.4,0.4624327264504764,307.04488342234646,318.678757248056,1.0378898149874294,8,5,False,,stable
301039.SZ,roiic,中集车辆,20250326.0,汽车整车,20241231,7.836804651527331,0.8032503534396571,0.11287058216998072,0.5804286544733791,,,up,1.0431015207387464,94.28001550242735,high_volatility,stable,False,none,1447.6893080081263,False,none,False,rising,mid_up,False,False,1.368813831642128,32.74767138302336,0.2,0.8064959405073401,92.73535550867726,185.93257811727142,2.004980485569753,10,5,False,,stable
301041.SZ,roiic,金百泽,20250429.0,元器件,20241231,-1.4412768915896215,0.06105489338597732,0.0034276289385899213,0.925499580139171,,,up,2.910114551274589,88.24969653512068,high_volatility,stable,True,severe,101.92236193882603,False,none,False,falling,mid_down,True,False,3.9609591569449796,-2.4688814490722595,-0.2,0.8064959405073401,-30.757545524215423,3.6062000582255727,1.0,8,5,False,,stable
301042.SZ,roiic,安联锐视,20250425.0,IT设备,20241231,0.5813718134700065,0.43380718948152647,0.24433000095924473,0.3973020365018872,,,up,2.514084539209099,120.28822376504036,high_volatility,increasing_vol,False,none,272.36740961826433,False,none,False,rising,top,False,False,0.6532258696089084,4.177090423775846,0.4,0.4624327264504764,-54.430231946538235,19.593308833511824,1.0,10,5,False,,stable
301045.SZ,roiic,天禄科技,20250424.0,元器件,20241231,-6.44695634717983,-0.5070554955398938,0.06557233491105957,0.6775594236295426,,,down,2.3675843157660394,269.13559237790366,high_volatility,stable,False,none,101.52563248499351,False,none,False,rising,mid_up,True,False,4.99019075713242,-6.81285747329787,-0.2,0.8064959405073401,-115.60927497906054,9.062523165560156,1.0,8,5,False,,stable
301047.SZ,roiic,义翘神州,20250419.0,生物制药,20241231,-48.288222949372184,-0.6931930598673433,0.038270529561525095,0.7525159915242916,,,down,3.577845640802309,176.27539807469964,high_volatility,stable,False,none,-92.71889668986442,False,none,False,rising,mid_up,False,False,-1.3096053423870981,-63.46600671735747,-0.2,0.8064959405073401,34.78211979327964,19.15435066197381,0.5506953220739204,8,5,False,,stable
301051.SZ,roiic,信濠光电,20250421.0,元器件,20241231,-3.174564845766698,-0.33228431749324727,0.09538267449144741,0.6131154393194677,,,down,2.421106737894256,440.29850308426285,high_volatility,increasing_vol,True,severe,-772.3688966291965,False,none,False,falling,bottom,False,False,-1.0830106180691514,-72.70845628410336,-0.2,0.8064959405073401,-231.27411006481384,-946.4692250458794,1.0,9,5,False,,stable
301053.SZ,roiic,远信工业,20250423.0,专用机械,20241231,-7.851147221389525,-0.10988349705669372,0.0017557096126599283,0.946665364975112,,,down,2.0038516846913366,47.98871834762595,high_volatility,increasing_vol,False,none,127.18578460117789,False,none,False,rising,top,False,False,4.006261379372721,-12.921935019477209,0.0,1.0,-26.30358280814941,14.313771842795367,1.0,8,5,False,,stable
301060.SZ,roiic,兰卫医学,20250428.0,医疗保健,20241231,-26.716610856777585,-1.8265730354617111,0.5398005249754035,0.15733553832935906,,,down,1.6829888475468147,338.15058388012807,high_volatility,increasing_vol,True,severe,-132.16012995305024,False,none,False,falling,bottom,False,False,-4.434879794033962,-21.27124109469048,-0.2,0.8064959405073401,215.1993168394204,-23.909362768335534,-0.11110333954348221,10,5,False,,stable
301063.SZ,roiic,海锅股份,20250425.0,电气设备,20241231,-0.3012142543247488,-0.06579784248566105,0.02838293291727343,0.7865134221419762,,,down,2.289855393834024,57.44450482294527,high_volatility,increasing_vol,True,severe,-595.517548190911,False,none,False,falling,bottom,True,False,-0.9693573109244431,-25.09646606692901,-0.8,0.0864107329737,-34.133721722885106,-123.83140883168515,1.0,8,5,False,,stable
301065.SZ,roiic,本立科技,20250424.0,化学制药,20241231,3.5963860115972066,0.5742531328221315,0.13217800836270374,0.5475072789971721,,,up,7.140825279130563,42.678292394359,high_volatility,stable,False,none,137.9884958812015,False,none,False,rising,top,True,False,4.577295517572008,4.149822549141344,0.2,0.8064959405073401,-4.897745258245531,29.965469182912603,1.0,8,5,False,,stable
301067.SZ,roiic,显盈科技,20250429.0,元器件,20241231,-18.904354368488924,-2.2797715888963213,0.7101080138231891,0.07311223389101795,,,down,1.809531897831464,54.267872639126224,high_volatility,decreasing_vol,False,none,71.83016347757838,False,none,False,rising,mid_up,True,False,0.633329131544317,-22.1870569169929,-0.4,0.4624327264504764,-35.661312402266105,-29.737870113658076,1.0,10,5,False,,stable
301075.SZ,roiic,多瑞医药,20250418.0,化学制药,20241231,-25.1281542232148,-1.3096443352022062,0.2895088256189588,0.3495855952203617,,,down,1.4662974221636453,89.63720970228623,high_volatility,increasing_vol,True,severe,35.82512280142316,False,none,False,falling,mid_down,False,False,0.22177422355841747,-19.897179508517304,-0.4,0.4624327264504764,-68.670115972841,-121.71100051823056,1.0,8,5,False,,stable
301080.SZ,roiic,百普赛斯,20250421.0,生物制药,20241231,-36.67513019236578,-2.56494299390189,0.7169444056269988,0.070354544884262,,,down,2.423394108953628,258.90975491997966,high_volatility,increasing_vol,False,none,67.4215624399546,False,none,False,rising,mid_up,False,False,0.5606631904703705,-116.6165104343401,-0.6,0.22067136191984693,-133.69662281280262,-34.00707991396854,1.0,8,5,False,,stable
301082.SZ,roiic,久盛电气,20250428.0,电气设备,20241231,-4.668505296616514,-0.7112903985656637,0.19026309929253268,0.4627752163960437,,,down,1.261348757015591,13.701445675731982,high_volatility,stable,True,severe,0.9746880217461513,False,none,False,falling,mid_down,False,False,0.004893486856015761,-4.5073339561406955,-0.2,0.8064959405073401,-12.26308710862207,-25.051867601646855,1.0,10,5,False,,stable
301083.SZ,roiic,百胜智能,20250421.0,专用机械,20241231,-15.98564728667784,-0.920683792541207,0.09894613843957764,0.6061999530494893,,,down,3.6606029160234774,56.487980562516775,high_volatility,stable,False,none,126.64339674859697,False,none,False,rising,top,True,False,4.115549200069294,-36.35725359162166,-0.4,0.4624327264504764,-20.227026635434886,15.80857740952602,1.0,10,5,False,,stable
301085.SZ,roiic,亚康股份,20250423.0,软件服务,20241231,-0.32381153164982573,0.17029925034945353,0.02392004597863845,0.8038673114881679,,,up,1.4168930513170612,58.064222049671635,high_volatility,increasing_vol,False,none,192.01059779611285,False,none,False,rising,top,False,False,0.5357614880685206,24.406090027576983,0.4,0.4624327264504764,48.70062882035723,139.31729391924105,2.860687783583718,8,5,False,,stable
301086.SZ,roiic,鸿富瀚,20250429.0,元器件,20241231,-1.7699514488284251,-0.5667184673812509,0.06930233768934588,0.6687281864779411,,,down,3.86990852184044,87.65634164000502,high_volatility,stable,False,none,123.01897379384906,False,none,False,rising,top,True,False,5.112502244151111,-5.737929917408031,0.0,1.0,-23.181738325912658,39.83900550148758,1.0,8,5,False,,stable
301087.SZ,roiic,可孚医疗,20250429.0,医疗保健,20241231,-13.135205226226507,-0.7864448381900472,0.06031547454669895,0.6904749271502456,,,down,3.5856723132699315,81.92473356098324,high_volatility,stable,False,none,129.42385314879704,False,none,False,rising,top,True,False,4.955436724239066,-24.733699444319697,-0.2,0.8064959405073401,-26.78836426801834,38.494510711237396,1.0,8,5,False,,stable
301089.SZ,roiic,拓新药业,20250426.0,化学制药,20241231,-8.178738227126535,-0.30079923968705546,0.01149441096928451,0.8637554167937849,,,down,1.871164531431399,267.43289707065196,high_volatility,increasing_vol,False,none,592.0918491079453,False,none,False,rising,top,False,False,0.9672586842405788,58.02722754021043,0.2,0.8064959405073401,176.01695184587234,613.770693195607,3.486997625848275,10,5,False,,stable
301093.SZ,roiic,华兰股份,20250421.0,医疗保健,20241231,2.7436094988943234,0.1088102321320474,0.17248390371365716,0.4868296911264041,,,up,2.301789673910197,294.71292939089517,high_volatility,stable,True,severe,-95.08532387019109,False,none,False,falling,mid_down,False,True,-1.506348640333643,22.48133303109053,0.4,0.4624327264504764,136.35821997329006,31.766782117555554,0.23296565563688096,8,5,False,,stable
301095.SZ,roiic,广立微,20250421.0,半导体,20241231,2.7384016721819036,0.6555459928994326,0.12093247829841801,0.5663201271100284,,,up,3.111687072349356,78.6679863035909,high_volatility,increasing_vol,False,none,683.9064447823947,False,none,False,rising,top,False,False,1.0166751512111925,-4.793563451770327,0.0,1.0,-29.74869800527675,23.73751009135329,1.0,7,5,False,,stable
301096.SZ,roiic,百诚医药,20250423.0,医疗保健,20241231,4.128751204319321,0.478871319193792,0.495511180995173,0.18456065096381316,,,up,5.167788857352581,70.99663558631025,high_volatility,increasing_vol,True,severe,-462.4300463587626,False,none,False,falling,bottom,False,True,-4.977516741804425,-5.994411081784171,0.0,1.0,-21.648312014540206,-138.1178915107712,1.0,10,5,False,,stable
301097.SZ,roiic,天益医疗,20250415.0,医疗保健,20241231,-7.5629666147492145,-1.2834983629001975,0.3450764507688187,0.29763315736868423,,,down,3.737089562280148,59.41542509995432,high_volatility,increasing_vol,False,none,3329.093244283264,False,none,False,rising,top,False,False,1.756528267125762,4.25678678641736,0.0,1.0,20.75020150856506,114.12157429707162,5.499781496096106,10,5,False,,stable
301099.SZ,roiic,雅创电子,20250422.0,元器件,20241231,-0.7736007997180027,-0.038841109123107655,0.0847039493838906,0.6347370118542419,,,down,2.3018534562346127,17.167210969834905,high_volatility,increasing_vol,False,none,19.271091466765494,False,none,False,rising,mid_up,False,False,0.08788783557307411,-2.5032095803156156,-0.2,0.8064959405073401,6.125423470309667,15.239039948792296,2.48783451832464,8,5,False,,stable
301103.SZ,roiic,何氏眼科,20250425.0,医疗保健,20241231,-0.41441757808996,-0.07933070414479224,0.19687611382249026,0.4541818657636523,,,down,2.8762343206113985,27.02590750189967,high_volatility,increasing_vol,True,severe,-1035.0838862669796,False,none,False,falling,bottom,True,False,-1.2090596949598045,-14.828661656925556,-1.0,0.02748633611151033,-13.992434491516912,-53.03195524113134,1.0,9,5,False,,stable
301105.SZ,roiic,鸿铭股份,20250419.0,专用机械,20241231,-0.8590030954682973,-0.19138476927096973,0.025946870234358183,0.7957965719523239,,,down,99.16441513180806,59.75279637947928,high_volatility,increasing_vol,True,severe,-1790.9373693720188,False,none,False,falling,bottom,False,False,-1.463901146048561,-8.671178089039204,-0.2,0.8064959405073401,-2.4578144256112573,-85.93989382386567,1.0,8,5,False,,stable
301106.SZ,roiic,骏成科技,20250418.0,元器件,20241231,14.314435593186356,1.6712955625587977,0.5287631981437931,0.16389590431165502,,,up,2.503076833637665,97.89011634349167,high_volatility,increasing_vol,False,none,380.44545113639805,False,none,False,rising,top,False,False,0.7813087901986926,6.203834162764783,0.2,0.8064959405073401,-41.43112117648565,28.07342780522263,1.0,10,5,False,,stable
301112.SZ,roiic,信邦智能,20250424.0,专用机械,20241231,-8.451514451097975,-0.7607052504223912,0.09651278997013918,0.6109070056077528,,,down,17.398186362741065,84.41969422361146,high_volatility,increasing_vol,False,none,15411.758463755836,False,none,False,rising,top,False,False,2.377200230725992,27.938843842597493,0.2,0.8064959405073401,0.9166669744434657,115.72490274208407,126.24530605822677,8,5,False,,stable
301117.SZ,roiic,佳缘科技,20250424.0,软件服务,20241231,-0.049236469655674145,0.00010354601269479957,4.233934467421414e-06,0.9973801171132483,,,up,2.1396670618447855,1208.801727455801,high_volatility,increasing_vol,True,mild,1518.630351192207,False,none,False,falling,mid_down,True,False,2.866836905077623,3.952317691123665,0.2,0.8064959405073401,645.7767478139667,32.37113682935111,0.050127442554925315,10,5,False,,stable
301120.SZ,roiic,新特电气,20250425.0,电气设备,20241231,-3.800942502071544,-0.2703363821528406,0.23288453658758293,0.41031909347980733,,,down,24.58283234827279,101.3032931295916,high_volatility,increasing_vol,False,none,2962.3411467708684,False,none,False,rising,top,False,False,1.7047466468460974,-3.888663702033192,0.0,1.0,6.364914750646502,136.87871183534486,21.505191695056357,10,5,False,,stable
301121.SZ,roiic,紫建电子,20250331.0,电气设备,20241231,5.582400182141477,0.12413798407866157,0.002269206505090097,0.9393706669415212,,,up,3.275808718439181,31.9048407343988,high_volatility,increasing_vol,False,none,1081.537165238354,False,none,False,rising,top,True,False,3.601760524526381,2.9021541147297634,0.0,1.0,11.414251106870807,57.22048001985047,5.013073523974482,8,5,False,,stable
301122.SZ,roiic,采纳股份,20250425.0,医疗保健,20241231,-62.80113217652172,-2.379870472179249,0.5432004273760936,0.15534386868737765,,,down,2.2047484392139016,111.15543313498537,high_volatility,increasing_vol,False,none,-2089.1285244244973,False,none,False,rising,mid_up,False,False,-4.18812336249854,-67.95106728830434,-0.6,0.22067136191984693,-69.2567187545186,-146.61736220637468,1.0,8,5,False,,stable
301123.SZ,roiic,奕东电子,20250424.0,元器件,20241231,-7.104192930034605,-0.20112465047661238,0.013543111783345352,0.8521620426277251,,,down,1.6347083008954937,115.43581021671827,high_volatility,increasing_vol,True,severe,476.3477577661087,False,none,False,falling,mid_down,True,False,2.9184833309196883,-3.6013773383321084,0.0,1.0,76.24324479828455,17.852641484409013,0.23415374741252737,8,5,False,,stable
301128.SZ,roiic,强瑞技术,20250422.0,专用机械,20241231,19.553062025856452,2.0008892276239245,0.474448339856723,0.1983798071342727,,,up,20.848272494566846,58.576244269416385,high_volatility,stable,False,none,162.41643826961473,False,none,False,rising,top,False,False,4.97679411530021,19.37637879685206,0.6,0.22067136191984693,3.0562736223183737,57.278380022759244,18.741247381937626,8,5,False,,stable
301130.SZ,roiic,西点药业,20250423.0,化学制药,20241231,-0.47342397193222097,-0.17245799793482547,0.04731785314036784,0.725236430114289,,,down,10.326626459267228,18.886526056719536,high_volatility,stable,False,none,2127.6357296194965,False,none,False,rising,top,False,False,2.597305328487578,9.88773534969378,0.6,0.22067136191984693,4.863637929796653,28.657964176621896,5.892289802464814,8,5,False,,stable
301132.SZ,roiic,满坤科技,20250422.0,元器件,20241231,-9.261667390468824,-1.2603445924728622,0.29870135837020945,0.3405188745282659,,,down,3.0720982666091414,30.021293018752715,high_volatility,stable,False,none,-238.96773134448358,False,none,False,rising,mid_up,False,False,-1.6964124008030534,-9.965291218057766,-0.4,0.4624327264504764,-12.550743945492805,-3.1015236250050835,1.0,7,5,False,,stable
301135.SZ,roiic,瑞德智能,20250429.0,元器件,20241231,-0.6212747166702431,0.2188463448120535,0.0175562566568678,0.8317906724348512,,,up,1.8701364074283886,31.485154988891924,high_volatility,increasing_vol,True,severe,225.08882131293953,False,none,False,falling,mid_down,True,False,2.6367866004487706,0.9557325598046894,0.0,1.0,18.707660378014538,7.7702340575344655,0.41535039125823214,10,5,False,,stable
301138.SZ,roiic,华研精机,20250408.0,专用机械,20241231,6.136297011481621,0.2034512995522162,0.19483809849884737,0.4568108391802537,,,up,3.048203201600243,288.52267173589377,high_volatility,stable,False,none,109.88996247676432,False,none,False,rising,top,True,False,5.949310790102457,7.500461453834464,0.2,0.8064959405073401,-92.812469827622,60.29830416800562,1.0,8,5,False,,stable
301150.SZ,roiic,中一科技,20250424.0,电气设备,20241231,-2.9405823532967377,-0.04207295413806307,0.0029848207006612977,0.9304730715723766,,,down,2.262616126904163,1404.0586488801785,high_volatility,increasing_vol,True,severe,-3985.108495118617,False,none,False,falling,bottom,False,True,-3.9938730131959037,-47.52586082594085,-0.4,0.4624327264504764,697.7164793152045,-168.012032676066,-0.24080272955709264,10,5,False,,stable
301152.SZ,roiic,天力锂能,20250429.0,小金属,20241231,-4.396085825974469,-1.2064624722455108,0.5311378300011876,0.16247216359004726,,,down,2.986212861426428,267.5061928052551,high_volatility,decreasing_vol,True,severe,-298.3195170573998,False,none,False,falling,mid_down,False,True,-2.733016619251216,69.6447887986416,0.2,0.8064959405073401,-53.97068397526774,-10.772174943869938,1.0,10,5,False,,stable
301153.SZ,roiic,中科江南,20250328.0,软件服务,20241231,-13.735092144900799,-1.0037439277472011,0.1959806444355359,0.4553348977828057,,,down,2.034196936186318,448.52193059294854,high_volatility,increasing_vol,False,none,5345.520135241723,False,none,False,rising,top,False,False,1.9983339462380616,-13.716475314703395,-0.2,0.8064959405073401,276.3687950409499,1020.7734079969375,3.69351904525143,8,5,False,,stable
301155.SZ,roiic,海力风电,20250429.0,电气设备,20241231,-21.04961963382868,-1.1634374523079465,0.20960132015176872,0.43813955352978234,,,down,2.278564060792704,1802.150279089329,high_volatility,stable,False,none,100.45185212014233,False,none,False,rising,mid_up,True,False,6.291137250613626,-29.188723970170148,-0.4,0.4624327264504764,-797.2297915094217,18.13466223776801,1.0,8,5,False,,stable
301157.SZ,roiic,华塑科技,20250425.0,电气设备,20241231,-8.706148128176327,-0.6811500635987244,0.11114478564062887,0.5835221812928646,,,down,2.03390870559867,85.32367215369877,high_volatility,increasing_vol,False,none,18747.957624687686,False,none,False,rising,top,False,False,2.5210619980411257,23.104937032169964,0.2,0.8064959405073401,50.3344775562494,183.09009283856872,3.6374688231136063,7,5,False,,stable
301158.SZ,roiic,德石股份,20250410.0,专用机械,20241231,-1.3977543036199678,-0.26922949540033325,0.02969694771846675,0.7816760272518817,,,down,2.7734807240067907,66.76712865898568,high_volatility,increasing_vol,False,none,2537.7400725599427,False,none,False,rising,top,False,False,1.632012976637638,6.722780371335699,0.4,0.4624327264504764,32.37720513340118,142.19292476750314,4.391760319695202,10,5,False,,stable
301159.SZ,roiic,三维天地,20250425.0,软件服务,20241231,33.12928922013168,2.0438429037053796,0.722801337308147,0.0680285946302454,,,up,3.466161905655093,2563.968565174182,high_volatility,increasing_vol,False,none,-98.43903792098173,False,none,False,rising,mid_up,False,False,-2.0799148000724768,33.4875015144781,0.2,0.8064959405073401,705.1011174822145,80.84640438097516,0.11465930541943076,8,5,False,,stable
301162.SZ,roiic,国能日新,20250412.0,软件服务,20241231,-0.5273349433786663,-0.4252415306732839,0.06590555585028372,0.6767597081029801,,,down,1.840861438723847,15.582170836715235,high_volatility,stable,False,none,366.91200019495096,False,none,False,rising,top,False,False,0.7554435733369624,-7.683855061031714,-0.4,0.4624327264504764,6.784114197254998,12.825082365583187,1.8904579128064352,8,5,False,,stable
301163.SZ,roiic,宏德股份,20250429.0,电气设备,20241231,-30.588578695180853,-2.0942514621875423,0.6774142085214461,0.08694136455693051,,,down,3.2263239241819925,51.917192998517066,high_volatility,stable,True,severe,-4556.137149078545,False,none,False,falling,mid_down,True,False,-1.8721754209305261,-32.0966955548074,-0.8,0.0864107329737,-25.268322056187337,-69.70891819837286,1.0,8,5,False,,stable
301168.SZ,roiic,通灵股份,20250426.0,电气设备,20241231,-0.7226903344618625,-0.3769831530714903,0.10106947784115089,0.6021447882880177,,,down,3.4122687968080734,20.79052502125308,high_volatility,increasing_vol,True,severe,-242.10593359931462,False,none,False,falling,bottom,False,False,-0.6137955927327968,-2.215965631264343,0.0,1.0,-6.74091649118972,-33.60883676689023,1.0,10,5,False,,stable
301172.SZ,roiic,君逸数码,20250423.0,软件服务,20241231,-0.4878452142894464,0.08115593517181985,0.002409721004010662,0.9375231707511322,,,up,2.2575372224617727,251.25223075236096,high_volatility,increasing_vol,True,severe,-10369.259929984073,False,none,False,falling,bottom,False,False,-4.710035519993644,-16.474654048424128,-0.6,0.22067136191984693,-145.2384070758414,-560.3782654323484,1.0,10,5,False,,stable
301176.SZ,roiic,逸豪新材,20250419.0,元器件,20241231,-9.168779485336458,-1.540761030215794,0.4181509279221766,0.23832627052706887,,,down,2.097641699285922,217.0482731688945,high_volatility,increasing_vol,True,severe,58.00787623902316,False,none,False,falling,mid_down,False,False,0.4326936998965354,0.11740639267411446,0.0,1.0,115.29880544123166,-9.437193296430877,-0.08184987919272987,7,5,False,,stable
301178.SZ,roiic,天亿马,20250422.0,软件服务,20241231,-93.68534611972069,-2.776236120453235,0.7344227687382877,0.06351327825235101,,,down,1.3784104891844084,692.1359182067746,high_volatility,increasing_vol,True,severe,-575.7857102488164,False,none,False,falling,bottom,True,False,-0.9553508473542096,-368.9678975041237,-1.0,0.02748633611151033,-621.5208019422007,-1640.6978624640335,1.0,10,5,False,,stable
301179.SZ,roiic,泽宇智能,20250418.0,软件服务,20241231,2.449489915522301,-0.27502967877278284,0.014416229958061981,0.8474932877887429,,,down,2.0867517669726237,29.502849104395477,high_volatility,stable,False,none,324.6834358286111,False,none,False,rising,top,True,False,4.232574628163336,-0.1035060949385298,0.0,1.0,14.873015956392852,51.61978488719562,3.470700565274923,8,5,False,,stable
301180.SZ,roiic,万祥科技,20250421.0,元器件,20241231,-12.247998770452712,-1.6099148811177002,0.4618133494397978,0.20695387564654036,,,down,2.2632312150840277,2440.1284339857075,high_volatility,increasing_vol,False,none,-170.85931177249253,False,none,False,rising,mid_up,False,True,-4.611104017658241,-17.23968583875117,-0.4,0.4624327264504764,-1245.6344336294076,-42.33504340227594,1.0,8,5,False,,stable
301182.SZ,roiic,凯旺科技,20250424.0,元器件,20241231,-13.345027568028556,-0.7606491229264101,0.09030518461745876,0.6232204474684481,,,down,2.220249368234972,172.51671757448145,high_volatility,increasing_vol,True,severe,-177.30699097982853,False,none,False,falling,bottom,False,True,-5.072726749666261,30.30599527780541,0.2,0.8064959405073401,84.77466299870312,-70.16475429690429,-0.8276618486584567,8,5,False,,stable
301183.SZ,roiic,东田微,20250422.0,元器件,20241231,8.68233103529006,0.742364344846497,0.08241668854668541,0.6395593590429447,,,up,1.5996266373323813,100.87302015602927,high_volatility,increasing_vol,True,mild,520.9549632870073,False,none,False,falling,mid_down,True,False,4.22257987857228,17.016976746365664,0.2,0.8064959405073401,72.18208993167895,69.93965254643666,0.9689336040648757,8,5,False,,stable
301185.SZ,roiic,鸥玛软件,20250410.0,软件服务,20241231,16.391708622620094,0.5355044020849082,0.045542660033178924,0.7303582215023843,,,up,2.0201335677386743,151.731065115864,high_volatility,stable,True,severe,96.63659054263836,False,none,False,falling,mid_down,False,False,1.6951289137384156,16.060507884171493,0.2,0.8064959405073401,-70.19190965092812,-11.27898202999597,1.0,10,5,False,,stable
301186.SZ,roiic,超达装备,20250425.0,专用机械,20241231,-1.2513370438501745,0.23151992333140212,0.013842316037266001,0.8505453934697577,,,up,8.006079006885916,11.820293368638575,high_volatility,increasing_vol,True,severe,-245.80316579898468,False,none,False,falling,bottom,False,True,-3.3851111281932127,0.8837293999922116,0.0,1.0,-1.8518158922837755,-17.80140109065897,1.0,10,5,False,,stable
301189.SZ,roiic,奥尼电子,20250426.0,IT设备,20241231,2.7830324800597195,0.5771763919256874,0.0868381024771169,0.6303012136054459,,,up,2.169619270115193,4987.3435130680555,high_volatility,stable,True,severe,-99.6050210901689,False,none,False,falling,mid_down,False,False,-2.766982911974152,-0.9651970354567219,0.0,1.0,2299.5532064354275,44.31609574148347,0.019271611379750822,10,5,False,,stable
301195.SZ,roiic,北路智控,20250422.0,软件服务,20241231,-19.08430795727127,-2.450779106841886,0.7900064273384172,0.04374995409995207,,,down,6.5158918893458395,36.906596811871665,high_volatility,increasing_vol,False,none,-393.9850985991729,False,none,False,rising,mid_up,False,True,-3.41281782004436,-14.459169905269036,-0.8,0.0864107329737,-11.389382190791812,-25.97335281404018,1.0,7,5,False,,stable
301196.SZ,roiic,唯科科技,20250422.0,专用机械,20241231,2.5246182410820195,-0.618322820613711,0.06795876670711631,0.6718791866971079,,,down,2.121316473335883,40.89454610064717,high_volatility,increasing_vol,False,none,10111.290936638328,False,none,False,rising,top,False,False,2.1663928021785033,-16.006040899205185,-0.2,0.8064959405073401,20.035294551274202,75.51667535115146,3.769182187858015,8,5,False,,stable
301197.SZ,roiic,工大科雅,20250428.0,软件服务,20241231,-0.6153041194230506,-0.4362434120703377,0.16339578113561587,0.4997092015839882,,,down,2.5141156084642446,14.69520814063633,high_volatility,decreasing_vol,True,severe,51.71035491685131,False,none,False,falling,mid_down,False,False,0.3455863719550294,-2.171493032651054,-0.2,0.8064959405073401,4.709762047156842,-2.1817360149263707,-0.46323699437075094,10,5,False,,stable
301199.SZ,roiic,迈赫股份,20250429.0,专用机械,20241231,21.800826277656874,1.9422311994653505,0.8877185684828532,0.01654079757945004,,,up,2.8559679291651863,327.9670741665859,high_volatility,stable,False,none,111.70705111877142,False,none,False,rising,top,True,False,6.169020220912922,22.49749243272506,0.6,0.22067136191984693,-108.2954513615654,81.72538280312321,1.0,9,5,False,,stable
301200.SZ,roiic,大族数控,20250421.0,专用机械,20241231,2.934368811345763,0.09448300263531761,0.4062205892496765,0.24739656273794505,,,up,0.8784101600859491,23.456923734112166,high_volatility,stable,True,mild,391.5373934118107,False,none,False,falling,mid_down,True,False,3.8038270472601017,2.055851712429495,0.2,0.8064959405073401,27.58414992028208,38.277799548457686,1.3876737060623636,10,5,False,,stable
301201.SZ,roiic,诚达药业,20250425.0,生物制药,20241231,-12.183383570241876,-0.3191375998409869,0.03636848564091543,0.7586664848720839,,,down,3.007066628300214,300.0136561533592,high_volatility,stable,False,none,6567.094777024355,False,none,False,rising,top,False,False,2.0886129102904323,130.6164446791356,0.6,0.22067136191984693,-55.03564483910579,218.27123500037163,1.0,8,5,False,,stable
301207.SZ,roiic,华兰疫苗,20250329.0,生物制药,20241231,-2.178892718400863,0.5805134815852915,0.04749631166461745,0.7247271582553108,,,up,1.9635657334043917,130.359309740537,high_volatility,increasing_vol,False,none,9570.901564065678,False,none,False,rising,top,True,False,4.085207668557015,45.80661880761983,0.4,0.4624327264504764,81.96427036460724,285.5003418139384,3.483229223464417,8,5,False,,stable
301208.SZ,roiic,中亦科技,20250425.0,软件服务,20241231,-8.970714076083546,-0.9377104519445585,0.17685476398489594,0.4807809879084397,,,down,2.9039218551768475,67.60033424193767,high_volatility,increasing_vol,True,severe,-2130.7863532449514,False,none,False,falling,bottom,False,False,-4.068085572655291,-38.98800092033851,-0.8,0.0864107329737,-34.394227350742646,-131.29823838635238,1.0,8,5,False,,stable
301210.SZ,roiic,金杨股份,20250425.0,电气设备,20241231,-30.993861149544408,-2.6471572822992644,0.7897741001132234,0.04382623572484364,,,down,10.438614748492004,52.54500670577402,high_volatility,stable,True,severe,-118.786616887861,False,none,False,falling,bottom,False,False,-0.39132039694336296,-31.4639680501199,-0.8,0.0864107329737,-4.264443817429033,-57.52240498050926,1.0,7,5,False,,stable
301211.SZ,roiic,亨迪药业,20250424.0,化学制药,20241231,43.67939242836805,1.3415697962887094,0.6277576471125237,0.11001129008257234,,,up,7.317519470073632,130.872519948417,high_volatility,increasing_vol,False,none,204.59712347609894,False,none,False,rising,top,True,False,5.87918348572987,42.1145565521214,0.4,0.4624327264504764,30.98863791705173,182.81988005872896,5.899577791966486,10,5,False,,stable
301213.SZ,roiic,观想科技,20250429.0,软件服务,20241231,34.846557177150274,0.280251160711949,0.008020770785413906,0.8861228685564143,,,up,1.5954738567099815,179.14315331403665,high_volatility,increasing_vol,True,severe,-112.02259464341557,False,none,False,falling,bottom,False,True,-4.989333236629906,63.136141067355105,0.2,0.8064959405073401,122.73606601714454,-25.45212435393429,-0.20737282185970488,10,5,False,,stable
301217.SZ,roiic,铜冠铜箔,20250422.0,元器件,20241231,-15.584420637276091,-0.9560651668229436,0.15724443332218913,0.5086718336855005,,,down,3.281649564129346,122.03738216911323,high_volatility,increasing_vol,False,none,5153.605357274733,False,none,False,rising,top,False,False,4.17747849936692,28.71626179009468,0.2,0.8064959405073401,46.73927633580263,230.38774935242395,4.929210878174107,9,5,False,,stable
301218.SZ,roiic,华是科技,20250419.0,软件服务,20241231,-12.491230973680791,-2.1557378947248664,0.8496727848638195,0.025952148600500588,,,down,2.9440823143079675,20.881195644002005,high_volatility,stable,True,severe,-606.130421878089,False,none,False,falling,bottom,True,False,-0.9723173069961153,-14.33190080770434,-0.8,0.0864107329737,-10.839968416293575,-34.68722570946509,1.0,10,5,False,,stable
301219.SZ,roiic,腾远钴业,20250421.0,小金属,20241231,-4.124643141917441,-0.7489165711011678,0.06649164117406772,0.6753583635017131,,,down,1.375556055987239,47.71591167658937,high_volatility,stable,False,none,465.5296997641116,False,none,False,rising,top,True,False,4.440814111428721,-1.7702647452411018,0.0,1.0,33.45106011530003,81.08376491866865,2.423952025412256,10,5,False,,stable
301221.SZ,roiic,光庭信息,20250421.0,软件服务,20241231,-42.75688301930765,-2.5550320298812905,0.7131513738831491,0.0718788966339558,,,down,1.2756741189781113,124.57551881502415,high_volatility,stable,False,none,70.61869966790564,False,none,False,rising,mid_up,True,False,0.6123748579296437,-33.7049444711317,-0.6,0.22067136191984693,-110.4817221271964,-60.673807108394904,1.0,10,5,False,,stable
301222.SZ,roiic,浙江恒威,20250429.0,电气设备,20241231,1.9319489032971369,0.5620971751845776,0.15526155556701254,0.5116052279731709,,,up,34.55268973503851,57.21617133012028,high_volatility,increasing_vol,False,none,40.16915483863297,False,none,False,rising,top,False,False,0.1679843751167691,-24.993370600028882,-0.2,0.8064959405073401,-4.607147297530561,11.825834671736397,1.0,10,5,False,,stable
301226.SZ,roiic,祥明智能,20250425.0,电气设备,20241231,-7.114468579146219,-0.346841401282061,0.37839993131576877,0.26944418815254667,,,down,2.353592001538287,6897.4168086337,high_volatility,increasing_vol,False,none,13926.645487219786,False,none,False,rising,top,False,False,2.463955978004175,-11.619572839299424,-0.2,0.8064959405073401,-3358.0069208644722,554.3862280191004,1.0,10,5,False,,stable
301230.SZ,roiic,泓博医药,20250424.0,生物制药,20241231,4.205058649379543,0.6714535829081931,0.38782721802613984,0.26182837572382683,,,up,26.148612595582755,32.7576084721439,high_volatility,increasing_vol,False,none,2527.2128351603337,False,none,False,rising,top,False,False,1.5416558067685249,0.9665840427545562,0.2,0.8064959405073401,-2.009228820572871,26.514425515783717,1.0,10,5,False,,stable
301234.SZ,roiic,五洲医疗,20250419.0,医疗保健,20241231,-52.413911881175444,-2.8103147028191913,0.8020133850548508,0.03988046299689918,,,down,1.752232767981375,95.76868683689653,high_volatility,increasing_vol,False,none,-2798.076271184772,False,none,False,rising,mid_up,False,True,-4.055107868564107,-49.359121216103695,-0.6,0.22067136191984693,-70.37940464259856,-149.2287241887112,1.0,8,5,False,,stable
301235.SZ,roiic,华康洁净,20250425.0,医疗保健,20241231,1.9015675617983891,0.26403797258801026,0.040011174170850115,0.747025230778515,,,up,9.34815012301922,12.892650764070314,high_volatility,decreasing_vol,True,severe,-180.75918381941088,False,none,False,falling,mid_down,False,True,-2.1439191288613553,-2.7316263978130664,-0.2,0.8064959405073401,1.2090406354714536,-3.7802369204385946,-3.1266417434882396,8,5,False,,stable
301236.SZ,roiic,软通动力,20250426.0,软件服务,20241231,1.7657719685206863,0.13584999818326163,0.010637259225565002,0.868914963032265,,,up,4.218521066882663,80.75636388136083,high_volatility,increasing_vol,False,none,-347.79525580177585,False,none,False,rising,mid_up,False,False,-2.0638406846826483,-29.228718886604305,-0.4,0.4624327264504764,-27.82676704786639,-6.057661063225394,1.0,8,5,False,,stable
301239.SZ,roiic,普瑞眼科,20250429.0,医疗保健,20241231,-2.9333971942537738,0.022159076897480912,0.00012379257730167894,0.985833960110108,,,up,1.2759240071817497,55.050120808542914,high_volatility,increasing_vol,False,none,1415.2978288231727,False,none,False,rising,top,True,False,4.2816760609875475,18.00634487553491,0.2,0.8064959405073401,48.85488485700263,131.05162156609026,2.682467105381089,8,5,False,,stable
301246.SZ,roiic,宏源药业,20250425.0,化学制药,20241231,2.3531695881365966,-0.5145342110156863,0.0439895692041811,0.7349256732989418,,,down,2.1900742049559585,104.67733081047292,high_volatility,stable,True,severe,-3580.1187896291717,False,none,False,falling,bottom,False,False,-1.7991199132548898,-39.84519631479268,-0.4,0.4624327264504764,-59.205391409880505,-214.24968189483457,1.0,10,5,False,,stable
301248.SZ,roiic,杰创智能,20250421.0,软件服务,20241231,6.386809322214371,0.713181883048683,0.0822726817139794,0.6398654040305105,,,up,1.5106224238335748,109.22322391782825,high_volatility,increasing_vol,True,mild,1080.506270917809,False,none,False,falling,mid_down,True,False,3.768891685468434,14.732839904980043,0.4,0.4624327264504764,81.30531140010054,67.66454331322178,0.8322278354023759,10,5,False,,stable
301251.SZ,roiic,威尔高,20250422.0,元器件,20241231,-0.7916062481965709,-0.12040918806374842,0.0894995551478959,0.624852277971123,,,down,3.475113003587575,39.61203169833546,high_volatility,stable,True,severe,-332.23934081450193,False,none,False,falling,bottom,False,True,-4.047975111973788,-22.808030524942907,-0.8,0.0864107329737,4.503846623908279,-43.62836887513818,-9.686912658957072,6,5,False,,stable
301257.SZ,roiic,普蕊斯,20250429.0,医疗保健,20241231,5.250013049915307,0.08768461701382364,0.0009552039700615622,0.9606550477422873,,,up,6.381187860769623,43.20792774273244,high_volatility,decreasing_vol,True,severe,-689.2346682186659,False,none,False,falling,mid_down,False,True,-3.3097814032153745,0.20291996410605506,0.0,1.0,-5.196137867007236,-33.09663299005629,1.0,10,5,False,,stable
301258.SZ,roiic,富士莱,20250422.0,化学制药,20241231,6.887083683614549,0.30061067606690417,0.026513702299051624,0.7935978637367905,,,up,5.810164626356734,146.51398376029752,high_volatility,increasing_vol,False,none,1518.8986803692032,False,none,False,rising,top,False,False,1.390946323343216,30.803541514202855,0.4,0.4624327264504764,-19.830610645706237,163.3030869322311,1.0,10,5,False,,stable
301260.SZ,roiic,格力博,20250429.0,专用机械,20241231,22.935596301284463,0.22124193701724923,0.0048229073621457895,0.911648263147704,,,up,3.2976693562272694,92.68515739041473,high_volatility,increasing_vol,False,none,6562.839194990106,False,none,False,rising,top,True,False,3.7800748147899084,15.927320865828676,0.2,0.8064959405073401,34.98694042791318,173.24349973033867,4.9516618947372155,7,5,False,,stable
301266.SZ,roiic,宇邦新材,20250421.0,电气设备,20241231,0.41622418331006356,0.09136479914252593,0.14997982638706783,0.5195285353415869,,,up,2.733754423812967,137.80015728007115,high_volatility,increasing_vol,True,severe,-4984.255136722772,False,none,False,falling,bottom,False,True,-4.443329661843968,-18.63638112326265,-0.4,0.4624327264504764,-69.77413052218301,-296.22455831107214,1.0,10,5,False,,stable
301267.SZ,roiic,华厦眼科,20250428.0,医疗保健,20241231,-12.358496189826733,-1.579133005360851,0.5667615547599175,0.1419113164225029,,,down,2.5823869186296387,105.78983645012669,high_volatility,decreasing_vol,True,severe,-1295.3504227297608,False,none,False,falling,mid_down,False,True,-3.3040665840707555,-34.53912624014495,-1.0,0.02748633611151033,23.837108876120155,-46.68267019436615,-1.9584031954954284,9,5,False,,stable
301269.SZ,roiic,华大九天,20250428.0,半导体,20241231,-20.40662911906906,-2.370358997844178,0.8440827894391977,0.027465351082047656,,,down,2.075790708113876,35.78166724187502,high_volatility,increasing_vol,False,none,-1941.7685859077149,False,none,False,rising,mid_up,False,True,-3.2308075905898863,-18.81859729928147,-0.8,0.0864107329737,-23.359597085161347,-53.521724828334364,1.0,7,5,False,,stable
301270.SZ,roiic,汉仪股份,20250424.0,软件服务,20241231,15.035033139774498,1.6984963648024027,0.5160867894466836,0.17161196809126145,,,up,2.082015610586128,167.39340176194426,high_volatility,increasing_vol,True,mild,11963.80821618578,False,none,False,falling,mid_down,False,False,2.0248067521629878,21.265882068485404,0.6,0.22067136191984693,95.66163105860791,39.60611292523461,0.4140229733378641,8,5,False,,stable
301272.SZ,roiic,英华特,20250426.0,专用机械,20241231,0.7760187817586919,0.5570495021965751,0.06649404934188534,0.6753526191868324,,,up,3.3805595115973275,90.92252364129043,high_volatility,increasing_vol,True,severe,-616.3444496992045,False,none,False,falling,bottom,False,False,-5.088133613719529,-40.94903431732896,-0.4,0.4624327264504764,-38.832276653280886,-184.138176475771,1.0,7,5,False,,stable
301275.SZ,roiic,汉朔科技,20250425.0,元器件,20241231,3.0757665161499403,0.16511026121515254,0.00416825308690854,0.9178542391003162,,,up,1.3880838318551636,55.8021212415068,high_volatility,decreasing_vol,True,severe,-99.31903429539823,False,none,False,falling,mid_down,False,False,-2.338079285672179,-0.10038850296717605,0.0,1.0,41.12355930023667,0.7048169331619434,0.017139006086904718,5,5,False,,stable
301277.SZ,roiic,新天地,20250311.0,化学制药,20241231,-8.280832739799436,-0.29459198842404694,0.012422541109657273,0.8583836007329123,,,down,13.657859782057686,33.136310786440774,high_volatility,stable,False,none,129.72707540525016,False,none,False,rising,top,False,False,0.41409807278601196,-10.366683519478952,-0.2,0.8064959405073401,-0.058078275650279565,17.348232022851438,1.0,7,5,False,,stable
301278.SZ,roiic,快可电子,20250429.0,电气设备,20241231,1.625262206146663,0.14610357536052346,0.1633823840903852,0.4997285007878347,,,up,7.513147759162315,79.09363216119,high_volatility,increasing_vol,True,severe,-1033.6048657037238,False,none,False,falling,bottom,False,False,-4.575356242964983,-33.92396497457212,-0.4,0.4624327264504764,-22.157847188574046,-148.21288935232909,1.0,8,5,False,,stable
301280.SZ,roiic,珠城科技,20250328.0,元器件,20241231,-6.141872344180818,-0.8306852874820148,0.11204577448627011,0.5819037919614888,,,down,2.4798263919332726,40.20615732086052,high_volatility,increasing_vol,False,none,5674.527152277757,False,none,False,rising,top,False,False,1.9184405461066396,-19.010586488943993,-0.2,0.8064959405073401,14.370733490170888,52.2594773149514,3.636521222155791,9,5,False,,stable
301281.SZ,roiic,科源制药,20250411.0,化学制药,20241231,17.678742366786175,-0.10366702702090339,0.0013345993611768548,0.9534961463364187,,,down,2.0217412903403047,76.42538824371448,high_volatility,decreasing_vol,True,severe,-558.840296214549,False,none,False,falling,mid_down,False,True,-4.07395794029277,-8.219372309313854,-0.2,0.8064959405073401,-32.498141842564436,-62.921115155508886,1.0,10,5,False,,stable
301282.SZ,roiic,金禄电子,20250329.0,元器件,20241231,-21.352690561730014,-2.302556087170493,0.7064667510482504,0.07459989919118228,,,down,2.331688206773621,49.90371731805585,high_volatility,increasing_vol,False,none,-611.8978085007781,False,none,False,rising,mid_up,False,False,-3.558737448026177,-15.589699318243685,-0.4,0.4624327264504764,-27.808204441483767,-39.643098184165765,1.0,8,5,False,,stable
301285.SZ,roiic,鸿日达,20250424.0,元器件,20241231,-15.13221994824031,-1.7596835256767522,0.6838529784145434,0.08413352650940822,,,down,1.9344670326507722,25.444612305377788,high_volatility,increasing_vol,True,severe,-7514.494768341049,False,none,False,falling,bottom,False,False,-2.618793684747703,-15.576464406028958,-0.8,0.0864107329737,-17.692959308117626,-50.02523196426524,1.0,7,5,False,,stable
301290.SZ,roiic,东星医疗,20250415.0,医疗保健,20241231,-0.8329184144628694,-0.06559224910793766,0.014316345012942253,0.8480199914279263,,,down,3.9936608258594126,50.42182314589671,high_volatility,increasing_vol,False,none,497.5755870185095,False,none,False,rising,mid_up,False,False,0.8544546345977656,-3.439282293762921,-0.4,0.4624327264504764,-16.25088549014592,9.853202744076938,1.0,10,5,False,,stable
301291.SZ,roiic,明阳电气,20250424.0,电气设备,20241231,-12.328148028616175,-0.9389047306382221,0.1184468288307266,0.5706116946573709,,,down,1.845235038077399,38.6060102968583,high_volatility,decreasing_vol,True,severe,-124.83005919268537,False,none,False,falling,mid_down,False,False,-4.0435519818502,-17.912957710557706,-0.4,0.4624327264504764,17.223557125205105,-14.199264246407136,-0.8244095074662485,7,5,False,,stable
301293.SZ,roiic,三博脑科,20250418.0,医疗保健,20241231,-0.2891353627408385,-0.09492157225869376,0.07960475451801144,0.6455889311698109,,,down,4.859207948534311,21.3479302784032,high_volatility,stable,False,none,115.79326252379101,False,none,False,rising,top,True,False,3.520833107508289,0.006023663858712558,0.0,1.0,-4.480034846176799,6.699689888724817,1.0,8,5,False,,stable
301295.SZ,roiic,美硕科技,20250424.0,电气设备,20241231,-6.24129544785945,-1.137618769942129,0.4643300887004903,0.20522862225569174,,,down,2.1930487780429178,535.7730370473902,high_volatility,increasing_vol,False,none,80396.41295493377,False,none,False,rising,top,True,False,4.4892859947057415,1.608896710498044,0.2,0.8064959405073401,314.73610798794647,1202.4006269690724,3.8203453510809795,10,5,False,,stable
301297.SZ,roiic,富乐德,20250430.0,半导体,20241231,2.253945971882137,0.15161923347631706,0.061603365825401143,0.6872569170469536,0.07698505955403823,0.07698505955403823,up,1.4114567454209135,53.060843053142015,high_volatility,increasing_vol,True,mild,934.9529540112593,False,none,False,falling,mid_down,True,False,1.152788012776683,4.779953918365058,0.2,0.8064959405073401,41.79125704915492,28.3926496514683,0.6793920943338181,7,5,False,,stable
301301.SZ,roiic,川宁生物,20250422.0,化学制药,20241231,3.0992475269866704,0.2928322735330811,0.30226586983908976,0.33705652404833275,,,up,2.665028776323466,69.64183296918566,high_volatility,increasing_vol,False,none,291.72440938034225,False,none,False,rising,top,False,False,0.6825672554640332,17.842751068357913,0.2,0.8064959405073401,29.269755841607775,118.830340435091,4.059833675352029,10,5,False,,stable
301302.SZ,roiic,华如科技,20250421.0,软件服务,20241231,2.780131684904425,0.18313831782296358,0.19162482795685576,0.4609907522640925,0.2934188528294879,0.2934188528294879,up,1.7566539283799047,102.16955676264949,high_volatility,increasing_vol,True,mild,508.12050466269693,False,none,False,falling,mid_down,False,False,0.894862353901458,4.7208522300518565,0.4,0.4624327264504764,65.8693657981594,23.813210981392235,0.36152178926941564,10,5,False,,stable
301308.SZ,roiic,江波龙,20250321.0,半导体,20241231,-2.99684542771965,-0.7660793801054414,0.060637498125645235,0.6896668948015747,,,down,2.627775283028923,53.37504357355325,high_volatility,stable,False,none,282.47295812934044,False,none,False,rising,top,True,False,4.64080627654274,2.5825825112914296,0.2,0.8064959405073401,19.4128215606577,69.98385127581564,3.6050324295797322,7,5,False,,stable
301312.SZ,roiic,智立方,20250421.0,专用机械,20241231,-18.784096076960804,-1.8421014659764672,0.6644439233309946,0.09272420280819736,,,down,2.7924330522677314,138.31076849609713,high_volatility,increasing_vol,False,none,-961.0600182570065,False,none,False,rising,mid_up,False,True,-3.212204022998015,-23.564873437593427,-0.8,0.0864107329737,-64.24418595638909,-36.180646522785516,1.0,7,5,False,,stable
301314.SZ,roiic,科瑞思,20250425.0,元器件,20241231,-11.040064258499601,-1.7058719757781549,0.4241266330854486,0.23386614100965603,,,down,2.22735301341906,1740.2078386872727,high_volatility,increasing_vol,False,none,7872.787813726948,False,none,False,rising,top,True,False,6.783612650662577,43.57850253000591,0.2,0.8064959405073401,1011.6580913392421,3893.339844307525,3.848473983095896,7,5,False,,stable
301315.SZ,roiic,威士顿,20250422.0,软件服务,20241231,0.3858245615878792,0.2724304309985444,0.08310617217901753,0.638098083081083,,,up,3.0623538324094617,74.63120770688127,high_volatility,increasing_vol,True,severe,-2742.9155622529784,False,none,False,falling,bottom,False,False,-1.66953288688257,-29.448175835175924,-0.6,0.22067136191984693,-35.7230000242848,-154.49311604133612,1.0,9,5,False,,stable
301316.SZ,roiic,慧博云通,20250425.0,软件服务,20241231,-2.55808102177223,-0.8818849161687188,0.35860973397215473,0.28593885733545016,,,down,3.567970147425638,12.46610093326767,high_volatility,decreasing_vol,True,severe,-383.09139311474564,False,none,False,falling,mid_down,False,True,-2.3782321507859674,-6.963808167280389,-1.0,0.02748633611151033,1.2729819497143247,-8.951073217324357,-7.0315790568225305,9,5,False,,stable
301318.SZ,roiic,维海德,20250423.0,IT设备,20241231,-6.045875303889264,0.5583586919400424,0.0596985989575085,0.6920292470664003,,,up,5.855994419156786,108.07053199171456,high_volatility,increasing_vol,False,none,9596.274183392457,False,none,False,rising,mid_up,False,False,1.9697244734086703,-27.661878586347154,-0.2,0.8064959405073401,-26.77459652567638,37.469786893043334,1.0,10,5,False,,stable
301319.SZ,roiic,唯特偶,20250421.0,元器件,20241231,-29.702439794376623,-2.696111544840312,0.9106142348655027,0.011661657097558375,,,down,7.331200497895022,47.85899987443679,high_volatility,increasing_vol,True,severe,-2509.0632691643696,False,none,False,falling,bottom,False,True,-3.459712016373006,-28.022048575851617,-1.0,0.02748633611151033,-15.438857841864298,-77.14515969280889,1.0,8,5,False,,stable
301320.SZ,roiic,豪江智能,20250419.0,电气设备,20241231,-2.378183355843487,-0.9769225034337122,0.2620882148358133,0.3778834072741756,,,down,2.37126823437637,216.57177138736483,high_volatility,increasing_vol,False,none,5976.818449329542,False,none,False,rising,top,True,False,4.826578098120203,18.08172563498094,0.4,0.4624327264504764,119.58432111807491,477.39637098961475,3.992131798935783,7,5,False,,stable
301321.SZ,roiic,翰博高新,20250423.0,元器件,20241231,-44.306864657761245,-1.1181074773945796,0.13952316416964217,0.5357125405575677,,,down,1.5498261641249413,113.94985301399873,high_volatility,increasing_vol,True,severe,-43.02278837828148,False,none,False,falling,bottom,False,False,-0.17891440866248098,-47.016846321142225,-0.4,0.4624327264504764,-86.81633950801859,-229.2478599113843,1.0,10,5,False,,stable
301325.SZ,roiic,曼恩斯特,20250429.0,专用机械,20241231,4.357268381838385,1.240839650983671,0.3994397407937206,0.2526525837422896,,,up,6.456754596437531,77.98445468111662,high_volatility,increasing_vol,True,severe,-337.27782555828253,False,none,False,falling,bottom,False,True,-5.2299200661711325,-19.09191175272594,-0.2,0.8064959405073401,-20.388929619542928,-143.8489228803186,1.0,7,5,False,,stable
301326.SZ,roiic,捷邦科技,20250425.0,元器件,20241231,5.843460008021195,0.3781646290654427,0.196283661178034,0.45494435850701226,0.6447986772985748,0.6447986772985748,up,1.6685466563891154,73.13466365242884,high_volatility,increasing_vol,True,mild,7455.615076631638,False,none,False,falling,mid_down,True,False,1.8962111546982567,8.304929637220042,0.4,0.4624327264504764,50.5816522769975,34.510603355242125,0.6822751294531388,7,5,False,,stable
301327.SZ,roiic,华宝新能,20250426.0,电气设备,20241231,-72.7338121267873,-2.4146619804712204,0.77306533293636,0.04945201118213795,,,down,2.3838323139114945,302.1400071440994,high_volatility,increasing_vol,True,severe,-22468.979180687387,False,none,False,falling,bottom,False,False,-3.294713253742798,-74.91139130435609,-0.4,0.4624327264504764,123.29284286642212,-176.37622792912256,-1.4305471739362197,10,5,False,,stable
301328.SZ,roiic,维峰电子,20250426.0,元器件,20241231,-25.168045325533356,-1.1327259904175535,0.17714448019105786,0.4803832776426651,,,down,1.9591592554275077,461.52487967022086,high_volatility,increasing_vol,True,severe,-28168.34094662724,False,none,False,falling,bottom,False,True,-4.833716981035576,-158.31275851738243,-0.8,0.0864107329737,-306.5380535359004,-1043.542098497314,1.0,7,5,False,,stable
301329.SZ,roiic,信音电子,20250411.0,元器件,20241231,0.45951378661750697,0.14022756988853552,0.12544487056537532,0.5586557925917026,,,up,3.401271165735586,185.4083206537565,high_volatility,increasing_vol,True,severe,-6269.038189926967,False,none,False,falling,bottom,True,False,-2.073418012726452,-89.72985747190903,-0.4,0.4624327264504764,-83.59726772376987,-373.2951959410055,1.0,10,5,False,,stable
301330.SZ,roiic,熵基科技,20250423.0,IT设备,20241231,-0.3612891178258074,0.12075460750185334,0.0023725211557454407,0.938006901784819,,,up,2.631947236767393,29.729619037788325,high_volatility,increasing_vol,False,none,474.549918805689,False,none,False,rising,top,False,False,0.8614673235464223,0.29517821516654785,0.0,1.0,-11.404061140395012,17.36437772132774,1.0,8,5,False,,stable
301333.SZ,roiic,诺思格,20250328.0,医疗保健,20241231,-2.6889499363070124,-0.6550357858350987,0.11085088182179137,0.5840516979334052,,,down,12.028219122722993,10.721589814059772,high_volatility,decreasing_vol,True,severe,-316.51715666731053,False,none,False,falling,bottom,False,True,-2.6553757303272953,-5.829096875096603,-0.4,0.4624327264504764,-1.6980546595343218,-10.401990960827096,1.0,9,5,False,,stable
301337.SZ,roiic,亚华电子,20250419.0,软件服务,20241231,-5.363045851515899,-0.7077822190636385,0.1949239995590409,0.45669968549396445,,,down,1.6490212822955284,86.93672192770862,high_volatility,increasing_vol,False,none,2561.673871385784,False,none,False,rising,top,False,False,1.6387089332105702,-7.594259782600675,-0.2,0.8064959405073401,62.54174370787539,206.48805556500545,3.301603750120642,10,5,False,,stable
301338.SZ,roiic,凯格精机,20250426.0,专用机械,20241231,3.2048073864485276,0.07775730741034251,0.024345806480861085,0.8021436970420384,,,up,2.7556625132195594,365.70179352842086,high_volatility,increasing_vol,False,none,666.0637875940497,False,none,False,rising,top,False,False,1.015268295017044,-11.510565353114433,-0.2,0.8064959405073401,-156.31678755459106,50.71583808636082,1.0,8,5,False,,stable
301339.SZ,roiic,通行宝,20250328.0,IT设备,20241231,-0.022957403443621162,-0.0021394358847973472,3.922161195439194e-06,0.9974784211447435,,,down,3.520804544497523,88.41148346569192,high_volatility,decreasing_vol,False,none,4333.655392751536,False,none,False,rising,mid_up,False,False,2.510303838443588,21.472581242936123,0.6,0.22067136191984693,-12.105019872061522,35.39774617504292,1.0,8,5,False,,stable
301348.SZ,roiic,蓝箭电子,20250429.0,半导体,20241231,-1.6687823657795462,-0.49098923328256505,0.044944552595572035,0.7321073811560129,,,down,6.748677968275291,205.4550532069813,high_volatility,decreasing_vol,False,none,2934.048367965814,False,none,False,rising,top,True,False,3.8689865409796367,35.140908972383784,0.4,0.4624327264504764,-17.880748035831147,126.70194044059645,1.0,8,5,False,,stable
301353.SZ,roiic,普莱得,20250424.0,专用机械,20241231,-5.774724332780342,-0.8191425268941732,0.2128452817856846,0.43414870125727656,,,down,1.7518960466417233,67.03374404819374,high_volatility,increasing_vol,False,none,7751.107585613957,False,none,False,rising,top,True,False,3.602809526319094,-5.417885619721279,-0.2,0.8064959405073401,45.51588521773271,156.13968302155075,3.4304437291427146,7,5,False,,stable
301357.SZ,roiic,北方长龙,20250429.0,专用机械,20241231,-13.659215520812825,-1.7803450616725869,0.5337036764763623,0.16094138868407498,,,down,1.9612727831507908,77.3895016756655,high_volatility,increasing_vol,False,none,905.384354299123,False,none,False,rising,top,True,False,4.772419616406585,-5.058102896742808,0.0,1.0,45.479271719424055,167.67952749792408,3.686943989173615,7,5,False,,stable
301358.SZ,roiic,湖南裕能,20250315.0,电气设备,20241231,-21.44729921973522,-1.8159651000423094,0.3808887589019129,0.26741880315718386,,,down,163.31523564816098,56.66528608622803,high_volatility,stable,False,none,-193.82567437004454,False,none,False,rising,mid_up,False,True,-4.334928549137717,-27.157627384772383,-0.4,0.4624327264504764,-6.08722099805677,-36.956572046294994,1.0,9,5,False,,stable
301359.SZ,roiic,东南电子,20250418.0,元器件,20241231,-1.76356386943606,-0.858608407172575,0.34009054773405517,0.30203024017115215,,,down,5.025153141141696,143.0819138502753,high_volatility,increasing_vol,False,none,7773.795238468949,False,none,False,rising,top,True,False,4.121001411568753,0.3880489802112961,0.0,1.0,40.697395104245516,267.21315853483094,6.565854100744534,10,5,False,,stable
301360.SZ,roiic,荣旗科技,20250421.0,专用机械,20241231,-2.833446430154126,-0.5220892825720405,0.10536177194349028,0.5940897787385756,,,down,0.9620373013641769,24.112204705042338,high_volatility,stable,False,none,363.8620292539113,False,none,False,rising,top,False,False,0.7660968948197675,-7.741334390065277,-0.4,0.4624327264504764,24.213656086768154,47.94489385375044,1.9800766014823556,7,5,False,,stable
301361.SZ,roiic,众智科技,20250417.0,电气设备,20241231,-1.783666923342993,-0.12373703692814568,0.05228822144504469,0.7114107181998841,,,down,2.268848036449026,98.20296316531358,high_volatility,decreasing_vol,False,none,241.7768748547881,False,none,False,rising,mid_up,False,False,0.59111917935423,-32.01531092732851,-0.6,0.22067136191984693,29.085340813415485,7.246273196876553,0.24913832859521595,10,5,False,,stable
301362.SZ,roiic,民爆光电,20250401.0,电气设备,20241231,4.624058606428759,0.87607998501714,0.194989207605265,0.45661532832748514,,,up,2.1888269327401,140.1809589844433,high_volatility,increasing_vol,False,none,873.2315498480867,False,none,False,rising,top,False,False,1.1376059384903385,31.825583895668203,0.8,0.0864107329737,84.26629607779674,312.41125134273176,3.707428306262636,8,5,False,,stable
301363.SZ,roiic,美好医疗,20250418.0,医疗保健,20241231,6.197413294536765,1.3764567162619457,0.48250638582413685,0.19302405004517803,,,up,3.1458246310585136,68.29114418398683,high_volatility,increasing_vol,False,none,44.84187099187653,False,none,False,rising,mid_up,False,False,0.18476185198656658,0.6503083102200452,0.0,1.0,-24.506030000444987,16.975175447766937,1.0,7,5,False,,stable
301366.SZ,roiic,一博科技,20250428.0,元器件,20241231,-28.673802872108872,-2.590161896464533,0.886528934493283,0.016810945927925494,,,down,2.83934629773545,47.235550188810855,high_volatility,increasing_vol,True,severe,-2378.1389958183977,False,none,False,falling,bottom,False,True,-3.604463609688578,-27.222449057818178,-1.0,0.02748633611151033,-25.238206080758644,-87.00045332189535,1.0,8,5,False,,stable
301367.SZ,roiic,瑞迈特,20250418.0,医疗保健,20241231,-37.143282042454686,-1.9809878674965655,0.3260531634334156,0.3146766426661593,,,down,2.9780845087296828,123.1648056648961,high_volatility,stable,False,none,-253.87341588621751,False,none,False,rising,mid_up,False,False,-4.000050290985921,-33.81842657821619,-0.4,0.4624327264504764,-52.50003989570844,-33.85260877847075,1.0,8,5,False,,stable
301369.SZ,roiic,联动科技,20250418.0,半导体,20241231,-1.523788641015355,-1.410889435291475,0.39314599752961554,0.25759795157421117,,,down,1.288053401876684,65.10502111613756,high_volatility,increasing_vol,True,severe,-422.21965792437305,False,none,False,falling,bottom,False,True,-2.4893591927031973,-10.070249115081737,-0.2,0.8064959405073401,50.08814438849948,-10.688426988536119,-0.21339235300140688,8,5,False,,stable
301378.SZ,roiic,通达海,20250424.0,软件服务,20241231,-8.400827618716313,-1.0478025455875086,0.24844821991540988,0.39271685145858654,,,down,1.945600847151301,74.24463427484184,high_volatility,increasing_vol,False,none,1045.3287561280024,False,none,False,rising,top,True,False,4.6810939425075535,3.7448694910306615,0.0,1.0,45.45369771071578,165.7892802385811,3.647432191187738,7,5,False,,stable
301379.SZ,roiic,天山电子,20250422.0,元器件,20241231,1.636584349643318,0.04821985697630975,0.010178108940241551,0.8717654082010309,,,up,3.4515776402182623,40.03853562781688,high_volatility,increasing_vol,False,none,505.65350060409406,False,none,False,rising,top,False,False,0.8977767946778406,-5.446042634008962,0.0,1.0,9.397370027772467,39.79123167556448,4.234294441739303,7,5,False,,stable
301380.SZ,roiic,挖金客,20250428.0,软件服务,20241231,-2.9385164520849285,-0.12891494408383902,0.021439055005019532,0.8142395300093459,,,down,1.6998058989146714,76.57875354523102,high_volatility,decreasing_vol,False,none,-569.7186623210179,False,none,False,rising,mid_up,False,False,-0.6900757408329485,19.494537160059004,0.4,0.4624327264504764,-35.41689208572458,-2.9772535131847215,1.0,10,5,False,,stable
301383.SZ,roiic,天键股份,20250418.0,元器件,20241231,-15.40629310959003,-0.5540540770510182,0.9461567491880013,0.005390774662091592,,,down,2.8727040117477367,45.645311198983066,high_volatility,decreasing_vol,False,none,117.73920199601429,False,none,False,falling,mid_down,True,False,3.784861913390341,-16.039677095244546,-0.6,0.22067136191984693,11.267431332985234,9.25829854159528,0.8216867064005753,7,5,False,,stable
301386.SZ,roiic,未来电器,20250417.0,电气设备,20241231,-5.948962028717202,-0.39255512086837935,0.09963161241094708,0.6048855933006014,,,down,2.788372456251333,100.08271617044724,high_volatility,stable,False,none,13563.516779240155,False,none,False,rising,top,True,False,3.605380451905428,37.822030894769995,0.4,0.4624327264504764,48.03850284999205,203.59107435634365,4.238081169850141,10,5,False,,stable
301387.SZ,roiic,光大同创,20250422.0,元器件,20241231,2.0526701365473228,0.4725707730813,0.1747416307668601,0.4836938423389662,,,up,2.4078620966988744,51.61624050527989,high_volatility,increasing_vol,True,severe,-1070.353942091944,False,none,False,falling,bottom,False,False,-1.228538169883406,-17.93012233407246,-0.2,0.8064959405073401,-27.874201002231207,-109.65504776210719,1.0,7,5,False,,stable
301388.SZ,roiic,欣灵电气,20250419.0,电气设备,20241231,-4.984121633354928,0.251655239631239,0.021073129415074512,0.8158203040947994,,,up,1.3575766880504434,66.61760850124108,high_volatility,increasing_vol,True,mild,2484.8025534219228,False,none,False,falling,mid_down,True,False,2.5100065740117,4.612741076708927,0.0,1.0,51.95099959481993,27.921459541075283,0.5374575996389365,7,5,False,,stable
301389.SZ,roiic,隆扬电子,20250313.0,元器件,20241231,-16.514539923242516,-1.8108840688592,0.6945510935460573,0.07955995007724868,,,down,2.0852716647405964,86.57794790943178,high_volatility,increasing_vol,True,severe,-3667.9390537676495,False,none,False,falling,bottom,False,False,-2.606163005285396,-17.908052684340987,-0.4,0.4624327264504764,41.98094787261827,-37.01663930849733,-0.8817485355694202,7,5,False,,stable
301391.SZ,roiic,卡莱特,20250429.0,IT设备,20241231,-0.7287221595993982,-0.40066592698722864,0.11719367713245354,0.5727946959806705,,,down,2.249323767409242,2506.5918341570737,high_volatility,increasing_vol,True,severe,-103218.03749655146,False,none,False,falling,bottom,False,False,-5.858319059248863,-14.238292133991099,-0.6,0.22067136191984693,-1451.234489255385,-5598.273476588473,1.0,7,5,False,,stable
301392.SZ,roiic,汇成真空,20250424.0,专用机械,20241231,-6.673240342557667,-1.2914887924707639,0.4991034918882307,0.18226136058084,,,down,0.8323912940577815,16.05760373028378,high_volatility,stable,True,severe,-118.28923795269779,False,none,False,falling,bottom,False,False,-3.3785813649065504,-8.21151269073289,-0.4,0.4624327264504764,17.288959752136417,-6.2509267848755,-0.36155597991389077,7,5,False,,stable
301396.SZ,roiic,宏景科技,20250424.0,软件服务,20241231,-19.6167048941183,-2.485307543719413,0.9182454049744734,0.0101756223078204,,,down,4.898112008024368,31.82398723946474,high_volatility,stable,True,severe,-6715.5466750787955,False,none,False,falling,mid_down,False,False,-1.9263376161993573,-19.86240618841021,-1.0,0.02748633611151033,-12.382206139841376,-42.393667851336986,1.0,9,5,False,,stable
301418.SZ,roiic,协昌科技,20250425.0,电气设备,20241231,0.004913858407804228,0.004462467873057185,0.00042722105719540687,0.9736848701439533,,,up,2.247877976871519,197.2795516138688,high_volatility,increasing_vol,True,severe,-134372.63089174827,False,none,False,falling,bottom,False,False,-3.551992077125533,-1.7792183719834989,-0.4,0.4624327264504764,-114.26051555436185,-440.66056856788913,1.0,10,5,False,,stable
301421.SZ,roiic,波长光电,20250425.0,元器件,20241231,-14.25716943228972,-0.7269152369141276,0.30309955354382867,0.33625095463090005,,,down,1.4102565278506718,100.00372758432596,high_volatility,increasing_vol,False,none,2080.524899731673,False,none,False,rising,top,False,False,1.5400647389332824,-12.288753481174314,-0.2,0.8064959405073401,80.04998424820121,241.8819533807304,3.0216364894058763,10,5,False,,stable
301439.SZ,roiic,泓淋电力,20250424.0,电气设备,20241231,-0.41411743093823195,-0.0020238150656048505,3.489966415225827e-05,0.9924782617492129,,,down,15.637581992878141,30.627607973737195,high_volatility,increasing_vol,True,severe,-470.43709405607785,False,none,False,falling,bottom,False,True,-4.059549970540924,-7.964895701924227,-0.4,0.4624327264504764,-6.053145666462077,-55.732751146674886,1.0,8,5,False,,stable
301456.SZ,roiic,盘古智能,20250423.0,电气设备,20241231,-10.443684554924662,-1.0360027640444796,0.15239395447397913,0.5158869269724119,,,down,2.2252155535150973,89.60860567047264,high_volatility,increasing_vol,True,severe,-411.0146697932601,False,none,False,falling,bottom,False,False,-0.8155184094278813,-46.28352647249439,-0.4,0.4624327264504764,-53.284436710170404,-181.13722963537762,1.0,7,5,False,,stable
301458.SZ,roiic,钧崴电子,20250425.0,元器件,20241231,-20.012193854681172,-1.1272739463141357,0.18033948322386673,0.47602331445928997,,,down,1.9115380855130824,42.91146809975173,high_volatility,decreasing_vol,False,none,239.87758251941406,False,none,False,rising,mid_up,True,False,3.2526200651177506,-22.067652462493804,-0.6,0.22067136191984693,16.445001603484098,15.266946810312945,0.9283639599693584,6,5,False,,stable
301468.SZ,roiic,博盈特焊,20250424.0,专用机械,20241231,0.35688004196936624,-0.751624843956066,0.08521290395234273,0.633673660378421,,,down,2.0496349967275305,509.01021308602765,high_volatility,increasing_vol,True,severe,-3276.572576289292,False,none,False,falling,bottom,False,False,-1.7596166078564905,-68.3360371085591,-0.4,0.4624327264504764,-316.68664753625313,-1155.9892961296325,1.0,7,5,False,,stable
301479.SZ,roiic,弘景光电,20250428.0,元器件,20241231,11.637520189487452,1.6137848930054752,0.6591667827592377,0.09512578746300542,,,up,1.0828099631998778,20.77920244494964,volatile,decreasing_vol,True,mild,6.973922817281627,False,none,False,falling,mid_down,False,False,0.03368810492697838,14.629168672859315,0.8,0.0864107329737,22.68132924710739,30.52395630786237,1.345774578522781,10,5,False,,stable
301486.SZ,roiic,致尚科技,20250418.0,元器件,20241231,-4.11151856355905,-0.8309040554601168,0.36848460494847196,0.27762070215034,,,down,1.0019095130237325,7.763280050872723,volatile,increasing_vol,False,none,-76.55680825424153,False,none,False,rising,mid_up,False,False,-0.7105760097418169,-4.024437666345711,-0.6,0.22067136191984693,6.515028650273989,2.7636805689507056,0.42420083123264224,7,5,False,,stable
301489.SZ,roiic,思泉新材,20250416.0,元器件,20241231,0.12989627472373355,0.10510632582156876,0.1711899499326693,0.48863811167981636,,,up,16.11825215002634,11.926883495087914,high_volatility,decreasing_vol,True,severe,-4261.3920616554315,False,none,False,falling,bottom,True,False,-1.50715807606076,-6.644513402592672,-0.4,0.4624327264504764,-1.2198958845892602,-13.930734097364294,1.0,10,5,False,,stable
301491.SZ,roiic,汉桑科技,20250717.0,IT设备,20241231,0.18947154407202654,0.007027275134225875,0.05341419107109814,0.7083761644494935,,,up,2.7256225152784515,435.1909041853809,high_volatility,increasing_vol,False,none,87.32187449101207,False,none,False,rising,top,False,False,0.31372849128684166,2.3683943009003317,0.2,0.8064959405073401,-186.90766964391986,55.81612656439942,1.0,5,5,False,,stable
301502.SZ,roiic,华阳智能,20250421.0,电气设备,20241231,-1.6489632156981564,-0.4029358799245396,0.0653689566478244,0.678048591535569,,,down,3.4147238689963975,19.791158806441285,high_volatility,decreasing_vol,True,severe,26.583437869753755,False,none,False,falling,mid_down,False,False,0.15357739757767952,-9.833932164767889,-0.6,0.22067136191984693,2.762159704567226,-7.822546954541922,-2.8320400669111763,6,5,False,,stable
301503.SZ,roiic,智迪科技,20250429.0,IT设备,20241231,-2.7785146846084823,0.2796388756078829,0.014645958645643267,0.8462888868593785,,,up,2.422523927461926,24.66433622463133,high_volatility,decreasing_vol,False,none,312.206221874045,False,none,False,rising,mid_up,True,False,3.5790013250563892,1.0042286789920576,0.0,1.0,9.347701575222823,26.076612789334714,2.7896282930612406,9,5,False,,stable
301507.SZ,roiic,民生健康,20250425.0,化学制药,20241231,-0.45535108451407924,-0.08768043909176455,0.07928471944974985,0.6462824692174036,,,down,190.18610107437246,34.303844214016586,high_volatility,stable,True,severe,-563.7418567615736,False,none,False,falling,bottom,False,False,-3.9851234463294007,-15.827904706606056,-0.6,0.22067136191984693,-5.029892767638527,-57.87104254146029,1.0,7,5,False,,stable
301509.SZ,roiic,金凯生科,20250424.0,化学制药,20241231,0.1574519914195031,0.06265244523384492,0.010377839463422744,0.8705176438334993,2.6763952424775543,2.6763952424775543,up,1.9976631677018497,309.5010258149458,high_volatility,increasing_vol,False,none,1481.359077595706,False,none,False,rising,top,False,False,1.380372736336331,25.8100121108696,0.6,0.22067136191984693,196.89856411631152,707.7838807962257,3.594662480007346,7,5,False,,stable
301511.SZ,roiic,德福科技,20250419.0,电气设备,20241231,-5.9205622901499755,-0.9091431098745698,0.2277717885546468,0.4162691571331524,,,down,2.587659967835985,121.11064340191847,high_volatility,increasing_vol,True,severe,-261984.37062587708,False,none,False,falling,bottom,False,True,-3.079068125480833,-29.919005484587174,-0.8,0.0864107329737,-64.49224008156828,-260.9673715791819,1.0,7,5,False,,stable
301512.SZ,roiic,智信精密,20250429.0,专用机械,20241231,-1.1218762496777908,-0.2850745703734877,0.050061134627322944,0.7175160525415465,,,down,4.325692474721075,66.57868561809609,high_volatility,increasing_vol,True,severe,-1903.5451435534985,False,none,False,falling,bottom,False,False,-1.4957606392793832,-30.68759099260681,-0.8,0.0864107329737,-26.241634268723725,-128.77922567608923,1.0,7,5,False,,stable
301515.SZ,roiic,港通医疗,20250421.0,医疗保健,20241231,-0.6856153082671889,-0.09928819006623475,0.07135427881006863,0.663978588502577,,,down,3.772859905633832,129.12538803211845,high_volatility,increasing_vol,True,severe,-13200.02742918634,False,none,False,falling,bottom,False,True,-3.843163971281281,-47.765134968836,-0.8,0.0864107329737,-54.2882369781759,-259.41145289901743,1.0,9,5,False,,stable
301516.SZ,roiic,中远通,20250426.0,电气设备,20241231,1.9853525978058628,-0.5449320598757147,0.0484967362483273,0.7218906441849264,,,down,1.4980752508052877,30.378935679913123,high_volatility,stable,False,none,772.6251186853373,False,none,False,rising,top,True,False,3.861249130767866,-6.109541744133336,0.0,1.0,20.87425043593226,61.53406971912758,2.9478457158492657,8,5,False,,stable
301517.SZ,roiic,陕西华达,20250429.0,元器件,20241231,-1.4605096021854043,-0.2090569212580758,0.3140544964192322,0.3258109327038984,0.7522761550785164,0.7522761550785164,down,1.594649264718214,38.86740380208357,high_volatility,increasing_vol,False,none,2197.092921374915,False,none,False,rising,top,True,False,1.5597621829810944,0.1429739794974103,0.0,1.0,29.13040253701292,93.582014852041,3.212520483818795,7,5,False,,stable
301519.SZ,roiic,舜禹股份,20250428.0,专用机械,20241231,-0.7146098654461922,-0.3831327111941875,0.14083608476636167,0.5336424882769245,,,down,8.053738804584503,22.001183088926336,high_volatility,increasing_vol,True,severe,-1199.124656681246,False,none,False,falling,bottom,False,True,-3.178398311695131,-11.200316856641246,-1.0,0.02748633611151033,-6.477008519142672,-39.42003242245214,1.0,10,5,False,,stable
301520.SZ,roiic,万邦医药,20250422.0,生物制药,20241231,-6.71728217440356,-0.3176926210001025,0.3923810130639924,0.2582034962280597,,,down,5.158376548374889,88.48902510360372,high_volatility,increasing_vol,True,severe,-1159.8697871651236,False,none,False,falling,bottom,False,True,-4.6686530399092785,-17.903515213511078,-1.0,0.02748633611151033,-30.73019685242331,-173.36526765290108,1.0,7,5,False,,stable
301522.SZ,roiic,上大股份,20250225.0,小金属,20241231,2.102353119699885,0.8030316946616362,0.2747181470928948,0.36460765074307716,,,up,1.2877575404529757,20.191276543520132,high_volatility,decreasing_vol,True,severe,-87.3404066244528,False,none,False,falling,mid_down,False,True,-1.00700224931943,-3.355906543195461,0.0,1.0,15.15324780789048,2.07274402385649,0.136785463428981,10,5,False,,stable
301536.SZ,roiic,星宸科技,20250419.0,半导体,20241231,-20.78717212462593,-1.6441057289359162,0.2767776417932513,0.36248278989168925,,,down,6.873903765618279,87.3264251566464,high_volatility,decreasing_vol,False,none,100.82310031401651,False,none,False,rising,mid_up,True,False,3.3731052793267473,-17.594089079559645,-0.2,0.8064959405073401,-18.940202804562034,1.2377445360314863,1.0,6,5,False,,stable
301556.SZ,roiic,托普云农,20250421.0,软件服务,20241231,-6.928355788504319,-0.2671621910848982,0.1138657633317976,0.5786568757428882,-0.45134904000424714,-0.45134904000424714,down,0.9398047278034349,18.21302869203904,high_volatility,decreasing_vol,True,severe,-81.8901003635247,False,none,False,falling,mid_down,False,False,-0.8479421120851824,-9.56057131129209,-0.4,0.4624327264504764,17.30108154729099,4.2972935503002665,0.2483829429133659,9,5,False,,stable
301557.SZ,roiic,常友科技,20250422.0,电气设备,20241231,-8.143967292222742,-0.6179934867469907,0.29429255562462575,0.34484229353702794,,,down,73.43066763155853,48.34347985409784,high_volatility,decreasing_vol,False,none,-39.88196582445547,False,none,False,rising,mid_up,False,False,-0.2539398460735762,-6.133828993140174,-0.2,0.8064959405073401,-0.13287405926465645,12.739273966896262,1.0,6,5,False,,stable
301559.SZ,roiic,中集环科,20250322.0,专用机械,20241231,-1.8866769870963533,-0.5231684622064264,0.08713403258487912,0.6296908574969051,,,down,2.3288329620981014,1660.0057299511063,high_volatility,increasing_vol,True,severe,-5373.498871429488,False,none,False,falling,bottom,False,True,-6.9217212326245505,-46.72168666020094,-0.4,0.4624327264504764,-935.8369392890097,-3681.9139135544438,1.0,8,5,False,,stable
301563.SZ,roiic,N云汉,20250911.0,元器件,20241231,-5.242091625871252,-0.17355504047737647,0.5296722472793537,0.16335007054692335,,,down,1.7596734729888337,65.6147736642922,high_volatility,increasing_vol,True,severe,135.7551242443558,False,none,False,falling,mid_down,True,False,4.1450454357203395,0.44727721894032824,0.0,1.0,38.36805222846807,18.864166372755864,0.49166338339060006,7,5,False,,stable
301566.SZ,roiic,达利凯普,20250418.0,元器件,20241231,-2.1342197470445656,-0.5448325304503592,0.07602790042823401,0.6534283690266569,,,down,2.0270118901626097,333.3950753352853,high_volatility,increasing_vol,False,none,2255.659233518617,False,none,False,rising,top,False,False,1.5795829946061462,19.611865246052737,0.2,0.8064959405073401,208.236601792808,759.9045527933976,3.6492362353736936,8,5,False,,stable
301567.SZ,roiic,贝隆精密,20250424.0,元器件,20241231,-2.1907082924283343,-0.6087720747103808,0.07893895344764018,0.6470334786596648,,,down,1.5060041209223018,19.917613079649215,high_volatility,stable,True,severe,-1407.5406476610444,False,none,False,falling,bottom,False,True,-2.9459333744024394,-8.570314402709942,-0.4,0.4624327264504764,-13.882682991389101,-33.79463136624648,1.0,7,5,False,,stable
301568.SZ,roiic,思泰克,20250429.0,专用机械,20241231,-6.279799053790816,-0.40119935124320466,0.03748290133497977,0.7550431741169629,,,down,2.2429198831309964,9170.985825070256,high_volatility,increasing_vol,True,severe,-98711.24053417961,False,none,False,falling,bottom,False,False,-3.4476079118300955,-47.95019650459848,-0.6,0.22067136191984693,-5320.999210925799,-20494.352419859602,1.0,10,5,False,,stable
301571.SZ,roiic,国科天成,20250424.0,元器件,20241231,-1.1074087370140815,-0.038610322660525845,0.0006083483130358633,0.9685990901032987,,,down,1.0773658252299692,9.389904228594153,high_volatility,stable,True,moderate,299.62843886718275,False,none,False,falling,mid_down,True,False,2.6827389702685074,-2.2864477709604687,-0.2,0.8064959405073401,8.383390969655284,10.271768862850085,1.2252522756042294,6,5,False,,stable
301577.SZ,roiic,美信科技,20250423.0,元器件,20241231,-11.934382884861538,-2.1289952157312526,0.8027659909234144,0.039642691476573066,,,down,4.743855447204699,20.67379082153039,high_volatility,decreasing_vol,False,none,-67.04839164682599,False,none,False,rising,mid_up,False,False,-0.2541372250353855,-13.467152139789714,-0.8,0.0864107329737,0.7776996338476567,-9.544059822521477,-12.2721670515677,10,5,False,,stable
301578.SZ,roiic,辰奕智能,20250425.0,IT设备,20241231,-0.8876575793198505,-0.11871160015256432,0.08073241487904131,0.6431572127593985,,,down,3.0681045149296025,333.65666350067187,high_volatility,increasing_vol,True,severe,-3032.3688153241187,False,none,False,falling,bottom,False,True,-5.555484103410352,-74.71139785671974,-0.8,0.0864107329737,-157.9883111866288,-700.1645561453967,1.0,10,5,False,,stable
301580.SZ,roiic,爱迪特,20250429.0,医疗保健,20241231,1.0346980340320002,0.05415269076006211,0.007659533217546282,0.888710072018773,-0.07335679838317999,-0.07335679838317999,up,0.9596694388942406,12.149001399030624,high_volatility,stable,True,severe,-89.96032684962867,False,none,False,falling,bottom,False,True,-1.1372872780966263,0.7038922479327598,0.0,1.0,12.96997832701189,3.149195703357362,0.24280655094069803,10,5,False,,stable
301581.SZ,roiic,黄山谷捷,20250422.0,半导体,20241231,0.982676210023449,0.024959641309123003,0.1995365502927139,0.45077536600333085,,,up,0.7371161630811207,26.183938678942564,high_volatility,increasing_vol,True,severe,-109.79225833822215,False,none,False,falling,bottom,False,True,-3.713732059561327,-8.201487693813709,-0.2,0.8064959405073401,33.05943362563881,-6.396423483976828,-0.19348254892715905,5,5,False,,stable
301587.SZ,roiic,中瑞股份,20250425.0,电气设备,20241231,-34.44381531946213,-2.54855877899307,0.7347589845775604,0.06338462124304457,,,down,3.425598180036254,66.20784494052275,high_volatility,increasing_vol,False,none,-127.49366764813446,False,none,False,rising,mid_up,False,True,-3.3304151548614214,-35.25470456460142,-0.8,0.0864107329737,8.994237502379914,-7.309395687072821,-0.8126754141347416,9,5,False,,stable
301589.SZ,roiic,诺瓦星云,20250418.0,IT设备,20241231,-3.9142026781952075,-1.0664330490002083,0.43991073047793905,0.2223438338396078,,,down,6.8308941619349826,73.3310653366324,high_volatility,decreasing_vol,True,severe,-113.89749098928823,False,none,False,falling,mid_down,False,True,-2.642553098247528,14.410007217694602,0.2,0.8064959405073401,-2.1801622426980933,-2.5712539392914655,1.0,7,5,False,,stable
301590.SZ,roiic,优优绿能,20250515.0,电气设备,20241231,-11.828843822344613,-1.530339122383732,0.5613770611238721,0.14492480183123505,,,down,1.051061084774151,29.221733261607042,high_volatility,stable,True,severe,-114.58432508683445,False,none,False,falling,bottom,False,False,-3.9195238249797155,-12.304202662158108,-0.6,0.22067136191984693,24.25347337564439,-9.605993548690508,-0.39606671588478354,6,5,False,,stable
301592.SZ,roiic,六九一二,20250425.0,软件服务,20241231,-6.493238433947418,-0.8308269430972821,0.2012484317815926,0.44859839490230174,,,down,1.6316203892086159,24.741796339561734,high_volatility,decreasing_vol,False,none,-90.25800688802231,False,none,False,rising,mid_up,False,False,-1.14391118795269,-7.552678940528533,-0.4,0.4624327264504764,13.215970096925638,2.384628956544287,0.1804354079992214,6,5,False,,stable
301598.SZ,roiic,博科测试,20250418.0,专用机械,20241231,-0.7230168736155262,-0.10223328268740665,0.23085176058106727,0.41267451267590705,,,down,1.6289851922882186,20.13161423015437,high_volatility,decreasing_vol,False,none,-15.399289360950293,False,none,False,rising,mid_up,False,False,-0.08200022886164726,-9.498218763466166,-0.8,0.0864107329737,9.327208889534795,4.624003461590228,0.4957542514972939,8,5,False,,stable
301601.SZ,roiic,惠通科技,20250428.0,专用机械,20241231,-1.7697852246462702,-0.10941062646662622,0.04689029742346932,0.7264606727168059,,,down,2.365020790401367,15.346957918415024,high_volatility,stable,False,none,-69.65900721312632,False,none,False,rising,mid_up,False,False,-0.5896126219847417,-5.584198769040513,-0.2,0.8064959405073401,5.23177385838252,4.059103729397291,0.7758561129116202,7,5,False,,stable
301602.SZ,roiic,超研股份,20250429.0,医疗保健,20241231,-8.37758265915954,-0.2491310911520049,0.008374773351668493,0.8836438681111604,,,down,1.9255180859797711,35.111208795556834,high_volatility,stable,False,none,-59.95408689435325,False,none,False,rising,mid_up,False,False,-0.4572745398234064,-8.039272574097168,-0.4,0.4624327264504764,15.72140658551789,18.779208889822563,1.194499282724577,6,5,False,,stable
301606.SZ,roiic,绿联科技,20250424.0,元器件,20241231,0.6816241959745136,0.06071651703335732,0.19982531967549944,0.4504073263773696,,,up,1.774169705475737,43.05903450938173,high_volatility,decreasing_vol,True,moderate,193.86492776726107,False,none,False,falling,mid_down,True,False,3.1371700275979757,-11.88573256445898,-0.2,0.8064959405073401,19.200737566354025,11.13926868778768,0.5801479578215435,6,5,False,,stable
301609.SZ,roiic,山大电力,20250704.0,电气设备,20241231,6.05061134024111,0.7619773747140528,0.12228251645140896,0.5640102327625592,,,up,1.430850930116445,20.669367378991314,high_volatility,increasing_vol,True,mild,717.1201461107569,False,none,False,falling,mid_down,True,False,2.881570689706106,6.185023887013749,0.4,0.4624327264504764,16.260690578217655,21.944271920406237,1.3495289031452415,8,5,False,,stable
301611.SZ,roiic,珂玛科技,20250408.0,半导体,20241231,-14.906757209500778,-0.6964023048363993,0.0936015531804853,0.6166256008263377,,,down,1.4622635791881302,52.45228848240198,high_volatility,decreasing_vol,False,none,2029.8271403486158,False,none,False,rising,top,True,False,3.212504135398719,-11.93087526713747,-0.4,0.4624327264504764,31.39858414754311,53.72739469050224,1.7111406819503459,6,5,False,,stable
301626.SZ,roiic,苏州天脉,20250423.0,元器件,20241231,-3.7680427935778753,-0.19234551242907338,0.19123216099730453,0.4615045124815602,-0.2794817276848903,-0.2794817276848903,down,0.6351098772481001,15.642787572264284,high_volatility,decreasing_vol,True,severe,-80.51329396392829,False,none,False,falling,bottom,False,False,-0.8162577002129181,-4.8752734081946345,-0.4,0.4624327264504764,23.499636437878255,9.050535722526295,0.3851351380031585,6,5,False,,stable
301628.SZ,roiic,强达电路,20250418.0,元器件,20241231,-3.679797009862461,-0.660763398154584,0.1584235766996573,0.5069378454575459,,,down,1.3669229069303697,32.59301296400203,high_volatility,decreasing_vol,False,none,8.665583141225222,False,none,False,rising,mid_up,False,False,0.04128359372985324,-17.86593441140915,-0.6,0.22067136191984693,18.64572788877744,9.123981470909762,0.4893336170802609,6,5,False,,stable
301629.SZ,roiic,矽电股份,20250307.0,半导体,20241231,-16.953994476012998,-1.26330855305706,0.289243376312087,0.3498504149310554,,,down,2.0139682535885823,39.13586431795968,high_volatility,stable,False,none,-52.55629547554145,False,none,False,rising,mid_up,False,False,-0.37081188384844177,-16.783338507922092,-0.6,0.22067136191984693,14.346016761990121,6.924042810653167,0.48264566572921275,6,5,False,,stable
301631.SZ,roiic,壹连科技,20250419.0,元器件,20241231,-5.856360687258695,-0.7747142670747527,0.4462035792799327,0.2178521780255402,,,down,2.0163735244766205,321.0369372810208,high_volatility,decreasing_vol,False,none,-89.89131102791703,True,improving,False,rising,mid_up,True,False,-1.1267982907603653,-21.44515547792483,-0.8,0.0864107329737,114.2948078755097,2.4723748625566433,0.02163155884779615,6,5,False,,stable
301633.SZ,roiic,港迪技术,20250424.0,专用机械,20241231,-1.5370149431503983,-0.15395925796785098,0.4468573903578871,0.2173887804769833,-0.15250991483858245,-0.15250991483858245,down,0.9021659107079847,17.635348789057204,high_volatility,decreasing_vol,True,severe,-61.34852000121022,False,none,False,falling,bottom,False,False,-0.4731306308118348,-3.782084289381761,-0.6,0.22067136191984693,17.92022112756598,6.982202023560348,0.38962700146706886,5,5,False,,stable
301636.SZ,roiic,泽润新能,20250417.0,电气设备,20241231,-10.450877619680025,-1.5882154175505232,0.5374328082066757,0.15873062528325352,,,down,1.3664903107491055,47.70161746073303,high_volatility,decreasing_vol,True,severe,-147.92319753014488,False,none,False,falling,bottom,False,False,-4.07188360357059,-29.534056953905207,-0.6,0.22067136191984693,29.13815685473476,-20.299138193727323,-0.6966514146699998,5,5,False,,stable
301658.SZ,roiic,首航新能,20250429.0,电气设备,20241231,-43.268212826509,-2.435970077313292,0.5822568428487512,0.13342167918590844,,,down,6.634977603191728,94.24543060642323,high_volatility,stable,False,none,-137.00760284330448,False,none,False,rising,mid_up,False,False,-4.540016091977073,-46.54996621609163,-0.6,0.22067136191984693,1.223869044005646,-28.493344274707237,-23.281366919331766,6,5,False,,stable
301662.SZ,roiic,宏工科技,20250429.0,专用机械,20241231,-27.15016160347875,-1.5501963672827435,0.27150294928340546,0.36794694761170244,,,down,2.8462562483178546,65.55120866992932,high_volatility,decreasing_vol,True,severe,-155.80901899821208,False,none,False,falling,bottom,False,False,-4.828879496084545,-35.13269956849024,-0.6,0.22067136191984693,14.885628643923699,-46.71381070294059,-3.13818192166235,6,5,False,,stable
301668.SZ,roiic,C昊创,20250828.0,电气设备,20241231,-0.130712874367574,-0.005683629638077381,0.20561429519274,0.44309842778082187,-0.00708603889058268,-0.00708603889058268,down,0.358452687199522,9.651138665003288,moderate,decreasing_vol,False,none,-5.455855248381965,False,none,False,rising,mid_up,False,False,-0.02802583696840988,-0.7674029455995053,-0.4,0.4624327264504764,26.18364497930508,22.651145150474893,0.8650875448539656,5,5,False,,stable
301678.SZ,roiic,新恒汇,20250530.0,半导体,20241231,5.893717953889825,1.3310846884453569,0.46925843306600534,0.20187535759313982,,,up,1.1691904704035108,18.71574767664733,high_volatility,stable,True,severe,138.83276287290803,False,none,False,falling,mid_down,False,True,0.4333021903534129,5.97269927281436,0.4,0.4624327264504764,17.77555656056187,17.09706242360906,0.9618299356961815,6,5,False,,stable
430017.BJ,roiic,星昊医药,20250424.0,化学制药,20241231,2.7200795996302847,0.7466949783354664,0.1461188112847615,0.5254250563656314,,,up,3.4136714473210477,20.912155112358917,high_volatility,increasing_vol,True,severe,-271.6812580274305,False,none,False,falling,bottom,False,True,-4.005748076298565,-3.721116541522481,-0.2,0.8064959405073401,-7.303200197277606,-35.961694567148776,1.0,10,5,False,,stable
430047.BJ,roiic,诺思兰德,20250424.0,生物制药,20241231,-6.271058759169012,-1.1136444517105697,0.3802650803430978,0.2679253428143903,,,down,7.670726072609571,42.854350732998725,high_volatility,increasing_vol,False,none,-118.97757104445988,False,none,False,rising,mid_up,False,True,-3.233577309839868,-18.925090386127124,-0.4,0.4624327264504764,1.4175994234841975,-5.502747064349145,-3.8817362459307505,10,5,False,,stable
430090.BJ,roiic,同辉信息,20250426.0,IT设备,20241231,-0.7601768427421802,0.3360512141342659,0.020979854526473413,0.8162254833406734,,,up,2.473841426827988,251.9446799595606,high_volatility,stable,True,severe,-108.90419042943915,False,none,False,falling,bottom,False,True,-5.791877888196348,6.3735802361095,0.0,1.0,101.61545123460024,-48.879294883858535,-0.48102226866080233,10,5,False,,stable
430139.BJ,roiic,华岭股份,20250326.0,半导体,20241231,-31.874395246312908,-2.720128282179506,0.9235981905246591,0.009177094254692058,,,down,8.12035147805234,53.904319544806754,high_volatility,increasing_vol,True,severe,-7988.7176568601635,False,none,False,falling,bottom,False,False,-2.117694082514437,-32.02497317308614,-0.8,0.0864107329737,-16.200494235439947,-90.43709585407886,1.0,10,5,False,,stable
430198.BJ,roiic,微创光电,20250426.0,IT设备,20241231,-99.14316013270313,-0.8061036368809583,0.04471207154571565,0.732790557129922,,,down,1.6472675064160973,397.6246893099866,high_volatility,stable,True,severe,-1102.5721405185423,False,none,False,falling,bottom,False,False,-1.2434964341263106,-71.81527522495091,-0.2,0.8064959405073401,-271.1273544954964,-808.3875583795368,1.0,10,5,False,,stable
430300.BJ,roiic,辰光医疗,20250426.0,医疗保健,20241231,45.36271933634857,1.23131193487872,0.12475829556429961,0.5598116811553284,,,up,7.260648476000689,138.15534061593212,high_volatility,decreasing_vol,False,none,9283.26461881367,False,none,False,rising,mid_up,False,False,2.188531868405791,47.93091363936109,0.2,0.8064959405073401,-5.4191458298767685,102.20205311935702,1.0,10,5,False,,stable
430425.BJ,roiic,乐创技术,20250426.0,专用机械,20241231,-10.791447742764646,-0.3981125694819038,0.023632517490913288,0.8050402242945831,,,down,2.190858675167975,1282.1495992062692,high_volatility,increasing_vol,False,none,4105.644021344096,False,none,False,rising,top,True,False,6.812441820716334,52.605754298294244,0.2,0.8064959405073401,753.144217436361,2876.7461454115855,3.8196484535243265,10,5,False,,stable
430478.BJ,roiic,峆一药业,20250419.0,化学制药,20241231,-4.496171276123369,-1.3073335543469453,0.19493071380200816,0.4566909987241442,,,down,77.80966294153035,60.213570824250965,high_volatility,decreasing_vol,True,severe,-129.4306750067976,False,none,False,falling,mid_down,False,False,-4.331992513126298,-15.647467322929515,-0.2,0.8064959405073401,-0.5749941452147631,-20.634413503765277,1.0,10,5,False,,stable
430564.BJ,roiic,天润科技,20250429.0,软件服务,20241231,-4.669677752113921,-0.06228458030348962,0.021626801875932508,0.8134338261644667,,,down,2.7487455761440436,424.49320720086985,high_volatility,increasing_vol,False,none,230.73213041068595,False,none,False,rising,mid_up,False,False,0.5973100360803323,-17.82041311105065,-0.4,0.4624327264504764,-184.1036602831484,40.39463059289002,1.0,10,5,False,,stable
600006.SH,roiic,东风股份,20250426.0,汽车整车,20241231,-14.608100994790522,-1.6440143744027451,0.4729881491126535,0.1993596106363531,,,down,4.7894368281759,231.69769546307717,high_volatility,increasing_vol,False,none,699.1216692183084,False,none,False,rising,top,True,False,5.921206562829145,13.154887227719943,0.4,0.4624327264504764,75.58379248837389,456.31551597726275,6.037213812041148,10,5,False,,stable
600032.SH,roiic,浙江新能,20250422.0,新型电力,20241231,-2.354889071346438,-1.067431702612345,0.39889065901207066,0.2530814465594757,,,down,6.443773652939423,8.443886430876342,high_volatility,increasing_vol,False,none,-141.84217824723976,False,none,False,rising,mid_up,False,True,-2.908664199693792,-1.963642557558861,-0.2,0.8064959405073401,0.6039279146684478,-5.904473541702848,-9.776785272368745,10,5,False,,stable
600055.SH,roiic,万东医疗,20250322.0,医疗保健,20241231,-15.015623633651575,-1.7165165255520094,0.5359343337185313,0.15961698358424586,,,down,1.8539433476251121,30.514085337630178,high_volatility,decreasing_vol,True,severe,-10941.800947014395,False,none,False,falling,bottom,False,False,-2.060219440477212,-16.794292792656606,-0.6,0.22067136191984693,-20.963704231432885,-46.29564390407822,1.0,10,5,False,,stable
600062.SH,roiic,华润双鹤,20250320.0,化学制药,20241231,6.2739884235457275,1.7046363235513273,0.6405960211875185,0.10380364351669312,,,up,1.6587388600015687,53.210121621895915,high_volatility,increasing_vol,False,none,196.1773687795331,False,none,False,rising,top,False,True,0.5428264150817501,30.570819542478624,0.8,0.0864107329737,40.69916675083802,119.7429949457312,2.942148562372364,10,5,False,,stable
600066.SH,roiic,宇通客车,20250401.0,汽车整车,20241231,-38.380877228188275,-2.081395482174981,0.49531271993916254,0.18468815991244913,,,down,1.4403932994347783,251.3991616293815,high_volatility,stable,True,severe,-2490.7588567034923,False,none,False,falling,bottom,True,False,-1.6270175078799032,-152.6520751428304,-0.8,0.0864107329737,-215.342274805507,-578.1385803702011,1.0,10,5,False,,stable
600067.SH,roiic,冠城新材,20250426.0,电气设备,20241231,15.917905379460631,1.6239349995356591,0.26244395513092467,0.3775035748618014,,,up,3.3080155330787964,68.83311457323272,high_volatility,decreasing_vol,False,none,116.65206060067051,False,none,False,rising,mid_up,False,False,4.50485771757894,12.676562062728603,0.2,0.8064959405073401,-16.032606427658244,18.44909653131557,1.0,10,5,False,,stable
600071.SH,roiic,凤凰光学,20250422.0,元器件,20241231,1.1823673265061552,0.35522154076596885,0.11582919127254862,0.5751867300952658,,,up,3.3912979725683767,119.7316102626198,high_volatility,increasing_vol,True,severe,-24433.571942977214,False,none,False,falling,bottom,False,False,-3.5252672099849884,-5.773936196904828,0.0,1.0,-47.208861007340566,-240.71948572555976,1.0,10,5,False,,stable
600072.SH,roiic,中船科技,20250430.0,电气设备,20241231,-4.388067563583076,-0.8401984868223715,0.2059128136281579,0.4427250555695871,,,down,2.796105654014654,11.618261009144073,high_volatility,stable,True,severe,-38.71223251420189,False,none,False,falling,bottom,False,False,-0.16329097006147064,-3.9124596710302266,-0.4,0.4624327264504764,-5.471578352054567,-18.83250819540309,1.0,10,5,False,,stable
600079.SH,roiic,人福医药,20250429.0,化学制药,20241231,-39.03197383056803,-1.087499659751044,0.23001768409538687,0.41364487735693883,,,down,1.231563049693624,115.33785827478667,high_volatility,stable,True,severe,13.720687702703504,False,none,False,falling,mid_down,False,False,0.07378939007429075,-29.087960608429988,-0.2,0.8064959405073401,-105.36119878309732,-202.71207389684642,1.0,10,5,False,,stable
600089.SH,roiic,特变电工,20250422.0,电气设备,20241231,-9.94658259167711,-0.8603182817180632,0.10432158169083823,0.5960247623221525,,,down,3.280663515839902,168.56813741375558,high_volatility,increasing_vol,True,severe,-679.2871074368355,False,none,False,falling,bottom,False,True,-5.635757617722644,-78.8720932711285,-0.6,0.22067136191984693,-76.99928879828053,-337.2709067154833,1.0,10,5,False,,stable
600099.SH,roiic,林海股份,20250329.0,汽车整车,20241231,-1.8755371675064132,-0.1830542292547989,0.11020265590707035,0.5852223820323115,,,down,3.65325098138534,99.0505085971516,high_volatility,decreasing_vol,True,severe,56.68933472244467,False,none,False,falling,mid_down,False,False,0.22037175648201512,13.258277442907122,0.4,0.4624327264504764,-14.474637293475052,6.501646844439625,1.0,10,5,False,,stable
600100.SH,roiic,同方股份,20250429.0,IT设备,20241231,-0.32442467289855054,-0.01930273852414044,0.0817958771642029,0.6408808025981125,,,down,2.197125197667563,1491.1985646038008,high_volatility,decreasing_vol,False,none,-10.554330891360184,False,none,False,rising,mid_up,False,False,-0.050048762613864595,-2.2767874277926765,-0.2,0.8064959405073401,-579.7902599344965,-15.207252803565584,1.0,10,5,False,,stable
600104.SH,roiic,上汽集团,20250430.0,汽车整车,20241231,17.598150344145132,1.0772199139944003,0.12418906994889639,0.5607727637231033,,,up,16.480957520262375,51.77657881235787,high_volatility,stable,False,none,292.7885873188186,False,none,False,rising,top,False,False,4.689184697954491,10.863019467040449,0.6,0.22067136191984693,2.137844941438523,75.50101566835649,35.31641336791854,10,5,False,,stable
600110.SH,roiic,诺德股份,20250422.0,电气设备,20241231,-39.119599432808215,-2.881216114102002,0.8890299666824132,0.016244861140422336,,,down,4.316171254871871,67.10319190652744,high_volatility,stable,True,severe,-35521.67325139693,False,none,False,falling,mid_down,False,False,-2.4689077318037445,-42.093216854906885,-0.8,0.0864107329737,-27.282805089303572,-89.39107792544422,1.0,10,5,False,,stable
600111.SH,roiic,北方稀土,20250419.0,小金属,20241231,-17.579329004327523,-1.746972649426842,0.5845844525171189,0.13216955177034137,,,down,5.384454443383277,81.67053101088834,high_volatility,increasing_vol,False,none,-870.747389660472,False,none,False,rising,mid_up,False,False,-3.300885365249227,-30.522207175471934,-0.6,0.22067136191984693,-24.910011311570713,-37.46988234850417,1.0,10,5,False,,stable
600152.SH,roiic,维科技术,20250415.0,电气设备,20241231,-1.1031245633761535,0.41789127116287583,0.02716471874175738,0.7911021909492818,,,up,2.4912806116824826,124.72690954831972,high_volatility,increasing_vol,True,severe,-2403.072523941173,False,none,False,falling,bottom,False,False,-1.6089618645426818,-48.85550613402811,-0.4,0.4624327264504764,-66.78384101607689,-267.3750574147448,1.0,10,5,False,,stable
600161.SH,roiic,天坛生物,20250329.0,生物制药,20241231,9.479789420892562,0.6246367933529667,0.1519603615246013,0.5165384657650279,,,up,1.2162629456275784,18.47895127719369,high_volatility,increasing_vol,False,none,1217.5540595836314,False,none,False,rising,top,True,False,3.1496379539156374,8.892510532892604,0.6,0.22067136191984693,18.037157456415926,38.59430311689143,2.1397109389408366,10,5,False,,stable
600163.SH,roiic,中闽能源,20250429.0,新型电力,20241231,-6.108365635130457,-1.3714535747255217,0.6737206390615077,0.08857086564173242,,,down,2.8296167376183194,58.00211904307608,high_volatility,increasing_vol,False,none,-454.9123298683651,False,none,False,rising,mid_up,False,True,-2.4118085244117173,-7.591646641211568,-0.8,0.0864107329737,-26.181570748654327,-10.347576199227033,1.0,10,5,False,,stable
600166.SH,roiic,福田汽车,20250426.0,汽车整车,20241231,-16.21275628783663,-1.8566089427711514,0.5516334960530801,0.15046229308916834,,,down,2.165461468654595,800.3586631879522,high_volatility,stable,False,none,-101.17099896024504,False,none,False,rising,mid_up,False,True,-5.964628749756774,-7.014223457295176,-0.2,0.8064959405073401,364.73806849404406,-21.063538962962788,-0.05774976834727286,10,5,False,,stable
600171.SH,roiic,上海贝岭,20250401.0,半导体,20241231,15.808048720944237,0.17825433672951876,0.24087671314620815,0.4011864855285453,,,up,2.275044980821592,209.4589082195532,high_volatility,increasing_vol,True,mild,172.88174099377983,False,none,False,falling,mid_down,True,False,5.880570987786741,24.675585028574396,0.2,0.8064959405073401,104.51849930829815,152.81829316950103,1.462117177158591,10,5,False,,stable
600183.SH,roiic,生益科技,20250329.0,元器件,20241231,32.956268602940426,0.6241117086016962,0.9529075282539348,0.004400136833565427,,,up,3.4271800215331742,104.34801840778935,high_volatility,increasing_vol,False,none,206.64149064822723,False,none,False,rising,top,True,False,5.600260316910587,34.324617921367135,0.6,0.22067136191984693,40.3340755785667,139.66555544305942,3.4627186427269185,10,5,False,,stable
600184.SH,roiic,光电股份,20250429.0,专用机械,20241231,0.2268033657919581,0.2976032297908463,0.01605412264817497,0.8391070586414515,,,up,2.1452424599222164,61.38211044982318,high_volatility,increasing_vol,False,none,588.9252776466725,False,none,False,rising,top,False,False,0.9646505518361598,27.429074251783973,0.4,0.4624327264504764,36.49945962972457,132.44029440194058,3.628554936032076,10,5,False,,stable
600192.SH,roiic,长城电工,20250415.0,电气设备,20241231,-14.521605535123209,-0.1337040605500306,0.0014230371786549682,0.9519807685457009,,,down,41.16604303469898,140.47530030205732,high_volatility,decreasing_vol,False,none,419.16370238591935,False,none,False,rising,mid_up,True,False,4.1305456214539875,1.1762301073360213,0.0,1.0,-7.768888827862964,55.54606771086694,1.0,10,5,False,,stable
600196.SH,roiic,复星医药,20250326.0,化学制药,20241231,-0.991242061511753,-0.32149362560513195,0.023780224428927136,0.8044367771409319,,,down,4.2397873630063865,14.047410772363456,high_volatility,stable,False,none,285.9282222106868,False,none,False,rising,mid_up,True,False,3.0104443544951547,-3.530376200663916,-0.2,0.8064959405073401,3.0158621194326196,13.797432400998652,4.57495464135953,10,5,False,,stable
600202.SH,roiic,哈空调,20250429.0,专用机械,20241231,-1.3836852461630522,-0.5183995143894375,0.13497067319314837,0.5429792461670969,,,down,2.260937581946459,203.4910839356898,high_volatility,increasing_vol,False,none,12404.363095741017,False,none,False,rising,top,False,False,4.413649645895175,6.327628250666887,0.2,0.8064959405073401,117.04534680649142,453.8778799333489,3.877795165011861,10,5,False,,stable
600203.SH,roiic,福日电子,20250412.0,元器件,20241231,-2.3933613719287496,-0.8747416017952622,0.379745043286806,0.26834821958376703,,,down,10.592467166210783,33.238865804733045,high_volatility,increasing_vol,False,none,250.00782513295832,False,none,False,rising,top,True,False,4.425751368743773,9.608132371463203,0.2,0.8064959405073401,0.24522948661959276,51.17277838871219,208.67302335502956,10,5,False,,stable
600206.SH,roiic,有研新材,20250430.0,半导体,20241231,-25.339029535106526,-2.5687166911884445,0.8038498212833561,0.03930126765355718,,,down,3.242988031339703,43.537599492334834,high_volatility,increasing_vol,True,severe,-945.5140723704303,False,none,False,falling,bottom,False,True,-3.8769331024586497,-22.56394221784727,-0.8,0.0864107329737,-21.02685846688099,-70.05894733142055,1.0,10,5,False,,stable
600207.SH,roiic,安彩高科,20250329.0,电气设备,20241231,18.862046401902795,0.2532357503747387,0.013069163881972207,0.8547603666356145,,,up,1.1036495758950255,77.35646307777147,high_volatility,increasing_vol,False,none,2563.748477756183,False,none,False,rising,top,True,False,4.302076718996607,19.622425582004873,0.2,0.8064959405073401,75.750121920325,182.8757289708433,2.4141971568467504,10,5,False,,stable
600211.SH,roiic,西藏药业,20250315.0,生物制药,20241231,-0.3974468233270699,-0.005760886615289884,0.0029479040885664986,0.9309039421800802,,,down,1.011765352381021,54.95838225615337,high_volatility,stable,True,mild,44.333200406251144,False,none,False,falling,mid_down,False,False,0.1834478865412561,13.32375711673134,0.2,0.8064959405073401,58.72053082989103,67.99446936626839,1.1579334928569236,10,5,False,,stable
600212.SH,roiic,绿能慧充,20250429.0,电气设备,20241231,-119.01531721578647,-0.354632546408046,0.12968174688941744,0.5516016162928503,-0.1355595158806302,-0.1355595158806302,down,1.083180689897649,446.71222066198453,high_volatility,decreasing_vol,False,none,616.3946197003854,False,none,False,rising,top,True,False,0.9845137582700985,-115.6862907575057,-0.4,0.4624327264504764,376.70325592444374,613.1853935032849,1.6277677027200237,10,5,False,,stable
600215.SH,roiic,派斯林,20250430.0,专用机械,20241231,-10.468717509055889,-0.08715309136170699,0.0010693192063578223,0.9583719197514831,,,down,1.976147857355566,55.627174559885994,high_volatility,increasing_vol,False,none,-84.0167152671397,False,none,False,rising,mid_up,False,False,-0.916029897808637,-13.584473271075495,-0.2,0.8064959405073401,25.008682560618386,12.453463519275797,0.4979655961120673,10,5,False,,stable
600216.SH,roiic,浙江医药,20250424.0,化学制药,20241231,13.609604361485145,0.6858113426533562,0.04964130689781103,0.7186828894206003,,,up,2.6783175351365234,231.23042046286622,high_volatility,decreasing_vol,False,none,173.99497944932955,False,none,False,rising,mid_up,True,False,5.378031556328992,-62.5938446778112,-0.2,0.8064959405073401,61.680541876175084,93.15601009438518,1.510298179309088,10,5,False,,stable
600237.SH,roiic,铜峰电子,20250318.0,元器件,20241231,-0.5123255483296215,-0.13907073276587129,0.06453687388896728,0.6800584542304049,,,down,2.5370092700945355,1090.6004239772997,high_volatility,decreasing_vol,False,none,-64.91980071321706,True,growth_to_decline,False,rising,mid_up,False,False,-0.5212986831999002,-0.5071192622430893,0.0,1.0,-292.88347067853044,6.632938196022793,1.0,10,5,False,,stable
600241.SH,roiic,时代万恒,20250409.0,电气设备,20241231,1.1511665470851145,0.05466709558503156,0.0005139553495152419,0.9711373895254612,,,up,2.4774097615548416,1545.1588346665808,high_volatility,decreasing_vol,True,severe,-515.9446642620676,True,improving,False,falling,mid_down,False,False,-5.630939293351778,-222.5110772979254,-0.6,0.22067136191984693,404.32060463171615,-284.4208079083411,-0.7034536569498151,10,5,False,,stable
600255.SH,roiic,鑫科材料,20250329.0,小金属,20241231,8.066096515351862,0.4655523991680358,0.3645445816216329,0.2809183447596167,,,up,3.4480762026002476,215.27491386289006,high_volatility,stable,False,none,256.533279563552,False,none,False,rising,top,False,False,0.634988335090273,-88.53461113631761,-0.2,0.8064959405073401,35.17523691731139,47.75960618841225,1.357762175154178,10,5,False,,stable
600259.SH,roiic,广晟有色,20250329.0,小金属,20241231,-2.572458391979384,-0.4630309760301928,0.13333453979081766,0.5456254431168388,,,down,1.865600394753622,96.09168378970877,high_volatility,increasing_vol,False,none,3208.0052787106915,False,none,False,rising,top,False,False,1.7467217107943152,12.715931174855745,0.2,0.8064959405073401,63.7688169815768,222.2683520821392,3.485533566450729,10,5,False,,stable
600262.SH,roiic,北方股份,20250422.0,专用机械,20241231,-2.1000965965080796,-0.06219723797017318,0.19502066674207896,0.4565746371056714,,,down,0.671733195679013,22.55548077484743,high_volatility,decreasing_vol,True,mild,-41.033103320628086,False,none,False,falling,bottom,False,True,-0.2640042144293955,6.795125117546455,0.4,0.4624327264504764,35.89135998091286,29.637549172883965,0.8257572069892394,10,5,False,,stable
600267.SH,roiic,海正药业,20250329.0,化学制药,20241231,1.6103686104640402,0.04346787656299309,0.00021461204505279161,0.9813481621946176,,,up,14.597164130917264,43.21735324113243,high_volatility,increasing_vol,True,severe,-335.26208571940214,False,none,False,falling,bottom,False,True,-4.065477636251833,5.808707576058245,0.0,1.0,3.4437783439131486,-44.68718439942842,-12.976208087960327,10,5,False,,stable
600268.SH,roiic,国电南自,20250425.0,电气设备,20241231,2.094332785640208,0.4440651827105292,0.30415489731140455,0.3352334771402816,,,up,3.1909868113827775,204.91928442236224,high_volatility,increasing_vol,True,severe,-1778.1123347421299,False,none,False,falling,bottom,False,True,-5.345344282823755,-21.162286648230104,-0.2,0.8064959405073401,-90.91312079120497,-429.29007162394555,1.0,10,5,False,,stable
600271.SH,roiic,航天信息,20250416.0,软件服务,20241231,35.700063844678915,1.8488978026524083,0.42874211617866603,0.23045841375787196,,,up,2.2890359481118363,645.1561413260218,high_volatility,increasing_vol,True,mild,220.70839924815,False,none,False,falling,mid_down,False,False,5.621717309528227,49.33076754310527,0.4,0.4624327264504764,335.79790031803486,151.81468009239404,0.452101338181716,10,5,False,,stable
600276.SH,roiic,恒瑞医药,20250331.0,化学制药,20241231,12.496451588730421,1.0418357188196774,0.1415395285150248,0.5325380018746777,,,up,12.632281026521497,35.41437583826098,high_volatility,stable,False,none,330.52586817676877,False,none,False,rising,top,True,False,4.0590461678393,25.251632219754114,0.6,0.22067136191984693,6.55241774272043,43.95152042394675,6.707679844249212,10,5,False,,stable
600281.SH,roiic,华阳新材,20250426.0,小金属,20241231,-14.349727821696343,-1.6856771180671983,0.5068463342068978,0.17736130711144818,,,down,6.0447857954058435,474.09552038886613,high_volatility,decreasing_vol,True,severe,-153.86549814906846,False,none,False,falling,mid_down,False,False,-4.175895357318945,59.419078260765716,0.0,1.0,-44.34061837737412,-23.882012690233292,1.0,10,5,False,,stable
600288.SH,roiic,大恒科技,20250423.0,元器件,20241231,18.8415772693737,0.5198942168640277,0.07449139638999477,0.6568572198608309,,,up,48.1448874117357,123.99242994546253,high_volatility,stable,True,mild,3031.2424288206225,False,none,False,falling,mid_down,True,False,3.3803259968508357,63.5852706284863,0.6,0.22067136191984693,17.82154604188717,78.21539748085613,4.388811009831652,10,5,False,,stable
600301.SH,roiic,华锡有色,20250430.0,小金属,20241231,-0.08424516902009742,-0.6777384707581458,0.06844650917713851,0.6707314782581233,,,down,1.8362642687294162,595.7889403819024,high_volatility,decreasing_vol,True,severe,98.7985132664265,False,none,False,falling,mid_down,False,False,2.200249235817829,72.1054969055184,0.2,0.8064959405073401,-283.4438327492731,-3.3868151553782706,1.0,10,5,False,,stable
600303.SH,roiic,曙光股份,20250411.0,汽车整车,20241231,-14.477004885246975,-1.2817517508180796,0.18608762875671037,0.468296535815446,,,down,6.196719072868887,57.509634316556394,high_volatility,stable,True,severe,-24.504143129379266,False,none,False,falling,bottom,False,False,-0.109555782969462,-16.757132488720284,-0.4,0.4624327264504764,4.93755716043189,-49.00718182188344,-9.925390274893905,10,5,False,,stable
600312.SH,roiic,平高电气,20250411.0,电气设备,20241231,18.612347082960735,0.5562412197801849,0.7180471744700252,0.0699140230780905,,,up,5.875577264340812,170.06563601200222,high_volatility,stable,True,mild,118.55066920676917,False,none,False,falling,mid_down,True,False,5.636988379998918,14.625453714719018,0.2,0.8064959405073401,-23.360794153457892,60.42927261323327,1.0,10,5,False,,stable
600320.SH,roiic,振华重工,20250328.0,专用机械,20241231,-1.4135155758050968,-0.570286489004806,0.2873686663666658,0.3517255592266773,,,down,1.31158874071367,5.5932237156371345,high_volatility,increasing_vol,True,severe,-251.59078604402333,False,none,False,falling,bottom,False,False,-0.7302280230411866,-0.7271109670744044,-0.6,0.22067136191984693,3.8404098976036813,-0.9682223257119247,-0.25211431892102737,10,5,False,,stable
600327.SH,roiic,大东方,20250418.0,医疗保健,20241231,-2.144797111586579,-0.05498586204351623,0.006613402059556731,0.8965708043551015,,,down,24.461915088188995,82.80004045671166,high_volatility,increasing_vol,True,severe,-326.80244984111545,False,none,False,falling,bottom,False,True,-5.191658079145531,-35.51392827880418,-0.6,0.22067136191984693,-7.5756386596041025,-135.35806213576012,1.0,10,5,False,,stable
600330.SH,roiic,天通股份,20250418.0,专用机械,20241231,-9.633488701278628,-1.625870720009372,0.2910588383200668,0.3480426632551206,,,down,1.5353786188799052,134.0696418747846,high_volatility,stable,True,severe,-2050.4198720138925,False,none,False,falling,bottom,False,False,-4.920582599722742,-74.61753874877607,-0.6,0.22067136191984693,-106.54538665245262,-302.54506493482705,1.0,10,5,False,,stable
600353.SH,roiic,旭光电子,20250315.0,元器件,20241231,-10.574060636720352,-2.1354920241427964,0.7998305656816861,0.04057327325009064,,,down,5.7683623739708265,17.79234371191248,high_volatility,increasing_vol,True,severe,-273.67987084822084,False,none,False,falling,mid_down,False,True,-3.2793732278305416,-10.131179396400565,-1.0,0.02748633611151033,-0.08774766742370765,-17.472151903639503,1.0,10,5,False,,stable
600363.SH,roiic,联创光电,20250429.0,元器件,20241231,-8.839114047576098,-0.9086970254259757,0.12555140123275801,0.558476766424602,,,down,15.21309444832644,27.127351217308714,high_volatility,stable,True,severe,-641.183673498304,False,none,False,falling,bottom,False,False,-3.5997963328264513,-7.546296004499591,-0.2,0.8064959405073401,-4.4348922239368616,-42.472504580584925,1.0,10,5,False,,stable
600375.SH,roiic,汉马科技,20250327.0,汽车整车,20241231,31.352615255045002,-0.685515577854089,0.03864315125297021,0.7513298209267216,,,down,2.075422473114912,142.27739522440115,high_volatility,increasing_vol,False,none,705.2350441694978,False,none,False,rising,top,True,False,5.489611618981569,-18.559749845695688,0.0,1.0,77.95924637403523,297.8633363234058,3.8207570003217843,10,5,False,,stable
600379.SH,roiic,宝光股份,20250411.0,电气设备,20241231,10.818787926364141,1.578844117459494,0.6475179532199794,0.10052769333023874,,,up,1.0908440722026327,18.303794093295124,volatile,decreasing_vol,False,none,27.587016810767317,False,none,False,rising,mid_up,False,True,0.12174876803691426,10.468745050406891,0.8,0.0864107329737,20.025114361720533,34.614403093594206,1.7285495837048583,10,5,False,,stable
600380.SH,roiic,健康元,20250408.0,化学制药,20241231,10.506169332854672,-0.46577702004426313,0.03938133177946183,0.7489974040731863,,,down,1.8123692825209206,57.042784432214866,high_volatility,increasing_vol,False,none,1737.952594703821,False,none,False,rising,top,False,False,1.4527390600725107,-7.350196845862628,0.0,1.0,34.62600178131148,120.39040570659797,3.476878632045115,10,5,False,,stable
600392.SH,roiic,盛和资源,20250423.0,小金属,20241231,-8.95916663860805,-1.5178381213125154,0.44979482893707556,0.21531437387262978,,,down,2.6199810528735203,347.99732139135074,high_volatility,increasing_vol,False,none,-135.57295193955858,False,none,False,rising,mid_up,False,True,-4.357729576849408,-13.716394271231028,-0.2,0.8064959405073401,-158.7933645399563,-23.27850462210502,1.0,10,5,False,,stable
600405.SH,roiic,动力源,20250423.0,电气设备,20241231,-11.87602351892014,-0.1731069169060393,0.3983652387753175,0.2534922884291433,-0.24082331485223452,-0.24082331485223452,down,0.9775357345167008,135.44453135689204,high_volatility,stable,True,severe,-89.61314604189864,False,none,False,falling,bottom,False,True,-1.132232924486856,-13.674564095692245,-0.4,0.4624327264504764,134.99430812114826,38.90183760382518,0.2881739100356247,10,5,False,,stable
600406.SH,roiic,国电南瑞,20250429.0,电气设备,20241231,-0.06696806796259942,-0.004233045564409866,0.1882358175976815,0.4654465141219289,0.047979116424738066,0.047979116424738066,down,0.12865998331766718,2.0319428712537686,ultra_stable,decreasing_vol,False,none,-16.16959788013547,False,none,False,rising,mid_up,False,True,-0.08803648827234367,0.44683125256377165,0.2,0.8064959405073401,16.027658247802847,15.679792871842551,0.9782959325322536,10,5,False,,stable
600410.SH,roiic,华胜天成,20250426.0,软件服务,20241231,2.7208693689439087,0.0076577029733158495,4.639168440083392e-06,0.9972576059784459,,,up,17.668061581804892,97.71482383313212,high_volatility,stable,True,severe,-249.46114385565053,False,none,False,falling,bottom,False,True,-5.081994316010643,-12.203802554268433,-0.2,0.8064959405073401,-4.7143302720285725,-98.46868520891026,1.0,10,5,False,,stable
600416.SH,roiic,湘电股份,20250410.0,电气设备,20241231,-3.3279449963154137,-0.21588199748499887,0.012742674819578146,0.8565781508229126,,,down,1.6696561092991142,50.30205820264246,high_volatility,decreasing_vol,True,severe,-268.25834689904667,False,none,False,falling,mid_down,False,True,-3.6212956183779172,8.655197381758123,0.0,1.0,-24.88480477221385,-24.227758369051855,1.0,10,5,False,,stable
600418.SH,roiic,江淮汽车,20250329.0,汽车整车,20241231,26.81940215245344,1.61135391313709,0.26580867712246814,0.3739281492765969,,,up,2.5450363858057123,77.26993547441973,high_volatility,increasing_vol,False,none,73.76214729599924,False,none,False,rising,top,False,False,0.2762457404289522,33.749605092433825,0.2,0.8064959405073401,38.40685434465404,140.07374453522834,3.6471027613519094,10,5,False,,stable
600420.SH,roiic,国药现代,20250328.0,化学制药,20241231,8.867988270268796,0.8610735073860756,0.21638790146139264,0.42983432370719704,,,up,4.1191289320377775,89.75863306735091,high_volatility,decreasing_vol,False,none,1180.9141930509145,True,worsening,False,rising,mid_up,False,True,1.2641131517979138,23.528231754753115,1.0,0.02748633611151033,-7.4084597717533,42.40108684043547,1.0,10,5,False,,stable
600435.SH,roiic,北方导航,20250425.0,专用机械,20241231,-70.05552984524664,-2.5868743452531113,0.582834265177618,0.1331104980130196,,,down,1.7970645080270466,174.66845441858786,high_volatility,increasing_vol,True,severe,8.719904272983998,False,none,False,falling,mid_down,False,False,0.04561843673822219,-66.92390096461799,-0.6,0.22067136191984693,-118.2132001118834,-273.30544845486565,1.0,10,5,False,,stable
600438.SH,roiic,通威股份,20250430.0,电气设备,20241231,-44.19193252726285,-2.7090719261355973,0.6431665791719879,0.10258129820785238,,,down,3.2472023106533134,96.7409584130885,high_volatility,increasing_vol,False,none,-269.5329661812375,False,none,False,rising,mid_up,False,True,-5.210361428118065,-41.996566140065624,-0.2,0.8064959405073401,-43.049674354719386,-119.23767795881889,1.0,10,5,False,,stable
600444.SH,roiic,国机通用,20250410.0,专用机械,20241231,-2.0147719898602854,-0.5081546266981368,0.1636596350889007,0.49932929757830685,,,down,1.1877830780096212,19.32586722824854,high_volatility,decreasing_vol,False,none,80.04888976385647,False,none,False,rising,mid_up,False,False,0.804686953155346,-1.3791816624978341,-0.2,0.8064959405073401,-16.87496751049633,-9.756593292328809,1.0,10,5,False,,stable
600446.SH,roiic,金证股份,20250419.0,软件服务,20241231,10.89600367547043,0.7760849629196468,0.08871300559418259,0.6264532621176104,,,up,2.1246887134899617,37.366026627425846,high_volatility,increasing_vol,False,none,359.14135945144676,False,none,False,rising,top,True,False,4.485769925568536,11.438513827449984,0.2,0.8064959405073401,20.85538985335244,71.41696861576307,3.4243890484877704,10,5,False,,stable
600456.SH,roiic,宝钛股份,20250328.0,小金属,20241231,-9.497652999919179,-1.2061565972611845,0.4185204438739108,0.23804888290251247,,,down,1.9269957749588726,18.028710780885802,high_volatility,decreasing_vol,False,none,240.5832454968091,False,none,False,rising,mid_up,True,False,1.2044981904749608,-10.159851616003515,-0.6,0.22067136191984693,6.506568298154409,1.7914854351815057,0.27533491590177595,10,5,False,,stable
600459.SH,roiic,贵研铂业,20250425.0,小金属,20241231,-0.2879286249159058,-0.01752368470971537,0.010462999820555645,0.8699893187042311,,,down,0.7400774072350202,6.269181180024493,high_volatility,stable,False,none,998.9330882192171,False,none,False,rising,mid_up,True,False,2.2067218108572026,-0.05715425283472264,0.0,1.0,8.384601770440195,12.924095555243435,1.5414083947084005,10,5,False,,stable
600460.SH,roiic,士兰微,20250419.0,半导体,20241231,-12.180453832265702,-1.2682456481590147,0.2475281384494271,0.3937368592054785,,,down,5.596491442333086,62.44398555549979,high_volatility,stable,True,severe,-455.69738828754004,False,none,False,falling,bottom,True,False,-0.8571890888390679,-36.229768659077365,-0.6,0.22067136191984693,-21.276705008809262,-105.10107712632286,1.0,10,5,False,,stable
600468.SH,roiic,百利电气,20250419.0,电气设备,20241231,-7.022059659984872,-0.5331635900058795,0.11447926373207475,0.5775689752046838,,,down,1.6551764505967217,56.07780006941553,high_volatility,increasing_vol,False,none,2143.5264775456085,False,none,False,rising,top,False,False,1.5516350274832271,4.196139196999627,0.2,0.8064959405073401,39.43906975474774,129.868597497167,3.292892005434109,10,5,False,,stable
600475.SH,roiic,华光环能,20250429.0,电气设备,20241231,-6.883637048175949,-1.4075228710063739,0.4435880041063152,0.2197121485410129,,,down,32.53579340652259,14.320882930481211,high_volatility,increasing_vol,True,severe,-299.22831340146587,False,none,False,falling,bottom,False,False,-0.6882919823591689,-7.421774592687479,-0.6,0.22067136191984693,-1.624933324183246,-21.76573026603497,1.0,10,5,False,,stable
600476.SH,roiic,湘邮科技,20250429.0,软件服务,20241231,30.316191763259354,0.7809460070518855,0.08252414285767334,0.6393311856831174,,,up,1.9398905967201625,76.19850837795454,high_volatility,stable,True,severe,55.905541045792376,False,none,False,falling,mid_down,False,False,0.40928336203114846,27.8728568579752,0.4,0.4624327264504764,-30.184939232131242,-27.336622338302153,1.0,10,5,False,,stable
600478.SH,roiic,科力远,20250429.0,电气设备,20241231,7.018268027472118,-0.8387179788608495,0.09566946933874661,0.6125536303556123,,,down,1.288335891536916,277.83942034687783,high_volatility,decreasing_vol,False,none,1193.899774467628,False,none,False,rising,mid_up,False,False,1.2798107784818367,-57.340105413844235,-0.2,0.8064959405073401,200.43462853940702,258.03340319592934,1.2873693786161204,10,5,False,,stable
600481.SH,roiic,双良节能,20250430.0,电气设备,20241231,-1.3205733491585812,-0.09549620318784333,0.1626349895523791,0.5008066663660223,,,down,3.3769321766292753,262.8875686023856,high_volatility,increasing_vol,True,severe,-3140.0885084285032,False,none,False,falling,bottom,False,True,-5.283065517819043,-64.37820210653726,-1.0,0.02748633611151033,-117.17725570538329,-542.8115172675232,1.0,10,5,False,,stable
600483.SH,roiic,福能股份,20250425.0,新型电力,20241231,-1.2010328198548084,-0.40631317187423815,0.11236292193170067,0.5813358641708564,,,down,1.7291971566643516,25.60833178722382,high_volatility,stable,False,none,-89.9023912338981,False,none,False,rising,mid_up,False,False,-1.143078583456615,-1.6453471886847444,-0.2,0.8064959405073401,14.449066683798378,6.039608714882205,0.4179929989287384,10,5,False,,stable
600488.SH,roiic,津药药业,20250327.0,化学制药,20241231,-2.922861512044028,-0.6589217992026465,0.11211418383600727,0.5817812122783989,,,down,3.9466806443073033,65.51678597951586,high_volatility,stable,False,none,-110.46762874025535,False,none,False,rising,mid_up,False,True,-4.436422215000982,-0.5766608899056198,0.0,1.0,15.72361974165637,-13.65570496402696,-0.8684835418557655,10,5,False,,stable
600499.SH,roiic,科达制造,20250327.0,专用机械,20241231,-33.14951518094837,-1.2925875503561708,0.1413634665743612,0.5328141386655565,,,down,3.9981251601124708,99.92689400451442,high_volatility,increasing_vol,False,none,-197.0897850322833,False,none,False,rising,mid_up,False,True,-5.12030166573927,-29.75012044919321,-0.2,0.8064959405073401,-34.93829272911729,-82.46316999072668,1.0,10,5,False,,stable
600501.SH,roiic,航天晨光,20250426.0,专用机械,20241231,0.37764433278745535,0.1311841269609896,0.16175898920859183,0.5020741267841955,,,up,2.2246558888134444,613.2184461026176,high_volatility,increasing_vol,False,none,8916.756495443087,False,none,False,rising,top,True,False,5.6783951950688465,15.736947552347194,0.4,0.4624327264504764,357.6890057076635,1372.449607150712,3.8369913115875987,10,5,False,,stable
600513.SH,roiic,联环药业,20250418.0,化学制药,20241231,-13.137432292374012,-2.2047039896744023,0.8383021898364008,0.029064311624665357,,,down,4.007268889616326,21.457957618750893,high_volatility,stable,True,severe,-268.56184112864685,False,none,False,falling,mid_down,False,True,-3.4317211141186315,-12.51891012555494,-0.8,0.0864107329737,1.4135289296476046,-20.05440643098424,-14.187475056477155,10,5,False,,stable
600520.SH,roiic,三佳科技,20250429.0,半导体,20241231,13.442218962928951,0.2539969922720939,0.11618534204777863,0.574560843131792,,,up,2.3154925824694215,391.15301727402283,high_volatility,decreasing_vol,True,severe,-246.68933557892655,False,none,False,falling,bottom,False,False,-6.177527310336852,-228.36724125583925,-0.6,0.22067136191984693,108.6485590779445,-291.76506377039016,-2.6854020545369393,10,5,False,,stable
600521.SH,roiic,华海药业,20250430.0,化学制药,20241231,-2.7786816745929754,-0.03766110595607408,0.0001596592320494136,0.9839122399654721,,,down,10.240959154670778,46.18820425497184,high_volatility,increasing_vol,False,none,-35.87609286357562,False,none,False,rising,mid_up,False,False,-0.2220518654897199,-2.9677230098615754,0.0,1.0,-5.3437488704379845,24.29376331644097,1.0,10,5,False,,stable
600529.SH,roiic,山东药玻,20250425.0,医疗保健,20241231,1.8458399861364818,0.08980141198698935,0.02810559464970084,0.7875490522835547,0.06080639566509061,0.06080639566509061,up,0.7979601615342448,13.650338160342935,high_volatility,stable,False,none,568.6992872048336,False,none,False,rising,top,True,False,0.9457711027047893,1.8256518982535126,0.2,0.8064959405073401,17.660292921514866,35.36265747484074,2.0023822725929845,10,5,False,,stable
600530.SH,roiic,交大昂立,20250429.0,医疗保健,20241231,-56.87533829218844,-0.2107455600651993,0.9965594774598685,8.573819396126012e-05,,,down,0.8585323907844139,179.31043680272165,high_volatility,stable,True,severe,-683.4442766821453,False,none,False,falling,bottom,False,True,-5.797379130961449,-58.523828464438836,-0.6,0.22067136191984693,-225.91952841022888,-397.85740522069136,1.0,10,5,False,,stable
600536.SH,roiic,中国软件,20250429.0,软件服务,20241231,2.8547672185367134,0.17868769565881254,0.03925039265848402,0.749409459944187,-0.025816306531705746,-0.025816306531705746,up,1.7661587540021833,541.2833245063215,high_volatility,increasing_vol,True,mild,1597.7321433261243,False,none,False,falling,mid_down,False,False,1.4133556996257122,17.344528807867384,0.0,1.0,343.5157340171582,117.42737081183657,0.3418398611283733,10,5,False,,stable
600537.SH,roiic,亿晶光电,20250429.0,电气设备,20241231,-2.369472223262354,-0.6691897955452404,0.10550404431413259,0.5938259518329808,,,down,3.0256891225031413,120.58100335940527,high_volatility,decreasing_vol,False,none,-80.61672430724192,False,none,False,rising,mid_up,False,False,-0.8203192531513093,23.75085166792648,0.2,0.8064959405073401,43.163762595308796,44.57649272531618,1.0327295408246204,10,5,False,,stable
600549.SH,roiic,厦门钨业,20250426.0,小金属,20241231,-9.713471626252401,-0.6534245347840957,0.9721228000340165,0.001992206444297764,-0.4759340210734392,-0.4759340210734392,down,0.8735711546481473,16.03925619584871,moderate,decreasing_vol,True,severe,-72.23544942437938,False,none,False,falling,mid_down,False,False,-0.6285569447989122,-9.33717538813217,-1.0,0.02748633611151033,15.446519195139189,3.01646424313874,0.1952844006491754,10,5,False,,stable
600550.SH,roiic,保变电气,20250411.0,电气设备,20241231,37.55152221090596,2.4720455250785642,0.6897306584985483,0.08160660987869442,,,up,1.2286964052610787,88.91409399260331,high_volatility,stable,False,none,-23.388108278808907,False,none,False,rising,mid_up,False,False,-0.1332063239165988,38.98114985204503,0.4,0.4624327264504764,83.6300323321576,140.52686329004777,1.6803396982068615,10,5,False,,stable
600552.SH,roiic,凯盛科技,20250328.0,元器件,20241231,0.3210620171432225,-0.013184417485358502,3.6012832636881724e-05,0.9923592471292261,,,down,2.183792963636867,20.455969294207136,high_volatility,stable,False,none,2343.973155595596,False,none,False,rising,mid_up,False,False,1.1918522936021374,1.265729413472259,0.0,1.0,-9.270855680527399,7.222295021929402,1.0,10,5,False,,stable
600560.SH,roiic,金自天正,20250328.0,电气设备,20241231,-0.5533767445204854,-0.07725887768168196,0.0017262085331859057,0.9471150923018852,,,down,1.2781789902167233,20.77042839785031,high_volatility,stable,True,severe,165.4071035426967,False,none,False,falling,mid_down,True,False,2.9570624902859937,-8.37122120225033,-0.4,0.4624327264504764,14.159925364744822,7.75777277321366,0.5478681965745985,10,5,False,,stable
600563.SH,roiic,法拉电子,20250322.0,元器件,20241231,-12.627047977967706,-0.9504399803660111,0.8177035674812961,0.035040625485042366,-0.5633983557586317,-0.5633983557586317,down,0.9391107333638777,23.527551773287275,volatile,decreasing_vol,True,severe,-95.05182654604903,False,none,False,falling,mid_down,False,False,-1.446606510119877,-12.403196568127502,-0.8,0.0864107329737,21.26489686228133,1.3642941433973221,0.06415710135971751,10,5,False,,stable
600570.SH,roiic,恒生电子,20250329.0,软件服务,20241231,18.258332343553867,0.15854352201928634,0.0025702116718517667,0.9354779117895657,,,up,1.5020336012519475,83.38008705952802,high_volatility,stable,True,severe,-62.87677841930962,False,none,False,falling,mid_down,False,False,-0.2438854163807771,12.164189842252703,0.2,0.8064959405073401,-50.03396621223067,-88.34447735821973,1.0,10,5,False,,stable
600571.SH,roiic,信雅达,20250419.0,软件服务,20241231,-47.81798596932754,-0.08509252111017514,0.0003912054830214231,0.9748183451973355,,,down,7.363967784433037,335.0001990352348,high_volatility,increasing_vol,True,severe,-291.8842285484241,False,none,False,falling,bottom,False,True,-6.640472402955863,-13.083044460060542,0.0,1.0,-59.837202496336005,-530.1628132353014,1.0,10,5,False,,stable
600577.SH,roiic,精达股份,20250325.0,电气设备,20241231,1.7150320724000636,0.49060757396044624,0.05129197069043184,0.7141245496534387,,,up,6.333937677964345,16.529447012251865,high_volatility,stable,False,none,151.81242194957647,False,none,False,rising,top,False,False,3.668677783769356,2.731200842930971,0.2,0.8064959405073401,-2.0951540429158855,14.09702634807296,1.0,10,5,False,,stable
600580.SH,roiic,卧龙电驱,20250426.0,电气设备,20241231,-2.133128941916658,0.533125669973376,0.039437632485604744,0.7488204490982138,,,up,3.230797775567536,36.6266288174528,high_volatility,increasing_vol,False,none,216.19456643519976,False,none,False,rising,mid_up,False,False,3.660444559674396,-1.3162057905870213,-0.2,0.8064959405073401,-11.976652200962512,20.940311445960607,1.0,10,5,False,,stable
600582.SH,roiic,天地科技,20250321.0,专用机械,20241231,-7.5685245070328575,-0.4195300813529735,0.7192698863498151,0.06942698842950694,-0.3694715148565577,-0.3694715148565577,down,0.5604200217585262,14.453664905431129,moderate,increasing_vol,True,severe,-84.91765182645017,False,none,False,falling,bottom,False,False,-0.9425076559554582,-7.682614147230812,-0.6,0.22067136191984693,23.5202144694917,6.038952836500672,0.25675585757663294,10,5,False,,stable
600584.SH,roiic,长电科技,20250421.0,半导体,20241231,-9.918712803900213,-0.9585418278561889,0.19440143241137442,0.45737634447688225,,,down,2.287781443445115,137.3087057364148,high_volatility,decreasing_vol,False,none,-33.605581330259234,False,none,False,rising,mid_up,False,False,-0.19709878991102414,27.97166901677162,0.0,1.0,-44.916767614290805,2.9268586374308954,1.0,10,5,False,,stable
600587.SH,roiic,新华医疗,20250430.0,医疗保健,20241231,3.0938480515720257,0.549185380385109,0.0678300837743186,0.6721827271787681,,,up,3.932223814781772,62.57920236974645,high_volatility,decreasing_vol,True,severe,-545.6464612738351,False,none,False,falling,mid_down,False,False,-2.7120518242188805,-17.61442965046265,-0.2,0.8064959405073401,9.141206923522077,-15.73424602723194,-1.7212438312434117,10,5,False,,stable
600588.SH,roiic,用友网络,20250329.0,软件服务,20241231,15.063773673039663,0.2606039196088116,0.006293352479627769,0.8990991212987355,,,up,3.215589108984337,97.51003693963789,high_volatility,stable,False,none,1139.8333732736367,False,none,False,rising,top,True,False,4.015089555063947,14.244226733647894,0.2,0.8064959405073401,-25.805027370825275,89.21596348590761,1.0,10,5,False,,stable
600589.SH,roiic,大位科技,20250319.0,软件服务,20241231,27.98309403538183,0.8981380295822611,0.08605303661301308,0.6319259512672271,,,up,1.7216752099883614,505.15050283741374,high_volatility,increasing_vol,False,none,11836.54377488181,False,none,False,rising,top,True,False,5.3718190173513864,224.4690519177783,0.6,0.22067136191984693,370.4172115929318,1164.5069671891426,3.143771214575396,10,5,False,,stable
600601.SH,roiic,方正科技,20250329.0,元器件,20241231,0.5743386137737725,0.04986360805701353,0.026655026099348833,0.793053446532815,,,up,2.196554221332569,49.975912948534386,high_volatility,increasing_vol,True,severe,-56.92229628826853,False,none,False,falling,mid_down,False,False,-0.4206045593646759,31.18008291937953,0.6,0.22067136191984693,28.732409302795727,14.582238604149211,0.5075188248390408,10,5,False,,stable
600602.SH,roiic,云赛智联,20250327.0,软件服务,20241231,-9.076063275807329,-0.23285917466250067,0.011245704259043261,0.8652318361030047,,,down,1.8008158243229377,182.44910904259024,high_volatility,stable,False,none,102.80590173820947,False,none,False,rising,top,True,False,4.938440647919194,-3.0225608794246677,0.0,1.0,-104.03751567649576,11.677407193396766,1.0,10,5,False,,stable
600645.SH,roiic,中源协和,20250425.0,医疗保健,20241231,-132.09612749417994,-1.9314607207875802,0.33713746860774135,0.30465767248625697,,,down,1.4849843855532072,260.0204255405445,high_volatility,decreasing_vol,False,none,115.72500899647076,False,none,False,rising,mid_up,True,False,3.093619607002202,-119.16694035396327,-0.2,0.8064959405073401,135.47093254406857,4.344255113161574,0.03206780252840137,10,5,False,,stable
600664.SH,roiic,哈药股份,20250426.0,化学制药,20241231,-35.53351663933536,-1.2293627115662584,0.20949502514912272,0.4382709817839575,,,down,1.3715398338804374,79.03193984571665,high_volatility,stable,False,none,158.68778696461501,False,none,False,rising,mid_up,False,False,0.4748499059009421,-44.39680739979286,-0.4,0.4624327264504764,46.962726274504334,43.470480187619906,0.9256379183254457,10,5,False,,stable
600666.SH,roiic,奥瑞德,20250419.0,元器件,20241231,7.692308871883084,0.8331990703223923,0.121817472033341,0.5648042698437687,,,up,25.1088648404524,99.87419368778913,high_volatility,increasing_vol,True,severe,-435.3282704271305,False,none,False,falling,bottom,False,False,-5.169301336110911,-29.319552270672016,-0.2,0.8064959405073401,-6.911947394982938,-160.94536603732482,1.0,10,5,False,,stable
600667.SH,roiic,太极实业,20250426.0,半导体,20241231,4.564293726436344,0.3006978407332904,0.10749686692103773,0.5901512229216052,0.15303316024098113,0.15303316024098113,up,1.4080501710379114,216.25894104606985,high_volatility,increasing_vol,True,mild,-85.60579765859401,False,none,False,falling,mid_down,False,True,-0.969034335762669,51.87900778850598,0.4,0.4624327264504764,169.5851488624275,29.776393985870037,0.17558373587315437,10,5,False,,stable
600682.SH,roiic,南京新百,20250430.0,生物制药,20241231,15.816762104483967,0.17409325387884103,0.38964112263761513,0.2603803254182947,,,up,1.1062903554768941,91.80108308818885,high_volatility,decreasing_vol,False,none,69.00750006409852,False,none,False,rising,mid_up,False,False,0.5856815825556518,15.896278148869921,0.2,0.8064959405073401,-83.02122500849178,-60.47581284363876,1.0,10,5,False,,stable
600686.SH,roiic,金龙汽车,20250426.0,汽车整车,20241231,1.7555447643530726,0.011314520334727796,0.0010662051510775756,0.958432556695282,,,up,2.015967793858752,406.93253138336854,high_volatility,increasing_vol,False,none,597.7564360278297,False,none,False,rising,top,True,False,5.290984783390325,71.51325900567892,0.2,0.8064959405073401,-201.11953655954784,221.46006120282706,1.0,10,5,False,,stable
600703.SH,roiic,三安光电,20250426.0,半导体,20241231,-0.6400941354603448,-0.3281078599965025,0.09779478292238479,0.6084190346355633,,,down,3.919030690652418,43.10787655806241,high_volatility,increasing_vol,True,severe,-734.1607845556531,False,none,False,falling,bottom,False,False,-1.051369374380763,-4.265304430346784,-0.2,0.8064959405073401,11.62681257939205,-29.996734412990918,-2.5799619808234153,10,5,False,,stable
600707.SH,roiic,彩虹股份,20250418.0,元器件,20241231,-80.1359003985232,-3.3296794465183353,0.8520510025342972,0.025318284933621826,,,down,2.344140128870861,401.0732455957143,high_volatility,increasing_vol,False,none,-112.41604359982462,False,none,False,rising,mid_up,False,True,-6.376955230842411,-74.84078931544502,-0.2,0.8064959405073401,147.05533486837552,-103.61746257387404,-0.7046154610209734,10,5,False,,stable
600711.SH,roiic,盛屯矿业,20250325.0,小金属,20241231,-5.942487062296729,-0.2086529898981225,0.008458382768671256,0.8830661266761715,,,down,2.1756808385528483,137.59552690897925,high_volatility,increasing_vol,False,none,758.44974779107,False,none,False,rising,top,False,False,5.450115938409569,59.12267018732368,0.4,0.4624327264504764,79.49321335670929,298.64799763725665,3.756899300285369,10,5,False,,stable
600718.SH,roiic,东软集团,20250429.0,软件服务,20241231,-51.78719894339199,-0.7957892608968471,0.045270078736820187,0.7311538815603233,,,down,2.1390926614550207,243.4543644126583,high_volatility,increasing_vol,True,severe,-161.6943255495311,False,none,False,falling,bottom,False,True,-6.419546988557466,-40.94832983647837,-0.2,0.8064959405073401,98.27581714226848,-241.02670187012603,-2.4525535261762816,10,5,False,,stable
600721.SH,roiic,百花医药,20250312.0,生物制药,20241231,-40.16852794912933,-0.2383567838795339,0.141135342993271,0.5331722273147323,-0.12389496103026554,-0.12389496103026554,down,0.872208883138669,196.43076415330654,high_volatility,stable,True,severe,-88.62481271195726,False,none,False,falling,bottom,False,True,-1.0868137632271355,-55.027236624425626,-0.4,0.4624327264504764,213.16013133725156,47.745449693831766,0.22398864831947043,10,5,False,,stable
600728.SH,roiic,佳都科技,20250411.0,软件服务,20241231,97.03276254430641,2.410207552926935,0.5550130702689737,0.14852921249285597,,,up,2.1957000994893985,4279.745981314078,high_volatility,stable,False,none,-97.22027594424452,False,none,False,rising,mid_up,False,True,-1.7914075071571576,110.3368415162548,0.4,0.4624327264504764,1978.2585227535665,266.7985650103429,0.13486536867738708,10,5,False,,stable
600732.SH,roiic,爱旭股份,20250430.0,电气设备,20241231,13.401868538924854,-0.5714618720629795,0.042101938118544326,0.7405920382239211,,,down,1.8771391740449774,436.6960922860597,high_volatility,increasing_vol,True,severe,-1424.0527208106378,False,none,False,falling,bottom,False,False,-6.300504492597414,-160.92449321774967,-0.4,0.4624327264504764,-286.9690431570724,-991.2592144835527,1.0,10,5,False,,stable
600733.SH,roiic,北汽蓝谷,20250429.0,汽车整车,20241231,-47.34571846381503,-2.1294426611383077,0.6282385615248597,0.10977565424909892,,,down,3.626558925231068,178.01590268117278,high_volatility,increasing_vol,True,severe,-4481.3655204378365,False,none,False,falling,bottom,False,False,-1.9006036265020896,-44.683058873168456,-0.2,0.8064959405073401,45.164867441515305,-147.183823797178,-3.2588122612729604,10,5,False,,stable
600734.SH,roiic,实达集团,20250416.0,软件服务,20241231,-62.80790677165946,0.18746725499111871,0.0018645266899872033,0.9450383954310801,,,up,1.518718226890501,2399.8016962122906,high_volatility,increasing_vol,True,severe,-103.54040324396003,False,none,False,falling,mid_down,False,True,-5.954104522200486,308.95762085767603,0.2,0.8064959405073401,1717.8037247047494,-36.248476012505066,-0.021101640129890475,10,5,False,,stable
600739.SH,roiic,辽宁成大,20250426.0,生物制药,20241231,-3.2642401630209266,0.21834233382434037,0.005168919093411324,0.908539115954613,,,up,2.1517509800874413,2194.1560957783036,high_volatility,increasing_vol,True,mild,188.9872924084464,False,none,False,falling,mid_down,True,False,5.5784826191680095,14.352935223858362,0.0,1.0,1164.962495463073,124.83373869823244,0.10715687344819712,10,5,False,,stable
600745.SH,roiic,闻泰科技,20250426.0,半导体,20241231,-1.8126313113602996,-0.5062050094460858,0.11608037945891897,0.5747451878082872,,,down,2.433907608764034,627.3309885504692,high_volatility,increasing_vol,False,none,536.9073541880492,False,none,False,rising,top,False,False,4.810075448331588,5.653276874059301,0.0,1.0,-290.41003179777704,128.2589381855403,1.0,10,5,False,,stable
600756.SH,roiic,浪潮软件,20250329.0,软件服务,20241231,1.842933857332553,0.04235347928822479,0.5239009751006181,0.1668323610000078,,,up,5.032809172453552,351.3330767742988,high_volatility,increasing_vol,True,severe,-1586.504798150445,False,none,False,falling,bottom,False,False,-5.875083454602528,-116.05372066732915,-0.2,0.8064959405073401,-117.88765249534353,-686.3472715723022,1.0,10,5,False,,stable
600763.SH,roiic,通策医疗,20250426.0,医疗保健,20241231,-5.83315926661122,-1.4912346454327614,0.7403328683425477,0.061267867471382596,,,down,2.616870342000093,47.957918581044275,high_volatility,stable,True,severe,85.52660791716296,False,none,False,falling,mid_down,False,False,0.9658529504730804,-8.329083316396598,-0.4,0.4624327264504764,-20.076388265525225,-14.56093420465669,1.0,10,5,False,,stable
600774.SH,roiic,汉商集团,20250430.0,化学制药,20241231,-24.61592550065182,-2.250938284343919,0.8293479197385201,0.03160908597588229,,,down,1.2502350811134741,40.53469662929108,moderate,stable,True,severe,-133.55735508654664,False,none,False,falling,bottom,True,False,-0.42406164972954574,-24.32520067406073,-1.0,0.02748633611151033,-39.80643757769526,-91.08775403765365,1.0,10,5,False,,stable
600783.SH,roiic,鲁信创投,20250430.0,专用机械,20241231,-38.12249784047195,-2.7690225875549435,0.8706753360038072,0.020562108646882148,,,down,2.3123333756088957,80.76919810142405,high_volatility,increasing_vol,False,none,-5219.761461873734,False,none,False,rising,mid_up,True,False,-1.9227825972052741,-29.317014330791693,-0.8,0.0864107329737,-46.366486972762786,-67.35954014902052,1.0,10,5,False,,stable
600789.SH,roiic,鲁抗医药,20250322.0,化学制药,20241231,6.054730025901852,0.17321253685339225,0.797439760037992,0.041337534437176,,,up,1.4142786740167523,32.49119894864026,high_volatility,decreasing_vol,False,none,44.9950970164145,False,none,False,rising,top,False,False,0.18571410477449657,7.798600305680065,0.8,0.0864107329737,26.838922865410247,52.087724970444114,1.9407531826686788,10,5,False,,stable
600797.SH,roiic,浙大网新,20250423.0,软件服务,20241231,16.935577981763494,-0.3175776175761624,0.088891499709315,0.6260892646093097,,,down,3.609848785013394,214.88957539225083,high_volatility,stable,False,none,260.5343364595716,False,none,False,rising,top,True,False,5.906969168342787,142.54296706205434,0.4,0.4624327264504764,-35.36782406071821,232.87051662366184,1.0,10,5,False,,stable
600807.SH,roiic,济高发展,20250430.0,医疗保健,20241231,-5.641395775173253,-0.1281395996808218,0.059877755601050735,0.6915769556305449,0.3336037654739852,0.3336037654739852,down,0.9071690309054382,54.00152267990436,high_volatility,increasing_vol,False,none,1829.1554210203785,False,none,False,rising,top,True,False,1.4777245767162956,20.49171251421344,0.2,0.8064959405073401,64.44639800262429,147.84467934510235,2.294072033926272,10,5,False,,stable
600812.SH,roiic,华北制药,20250328.0,化学制药,20241231,12.562087603131591,1.4975037839331389,0.5347699755474058,0.16030755562283777,,,up,2.0402157463916737,67.99352555269463,high_volatility,increasing_vol,True,mild,752.3696960342419,False,none,False,falling,mid_down,False,False,1.067321647165381,22.97742970894558,0.6,0.22067136191984693,41.357851492682904,46.42486118830572,1.122516269891807,10,5,False,,stable
600817.SH,roiic,宇通重工,20250409.0,专用机械,20241231,-31.639183167549554,-1.9378583736889745,0.6132259162943321,0.11724646388438809,,,down,1.8963485588864621,422.54250538874857,high_volatility,increasing_vol,False,none,-519.7750430364471,False,none,False,rising,mid_up,False,False,-0.911796977411367,-46.48220094589446,-0.6,0.22067136191984693,-260.6687731193792,-125.58897447469361,1.0,10,5,False,,stable
600821.SH,roiic,金开新能,20250410.0,新型电力,20241231,-0.8544575427672662,-0.004172783182705309,2.9787034253681625e-05,0.993051011467685,,,down,267.3177708844196,12.64226007370129,high_volatility,increasing_vol,False,none,-66.68679266613839,False,none,False,rising,mid_up,False,False,-0.5363625358826478,-2.2999047484498587,-0.4,0.4624327264504764,-1.1174268723893463,2.824943923524482,1.0,10,5,False,,stable
600845.SH,roiic,宝信软件,20250401.0,软件服务,20241231,-0.6778674690298974,-0.023772209545379352,0.011861155089645909,0.8616074584591848,,,down,15.941510653227754,130.92458354000826,high_volatility,increasing_vol,True,severe,-1638.352565177282,False,none,False,falling,bottom,False,True,-4.610783133251076,-76.99145962649925,-0.8,0.0864107329737,-13.897514796026236,-197.0625722583288,1.0,10,5,False,,stable
600847.SH,roiic,万里股份,20250430.0,电气设备,20241231,-69.37950881997601,0.5379673587395741,0.019427824662968742,0.8231074462777364,,,up,1.813407342149978,453.57534054053065,high_volatility,decreasing_vol,False,none,-97.966522501562,False,none,False,rising,mid_up,False,False,-1.9462550808056465,-93.76105405937895,0.0,1.0,229.30939875916098,9.242446713208748,0.04030557300843958,10,5,False,,stable
600850.SH,roiic,电科数字,20250415.0,软件服务,20241231,1.9808000111084454,0.6239743375345946,0.5147876343796333,0.17241388316028064,,,up,3.769299156912928,12.390593317677139,high_volatility,increasing_vol,False,none,-53.966886362483194,False,none,False,rising,mid_up,False,False,-0.3866035466561081,1.8893395184222652,0.2,0.8064959405073401,3.24561772319941,8.67546470488642,2.6729779797771336,10,5,False,,stable
600851.SH,roiic,海欣股份,20250419.0,化学制药,20241231,-0.8852582930517581,-0.39407147972520146,0.11544420675430442,0.5758645137073859,,,down,1.8852910268383107,16.79317090194722,high_volatility,stable,True,severe,85.73691043606998,False,none,False,falling,mid_down,False,False,0.9696788450654679,-1.5965547394871,-0.2,0.8064959405073401,-9.17304623565039,-5.451306243473236,1.0,10,5,False,,stable
600855.SH,roiic,航天长峰,20250429.0,专用机械,20241231,-24.1014223308759,-1.9675339031360939,0.5431570001839143,0.15536922252290167,,,down,1.448306098980002,98.13736992251424,high_volatility,stable,False,none,94.87999557449672,False,none,False,rising,mid_up,True,False,1.4839265955987784,-28.250703705772377,-0.6,0.22067136191984693,-74.99052934029247,-7.7161775979483345,1.0,10,5,False,,stable
600860.SH,roiic,京城股份,20250329.0,专用机械,20241231,-48.55944585099437,-1.3459495340014758,0.19975155586039176,0.45050130752224893,,,down,2.8022316608382694,118.00927541913599,high_volatility,increasing_vol,False,none,538.7541595379297,False,none,False,rising,mid_up,False,False,0.9252976131582924,-51.33065668594729,-0.6,0.22067136191984693,27.544771375939938,51.32979386334308,1.863504080784606,10,5,False,,stable
600867.SH,roiic,通化东宝,20250430.0,生物制药,20241231,4.897388342109774,0.10275996414886457,0.3990853775295056,0.2529293045950354,,,up,1.7289706745255071,216.04530542660498,high_volatility,increasing_vol,False,none,602.5668474076326,False,none,False,rising,top,False,False,0.9747612398775207,21.010297348777364,0.4,0.4624327264504764,149.69083844347807,502.44254074542044,3.3565350155690274,10,5,False,,stable
600869.SH,roiic,远东股份,20250426.0,电气设备,20241231,-17.25767399408509,-1.4008640936550545,0.4434618540529343,0.2198021048033367,,,down,21.569397164042744,522.615500630253,high_volatility,decreasing_vol,True,severe,-315255.4253391455,False,none,False,falling,bottom,False,True,-3.7162855449521515,-263.4531867387876,-0.8,0.0864107329737,-45.56712733356349,-681.8012588694498,1.0,10,5,False,,stable
600875.SH,roiic,东方电气,20250430.0,电气设备,20241231,-9.288051734423908,-1.831190082869042,0.6260110377382482,0.1108691256714241,,,down,2.4089218087171695,56.91396472343138,high_volatility,decreasing_vol,False,none,-116.88801494427881,False,none,False,rising,mid_up,False,False,-2.7603042363334893,-15.08362958787717,-0.6,0.22067136191984693,17.573438006691607,-3.208506580187924,-0.18257705629178478,10,5,False,,stable
600877.SH,roiic,电科芯片,20250425.0,半导体,20241231,-0.6441419940798923,-0.039624087423112186,0.00033813457297431315,0.9765884358290102,,,down,2.1381609479038626,352.6992496434225,high_volatility,increasing_vol,True,severe,-1222.1785754565237,False,none,False,falling,bottom,False,False,-1.290898452152748,-54.36022361311788,-0.4,0.4624327264504764,-213.14125792853952,-793.5324912571709,1.0,10,5,False,,stable
600884.SH,roiic,杉杉股份,20250426.0,电气设备,20241231,-5.495166466238457,-0.7920188565000481,0.07494647263769838,0.6558377219895621,,,down,10.184193020488818,36.59296193208833,high_volatility,stable,False,none,175.50950210518658,False,none,False,rising,top,True,False,4.233794084651119,-0.31222624726674897,0.0,1.0,1.9445636095741259,29.963276833686702,15.408740905240371,10,5,False,,stable
600885.SH,roiic,宏发股份,20250329.0,电气设备,20241231,-3.8959520184181615,-0.22400778602010676,0.9381271236938221,0.0066573285328213275,-0.1859591059133502,-0.1859591059133502,down,0.3728559253991571,6.444813005798378,ultra_stable,decreasing_vol,False,none,-22.14548682423717,False,none,False,falling,mid_down,True,False,-0.12477808631550302,-3.6887922699047744,-1.0,0.02748633611151033,16.11620992967746,11.265968417014223,0.6990457723107912,10,5,False,,stable
600905.SH,roiic,三峡能源,20250430.0,新型电力,20241231,-2.5202477141375668,-1.201015371011761,0.7754271292984206,0.048640115097723376,,,down,1.4995221668640044,4.563373649622384,high_volatility,increasing_vol,True,severe,-138.0750640885053,False,none,False,falling,bottom,False,False,-2.132628466230409,-2.413224741378963,-0.6,0.22067136191984693,2.287144219277247,-2.548985343982826,-1.1144838714142489,9,5,False,,stable
600930.SH,roiic,华电新能,20250627.0,新型电力,20241231,-0.3952656297918399,-0.21087469827490724,0.4275444333411225,0.23133960696738864,,,down,2.8917044077901166,34.749282948320335,high_volatility,decreasing_vol,True,severe,-93.06262294385112,True,growth_to_decline,False,falling,mid_down,False,True,-1.1298002304251789,1.8435770239773328,0.0,1.0,-7.606382079041117,0.5695116184159779,1.0,8,5,False,,stable
600973.SH,roiic,宝胜股份,20250315.0,电气设备,20241231,16.494015062135418,1.1546950106255813,0.26299591200473244,0.3769149276733161,,,up,1.9321082601888098,246.7014248874025,high_volatility,stable,False,none,104.96711840101172,False,none,False,rising,top,True,False,5.516716911260216,15.99043376446158,0.2,0.8064959405073401,-122.73688951604578,27.722423679472964,1.0,10,5,False,,stable
600980.SH,roiic,北矿科技,20250401.0,专用机械,20241231,-0.23223543766368202,-0.19258317727010238,0.04080032611239014,0.7445769100859625,,,down,1.0343852289619262,6.082971582146203,high_volatility,decreasing_vol,False,none,676.7365921392192,False,none,False,rising,mid_up,False,False,0.9659628210526995,-1.3531298426903566,-0.2,0.8064959405073401,5.81108966170205,10.223664920155468,1.759336977285769,10,5,False,,stable
601012.SH,roiic,隆基绿能,20250430.0,电气设备,20241231,-7.054591034831067,-0.5508133868701834,0.05437605235726316,0.7058105466322986,,,down,2.2823515919979354,606.7190582288858,high_volatility,increasing_vol,True,severe,-4008.627833983601,False,none,False,falling,bottom,False,False,-6.06808597238925,-52.70913923592664,-0.6,0.22067136191984693,-349.78065873354416,-1349.8107516058508,1.0,10,5,False,,stable
601016.SH,roiic,节能风电,20250328.0,新型电力,20241231,0.6015472701566587,-0.7168034891055846,0.15433244885426822,0.5129873471899737,,,down,1.6641749207507073,17.82250779391781,high_volatility,increasing_vol,True,severe,-148.97843904662682,False,none,False,falling,bottom,False,True,-3.3705363976143983,5.934944360159724,0.2,0.8064959405073401,10.88998009291887,-10.165493807147925,-0.9334722121078957,10,5,False,,stable
601089.SH,roiic,福元医药,20250401.0,化学制药,20241231,-6.568533041155261,-0.8029312470243413,0.09520883604851885,0.6134564300161893,,,down,5.931028828143347,28.785679117053572,high_volatility,stable,False,none,-209.92128979000762,False,none,False,rising,mid_up,False,True,-3.2184792479312487,-9.994314613947967,-0.2,0.8064959405073401,-6.823963925569805,-13.079152574300776,1.0,8,5,False,,stable
601126.SH,roiic,四方股份,20250331.0,电气设备,20241231,-7.440768396635377,-0.17509729216335268,0.6644621294941786,0.0927159663011347,,,down,1.119378685507668,37.560007610081364,high_volatility,decreasing_vol,True,severe,-57.00649241707263,False,none,False,falling,mid_down,False,False,-0.4219255715614536,-6.863612609209865,-0.2,0.8064959405073401,33.74712723357679,27.468879698275554,0.8139620154377265,10,5,False,,stable
601127.SH,roiic,赛力斯,20250401.0,汽车整车,20241231,34.936057919840536,0.20575914085023062,0.00308438270830717,0.9293241838126327,,,up,9.97779617185409,158.17050593399452,high_volatility,increasing_vol,False,none,278.84326334838073,False,none,False,rising,top,True,False,5.967632737642518,17.105436410247542,0.0,1.0,26.333066029835315,261.16376665668093,9.917712064397776,10,5,False,,stable
601137.SH,roiic,博威合金,20250415.0,小金属,20241231,7.685910978013891,1.6081082038543553,0.66562970401914,0.09218845520622444,,,up,1.207750944572234,15.199214085023202,high_volatility,decreasing_vol,True,severe,-8.133987544526585,False,none,False,falling,mid_down,False,False,-0.042370331849376885,7.736395305884215,0.4,0.4624327264504764,14.890498772883316,19.895708846883398,1.3361344808083215,10,5,False,,stable
601179.SH,roiic,中国西电,,电气设备,20241231,38.50750838145429,1.9452717343122916,0.5064803386926938,0.1775912224002625,,,up,1.8708622772099965,279.6600212792934,high_volatility,increasing_vol,False,none,11045.273859369467,False,none,False,rising,top,False,True,2.352743995917081,150.2674500153616,0.8,0.0864107329737,196.8837126554378,614.9200882263185,3.123265403382949,10,5,False,,stable
601218.SH,roiic,吉鑫科技,20250418.0,电气设备,20241231,0.22491363114390356,0.04918505727726439,0.0009495404593812654,0.9607718244065153,,,up,2.260181852448809,2119.898860780283,high_volatility,increasing_vol,False,none,26950.609110848945,False,none,False,rising,top,False,False,2.7997389642507153,37.98582900111043,0.8,0.0864107329737,1224.7092572964907,4729.879838811817,3.8620430201147378,10,5,False,,stable
601222.SH,roiic,林洋能源,20250426.0,新型电力,20241231,4.988731650579758,0.772081877353867,0.13068135978062145,0.5499566673311851,,,up,18.490018476813283,55.030195594781034,high_volatility,stable,True,severe,-231.03667561978867,False,none,False,falling,bottom,False,False,-4.968696759375415,-24.191896115408106,-0.2,0.8064959405073401,-1.9338232906123594,-82.3232030465631,1.0,10,5,False,,stable
601231.SH,roiic,环旭电子,20250401.0,元器件,20241231,-49.65291358141387,-2.60755201013093,0.6952280229880853,0.07927439217753207,,,down,1.9752198509152,92.26163718421994,high_volatility,increasing_vol,True,severe,-583.241203125934,False,none,False,falling,bottom,False,False,-5.06501694699059,-53.31674737723169,-0.6,0.22067136191984693,-61.60542751551141,-174.0673326704902,1.0,10,5,False,,stable
601238.SH,roiic,广汽集团,20250329.0,汽车整车,20241231,-7.015319210130629,-0.7221766948010295,0.09280233878937542,0.618212638662859,,,down,2.4394962577876385,62.63636602579325,high_volatility,stable,True,severe,-5756.910367586609,False,none,False,falling,bottom,False,True,-3.507774782042653,-42.88340722828225,-0.6,0.22067136191984693,-34.757743091210216,-122.43496066747204,1.0,10,5,False,,stable
601311.SH,roiic,骆驼股份,20250419.0,电气设备,20241231,-0.28932111289388535,-0.013245587461660557,0.011053107348679793,0.8663865462895813,,,down,123.41152988422743,65.90249923432923,high_volatility,increasing_vol,True,severe,110.95939009232289,False,none,False,falling,mid_down,True,False,4.295696008713924,3.87539249409312,0.2,0.8064959405073401,1.0332782623387025,12.136353270538146,11.745483973570638,10,5,False,,stable
601519.SH,roiic,大智慧,20250412.0,软件服务,20241231,15.178856502411936,0.964957556175451,0.12740400533407348,0.5553772358200082,,,up,4.374146562826085,285.42513310271863,high_volatility,increasing_vol,True,mild,134.7990238438229,False,none,False,falling,mid_down,True,False,5.953632167606414,25.056681301234022,0.2,0.8064959405073401,80.48318184166253,113.60002236177513,1.4114752891512734,10,5,False,,stable
601567.SH,roiic,三星医疗,20250425.0,电气设备,20241231,38.183654583420484,2.639431762971511,0.6148292503976105,0.11643720316660613,,,up,29.85804747595619,111.93486824169351,high_volatility,decreasing_vol,True,severe,-93.05907261642321,False,none,False,falling,mid_down,False,True,-1.3329361668552446,40.784351780455,0.4,0.4624327264504764,15.203997515726375,11.541587348086372,0.7591153139921418,10,5,False,,stable
601606.SH,roiic,长城军工,20250426.0,专用机械,20241231,17.79025059647745,-0.2857749802717791,0.015697106649223695,0.8408965700065268,,,down,1.5494498573852447,145.47189912582806,high_volatility,increasing_vol,False,none,-63.360290148184696,False,none,False,rising,mid_up,False,False,-0.5020116154310754,19.56392209054951,0.2,0.8064959405073401,99.22323640736622,122.87783541803275,1.23839777724596,10,5,False,,stable
601608.SH,roiic,中信重工,20250315.0,专用机械,20241231,-0.9361401324361447,-0.1719884137492096,0.36977419443696485,0.27654742311775143,,,down,2.599996362340857,15.954968861313455,high_volatility,increasing_vol,False,none,-149.06331894292737,False,none,False,rising,mid_up,False,True,-3.23806489707941,-4.263834341630262,-0.2,0.8064959405073401,-6.9292975963009855,-8.907929306759854,1.0,10,5,False,,stable
601615.SH,roiic,明阳智能,20250426.0,电气设备,20241231,-0.5697306660394268,-0.04479865439554569,0.09630706999347748,0.6113079475560205,,,down,6.657174850841115,31.898052995474483,high_volatility,increasing_vol,False,none,50.448798837046596,False,none,False,rising,mid_up,False,False,0.2030026067615731,-6.249807646025512,-0.4,0.4624327264504764,2.0192922774182827,11.306679577587825,5.599327895238478,10,5,False,,stable
601616.SH,roiic,广电电气,20250327.0,电气设备,20241231,90.14460712552223,1.861967343658438,0.44417826806855193,0.21929154286119967,,,up,2.8038983249148632,2015.3997613777674,high_volatility,increasing_vol,True,mild,1393.248394202664,False,none,False,falling,mid_down,True,False,5.510447943051941,424.72899799585025,0.6,0.22067136191984693,932.0016210949226,444.5513261492155,0.4769855717921963,10,5,False,,stable
601619.SH,roiic,嘉泽新能,20250326.0,新型电力,20241231,-2.722110679944481,-0.2463931940821201,0.05165623409667732,0.7131290833211035,,,down,2.2816367616261943,1134.2193578232564,high_volatility,decreasing_vol,True,severe,-1915.5417117851166,False,none,False,falling,mid_down,False,False,-2.283243186308947,13.138909937187734,0.2,0.8064959405073401,-420.26494241185924,-19.158564042733197,1.0,10,5,False,,stable
601633.SH,roiic,长城汽车,20250329.0,汽车整车,20241231,0.2138159730502574,0.05305515491479977,0.05368432126812764,0.7076531850820316,,,up,2.464582414627599,113.13571669411644,high_volatility,increasing_vol,False,none,1606.3768494935232,False,none,False,rising,top,False,False,1.4178515242517677,8.928851273814743,0.2,0.8064959405073401,57.42050972565294,240.25609215378321,4.184151156123357,10,5,False,,stable
601700.SH,roiic,风范股份,20250429.0,电气设备,20241231,-75.05261906625302,-2.1851070366786653,0.7494860868070009,0.05785790518199906,,,down,1.5537897963925813,719.9508800196384,high_volatility,stable,True,severe,-100.84916673970821,False,none,False,falling,bottom,False,True,-5.73211931944876,-21.874330411543312,-0.4,0.4624327264504764,440.83574464230145,-14.211042958810824,-0.03223659408640242,10,5,False,,stable
601717.SH,roiic,中创智领,20250329.0,专用机械,20241231,1.3181992844240653,0.10412189317453065,0.13120791465197834,0.5490930847749634,,,up,105.74029356986328,51.95367262451656,high_volatility,increasing_vol,True,severe,-714.0732955686982,False,none,False,falling,bottom,False,False,-4.306274486435797,-11.764239827679228,-0.2,0.8064959405073401,-6.8954364115719216,-91.8380419663542,1.0,10,5,False,,stable
601727.SH,roiic,上海电气,20250329.0,电气设备,20241231,11.812447315787884,1.482463459129575,0.33201543313677856,0.3092562983955134,,,up,3.5086260319843476,157.74646023800935,high_volatility,decreasing_vol,False,none,164.64761019008986,False,none,False,rising,mid_up,False,False,4.9837349910187765,2.676009552644026,0.0,1.0,38.41760388612134,58.69924423944505,1.5279256981628313,10,5,False,,stable
601778.SH,roiic,晶科科技,20250418.0,新型电力,20241231,0.9518030602540632,0.6077097728329699,0.5045499381296,0.17880667279707185,,,up,1.6523013256832608,10.621622621816734,high_volatility,decreasing_vol,True,severe,110.11284539406765,False,none,False,falling,mid_down,False,False,1.1115940356973468,3.5186305599254935,0.8,0.0864107329737,-4.7364680322035975,0.33009404833146877,1.0,10,5,False,,stable
601877.SH,roiic,正泰电器,20250430.0,电气设备,20241231,-0.19254306392557546,-0.051391241474961144,0.025472728351973676,0.7976547527285668,,,down,7.99776744077289,24.74358727902321,high_volatility,decreasing_vol,False,none,-59.54295815402965,False,none,False,rising,mid_up,False,False,-0.4477237952682436,-5.183721444850729,-0.2,0.8064959405073401,2.5833777528476367,4.6493845441665,1.7997308132895085,10,5,False,,stable
601908.SH,roiic,京运通,20250429.0,电气设备,20241231,8.785525857949917,0.8227094883446968,0.07575304444620101,0.654038964527012,,,up,2.1049233146251387,483.85046638749765,high_volatility,decreasing_vol,False,none,164.83051912819974,False,none,False,rising,mid_up,False,False,5.01561300994004,90.99134778899308,0.6,0.22067136191984693,-162.7110001835553,60.68646960615203,1.0,10,5,False,,stable
601958.SH,roiic,金钼股份,20250403.0,小金属,20241231,-11.461601627037245,-1.6102499541054023,0.440558259967244,0.22187899678096584,,,down,7.537840024478843,171.98833219815373,high_volatility,decreasing_vol,True,severe,-119.97085352468267,False,none,False,falling,mid_down,False,False,-4.414403082427964,2.036110786417349,0.0,1.0,-14.659938088739533,-18.45668387815119,1.0,10,5,False,,stable
601985.SH,roiic,中国核电,20250429.0,新型电力,20241231,-3.8506070182614307,-1.111372118318019,0.6740400392539491,0.08842941256523837,,,down,1.0619549944755184,6.976496670971109,volatile,decreasing_vol,True,severe,-155.36053858363033,False,none,False,falling,bottom,False,True,-2.168900241102391,-3.9640608561212005,-0.8,0.0864107329737,5.4143022015440945,-3.2048466909974263,-0.5919223884628091,10,5,False,,stable
603005.SH,roiic,晶方科技,20250419.0,半导体,20241231,-32.548156397949285,-2.6383459343722544,0.7012180379969725,0.07676738976216527,,,down,1.6768713057190934,104.65765958507673,high_volatility,stable,True,severe,48.2218553508451,False,none,False,falling,mid_down,False,False,0.32909399527275207,-28.820402280244213,-0.6,0.22067136191984693,-72.17690470796646,-114.10412724380343,1.0,10,5,False,,stable
603011.SH,roiic,合锻智能,20250429.0,专用机械,20241231,4.356689916922854,-0.4358918984756963,0.03387596119946189,0.7669847874327648,,,down,1.4967255215538258,27.716602062989146,high_volatility,increasing_vol,False,none,765.4777229751953,False,none,False,rising,top,True,False,3.836986833191377,1.9222601416726652,0.2,0.8064959405073401,19.825166560018758,59.735586509130826,3.013119023655472,10,5,False,,stable
603012.SH,roiic,创力集团,20250426.0,专用机械,20241231,-35.77998098328847,-2.5025451459804944,0.7036766434133395,0.07574869491888758,,,down,1.6417872339650683,104.11555092687438,high_volatility,decreasing_vol,True,severe,-133.15192215935593,False,none,False,falling,bottom,False,True,-4.693033872558785,-44.47383008802054,-0.6,0.22067136191984693,52.681988466327596,-31.428387256517304,-0.5965679764841295,10,5,False,,stable
603014.SH,roiic,威高血净,20250425.0,医疗保健,20241231,0.6705352005811029,-0.17861937529867364,0.051447216658831466,0.7136998361813389,-0.41171172634266207,-0.41171172634266207,down,0.9108755783181902,11.499196747677367,high_volatility,increasing_vol,True,severe,-93.03058342177192,False,none,False,falling,bottom,False,False,-1.2714237589170088,1.6689351169104756,0.0,1.0,12.825493697867069,1.3091078076658875,0.10207075364931936,5,5,False,,stable
603015.SH,roiic,弘讯科技,20250423.0,电气设备,20241231,-3.5622605731243895,-1.0654066700373914,0.5132454239692188,0.1733685374380432,,,down,4.827723734652316,29.827579821580525,high_volatility,increasing_vol,False,none,-107.94400339136206,False,none,False,rising,mid_up,False,True,-3.230328013525921,-4.982408213265851,-0.4,0.4624327264504764,3.6007738271986804,-3.5289240790288696,-0.9800460257661592,10,5,False,,stable
603016.SH,roiic,新宏泰,20250425.0,电气设备,20241231,-0.5212764357071087,0.31973153089253115,0.019615738812904616,0.8222596331649576,,,up,1.750977094244749,33.93133422151661,high_volatility,stable,True,severe,-101.64037013551945,False,none,False,falling,mid_down,False,True,-2.9122720757625347,-1.647772812310084,0.0,1.0,19.222131118983217,-1.0845576877928937,-0.05642234365584033,10,5,False,,stable
603019.SH,roiic,中科曙光,20250305.0,IT设备,20241231,-0.3751004572771315,-0.0545919125105188,0.04685815184555022,0.7265529531078566,2.1953289162809075,2.1953289162809075,down,2.147909119129021,363.7867620442758,high_volatility,increasing_vol,False,none,7690.068164753178,False,none,False,rising,top,False,False,2.1765934968951184,3.8205323099427355,0.2,0.8064959405073401,218.0995074450779,820.1116632876813,3.760263711252089,10,5,False,,stable
603031.SH,roiic,安孚科技,20250322.0,电气设备,20241231,-0.03192439210902691,-0.18216466926261074,0.022919333898403654,0.8079814399845906,,,down,1.4561955617160285,42.62554399521833,high_volatility,decreasing_vol,True,severe,-100.35657223137196,False,none,False,falling,mid_down,False,False,-2.216845224930395,-21.848879233961775,-0.6,0.22067136191984693,23.501020893777138,-0.13168577007602728,-0.005603406365673949,10,5,False,,stable
603032.SH,roiic,德新科技,20250429.0,专用机械,20241231,-41.734809834612534,-1.2699388212000584,0.19274801933493235,0.4595247702783759,,,down,1.7322404964066773,304.3683002232804,high_volatility,increasing_vol,False,none,2540.8570732396993,False,none,False,rising,top,False,False,1.636662547755829,-63.44151815663387,-0.2,0.8064959405073401,201.5553688565249,691.8721492042707,3.432665441409168,10,5,False,,stable
603036.SH,roiic,如通股份,20250415.0,专用机械,20241231,2.504207564946023,0.33799313850125723,0.4711874512487178,0.2005718564567611,,,up,4.6860235837890345,36.37546811726174,high_volatility,decreasing_vol,True,severe,-85.31145814135151,False,none,False,falling,mid_down,False,False,-0.9570861400707595,3.942617725733868,0.2,0.8064959405073401,10.151699937613605,7.864849204247376,0.7747322372193945,10,5,False,,stable
603039.SH,roiic,泛微网络,20250328.0,软件服务,20241231,0.1184447616259007,-0.5787242094113051,0.06649410559855615,0.6753524849965069,,,down,2.6483390007804504,166.81245733417364,high_volatility,stable,False,none,112.10419697239588,False,none,False,rising,top,True,False,5.51596286054413,-2.6506694429560507,0.0,1.0,-62.95204379822487,43.24747773633164,1.0,10,5,False,,stable
603045.SH,roiic,福达合金,20250426.0,小金属,20241231,1.8184042750296954,0.9363631066876262,0.30209424069701485,0.3372225629878142,,,up,1.4342911769066036,13.137109382455053,high_volatility,decreasing_vol,True,severe,-82.7521095742746,False,none,False,falling,mid_down,False,True,-0.8735747532860463,0.5465812873079847,0.0,1.0,9.704825609255456,4.805841323363755,0.4952012036960708,10,5,False,,stable
603050.SH,roiic,科林电气,20250225.0,电气设备,20241231,20.197998542733668,1.1657603534801648,0.40511665665347746,0.248247213766068,,,up,1.2172484747172723,38.36142744985489,high_volatility,increasing_vol,True,mild,645.498968938967,False,none,False,falling,mid_down,False,False,1.0028933624043914,19.112653227458207,0.6,0.22067136191984693,37.5742695722198,66.21692661012449,1.7622944468115858,10,5,False,,stable
603052.SH,roiic,可川科技,20250430.0,元器件,20241231,-0.9123590813125034,-0.03828593806131,0.09609330584208536,0.6117250696871552,,,down,7.77120143417364,172.2538243607272,high_volatility,increasing_vol,False,none,1460.5036061615324,False,none,False,rising,top,False,False,1.3733699468340732,3.9438750606863797,0.0,1.0,29.489794490022007,266.3082061353554,9.030520922262172,9,5,False,,stable
603061.SH,roiic,金海通,20250319.0,半导体,20241231,-4.240652269802782,-0.7073410946215236,0.08429312255656604,0.6355978949648668,,,down,1.0988999590297628,39.68412848580826,high_volatility,stable,False,none,3337.5614913889003,False,none,False,rising,top,True,False,3.190666420802658,-5.026678348610744,-0.2,0.8064959405073401,34.84039870012188,67.32380044979513,1.9323487377186535,8,5,False,,stable
603063.SH,roiic,禾望电气,20250314.0,电气设备,20241231,-15.33582323244118,-1.4846372180520613,0.33664173109354617,0.30510044541709447,,,down,2.0069208553254136,38.68382990773127,high_volatility,stable,True,severe,14.204352467495395,False,none,False,falling,mid_down,False,False,0.07635542039676535,-17.711211634933047,-0.4,0.4624327264504764,14.674467498781826,-11.563079220723393,-0.7879726621550854,10,5,False,,stable
603068.SH,roiic,博通集成,20250429.0,半导体,20241231,43.73802989585094,1.2538432211794657,0.1203055693586924,0.5673977470333509,,,up,4.613532360462814,158.04939117505128,high_volatility,increasing_vol,False,none,124.23389922115642,False,none,False,rising,top,False,False,0.4037519527779292,73.4812533148326,0.4,0.4624327264504764,47.3791921219651,253.99868187623392,5.360975367042605,10,5,False,,stable
603070.SH,roiic,万控智造,20250426.0,电气设备,20241231,2.033745341882631,0.9219930264518951,0.44186898820665726,0.22093994101338285,,,up,19.173365467455728,30.572658012257932,high_volatility,increasing_vol,False,none,923.9490729184083,False,none,False,rising,top,False,False,1.1567452320956888,9.175282473100065,0.2,0.8064959405073401,3.2733787214877204,44.6661399658865,13.645271068905267,7,5,False,,stable
603076.SH,roiic,乐惠国际,20250425.0,专用机械,20241231,2.332540378757433,1.0727962526488535,0.4087224468395509,0.24547590774021708,,,up,2.220404041910303,455.43521428772345,high_volatility,decreasing_vol,True,severe,138.21632933725763,True,worsening,False,falling,mid_down,False,False,2.69438872898856,13.673546831884298,0.6,0.22067136191984693,-143.26846170638956,4.5423955862805325,1.0,10,5,False,,stable
603078.SH,roiic,江化微,20250322.0,半导体,20241231,-2.31081401327295,-0.7424417887343949,0.2013142467891751,0.448514930705364,,,down,3.2640199635390093,15.966564360336232,high_volatility,increasing_vol,False,none,-172.9140697448329,False,none,False,rising,mid_up,False,False,-2.879353216087046,-6.239833900737525,-0.4,0.4624327264504764,-6.5421528884337405,-7.575685646531477,1.0,10,5,False,,stable
603081.SH,roiic,大丰实业,20250429.0,专用机械,20241231,-1.7866803659201467,-0.2607580612661723,0.019454633196654587,0.822986239148022,,,down,2.2188548788101734,92.15475054530971,high_volatility,increasing_vol,False,none,113.57620712932194,False,none,False,rising,mid_up,True,False,2.9744208132008385,-11.239081377808475,-0.6,0.22067136191984693,-48.36569156204639,3.572076243389616,1.0,10,5,False,,stable
603087.SH,roiic,甘李药业,20250425.0,生物制药,20241231,26.137063735076765,1.3573183018947244,0.37997474417380234,0.2681613769459151,,,up,1.4049097513906703,144.47779099960582,high_volatility,stable,False,none,-73.61358655391764,False,none,False,rising,mid_up,False,False,-0.6661467386112179,22.802310015378488,0.4,0.4624327264504764,110.67889276156467,92.0097045352221,0.8313211511199198,10,5,False,,stable
603090.SH,roiic,宏盛股份,20250329.0,专用机械,20241231,-5.92121391741647,-0.5392808924741803,0.11744223298520409,0.5723606616451591,,,down,6.341885819425164,64.44729601015665,high_volatility,increasing_vol,True,severe,-230.08008748178503,False,none,False,falling,bottom,False,False,-5.085894022905032,-36.71430780926208,-0.6,0.22067136191984693,0.6508560093314948,-92.22187369613488,-141.69320460121054,10,5,False,,stable
603097.SH,roiic,江苏华辰,20250429.0,电气设备,20241231,-5.342272626836926,-1.0008600540814532,0.30720064030830857,0.33231118492453005,,,down,2.4060338439711275,11.48866175606427,high_volatility,decreasing_vol,True,severe,-253.47353189246417,False,none,False,falling,bottom,False,False,-2.837679397539776,-5.525082560432219,-0.4,0.4624327264504764,3.172255931487556,-10.537693201489967,-3.3218294579871936,7,5,False,,stable
603102.SH,roiic,百合股份,20250415.0,医疗保健,20241231,-20.28498467021605,-2.4494109253731144,0.9505092567688144,0.004744052854907889,,,down,6.831592172168133,32.715704188855874,high_volatility,stable,True,severe,-2161.093396147834,False,none,False,falling,mid_down,False,True,-2.7347219108511958,-18.901205624102122,-1.0,0.02748633611151033,-1.2966111462143184,-33.53956520974234,1.0,9,5,False,,stable
603105.SH,roiic,芯能科技,20250425.0,电气设备,20241231,-1.4253206230008475,-0.11644253534530305,0.08637445949178446,0.6312597719328787,1.3346979675225987,1.3346979675225987,down,1.9397091558894195,260.6058168283526,high_volatility,increasing_vol,False,none,1738.4317405501558,False,none,False,rising,top,False,False,1.4556321052584749,13.052246185688034,0.2,0.8064959405073401,168.9485670206246,600.2024332954622,3.5525748686710776,10,5,False,,stable
603106.SH,roiic,恒银科技,20250425.0,IT设备,20241231,16.583137956582767,-0.16993866031740082,0.03270994970997924,0.7709848910767854,0.27366287610960804,0.27366287610960804,down,0.8123571341359123,284.6187297630734,high_volatility,stable,False,none,233.55692301847978,False,none,False,rising,mid_up,False,False,0.6023186318702374,-13.956569310698923,-0.2,0.8064959405073401,355.33652227690766,645.0075120152928,1.8152018483274555,10,5,False,,stable
603109.SH,roiic,神驰机电,20250418.0,电气设备,20241231,4.9628327129487,1.2175824280059726,0.4959405270700757,0.18428497417588843,,,up,16.225408265001544,39.99868212978824,high_volatility,decreasing_vol,True,severe,-1008.3724033276603,False,none,False,falling,bottom,False,True,-3.6414759623175366,-16.35805523408151,-0.4,0.4624327264504764,-6.147738516339773,-57.30691806601968,1.0,10,5,False,,stable
603127.SH,roiic,昭衍新药,20250329.0,医疗保健,20241231,-3.7318531477898644,-0.07555471421921034,0.038409012152851425,0.7520744601617197,,,down,2.940946848243306,486.9804687670012,high_volatility,increasing_vol,False,none,613.3813626661283,False,none,False,rising,top,False,False,0.9820789238370522,-0.4658332204596345,0.0,1.0,-191.29401079702296,134.56093383088006,1.0,10,5,False,,stable
603131.SH,roiic,上海沪工,20250425.0,专用机械,20241231,10.389487335082553,-0.3631393075418023,0.02256264975454128,0.8094700037960518,,,down,1.8212402076124854,171.9142063374199,high_volatility,increasing_vol,False,none,-75.75520200441699,False,none,False,rising,mid_up,False,False,-0.7084708311525492,17.560647553032922,0.2,0.8064959405073401,97.51087814581496,94.32660787614832,0.9673444611491964,10,5,False,,stable
603135.SH,roiic,中重科技,20250429.0,专用机械,20241231,-7.116405429436137,-0.9476778411691434,0.1606306531641161,0.5037127320114099,,,down,2.080041607890767,157.61226271274512,high_volatility,increasing_vol,False,none,1377.4339865284792,False,none,False,rising,top,True,False,5.287884409827636,26.074687004885035,0.2,0.8064959405073401,94.61330005819863,353.64459515643665,3.737789453902384,7,5,False,,stable
603138.SH,roiic,海量数据,20250418.0,软件服务,20241231,-4.885944856766151,0.5152988056513947,0.05807679065218383,0.6961568584623,,,up,1.2452660453717717,176.01014454244958,high_volatility,increasing_vol,False,none,158.8974924162209,False,none,False,rising,top,False,False,0.4756271890569166,60.4359372767213,0.4,0.4624327264504764,162.38882645299628,432.06267790316485,2.660667530768973,10,5,False,,stable
603159.SH,roiic,上海亚虹,20250425.0,专用机械,20241231,-1.8512660128212282,0.52189197132876,0.052812505514968015,0.7099934945560322,,,up,1.3846523181712243,71.80337595672756,high_volatility,stable,True,severe,1.4464232513790707,False,none,False,falling,mid_down,False,False,0.007283685874767354,21.22930763380703,0.4,0.4624327264504764,-44.238767018223896,-53.71737412698211,1.0,10,5,False,,stable
603160.SH,roiic,汇顶科技,20250321.0,半导体,20241231,37.90045777228236,2.8106802095892744,0.6625437656751134,0.09358568822390854,,,up,2.390321479125708,1275.3132823305118,high_volatility,increasing_vol,False,none,-61.69193136346104,False,none,False,rising,mid_up,False,False,-0.47973828013044484,-9.63668118521981,0.0,1.0,-606.745407039432,80.29623394228175,1.0,10,5,False,,stable
603168.SH,roiic,莎普爱思,20250430.0,化学制药,20241231,1.4691725523599133,-0.7886476054014862,0.09367912876707261,0.6164719538593857,,,down,1.0763663588684462,117.70187340484051,high_volatility,stable,False,none,4799.223176402131,False,none,False,rising,top,False,False,1.9402030264856764,-10.200313066505618,-0.2,0.8064959405073401,109.79187783450968,228.90226085610738,2.0848742673035785,10,5,False,,stable
603169.SH,roiic,兰石重装,20250329.0,专用机械,20241231,-9.922787807358862,-1.1044043983446294,0.1973748288606848,0.4535411208696602,,,down,3.6635309541468613,23.8616123083897,high_volatility,decreasing_vol,False,none,130.08396699475284,False,none,False,rising,mid_up,True,False,3.0059420810875657,-7.150796278899512,-0.4,0.4624327264504764,3.5364462278167634,5.516684861878685,1.5599515746870065,10,5,False,,stable
603171.SH,roiic,税友股份,20250418.0,软件服务,20241231,8.561920448446738,1.395381427252539,0.5074452972773253,0.17698540653188785,,,up,4.49979885790538,216.13321217024205,high_volatility,increasing_vol,True,mild,119.14147171762338,False,none,False,falling,mid_down,True,False,5.080517504427853,12.520990777776468,0.2,0.8064959405073401,62.92510805993424,35.18462603431003,0.5591508241956097,9,5,False,,stable
603185.SH,roiic,弘元绿能,20250430.0,电气设备,20241231,-37.7351156992559,-1.130881078003119,0.13935546988814324,0.5359777546055842,,,down,2.0554118723110397,1237.4393118939327,high_volatility,increasing_vol,True,severe,-10202.930562685115,False,none,False,falling,bottom,False,True,-6.32239676866031,-263.33250687929865,-1.0,0.02748633611151033,-783.231501501054,-2798.369034606412,1.0,10,5,False,,stable
603186.SH,roiic,华正新材,20250318.0,元器件,20241231,-0.9714316316845405,-0.10218069725011385,0.002282357393958358,0.9391953694839115,,,down,9.07777083654811,129.3495661269962,high_volatility,increasing_vol,False,none,355.7930745541032,False,none,False,rising,top,True,False,5.322929036091702,-12.513222062397357,0.0,1.0,-10.939473703835468,163.9146851651136,1.0,10,5,False,,stable
603189.SH,roiic,网达软件,20250415.0,软件服务,20241231,10.740583026094226,0.4654987757890086,0.14626394079233818,0.5252017735751963,,,up,4.1808149690038166,118.12706853715183,high_volatility,stable,True,severe,-195.13117370951386,False,none,False,falling,bottom,False,False,-5.762378925662626,-51.41176977863371,-0.2,0.8064959405073401,18.199820584959753,-155.1302543894342,-8.523724377680576,10,5,False,,stable
603191.SH,roiic,望变电气,20250426.0,电气设备,20241231,-10.928866669162074,-2.145239000044198,0.7813082094653989,0.04664227471131256,,,down,3.300614059093131,18.647254066615055,high_volatility,increasing_vol,False,none,-199.56687448570884,False,none,False,falling,mid_down,False,True,-3.4033320779487823,-10.462942143247513,-1.0,0.02748633611151033,2.3709717746606285,-14.982870261062322,-6.319295076048263,10,5,False,,stable
603203.SH,roiic,快克智能,20250429.0,专用机械,20241231,38.34375988510432,0.8297177000553638,0.31479166678876386,0.3251179554662157,1.3981844736357023,1.3981844736357023,up,1.1766266650120156,95.54637737668413,high_volatility,increasing_vol,True,mild,13207.043567212957,False,none,False,falling,mid_down,False,False,2.3188924052844606,40.345750374157845,0.4,0.4624327264504764,92.70677583263827,109.23675268240541,1.1783038693914714,10,5,False,,stable
603205.SH,roiic,健尔康,20250423.0,医疗保健,20241231,20.182831572029166,1.2238282383780912,0.21492953415947547,0.4316049087357721,,,up,1.932029807806967,769.949713706711,high_volatility,decreasing_vol,False,none,-86.93096614946157,False,none,False,rising,mid_up,False,False,-0.9971676095134439,147.06735062832618,0.6,0.22067136191984693,-287.75493982641825,2.3839930571546164,1.0,6,5,False,,stable
603207.SH,roiic,小方制药,20250430.0,化学制药,20241231,-25.639248672602896,-0.7726006716393233,0.8579429707040893,0.023773590985998017,,,down,14.144478502357465,141.53100207271265,high_volatility,decreasing_vol,True,severe,-93.34776031571995,False,none,False,falling,mid_down,False,False,-1.3474143438325965,-28.56276637564437,-0.4,0.4624327264504764,-9.098590550737946,3.9751865395624755,1.0,6,5,False,,stable
603218.SH,roiic,日月股份,20250429.0,电气设备,20241231,22.913768253684907,1.1703390553958708,0.14291283086780962,0.5303909412769099,,,up,34.70095503273074,63.60109589777354,high_volatility,stable,False,none,269.800694100794,False,none,False,rising,top,True,False,4.877732450107812,35.8487022968972,0.4,0.4624327264504764,5.041296312383363,85.56245370810635,16.972311962288757,10,5,False,,stable
603222.SH,roiic,济民健康,20250429.0,医疗保健,20241231,-8.559026899159443,-0.11336961886416361,0.0019849878927964307,0.9432918727905528,,,down,4.840438347267755,187.56422703817032,high_volatility,decreasing_vol,False,none,212.21438481213647,False,none,False,rising,mid_up,False,False,4.364381452632483,54.2981634040365,0.4,0.4624327264504764,-17.645936491905534,41.624620187491956,1.0,10,5,False,,stable
603228.SH,roiic,景旺电子,20250429.0,元器件,20241231,3.0248759750100165,0.1910241967256579,0.006763325997505293,0.895407640858574,,,up,4.0318871796812426,16.84072661341497,high_volatility,stable,False,none,76.39198264017487,False,none,False,rising,top,False,False,0.2832992423875371,2.675473860573655,0.4,0.4624327264504764,5.084347180112874,23.664151753486564,4.654314686858425,10,5,False,,stable
603229.SH,roiic,奥翔药业,20250430.0,化学制药,20241231,-0.7589794071769956,-0.11922057322800184,0.032885498998285155,0.7703779921176996,,,down,32.2691751202909,43.73930857251349,high_volatility,increasing_vol,True,severe,-343.37155389013174,False,none,False,falling,bottom,False,True,-4.588129351864707,-16.802435624187936,-0.4,0.4624327264504764,-7.266560466553056,-76.672612712579,1.0,10,5,False,,stable
603232.SH,roiic,格尔软件,20250426.0,软件服务,20241231,11.51963117892648,-0.3997068737970172,0.03682002585659788,0.7571915364520044,,,down,1.7178188376574963,242.9544682646373,high_volatility,stable,True,severe,-102.03342342859078,False,none,False,falling,bottom,False,True,-5.074832959523826,3.331066929717891,0.0,1.0,144.88783953297752,-11.393014897065276,-0.07863334102978424,10,5,False,,stable
603235.SH,roiic,天新药业,20250426.0,化学制药,20241231,14.3043926106779,1.1416342414002838,0.15402559982651673,0.5134448897662532,,,up,2.120820562811677,74.14902110991947,high_volatility,increasing_vol,False,none,867.7302705882192,False,none,False,rising,top,False,False,3.5526198390894614,20.55438325059187,0.2,0.8064959405073401,-30.671103088280653,48.2025448418335,1.0,7,5,False,,stable
603259.SH,roiic,药明康德,20250318.0,化学制药,20241231,-5.766699409379279,-1.291224919524255,0.5371985991881384,0.15886898553819975,,,down,1.1878301947781666,19.730084656959228,high_volatility,increasing_vol,True,severe,-112.99542402325366,False,none,False,falling,bottom,False,True,-3.468404761660928,-7.536970753163539,-0.4,0.4624327264504764,14.880179700650826,-5.761418139300542,-0.3871874033247428,10,5,False,,stable
603267.SH,roiic,鸿远电子,20250328.0,元器件,20241231,3.8795642377454547,0.086498952668902,0.002035496835068465,0.9425754064234004,,,up,4.271767571283499,160.4874885024442,high_volatility,increasing_vol,False,none,1270.0561602448013,False,none,False,rising,top,True,False,3.511141066646268,-8.18521639113544,0.0,1.0,-47.27630501673187,56.97332781020985,1.0,10,5,False,,stable
603273.SH,roiic,天元智能,20250429.0,专用机械,20241231,-4.092857541305834,-0.3728966197490792,0.04732878096953061,0.7252052161305711,,,down,2.4569296090072865,1396.4888007288037,high_volatility,decreasing_vol,True,severe,-1829.587402268626,True,improving,False,falling,mid_down,False,False,-1.4791810315342346,-181.7630007722966,-0.8,0.0864107329737,368.8921258481902,-246.10102490437512,-0.6671354785318807,10,5,False,,stable
603277.SH,roiic,银都股份,20250429.0,专用机械,20241231,0.8745913406499769,0.14693658342202584,0.10374718605375363,0.5970978838845113,0.1570500918262141,0.1570500918262141,up,1.3453793150180993,34.79733409316646,high_volatility,decreasing_vol,True,severe,-72.47775345380016,False,none,False,falling,mid_down,False,True,-0.6414915710676969,-7.358279261664527,-0.2,0.8064959405073401,23.801167761857297,5.632454784877301,0.236646152879256,10,5,False,,stable
603282.SH,roiic,亚光股份,20250430.0,专用机械,20241231,-2.921515510340133,-0.238176569352881,0.09380311697966254,0.616226527271976,,,down,3.682596669026074,141.40245440293626,high_volatility,increasing_vol,True,severe,-646.4953044310472,False,none,False,falling,bottom,False,False,-5.5100677986580155,-35.70740970471972,-0.6,0.22067136191984693,-57.866245272496904,-288.89178155891244,1.0,9,5,False,,stable
603283.SH,roiic,赛腾股份,20250430.0,专用机械,20241231,6.512737865076772,0.5113573711633942,0.04999169396740817,0.717708694137084,,,up,2.1255816161575725,94.66491380252937,high_volatility,increasing_vol,False,none,-92.17927573576925,False,none,False,rising,mid_up,False,False,-1.258749907475962,-8.96791401240263,-0.2,0.8064959405073401,-48.70381100775676,2.7701715058148184,1.0,10,5,False,,stable
603289.SH,roiic,泰瑞机器,20250426.0,专用机械,20241231,12.673863298302301,0.41119223704028196,0.041693069472992866,0.7418367739973202,,,up,1.8716623901228662,120.29802240524819,high_volatility,stable,True,severe,99.57694619805663,False,none,False,falling,mid_down,False,False,2.6557308304027885,8.988069543953014,0.0,1.0,-60.47119663280783,-1.134723055537176,1.0,10,5,False,,stable
603290.SH,roiic,斯达半导,20250426.0,半导体,20241231,-0.5808569412891987,-0.04766762552093682,0.1780328470144951,0.4791662238839945,,,down,143.61577492157286,26.955791433566855,high_volatility,increasing_vol,True,severe,-459.0308243802705,False,none,False,falling,bottom,False,False,-3.9314900137124864,-3.990923968886385,-0.8,0.0864107329737,-3.9762459284439977,-48.265546088921916,1.0,10,5,False,,stable
603296.SH,roiic,华勤技术,20250424.0,元器件,20241231,0.6966892676597147,0.21676623345527987,0.025344352500866425,0.7981609097349766,,,up,2.056721282538894,33.084366823965695,high_volatility,decreasing_vol,True,severe,-102.047699052386,False,none,False,falling,mid_down,False,False,-1.732710645117864,-8.588865217702402,-0.4,0.4624327264504764,11.899778373709832,-0.2542607836040455,-0.021366850341161276,7,5,False,,stable
603297.SH,roiic,永新光学,20250426.0,元器件,20241231,-17.362761345568323,-2.3644679985463553,0.7608194519450477,0.05374954187742843,,,down,60.91742959275869,36.82693716049577,high_volatility,stable,False,none,-498.62871876197187,False,none,False,rising,mid_up,False,False,-3.2067847026471945,-17.484013210992977,-0.6,0.22067136191984693,-4.604289810911597,-24.57188618330386,1.0,10,5,False,,stable
603301.SH,roiic,振德医疗,20250426.0,医疗保健,20241231,-12.710076011865974,-0.12078895307713822,0.015992233954182675,0.8394158106184895,,,down,7.929590260914648,504.21245647438747,high_volatility,decreasing_vol,True,mild,2352.2833649865015,False,none,False,falling,mid_down,False,False,1.5874859904836862,59.923438449549906,0.2,0.8064959405073401,-27.89562969755142,76.62438131597526,1.0,10,5,False,,stable
603309.SH,roiic,维力医疗,20250425.0,医疗保健,20241231,1.8302292341702227,0.5579550479043327,0.11488105474851781,0.5768582749350654,,,up,1.6495202656302226,77.16056865074556,high_volatility,decreasing_vol,False,none,-52.66269551725967,False,none,False,falling,mid_down,False,False,-0.3733989868913472,-11.017111660669137,-0.4,0.4624327264504764,37.15205121105883,13.425019690412213,0.3613533910724172,10,5,False,,stable
603312.SH,roiic,西典新能,20250329.0,电气设备,20241231,-1.3816624527979653,0.4748560386006083,0.1431754954792226,0.529981656220824,,,up,0.9210107469786711,20.216670717815568,high_volatility,stable,True,severe,-84.84856745588128,False,none,False,falling,mid_down,False,True,-0.940301272087535,-8.58308353334949,-0.2,0.8064959405073401,21.536027665872346,6.111960342032815,0.2838016572442605,6,5,False,,stable
603320.SH,roiic,迪贝电气,20250417.0,电气设备,20241231,4.01568406469523,1.063348519073228,0.40388619764096423,0.24919766047479616,,,up,4.367562279903785,119.43296543024961,high_volatility,stable,False,none,116.25797934431574,False,none,False,rising,mid_up,False,False,5.254105135895442,7.48960455594265,0.2,0.8064959405073401,-26.14074695188381,38.57400358913486,1.0,10,5,False,,stable
603327.SH,roiic,福蓉科技,20250425.0,元器件,20241231,-0.15788121123343846,-0.9004103552965479,0.13587495975694447,0.541524648694909,,,down,2.144295799523506,65.80716517221697,high_volatility,stable,True,severe,-522.4477132582275,False,none,False,falling,bottom,False,False,-4.8991877774751655,-34.591597241478894,-0.4,0.4624327264504764,-38.76639974375614,-137.87734218605718,1.0,10,5,False,,stable
603328.SH,roiic,依顿电子,20250329.0,元器件,20241231,-12.284867034148123,-0.2561621654104648,0.4938354330357563,0.18563889213712242,,,down,3.6963624308271155,91.16054764779415,high_volatility,decreasing_vol,True,mild,-51.30458753061797,False,none,False,falling,mid_down,False,False,-0.35961325425623736,-7.177739098858339,-0.2,0.8064959405073401,26.896541753291036,23.043573977598815,0.8567485808758006,10,5,False,,stable
603331.SH,roiic,百达精工,20250428.0,专用机械,20241231,1.6402086989572635,0.17933519592717534,0.31786452880500005,0.32224201595567836,,,up,2.6336618558338194,136.27688800016188,high_volatility,stable,True,severe,-121.02925139434704,False,none,False,falling,bottom,False,True,-5.580213552380391,-6.913219235463503,0.0,1.0,48.15574288970032,-60.78865372782899,-1.2623344606491498,10,5,False,,stable
603333.SH,roiic,尚纬股份,20250426.0,电气设备,20241231,11.662951206330886,1.3298022821914453,0.7386594628803275,0.06190016344514356,,,up,1.1928334957091304,27.177551924613823,high_volatility,decreasing_vol,False,none,102.11371388439045,False,none,False,rising,top,False,False,2.789149828528972,8.90102240255776,0.8,0.0864107329737,-19.285142771429584,1.0890925616213922,1.0,10,5,False,,stable
603339.SH,roiic,四方科技,20250417.0,专用机械,20241231,-16.958469417614573,-0.30834793970541025,0.2537777098247824,0.38685753969963255,,,down,3.261389960331368,83.86256909476525,high_volatility,stable,True,severe,-255.29136210297753,False,none,False,falling,bottom,False,False,-5.113142171148098,-51.12927332613158,-0.8,0.0864107329737,11.407283439689657,-103.54659258001374,-9.077235007569058,10,5,False,,stable
603344.SH,roiic,星德胜,20250419.0,电气设备,20241231,-2.4777112532582777,-0.2666825761375405,0.4148451628695991,0.24081723708779673,,,down,2.3490431049436244,239.47407793790194,high_volatility,decreasing_vol,True,severe,106.89991055389154,False,none,False,falling,mid_down,True,False,3.3395849956100245,-42.220622268389675,-0.6,0.22067136191984693,70.0818265107298,3.671265580141602,0.05238541520574549,7,5,False,,stable
603350.SH,roiic,安乃达,20250430.0,电气设备,20241231,-7.071463240368868,-1.439264242539323,0.47233430095274426,0.19979928073234657,,,down,1.8398083587221088,60.34424169338881,high_volatility,decreasing_vol,False,none,-170.45040046320656,False,none,False,rising,mid_up,False,True,-2.5077000339556053,-31.879766003740748,-0.8,0.0864107329737,22.74723758315245,-5.115931657673902,-0.22490342570048916,8,5,False,,stable
603351.SH,roiic,威尔药业,20250422.0,化学制药,20241231,0.5265985690030661,0.10664558761267533,0.04290417626304434,0.738167957828971,,,up,4.828630076356236,46.45506372235037,high_volatility,decreasing_vol,False,none,6266.956176548372,False,none,False,rising,mid_up,False,True,1.8267069174080446,18.989516961409837,0.8,0.0864107329737,-2.224443320873708,30.751827842068792,1.0,10,5,False,,stable
603367.SH,roiic,辰欣药业,20250422.0,化学制药,20241231,1.1694947353154377,0.07761348649042121,0.0029713138901216727,0.9306304040251163,,,up,2.5445316067404806,93.38321693499677,high_volatility,decreasing_vol,True,severe,-555.7000433244833,False,none,False,falling,mid_down,False,True,-2.4614976943244837,15.325450253044696,0.4,0.4624327264504764,-29.123899869510222,-12.299021410337978,1.0,10,5,False,,stable
603370.SH,roiic,华新精科,20250815.0,电气设备,20241231,1.0496023998832051,0.044641048249100604,0.05131863460741689,0.7140515558178626,-0.7117909459135854,-0.7117909459135854,up,0.6878158308471493,11.57324017024009,high_volatility,increasing_vol,True,severe,-99.0151881578819,False,none,False,falling,bottom,False,True,-1.6398127928877275,-4.0748070835227885,-0.2,0.8064959405073401,16.025813929375175,0.15204505430773482,0.009487509026236575,9,5,False,,stable
603375.SH,roiic,盛景微,20250429.0,半导体,20241231,-13.769048596739887,-1.7145433690913414,0.46308743079534326,0.2060793871105225,,,down,2.3405411938733094,36.51719304500264,high_volatility,stable,True,severe,-138.0462044811939,False,none,False,falling,bottom,False,False,-4.358083613966674,-16.43591614169409,-0.6,0.22067136191984693,11.471315045832089,-24.082981492016895,-2.0994089514407546,7,5,False,,stable
603380.SH,roiic,易德龙,20250426.0,元器件,20241231,1.4123876173325711,-0.700705836735893,0.05704700582384473,0.6988095697881493,,,down,2.2417034162906595,49.18649035284414,high_volatility,increasing_vol,False,none,779.1465264158693,False,none,False,rising,top,True,False,4.153489702203623,-5.1267233066601845,0.0,1.0,22.36528535959272,82.87391232112232,3.705470821796458,10,5,False,,stable
603381.SH,roiic,永臻股份,20250430.0,电气设备,20241231,-0.14483128912774196,-0.015416209786285062,0.03464161581245109,0.7643967869982683,,,down,0.8007341409400337,6.089420839041955,volatile,increasing_vol,True,severe,-126.09469309808247,False,none,False,falling,bottom,False,True,-2.49013378041107,-2.329733013291075,-0.4,0.4624327264504764,6.747221781547548,-3.0383875724251244,-0.45031683718098225,5,5,False,,stable
603383.SH,roiic,顶点软件,20250411.0,软件服务,20241231,1.9388094536048541,0.03941132290361482,0.02298260073286664,0.8077186468499898,,,up,1.6945462301589458,103.58374423168952,high_volatility,increasing_vol,False,none,1111.673171189845,False,none,False,rising,top,False,True,1.2469564850548076,52.2110620992345,0.8,0.0864107329737,78.38689642657744,232.39020661994147,2.9646563037179834,10,5,False,,stable
603386.SH,roiic,骏亚科技,20250426.0,元器件,20241231,5.358473593781317,0.12374280022261593,0.002999230082859868,0.9303056187476977,,,up,2.5217896047418593,495.59191731591824,high_volatility,increasing_vol,False,none,390.184604638753,False,none,False,rising,top,True,False,4.225890068544796,-15.301063129533794,-0.2,0.8064959405073401,-228.27702685666424,58.26898134417593,1.0,10,5,False,,stable
603387.SH,roiic,基蛋生物,20250430.0,医疗保健,20241231,11.047752553274194,1.348751892055222,0.6196811900253024,0.11400489399868015,,,up,4.753410374684031,93.18460244291146,high_volatility,increasing_vol,False,none,158.97579389542284,False,none,False,rising,top,False,False,0.4755064838738874,11.364620082478954,0.4,0.4624327264504764,-22.333700582318414,50.83640960982344,1.0,10,5,False,,stable
603391.SH,roiic,力聚热能,20250410.0,专用机械,20241231,0.34885811761399277,0.49297161908129644,0.03976327020025295,0.7477995291981181,,,up,2.451115585704251,31.913225282527264,high_volatility,stable,True,severe,299.4089270163153,False,none,False,falling,mid_down,True,False,2.2864973576085483,3.290922922413358,0.2,0.8064959405073401,13.124535187543689,6.859006760410528,0.5226094991097524,6,5,False,,stable
603392.SH,roiic,万泰生物,20250412.0,生物制药,20241231,-2.405831330734668,-0.03388687335010241,0.10259744306193368,0.5992559046423906,,,down,3.547080430857412,810.15952408322,high_volatility,increasing_vol,False,none,497.4859792997135,False,none,False,rising,top,False,False,0.8937390220143842,10.679542372131479,0.0,1.0,-264.9562348824172,324.07198442716685,1.0,10,5,False,,stable
603396.SH,roiic,金辰股份,20250426.0,专用机械,20241231,-3.8550203188117607,-0.60475609477124,0.13723141881341158,0.5393531721003255,,,down,2.106212513149765,10.946606172476361,high_volatility,stable,True,severe,67.20664475820247,False,none,False,falling,mid_down,False,False,0.4950377466053379,-3.7520987992935533,-0.4,0.4624327264504764,4.040788148946303,-1.184749429789601,-0.2931976104955026,10,5,False,,stable
603399.SH,roiic,永杉锂业,20250416.0,小金属,20241231,49.86776299189772,2.671805962147222,0.6036131819621903,0.1221559965597052,,,up,2.1919243302365703,1128.8265163886845,high_volatility,increasing_vol,False,none,3125.4591126203945,False,none,False,rising,top,False,True,1.7368097983172652,130.60242049817856,1.0,0.02748633611151033,681.0182371783965,2523.62844251018,3.7056694002294415,10,5,False,,stable
603456.SH,roiic,九洲药业,20250411.0,医疗保健,20241231,-5.022614573729807,-0.2001256552176288,0.13744826101941884,0.5390071964141364,,,down,2.7644294242110736,400.7952070825549,high_volatility,increasing_vol,True,severe,-1788.333274688053,False,none,False,falling,bottom,False,False,-6.038239325678585,-36.892238684339134,-0.8,0.0864107329737,-200.41967674301773,-861.0971947475718,1.0,10,5,False,,stable
603489.SH,roiic,八方股份,20250430.0,电气设备,20241231,10.751385762958844,1.5269918985890942,0.26430317299785816,0.3755241055376125,,,up,2.313372399347705,153.3721124743733,high_volatility,increasing_vol,True,mild,173.12068801893795,False,none,False,falling,mid_down,False,False,4.670073263363696,36.704365212332384,0.2,0.8064959405073401,79.09105603884217,45.61809643407795,0.5767794579917429,10,5,False,,stable
603496.SH,roiic,恒为科技,20250415.0,IT设备,20241231,-2.8446105225154774,-0.5232176759141425,0.051670715645075055,0.713089584461567,,,down,1.9876926677275852,23.606652615959085,high_volatility,stable,True,severe,-510.8956692779155,False,none,False,falling,bottom,False,True,-3.7037735518715817,-3.957464148334916,-0.2,0.8064959405073401,-12.729792925346896,-41.095225623142426,1.0,10,5,False,,stable
603501.SH,roiic,豪威集团,20250416.0,半导体,20241231,-13.61875627432407,-1.6550917758773127,0.346988925946755,0.2959593868686797,,,down,3.997091158309874,95.70311248094151,high_volatility,increasing_vol,False,none,292.1053342653861,False,none,False,rising,top,True,False,5.4959052476711,12.072550055614835,0.0,1.0,29.980868770803212,168.8776242539206,5.632846250885885,10,5,False,,stable
603507.SH,roiic,振江股份,20250404.0,电气设备,20241231,-4.368339823355241,-1.0190912246080617,0.2299972266433339,0.4136687062555009,,,down,2.8033046810821465,125.66229192660155,high_volatility,decreasing_vol,True,severe,55.241122542216914,False,none,False,falling,mid_down,False,False,0.39626640634440746,14.251106625568518,0.2,0.8064959405073401,-29.74322233224197,-4.143736603702413,1.0,10,5,False,,stable
603508.SH,roiic,思维列控,20250412.0,IT设备,20241231,-71.55223427999616,-0.49968221088891046,0.03506300388134363,0.7629850769907602,,,down,1.1120266457003065,149.02126327230584,high_volatility,decreasing_vol,False,none,473.694257578486,False,none,False,rising,mid_up,True,False,4.379096575298808,-61.51139763564299,-0.4,0.4624327264504764,112.54304600755967,77.07420469741923,0.6848419998534788,10,5,False,,stable
603516.SH,roiic,淳中科技,20250423.0,IT设备,20241231,15.123357029657862,0.5217714299726603,0.03983443647866243,0.7475769932105948,,,up,2.803276115505711,128.79749869330354,high_volatility,stable,False,none,-79.75230920725485,False,none,False,rising,mid_up,False,False,-0.7985215580968879,21.452261428512863,0.2,0.8064959405073401,50.48235583173213,52.69866763345779,1.0439027015520645,10,5,False,,stable
603520.SH,roiic,司太立,20250430.0,化学制药,20241231,-5.193009898833603,-1.3462004709021778,0.21272819325804418,0.43429207459500885,,,down,6.361363155572589,51.55764649796934,high_volatility,increasing_vol,True,severe,67.00377209708272,False,none,False,falling,mid_down,False,False,0.5542532550898902,-2.9419815257941364,0.0,1.0,-9.662714035624916,-28.694903873982014,1.0,10,5,False,,stable
603528.SH,roiic,多伦科技,20250426.0,软件服务,20241231,18.66896029982761,0.5164000825403617,0.015559375003772628,0.8415924581698364,,,up,12.762851512203815,437.05504651220633,high_volatility,decreasing_vol,True,severe,-144.08234249529033,False,none,False,falling,mid_down,False,True,-6.657853069531533,-13.802850676046681,0.0,1.0,-28.6436221329118,-258.565285100036,1.0,10,5,False,,stable
603530.SH,roiic,神马电力,20250403.0,电气设备,20241231,23.063276971901203,1.7258717644828185,0.43447347313769596,0.22627124810525576,,,up,2.0833580557176172,118.70956667780467,high_volatility,increasing_vol,False,none,216.0300209214625,False,none,False,rising,top,False,False,4.979766678664944,8.797107657838685,0.0,1.0,-56.60895020072613,78.32846582257979,1.0,10,5,False,,stable
603538.SH,roiic,美诺华,20250418.0,化学制药,20241231,16.145227531055887,1.0079700246110481,0.45418191685185905,0.212239060284337,,,up,9.828921988688526,159.23165136422634,high_volatility,increasing_vol,False,none,-49.50295067521353,False,none,False,rising,mid_up,False,False,-0.34160682152838584,5.784688604900925,0.0,1.0,-20.941790840664275,66.87811279759988,1.0,10,5,False,,stable
603577.SH,roiic,汇金通,20250325.0,电气设备,20241231,0.36727118990501384,0.27127151472361566,0.08632067592682005,0.6313711488434445,,,up,4.792298629220583,57.87300698093785,high_volatility,increasing_vol,True,severe,-2006.082817074353,False,none,False,falling,bottom,False,False,-3.92363556863452,-27.663935258212376,-0.6,0.22067136191984693,-21.238954141581598,-110.01148993031713,1.0,10,5,False,,stable
603583.SH,roiic,捷昌驱动,20250428.0,电气设备,20241231,-4.365133825806906,-1.1945626559786808,0.33222517272082386,0.3090669498644946,,,down,3.428017516390422,28.35399471888368,high_volatility,increasing_vol,True,severe,-330.94898736847085,False,none,False,falling,bottom,False,False,-3.0235568054581243,-1.290554659955667,-0.2,0.8064959405073401,8.70531453902569,-15.575240561409254,-1.7891645949822803,10,5,False,,stable
603590.SH,roiic,康辰药业,20250426.0,生物制药,20241231,-11.476741599463727,0.10971706779042974,0.0039564471133779425,0.9199656984836786,,,up,1.1119074008393268,38.628901904757946,high_volatility,increasing_vol,True,severe,-10.224783322676386,False,none,False,falling,bottom,False,False,-0.04867157636893449,-9.512447309833558,-0.2,0.8064959405073401,-38.18413660103194,-79.85109104586812,1.0,10,5,False,,stable
603595.SH,roiic,东尼电子,20250419.0,元器件,20241231,-150.64018417869858,-3.3007290528906736,0.8388063941440618,0.028923468934613148,,,down,3.4118954904682584,264.5390444741831,high_volatility,increasing_vol,False,none,-4633.044276651101,False,none,False,rising,mid_up,False,True,-4.416216531871836,-140.3716356174851,-0.6,0.22067136191984693,-122.72638923693945,-277.7608955388689,1.0,10,5,False,,stable
603606.SH,roiic,东方电缆,20250327.0,电气设备,20241231,-9.283555210223202,-0.6456945118817112,0.6902129241183201,0.08140080703618317,,,down,3.05829995478323,32.70553427599986,high_volatility,stable,True,severe,104.43735076750484,False,none,False,falling,mid_down,True,False,2.8527684712438384,-10.298430437609603,-0.4,0.4624327264504764,7.90895781634288,1.7609003072159506,0.22264631423084197,10,5,False,,stable
603611.SH,roiic,诺力股份,20250428.0,专用机械,20241231,-2.7209165955897943,-0.9709090809814747,0.3209515567798579,0.31937326569820507,,,down,1.5527961724371828,17.754715993629045,high_volatility,stable,True,severe,-129.0887411744568,False,none,False,falling,bottom,False,True,-3.700218597970289,-1.6307519803393542,0.0,1.0,10.61775371664257,-10.89739299340934,-1.0263369526389048,10,5,False,,stable
603618.SH,roiic,杭电股份,20250423.0,电气设备,20241231,-0.4994023273516858,-0.13383995481505165,0.6379975468097023,0.10504621837930038,,,down,50.83777086397027,11.652494644885552,high_volatility,increasing_vol,False,none,-73.69621266891762,False,none,False,rising,mid_up,False,False,-0.649862153807386,-0.6349231414516198,-0.4,0.4624327264504764,-0.656399802235518,2.4740344390312523,1.0,10,5,False,,stable
603626.SH,roiic,科森科技,20250429.0,元器件,20241231,11.966817622250128,0.3132562329243035,0.4013684007075797,0.2511500775137643,0.45428047964561524,0.45428047964561524,up,1.2702493255015552,201.35252012272508,high_volatility,stable,True,severe,-86.68782633859533,False,none,False,falling,mid_down,False,True,-1.0082193575882932,10.012400169367115,0.2,0.8064959405073401,162.10421733177452,68.36267437194907,0.4217205171906968,10,5,False,,stable
603628.SH,roiic,清源股份,20250430.0,电气设备,20241231,1.07047750199212,0.07867594692999802,0.0007501459372037242,0.9651318671115741,,,up,8.690622602774905,39.15432945638422,high_volatility,stable,True,severe,-233.32248336324298,False,none,False,falling,bottom,False,True,-4.402176578667113,3.309154188895087,0.0,1.0,-4.18421053658469,-47.118862940226386,1.0,10,5,False,,stable
603629.SH,roiic,利通电子,20250429.0,元器件,20241231,-1.1205460359718673,-0.643792705297815,0.3141293549637398,0.32574050783061465,,,down,3.6044973042762387,11.05477138961712,high_volatility,decreasing_vol,False,none,-94.52675389781199,False,none,False,rising,mid_up,False,False,-1.0821223565760292,3.100842368032451,0.2,0.8064959405073401,-1.9751445128389689,0.32608155322655247,1.0,10,5,False,,stable
603636.SH,roiic,南威软件,20250426.0,软件服务,20241231,2.973801908484199,0.14143476531052354,0.006950735566050607,0.8939717550422901,,,up,3.7401683867996516,90.92576877597132,high_volatility,increasing_vol,False,none,3951.7856890376984,False,none,False,rising,top,False,False,1.8449963821444797,24.702947058525073,0.6,0.22067136191984693,37.46958411581525,185.19599277717109,4.942568676629723,10,5,False,,stable
603638.SH,roiic,艾迪精密,20250430.0,专用机械,20241231,-0.005661761906439011,0.33032468494368405,0.022022919072653323,0.8117455599516719,,,up,32.934621888175045,17.091823777417464,high_volatility,stable,False,none,181.94819921821056,False,none,False,rising,mid_up,True,False,3.3262985002505427,5.577422839286104,0.2,0.8064959405073401,0.5172636697933752,12.582321807582236,24.324773886803875,10,5,False,,stable
603656.SH,roiic,泰禾智能,20250322.0,专用机械,20241231,6.569502320065449,0.24859431630484252,0.13152617710844902,0.5485720813785916,,,up,8.117606093454821,62.60168046380156,high_volatility,stable,True,severe,-144.81837201148824,False,none,False,falling,mid_down,False,True,-4.8513820983343745,6.969416464459034,0.2,0.8064959405073401,-5.740989438016547,-42.81450825678929,1.0,10,5,False,,stable
603658.SH,roiic,安图生物,20250418.0,医疗保健,20241231,18.792077230009596,1.0766299936424677,0.7274537699656332,0.0662050396424433,2.639415675778035,2.639415675778035,up,1.3401576350065652,39.255210241694996,high_volatility,increasing_vol,False,none,104.52732227231417,False,none,False,rising,top,False,False,0.3577182566483006,22.444656783509743,0.8,0.0864107329737,34.92911039132706,91.57512404815871,2.621742237984307,10,5,False,,stable
603660.SH,roiic,苏州科达,20250426.0,IT设备,20241231,-3.2576897931353495,-1.0971089935701364,0.5844847714308166,0.13222305194429687,,,down,3.0374255508562604,203.0356752052097,high_volatility,stable,False,none,-102.5222367685784,False,none,False,rising,mid_up,False,False,-4.906479763397735,-7.768751009557832,-0.4,0.4624327264504764,63.65039612888907,-10.721337653346222,-0.16844102009414075,10,5,False,,stable
603663.SH,roiic,三祥新材,20250425.0,小金属,20241231,-0.6009290253638568,-0.13737525982481005,0.004501291906018094,0.9146403648227225,,,down,4.88927703937363,41.1897855722459,high_volatility,increasing_vol,False,none,-118.4092023693118,False,none,False,rising,mid_up,False,True,-3.461471016258115,-2.6887303983384614,0.0,1.0,-10.89204174436036,-6.816897730905744,1.0,10,5,False,,stable
603666.SH,roiic,亿嘉和,20250426.0,专用机械,20241231,1.9882474486471604,0.07280650744572666,0.34904216655509945,0.2941702652587064,,,up,4.948047235420785,190.70665393344757,high_volatility,stable,True,mild,108.99807061021032,False,none,False,falling,mid_down,True,False,5.4154704402720375,3.06994923259426,0.2,0.8064959405073401,-35.75828204457984,33.72139411571017,1.0,10,5,False,,stable
603669.SH,roiic,灵康药业,20250419.0,化学制药,20241231,-12.41794309325376,-1.5671534504646139,0.39754771703069003,0.254132429459792,,,down,2.0666235890108484,42.85300290010076,high_volatility,decreasing_vol,False,none,-132.360388632751,False,none,False,falling,bottom,False,True,-3.716383155067234,-13.79232703384958,-0.6,0.22067136191984693,17.010373272605886,-11.682701118636166,-0.6867986334815125,10,5,False,,stable
603676.SH,roiic,卫信康,20250426.0,化学制药,20241231,9.974327135722302,0.38941345316789694,0.48862550843947467,0.1890143406908363,0.7264519952238346,0.7264519952238346,up,0.5760309051774871,23.199844040255805,volatile,stable,False,none,15.901128294369576,False,none,False,rising,top,False,False,0.07377364248034857,9.658273458145459,0.6,0.22067136191984693,43.26764418852544,65.4780072233011,1.5133249903322874,10,5,False,,stable
603678.SH,roiic,火炬电子,20250322.0,元器件,20241231,11.103462563210071,0.23022303284801843,0.009205623934432396,0.878025521002,,,up,6.981688532589793,99.0482592100987,high_volatility,increasing_vol,False,none,360.2451672553713,False,none,False,rising,top,True,False,4.615809557510271,-10.745249088309105,0.0,1.0,-16.97237723127823,81.51142289608234,1.0,10,5,False,,stable
603679.SH,roiic,华体科技,20250426.0,电气设备,20241231,78.03762649223054,1.9530730831160885,0.40074844098991846,0.25163239393537573,,,up,1.1256017012165462,152.49521152672332,high_volatility,stable,True,mild,3633.098031646734,False,none,False,falling,mid_down,False,False,4.548451132779967,86.58479008961461,0.6,0.22067136191984693,158.89012683171404,280.2571606185243,1.7638425131056397,10,5,False,,stable
603685.SH,roiic,晨丰科技,20250429.0,电气设备,20241231,-0.14014399801665292,0.006096742023458823,9.781282303250128e-06,0.996017944512184,,,up,2.3760403142666786,36.00214244844982,high_volatility,stable,True,severe,-121.84169367812892,False,none,False,falling,bottom,False,True,-4.245701140204204,3.161952362777308,0.0,1.0,15.11011656500591,-16.303620182510144,-1.078987055617315,10,5,False,,stable
603690.SH,roiic,至纯科技,20250429.0,半导体,20241231,-2.702526814348402,-0.7502249727995564,0.2180385702750026,0.427839430865669,,,down,6.7265346006577795,6.636014821580823,high_volatility,stable,True,severe,-394.0681653939093,False,none,False,falling,bottom,False,False,-2.324324118957886,-2.4041905495671267,-0.4,0.4624327264504764,0.17578483632407194,-8.62700481448729,-49.07707055335984,10,5,False,,stable
603693.SH,roiic,江苏新能,20250423.0,新型电力,20241231,0.9587839294683376,0.39823934264642535,0.04892692975472076,0.7206803696973465,,,up,1.6160808099083661,20.07728108521808,high_volatility,increasing_vol,True,severe,-104.359959780437,False,none,False,falling,bottom,False,True,-1.9556010993391406,7.1786233923537335,0.2,0.8064959405073401,13.79507622424576,-0.6103972133661516,-0.04424746941907708,10,5,False,,stable
603698.SH,roiic,航天工程,20250401.0,专用机械,20241231,-2.4919301815127364,-0.21447927796016905,0.008290646482761661,0.8842281280406697,,,down,6.203940804523207,30.442470474406175,high_volatility,decreasing_vol,False,none,-91.67254137809572,False,none,False,rising,mid_up,False,False,-1.224527296950213,-5.055016603447052,-0.2,0.8064959405073401,4.159377899779365,2.534421511187352,0.6093270609823145,10,5,False,,stable
603703.SH,roiic,盛洋科技,20250418.0,元器件,20241231,2.4390791327962402,0.36040398203954116,0.03649387101261182,0.7582559671410845,,,up,2.830719012061233,93.66383173994645,high_volatility,increasing_vol,True,severe,-1359.678241144849,False,none,False,falling,bottom,False,False,-1.33972827955101,-19.847894553994994,-0.2,0.8064959405073401,-44.866225839479014,-198.3686212108323,1.0,10,5,False,,stable
603707.SH,roiic,健友股份,20250429.0,生物制药,20241231,19.363766937888993,0.3215003924135901,0.11056476707225271,0.584567940183263,1.9136701518471124,1.9136701518471124,up,1.6017588518510983,320.61996145592144,high_volatility,increasing_vol,False,none,24395.300684339774,False,none,False,rising,top,False,False,2.737842697525931,136.76816567398623,0.6,0.22067136191984693,250.05041364666167,754.2610233806677,3.016435815405169,10,5,False,,stable
603728.SH,roiic,鸣志电器,20250426.0,电气设备,20241231,88.06282529216124,-0.19575161338395372,0.005479586080601051,0.9058355743702959,,,down,1.793487180513978,1004.2423497177576,high_volatility,increasing_vol,False,none,-1077.6754055132467,False,none,False,rising,mid_up,False,False,-1.2116283041872156,-17.28026893510651,-0.2,0.8064959405073401,-602.4952405609617,-27.42512099802376,1.0,10,5,False,,stable
603738.SH,roiic,泰晶科技,20250429.0,元器件,20241231,54.650069870495656,0.6023609828260269,0.9704617143812403,0.002174001679547263,,,up,6.369079026745897,206.52376202013616,high_volatility,stable,False,none,177.02880699109224,False,none,False,rising,top,True,False,6.273680935675319,58.113414512888255,0.6,0.22067136191984693,48.821021824519015,232.76624751337155,4.767746327596755,10,5,False,,stable
603773.SH,roiic,沃格光电,20250425.0,元器件,20241231,-3.169973902441004,-0.27746093018548673,0.1803525553329542,0.4760055730635943,,,down,3.6887557785127045,64.43385732379441,high_volatility,increasing_vol,True,severe,74.92195105681414,False,none,False,falling,mid_down,False,False,0.6914312960524018,8.482320735909052,0.0,1.0,-15.64962209567079,-27.278348429916804,1.0,10,5,False,,stable
603778.SH,roiic,国晟科技,20250426.0,电气设备,20241231,2.934165033768479,0.05134883929105598,0.18406839335378872,0.4709939616566808,,,up,1.3009869412438133,108.2730795050342,high_volatility,increasing_vol,False,none,323.6872368192387,False,none,False,rising,top,False,True,0.7218822643926455,57.604253838060345,1.0,0.02748633611151033,101.555098709293,263.9526991096789,2.599108291600975,10,5,False,,stable
603799.SH,roiic,华友钴业,20250419.0,小金属,20241231,-9.533915907356988,-1.0458153208099124,0.35475107094403485,0.2892379366471869,,,down,1.2705145896960983,17.234833388185194,high_volatility,stable,False,none,-50.11918064275308,False,none,False,rising,mid_up,False,False,-0.3439874309358153,-12.658669953879558,-0.8,0.0864107329737,10.705063697276122,4.937491948210477,0.4612295720824912,10,5,False,,stable
603800.SH,roiic,洪田股份,20250426.0,专用机械,20241231,-171.16028234732502,-3.5712106819652476,0.76021013267909,0.053967217875763654,,,down,1.9801505527102885,349.26639738114136,high_volatility,increasing_vol,False,none,-1014.1579795924589,False,none,False,rising,mid_up,False,True,-5.566209129609599,-138.4144286411523,-0.6,0.22067136191984693,-227.73184345581893,-395.2074783319708,1.0,10,5,False,,stable
603811.SH,roiic,诚意药业,20250430.0,化学制药,20241231,-8.939258050256655,-1.632880109355106,0.6759978939681499,0.08756458064246847,,,down,8.760600334727155,15.468115369392894,high_volatility,decreasing_vol,True,severe,-1181.25070403796,False,none,False,falling,mid_down,False,False,-2.3660885688734625,-9.454558260576626,-0.8,0.0864107329737,-4.447423007660079,-16.732063675659617,1.0,10,5,False,,stable
603819.SH,roiic,神力股份,20250429.0,电气设备,20241231,8.431191004027333,1.4366502447104417,0.41640296656119397,0.2396412869169859,,,up,2.57319434354533,1569.7774034581253,high_volatility,increasing_vol,False,none,354.43105142138137,False,none,False,rising,top,False,False,0.7569126041620415,54.121555352865286,0.4,0.4624327264504764,-692.0352190235167,310.94599966531933,1.0,10,5,False,,stable
603829.SH,roiic,洛凯股份,20250425.0,电气设备,20241231,-2.0326262445452263,-0.18666989389819905,0.8448778479973765,0.027248142445414646,-0.19999319708745822,-0.19999319708745822,down,0.7979817738178553,13.444197092307142,high_volatility,increasing_vol,True,severe,-29.837693419896038,False,none,False,falling,bottom,False,False,-0.17578371274916793,-1.8188739841101422,-0.4,0.4624327264504764,17.12289929172114,6.701603412321969,0.39138251636871857,10,5,False,,stable
603855.SH,roiic,华荣股份,20250328.0,专用机械,20241231,-10.988561636450347,-0.5624096149518868,0.04728580068512637,0.7253280057918627,,,down,1.4421267412531622,54.77518333860413,high_volatility,stable,True,severe,108.55011396465328,False,none,False,falling,mid_down,True,False,3.1822074709648738,-5.77920592615884,0.0,1.0,34.68565718432436,3.48825776452082,0.10056772878725455,10,5,False,,stable
603859.SH,roiic,能科科技,20250425.0,软件服务,20241231,-1.4023852864766573,-0.30905165475118523,0.038217837922781564,0.7526842091766524,,,down,1.9250217480752327,14.227275011394106,high_volatility,increasing_vol,True,severe,-192.1468105342136,False,none,False,falling,bottom,False,True,-2.5741281209635805,1.8846213102953673,0.0,1.0,7.813683016265797,-6.260385090078263,-0.801207967746577,10,5,False,,stable
603861.SH,roiic,白云电器,20250430.0,电气设备,20241231,-4.865854173580624,0.5124721275852849,0.044096581660420305,0.7346082820991338,,,up,1.2235798149250317,129.0161280180767,high_volatility,increasing_vol,True,mild,-40.22593687759862,False,none,False,falling,mid_down,False,False,-0.2571253358369041,1.977167830070564,0.0,1.0,103.98177395654687,21.4857528728394,0.20662998961546972,10,5,False,,stable
603880.SH,roiic,南卫股份,20250430.0,医疗保健,20241231,-1.9117465878335778,-0.07758097772318732,0.024245660814549194,0.8025477205274526,,,down,11.1637625706417,75.19595692939532,high_volatility,decreasing_vol,True,mild,181.49512140190515,False,none,False,falling,mid_down,False,False,0.5161483359876555,7.242504378587937,0.2,0.8064959405073401,10.942970935379408,25.500815379122262,2.3303374860181982,10,5,False,,stable
603881.SH,roiic,数据港,20250322.0,软件服务,20241231,-1.1461811761579495,-0.5288527354609427,0.12926083851918221,0.5522964368328505,,,down,9.373586326133161,5.106425576923453,high_volatility,decreasing_vol,True,severe,-218.01728581395778,False,none,False,falling,bottom,False,False,-2.438462552565557,-1.437896591596072,-0.4,0.4624327264504764,-0.8886218942404751,-6.174284604001361,1.0,10,5,False,,stable
603882.SH,roiic,金域医学,20250426.0,医疗保健,20241231,5.807071903531034,0.08573045235961407,0.021835942691558717,0.8125405089912192,0.02977548060961488,0.02977548060961488,up,1.5627715735022913,341.34480933208005,high_volatility,increasing_vol,True,mild,838.3928257473533,False,none,False,falling,mid_down,False,False,1.118684424298162,14.563811188898365,0.2,0.8064959405073401,242.78462165395445,115.42203701205655,0.475409176354546,10,5,False,,stable
603887.SH,roiic,城地香江,20250430.0,软件服务,20241231,7.880835657862628,1.1604908708568926,0.39117522424130086,0.25915994667544556,,,up,0.7048473659368486,65.97804679507621,high_volatility,decreasing_vol,True,severe,-52.42944334833549,False,none,False,falling,mid_down,False,True,-0.37146086859848326,-2.2128991003246554,0.0,1.0,95.97039861476134,74.94265662566167,0.7808934599354121,10,5,False,,stable
603890.SH,roiic,春秋电子,20250423.0,元器件,20241231,-12.485501168133029,-2.152306181306899,0.6611485619205671,0.09422057525037471,,,down,2.367292818766801,1144.0101346315287,high_volatility,increasing_vol,False,none,2781.7132275716817,False,none,False,rising,top,True,False,6.883885150600543,19.100029209958123,0.0,1.0,632.3052947626064,2528.153213679329,3.998310997266759,10,5,False,,stable
603893.SH,roiic,瑞芯微,20250423.0,半导体,20241231,-1.2884618167993978,-0.7328151790767607,0.065273959709301,0.6782773583175626,,,down,2.6275713542294614,301.9079584718314,high_volatility,stable,False,none,116.86319073589155,False,none,False,rising,top,True,False,6.253660712188,19.626658341147092,0.2,0.8064959405073401,-115.28654230168996,106.74936990050807,1.0,10,5,False,,stable
603895.SH,roiic,天永智能,20250426.0,专用机械,20241231,3.5105512345469156,1.0033106262412694,0.34140465157180355,0.30086659782497915,,,up,4.056874907123395,239.46133506979214,high_volatility,decreasing_vol,False,none,101.60732573764494,False,none,False,rising,mid_up,True,False,3.4495799940278835,-60.97636325276041,-0.2,0.8064959405073401,29.368926406632813,1.936134575430409,0.06592459488042925,10,5,False,,stable
603897.SH,roiic,长城科技,20250402.0,电气设备,20241231,-4.4811870554076645,0.05519825067525783,0.00045743201731704246,0.9727704612559693,,,up,65.65967602801935,73.3633478363342,high_volatility,decreasing_vol,False,none,137.43556888226902,False,none,False,rising,mid_up,True,False,3.9626012940861894,-27.14762173438607,-0.2,0.8064959405073401,-4.114354692387501,16.08085210270541,1.0,10,5,False,,stable
603901.SH,roiic,永创智能,20250426.0,专用机械,20241231,-18.934930516207935,-1.113942039107924,0.17390318287050585,0.48485551882498307,,,down,25.916756268475947,96.9498322956383,high_volatility,increasing_vol,False,none,-926.1980956855067,False,none,False,rising,mid_up,False,True,-3.2329874268286716,-57.594259229181866,-0.8,0.0864107329737,-11.560612777717024,-36.204781033235626,1.0,10,5,False,,stable
603906.SH,roiic,龙蟠科技,20250329.0,电气设备,20241231,-95.95244859033008,-2.922332054133629,0.7707428798090548,0.05025572987529177,,,down,1.8100831849990493,175.0665025261399,high_volatility,increasing_vol,True,severe,-2625.35695160696,False,none,False,falling,bottom,False,False,-5.029461542151499,-90.38351334221005,-0.6,0.22067136191984693,-125.50311418539137,-383.8520175978842,1.0,10,5,False,,stable
603912.SH,roiic,佳力图,20250322.0,专用机械,20241231,3.147893501332424,0.32404081614077285,0.029361288534708384,0.7829010565113761,,,up,2.042383097110963,94.59420056471082,high_volatility,stable,False,none,-90.21300787844034,False,none,False,rising,mid_up,False,False,-1.1617762248608021,3.857306274443787,0.2,0.8064959405073401,47.25996902580846,20.951745134892604,0.44332964169847316,10,5,False,,stable
603918.SH,roiic,金桥信息,20250419.0,软件服务,20241231,39.898883017270485,0.5692375510790975,0.2184524824342923,0.42734071765026604,0.44739941123075644,0.44739941123075644,up,1.0172947059350659,113.08908203777523,high_volatility,stable,False,none,4.43849373605653,False,none,False,rising,top,False,False,0.021713868100948108,30.726574641132764,0.4,0.4624327264504764,123.1361551837551,238.36650391011415,1.935796221299924,10,5,False,,stable
603920.SH,roiic,世运电路,20250416.0,元器件,20241231,6.0143837823823985,1.5593484495733894,0.7417501709152636,0.060734487743604834,,,up,1.8740584156928342,86.95075945013883,high_volatility,stable,True,severe,-94.47670228054001,False,none,False,falling,mid_down,False,True,-1.4470805128481454,4.398582158151252,0.2,0.8064959405073401,48.20135309363736,11.052421655489427,0.22929691691473203,10,5,False,,stable
603927.SH,roiic,中科软,20250412.0,软件服务,20241231,0.2819780320347241,0.03988761929825628,0.09746520406509841,0.609056916606431,,,up,2.417243057438357,386.5416165589865,high_volatility,increasing_vol,True,severe,-17283.206562590098,False,none,False,falling,bottom,False,False,-4.871412669614832,-19.695443007553223,-0.4,0.4624327264504764,-212.03253070840617,-851.0789531773318,1.0,10,5,False,,stable
603933.SH,roiic,睿能科技,20250426.0,元器件,20241231,-3.9810889438154327,-0.7669620039063672,0.16944187977260458,0.49109434349027603,,,down,7.254939276499939,24.15246959182654,high_volatility,stable,True,severe,-413.0135829536381,False,none,False,falling,bottom,True,False,-0.8156267618570863,-13.082618285152696,-0.6,0.22067136191984693,-7.146499291032329,-40.27033745724683,1.0,10,5,False,,stable
603936.SH,roiic,博敏电子,20250426.0,元器件,20241231,-11.401981507841764,-1.4782761719277342,0.6262033834614305,0.11077449937319592,,,down,6.521810513254261,49.518295230646736,high_volatility,increasing_vol,False,none,324.70264902504306,False,none,False,rising,top,True,False,4.411844579574941,-13.90631074454375,-0.2,0.8064959405073401,-6.34449173438669,61.76291822063463,1.0,10,5,False,,stable
603956.SH,roiic,威派格,20250426.0,专用机械,20241231,-1.7726554775018286,-0.20945747864204584,0.011285715181711,0.8649932092127249,,,down,2.699409086450875,700.4572633199757,high_volatility,increasing_vol,False,none,3873.6015853138633,False,none,False,rising,top,True,False,6.1940347496696475,-17.793843057659487,-0.2,0.8064959405073401,343.22891787360174,1504.3502567342068,4.382935639730106,10,5,False,,stable
603966.SH,roiic,法兰泰克,20250426.0,专用机械,20241231,-7.120244161103864,-1.0602917266947922,0.5790889997467787,0.13513545880007274,,,down,4.0732769651492875,29.999183384478656,high_volatility,increasing_vol,False,none,-109.78931630974587,False,none,False,rising,mid_up,False,False,-2.1677272774815326,-10.627737227039837,-0.6,0.22067136191984693,3.5266650373661617,-1.2828076323506312,-0.36374524338400943,10,5,False,,stable
603976.SH,roiic,正川股份,20250410.0,医疗保健,20241231,-36.68030881489873,-1.3893949769438927,0.31634538979296134,0.3236612482586895,,,down,0.9820071278620486,70.27954055812987,high_volatility,decreasing_vol,True,severe,-5.48210396524756,False,none,False,falling,mid_down,False,False,-0.026684799109586876,-33.96128568351429,-0.6,0.22067136191984693,-82.57133341505052,-135.94945526495312,1.0,10,5,False,,stable
603978.SH,roiic,深圳新星,20250425.0,小金属,20241231,-2.614844583035836,-0.3794011808002967,0.34029677767071315,0.3018473977475319,,,down,1.5903448976735721,62.42253467512494,high_volatility,increasing_vol,True,severe,-524.7424195930178,False,none,False,falling,bottom,False,False,-0.915872805190149,-15.977109118402904,-0.6,0.22067136191984693,-48.39629206864962,-149.7584444879954,1.0,10,5,False,,stable
603985.SH,roiic,恒润股份,20250329.0,电气设备,20241231,-8.226971756634452,-0.4941724847019679,0.04588423301975091,0.7293646895456696,,,down,3.6661659576411876,163.1126235824033,high_volatility,stable,False,none,113.99400143754899,False,none,False,rising,mid_up,True,False,5.504039308941655,-8.607996119248714,-0.2,0.8064959405073401,-46.95942810776804,45.950331795646306,1.0,10,5,False,,stable
603986.SH,roiic,兆易创新,20250426.0,半导体,20241231,4.7537714433497325,0.3371172099325512,0.02242726098110026,0.810038176298492,,,up,2.241196484202563,15989.05314247305,high_volatility,increasing_vol,False,none,255.5277925127237,False,none,False,rising,mid_up,False,False,4.1726626450030455,-8.691848267829696,-0.2,0.8064959405073401,-8205.504952437992,40.45060220439394,1.0,10,5,False,,stable
603987.SH,roiic,康德莱,20250419.0,医疗保健,20241231,0.739600209368156,0.11857272380360499,0.16411977489893545,0.4986676511078007,,,up,1.9455627513866236,75.3384001347436,high_volatility,increasing_vol,False,none,1158.6716671880556,False,none,False,rising,top,False,False,1.2656482501658988,9.666665826153476,0.2,0.8064959405073401,47.42854908631341,170.85106499202786,3.602283187729452,10,5,False,,stable
603988.SH,roiic,中电电机,20250419.0,电气设备,20241231,-19.259176672883445,-1.0074071640424198,0.15557464208974184,0.5111405900573903,,,down,1.109068236456011,105.08081857271908,high_volatility,increasing_vol,False,none,434.27473027022575,False,none,False,rising,top,False,False,0.8378185832177145,-24.436132519545204,-0.2,0.8064959405073401,100.42781247660845,258.75830537655366,2.576560207729541,10,5,False,,stable
603989.SH,roiic,艾华集团,20250430.0,元器件,20241231,-11.910630574879757,-1.2106595820467239,0.2264890226025246,0.4177755682956136,,,down,2.0746908850123122,124.62378662331105,high_volatility,increasing_vol,True,severe,-2536.934696876112,False,none,False,falling,bottom,True,False,-1.6349481773044174,-48.901817507835126,-0.8,0.0864107329737,-80.27747267121367,-273.89563029152674,1.0,10,5,False,,stable
603990.SH,roiic,麦迪科技,20250430.0,软件服务,20241231,2.1966011019887772,0.38940038887439254,0.13312678014352244,0.5459628011369364,,,up,25.76600843778874,17.745526344551706,high_volatility,increasing_vol,False,none,2077.0698670283496,False,none,False,rising,top,False,False,2.0440823085835347,0.06106129104426239,0.0,1.0,-1.1258222384580705,14.867192707143603,1.0,10,5,False,,stable
603993.SH,roiic,洛阳钼业,20250322.0,小金属,20241231,-12.153888441351464,-0.2985137590229813,0.5284900823462721,0.1640600898658735,,,down,2.3485750138948007,126.46174733303447,high_volatility,decreasing_vol,True,severe,-579.1622232348311,False,none,False,falling,bottom,False,False,-4.464641490780097,-50.42721150216742,-0.8,0.0864107329737,36.39331411813126,-95.06850645542083,-2.6122519687773478,10,5,False,,stable
605058.SH,roiic,澳弘电子,20250318.0,元器件,20241231,0.5844470871169222,0.12513300148240053,0.006619963402276783,0.89651962307604,,,up,1.7423264109278225,30.893008295142057,high_volatility,increasing_vol,False,none,119.13148258741819,False,none,False,rising,top,True,False,2.5498350016058318,-7.406459528656807,-0.2,0.8064959405073401,-19.615418046077174,2.755116800023682,1.0,9,5,False,,stable
605066.SH,roiic,天正电气,20250329.0,电气设备,20241231,131.87826788363827,0.9190543699861093,0.054099822162736684,0.7065448761735567,,,up,2.3795493253866984,599.2860106177527,high_volatility,increasing_vol,False,none,313.46138414074073,False,none,False,rising,top,True,False,6.5577258487708425,0.33039174512180125,0.0,1.0,-242.35889226782197,514.7693452143081,1.0,9,5,False,,stable
605111.SH,roiic,新洁能,20250425.0,半导体,20241231,2.6896704379004253,0.17392839697866033,0.0741338340503189,0.6576606222587642,,,up,9.4469375827605,67.28418137946996,high_volatility,increasing_vol,False,none,703.6957331439536,False,none,False,rising,mid_up,False,False,1.0385362482760743,-5.909084527972827,-0.2,0.8064959405073401,3.9303281572925393,47.474498154352275,12.079016370748986,10,5,False,,stable
605116.SH,roiic,奥锐特,20250426.0,化学制药,20241231,6.533105157423103,1.772334502611185,0.6817271756589145,0.08505595559314282,,,up,1.6607985048948375,15.116343967150907,high_volatility,decreasing_vol,True,severe,-52.37931747583535,False,none,False,falling,mid_down,False,True,-0.37016912206719144,5.135135118423856,0.4,0.4624327264504764,11.061784615253435,11.094025484661074,1.0029146173541637,9,5,False,,stable
605117.SH,roiic,德业股份,20250430.0,电气设备,20241231,-0.5380184176678717,-0.5243814167113943,0.08831926625291864,0.6272576258623291,,,down,0.7409109406287961,24.44470083177786,high_volatility,increasing_vol,False,none,60.05981788665938,False,none,False,rising,top,False,False,0.2351332250989855,-1.851666474293471,0.0,1.0,32.83135985488438,59.307757845966016,1.80643622768317,9,5,False,,stable
605118.SH,roiic,力鼎光电,20250422.0,元器件,20241231,2.9592447605985455,0.7676883234400322,0.17852897767762688,0.47848813664009265,,,up,3.3173767332291884,20.21827766367156,high_volatility,decreasing_vol,False,none,12.346844277446246,False,none,False,rising,top,False,False,0.057955198197211955,6.706160505974515,0.6,0.22067136191984693,-3.9759954777876576,11.29557935932503,1.0,9,5,False,,stable
605177.SH,roiic,东亚药业,20250430.0,化学制药,20241231,1.5366241528372835,0.8152544006342088,0.36702110791683906,0.2788423264239124,,,up,83.5410449644283,331.6402637741936,high_volatility,decreasing_vol,False,none,1852.021721160582,False,none,False,rising,top,False,False,1.4855067069442087,169.15608750286833,0.6,0.22067136191984693,46.39550350544302,465.965470466242,10.043332548628898,10,5,False,,stable
605186.SH,roiic,健麾信息,20250430.0,专用机械,20241231,-10.367219268031587,-1.340536921898202,0.6117131905721541,0.11801250323237411,,,down,1.138568905621582,23.594628546375706,high_volatility,increasing_vol,False,none,-421.8131773453567,False,none,False,rising,mid_up,True,False,-0.8219378905310097,-9.644091241754284,-0.6,0.22067136191984693,-23.833222970781833,-27.98171116777065,1.0,9,5,False,,stable
605196.SH,roiic,华通线缆,20250418.0,电气设备,20241231,-1.2102664257608224,-0.02883581704247993,0.001005301241494519,0.9596368134747784,,,down,1.1883203553263835,17.95164494345762,high_volatility,increasing_vol,True,severe,-83.44589484760851,False,none,False,falling,mid_down,False,False,-0.881999548776291,1.2361010617455461,0.2,0.8064959405073401,15.86897825621301,2.581505529743529,0.16267622830303016,10,5,False,,stable
605218.SH,roiic,伟时电子,20250315.0,元器件,20241231,-7.35550097665224,-0.6905842303215926,0.07882349158045925,0.647284661363752,,,down,4.62853481794912,106.91777331792994,high_volatility,decreasing_vol,True,severe,-142.54179173932695,False,none,False,falling,mid_down,False,False,-4.865192150966467,-1.9684481752205936,0.0,1.0,-19.313798416662507,-42.29296776683399,1.0,9,5,False,,stable
605222.SH,roiic,起帆电缆,20250425.0,电气设备,20241231,-2.3979097804823066,-0.4625529445723403,0.07540304146143531,0.6548182372636311,,,down,2.083369617889991,94.6213705367304,high_volatility,increasing_vol,False,none,2033.0870819245636,False,none,False,rising,top,True,False,4.57812612770412,8.828987544340716,0.2,0.8064959405073401,57.2520508607517,213.75033064447675,3.7334964849444394,9,5,False,,stable
605258.SH,roiic,协和电子,20250415.0,元器件,20241231,12.405092054215682,0.7285233913240354,0.07549450993273309,0.6546143965386104,,,up,2.1852170725302593,390.7175769265411,high_volatility,decreasing_vol,False,none,219.63785278751988,False,none,False,rising,top,True,False,4.882579437775179,45.80858558031274,0.4,0.4624327264504764,-149.42565781955454,72.1699289630242,1.0,10,5,False,,stable
605277.SH,roiic,新亚电子,20250429.0,元器件,20241231,-0.9349573115178602,-0.16308420628152503,0.22100418175008615,0.42427951814117826,,,down,6.061398387570923,7.870502661744359,high_volatility,increasing_vol,False,none,127.68479185165698,False,none,False,rising,mid_up,False,False,0.380003796776901,-3.2234114536725924,-0.6,0.22067136191984693,0.5221425280249685,3.7986639622033183,7.275147604949867,10,5,False,,stable
605288.SH,roiic,凯迪股份,20250430.0,电气设备,20241231,9.458359064897012,0.5522285894589046,0.04787758537000919,0.7236424624125601,,,up,1.7076072480368913,160.4288232503764,high_volatility,stable,True,severe,89.15832495172967,False,none,False,falling,mid_down,False,False,1.1108053836770828,4.482088836451513,0.0,1.0,-91.11197828488551,-39.05817241403281,1.0,10,5,False,,stable
605358.SH,roiic,立昂微,20250429.0,半导体,20241231,-0.1705617744692244,-0.013905894444123223,0.00012612638666193387,0.9857010559759496,,,down,3.376073773798187,86.26853820456748,high_volatility,increasing_vol,True,severe,-4177.438154358626,False,none,False,falling,bottom,False,False,-1.8301045084192693,-10.192946416980899,-0.4,0.4624327264504764,25.654749543761277,-64.29952258554967,-2.5063399069973,10,5,False,,stable
605369.SH,roiic,拱东医疗,20250422.0,医疗保健,20241231,8.63814909526713,0.8003114306224592,0.16704724779565036,0.49448395001528167,,,up,3.403339924759207,140.37723915673493,high_volatility,increasing_vol,False,none,608.2460575588497,False,none,False,rising,top,False,False,0.976912872246636,-1.1144410240648304,0.0,1.0,-47.837849977012716,56.73510599970868,1.0,9,5,False,,stable
605376.SH,roiic,博迁新材,20250419.0,小金属,20241231,-0.4928221222424554,-0.04326354767968219,0.0005020439495184717,0.971473752629314,,,down,22.062852009598206,81.17553273745982,high_volatility,increasing_vol,True,severe,-444.45199409848277,False,none,False,falling,bottom,False,False,-0.8470656908081309,-24.30400973704777,-0.2,0.8064959405073401,-8.88133747428234,-122.32174448578417,1.0,10,5,False,,stable
605378.SH,roiic,野马电池,20250428.0,电气设备,20241231,2.2521181768862655,0.799608992392465,0.2779968628742855,0.36123001666710086,,,up,2.1643822405284396,38.51557531136259,high_volatility,increasing_vol,False,none,3326.60460975632,False,none,False,rising,top,False,False,1.748242281558019,7.786916960434801,0.8,0.0864107329737,23.679527233897325,85.77173262493903,3.6221894034335493,9,5,False,,stable
605398.SH,roiic,新炬网络,20250426.0,软件服务,20241231,0.5310096352635109,0.18133928378706088,0.17677480500887846,0.48089082191918114,,,up,2.612477927091073,280.90060983725687,high_volatility,stable,False,none,113.00728079752815,False,none,False,rising,top,True,False,6.080118293453434,11.641433415083887,0.4,0.4624327264504764,-102.41269361830561,78.81632846208556,1.0,9,5,False,,stable
605507.SH,roiic,国邦医药,20250328.0,化学制药,20241231,-8.465896120267997,-0.41987557853420937,0.025816592307541693,0.7963053876412036,,,down,5.560678859538665,47.66539531326506,high_volatility,increasing_vol,False,none,383.36435605387385,False,none,False,rising,top,False,False,0.7864273220911258,-12.77511212300422,-0.2,0.8064959405073401,6.032097390558619,45.02241441382328,7.463807610979877,8,5,False,,stable
605588.SH,roiic,冠石科技,20250422.0,元器件,20241231,-4.547144487875117,-1.6056345976456818,0.9441310051862888,0.005701461521598975,,,down,2.1817898958040813,23.469396609501704,high_volatility,stable,True,severe,81.29398585305385,False,none,False,falling,mid_down,True,False,0.836828126289517,-4.566103477101612,-0.6,0.22067136191984693,-12.12108958332008,-9.487263289858497,1.0,8,5,False,,stable
688001.SH,roiic,华兴源创,20250430.0,专用机械,20241231,-0.909520972660637,-0.1898129135264961,0.08356825765206187,0.6371224462461251,,,down,3.0935889777133454,114.2055998737588,high_volatility,increasing_vol,False,none,148030.07256083918,False,none,False,rising,top,True,False,3.1557320809519918,-3.318646773527324,-0.2,0.8064959405073401,48.69058938840923,235.10743482163895,4.828601127543676,9,5,False,,stable
688003.SH,roiic,天准科技,20250412.0,专用机械,20241231,0.8424725281199617,0.02977671126053112,0.014423566324855037,0.8474546754568929,,,up,1.5232179523999516,34.21068842638462,high_volatility,stable,True,severe,-320.99378374708385,False,none,False,falling,bottom,False,True,-3.5252167512811363,-17.40339421508847,-0.6,0.22067136191984693,17.051322662925635,-25.213958664094687,-1.478709843366985,10,5,False,,stable
688004.SH,roiic,博汇科技,20250418.0,软件服务,20241231,-2.0339417612919073,-0.2235397837763397,0.007819010734692183,0.8875604681186677,,,down,3.173020072246264,112.95803360017815,high_volatility,stable,True,severe,-122.28194239465833,False,none,False,falling,bottom,False,False,-5.366141639287002,-8.028213041067103,-0.2,0.8064959405073401,34.9893507327469,-50.513783967210635,-1.4436902345814109,10,5,False,,stable
688005.SH,roiic,容百科技,20250410.0,电气设备,20241231,34.3695588487961,1.2419006000035193,0.14551040086351677,0.526362516016121,,,up,9.13280261179856,84.78354888793766,high_volatility,increasing_vol,False,none,1028.0785285316658,False,none,False,rising,top,False,False,1.2106489053263034,39.68812466097194,0.4,0.4624327264504764,19.59427741304167,132.12823413108805,6.743205240278235,9,5,False,,stable
688006.SH,roiic,杭可科技,20250429.0,电气设备,20241231,9.977501347017284,1.875759718976886,0.519316873032756,0.1696271873226751,,,up,2.264469651521816,792.8941995339051,high_volatility,increasing_vol,True,severe,-3390.636705651428,False,none,False,falling,bottom,False,True,-6.423294226260874,-39.58855277651177,-0.2,0.8064959405073401,-453.60162690850126,-1766.8202393155202,1.0,10,5,False,,stable
688007.SH,roiic,光峰科技,20250430.0,元器件,20241231,-1.987364584690603,0.3486110698535233,0.017479119424680264,0.8321584357595844,,,up,2.576926497115917,417.2421890222098,high_volatility,decreasing_vol,False,none,105.92251812299855,False,none,False,rising,mid_up,True,False,3.458321662985434,-64.73532937625237,-0.4,0.4624327264504764,105.37373256781609,3.8329759450521674,0.03637506095350047,9,5,False,,stable
688008.SH,roiic,澜起科技,20250411.0,半导体,20241231,26.45585809118785,2.422824076552948,0.6924287534219322,0.08045820066567154,,,up,2.493606886113447,181.7509449418708,high_volatility,increasing_vol,False,none,106.25647303692267,False,none,False,rising,top,False,False,0.3619008908641752,19.92261984993623,0.2,0.8064959405073401,-76.76101734600826,74.01755016163153,1.0,10,5,False,,stable
688010.SH,roiic,福光股份,20250422.0,元器件,20241231,-3.198163686610966,-0.600071241346411,0.12272357260615431,0.5632587421341257,,,down,6.138437341847455,83.41837052134913,high_volatility,increasing_vol,True,severe,-239.9246308702894,False,none,False,falling,bottom,False,False,-0.6116843032368879,-13.007497799312874,-0.2,0.8064959405073401,-15.79735521083583,-119.3686672058875,1.0,10,5,False,,stable
688011.SH,roiic,新光光电,20250426.0,元器件,20241231,-2.484017003522278,-0.09714962858105651,0.07128154373312139,0.6641456815068358,,,down,8.397328483779065,153.1282896889048,high_volatility,decreasing_vol,False,none,-46.999905919399794,False,none,False,rising,mid_up,False,False,-0.3173819349991365,3.564088193732683,0.0,1.0,29.114899413395857,39.946349309548765,1.3720242938970733,9,5,False,,stable
688012.SH,roiic,中微公司,20250418.0,半导体,20241231,-9.40442537506658,-1.3786018230486454,0.31036539276414676,0.32929677631637855,,,down,2.1380992581163643,26.748796974541573,high_volatility,stable,True,severe,44.02848582813599,False,none,False,falling,mid_down,False,False,0.2891093040194652,-10.240635530546097,-0.4,0.4624327264504764,9.689222060513863,-8.995744675512647,-0.9284279604007303,9,5,False,,stable
688013.SH,roiic,天臣医疗,20250428.0,医疗保健,20241231,8.105728033931829,1.0920210028411383,0.23916151554217918,0.40312948874946675,,,up,40.21748779805508,20.26941061471397,high_volatility,decreasing_vol,False,none,411.3841123323272,False,none,False,rising,top,True,False,3.347697290743307,15.922890004961758,0.6,0.22067136191984693,1.9277234635908114,25.03705684545639,12.98788821028268,8,5,False,,stable
688016.SH,roiic,心脉医疗,20250329.0,医疗保健,20241231,0.5577361786044591,0.5990081709597318,0.30709619489972767,0.33241105041597385,,,up,1.9351953012931815,218.4619753535667,high_volatility,increasing_vol,False,none,3892.9291780589274,False,none,False,rising,top,False,False,1.84276983356877,20.851261131043408,0.6,0.22067136191984693,142.4437340449204,503.02758162365615,3.531412490668236,9,5,False,,stable
688018.SH,roiic,乐鑫科技,20250322.0,半导体,20241231,118.47591824747758,2.3091964153542706,0.5106508452682373,0.1749812888922463,,,up,1.9108510650895332,1019.6072921812281,high_volatility,stable,False,none,103.79592367869563,False,none,False,rising,top,False,False,6.798954710553346,111.57509368091908,0.4,0.4624327264504764,-498.0452737510658,87.37156854578826,1.0,9,5,False,,stable
688019.SH,roiic,安集科技,20250416.0,半导体,20241231,-2.4187311007261156,0.468686772818927,0.05449324944946713,0.7054995862381841,,,up,1.0047741971044757,25.97435607394162,high_volatility,decreasing_vol,True,severe,-71.13275829114293,False,none,False,falling,mid_down,False,False,-0.6208282820833242,-4.7609021874636674,-0.2,0.8064959405073401,25.125319267522478,16.84810982947562,0.6705630145465991,9,5,False,,stable
688020.SH,roiic,方邦股份,20250417.0,元器件,20241231,15.429124913732057,1.6760725000896897,0.5922314785182824,0.12809790762695797,,,up,11.09074629916072,192.47969393158638,high_volatility,decreasing_vol,False,none,-94.42051503133239,False,none,False,rising,mid_up,False,False,-1.442677381376858,29.86031240843363,0.4,0.4624327264504764,26.8784619458649,18.608346252462564,0.6923143999065524,10,5,False,,stable
688022.SH,roiic,瀚川智能,20250424.0,专用机械,20241231,1.1127050496570032,-0.4415012062296704,0.03826926388120562,0.752520030787094,,,down,6.5574879446072325,38.72371419487183,high_volatility,increasing_vol,False,none,1027.191779286772,False,none,False,rising,top,False,False,1.207651178221303,18.550518991410303,0.4,0.4624327264504764,10.758906925402847,66.6816265201804,6.197806801612761,9,5,False,,stable
688023.SH,roiic,安恒信息,20250430.0,软件服务,20241231,-48.19207993361683,0.06036990667275841,0.0007520955356386958,0.9650865974402876,,,up,1.897882365475351,846.9561928140448,high_volatility,stable,True,severe,86.16552583198394,False,none,False,falling,mid_down,False,False,0.9890016010525662,-26.351205382363762,0.0,1.0,-460.7214221064315,-269.398571732123,1.0,9,5,False,,stable
688025.SH,roiic,杰普特,20250325.0,专用机械,20241231,-0.13950283004889458,-0.0051224099794259905,5.79223131686468e-06,0.996935690355469,,,down,7.68020460167913,56.342715659081605,high_volatility,decreasing_vol,False,none,263.72610829768746,False,none,False,rising,mid_up,False,False,3.7740443545355635,27.449041665500125,0.4,0.4624327264504764,0.336755043061264,27.84955551816468,82.69974300903985,10,5,False,,stable
688026.SH,roiic,洁特生物,20250416.0,医疗保健,20241231,8.829585510681564,0.2523322604357074,0.01412195702541849,0.8490503905078834,,,up,4.639908937528049,92.57361805695253,high_volatility,increasing_vol,False,none,452.0006443118356,False,none,False,rising,top,True,False,4.185629929416872,-10.02446149511377,-0.2,0.8064959405073401,-23.14238630845479,61.637724445354856,1.0,10,5,False,,stable
688029.SH,roiic,南微医学,20250429.0,医疗保健,20241231,0.9681254758402258,0.0310336683766796,0.000437820873985528,0.9733604639686089,,,up,4.542321670218159,82.95304527491955,high_volatility,decreasing_vol,True,severe,1131.3932747541737,False,none,False,falling,mid_down,False,False,2.5106376752144484,23.342956611382952,0.4,0.4624327264504764,-6.852308092305849,19.12442643083559,1.0,10,5,False,,stable
688030.SH,roiic,山石网科,20250328.0,软件服务,20241231,-9.130998001583972,-0.372561577478898,0.019121322152054632,0.8244993172135351,,,down,1.030738034723958,142.82911643593297,high_volatility,stable,True,severe,-106.12184482749431,False,none,False,falling,bottom,False,False,-0.36164410332854224,-7.760059389382902,-0.2,0.8064959405073401,-141.30905391058604,-299.05228379155784,1.0,9,5,False,,stable
688031.SH,roiic,星环科技-U,20250426.0,软件服务,20241231,-5.806109657902997,0.11819584142149502,0.002438958952684638,0.9371455940740988,,,up,3.6138966247735618,86.50797177145874,high_volatility,decreasing_vol,False,none,144.1013901221642,False,none,False,rising,mid_up,True,False,3.0548801607833456,-40.44650724030887,-0.6,0.22067136191984693,11.8144606806257,7.024382042934291,0.5945579940397479,7,5,False,,stable
688032.SH,roiic,禾迈股份,20250430.0,电气设备,20241231,-23.6303107387919,-2.4769748264440556,0.784266920440129,0.04565006638065616,,,down,3.9522372056248805,43.73592761023753,high_volatility,increasing_vol,False,none,-444.7903504298634,False,none,False,rising,mid_up,False,True,-3.815313511814688,-23.72647532599497,-0.6,0.22067136191984693,-18.155212316916554,-42.10400504310227,1.0,8,5,False,,stable
688033.SH,roiic,天宜新材,20250422.0,电气设备,20241231,-2.3515980826351948,-0.594557465762044,0.18524253477129657,0.4694232710227092,,,down,3.8979673105809374,126.17967338181921,high_volatility,decreasing_vol,False,none,2635.284164480196,False,none,False,rising,mid_up,False,False,1.637969770700479,57.049043212764985,0.4,0.4624327264504764,-13.586929351433266,73.52935145203892,1.0,10,5,False,,stable
688035.SH,roiic,德邦科技,20250419.0,半导体,20241231,-2.1401491179304575,-0.46970485221834074,0.5104990703639363,0.1750758893919961,,,down,3.4091196266173553,124.9267605140374,high_volatility,stable,False,none,-88.1185873623842,False,none,False,rising,mid_up,False,False,-0.907248292276885,-56.956133664763556,-0.8,0.0864107329737,18.71281768889936,0.6889134472848226,0.0368150568630556,7,5,False,,stable
688037.SH,roiic,芯源微,20250426.0,半导体,20241231,-2.6087914313800207,-0.9061258598813706,0.34071505633990323,0.30147681176639135,,,down,1.6700841605340562,9.17990764299611,high_volatility,increasing_vol,True,severe,-141.47346407711,False,none,False,falling,bottom,False,True,-3.044960686230084,-3.364986491711843,-0.2,0.8064959405073401,4.714036247235066,-6.743348805676599,-1.4304830196483513,9,5,False,,stable
688038.SH,roiic,中科通达,20250426.0,软件服务,20241231,-18.900836737418956,-1.58790502344578,0.7298696720186661,0.06526650121518641,,,down,2.3096201617339003,2659.45531718085,high_volatility,increasing_vol,True,severe,1.9372593998226142,False,none,False,falling,mid_down,False,False,0.009780473999524641,-13.821957358592881,-0.2,0.8064959405073401,1324.2343230165275,-73.94797228827743,-0.055842059825052956,9,5,False,,stable
688039.SH,roiic,当虹科技,20250422.0,软件服务,20241231,30.917379307984096,1.2005129704172728,0.1114083890343489,0.583047925533178,,,up,2.9410797699431352,123.94225676837388,high_volatility,stable,True,severe,-119.28557005815934,False,none,False,falling,mid_down,False,True,-4.929809332585656,25.417335095588722,0.6,0.22067136191984693,51.41696663943558,-30.374856232877868,-0.5907555077273089,9,5,False,,stable
688041.SH,roiic,海光信息,20250301.0,半导体,20241231,1.3155906996175486,0.17157058590479157,0.019273313075110647,0.8238076946001781,1.2535781894554767,1.2535781894554767,up,1.1764621395543549,21.193090908326834,high_volatility,decreasing_vol,False,none,268.06405982718894,False,none,False,rising,mid_up,False,False,0.6500101890821883,1.6598817942204236,0.0,1.0,18.408933849163773,31.898215716540367,1.7327573654130626,10,5,False,,stable
688045.SH,roiic,必易微,20250315.0,半导体,20241231,-7.061779222365734,-0.34949960132372704,0.019798926148985162,0.8214371240609973,,,down,1.6782228112482267,56.31648352688419,high_volatility,stable,True,severe,112.51232304381978,False,none,False,falling,mid_down,True,False,3.240243958829309,-11.442023435519388,-0.2,0.8064959405073401,31.438681133138523,4.4892311483082326,0.1427932402538437,7,5,False,,stable
688046.SH,roiic,药康生物,20250426.0,生物制药,20241231,-4.663560422814184,-0.7894871206715917,0.1590396298735401,0.5060349569277576,,,down,2.3833300465419485,114.137221686644,high_volatility,increasing_vol,True,severe,-3776.696104160743,False,none,False,falling,bottom,False,True,-4.414922276162137,-26.244779526766905,-0.8,0.0864107329737,-64.8444230954815,-249.98241944553112,1.0,7,5,False,,stable
688047.SH,roiic,龙芯中科,20250429.0,半导体,20241231,33.05535634019908,1.9486615158462413,0.38069320957908026,0.2675775524322825,,,up,2.8530653134189743,90.85007470108582,high_volatility,stable,True,mild,458.033765215694,False,none,False,falling,mid_down,False,False,3.5003376681463405,34.40612982084755,0.4,0.4624327264504764,41.75957743406465,31.285736927488056,0.7491871050871137,7,5,False,,stable
688048.SH,roiic,长光华芯,20250430.0,半导体,20241231,-17.398401216039424,-0.5683312667310985,0.3213752590735989,0.3189811081661368,-0.4725206238219912,-0.4725206238219912,down,1.5838588247844607,185.56487339516954,high_volatility,increasing_vol,True,severe,283.57258444791455,False,none,False,falling,mid_down,False,False,0.6347223669700908,-17.08721187709933,-0.2,0.8064959405073401,124.374112018077,6.337028652814548,0.05095134791308903,8,5,False,,stable
688049.SH,roiic,炬芯科技,20250331.0,半导体,20241231,12.03913952831384,1.6581465745360489,0.6593055044054514,0.09506229376606982,,,up,2.928205208033947,83.46714642354564,high_volatility,stable,False,none,120.24436847179898,False,none,False,rising,top,False,False,5.048659642235111,13.052616247907253,0.6,0.22067136191984693,-24.892799488041828,35.0494458762651,1.0,8,5,False,,stable
688050.SH,roiic,爱博医疗,20250423.0,医疗保健,20241231,3.0270651010143825,0.227772885714956,0.4328348871998758,0.22746336455949026,0.3374734724257795,0.3374734724257795,up,0.49739452820294827,8.75065277845227,volatile,stable,False,none,-24.811038499686788,False,none,False,rising,mid_up,False,False,-0.14247498511348367,3.2263527315809704,0.4,0.4624327264504764,18.501101121934944,22.427603067717268,1.212230716426227,9,5,False,,stable
688051.SH,roiic,佳华科技,20250430.0,软件服务,20241231,-16.055296851315365,-1.6585265878575144,0.3822426458232229,0.26632150448513203,,,down,2.9528334302896013,129.97589235257811,high_volatility,decreasing_vol,True,severe,-271.56940867142964,False,none,False,falling,bottom,False,False,-4.521255477089584,-38.1445837039922,-0.6,0.22067136191984693,30.861760911887444,-60.21257529008722,-1.951041467205921,9,5,False,,stable
688052.SH,roiic,纳芯微,20250410.0,半导体,20241231,-3.3465434586238816,-0.06468643983607744,0.005914139867245768,0.9021800937027793,,,down,23.48651708831945,178.81809661803769,high_volatility,increasing_vol,False,none,9147.071331947856,False,none,False,rising,top,False,False,2.240538511809014,8.101097383894288,0.0,1.0,7.423242824638571,208.68902355270066,28.11291890655099,10,5,False,,stable
688055.SH,roiic,龙腾光电,20250426.0,元器件,20241231,-46.18409044863464,-2.5919279658249232,0.5392045040762614,0.1576860952361468,,,down,1.6057909788208127,280.6355132183954,high_volatility,stable,False,none,95.8413097484433,False,none,False,rising,mid_up,True,False,1.5897842563647562,-18.859537193010055,-0.2,0.8064959405073401,-188.61988637092242,-24.924387097387644,1.0,9,5,False,,stable
688058.SH,roiic,宝兰德,20250425.0,软件服务,20241231,45.54830808734414,2.0388567213123396,0.43716739209730815,0.2243199653103434,,,up,1.497156665403562,180.8970726822337,high_volatility,stable,True,mild,12.459386326119034,False,none,False,falling,mid_down,False,False,0.05869975240511316,53.92906213807096,0.4,0.4624327264504764,134.4915754312223,54.27938759699781,0.4035894993642614,10,5,False,,stable
688060.SH,roiic,云涌科技,20250425.0,IT设备,20241231,13.976532784694092,0.47969137972572395,0.023834279892024687,0.8042164170520285,,,up,4.194881095002655,311.7416279609796,high_volatility,increasing_vol,True,mild,126.17647568869997,False,none,False,falling,mid_down,True,False,5.209725807182828,31.336608801107726,0.2,0.8064959405073401,98.32085916081948,46.82246862184897,0.47622110935039064,10,5,False,,stable
688061.SH,roiic,灿瑞科技,20250426.0,半导体,20241231,0.7412896029085857,0.02892791398386274,0.0030784149852849233,0.9293925190526294,,,up,2.7398254878550183,409.94817178216437,high_volatility,increasing_vol,False,none,611.7169472083884,False,none,False,rising,mid_up,False,False,0.9732525848639273,-13.405255819305113,-0.2,0.8064959405073401,-178.18423159941605,27.50370405144458,1.0,7,5,False,,stable
688062.SH,roiic,迈威生物-U,20250331.0,生物制药,20241231,0.2609846964997857,0.040677278859517066,0.012955775945337726,0.8553890384335876,,,up,7.433990461338916,115.5903416216114,high_volatility,decreasing_vol,False,none,-49.30870973865789,False,none,False,rising,mid_up,False,False,-0.20032738526660165,-36.70203776149073,-0.4,0.4624327264504764,-29.945039095694433,-40.0890190317476,1.0,8,5,False,,stable
688063.SH,roiic,派能科技,20250412.0,电气设备,20241231,39.16553481522534,0.6100446594372306,0.039661097493455116,0.7481193847831769,,,up,2.034508559901331,95.48707033693752,high_volatility,increasing_vol,False,none,177.18023694205195,False,none,False,rising,top,False,False,0.5097283205050083,38.70541655423662,0.4,0.4624327264504764,58.68338793970698,201.50670375579404,3.433794653485717,9,5,False,,stable
688066.SH,roiic,航天宏图,20250429.0,软件服务,20241231,-0.07097841149491728,-0.007109754318792749,0.0016628011018902276,0.9480949198305031,,,down,2.5986753733294345,268.9424063673978,high_volatility,increasing_vol,False,none,681.0192675037223,False,none,False,rising,top,False,False,1.0233741458134533,-1.3837152255804426,-0.2,0.8064959405073401,-119.43131392952466,41.28814373926659,1.0,10,5,False,,stable
688067.SH,roiic,爱威科技,20250429.0,医疗保健,20241231,-26.020188763997872,-0.265382110988212,0.11516337472106453,0.5763597382331752,-0.4196033498187348,-0.4196033498187348,down,1.7532145239393278,409.10846466268174,high_volatility,stable,True,severe,-98.10853638879568,False,none,False,falling,mid_down,False,False,-1.983528434508075,-22.386914393727523,-0.2,0.8064959405073401,225.54157942816624,18.094857248422617,0.080228476249479,10,5,False,,stable
688068.SH,roiic,热景生物,20250430.0,医疗保健,20241231,-11.371398354450703,-0.11760771502202125,0.34007987922395355,0.3020397011037989,,,down,2.3974644432841825,2016.4304865591525,high_volatility,increasing_vol,True,mild,112.51992272530758,False,none,False,falling,mid_down,True,False,5.905289620321593,31.308366346086196,0.0,1.0,967.4898538934046,64.92208278469239,0.06710363165404867,9,5,False,,stable
688071.SH,roiic,华依科技,20250430.0,专用机械,20241231,0.9907702911785055,0.09185926067451326,0.5281420126274265,0.16426946496140027,,,up,1.5469381821433508,24.27135065002961,high_volatility,stable,True,severe,-513.3900770900146,False,none,False,falling,bottom,False,False,-0.9054853433808958,-9.463483020445462,-0.2,0.8064959405073401,-18.759420638523718,-56.45158962063896,1.0,8,5,False,,stable
688072.SH,roiic,拓荆科技,20250425.0,半导体,20241231,1.088135479464785,0.5188988979547696,0.2624734514622524,0.3774720965952904,,,up,1.670327741199839,44.732767544899026,high_volatility,decreasing_vol,True,severe,-80.98232628925513,False,none,False,falling,mid_down,False,True,-0.8157172844598974,-5.181825521586511,-0.2,0.8064959405073401,24.129149513712946,2.8483961037463157,0.11804792796892949,8,5,False,,stable
688073.SH,roiic,毕得医药,20250424.0,化学制药,20241231,-15.46415614303758,-1.7593284383429135,0.6500270328540303,0.0993524092950375,,,down,2.432307804147169,185.25192800972337,high_volatility,increasing_vol,False,none,-661.8021493296407,False,none,False,rising,mid_up,False,True,-3.415829312705956,-20.049870102338357,-0.8,0.0864107329737,-93.21296900278443,-35.9652343107029,1.0,7,5,False,,stable
688075.SH,roiic,安旭生物,20250430.0,医疗保健,20241231,-7.415319321905649,0.2127549174355913,0.039997272298236804,0.7470685853770984,-0.16607672159754805,-0.16607672159754805,up,1.6127682576481912,481.138941593106,high_volatility,increasing_vol,True,mild,-27.217847302564017,False,none,False,falling,mid_down,False,False,-0.15883943655484112,5.135183712945427,0.0,1.0,328.0102914502975,75.6471860138964,0.23062442851845402,8,5,False,,stable
688078.SH,roiic,龙软科技,20250418.0,软件服务,20241231,-1.2218916092708412,-0.08401812635682368,0.09581190493612603,0.6122749560539944,,,down,56.96686444128051,161.14828494904216,high_volatility,increasing_vol,True,severe,-999.1991409923297,False,none,False,falling,bottom,False,True,-5.156921101981726,-86.34565016758995,-0.8,0.0864107329737,-30.002513978459817,-260.2883699235891,1.0,10,5,False,,stable
688079.SH,roiic,美迪凯,20250430.0,元器件,20241231,-7.349368016595544,-1.092623610951761,0.24257901709067406,0.399267077920613,,,down,1.6452234571622206,49.95921608919781,high_volatility,stable,False,none,98.67100588256626,False,none,False,rising,mid_up,True,False,2.1096365816079006,-11.896846604337416,-0.2,0.8064959405073401,-32.5710295782516,-1.4540993634903745,1.0,8,5,False,,stable
688081.SH,roiic,兴图新科,20250329.0,软件服务,20241231,-21.936226172332862,-1.2829040884017662,0.2804185254442055,0.35875295758276365,,,down,1.4662333901061053,164.07266080836374,high_volatility,decreasing_vol,False,none,-88.7582170959866,False,none,False,rising,mid_up,False,False,-1.0890389896327881,-90.43870201292528,-0.8,0.0864107329737,84.16728695394082,5.721372649197882,0.0679762037753315,9,5,False,,stable
688082.SH,roiic,盛美上海,20250227.0,半导体,20241231,5.004488397435895,0.5572317427870653,0.6404161912345107,0.10388941171295354,0.6486949386947201,0.6486949386947201,up,0.7624925849848037,11.93210393147392,high_volatility,decreasing_vol,True,severe,-41.501230813351576,False,none,False,falling,mid_down,False,True,-0.2677688832853038,3.600712847492928,0.4,0.4624327264504764,17.150159591572617,16.183226505416318,0.9436195866870277,8,5,False,,stable
688083.SH,roiic,中望软件,20250422.0,软件服务,20241231,42.668058339797774,0.7147037744866938,0.2442487335278535,0.39739303246837404,0.48864811676652,0.48864811676652,up,1.3025478733451685,211.1098497861672,high_volatility,stable,True,severe,-96.16334124811836,False,none,False,falling,mid_down,False,True,-1.6296808390662625,20.52096468436035,0.6,0.22067136191984693,174.8749593335578,14.370360371795973,0.08217506054932565,10,5,False,,stable
688084.SH,roiic,晶品特装,20250429.0,专用机械,20241231,15.677323413496598,1.3938709935967855,0.531292988269573,0.16237937247781703,,,up,5.459310144982148,688.7439784355278,high_volatility,increasing_vol,False,none,7036.674829751546,False,none,False,rising,mid_up,False,False,2.9445478626617705,-210.59232909635375,-0.2,0.8064959405073401,-194.8846398362245,72.47303154706269,1.0,7,5,False,,stable
688085.SH,roiic,三友医疗,20250429.0,医疗保健,20241231,-50.69217150935491,-2.5140512815158877,0.8165490370774016,0.035388334902122134,,,down,1.747169207869091,91.7868628913521,high_volatility,increasing_vol,True,severe,-6994.631080644338,False,none,False,falling,bottom,False,True,-3.902743438433177,-48.27423740417931,-0.8,0.0864107329737,-67.74226714884348,-202.83712786092264,1.0,9,5,False,,stable
688088.SH,roiic,虹软科技,20250415.0,软件服务,20241231,37.28133207934558,1.571167128813757,0.4465514588390083,0.2176055373243702,,,up,5.153218595885874,136.53445433258344,high_volatility,stable,False,none,235.0686577325415,False,none,False,rising,top,False,False,5.907755057869147,49.81590746189197,0.4,0.4624327264504764,37.67938558104352,213.77128275844842,5.673428041936986,9,5,False,,stable
688090.SH,roiic,瑞松科技,20250429.0,专用机械,20241231,434.879515357952,3.424803596653412,0.7273943090401899,0.0662282115473818,,,up,1.4814140202743207,909.9239461377086,high_volatility,increasing_vol,True,mild,717.4585505388711,False,none,False,falling,mid_down,False,True,1.0505082399491883,348.80839986270735,0.6,0.22067136191984693,744.6904878676903,1102.7110948859695,1.48076430792532,9,5,False,,stable
688091.SH,roiic,上海谊众,20250423.0,化学制药,20241231,12.026364476362682,0.4256201493587771,0.07656102661627644,0.6522474201469024,,,up,2.706720137384199,821.4453647551929,high_volatility,decreasing_vol,False,none,-2.7650743412536407,True,worsening,False,rising,mid_up,False,False,-0.014019638007485291,117.70560697265725,0.6,0.22067136191984693,-189.8746421314842,120.07641857074766,1.0,8,5,False,,stable
688092.SH,roiic,爱科科技,20250428.0,专用机械,20241231,-4.055311165984287,-1.0918853556357877,0.26117963888874485,0.3788551032200271,,,down,2.641810544510204,110.11151769553183,high_volatility,increasing_vol,True,severe,84.01858835738325,False,none,False,falling,mid_down,False,False,0.9167826710142069,-3.717298861089439,0.0,1.0,-42.896916688782746,-36.930663594857634,1.0,8,5,False,,stable
688095.SH,roiic,福昕软件,20250429.0,软件服务,20241231,-35.8479581366356,-1.6126267583902105,0.28539353528709127,0.35371045553494274,,,down,4.939894603875911,126.96652897176142,high_volatility,increasing_vol,True,severe,-747.3704272842537,False,none,False,falling,bottom,False,False,-4.918541919713299,-22.686918319614936,-0.2,0.8064959405073401,14.947887435914936,-174.0063725728036,-11.640867200720457,10,5,False,,stable
688097.SH,roiic,博众精工,20250426.0,专用机械,20241231,0.28240693945398065,0.2601213971474214,0.02672764861286881,0.7927742618236427,,,up,28.265257283635542,6.941012886838374,high_volatility,stable,True,severe,-142.39918407161778,False,none,False,falling,mid_down,False,True,-2.700665221304538,-0.2113632311918361,0.0,1.0,0.33028902705048524,-4.817382678735126,-14.585354898874012,9,5,False,,stable
688099.SH,roiic,晶晨股份,20250411.0,半导体,20241231,10.488263133697295,0.900663122763218,0.0784745979303453,0.6480448813605018,,,up,8.062612836353635,71.39737410227288,high_volatility,decreasing_vol,False,none,353.98364809378234,False,none,False,rising,mid_up,False,False,3.8339830197199354,17.346242530959948,0.2,0.8064959405073401,-5.708885387984081,36.825848819530336,1.0,9,5,False,,stable
688103.SH,roiic,国力电子,20250429.0,元器件,20241231,1.6553621672941348,0.29628564866000395,0.19543612848195038,0.45603763491740346,,,up,8.580200879538236,91.04529265765538,high_volatility,stable,True,severe,-5007.227975655472,False,none,False,falling,bottom,True,False,-1.9516903339353748,-49.92746576066631,-0.4,0.4624327264504764,-25.503111434546383,-144.46946226523602,1.0,10,5,False,,stable
688105.SH,roiic,诺唯赞,20250410.0,生物制药,20241231,-0.18291158801262367,-0.013451009786010238,0.001562529291178056,0.949683426161027,,,down,3.052272453595967,160.38668338188722,high_volatility,increasing_vol,False,none,68.75957636911197,False,none,False,rising,mid_up,False,False,0.5811929317974318,-60.224544191625895,-0.6,0.22067136191984693,-69.94622752621294,-14.496478082936983,1.0,8,5,False,,stable
688107.SH,roiic,安路科技,20250426.0,半导体,20241231,10.68859839723342,-0.3607917544563505,0.021747490423677327,0.8129177850700912,,,down,9.850184172211662,246.1636210037292,high_volatility,decreasing_vol,True,severe,-101.43898757368326,False,none,False,falling,mid_down,False,True,-3.281701838251691,107.86986845024158,0.6,0.22067136191984693,7.499949941673861,-1.5237200014179493,-0.2031640228625154,7,5,False,,stable
688108.SH,roiic,赛诺医疗,20250426.0,医疗保健,20241231,0.35588015987007393,-0.004843682381687931,0.0010885532242260805,0.9579993375070877,-0.22101499901340826,-0.22101499901340826,down,0.4985577213442282,115.17561582049314,volatile,stable,True,mild,16.486091887429996,False,none,False,falling,mid_down,False,False,0.07629900379091703,-62.056343553667645,-0.4,0.4624327264504764,216.4074475613583,155.51056627473764,0.7186008061513017,10,5,False,,stable
688109.SH,roiic,品茗科技,20250419.0,软件服务,20241231,-19.102514940694498,-0.5345264646667317,0.030542615006801624,0.7786209393135013,,,down,2.502711046332528,344.10441867893434,high_volatility,increasing_vol,True,severe,-567.1086658926099,False,none,False,falling,bottom,False,False,-6.502459450207749,-132.35495786174684,-0.6,0.22067136191984693,-187.45063928713915,-720.5412333922328,1.0,10,5,False,,stable
688110.SH,roiic,东芯股份,20250423.0,半导体,20241231,-20.685803958521376,-1.7903827961778425,0.2591464632070614,0.38103783925626106,,,down,63.82740191795926,121.55048173102573,high_volatility,increasing_vol,True,severe,67.47596803813359,False,none,False,falling,mid_down,False,False,0.5615603461492573,-31.508147365990112,-0.2,0.8064959405073401,-4.301379141185469,-56.41494088827923,1.0,8,5,False,,stable
688111.SH,roiic,金山办公,20250320.0,软件服务,20241231,-1.2831150083156708,-0.07915168842635523,0.029489664702591494,0.7824316841805873,-0.013210526348118923,-0.013210526348118923,down,0.6122385564468403,12.04796569703129,high_volatility,stable,False,none,399.8446756223768,False,none,False,rising,top,True,False,0.8014688567846304,-2.5733051621660104,-0.2,0.8064959405073401,19.293613295854215,30.968590440579185,1.6051213407098646,10,5,False,,stable
688113.SH,roiic,联测科技,20250428.0,专用机械,20241231,-5.500784366981267,-1.2985715371202662,0.3739232841552968,0.2731143419676758,,,down,9.392637647607538,12.946169635255421,high_volatility,stable,True,severe,8.13404168217653,False,none,False,falling,mid_down,False,False,0.042271730130950425,-6.418507105817767,-0.4,0.4624327264504764,-0.27190367195724585,-11.447161129294328,1.0,8,5,False,,stable
688114.SH,roiic,华大智造,20250430.0,医疗保健,20241231,-25.013829714513715,-1.7622007416064593,0.5513774714485353,0.1506092755390693,,,down,1.5290688222825743,266.540400463343,high_volatility,increasing_vol,True,severe,-134.8457335289857,False,none,False,falling,bottom,False,True,-3.9162622752886564,-21.683143408449638,-0.2,0.8064959405073401,184.2372667645761,-14.810809859794338,-0.08038986964955377,8,5,False,,stable
688117.SH,roiic,圣诺生物,20250425.0,生物制药,20241231,-5.395289358988934,-1.2347129013352909,0.42330158775457527,0.23447868958019327,,,down,3.3756108200836143,11.400007130531517,high_volatility,stable,True,severe,-16.819473407159773,False,none,False,falling,bottom,False,False,-0.07689538652867678,-5.99116120870176,-0.6,0.22067136191984693,1.7585818702521416,-7.331178364467074,-4.168801287264462,8,5,False,,stable
688118.SH,roiic,普元信息,20250423.0,软件服务,20241231,76.05811508201921,2.9953976231707267,0.7432829646028838,0.060159861567754866,,,up,2.1827660786729797,2571.5934641877484,high_volatility,increasing_vol,True,severe,-7098.281323458279,False,none,False,falling,bottom,False,True,-7.229453456630194,40.2864031516461,0.2,0.8064959405073401,-1503.4428591192057,-5769.915575986057,1.0,10,5,False,,stable
688120.SH,roiic,华海清科,20250429.0,半导体,20241231,-8.594498713104237,-0.6794917697352066,0.15619902676443959,0.5102156188419725,,,down,0.9724687725463786,26.940069377560125,high_volatility,stable,False,none,155.06665401450198,False,none,False,rising,top,False,False,0.4676877242376134,-9.921743026458534,-0.4,0.4624327264504764,25.12441076059305,37.45407546823593,1.4907444327801558,8,5,False,,stable
688121.SH,roiic,卓然股份,20250422.0,专用机械,20241231,-5.282941722970283,-1.1005818961610514,0.3721041380085957,0.27461580536880426,,,down,2.9790576437588636,29.856346048354553,high_volatility,increasing_vol,True,severe,-215.2061035199456,False,none,False,falling,bottom,False,False,-0.5736751620774978,-19.709948076710553,-0.8,0.0864107329737,-14.974079351395373,-56.205675002568135,1.0,8,5,False,,stable
688122.SH,roiic,西部超导,20250422.0,小金属,20241231,0.05998952241401838,0.0029729744657276845,0.0021645235805081552,0.940784619167465,,,up,6.43597412543392,40.81471723970154,high_volatility,increasing_vol,False,none,26.741824632176904,False,none,False,rising,mid_up,False,False,0.11830755647947044,-8.49244088195211,-0.4,0.4624327264504764,2.6126970897475656,20.303833871886106,7.771216170278594,10,5,False,,stable
688123.SH,roiic,聚辰股份,20250325.0,半导体,20241231,30.327482245840407,1.3887719360463926,0.24847288646616605,0.3926895405773416,,,up,2.628913512987082,361.41077295380524,high_volatility,increasing_vol,False,none,33.55041352665676,False,none,False,rising,top,False,False,0.14464360035257462,16.431771891474163,0.2,0.8064959405073401,-152.73411597699433,95.1179587428989,1.0,10,5,False,,stable
688125.SH,roiic,安达智能,20250425.0,专用机械,20241231,-19.54200121833495,-0.3599993867845064,0.1877515324673534,0.4660872653496061,,,down,3.3818203994540714,2062.0593694720815,high_volatility,increasing_vol,False,none,37164.44878697351,False,none,False,rising,top,False,False,2.944705165422847,-36.855299737271146,-0.2,0.8064959405073401,-682.08257519968,1030.1693715953547,1.0,7,5,False,,stable
688126.SH,roiic,沪硅产业,20250424.0,半导体,20241231,-0.14268528509080763,-0.04168215130157826,0.1412404688621914,0.533007167992629,,,down,2.236429593575035,3311.8293458571266,high_volatility,increasing_vol,False,none,293756.57681253104,False,none,False,rising,top,True,False,3.9742249760943107,-0.004271132349738749,0.0,1.0,1924.629995148524,7405.22909445381,3.8476118075268526,10,5,False,,stable
688127.SH,roiic,蓝特光学,20250425.0,元器件,20241231,5.083014619426708,-0.5743160321003068,0.03516573039021721,0.7626422632129727,,,down,2.339912198572931,61.35309054987318,high_volatility,stable,True,severe,22.072807272571477,False,none,False,falling,mid_down,False,False,0.12466023644907498,7.348647168764703,0.2,0.8064959405073401,-24.69534891568103,-36.23413802274355,1.0,10,5,False,,stable
688128.SH,roiic,中国电研,20250429.0,专用机械,20241231,1.417152782545049,0.08856153560128929,0.21067849591742396,0.43681005480443846,,,up,2.879796361259696,22.37913304075493,high_volatility,decreasing_vol,False,none,12.433450121709484,False,none,False,rising,mid_up,False,True,0.05852676660294187,6.8542491137746016,0.8,0.0864107329737,11.23367055929637,21.87310224940381,1.9471019854060818,10,5,False,,stable
688130.SH,roiic,晶华微,20250419.0,半导体,20241231,-5.617945597093713,0.5932736290670789,0.039916778265114417,0.7473197697578295,,,up,1.4540179913838855,87.85329946297283,high_volatility,increasing_vol,True,mild,360.9912539560628,False,none,False,falling,mid_down,True,False,3.3728514303609933,9.638790625489571,0.2,0.8064959405073401,58.73567024425353,23.51418407318273,0.400339078032114,7,5,False,,stable
688131.SH,roiic,皓元医药,20250328.0,化学制药,20241231,-6.550149585297499,-0.8804421942030723,0.1748156922951839,0.48359139190185835,,,down,2.685786606822144,15.922418669197013,high_volatility,decreasing_vol,False,none,229.0729297624305,False,none,False,rising,mid_up,True,False,2.5569148946219835,-7.825311272792884,-0.6,0.22067136191984693,3.9633556268008543,7.280108448059064,1.8368547093855996,10,5,False,,stable
688135.SH,roiic,利扬芯片,20250430.0,半导体,20241231,-1.6806860753781883,-0.6003878603672692,0.3242927921998294,0.31629109002604994,,,down,128.8329577563851,21.30957216755074,high_volatility,decreasing_vol,True,severe,58.45769569171742,False,none,False,falling,mid_down,False,False,0.43814975296424463,-5.077725959912122,-0.4,0.4624327264504764,-1.8721196856103521,-9.767235856899898,1.0,10,5,False,,stable
688136.SH,roiic,科兴制药,20250411.0,生物制药,20241231,60.41810551154001,2.096133517932583,0.418256279022168,0.23824716427171788,,,up,2.562347568734039,123.33141775248724,high_volatility,increasing_vol,False,none,446.20175623283967,False,none,False,rising,top,True,False,5.548997792670527,61.527883555397366,0.4,0.4624327264504764,66.25762857217305,239.0679875859967,3.6081579244205058,8,5,False,,stable
688137.SH,roiic,近岸蛋白,20250429.0,生物制药,20241231,6.474514251678196,0.13933466616342996,0.005249884522188676,0.9078268290813167,,,up,1.8694335876839472,371.61101133141966,high_volatility,increasing_vol,True,mild,1444.5408772902465,False,none,False,falling,mid_down,True,False,3.672074155611007,11.869942794743357,0.2,0.8064959405073401,225.58278531700205,71.80074334213488,0.3182899938097506,7,5,False,,stable
688138.SH,roiic,清溢光电,20250430.0,半导体,20241231,15.266960482286853,2.2836646421357845,0.6842424786178861,0.08396500499468956,,,up,55.11520452315962,34.05874339407081,high_volatility,decreasing_vol,False,none,-65.70286479001666,False,none,False,rising,mid_up,False,True,-0.5345024527714526,14.309266304986725,0.6,0.22067136191984693,3.9621326514834636,14.12418973380618,3.564794764889544,10,5,False,,stable
688139.SH,roiic,海尔生物,20250329.0,医疗保健,20241231,-31.43016135060564,-2.73824938975903,0.6985863838567293,0.0778644280695349,,,down,6.802788615559572,67.8427532265593,high_volatility,decreasing_vol,False,none,54.39032510003775,False,none,False,rising,mid_up,True,False,0.39238972079944734,-28.570741660664336,-0.4,0.4624327264504764,-19.401834134755447,-27.02723771841482,1.0,9,5,False,,stable
688141.SH,roiic,杰华特,20250422.0,半导体,20241231,9.370718001182075,1.5448961296473656,0.3531449519294571,0.2906193453752282,,,up,1.9883476526574342,187.03281381269903,high_volatility,increasing_vol,True,mild,992.7196183676405,False,none,False,falling,mid_down,False,False,1.1682109085624126,33.99865030324476,0.4,0.4624327264504764,108.54424784842237,22.280369881855854,0.2052653210418804,7,5,False,,stable
688146.SH,roiic,中船特气,20250426.0,半导体,20241231,-4.390951464951625,-0.43653251399862736,0.2828837688609813,0.3562465417341408,,,down,4.386864926784926,72.10945899710516,high_volatility,decreasing_vol,True,severe,-815.5204664409944,False,none,False,falling,bottom,False,False,-4.086292168878795,-36.07579056122301,-0.8,0.0864107329737,6.350032092219937,-79.52220552623588,-12.523118682134934,6,5,False,,stable
688147.SH,roiic,微导纳米,20250426.0,专用机械,20241231,0.2333570213342854,0.1557215434753007,0.08226020236558855,0.6398919390237537,,,up,4.607470747763114,16.008727933549373,high_volatility,increasing_vol,True,severe,-145.97674379284618,False,none,False,falling,mid_down,False,False,-0.7853533292284695,2.665016636799355,0.4,0.4624327264504764,4.824810048098454,-0.5640162789058935,-0.11689916769431836,8,5,False,,stable
688148.SH,roiic,芳源股份,20250418.0,电气设备,20241231,-4.352745263081549,-0.627569164365253,0.14000522323667514,0.5349511782852473,,,down,2.9844019010239045,175.29318251752323,high_volatility,increasing_vol,True,severe,-288.8704310791354,False,none,False,falling,bottom,False,False,-0.6779456649677129,3.7934285012241102,0.0,1.0,69.16558357204262,-40.12460888202277,-0.580123911485965,10,5,False,,stable
688150.SH,roiic,莱特光电,20250410.0,元器件,20241231,-0.903501516557507,-0.06123427644366268,0.012751077716436228,0.85653107244022,,,down,5.354580513054127,97.7910613393984,high_volatility,increasing_vol,False,none,3307.7811988968933,False,none,False,rising,top,False,False,1.732436672361406,2.3242322525627523,0.0,1.0,-21.27167712646852,64.28180384014055,1.0,9,5,False,,stable
688151.SH,roiic,华强科技,20250424.0,医疗保健,20241231,40.13887111391373,0.5845137875480526,0.5340241927974425,0.16075072352496173,0.3679510605760501,0.3679510605760501,up,1.5162849488046797,453.72088384995953,high_volatility,stable,True,severe,-90.86832409614047,False,none,False,falling,mid_down,False,True,-1.1966979633960895,23.895008551210285,0.2,0.8064959405073401,311.27359937302197,99.53785939607592,0.31977610564008163,8,5,False,,stable
688152.SH,roiic,麒麟信安,20250430.0,软件服务,20241231,-20.622792420311995,-0.4510598473616292,0.36778891233303923,0.27820093796483153,,,down,11.361274940744115,368.3556499689635,high_volatility,increasing_vol,True,severe,-10440.674939280576,False,none,False,falling,bottom,False,True,-4.597157968173679,-79.13589644902197,-0.4,0.4624327264504764,10.998662484994895,-501.7585148215093,-45.61995747265102,7,5,False,,stable
688153.SH,roiic,唯捷创芯,20250425.0,半导体,20241231,1.8982830700837034,-0.1123140425255598,0.00424572326611047,0.9170954550557282,,,down,1.789923802124153,39.94176145029094,high_volatility,increasing_vol,True,severe,-1669.834039382618,False,none,False,falling,bottom,False,True,-3.8379056644178373,-10.353739913943189,-0.2,0.8064959405073401,-27.031602922212013,-91.6422901407709,1.0,8,5,False,,stable
688155.SH,roiic,先惠技术,20250418.0,电气设备,20241231,3.9942753181660713,0.24121159275632148,0.014349720211204734,0.8478437937793971,,,up,2.0450194980580396,67.69920712177759,high_volatility,increasing_vol,False,none,1114.1552829353286,False,none,False,rising,top,True,False,4.532743023867482,30.63286138025842,0.4,0.4624327264504764,43.427837960278744,148.01667270612475,3.4083362114758775,9,5,False,,stable
688158.SH,roiic,优刻得-W,20250419.0,软件服务,20241231,12.408869779936909,0.16638222596599647,0.08615222778991644,0.6317202231344557,,,up,0.8343290327852512,62.38445833790491,high_volatility,stable,True,severe,68.72341129360858,False,none,False,falling,mid_down,True,False,0.5810759150041562,18.826167038465467,0.2,0.8064959405073401,-71.04934853289087,-38.96633825649855,1.0,9,5,False,,stable
688161.SH,roiic,威高骨科,20250327.0,医疗保健,20241231,3.322544446951054,0.13192255989030258,0.18379013868105104,0.4713670924634854,,,up,3.277659887728426,94.47375233579731,high_volatility,increasing_vol,False,none,254.19241442365808,False,none,False,rising,top,True,False,5.5569745526279295,24.638062049080624,0.4,0.4624327264504764,37.65951717440064,160.82657173276314,4.270542582582187,9,5,False,,stable
688162.SH,roiic,巨一科技,20250425.0,专用机械,20241231,-41.32283900088453,-0.9659549633213407,0.24919629865455742,0.39188937752704606,,,down,2.0359239671618536,2413.0048186538666,high_volatility,increasing_vol,True,severe,-14557.959716644067,False,none,False,falling,bottom,False,False,-2.4936952926519305,-271.50405591458815,-0.8,0.0864107329737,-1525.6249373808819,-5492.117807639652,1.0,8,5,False,,stable
688163.SH,roiic,赛伦生物,20250426.0,生物制药,20241231,11.835060509694642,0.14127121646031862,0.015249570043228227,0.8431692688395754,1.0297825314026574,1.0297825314026574,up,1.5490821161131878,273.2343108610316,high_volatility,increasing_vol,False,none,67894.11891992172,False,none,False,rising,top,True,False,3.1609430315014695,108.06142693130661,0.4,0.4624327264504764,217.0273221637808,653.5058036793691,3.011168350435608,10,5,False,,stable
688165.SH,roiic,埃夫特-U,20250430.0,专用机械,20241231,-7.457308821213888,-0.579593101382127,0.20643952132712606,0.4420671058186053,,,down,6.5962606017023715,171.30887207970895,high_volatility,increasing_vol,True,severe,60.28652384685238,False,none,False,falling,mid_down,False,False,0.4616944961504088,8.150830515881573,0.0,1.0,34.04024814716601,-48.201584149780594,-1.4160174138975414,9,5,False,,stable
688166.SH,roiic,博瑞医药,20250403.0,化学制药,20241231,-18.321481272784325,-2.3070138124188517,0.932478766019248,0.007602997613287202,,,down,2.6069549574435977,31.26009928165451,high_volatility,increasing_vol,True,severe,-5424.35807768214,False,none,False,falling,bottom,False,False,-1.9276389628166453,-17.792790139785883,-1.0,0.02748633611151033,-17.48748365637207,-62.04840231588232,1.0,9,5,False,,stable
688167.SH,roiic,炬光科技,20250426.0,元器件,20241231,1.8806541061243784,0.191169485088226,0.03517466612835512,0.7626124678621289,,,up,6.704639618550528,77.06895377895266,high_volatility,increasing_vol,True,severe,-3518.046715896848,False,none,False,falling,bottom,False,True,-3.620388378059668,-35.26099701243339,-0.4,0.4624327264504764,3.382614885025159,-107.87309700675164,-31.890445904529656,10,5,False,,stable
688168.SH,roiic,安博通,20250430.0,软件服务,20241231,27.03468717501487,0.7313690960392398,0.05921972255560484,0.6932417531240715,,,up,2.7584410149859884,270.8238663328739,high_volatility,increasing_vol,False,none,1649.5360336815324,False,none,False,rising,top,False,False,5.662025045555771,123.1900579001623,0.8,0.0864107329737,140.544244298584,566.2605020920602,4.0290550845259006,10,5,False,,stable
688170.SH,roiic,德龙激光,20250429.0,专用机械,20241231,124.46924483990593,0.6426461691930203,0.12145084335536759,0.5654314851281858,,,up,1.7059161747863028,1150.5867978994065,high_volatility,increasing_vol,True,mild,59742.352124177145,False,none,False,falling,mid_down,True,False,4.059556126263209,183.53532928852377,0.2,0.8064959405073401,791.2603065046146,652.0624518402302,0.8240808321609235,7,5,False,,stable
688171.SH,roiic,纬德信息,20250430.0,软件服务,20241231,2.4042017967887395,0.11383188592315716,0.0310594545148739,0.7767752289702248,,,up,3.8751078985955485,217.47427688277028,high_volatility,increasing_vol,False,none,9562.014815227521,False,none,False,rising,top,True,False,3.648627901669212,19.062594254815515,0.2,0.8064959405073401,-55.90886952204213,181.15435489690458,1.0,8,5,False,,stable
688172.SH,roiic,燕东微,20250426.0,半导体,20241231,-13.533516314649564,-2.260410709552901,0.8382134596749211,0.02908912433616214,,,down,4.118438083927354,23.599165124175485,high_volatility,increasing_vol,False,none,-255.0677392096702,False,none,False,rising,mid_up,True,False,-0.6305706135230014,-12.767978836708297,-0.8,0.0864107329737,-9.790179918314436,-21.88112400269912,1.0,7,5,False,,stable
688173.SH,roiic,希荻微,20250423.0,半导体,20241231,-6.0838782455625,0.8507837310909434,0.05714388757748743,0.6985589269591319,,,up,7.1043929324810975,149.61337090072087,high_volatility,decreasing_vol,False,none,1406.7006144770553,False,none,False,rising,mid_up,False,False,3.7750051330174066,10.186085370195416,0.0,1.0,19.234112431059504,78.52815465665165,4.0827542699523445,7,5,False,,stable
688176.SH,roiic,亚虹医药-U,20250419.0,化学制药,20241231,12.32553521878572,0.5173848254936166,0.035804926305790165,0.7605207358920663,,,up,5.7277209575457935,45.80657854505981,high_volatility,increasing_vol,True,severe,75.86452893235219,False,none,False,falling,mid_down,False,False,0.7099603209438965,13.67901522175271,0.2,0.8064959405073401,-4.299687574153369,-12.24151302737506,1.0,7,5,False,,stable
688177.SH,roiic,百奥泰,20250409.0,生物制药,20241231,-0.8650213007779997,-0.0817133558889275,0.02375114094254273,0.8045554437405874,-0.12108424591618605,-0.12108424591618605,down,1.7573437259180276,311.3689574617643,high_volatility,decreasing_vol,True,severe,-89.5156711029255,False,none,False,falling,bottom,False,False,-1.1265064754880938,-31.139709021945666,-0.4,0.4624327264504764,155.6910049056917,10.405577305842195,0.06683480084251028,9,5,False,,stable
688179.SH,roiic,阿拉丁,20250425.0,化学制药,20241231,2.7978426408437107,0.19493664393348017,0.006514533397473954,0.8973451388529374,,,up,4.507530536573558,21.914554715734745,high_volatility,stable,False,none,305.5402347156942,False,none,False,rising,top,False,False,0.6948291803728166,2.8114590747907737,0.2,0.8064959405073401,-4.022412322352923,19.107872659313728,1.0,10,5,False,,stable
688180.SH,roiic,君实生物-U,20250328.0,生物制药,20241231,-7.4629618225748375,-0.8573676304063685,0.10504301617537283,0.5946815963765939,,,down,1.66877936141331,176.11965568646988,high_volatility,increasing_vol,True,severe,-305.09914756393493,False,none,False,falling,bottom,False,False,-0.6994690485921238,-66.81432713184338,-0.4,0.4624327264504764,-129.66604114782433,-404.34953335083776,1.0,10,5,False,,stable
688181.SH,roiic,八亿时空,20250426.0,元器件,20241231,-14.066305893751178,-2.1242105374572233,0.7789766358437002,0.04743025059723583,,,down,3.9423424203793056,30.474000825953627,high_volatility,stable,False,none,-3047.718709686721,False,none,False,rising,mid_up,False,False,-1.5937531576394943,-15.10621328694326,-0.6,0.22067136191984693,-11.949814128096717,-25.216348575089803,1.0,10,5,False,,stable
688183.SH,roiic,生益电子,20250328.0,元器件,20241231,21.70220602910728,2.2263035292989732,0.8621433857148113,0.022694875762259568,,,up,1.658416280763729,38.8440587920102,high_volatility,increasing_vol,False,none,4299.692184461035,False,none,False,falling,mid_down,False,False,1.8427926053081574,20.592066022465634,0.6,0.22067136191984693,29.933043295557585,65.05282607262068,2.173278053630961,10,5,False,,stable
688185.SH,roiic,康希诺,20250326.0,生物制药,20241231,-31.018663032120525,-0.642107631668811,0.046396003302508586,0.7278833321518147,,,down,2.228781036003474,6617.351457959945,high_volatility,stable,True,severe,99.0601782021626,False,none,False,falling,mid_down,False,False,2.3336111368994086,-28.829775873762483,-0.2,0.8064959405073401,-2978.3507186697234,-139.14659930468224,1.0,9,5,False,,stable
688188.SH,roiic,柏楚电子,20250403.0,专用机械,20241231,9.46017141919957,1.4724069973210125,0.39967654393703755,0.25246777901368583,,,up,1.2718412868535354,22.9440429417912,high_volatility,decreasing_vol,False,none,1360.9892213440999,False,none,False,rising,top,False,False,3.0524063640192587,8.06011564667535,0.6,0.22067136191984693,20.878071968380787,37.059608443750044,1.7750493675793295,9,5,False,,stable
688189.SH,roiic,南新制药,20250430.0,化学制药,20241231,6.70526376070265,-0.24713799540756867,0.012669829385517988,0.856986938097399,,,down,26.78203550799708,303.9704206301671,high_volatility,decreasing_vol,False,none,114.96931954240507,False,none,False,rising,mid_up,True,False,5.770850622571871,-0.3528905350021381,0.0,1.0,0.3799165719767075,62.05906171300409,163.3491831906951,9,5,False,,stable
688191.SH,roiic,智洋创新,20250426.0,软件服务,20241231,-3.507153428869657,-0.7058247961384507,0.11228205907040595,0.5814805824805154,,,down,2.3994888970289154,66.46263381909466,high_volatility,stable,True,severe,82.03974876824009,False,none,False,falling,mid_down,False,False,0.858318090922483,-7.560981159260811,-0.2,0.8064959405073401,-28.750808815302562,-25.462051825715644,1.0,10,5,False,,stable
688192.SH,roiic,迪哲医药-U,20250430.0,生物制药,20241231,7.288876863328198,0.7552259858621079,0.08785966320979223,0.6281990331190388,,,up,1.7957370717821144,47.44261439170493,high_volatility,increasing_vol,True,severe,-28.35245100720648,False,none,False,falling,mid_down,False,False,-0.12478157335542939,6.542980641864071,0.2,0.8064959405073401,-24.232914248397783,-58.88216372360522,1.0,7,5,False,,stable
688193.SH,roiic,仁度生物,20250430.0,医疗保健,20241231,-11.988351286699615,0.15291191005143917,0.0053764020950308675,0.9067247668410897,,,up,2.035012515481483,702.6823358471303,high_volatility,increasing_vol,True,mild,632.1071057167404,False,none,False,falling,mid_down,True,False,3.3385398524060514,2.5752066490661627,0.0,1.0,389.2190576087364,32.38743127386707,0.08321131928340629,7,5,False,,stable
688195.SH,roiic,腾景科技,20250322.0,元器件,20241231,-0.5369620648570155,-0.09742818785430166,0.001982271557718802,0.9433306612042631,,,down,2.267073733963831,571.6951545772279,high_volatility,stable,False,none,101.69125753176537,False,none,False,rising,top,True,False,5.803813121479221,-3.286725980521069,0.0,1.0,-252.33425176473168,21.553712909486837,1.0,8,5,False,,stable
688197.SH,roiic,首药控股-U,20250428.0,化学制药,20241231,24.39809976622835,1.3912048643724835,0.49688802413532795,0.18367743731008096,,,up,4.583260264237304,388.2481883642779,high_volatility,decreasing_vol,False,none,108.50398561645524,False,none,False,rising,mid_up,True,False,2.9181017910918463,-28.21061941068038,0.0,1.0,42.11063663794639,2.6528236832530045,0.06299652285148578,8,5,False,,stable
688198.SH,roiic,佰仁医疗,20250425.0,医疗保健,20241231,2.9127079106558798,0.5780871528634652,0.12265320225897902,0.5633785388827945,,,up,9.757158907394476,39.01998728543332,high_volatility,decreasing_vol,False,none,-37.69885013394554,False,none,False,rising,mid_up,False,False,-0.23648081257423037,15.908383941800388,0.6,0.22067136191984693,9.675742172995177,25.853143098725685,2.671954526742284,9,5,False,,stable
688200.SH,roiic,华峰测控,20250314.0,半导体,20241231,4.107512018087716,0.20719388237750097,0.45759216050272145,0.20986723632882054,,,up,5.462819354598406,87.86024766707006,high_volatility,increasing_vol,False,none,125.35807242407822,False,none,False,rising,top,False,False,0.40584584270986035,1.9614415250555042,0.2,0.8064959405073401,-20.70714140395683,35.04500637921358,1.0,9,5,False,,stable
688201.SH,roiic,信安世纪,20250429.0,软件服务,20241231,-5.5786372983436365,-0.7439451092252887,0.06393128468544337,0.6815299545717686,,,down,16.867772134858107,46.67962471262487,high_volatility,increasing_vol,False,none,250.9853859899727,False,none,False,rising,top,True,False,4.256627433805619,-22.47387236790159,-0.2,0.8064959405073401,-4.440976493230254,43.3483481921544,1.0,8,5,False,,stable
688202.SH,roiic,美迪西,20250422.0,医疗保健,20241231,-2.945443997981144,-0.7399593850834538,0.08504637882047725,0.6340211960122649,,,down,1.7233936222706214,48.86008706144021,high_volatility,increasing_vol,False,none,303.9544127226438,False,none,False,rising,mid_up,False,False,0.6976750194460695,-2.667704461586953,-0.2,0.8064959405073401,27.467456435639598,69.94105270515918,2.5463243336361208,10,5,False,,stable
688206.SH,roiic,概伦电子,20250430.0,半导体,20241231,-9.687784200647261,0.24795690298723203,0.007719289177149637,0.8882779171186375,,,up,1.5953862543888802,87.57213245001438,high_volatility,increasing_vol,True,severe,137.80692659328966,False,none,False,falling,mid_down,True,False,3.7277069540947987,-13.301101519779069,0.0,1.0,51.98453032743699,12.77317128438903,0.2457110067924853,7,5,False,,stable
688207.SH,roiic,格灵深瞳,20250426.0,软件服务,20241231,-27.414673493396503,-0.21743239999475641,0.05846747622571736,0.695156995724396,-0.28315632856116524,-0.28315632856116524,down,1.8696662399701263,764.1181612687545,high_volatility,increasing_vol,True,mild,1250.6398030672271,False,none,False,falling,mid_down,False,False,1.293330322059713,-4.7179693537837375,0.0,1.0,452.4147440543437,51.772381577017015,0.11443566386244511,7,5,False,,stable
688208.SH,roiic,道通科技,20250329.0,IT设备,20241231,27.979924444625084,0.7127735643373889,0.06718866454361053,0.6737003490545312,,,up,1.8063622579129028,216.96128468590473,high_volatility,increasing_vol,True,mild,561.5823737179377,False,none,False,falling,mid_down,True,False,4.923614820891888,44.08724423723264,0.2,0.8064959405073401,143.13644855001326,147.68550120877103,1.031781231858413,9,5,False,,stable
688209.SH,roiic,英集芯,20250429.0,半导体,20241231,6.8732466376823,0.18779449636040005,0.03202547799897239,0.7733674354139526,,,up,5.722207526847762,124.93809104459254,high_volatility,increasing_vol,False,none,7459.364984665374,False,none,False,rising,top,False,False,2.03562304184642,-2.7353322383512793,0.0,1.0,-28.04808317543873,61.87212620339698,1.0,7,5,False,,stable
688210.SH,roiic,统联精密,20250425.0,元器件,20241231,-0.7458424886139614,-0.2690368222502282,0.02058267973616276,0.8179611673761539,,,down,2.167607200819003,29.118749965820143,high_volatility,stable,False,none,-8.206866899918792,False,none,False,rising,mid_up,False,False,-0.042698430544952704,-10.830261125961492,-0.4,0.4624327264504764,10.035000818899421,12.89057707997523,1.284561637075082,8,5,False,,stable
688211.SH,roiic,中科微至,20250423.0,专用机械,20241231,24.890913937862223,0.5998192598985685,0.3998332005094754,0.2523455719850238,,,up,2.696126789366744,1074.9507915337865,high_volatility,increasing_vol,False,none,-36.57345502137292,False,none,False,rising,mid_up,False,False,-0.22763822118221277,2.0577752991669307,0.0,1.0,-462.8282258513083,115.09719873797901,1.0,8,5,False,,stable
688212.SH,roiic,澳华内镜,20250410.0,医疗保健,20241231,25.216843332841385,0.3768951841760605,0.014087533147114554,0.8492336104618587,,,up,1.4053940003963927,105.49279826668686,high_volatility,stable,True,severe,73.0564265830122,False,none,False,falling,mid_down,False,False,0.6556735818691619,21.435872677995746,0.2,0.8064959405073401,-67.49773952447352,-54.440970369839945,1.0,8,5,False,,stable
688213.SH,roiic,思特威-W,20250419.0,半导体,20241231,-1.3608111513951584,0.5692643298327029,0.04026964554450397,0.7462205824659632,,,up,3.2305962118399933,51.18915126355427,high_volatility,increasing_vol,False,none,218.544225746126,False,none,False,rising,top,False,False,4.286750279638236,-2.3641459173144233,0.0,1.0,-16.253353011537847,39.5857517588236,1.0,7,5,False,,stable
688215.SH,roiic,瑞晟智能,20250426.0,专用机械,20241231,8.213611368919135,1.9016398213342391,0.8066785695493887,0.03841568763647907,,,up,3.921603030402023,18.266261134269342,high_volatility,decreasing_vol,False,none,1034.0881069443776,False,none,False,falling,mid_down,False,True,1.0857091377014485,5.988365552778985,0.6,0.22067136191984693,-2.1937723163473937,9.138169589171685,1.0,10,5,False,,stable
688216.SH,roiic,气派科技,20250426.0,半导体,20241231,10.081988788384448,0.12887203901636957,0.0019419698721851015,0.9439093162138884,,,up,2.1997933531112994,4111.24910387133,high_volatility,increasing_vol,False,none,7531.305912911203,False,none,False,rising,top,True,False,7.6682512060281525,180.7533538303584,0.4,0.4624327264504764,2422.7190997903913,9221.004465089522,3.8060559583186113,10,5,False,,stable
688217.SH,roiic,睿昂基因,20250418.0,医疗保健,20241231,6.458112731947064,0.4851406383910442,0.4620467591430411,0.206793503001635,,,up,2.5695262101156864,313.09529696344487,high_volatility,increasing_vol,False,none,10.294119534260753,False,none,False,rising,top,False,False,0.04896437337238524,3.7336596154115,0.2,0.8064959405073401,-140.92305107005419,32.348181586454736,1.0,8,5,False,,stable
688218.SH,roiic,江苏北人,20250430.0,专用机械,20241231,19.18120925675327,1.0917037702267922,0.1884655794658631,0.46514287432539525,,,up,1.6503353444074909,121.293954306924,high_volatility,decreasing_vol,False,none,261.1650617464893,False,none,False,rising,mid_up,False,False,0.6418711784963886,19.718980548245817,0.2,0.8064959405073401,64.48954415200338,84.38367698965395,1.308486175538156,10,5,False,,stable
688220.SH,roiic,翱捷科技-U,20250408.0,半导体,20241231,56.263957834539475,1.9126808093108891,0.6678136331259774,0.0912054630346278,,,up,2.050150488427807,1499.98570836166,high_volatility,decreasing_vol,False,none,734.5816164889309,False,none,False,rising,mid_up,False,True,1.0177685478054648,80.11896794777032,0.8,0.0864107329737,-612.524277742452,13.19554199306503,1.0,8,5,False,,stable
688221.SH,roiic,前沿生物-U,20250430.0,生物制药,20241231,-12.784198060238008,-0.39779856149505144,0.028129144256483912,0.7874609101905125,,,down,1.823782906145895,93.20184985429536,high_volatility,decreasing_vol,True,severe,-263.1820087359662,False,none,False,falling,mid_down,False,True,-4.746944627116024,-8.689113537275867,-0.2,0.8064959405073401,-49.34712014197912,-73.5938106505395,1.0,10,5,False,,stable
688222.SH,roiic,成都先导,20250426.0,化学制药,20241231,10.697368783805567,1.976605643993525,0.7696530517097351,0.050634707754526796,,,up,2.382456526015433,448.52430518758285,high_volatility,stable,True,severe,101.95509798803211,False,none,False,falling,mid_down,True,False,5.62339602057656,8.239774473675158,0.2,0.8064959405073401,-185.0520651908322,19.347247628726898,1.0,9,5,False,,stable
688223.SH,roiic,晶科能源,20250430.0,电气设备,20241231,6.7031981563366285,1.387215719502494,0.5965426077671964,0.12583068947704756,,,up,4.404589869984432,55.06635646784308,high_volatility,increasing_vol,True,severe,-715.9687314452364,False,none,False,falling,bottom,False,True,-4.459869541094907,12.924366271951925,0.2,0.8064959405073401,-17.592943069414485,-107.26611673066256,1.0,10,5,False,,stable
688225.SH,roiic,亚信安全,20250429.0,软件服务,20241231,2.9882698721220535,0.4923069551045309,0.07893046439717911,0.6470519394564148,,,up,2.0795587058298106,58.85343637307746,high_volatility,increasing_vol,True,severe,307.71853869438115,False,none,False,falling,mid_down,True,False,3.192184855313703,5.247715178346715,0.2,0.8064959405073401,33.15322828706327,17.50323699679201,0.5279497020693442,8,5,False,,stable
688226.SH,roiic,威腾电气,20250426.0,电气设备,20241231,2.046914277823965,0.32804896334715783,0.032773338127818484,0.7707655544845988,,,up,3.3385371867644658,9.020254632679698,high_volatility,stable,True,severe,-142.02252976190576,False,none,False,falling,bottom,False,True,-2.0428311413295046,2.2194644858715336,0.2,0.8064959405073401,3.315932650670531,-2.4419218232919806,-0.7364208144571898,10,5,False,,stable
688227.SH,roiic,品高股份,20250428.0,软件服务,20241231,-11.702029447144566,-1.2405140870739764,0.20322205179171274,0.44610291457635387,,,down,2.9282795920253712,92.56319741163158,high_volatility,increasing_vol,True,severe,-156.36459149494988,False,none,False,falling,bottom,False,True,-5.470288300140318,-14.589920244768685,-0.2,0.8064959405073401,28.099486617025413,-89.16208418849403,-3.1730858788882976,8,5,False,,stable
688228.SH,roiic,开普云,20250331.0,软件服务,20241231,-6.503638745565569,-1.0130306577200474,0.18037129855310263,0.4759801362353284,,,down,2.8434367346642118,172.5029155016944,high_volatility,increasing_vol,False,none,1404.9741060410906,False,none,False,rising,top,False,False,1.355467507323784,29.503635777053105,0.2,0.8064959405073401,81.19190163145994,363.75600310398744,4.480200559350375,10,5,False,,stable
688229.SH,roiic,博睿数据,20250426.0,软件服务,20241231,-0.11156094195814518,-0.058271037769075454,0.30054681853607457,0.33872264154790077,,,down,2.2162970376808135,97.63863256607793,high_volatility,decreasing_vol,True,severe,-32.65853221534824,False,none,False,falling,mid_down,False,False,-0.16986877990639704,-0.05250755999827578,0.0,1.0,37.894983650682846,1.389221516347799,0.036659773471699755,10,5,False,,stable
688230.SH,roiic,芯导科技,20250416.0,半导体,20241231,-11.260855046004362,-0.8149813389359137,0.06763408741801887,0.6726456423177556,,,down,9.020989254932209,70.50491895456916,high_volatility,stable,False,none,136.40217605796786,False,none,False,rising,mid_up,True,False,4.869407893716289,-16.780067478891876,-0.2,0.8064959405073401,-11.193909205774167,39.287177770000774,1.0,7,5,False,,stable
688232.SH,roiic,新点软件,20250412.0,软件服务,20241231,-18.33237728924615,-2.0212551104795957,0.6098820493683678,0.11894305638146983,,,down,2.233525051542241,3824.72464469365,high_volatility,increasing_vol,True,severe,83.13654966436293,False,none,False,falling,mid_down,False,False,0.8889875412276194,-13.957858728983684,-0.2,0.8064959405073401,1963.5769206297075,-10.876546118909916,-0.005539149500403515,8,5,False,,stable
688233.SH,roiic,神工股份,20250327.0,半导体,20241231,-21.756080501810025,-2.154426666710905,0.5965153957564455,0.1258449367300596,,,down,3.666120148199964,203.410641840053,high_volatility,increasing_vol,False,none,1380.941217196303,False,none,False,rising,top,True,False,5.406526020429602,8.471757497490042,0.0,1.0,73.62880144730956,398.7518225910229,5.415704381340213,9,5,False,,stable
688234.SH,roiic,天岳先进,20250328.0,半导体,20241231,18.22717801992322,1.7822978152674185,0.6457465493825709,0.1013613410959803,,,up,5.16220373049958,1104.265609319977,high_volatility,increasing_vol,False,none,362.6676161852919,False,none,False,rising,mid_up,False,False,3.6335995052319614,-150.67338725969566,0.0,1.0,-299.1748190768314,30.638660759461654,1.0,7,5,False,,stable
688235.SH,roiic,百济神州-U,20250429.0,生物制药,20241231,-15.582057548789038,-0.8668378863200964,0.0859466310688232,0.6321467866881858,,,down,8.86096419422152,169.24971869642192,high_volatility,increasing_vol,False,none,4133.43484968356,False,none,False,rising,top,False,False,1.8700122660505896,56.05922491735465,0.2,0.8064959405073401,32.87951966382526,282.2478661519701,8.584306250145895,8,5,False,,stable
688236.SH,roiic,春立医疗,20250329.0,医疗保健,20241231,-8.519394780433576,-1.9209894861891705,0.6110870938138442,0.11833027122210672,,,down,2.8098663452052848,132.76175681930104,high_volatility,increasing_vol,False,none,642.6005756389034,False,none,False,rising,top,True,False,5.480056329141183,8.66011821846186,0.0,1.0,61.840348156674565,279.3490375946791,4.5172617218606055,8,5,False,,stable
688238.SH,roiic,和元生物,20250418.0,医疗保健,20241231,8.88941600819442,0.8610531383695047,0.11613876411301557,0.5746426358301407,,,up,2.192597100326053,615.7622488802091,high_volatility,increasing_vol,True,mild,1575.8096603947554,False,none,False,falling,mid_down,True,False,3.133943226299567,26.283012320018408,0.4,0.4624327264504764,324.55774109883436,43.50274146863658,0.13403698621192067,10,5,False,,stable
688244.SH,roiic,永信至诚,20250429.0,软件服务,20241231,-4.098712554106032,0.20071803078181905,0.0032453666168567328,0.927505190106791,,,up,1.952745351170391,189.55230213799723,high_volatility,increasing_vol,False,none,1734.7126038737063,False,none,False,rising,top,False,False,1.4477949079041352,2.5440794349947486,0.0,1.0,-98.29926087837974,76.93025842352814,1.0,9,5,False,,stable
688246.SH,roiic,嘉和美康,20250430.0,软件服务,20241231,21.408053051934854,-0.1969375387823881,0.005761324113462625,0.9034496856220283,,,down,1.4347974466551094,93.58898412510224,high_volatility,increasing_vol,False,none,-20.301442651423297,False,none,False,rising,mid_up,False,False,-0.11345721319413027,7.527998527036762,0.0,1.0,71.65042725842389,146.0602374061106,2.0385117436817293,8,5,False,,stable
688247.SH,roiic,宣泰医药,20250430.0,化学制药,20241231,7.144053959126543,0.2286875871047113,0.011066704392200121,0.8663046934202332,,,up,17.090720788413336,116.71648693448915,high_volatility,increasing_vol,False,none,1537.018392956701,False,none,False,rising,top,True,False,4.088628566347588,-34.445869183600884,-0.2,0.8064959405073401,2.014386416613398,112.84718278671552,56.0206233799149,8,5,False,,stable
688248.SH,roiic,南网科技,20250329.0,电气设备,20241231,11.354101540026178,0.6126344802908641,0.8022378128429695,0.039809500258104105,0.645698781001907,0.645698781001907,up,0.9522966834991253,19.565023285021546,volatile,increasing_vol,False,none,310.6605809164257,False,none,False,rising,top,False,False,0.7055241302749478,12.01630063961316,0.8,0.0864107329737,23.951322788835764,50.540896102966116,2.1101505143809565,7,5,False,,stable
688249.SH,roiic,晶合集成,20250421.0,半导体,20241231,-1.4847933534400801,0.6998830522819854,0.21410706272138078,0.43260683795796423,,,up,27.153260337948957,37.92556680977534,high_volatility,increasing_vol,False,none,-67.70035454421279,False,none,False,rising,mid_up,False,False,-0.5619179173435975,-9.446722739894238,-0.2,0.8064959405073401,-1.176112600878461,5.937521880147846,1.0,7,5,False,,stable
688251.SH,roiic,井松智能,20250426.0,专用机械,20241231,-1.3936041210824144,-0.08723608869131624,0.03621689353230983,0.7591637865895824,,,down,31.52507364514951,72.89647996046868,high_volatility,increasing_vol,False,none,228.25334874279582,False,none,False,rising,mid_up,False,False,0.5825351773491076,-28.25485764520245,-0.6,0.22067136191984693,-10.574171100273585,9.97209066447153,1.0,9,5,False,,stable
688252.SH,roiic,天德钰,20250327.0,半导体,20241231,-7.790999713937706,-0.7800429095264247,0.05813935395056162,0.6959965036197909,,,down,6.382579836020165,77.9879928803268,high_volatility,stable,False,none,411.0672283921621,False,none,False,rising,mid_up,True,False,4.459823232944115,-13.400054465973076,-0.2,0.8064959405073401,9.881582557166817,76.23845650580262,7.7152071608721355,7,5,False,,stable
688253.SH,roiic,英诺特,20250426.0,医疗保健,20241231,5.533099029039315,-0.28574333277965247,0.019666281603862936,0.8220323066515631,,,down,2.7584698701453245,630.607304291245,high_volatility,decreasing_vol,False,none,527.680779490414,False,none,False,rising,mid_up,False,False,0.9165420204953204,-4.024546001273087,0.0,1.0,-195.8948597066007,50.26076497261218,1.0,7,5,False,,stable
688256.SH,roiic,寒武纪-U,20250419.0,半导体,20241231,-9.192295322176076,-0.1500689116172537,0.33382359259190875,0.3076268641357645,,,down,57.89734811641331,130.00078671977047,high_volatility,increasing_vol,True,severe,-709.1900460067974,False,none,False,falling,bottom,False,True,-5.2124870022557985,-39.15098553331175,-0.8,0.0864107329737,-17.495322691805853,-226.49594254007403,1.0,8,5,False,,stable
688258.SH,roiic,卓易信息,20250418.0,软件服务,20241231,7.829120081776724,1.8924202271124333,0.9017047125186587,0.013486798033134783,,,up,6.777326609721536,13.039063559882837,high_volatility,stable,False,none,925.8487092367567,False,none,False,rising,top,False,True,1.1380725323369676,7.911432881963841,0.8,0.0864107329737,4.27266035498794,21.52037397596803,5.036762154718188,9,5,False,,stable
688259.SH,roiic,创耀科技,20250425.0,半导体,20241231,-16.94460503371642,-1.7232898986409537,0.416138256675484,0.23984084448128212,,,down,3.83261377427562,41.870432123494346,high_volatility,stable,False,none,-752.1509139897654,False,none,False,rising,mid_up,False,False,-2.7627424303940264,-14.997568904280937,-0.4,0.4624327264504764,-16.008153634174842,-19.965428075825134,1.0,10,5,False,,stable
688260.SH,roiic,昀冢科技,20250426.0,元器件,20241231,0.17432147014895633,0.010854761372560074,0.7323538889328239,0.06430740166175596,,,up,0.6594259310714743,13.946171007291126,high_volatility,stable,False,none,66.01562994998174,False,none,False,rising,mid_up,True,False,0.5391809863037473,0.21091274739571936,0.2,0.8064959405073401,-21.214410934964476,-15.596405860185897,1.0,8,5,False,,stable
688261.SH,roiic,东微半导,20250426.0,半导体,20241231,-140.37424281929162,-3.16907001832186,0.7258952198454341,0.06681355429881798,,,down,1.7328577094997137,288.7216170981138,high_volatility,increasing_vol,False,none,-3100.8652020203554,False,none,False,rising,mid_up,False,False,-4.876008005823786,-119.78624128384294,-0.6,0.22067136191984693,-208.7281556821627,-358.7876012534185,1.0,7,5,False,,stable
688262.SH,roiic,国芯科技,20250429.0,半导体,20241231,-3.135420925131091,-0.06526894908569543,0.015667570850137858,0.8410455373661495,,,down,2.2393292166052805,49766.3717753151,high_volatility,stable,True,severe,100.010636957357,False,none,False,falling,mid_down,True,False,7.739264227039985,-1.0461788374138938,0.0,1.0,-22222.595726664887,11.833461924528619,1.0,8,5,False,,stable
688265.SH,roiic,南模生物,20250429.0,医疗保健,20241231,-12.692201520223298,-1.5199843757573757,0.4717140066824109,0.200216921456383,,,down,2.4843085286020927,77.00347917350112,high_volatility,stable,True,severe,72.40930489598418,False,none,False,falling,mid_down,False,False,0.6437863119609624,-16.761674246420824,-0.4,0.4624327264504764,-34.80360089057919,-44.05491750537229,1.0,10,5,False,,stable
688266.SH,roiic,泽璟制药-U,20250419.0,生物制药,20241231,-7.597677189640163,0.4392987682110818,0.027602520413989452,0.7894411266824543,,,up,1.4112607311682812,48.93473815012878,high_volatility,stable,True,severe,-817.0020617353626,False,none,False,falling,bottom,False,True,-4.3021020178396725,-8.712581765327684,-0.2,0.8064959405073401,-36.95378751643292,-98.81401664105263,1.0,9,5,False,,stable
688270.SH,roiic,臻镭科技,20250329.0,半导体,20241231,-125.1875839530779,-2.522373277719619,0.6792166047595829,0.08615117775099895,,,down,1.624759405801429,218.85036160853898,high_volatility,increasing_vol,True,severe,-36337.03130385098,False,none,False,falling,bottom,False,False,-3.983462154198385,-116.25541081886088,-0.8,0.0864107329737,-172.2533637684565,-481.7703391025178,1.0,7,5,False,,stable
688271.SH,roiic,联影医疗,20250429.0,医疗保健,20241231,-15.90056686445383,-1.1345771295523808,0.16930704062913082,0.49128444028578244,,,down,2.191347750999282,244.57539523767602,high_volatility,decreasing_vol,True,severe,-731.9960609848994,True,growth_to_decline,False,falling,mid_down,False,True,-3.5989403168341214,-17.740163165800062,-0.2,0.8064959405073401,-84.71278167796814,-45.84340028500393,1.0,7,5,False,,stable
688272.SH,roiic,富吉瑞,20250426.0,元器件,20241231,29.774173522508118,0.42573084777168174,0.031406533095410444,0.7755446414422753,,,up,1.216133386924205,150.64175262008428,high_volatility,stable,False,none,-37.743602070471155,False,none,False,rising,mid_up,False,False,-0.2369527586700122,19.210800555942797,0.2,0.8064959405073401,132.80168466979933,213.4428891488716,1.6072302823535718,8,5,False,,stable
688273.SH,roiic,麦澜德,20250424.0,医疗保健,20241231,-26.772996958184915,-1.6541722604012974,0.504458710992704,0.17886422893652107,,,down,2.174835241875904,1229.317949379547,high_volatility,increasing_vol,False,none,-2199.294477423985,False,none,False,rising,mid_up,False,False,-3.793483419537808,-34.95377312446189,-0.6,0.22067136191984693,-656.197311139175,-101.20248913331929,1.0,7,5,False,,stable
688275.SH,roiic,万润新能,20250430.0,电气设备,20241231,-18.437687227411644,-1.785574000946017,0.5520989196744738,0.15019529048170294,,,down,2.5103790656212968,153.01082430134684,high_volatility,increasing_vol,False,none,-605.0224298126586,False,none,False,rising,mid_up,False,False,-3.9286345158706073,-34.707047942152194,-0.6,0.22067136191984693,-76.69871565016157,-57.064894588022156,1.0,7,5,False,,stable
688276.SH,roiic,百克生物,20250421.0,生物制药,20241231,-20.298736446732736,-1.1332296079951258,0.11984447772443313,0.5681923754013491,,,down,4.178151227973685,79.66995368965074,high_volatility,increasing_vol,True,severe,-4.4641080577986445,False,none,False,falling,bottom,False,False,-0.021835579744278633,-32.96542696944417,-0.4,0.4624327264504764,-25.157852154623335,-101.76203837141446,1.0,10,5,False,,stable
688277.SH,roiic,天智航-U,20250429.0,医疗保健,20241231,1.0337375552857409,0.06507405734178118,0.10192000610580022,0.6005337404592812,,,up,3.4816509648424083,135.51837793794022,high_volatility,increasing_vol,False,none,747.4030022961205,False,none,False,rising,top,True,False,5.394650422743946,19.11433502738224,0.2,0.8064959405073401,56.674929713811636,280.15255846925265,4.943147876564189,10,5,False,,stable
688278.SH,roiic,特宝生物,20250328.0,生物制药,20241231,9.647143565758517,0.269109422181526,0.7104562304338196,0.07297065392135269,0.2597266577519728,0.2597266577519728,up,0.44843845934017984,19.22445678850976,moderate,stable,True,mild,-4.816394700719926,False,none,False,falling,mid_down,False,False,-0.02467607014503903,12.986961498522163,0.6,0.22067136191984693,45.763920155297114,47.68621099675406,1.042004505622197,10,5,False,,stable
688279.SH,roiic,峰岹科技,20250331.0,半导体,20241231,-5.926377671150814,-0.8186837476476386,0.11748204697867524,0.572291185840757,,,down,2.563060947027639,35.00473219819202,high_volatility,increasing_vol,False,none,1077.431799155504,False,none,False,rising,top,False,False,1.2237889880800643,-12.480748388020247,-0.2,0.8064959405073401,11.87948030795879,42.71055926878334,3.595322199420536,7,5,False,,stable
688286.SH,roiic,敏芯股份,20250426.0,半导体,20241231,-35.98503234908979,-0.8615149048578408,0.08471537881912206,0.6347130942402355,,,down,1.6680026243688515,115.13468883173665,high_volatility,stable,True,severe,-357.78049423139197,False,none,False,falling,bottom,False,True,-5.581797185188682,-38.99678830913391,-0.4,0.4624327264504764,-79.82099392739235,-213.1717322582881,1.0,9,5,False,,stable
688288.SH,roiic,鸿泉物联,20250429.0,IT设备,20241231,13.842815448886938,0.8356909861502789,0.05880715570695519,0.6942905500095411,,,up,2.737163853908082,366.74120946042467,high_volatility,decreasing_vol,False,none,40.53750321981354,False,none,False,rising,top,False,False,0.17014659031387813,51.757104690841935,0.4,0.4624327264504764,-105.83662060693459,148.77118657887658,1.0,9,5,False,,stable
688289.SH,roiic,圣湘生物,20250429.0,医疗保健,20241231,-22.071091407806794,-1.87141130907007,0.42117824494176803,0.23605991873153478,,,down,2.3914223865191455,1028.2614095741717,high_volatility,increasing_vol,True,severe,-11.132924617639329,False,none,False,falling,mid_down,False,False,-0.052764733979181244,13.390673693357476,0.0,1.0,492.56127758136387,-46.34355189194727,-0.0940868760928776,8,5,False,,stable
688290.SH,roiic,景业智能,20250418.0,专用机械,20241231,-0.7196677184806901,-0.06279364638511176,0.48312479868612934,0.19261658464713946,,,down,61.83366565893073,35.52244019178433,high_volatility,increasing_vol,False,none,-20.284791423173722,False,none,False,rising,mid_up,False,False,-0.11286085449188898,-6.5063982157188605,-0.8,0.0864107329737,-2.8415524606174136,9.572001631801845,1.0,7,5,False,,stable
688291.SH,roiic,金橙子,20250419.0,软件服务,20241231,-5.560356045929302,-0.25290350145414964,0.04971200630970386,0.7184860303312354,,,down,3.0252230377474625,86.9773997694417,high_volatility,increasing_vol,False,none,38758.58617778114,False,none,False,rising,top,True,False,3.1121923553113673,-15.455693790085252,-0.2,0.8064959405073401,33.92486506842988,166.24396320974458,4.9003573890246495,10,5,False,,stable
688293.SH,roiic,奥浦迈,20250416.0,生物制药,20241231,4.4031016580584765,0.2650391027077246,0.23747464388015974,0.40504935641034384,0.48072826254150636,0.48072826254150636,up,1.5426962867865845,96.07792536060296,high_volatility,increasing_vol,True,mild,586.2095176133674,False,none,False,falling,mid_down,False,False,0.9584530448602058,11.03897909165114,0.4,0.4624327264504764,69.99498889900667,35.31728867965553,0.5045688160707278,7,5,False,,stable
688296.SH,roiic,和达科技,20250416.0,软件服务,20241231,23.366600892179907,0.225420967823223,0.004882471738229856,0.9111052364224224,,,up,2.2420807252686363,5041.493738505996,high_volatility,increasing_vol,False,none,3250.907010765779,False,none,False,rising,top,True,False,8.296823613596587,387.68700401792677,0.4,0.4624327264504764,2929.25498423579,11257.762559708948,3.8432170023757672,10,5,False,,stable
688298.SH,roiic,东方生物,20250430.0,医疗保健,20241231,-24.512810613993093,-0.47957680631515043,0.6142134770386567,0.11674768250133251,,,down,2.6099407378978383,583.6848700272352,high_volatility,increasing_vol,True,severe,103.62820947302241,False,none,False,falling,mid_down,True,False,4.856440419770527,-29.15001805973622,-0.2,0.8064959405073401,249.8234748820617,12.234301933749487,0.04897178673671534,9,5,False,,stable
688299.SH,roiic,长阳科技,20250423.0,元器件,20241231,7.744651364992626,-0.23807274877253307,0.01385307070494927,0.8504876157491059,,,down,1.9495744916582833,352.80232154860994,high_volatility,increasing_vol,True,severe,-2082.873979827593,False,none,False,falling,bottom,False,False,-1.5415231268049654,-26.74054123805162,-0.2,0.8064959405073401,-226.0365313868277,-809.8774707280892,1.0,10,5,False,,stable
688301.SH,roiic,奕瑞科技,20250426.0,医疗保健,20241231,-8.085676062386861,-1.9134471287634436,0.7176751358950273,0.07006250695976134,,,down,2.557798820981893,16.9986539663297,high_volatility,stable,False,none,-164.53963070705316,False,none,False,rising,mid_up,False,False,-3.0243139362771965,-9.175298945543762,-0.4,0.4624327264504764,4.220110693624299,-8.245178701739137,-1.9537825664610813,10,5,False,,stable
688302.SH,roiic,海创药业-U,20250419.0,生物制药,20241231,-0.12246447516267338,-0.0025140989593650078,0.04614842402945056,0.7285988935215528,,,down,1.3058978239624488,121.91788136389002,high_volatility,decreasing_vol,True,severe,-195.73071973340538,False,none,False,falling,mid_down,False,False,-0.541720422931226,0.05102686465111392,0.0,1.0,-85.49540311695232,-48.024380669898534,1.0,7,5,False,,stable
688303.SH,roiic,大全能源,20250430.0,电气设备,20241231,19.957621320155788,0.1296630036011747,0.15540410910772126,0.5113936018283793,0.11193021253600088,0.11193021253600088,up,1.4067842408733886,484.8020982491013,high_volatility,increasing_vol,True,mild,243.4575260181641,False,none,False,falling,mid_down,False,False,0.61692127373118,36.61006636695423,0.2,0.8064959405073401,383.3835430941546,230.6739593738467,0.6016793457334079,10,5,False,,stable
688306.SH,roiic,均普智能,20250419.0,专用机械,20241231,69.2324683457604,0.3029722990723389,0.026448909399370633,0.7938479616518188,,,up,10.862950725198415,538.8255179501532,high_volatility,increasing_vol,True,severe,-18229.76922742922,False,none,False,falling,mid_down,False,False,-2.963940124551431,199.3225925953176,0.6,0.22067136191984693,103.7757031983877,-107.1056106458874,-1.0320875440480892,8,5,False,,stable
688307.SH,roiic,中润光学,20250329.0,元器件,20241231,-3.341097205018832,-0.5880602147004232,0.16707846993076544,0.4944395678095949,,,down,1.7276845294161585,94.52889559226578,high_volatility,increasing_vol,False,none,1933.660512612676,False,none,False,rising,top,False,False,1.505176164763365,2.453554578981973,0.0,1.0,66.24355822799025,222.8667216383486,3.364353117495725,6,5,False,,stable
688310.SH,roiic,迈得医疗,20250430.0,医疗保健,20241231,-0.32700532981246866,-0.00879442010758913,0.0018033595782382856,0.9459468886298694,,,down,4.216794054480577,382.414371889338,high_volatility,decreasing_vol,False,none,1120.6115198078667,False,none,False,rising,mid_up,False,True,1.2505661442512312,138.5412177911673,0.6,0.22067136191984693,-32.34993955785422,214.27914020821257,1.0,10,5,False,,stable
688311.SH,roiic,盟升电子,20250228.0,元器件,20241231,12.55396877934395,0.38084690277974326,0.015837357570193552,0.8401911332098364,,,up,2.072857847403585,109.05880360778563,high_volatility,increasing_vol,False,none,-61.29685477784488,False,none,False,rising,mid_up,False,False,-0.4746108390505279,2.7529199819786605,0.0,1.0,56.3789656701571,87.69136840654531,1.5553915784759191,9,5,False,,stable
688312.SH,roiic,燕麦科技,20250424.0,专用机械,20241231,12.138603024189546,1.1271064798490396,0.2848044699136029,0.3543042946364998,,,up,145.28844114500043,54.27039422677134,high_volatility,increasing_vol,True,mild,129.7181472082064,False,none,False,falling,mid_down,True,False,4.450842627360384,8.991936968578042,0.2,0.8064959405073401,4.015116432857338,23.35333989116987,5.816354340327456,9,5,False,,stable
688314.SH,roiic,康拓医疗,20250328.0,医疗保健,20241231,4.9004327519560125,0.9161203333526118,0.21990318337442413,0.4255975608339112,,,up,6.852626589011471,32.315355634040976,high_volatility,stable,False,none,143.85662259407337,False,none,False,rising,top,False,False,4.318293597877965,5.766102801548966,0.4,0.4624327264504764,-3.2456321109909565,24.848140675891862,1.0,8,5,False,,stable
688315.SH,roiic,诺禾致源,20250415.0,医疗保健,20241231,-3.411252656047864,-0.2748108652984513,0.017816576290647385,0.8305555921939273,,,down,2.822087339961357,60.25252179460714,high_volatility,decreasing_vol,False,none,104.61308494179038,False,none,False,rising,mid_up,True,False,3.0569304434169595,-22.650683176998985,-0.4,0.4624327264504764,13.575551134684922,2.2303812289828655,0.16429397280853975,10,5,False,,stable
688316.SH,roiic,青云科技-U,20250428.0,软件服务,20241231,1.8974530668607947,0.04326482898754023,0.19862785419729498,0.45193568355801844,,,up,12.49959036467263,148.84120073823905,high_volatility,increasing_vol,False,none,432.42045410670806,False,none,False,rising,top,True,False,5.7137120418073994,28.769030013500732,0.4,0.4624327264504764,31.721119534662883,276.2096898998285,8.70743826043099,8,5,False,,stable
688317.SH,roiic,之江生物,20250425.0,医疗保健,20241231,2.6089918901957176,0.5647515675965306,0.028966895429070105,0.7843496971166924,,,up,2.0417707214823673,135.21110884873042,high_volatility,increasing_vol,True,mild,127.36550338894155,False,none,False,falling,mid_down,True,False,4.466311042632577,-9.567464868231461,0.0,1.0,67.00517172937032,22.759011043550085,0.3396605136014322,10,5,False,,stable
688318.SH,roiic,财富趋势,20250329.0,软件服务,20241231,2.0782645544169953,0.44492856266943515,0.06555008437084135,0.6776129013189441,,,up,3.2109567153656924,111.25347271026348,high_volatility,increasing_vol,True,severe,101.60920270604939,False,none,False,falling,mid_down,True,False,4.052744422602064,4.304189501651704,0.0,1.0,-32.168628743379124,3.6167875624551025,1.0,10,5,False,,stable
688319.SH,roiic,欧林生物,20250329.0,生物制药,20241231,-3.1601135411728998,-0.6714669700140018,0.16225186233510883,0.5013604998618637,,,down,5.339833324658368,79.47355614670637,high_volatility,decreasing_vol,False,none,107.60725983422994,False,none,False,rising,mid_up,True,False,3.82330648016317,-24.30204670057546,-0.4,0.4624327264504764,6.062272729826273,6.290104259800176,1.03758186741632,10,5,False,,stable
688321.SH,roiic,微芯生物,20250426.0,化学制药,20241231,-0.3634277222356618,0.3399059105495895,0.049986988296966024,0.7177217536555609,,,up,2.73725434441938,59.36058531317262,high_volatility,increasing_vol,True,severe,-9059.57245549564,False,none,False,falling,bottom,False,False,-3.341921986490431,-14.09326930044504,-0.4,0.4624327264504764,-29.71888587077469,-126.8878582358607,1.0,10,5,False,,stable
688322.SH,roiic,奥比中光-UW,20250422.0,元器件,20241231,-31.362007041078925,-0.37218824218782814,0.1347646657336855,0.543311408550916,,,down,1.4797366149605047,378.1511620234329,high_volatility,decreasing_vol,False,none,-3915.53856279739,False,none,False,rising,mid_up,False,False,-1.8361655195062618,-6.235450358952939,0.0,1.0,-239.9528490955705,-138.3015902824241,1.0,7,5,False,,stable
688325.SH,roiic,赛微微电,20250410.0,半导体,20241231,-16.903755376037218,-1.0719671342690293,0.15335088878904915,0.5144528492841669,,,down,2.076460721194074,610.8600162090047,high_volatility,increasing_vol,False,none,31016.009908002536,False,none,False,rising,top,True,False,5.065290616662244,-17.467916229737128,-0.2,0.8064959405073401,370.507814929204,1384.3026613707468,3.736230669345684,7,5,False,,stable
688327.SH,roiic,云从科技-UW,20250430.0,软件服务,20241231,17.99072718713623,1.324949527422146,0.5034933133879191,0.17947395226704027,,,up,5.357772369220388,107.84155092755903,high_volatility,decreasing_vol,False,none,105.32664444755129,False,none,False,rising,mid_up,True,False,3.007277801830255,-6.767394678777654,0.0,1.0,-27.46817047961719,2.2828262911180093,1.0,8,5,False,,stable
688328.SH,roiic,深科达,20250428.0,专用机械,20241231,-8.335610165849179,-1.6251984998778817,0.6310781338949601,0.10838927456762949,,,down,3.82923747698051,48.88280476110257,high_volatility,increasing_vol,True,severe,60.048395468595984,False,none,False,falling,mid_down,False,False,0.4582405802685561,-7.0023347879275235,-0.2,0.8064959405073401,13.229804868630415,-14.3354156163119,-1.083569694236612,10,5,False,,stable
688329.SH,roiic,艾隆科技,20250429.0,专用机械,20241231,-1.5194816970866345,-0.10043692698856273,0.0068450999649438855,0.8947786770650271,,,down,4.229607876013208,140.76854694639854,high_volatility,increasing_vol,False,none,7183.483426074453,False,none,False,rising,top,False,False,3.0479496654926064,-8.89172180450121,-0.2,0.8064959405073401,-38.194234075692066,82.34776501775526,1.0,9,5,False,,stable
688330.SH,roiic,宏力达,20250415.0,电气设备,20241231,5.789180954468519,0.35412459873724556,0.02022758581846499,0.8195274894230605,,,up,2.565295880640707,98.07508614606085,high_volatility,increasing_vol,True,mild,191.32030631090373,False,none,False,falling,mid_down,True,False,4.147306448502233,11.489618344247281,0.2,0.8064959405073401,46.40574916992866,30.2201778600862,0.6512162480003478,9,5,False,,stable
688331.SH,roiic,荣昌生物,20250328.0,生物制药,20241231,-2.367595213810452,-0.021481508426664853,0.17757629374527187,0.47979123501231646,,,down,1.478746063632113,277.9998066391308,high_volatility,decreasing_vol,True,severe,-25.579051892387394,False,none,False,falling,mid_down,False,False,-0.11387729688086656,27.80615498003949,0.2,0.8064959405073401,-167.2226064793338,-116.23588062064043,1.0,7,5,False,,stable
688332.SH,roiic,中科蓝讯,20250409.0,半导体,20241231,-2.360233378598577,-0.8599490631708544,0.4023581017103524,0.2503813979478996,,,down,2.0877466151684634,15.62075199734785,high_volatility,decreasing_vol,True,severe,-269.0833555985228,False,none,False,falling,mid_down,False,False,-0.6323836475589868,-1.8600532341798137,-0.2,0.8064959405073401,-7.166640821181005,-8.454056380057935,1.0,7,5,False,,stable
688334.SH,roiic,西高院,20250411.0,电气设备,20241231,4.124996352945072,1.1619073838698772,0.4749067740084299,0.19807278426095087,,,up,2.699118146639049,29.425886862554897,high_volatility,increasing_vol,True,severe,-612.6806080290385,False,none,False,falling,bottom,False,True,-3.976908517225441,-2.868261838837224,0.0,1.0,-13.565330325255609,-60.34442857969747,1.0,6,5,False,,stable
688336.SH,roiic,三生国健,20250326.0,生物制药,20241231,27.733967457582793,1.9033036839006054,0.5432091670887809,0.15533876650183892,,,up,1.9066436876353345,660.1326180236144,high_volatility,decreasing_vol,True,mild,54.418603072385885,False,none,False,falling,mid_down,False,False,0.21720693185777673,17.871739045585713,0.2,0.8064959405073401,310.4767697415996,64.54136020998503,0.20787822632817538,9,5,False,,stable
688338.SH,roiic,赛科希德,20250425.0,医疗保健,20241231,0.8999533812367655,0.2453167441500968,0.0931306405073035,0.6175598059500359,,,up,63.73603415117862,13.640099903278788,high_volatility,decreasing_vol,True,severe,-86.83858925662649,False,none,False,falling,mid_down,False,False,-0.9379402801889258,3.665806011266664,0.4,0.4624327264504764,0.8896684241644635,1.1283276661665662,1.2682563925163926,9,5,False,,stable
688343.SH,roiic,云天励飞-U,20250426.0,软件服务,20241231,3.163131492887687,0.1557252710314973,0.00794236943108336,0.8866793115883356,,,up,1.5353562000332865,72.72109977562025,high_volatility,decreasing_vol,True,severe,-534.7349561344517,False,none,False,falling,mid_down,False,True,-3.1782796378462104,6.2815389311868435,0.2,0.8064959405073401,-41.66999822537353,-24.927090971971445,1.0,8,5,False,,stable
688345.SH,roiic,博力威,20250419.0,电气设备,20241231,6.6276797706143835,0.24844545143034477,0.013319596743918334,0.8533815780470806,,,up,1.2116268022354362,41.72458852256776,high_volatility,increasing_vol,True,mild,416.4099150298764,False,none,False,falling,mid_down,True,False,3.6762383478747993,3.5435828976198094,0.0,1.0,36.42513583815965,35.08980370595543,0.9633403664398885,8,5,False,,stable
688347.SH,roiic,华虹公司,20250328.0,半导体,20241231,-3.263051014377969,-0.6461474002484986,0.06564494720534021,0.6773849723396395,,,down,4.818434305973904,23.93948525410975,high_volatility,stable,True,severe,-265.99487473783694,False,none,False,falling,bottom,False,True,-3.8407496359868247,-7.8996098352587625,-0.4,0.4624327264504764,-5.947227360457756,-29.97830562018019,1.0,6,5,False,,stable
688348.SH,roiic,昱能科技,20250430.0,电气设备,20241231,1.355166786606226,0.06816319822076933,0.3666667704558172,0.27913868119138446,,,up,4.28559959378334,45.75903795384274,high_volatility,increasing_vol,False,none,61.417277088579525,False,none,False,rising,mid_up,False,False,0.23904678786488254,-16.790104304522053,-0.4,0.4624327264504764,5.943121578240288,23.435541623596382,3.943305099024318,8,5,False,,stable
688349.SH,roiic,三一重能,20250429.0,电气设备,20241231,0.144266491330721,0.012900834564645525,0.06776636354220027,0.6723331463841509,,,up,1.0640368330885668,18.35136662706392,high_volatility,decreasing_vol,False,none,-1202.6693296943272,False,none,False,rising,mid_up,False,True,-2.0320125089209378,1.6229980274706113,0.2,0.8064959405073401,-16.15045004563054,-11.60239769562232,1.0,8,5,False,,stable
688351.SH,roiic,微电生理,20250328.0,医疗保健,20241231,39.865830819666996,1.557581994925446,0.3116940924932356,0.3280378319136498,,,up,3.6522930701434855,86.25578062856437,high_volatility,decreasing_vol,False,none,10139.073373130894,False,none,False,falling,mid_down,False,False,2.2232906417247937,41.97425177890008,0.4,0.4624327264504764,35.576632932941045,104.53274517546014,2.9382416647605623,10,5,False,,stable
688352.SH,roiic,颀中科技,20250401.0,半导体,20241231,-6.24866423425218,-0.35593163738806544,0.032943912763585194,0.7701764189279057,,,down,1.9297105130076568,208.89268091546973,high_volatility,increasing_vol,False,none,3893.193168267227,False,none,False,rising,top,True,False,5.049034435403506,23.231206823256244,0.2,0.8064959405073401,134.42894359511934,479.6244207579461,3.5678657283992794,6,5,False,,stable
688356.SH,roiic,键凯科技,20250429.0,化学制药,20241231,-1.817888265060295,-0.10191193477264555,0.06018152000416278,0.6908117263440402,,,down,2.563059395919763,466.1869060399017,high_volatility,increasing_vol,False,none,22772.191830129428,False,none,False,rising,top,False,False,2.7099261754447794,7.631860920550719,0.0,1.0,236.62193351375734,1006.9924799475242,4.255702187003628,9,5,False,,stable
688358.SH,roiic,祥生医疗,20250425.0,医疗保健,20241231,-6.806727246984396,-1.3451793052116308,0.27603977259016177,0.36324281935798264,,,down,2.4808952614812037,162.57873172764596,high_volatility,decreasing_vol,True,severe,-361.1837247853259,False,none,False,falling,mid_down,False,False,-0.7624618901158093,31.667858050771414,0.2,0.8064959405073401,-46.04696925187284,-36.88174974813266,1.0,9,5,False,,stable
688361.SH,roiic,中科飞测,20250404.0,半导体,20241231,-16.735807357467273,-0.4274782571960337,0.032199052384644246,0.7727607784499733,,,down,4.729489163954249,93.1384872291886,high_volatility,increasing_vol,True,severe,-200.1077775891594,False,none,False,falling,bottom,False,False,-0.5494454096099761,-56.73169063789179,-0.6,0.22067136191984693,-34.677862056605605,-157.51392483599426,1.0,7,5,False,,stable
688362.SH,roiic,甬矽电子,20250423.0,半导体,20241231,-3.0425258217870983,-0.6804084199504314,0.08231783028876988,0.6397694223696122,,,down,1.7651033063113803,18.85607228705632,high_volatility,stable,False,none,435.63876251430054,False,none,False,rising,top,True,False,3.3695084825937878,-4.1074359918829035,-0.2,0.8064959405073401,9.769944064532794,26.566034335518424,2.719159307365884,7,5,False,,stable
688363.SH,roiic,华熙生物,20250411.0,医疗保健,20241231,-34.5992501790491,-0.7455040052952888,0.0641427710216734,0.6810152282925384,,,down,2.0450750972737004,2217.599067740016,high_volatility,increasing_vol,True,severe,-28921.49640350893,False,none,False,falling,bottom,False,True,-6.386893059604278,-298.8409793339931,-0.4,0.4624327264504764,-1396.6083001265254,-5040.149020156265,1.0,9,5,False,,stable
688365.SH,roiic,光云科技,20250426.0,软件服务,20241231,36.73385101638592,0.9221354490758383,0.6935742639743062,0.07997282245350285,,,up,19.765945131714904,211.54386684704087,high_volatility,decreasing_vol,False,none,267.1001603977082,False,none,False,rising,top,False,False,0.6501804528453916,55.697744244938704,0.8,0.0864107329737,13.60900743191014,173.46749586567728,12.746520768218115,9,5,False,,stable
688366.SH,roiic,昊海生科,20250322.0,医疗保健,20241231,2.946097734752499,0.05176395276409407,0.2984944183137078,0.3407207877984827,,,up,4.932648951539485,114.4059030943229,high_volatility,decreasing_vol,False,none,-44.119956679863776,False,none,False,rising,mid_up,False,True,-0.2909622462485344,33.974056950808276,0.6,0.22067136191984693,38.1619793037207,66.92441445285328,1.753693484298083,9,5,False,,stable
688368.SH,roiic,晶丰明源,20250312.0,半导体,20241231,-10.696170908444554,-0.8743077638391927,0.10335263947831871,0.597836921937404,,,down,2.2447603957498323,6078.005638160307,high_volatility,stable,False,none,-100.18656255508678,False,none,False,rising,mid_up,False,True,-7.067599783027559,0.6279476075595603,0.0,1.0,2704.4323070748064,-25.33478957879904,-0.009367877137291668,10,5,False,,stable
688369.SH,roiic,致远互联,20250425.0,软件服务,20241231,16.928749894691247,1.7747605027663123,0.7118165176953144,0.07241872803014326,,,up,10.228755103442662,171.5717601355896,high_volatility,increasing_vol,True,mild,115.86864040019822,False,none,False,falling,mid_down,False,False,5.415407798698022,32.47009681166422,0.4,0.4624327264504764,-6.12746526694824,44.78100542402043,1.0,9,5,False,,stable
688371.SH,roiic,菲沃泰,20250419.0,元器件,20241231,-19.807839759110596,-1.648726486594829,0.5519206028123792,0.15029755699160793,,,down,1.927769278569941,312.3240171717438,high_volatility,increasing_vol,False,none,-14913.245813071422,False,none,False,rising,mid_up,False,False,-2.876433406689663,-31.062664957052107,-0.6,0.22067136191984693,-189.1369083464535,-89.08987420086106,1.0,7,5,False,,stable
688372.SH,roiic,伟测科技,20250429.0,半导体,20241231,-0.7532894065683958,-0.10543029206107768,0.4408903432259158,0.22164084348824697,,,down,2.5349140737004845,204.96295939974982,high_volatility,increasing_vol,False,none,-47.01997031233737,False,none,False,rising,mid_up,False,False,-0.3145409563159234,-3.3868934079047914,-0.4,0.4624327264504764,-95.0605142720909,5.352740120102753,1.0,7,5,False,,stable
688373.SH,roiic,盟科药业-U,20250318.0,化学制药,20241231,-0.2202786524734237,-0.11384826433142603,0.005282547280228233,0.9075410452826376,,,down,2.0861135522491723,73.7108507094975,high_volatility,decreasing_vol,True,severe,123.55948844976072,False,none,False,falling,mid_down,True,False,2.306859631111042,-4.778592586453673,-0.2,0.8064959405073401,30.412952132325714,2.3845616392801308,0.07840612213194512,7,5,False,,stable
688375.SH,roiic,国博电子,20250411.0,元器件,20241231,-29.225202699040402,-2.655593564431531,0.8275923752321738,0.03211762370047333,,,down,5.168782002396003,50.40067192912104,high_volatility,increasing_vol,True,severe,-1012.0731561500706,False,none,False,falling,bottom,False,True,-4.066522214538635,-30.55469867111426,-0.8,0.0864107329737,-18.518537327150405,-87.99644288706233,1.0,7,5,False,,stable
688376.SH,roiic,美埃科技,20250426.0,专用机械,20241231,-3.79156039415708,-0.7069953412036878,0.24759659406812007,0.3936608822011269,,,down,1.0371031364025365,8.890537573103622,high_volatility,stable,False,none,16.389698339970142,False,none,False,rising,mid_up,False,False,0.07485553104003029,-4.332482258296091,-0.4,0.4624327264504764,7.435003857821504,6.488601951674483,0.872709964346364,8,5,False,,stable
688377.SH,roiic,迪威尔,20250426.0,专用机械,20241231,-4.056926442049094,-0.7830923733090689,0.13969124932725244,0.5354468941339487,,,down,1.9613244503202294,121.68350951569118,high_volatility,decreasing_vol,True,severe,-155.5020551721556,False,none,False,falling,bottom,False,True,-4.150699566540469,-30.14127170898898,-0.4,0.4624327264504764,52.7988402878763,-23.638692304402475,-0.44771233942860683,10,5,False,,stable
688378.SH,roiic,奥来德,20250417.0,专用机械,20241231,3.64568139333023,1.136544603664552,0.43794705402632805,0.22375722470814502,,,up,2.851952846005452,98.73246849595269,high_volatility,increasing_vol,False,none,376.208601317577,False,none,False,rising,top,False,False,5.463807753813324,43.77342765195699,0.4,0.4624327264504764,46.282061291273195,196.10017468399502,4.237066569914661,10,5,False,,stable
688380.SH,roiic,中微半导,20250411.0,半导体,20241231,16.455302558718188,0.22524412714761807,0.006582542285811469,0.8968118672902181,,,up,1.3721390208742361,81.46175919973447,high_volatility,stable,False,none,365.5424517337536,False,none,False,rising,top,True,False,5.214287556318121,19.34134892742752,0.4,0.4624327264504764,64.30503518940037,149.81449189562588,2.329747452192054,8,5,False,,stable
688381.SH,roiic,帝奥微,20250426.0,半导体,20241231,-8.107327518572472,-0.23506198965924474,0.1101375132354111,0.585340242281208,-0.11991699076511819,-0.11991699076511819,down,1.6170478622554094,179.75664435017958,high_volatility,increasing_vol,True,severe,353.16800538808025,False,none,False,falling,mid_down,False,False,0.7463755974579502,1.7915761720616166,0.0,1.0,120.93855853657429,16.071942537333555,0.13289345211166106,7,5,False,,stable
688382.SH,roiic,益方生物-U,20250426.0,生物制药,20241231,5.196614192019505,0.20407235739158214,0.1340552974711391,0.544457429747026,,,up,1.2340531718920933,237.92948756978618,high_volatility,decreasing_vol,False,none,17.038079365816806,False,none,False,rising,top,False,False,0.09332996703771701,32.02493264734747,0.4,0.4624327264504764,-175.41196333312232,-24.610468575717192,1.0,7,5,False,,stable
688383.SH,roiic,新益昌,20250429.0,专用机械,20241231,-11.925534203561444,-1.8733727274001926,0.6447021879127887,0.10185434744625209,,,down,2.2309687912798237,68.12043041074827,high_volatility,increasing_vol,False,none,-166.58317490327664,False,none,False,rising,mid_up,False,False,-0.4895897320496252,-16.360831645317454,-0.6,0.22067136191984693,-38.47222090871147,-33.75090577361386,1.0,8,5,False,,stable
688385.SH,roiic,复旦微电,20250326.0,半导体,20241231,-15.113292603547677,-2.2312616505445604,0.6621248885733485,0.09377609025318845,,,down,2.1454667587007368,83.07695150624296,high_volatility,decreasing_vol,True,severe,-202.85123934362787,False,none,False,falling,mid_down,False,True,-4.300078274227162,-44.88749948521266,-1.0,0.02748633611151033,24.225410229390306,-37.36758685611084,-1.5424955244215606,9,5,False,,stable
688388.SH,roiic,嘉元科技,20250429.0,电气设备,20241231,18.026949959697507,-0.45392065627960393,0.03385535463949178,0.767054856224196,,,down,1.5106643688291783,76.4471079662104,high_volatility,stable,False,none,-1419.4199530839026,False,none,False,rising,mid_up,False,False,-1.28802861550223,8.035854986853545,0.0,1.0,-45.196873693587804,-17.839205358272924,1.0,10,5,False,,stable
688389.SH,roiic,普门科技,20250411.0,医疗保健,20241231,-0.5907521519630716,-0.029616669647093242,0.11600388386599329,0.5748795956101274,-0.5058316966739644,-0.5058316966739644,down,0.6854567961636912,14.800249283094104,volatile,decreasing_vol,True,severe,-94.25214558125856,False,none,False,falling,bottom,False,False,-1.3723571409681032,-9.013367958729049,-0.6,0.22067136191984693,19.529274652481007,1.3728226600862636,0.07029562974126434,9,5,False,,stable
688390.SH,roiic,固德威,20250429.0,电气设备,20241231,-18.83192267663176,-1.0191408790325434,0.10181744508385843,0.6007276110575656,,,down,16.524428238730163,66.74989004665396,high_volatility,stable,True,severe,-254.53580058400183,False,none,False,falling,bottom,False,False,-5.094931582014234,-26.196536768953848,-0.2,0.8064959405073401,-9.68904425580007,-101.4302165105929,1.0,10,5,False,,stable
688391.SH,roiic,钜泉科技,20250417.0,半导体,20241231,-15.576395937214727,-0.3183299201017781,0.37362565984010737,0.2733595920199275,,,down,4.128402250011167,245.4224409990315,high_volatility,increasing_vol,False,none,70.48409016334027,False,none,False,rising,mid_up,False,False,0.2662373911074636,-27.452496056133583,-0.6,0.22067136191984693,-80.43886356793647,21.830834040563865,1.0,9,5,False,,stable
688392.SH,roiic,骄成超声,20250412.0,专用机械,20241231,22.703111822313154,-0.4828686903565439,0.028634232730101492,0.785579512127145,,,down,1.3761105301487202,106.93609427913135,high_volatility,stable,False,none,-677.5980122530138,False,none,False,rising,mid_up,False,True,-3.1001935207107447,6.6323013830700335,0.0,1.0,-70.89800911183977,-26.519915428431993,1.0,7,5,False,,stable
688393.SH,roiic,安必平,20250422.0,医疗保健,20241231,7.115144559980182,0.3920388720106981,0.017012458165491365,0.8344011443678784,,,up,1.3950088906150726,82.0768887510053,high_volatility,stable,False,none,118.65153908285595,True,deterioration_to_recovery,False,rising,top,True,False,5.0210901468132185,7.409950029981637,0.2,0.8064959405073401,-56.70156104910168,32.72703454457319,1.0,10,5,False,,stable
688396.SH,roiic,华润微,20250430.0,半导体,20241231,-0.8567832560118311,-0.04850791491095334,0.013801919084822362,0.8507626231589789,,,down,2.2755537626627844,172.22229436498856,high_volatility,increasing_vol,False,none,9857.906451539542,False,none,False,rising,top,False,False,2.2921301019961406,1.815749445234223,0.0,1.0,95.77020559276755,380.5614695879089,3.9736937728433617,9,5,False,,stable
688399.SH,roiic,硕世生物,20250419.0,医疗保健,20241231,-12.672476338388238,-0.12830580424606747,0.23649870922876517,0.4061641776315159,,,down,4.031223813572139,469.2684416210203,high_volatility,increasing_vol,True,severe,-928.7399474246188,False,none,False,falling,bottom,False,True,-5.812363345524183,-61.3837804744884,-0.2,0.8064959405073401,103.5106229531524,-481.32690993891157,-4.650024279698848,9,5,False,,stable
688400.SH,roiic,凌云光,20250429.0,专用机械,20241231,-6.145663501275339,-1.3864761109657548,0.612869844970909,0.11742655759423118,,,down,2.8955667995633485,51.093215633001364,high_volatility,increasing_vol,False,none,-354.00126336297353,False,none,False,rising,mid_up,False,False,-0.7230917575925012,-10.683239049157383,-0.8,0.0864107329737,-22.803281527409876,-8.106339543915025,1.0,7,5,False,,stable
688401.SH,roiic,路维光电,20250419.0,半导体,20241231,-10.14345076158347,-0.40571372323604393,0.2375615080836144,0.4049502760882945,0.733751479196397,0.733751479196397,down,1.2778800173597908,94.17873501019045,high_volatility,increasing_vol,False,none,1302.209537490102,False,none,False,rising,top,False,False,1.319854223751369,20.231750304681533,0.0,1.0,83.18212376325711,229.66451234286126,2.76098399454797,10,5,False,,stable
688403.SH,roiic,汇成股份,20250328.0,半导体,20241231,-7.561496794311007,-1.5120522452695746,0.7422148589830366,0.06056003838461283,,,down,1.458768500358744,15.973170695029657,high_volatility,decreasing_vol,False,none,-115.78227719206473,False,none,False,rising,mid_up,False,True,-1.7351319315463676,-6.1340660451697735,-0.6,0.22067136191984693,8.681314883193552,-1.0257973917947163,-0.11816152340938488,7,5,False,,stable
688408.SH,roiic,中信博,20250417.0,电气设备,20241231,0.9914797316358352,0.057236453441338056,0.2167667696360742,0.4293755908381348,,,up,3.076339457272763,210.4284360503592,high_volatility,decreasing_vol,True,severe,73.45747079698629,False,none,False,falling,mid_down,False,False,0.2747488334397197,8.821218044848747,0.4,0.4624327264504764,-53.142252270604075,19.89000267359866,1.0,9,5,False,,stable
688409.SH,roiic,富创精密,20250430.0,半导体,20241231,-0.6048440890395355,-0.19231390646426433,0.39531871175827965,0.2558833620375095,,,down,8.61377102876929,22.043326703974873,high_volatility,increasing_vol,False,none,-73.91701725241515,False,none,False,rising,mid_up,False,False,-0.635647157023643,-9.758635842727973,-0.6,0.22067136191984693,-0.2617566688847244,1.6816891849286166,1.0,7,5,False,,stable
688410.SH,roiic,山外山,20250422.0,医疗保健,20241231,3.7078628164085656,0.10225177074236895,0.04147924358611421,0.7424902699783584,1.3235877214685257,1.3235877214685257,up,1.812069308834178,264.05426796185253,high_volatility,increasing_vol,False,none,9654.909338736341,False,none,False,rising,top,True,False,2.2870811464139855,34.014470518392955,0.6,0.22067136191984693,182.42823521068453,616.8575977168238,3.381371293782572,10,5,False,,stable
688411.SH,roiic,海博思创,20250429.0,电气设备,20241231,0.43018778737394286,0.03565076091432973,0.0011161141104684771,0.9574711528816258,-0.3201619444009529,-0.3201619444009529,up,1.1138354669164965,40.661666177865875,high_volatility,stable,True,severe,-94.39860113121513,False,none,False,falling,mid_down,False,False,-1.4372579366376383,-1.8965120410464307,0.0,1.0,36.63504612160861,5.679303756835202,0.15502379164428984,5,5,False,,stable
688416.SH,roiic,恒烁股份,20250426.0,半导体,20241231,-3.2002346987267813,-1.4150153251724753,0.24806593929661602,0.3931403445146428,,,down,1.475321276503985,59.54317692176958,high_volatility,increasing_vol,True,severe,7.664457867405096,False,none,False,falling,mid_down,False,False,0.03975745869025027,-5.185447372784675,0.0,1.0,39.39939425076217,-12.738985904787725,-0.32332948632938163,7,5,False,,stable
688419.SH,roiic,耐科装备,20250412.0,半导体,20241231,-0.08093072169204482,-0.0037777766602849817,6.885237163555227e-05,0.989435119551594,,,down,15.608792926952635,84.5430214161011,high_volatility,increasing_vol,False,none,401.89028720256886,False,none,False,rising,mid_up,False,False,0.7998956527208085,-26.491103622955208,-0.6,0.22067136191984693,-13.77399842603387,20.99738072586332,1.0,8,5,False,,stable
688420.SH,roiic,美腾科技,20250418.0,专用机械,20241231,2.7013076621590364,0.5571514321370842,0.06409060162516868,0.6811421165001498,,,up,33.31990071667395,200.9163528731603,high_volatility,increasing_vol,False,none,3151.9138732213905,False,none,False,rising,top,False,False,1.7394814896932966,24.76278678205866,0.0,1.0,16.41659006508845,302.9310489690596,18.452738831145776,7,5,False,,stable
688426.SH,roiic,康为世纪,20250425.0,生物制药,20241231,-0.0912453482385999,0.6350035783737903,0.08568987731050648,0.632680273264395,,,up,1.7452662944345745,127.80664046860488,high_volatility,increasing_vol,True,mild,245.10011372412652,False,none,False,falling,mid_down,False,False,0.6178523789936021,13.855399750116195,0.2,0.8064959405073401,81.52451636599055,30.2769043636462,0.37138404143022635,7,5,False,,stable
688428.SH,roiic,诺诚健华-U,20250328.0,生物制药,20241231,-2.8677554868434654,0.8677267923724237,0.15217863983998253,0.51621033283561,,,up,3.015392943343377,225.00632433190117,high_volatility,decreasing_vol,False,none,183.80267652344057,False,none,False,rising,mid_up,False,False,3.865478954227718,-20.743313395379328,-0.2,0.8064959405073401,59.2340718237241,21.83541445828085,0.36862930043474496,7,5,False,,stable
688429.SH,roiic,时创能源,20250429.0,电气设备,20241231,-4.80772562305398,-0.2071309793233524,0.007369493065089323,0.8908321934385182,,,down,10.867980855704445,66.00779535974249,high_volatility,stable,True,severe,-197.74875606786858,False,none,False,falling,bottom,False,False,-5.183023924385315,-29.970939629781626,-0.6,0.22067136191984693,-1.728808890758124,-88.09893067761679,1.0,6,5,False,,stable
688432.SH,roiic,有研硅,20250331.0,半导体,20241231,-0.6264919011238959,-0.1087307020232707,0.003301540191927827,0.9268811663495771,,,down,2.5573367610389566,65.54370457270267,high_volatility,increasing_vol,False,none,-139.23519690431206,False,none,False,rising,mid_up,False,True,-2.965758982528249,-2.726106747862291,0.0,1.0,-30.13890481719417,-6.055185170847822,1.0,7,5,False,,stable
688433.SH,roiic,华曙高科,20250320.0,专用机械,20241231,-8.53732594834369,-0.35462173088162635,0.022732278399214698,0.8087605960595114,,,down,2.359385208017743,544.08401780166,high_volatility,increasing_vol,True,severe,-2920.4494467013633,False,none,False,falling,bottom,False,False,-1.7039165450826783,-59.30226650818543,-0.8,0.0864107329737,-306.49859808742104,-1202.0145495000156,1.0,6,5,False,,stable
688435.SH,roiic,英方软件,20250426.0,软件服务,20241231,-3.1297547000162487,-0.3127062398621513,0.506327201167996,0.17768747205925298,,,down,2.6759683724131684,74.88880700359262,high_volatility,stable,False,none,2458.0466085514045,False,none,False,rising,top,False,False,1.617542638484998,28.518133128156116,0.2,0.8064959405073401,37.4719614620261,154.84321925434995,4.132242167554193,9,5,False,,stable
688439.SH,roiic,振华风光,20250426.0,元器件,20241231,-7.3538147110116014,-0.29761101500167414,0.39469242723129694,0.25637679246627837,,,down,206.76903676974794,54.928048905537736,high_volatility,increasing_vol,True,severe,-1146.982852972475,False,none,False,falling,bottom,False,True,-4.068783290884058,-19.89243210445947,-1.0,0.02748633611151033,-9.330461745908872,-94.47571424927861,1.0,7,5,False,,stable
688443.SH,roiic,智翔金泰-U,20250426.0,生物制药,20241231,0.0,0.0,0.0,1.0,,,flat,0.384148548175952,34.952615588933966,volatile,increasing_vol,True,severe,2.1607790764604307,False,none,False,falling,mid_down,False,False,0.010921853392478198,0.0,0.1,1.0,-88.66109454472985,-106.02654597209715,1.0,6,5,False,,stable
688448.SH,roiic,磁谷科技,20250429.0,专用机械,20241231,2.247710803711231,0.6727808927651934,0.3067102208009165,0.33278031235147126,,,up,3.3741768388308446,50.4243927378314,high_volatility,increasing_vol,False,none,5564.400467437866,False,none,False,rising,mid_up,False,False,1.829735632494616,-0.036318664678150044,0.0,1.0,-17.61136519651398,14.83435494640489,1.0,7,5,False,,stable
688449.SH,roiic,联芸科技,20250417.0,半导体,20241231,3.3562634436057777,-0.08428784366797633,0.026839404118843536,0.792345397282113,,,down,2.300088292088276,2787.405479454463,high_volatility,stable,True,severe,-99.84036151495208,False,none,False,falling,mid_down,False,True,-3.218732350594965,52.40431572616927,0.2,0.8064959405073401,1230.7055260710927,9.884540344700369,0.00803160474647075,6,5,False,,stable
688458.SH,roiic,美芯晟,20250430.0,半导体,20241231,2.844150320588507,-0.12457321514103023,0.005122819562699945,0.9089471797335956,,,down,4.093161896152615,32.731769109080005,high_volatility,stable,False,none,1205.6143000207824,False,none,False,rising,top,False,False,3.602381391887358,13.062552774494637,0.6,0.22067136191984693,12.735772283895702,60.73999447322457,4.769243130236388,6,5,False,,stable
688468.SH,roiic,科美诊断,20250429.0,医疗保健,20241231,16.679262464821914,-0.18405482612943072,0.006561532549712941,0.8969763116702936,,,down,1.5533256364391572,66.51252994412665,high_volatility,decreasing_vol,True,severe,-386.86448978367616,False,none,False,falling,mid_down,False,False,-0.7906599737159108,3.0494370613326676,0.0,1.0,-37.81565872029944,-61.52710933470259,1.0,8,5,False,,stable
688469.SH,roiic,芯联集成-U,20250429.0,半导体,20241231,5.422590433985138,0.8714182706690984,0.16440424688727176,0.4982591566382942,,,up,2.825814259799358,17.49625378505358,high_volatility,increasing_vol,False,none,710.2156507620638,False,none,False,rising,top,False,False,2.53594630187839,6.286074054830613,0.4,0.4624327264504764,-4.56480242050567,15.299075865914899,1.0,6,5,False,,stable
688472.SH,roiic,阿特斯,20250429.0,电气设备,20241231,-0.6419825294270403,-0.7013163597915787,0.06007978220168481,0.6910677902148072,,,down,23.823018188997448,50.05092916203021,high_volatility,decreasing_vol,True,severe,-131.0445555811433,False,none,False,falling,mid_down,False,False,-4.365605362942979,-6.536346324090661,-0.2,0.8064959405073401,1.9083535242549274,-21.917814119848288,-11.485195924798887,9,5,False,,stable
688475.SH,roiic,萤石网络,20250412.0,IT设备,20241231,-3.7284696190106446,-0.13425923763352715,0.006773988370973786,0.8953254150797396,,,down,0.9789362116267251,28.843567794795913,high_volatility,increasing_vol,False,none,2347.657524464575,False,none,False,rising,top,True,False,3.4507399338772036,4.553096609844853,0.2,0.8064959405073401,31.620988463638486,73.89337329976415,2.33684577522728,7,5,False,,stable
688478.SH,roiic,晶升股份,20250429.0,半导体,20241231,-7.048878501054213,-0.3532332745382845,0.5298539976063165,0.1632410589236232,,,down,2.9013143581320153,80.52210328428365,high_volatility,increasing_vol,False,none,316.4744448273113,False,none,False,rising,top,True,False,5.327862626902993,13.064324246010427,0.0,1.0,34.22475920927684,151.53788430765613,4.42772682142292,6,5,False,,stable
688479.SH,roiic,友车科技,20250329.0,软件服务,20241231,3.7530225252980314,0.26587539642710306,0.012625540916899432,0.8572360540309103,,,up,2.2416122989842155,350.0634332710572,high_volatility,increasing_vol,True,severe,-7946.648061420979,False,none,False,falling,bottom,False,False,-2.19259356885114,-41.3623014684903,-0.2,0.8064959405073401,-201.61900121357337,-779.4199765923324,1.0,10,5,False,,stable
688484.SH,roiic,南芯科技,20250429.0,半导体,20241231,-4.909116600322251,-0.2563167001956844,0.034017199688733124,0.7665051246954541,,,down,10.690152708081218,35.03196201180528,high_volatility,decreasing_vol,True,severe,-94.40415277469323,False,none,False,falling,bottom,False,False,-0.3320082840522063,-7.371599570041968,-0.4,0.4624327264504764,-0.29083051648903524,-30.357265574033534,1.0,6,5,False,,stable
688486.SH,roiic,龙迅股份,20250228.0,半导体,20241231,-4.700945879062216,0.12142915102613686,0.00216933129797143,0.9407189402645323,,,up,2.280223367563897,585.7032580228175,high_volatility,increasing_vol,True,severe,-2241.9640613785555,False,none,False,falling,bottom,False,False,-1.5767470856665124,-83.27535628375173,-0.4,0.4624327264504764,-336.20446019068675,-1301.0994358697262,1.0,8,5,False,,stable
688488.SH,roiic,艾迪药业,20250430.0,生物制药,20241231,-12.94676516794704,0.3231717738274945,0.012798232027602842,0.856267174940913,,,up,4.796922427672479,228.72008225065878,high_volatility,stable,True,severe,-259.46671421157095,False,none,False,falling,bottom,False,False,-0.6397162465706041,-93.37094204033414,-0.4,0.4624327264504764,-76.84735871236836,-397.05130242159123,1.0,9,5,False,,stable
688489.SH,roiic,三未信安,20250331.0,IT设备,20241231,-3.955597183955401,-0.25687968608976314,0.4541651736543042,0.21225074545065267,,,down,6.805268959097671,91.89184334412987,high_volatility,increasing_vol,False,none,938.3205972089415,False,none,False,rising,top,False,False,1.1668654352537424,-5.969192581666757,-0.2,0.8064959405073401,-16.703170543180512,63.98195270913908,1.0,7,5,False,,stable
688496.SH,roiic,清越科技,20250428.0,元器件,20241231,-1.4901533290889495,-0.308930013379762,0.1055271300108487,0.5937831609559195,,,down,3.4430865734842593,30.657127375760673,high_volatility,increasing_vol,True,severe,-4886.532992655965,False,none,False,falling,bottom,False,False,-2.141058822493648,-5.65420741713443,-0.2,0.8064959405073401,8.831668572273648,-22.828450254906222,-2.584840007082513,8,5,False,,stable
688498.SH,roiic,源杰科技,20250426.0,半导体,20241231,10.751305614331972,0.8065101332492393,0.1674588262075471,0.49389929143903694,,,up,2.4956488318943584,539.2321422965957,high_volatility,increasing_vol,False,none,2021.7201283088484,False,none,False,rising,top,False,False,1.517001678896168,-1.9796488792103375,0.0,1.0,-248.74147220360624,72.31662605991245,1.0,7,5,False,,stable
688499.SH,roiic,利元亨,20250430.0,专用机械,20241231,-1.1798197122823226,-0.11225503878491043,0.1821335377765908,0.473595733846972,,,down,15.192116774144974,60.783787172628685,high_volatility,increasing_vol,False,none,1879.8768863355297,False,none,False,rising,top,False,False,1.4857894377925103,-4.186052501910848,-0.2,0.8064959405073401,5.254144136439109,82.55765734087367,15.712864968494275,9,5,False,,stable
688502.SH,roiic,茂莱光学,20250329.0,元器件,20241231,0.8101523601624623,0.32441409179271863,0.16985817246435936,0.4905080263045548,,,up,4.774056817201937,20.0548943483426,high_volatility,increasing_vol,True,severe,-293.2450751359241,False,none,False,falling,bottom,False,True,-3.9563150475980393,-4.30208708249073,-0.2,0.8064959405073401,-6.133000017115957,-36.31075316035837,1.0,10,5,False,,stable
688503.SH,roiic,聚和材料,20250428.0,电气设备,20241231,-6.643361072969898,-1.7820412612710137,0.8163542353060949,0.035447135677013165,,,down,7.931014936243809,11.671864295846225,high_volatility,increasing_vol,True,severe,-331.68345838263616,False,none,False,falling,bottom,False,True,-3.1089018934153083,-6.76784700399687,-0.8,0.0864107329737,-0.5213348488645648,-16.998370337664916,1.0,7,5,False,,stable
688505.SH,roiic,复旦张江,20250328.0,化学制药,20241231,36.83612752576651,1.2645285911480837,0.2661728821358728,0.373542987182149,,,up,2.057675683378586,758.0324077998968,high_volatility,increasing_vol,True,mild,417.1152311390527,False,none,False,falling,mid_down,True,False,5.331174039542114,53.39688177571463,0.4,0.4624327264504764,430.85984668630056,184.01799724445812,0.42709479349194845,9,5,False,,stable
688506.SH,roiic,百利天恒,20250329.0,化学制药,20241231,59.095196359089314,2.8043200455841903,0.7921288606421086,0.043055553492429434,,,up,2.544466499307744,256.5839981087102,high_volatility,decreasing_vol,False,none,496.1648684172374,False,none,False,rising,mid_up,False,False,4.893069547812482,60.94398697472752,0.4,0.4624327264504764,102.83531511216707,132.705719827637,1.2904683540171873,7,5,False,,stable
688507.SH,roiic,索辰科技,20250422.0,软件服务,20241231,-13.839939611025908,-0.8650815065863636,0.22905248117613558,0.41477065061382085,,,down,1.6044922929727883,101.26427287250999,high_volatility,increasing_vol,False,none,7324.061664467064,False,none,False,rising,top,True,False,4.031214674679775,-2.5311379532677445,0.0,1.0,72.75265457124884,236.70399761746813,3.2535444790630543,6,5,False,,stable
688508.SH,roiic,芯朋微,20250329.0,半导体,20241231,5.188724552236424,-0.19615818578435737,0.014098808528017917,0.8491735726392895,,,down,2.167785583911926,1514.0608776504703,high_volatility,stable,False,none,-98.53011083106317,False,none,False,rising,mid_up,False,False,-2.1099417564160543,8.451273199412551,0.2,0.8064959405073401,699.9932565272977,50.073426401988286,0.07153415541516087,10,5,False,,stable
688509.SH,roiic,正元地信,20250429.0,软件服务,20241231,6.335040427627968,0.8726219747200503,0.18451326149266586,0.4703981248483224,,,up,2.250616868590449,11046.954222190036,high_volatility,stable,False,none,100.47118847638927,False,none,False,rising,top,True,False,8.127648984161375,27.32513316353534,0.6,0.22067136191984693,-4899.120863254317,116.24021955477308,1.0,8,5,False,,stable
688512.SH,roiic,慧智微-U,20250428.0,半导体,20241231,-4.480930869393492,-0.4003941478807368,0.4224841129407256,0.23508663924927223,,,down,1.3748626136303275,84.53088202555558,high_volatility,stable,True,severe,84.43569395304799,False,none,False,falling,mid_down,True,False,0.9299818276950389,-6.958902309795287,-0.2,0.8064959405073401,-62.82742760416534,-32.82568763074842,1.0,6,5,False,,stable
688513.SH,roiic,苑东生物,20250425.0,化学制药,20241231,2.117010031388781,0.16942185110389288,0.0064825286714061065,0.897597063829073,,,up,7.069107736349522,13.117382940207603,high_volatility,stable,False,none,276.4983364455628,False,none,False,rising,top,False,False,0.6573971945805414,2.691518523870527,0.2,0.8064959405073401,2.490695458907495,17.180759803689188,6.897976925378609,10,5,False,,stable
688515.SH,roiic,裕太微-U,20250429.0,半导体,20241231,-8.501259312773346,-0.9680389392973681,0.24153221475853348,0.40044632875409575,,,down,2.946643369701028,94.41919036444337,high_volatility,decreasing_vol,True,severe,-3029.3408862768074,True,improving,False,falling,mid_down,True,False,-1.6428020122212024,-17.42373507924304,-1.0,0.02748633611151033,17.08599297408383,-34.945461163900674,-2.0452695501459135,6,5,False,,stable
688516.SH,roiic,奥特维,20250422.0,专用机械,20241231,1.1752956760323383,0.07184186249900897,0.11106891573662227,0.583658798066597,,,up,0.8026162707708119,19.83520291406005,high_volatility,stable,True,severe,-117.10773860569432,False,none,False,falling,bottom,False,True,-3.3183297640094502,-7.001107801122501,-0.4,0.4624327264504764,22.800408555992234,-5.688410779946749,-0.24948723028262418,10,5,False,,stable
688517.SH,roiic,金冠电气,20250424.0,电气设备,20241231,-3.9464748506083582,-0.266391016790116,0.03284829358908147,0.7705064764001497,,,down,1.6704585666523617,39.56209064588468,high_volatility,increasing_vol,False,none,1906.9425720324339,False,none,False,rising,top,True,False,3.7672608952627638,6.294812775313451,0.2,0.8064959405073401,27.786275922795394,91.50604747208328,3.293210206590271,8,5,False,,stable
688518.SH,roiic,联赢激光,20250415.0,专用机械,20241231,-0.36684621014053587,0.06537168273435992,0.017797691040311477,0.830644882489976,,,up,4.970049050268904,27.50548362382043,high_volatility,increasing_vol,True,severe,-171.7785055805396,False,none,False,falling,bottom,False,True,-4.331243274753011,-6.102646228771944,-0.2,0.8064959405073401,3.306326639121753,-32.20497595949282,-9.740409667463256,10,5,False,,stable
688519.SH,roiic,南亚新材,20250417.0,元器件,20241231,-13.933501895784053,-1.2259214627860733,0.20853915582092175,0.43945476349877155,,,down,2.113980014206223,152.49421371661617,high_volatility,stable,True,severe,-129.040769253076,False,none,False,falling,bottom,False,True,-5.833445060828022,0.30417297593856674,0.0,1.0,67.95602105532701,-92.02378919026154,-1.3541668237953415,10,5,False,,stable
688520.SH,roiic,神州细胞,20250426.0,生物制药,20241231,0.3690705388326556,0.014106412770528376,0.404070233557877,0.24905535067446494,,,up,5.015033748513917,79.1761243465736,high_volatility,decreasing_vol,False,none,295.83233519477324,False,none,False,rising,top,False,False,0.6877573121508975,30.979463769196713,0.6,0.22067136191984693,24.968054486080202,109.45771788048016,4.38391056625991,9,5,False,,stable
688521.SH,roiic,芯原股份,20250426.0,半导体,20241231,0.9548391522092547,0.5071342581142286,0.3090039159812856,0.33059083689400504,,,up,7.618137192867901,150.73333839673074,high_volatility,increasing_vol,False,none,1741.1215555744145,False,none,False,rising,top,False,False,1.4557522284417126,17.5102985252075,0.2,0.8064959405073401,27.812030388649205,240.6680614014815,8.653379779841757,9,5,False,,stable
688525.SH,roiic,佰维存储,20250430.0,半导体,20241231,-1.170693826075802,-0.35679553273163067,0.06283640804402423,0.6842093762472823,,,down,11.36609735420251,45.93805140472313,high_volatility,increasing_vol,False,none,3326.5965184875404,False,none,False,rising,top,False,False,3.2379103345772124,9.503178623856412,0.2,0.8064959405073401,6.395954771381978,70.63265340481685,11.043332220054959,7,5,False,,stable
688529.SH,roiic,豪森智能,20250415.0,专用机械,20241231,-7.405298221405511,-0.9788537721184725,0.18671461591020347,0.4674626245347514,,,down,3.3613077479184557,19.975582344624275,high_volatility,stable,True,severe,-471.9465309475551,False,none,False,falling,bottom,False,False,-3.600336311734866,-6.706610451553017,-0.6,0.22067136191984693,-8.164390257867923,-35.250956276284576,1.0,8,5,False,,stable
688530.SH,roiic,欧莱新材,20250426.0,半导体,20241231,-7.604215467860105,-1.3696707678009663,0.39528274422030074,0.2559116822657927,,,down,2.775786377731568,84.77569052686965,high_volatility,increasing_vol,False,none,61.14588842695229,False,none,False,rising,mid_up,False,False,0.4687443243262579,-14.67893914767772,-0.6,0.22067136191984693,-38.393370883428496,-5.152600541129962,1.0,6,5,False,,stable
688531.SH,roiic,日联科技,20250426.0,专用机械,20241231,-1.0886092421170914,-0.03696683874650279,0.22047122348301929,0.42491701344712907,0.5414669648182058,0.5414669648182058,down,1.3604739522483122,72.68977044607442,high_volatility,increasing_vol,False,none,702.8520161558504,False,none,False,rising,top,False,False,1.041260834971284,-4.453439513002582,-0.2,0.8064959405073401,61.71538131278847,182.00559434919953,2.9491123683859484,8,5,False,,stable
688535.SH,roiic,华海诚科,20250423.0,半导体,20241231,-2.3789881889656086,-0.6408009066998435,0.333591009892346,0.30783608606913804,,,down,10.696906641855916,49.84386093236616,high_volatility,decreasing_vol,True,severe,98.06274711157417,False,none,False,falling,mid_down,True,False,1.9112788155677474,-14.065954727881511,-0.6,0.22067136191984693,-0.28431458648014946,-1.309762731444463,1.0,10,5,False,,stable
688536.SH,roiic,思瑞浦,20250429.0,半导体,20241231,-7.908814372723202,-1.8705272551796621,0.5872954954563494,0.13071870355868184,,,down,2.0734359082435487,107.37887138491473,high_volatility,increasing_vol,True,severe,-648.0256789420501,False,none,False,falling,bottom,True,False,-1.006013697489228,-40.47813650629609,-0.6,0.22067136191984693,-68.13677756669398,-239.34899844335024,1.0,8,5,False,,stable
688538.SH,roiic,和辉光电-U,20250329.0,半导体,20241231,28.43417768389046,1.1257317021052875,0.6175318755703939,0.11507927829945898,,,up,1.2191568056597692,49.03563055214718,volatile,increasing_vol,False,none,593.8768900920218,False,none,False,rising,top,False,False,0.9681188824844382,29.86619407847886,0.8,0.0864107329737,48.75119151795974,115.22040155722718,2.3634376508475787,8,5,False,,stable
688543.SH,roiic,国科军工,20250326.0,专用机械,20241231,-5.917810023902767,-0.14229555806873545,0.044176638929365755,0.7343711013887193,-0.1347662414606724,-0.1347662414606724,down,0.8644223007299222,24.580586363380178,high_volatility,stable,False,none,33.155276907252016,False,none,False,rising,mid_up,False,False,0.1431010171513547,-4.013793134461336,-0.2,0.8064959405073401,26.660511022305528,36.65545620319086,1.374896984252217,9,5,False,,stable
688545.SH,roiic,兴福电子,20250401.0,元器件,20241231,-1.9626868591995053,-0.5923311781509283,0.09528567589992717,0.6133056633377754,,,down,2.164173169747493,15.077822265725457,high_volatility,increasing_vol,False,none,2109.9310841940173,False,none,False,rising,mid_up,False,False,1.4255633826127039,-2.7132833693959775,-0.2,0.8064959405073401,6.3782067841398,18.545733792505544,2.9076720809086662,9,5,False,,stable
688549.SH,roiic,中巨芯-U,20250411.0,元器件,20241231,-0.699087308065806,-0.21305196944338314,0.02884744560678478,0.7847904482611933,,,down,38.33937594698094,45.19201766058513,high_volatility,stable,True,severe,-642.2038382714022,False,none,False,falling,bottom,False,False,-1.0003897051567043,-24.43766951619662,-0.8,0.0864107329737,-6.6368129316437035,-60.490193496692,1.0,8,5,False,,stable
688551.SH,roiic,科威尔,20250426.0,专用机械,20241231,2.02244251406114,0.21680319256226896,0.021907597171681795,0.8122354530045096,,,up,2.387870988318595,344.055108316139,high_volatility,increasing_vol,False,none,12085.647377999781,False,none,False,rising,top,True,False,4.932956851444793,44.42312525945123,0.6,0.22067136191984693,191.7343955222073,757.3726753670852,3.9501137670385478,8,5,False,,stable
688553.SH,roiic,汇宇制药-W,20250426.0,化学制药,20241231,2.6012467641833132,-0.5497089929083161,0.06137822555162291,0.6878168650680866,,,down,3.4267190030946018,133.97113099264564,high_volatility,stable,False,none,121.78948190414,False,none,False,rising,top,True,False,5.539861556987893,-4.62885078842908,0.0,1.0,-38.31566240433031,59.43040130153818,1.0,8,5,False,,stable
688556.SH,roiic,高测股份,20250429.0,专用机械,20241231,6.621732616225968,0.35707974081408234,0.37409096321151347,0.27297623877913296,,,up,7.820989431479425,133.49763545250656,high_volatility,increasing_vol,True,severe,-463.9353188761045,False,none,False,falling,bottom,False,True,-5.578136558966477,-17.61530689237581,-0.2,0.8064959405073401,-32.95378033247513,-252.36196013591194,1.0,10,5,False,,stable
688557.SH,roiic,兰剑智能,20250329.0,专用机械,20241231,-0.5033916150052761,-0.630020495436447,0.2718024470402866,0.36763474540873037,,,down,4.289756183767185,47.36276770852866,high_volatility,decreasing_vol,True,severe,-107.67810437660188,False,none,False,falling,mid_down,False,False,-2.2136553777362202,4.297048284432544,0.2,0.8064959405073401,-8.039372633233997,-1.1784518502212646,1.0,8,5,False,,stable
688559.SH,roiic,海目星,20250430.0,专用机械,20241231,-4.930085028517461,-0.7735086683682935,0.23450709132490383,0.4084486035300097,,,down,22.15847747943522,20.88178314853047,high_volatility,stable,True,severe,-179.61040369496493,False,none,False,falling,bottom,False,True,-4.014158622859465,-5.901247490320005,-0.4,0.4624327264504764,-2.4214089899072566,-24.696562963369118,1.0,9,5,False,,stable
688560.SH,roiic,明冠新材,20250429.0,电气设备,20241231,6.566072594548861,0.9272601170756716,0.24890866082188956,0.39220734706132504,,,up,2.273182349499782,41.35655493066158,high_volatility,increasing_vol,True,mild,708.6436659864756,False,none,False,falling,mid_down,False,False,1.030432540458083,12.925773041292663,0.4,0.4624327264504764,22.63057522660282,22.90391747531693,1.0120784489999526,10,5,False,,stable
688561.SH,roiic,奇安信-U,20250430.0,软件服务,20241231,27.00852590880853,1.377705624358775,0.2847106263546967,0.35439897798609865,,,up,1.669677033534941,118.75431708888385,high_volatility,stable,False,none,-52.83091616194593,False,none,False,rising,mid_up,False,False,-0.37570915160872786,22.933879541076625,0.4,0.4624327264504764,79.22668220134378,121.3091275220056,1.5311650589345018,9,5,False,,stable
688562.SH,roiic,航天软件,20250331.0,软件服务,20241231,22.18560147502657,-0.10662494024093094,0.004088675772251264,0.918641070794499,,,down,1.06302978002307,74.17564764750557,high_volatility,increasing_vol,False,none,276.2439936252869,False,none,False,rising,top,False,False,0.6624829304526747,20.313783359098608,0.2,0.8064959405073401,76.43326244580406,179.72474693322897,2.3513944215146516,6,5,False,,stable
688566.SH,roiic,吉贝尔,20250415.0,化学制药,20241231,0.6773499011999405,-0.08309333154582546,0.01451107793426346,0.8469948555872039,,,down,3.527223933558338,131.03110165610153,high_volatility,decreasing_vol,True,severe,-92.38695386827024,False,none,False,falling,mid_down,False,False,-1.2758264157019643,3.972970161695956,0.0,1.0,-28.2717857558069,3.183857553532982,1.0,9,5,False,,stable
688567.SH,roiic,孚能科技,20250430.0,电气设备,20241231,-7.647826396379972,0.5331787280323824,0.039547245734810006,0.748476307875695,,,up,1.4566791105359986,133.26495392941473,high_volatility,decreasing_vol,True,severe,-10583.25551593648,False,none,False,falling,mid_down,False,False,-2.3039692130821967,11.273606752864756,0.2,0.8064959405073401,-93.77980478139256,-202.39662154407313,1.0,9,5,False,,stable
688568.SH,roiic,中科星图,20250304.0,软件服务,20241231,-0.04011945215692041,-0.018473050433349635,0.005187035472646733,0.9083792542947333,-0.11165784098848175,-0.11165784098848175,down,0.4293700912059385,4.169404984168527,volatile,increasing_vol,True,severe,25.917758383790034,False,none,False,falling,mid_down,False,False,0.11390515152265501,-0.5774735276522693,-0.2,0.8064959405073401,9.698479800079303,7.369028117281753,0.7598126994316674,9,5,False,,stable
688570.SH,roiic,天玛智控,20250321.0,专用机械,20241231,5.116620241727051,1.2325631051821677,0.30444182879312953,0.3349572794493974,,,up,3.370413563261408,74.23764937554442,high_volatility,stable,True,severe,-1027.1348944802053,False,none,False,falling,bottom,False,True,-4.537102180183956,-24.37880371527126,-0.4,0.4624327264504764,-29.62173112719468,-142.1499319057506,1.0,10,5,False,,stable
688573.SH,roiic,信宇人,20250425.0,专用机械,20241231,-15.717334895782798,-0.7602746980720052,0.19644102900314533,0.45474168494074724,,,down,2.0839552768143883,792.1662712052579,high_volatility,increasing_vol,False,none,123243.96128331375,False,none,False,rising,top,True,False,4.67898635530778,-6.286144855267369,0.0,1.0,482.34373745155875,1796.0126143173038,3.723511833711069,6,5,False,,stable
688575.SH,roiic,亚辉龙,20250425.0,医疗保健,20241231,-5.942763051092946,-0.26143694094165504,0.07216259112962838,0.6621278069805238,,,down,3.1377910885400233,275.30489552225407,high_volatility,increasing_vol,False,none,-95.60026600183335,False,none,False,rising,mid_up,False,False,-1.553501992239711,-25.853043559628127,-0.2,0.8064959405073401,-107.53294071871079,3.826202872291044,1.0,8,5,False,,stable
688576.SH,roiic,西山科技,20250429.0,医疗保健,20241231,-0.010242200328893248,-0.05154527268167817,0.0006798500887208203,0.9668053968497121,,,down,1.4640389047831743,41.57024000051538,high_volatility,decreasing_vol,False,none,288.4522212780265,False,none,False,rising,mid_up,True,False,3.6750286273144486,-13.909443119807747,-0.4,0.4624327264504764,23.619071085840442,27.056916130485988,1.145553778645703,8,5,False,,stable
688578.SH,roiic,艾力斯,20250424.0,化学制药,20241231,0.12729075077795074,0.0018269274217232122,0.00033456146812331397,0.9767124467486306,0.4545678359492096,0.4545678359492096,up,1.3610378801858873,175.02896991600883,high_volatility,decreasing_vol,False,none,43.32248142968583,False,none,False,rising,mid_up,False,False,0.17993661471176914,12.082744994915211,0.4,0.4624327264504764,120.76535849914359,69.98630625635957,0.5795230281774544,9,5,False,,stable
688579.SH,roiic,山大地纬,20250412.0,软件服务,20241231,-9.026931094567225,-0.8330985536791748,0.12205661133558335,0.5643957377889168,,,down,2.220631954475825,90.03601110684589,high_volatility,increasing_vol,True,severe,67.16348567296087,False,none,False,falling,mid_down,False,False,0.5567849322567082,-15.056400896801357,-0.2,0.8064959405073401,-43.25329931647877,-61.386196430035966,1.0,10,5,False,,stable
688580.SH,roiic,伟思医疗,20250425.0,医疗保健,20241231,-10.780212070077749,-0.7383516572101505,0.0639894616866813,0.6813882698279906,,,down,2.4120179094469205,667.8682741508924,high_volatility,stable,True,severe,-106.28509596289295,False,none,False,falling,bottom,False,False,-6.601113489960567,-19.93747114050325,-0.2,0.8064959405073401,273.6578580911315,-92.24582500004985,-0.33708450999178263,10,5,False,,stable
688581.SH,roiic,安杰思,20250423.0,医疗保健,20241231,-10.225974652968741,-0.23654005554729868,0.006320214240520018,0.8988844682529642,,,down,2.79458062122069,62.33632582778104,high_volatility,decreasing_vol,True,severe,-162.61001058844548,False,none,False,falling,mid_down,False,True,-4.308034021639628,-38.06591425615949,-0.2,0.8064959405073401,19.238354492279004,-29.387309481919704,-1.5275375809149279,10,5,False,,stable
688582.SH,roiic,芯动联科,20250318.0,元器件,20241231,-6.393960084371879,-1.3727611579524384,0.5452738687151701,0.15413592272328588,,,down,1.1629756054839315,16.714402466507696,high_volatility,increasing_vol,True,severe,-125.79374394333718,False,none,False,falling,bottom,False,True,-3.572179616259157,-7.153116883516811,-0.4,0.4624327264504764,12.453912634145158,-9.0239597196569,-0.7245883269580451,6,5,False,,stable
688584.SH,roiic,上海合晶,20250319.0,半导体,20241231,-23.68303683278134,-0.938427908848241,0.12993884062006217,0.5511778522806694,,,down,2.1077861189217826,1964.993907652723,high_volatility,stable,False,none,99.6286191493483,False,none,False,rising,mid_up,False,False,2.797390192100239,-8.803224042340839,0.0,1.0,-939.3597968813707,-16.500050732727985,1.0,8,5,False,,stable
688588.SH,roiic,凌志软件,20250418.0,软件服务,20241231,6.8505560185176675,0.14168120893253383,0.00232650002511824,0.9386106323019011,,,up,1.9955715838404173,64.61733463715527,high_volatility,decreasing_vol,False,none,390.02333333642787,False,none,False,rising,top,True,False,3.4995294853492664,10.766809614763924,0.2,0.8064959405073401,-30.325197377021986,28.142978882059204,1.0,10,5,False,,stable
688589.SH,roiic,力合微,20250327.0,半导体,20241231,2.286813888849284,0.8919493668490055,0.46122047744054673,0.20736156870302286,,,up,5.671297192449601,30.83447750470059,high_volatility,increasing_vol,True,severe,-188.88579083478186,False,none,False,falling,bottom,False,True,-4.4439759173255435,-5.465880555533361,-0.2,0.8064959405073401,3.0727835947470172,-40.11622161322717,-13.055335781474042,9,5,False,,stable
688590.SH,roiic,新致软件,20250429.0,软件服务,20241231,7.9135200358338285,-0.12492254788592043,0.0019985220920438677,0.9430990037928143,,,down,4.744930257391763,53.84011732179521,high_volatility,increasing_vol,True,severe,53.92374190246202,False,none,False,falling,mid_down,False,False,0.38726746241999166,8.077439961759524,0.2,0.8064959405073401,-8.972816208904046,-24.147617494089378,1.0,9,5,False,,stable
688591.SH,roiic,泰凌微,20250418.0,半导体,20241231,21.778990206741724,2.245706498630983,0.7369331281095161,0.06255533696309604,,,up,5.413918342817052,115.41802184464063,high_volatility,decreasing_vol,False,none,148.62799626483329,False,none,False,rising,mid_up,False,False,4.876914334791502,20.48315373920436,0.2,0.8064959405073401,20.946762960783555,45.7507388635562,2.1841436287416127,6,5,False,,stable
688593.SH,roiic,新相微,20250426.0,半导体,20241231,-7.981337051143003,-0.7980698315442358,0.13387369306091257,0.5447513838550283,,,down,12.741333227779942,77.46308799970303,high_volatility,stable,False,none,142.5664546418841,False,none,False,rising,mid_up,True,False,5.076032525028932,-8.176849295390474,-0.2,0.8064959405073401,3.6852678341207366,52.2363908073579,14.174381119254774,6,5,False,,stable
688595.SH,roiic,芯海科技,20250329.0,半导体,20241231,-3.9102943652464845,-0.9282683735371247,0.13833750831171318,0.5375916862881049,,,down,3.1473095709947754,60.40837204576529,high_volatility,decreasing_vol,True,severe,-92.7610846378933,False,none,False,falling,mid_down,False,False,-0.3277929427521664,2.227134805128033,0.0,1.0,-17.042902222154773,-31.216484040785048,1.0,10,5,False,,stable
688596.SH,roiic,正帆科技,20250429.0,专用机械,20241231,3.1817062190440195,0.3048732595745044,0.5242136907136175,0.16664263903543441,0.28633534869127764,0.28633534869127764,up,1.112563022615982,22.260665645208135,high_volatility,increasing_vol,True,mild,86.01917649384121,False,none,False,falling,mid_down,False,False,0.30959869735703704,5.210369781117134,0.6,0.22067136191984693,22.433305901299192,20.330005365428434,0.90624206057169,10,5,False,,stable
688599.SH,roiic,天合光能,20250430.0,电气设备,20241231,0.920798652150306,0.08438918207844108,0.09286334041981235,0.6180912398570224,,,up,13.254985651211083,42.68743276855917,high_volatility,increasing_vol,True,severe,-485.71863333599293,False,none,False,falling,bottom,False,False,-4.388106635239142,-7.291570460955864,-0.4,0.4624327264504764,-8.74921925227511,-79.0128742159043,1.0,9,5,False,,stable
688601.SH,roiic,力芯微,20250412.0,半导体,20241231,-5.722045567208677,-0.12577946125334288,0.0026276332207505436,0.934761768512067,,,down,2.7946731956823316,234.9018531373819,high_volatility,increasing_vol,True,severe,-1130.2664765336663,False,none,False,falling,bottom,False,False,-1.2548324705228056,-58.68680915213613,-0.6,0.22067136191984693,-117.45902178442185,-498.96479916093784,1.0,9,5,False,,stable
688605.SH,roiic,先锋精科,20250429.0,半导体,20241231,-3.532603817408013,0.2830251527792762,0.010240768663221133,0.8713726368278163,,,up,41.126035444146524,40.51431217444889,high_volatility,decreasing_vol,False,none,178.80298210903436,False,none,False,rising,mid_up,False,False,4.094559961825807,-7.969829824277411,-0.2,0.8064959405073401,-0.0746555006785341,26.62944345569399,1.0,5,5,False,,stable
688606.SH,roiic,奥泰生物,20250429.0,医疗保健,20241231,79.81713169315493,0.6392632538031922,0.25627781331140626,0.38413724487839074,0.275593222801481,0.275593222801481,up,0.9975937476538098,174.06652091714267,high_volatility,increasing_vol,False,none,2082.573814248446,False,none,False,rising,top,True,False,1.5411140745189886,62.20895370901144,0.6,0.22067136191984693,198.43151868436064,371.11138164226554,1.870223964936648,9,5,False,,stable
688607.SH,roiic,康众医疗,20250426.0,医疗保健,20241231,10.882789353600756,0.22943030151216132,0.06170186702669733,0.687012276885973,-0.09579440992224741,-0.09579440992224741,up,1.0898917644633617,129.73265336972918,high_volatility,stable,True,severe,-87.48493457996325,False,none,False,falling,mid_down,False,False,-1.039045855179133,3.13586701884988,0.0,1.0,122.29743949173006,41.14578169661958,0.3364402547397725,8,5,False,,stable
688608.SH,roiic,恒玄科技,20250425.0,半导体,20241231,-4.2268151210936695,-0.7062397407223748,0.14062115269739936,0.5339805961924947,,,down,3.7961824890251097,91.41858419925002,high_volatility,stable,False,none,141.94466545266044,False,none,False,rising,top,True,False,5.41071745801365,10.343970223800675,0.2,0.8064959405073401,-21.293478444767274,72.46711160147257,1.0,8,5,False,,stable
688611.SH,roiic,杭州柯林,20250403.0,电气设备,20241231,5.0377126837885005,-0.263992931623635,0.016466861840888195,0.8370632610360123,,,down,1.9578950563802666,164.17162612582334,high_volatility,stable,False,none,-86.35136580523185,False,none,False,rising,mid_up,False,False,-0.9957182319802349,-1.2753374566982725,0.0,1.0,85.36239948556211,51.013017099478944,0.5976052384528753,10,5,False,,stable
688613.SH,roiic,奥精医疗,20250426.0,医疗保健,20241231,-100.57004794842119,-2.87594757806227,0.8044449840408554,0.039114280103185455,,,down,1.4894324765474567,194.84319550077907,high_volatility,increasing_vol,True,severe,-149.35116384931092,False,none,False,falling,bottom,False,False,-0.4568427675550897,-109.121413348384,-0.8,0.0864107329737,-160.98808636917295,-448.7124079758506,1.0,8,5,False,,stable
688615.SH,roiic,合合信息,20250416.0,软件服务,20241231,1.5875802383235595,0.5385180700622956,0.09200304579791575,0.619807384567857,,,up,1.6765216353169514,146.61403166850755,high_volatility,decreasing_vol,True,severe,-85.2541773604376,False,none,False,falling,mid_down,False,False,-0.9560217097479324,-43.532307825570534,-0.4,0.4624327264504764,68.04238614362839,10.605619761865661,0.1558678400766048,7,5,False,,stable
688617.SH,roiic,惠泰医疗,20250423.0,医疗保健,20241231,-7.493911955587658,-0.05428373936572606,0.010336834975177876,0.8707728122271159,-0.26344741997620325,-0.26344741997620325,down,1.3409090318500574,214.1653210927191,high_volatility,stable,True,severe,-93.73680498933345,False,none,False,falling,mid_down,False,False,-1.3851291306767908,-12.224175617603915,-0.2,0.8064959405073401,157.46834409329963,33.525248108006195,0.2129015091956677,8,5,False,,stable
688619.SH,roiic,罗普特,20250423.0,软件服务,20241231,62.400477565058644,2.417319628404253,0.6669090820953023,0.09161201778728376,,,up,2.4250452961944413,903.64754034736,high_volatility,stable,True,mild,102.56719913019765,False,none,False,falling,mid_down,False,False,6.448740982854831,77.19487851281818,0.4,0.4624327264504764,-353.91105737874653,50.62105718549261,1.0,8,5,False,,stable
688620.SH,roiic,安凯微,20250430.0,半导体,20241231,-7.343992167930097,-0.6312380623590448,0.07606544361875837,0.6533450592031611,,,down,2.2061454966403784,717.7677936543506,high_volatility,increasing_vol,False,none,3735.7806867659597,False,none,False,rising,top,False,False,6.278669627513622,60.2696015981566,0.4,0.4624327264504764,419.8521007213081,1607.0619363487015,3.8276858293379044,6,5,False,,stable
688621.SH,roiic,阳光诺和,20250409.0,医疗保健,20241231,-0.12488893963807221,-0.011136204120002135,6.149365704039571e-05,0.9900156262866646,,,down,40.7633289782341,33.88068049813276,high_volatility,increasing_vol,True,severe,-1466.2465265166916,False,none,False,falling,bottom,False,False,-1.3652370217317964,-21.34902024619574,-0.8,0.0864107329737,-4.7204958363907,-53.35197226101593,1.0,8,5,False,,stable
688623.SH,roiic,双元科技,20250429.0,专用机械,20241231,5.26689085117477,-0.09517256223814581,0.012273534017023928,0.8592319839159865,0.09203816221362482,0.09203816221362482,down,0.9703379037158016,47.29397710433156,high_volatility,increasing_vol,False,none,370.75467116654124,False,none,False,rising,top,False,False,0.7743843166353708,-1.3787380115745997,0.0,1.0,50.31976599661,115.21438235438902,2.289644637102464,6,5,False,,stable
688626.SH,roiic,翔宇医疗,20250425.0,医疗保健,20241231,-9.693729648949455,-1.4374779061194263,0.36232639014518675,0.28278725027543367,,,down,2.346942639678113,611.0527800724159,high_volatility,stable,True,severe,96.66968992720163,False,none,False,falling,mid_down,False,False,1.700990739775926,-17.609592148492972,-0.2,0.8064959405073401,-263.26930955259667,-45.00094625181383,1.0,8,5,False,,stable
688627.SH,roiic,精智达,20250426.0,专用机械,20241231,-2.105292385040992,-0.15598018747306025,0.005871451641485972,0.9025330694440523,,,down,2.297626432220814,435.9867349785715,high_volatility,increasing_vol,True,severe,-3884.7646666022974,False,none,False,falling,bottom,False,False,-1.8423205730375491,-32.88354500220209,-0.6,0.22067136191984693,-249.21054835559244,-969.0311300058441,1.0,9,5,False,,stable
688629.SH,roiic,华丰科技,20250429.0,元器件,20241231,-3.595919465265105,-0.6756256920564441,0.1796195045762768,0.4770016792804663,,,down,8.210121939897762,105.17902355597772,high_volatility,stable,False,none,3913.4188333846178,False,none,False,rising,top,False,False,1.8390380670284956,56.07452955092629,0.4,0.4624327264504764,29.415102057205843,166.84646254602117,5.67213610959234,7,5,False,,stable
688630.SH,roiic,芯碁微装,20250424.0,专用机械,20241231,-0.6459199307827307,-0.06633138752439693,0.0018037918591949143,0.9459404144159878,,,down,2.39780730634965,194.42058634988695,high_volatility,increasing_vol,True,severe,-6505.7926205783215,False,none,False,falling,bottom,False,False,-2.0923238635823296,-13.488673419944678,-0.6,0.22067136191984693,-107.5091472210051,-428.62741140534155,1.0,8,5,False,,stable
688631.SH,roiic,莱斯信息,20250426.0,软件服务,20241231,-12.764003338407457,-1.4018879277085585,0.4898788830707264,0.1881990771810662,,,down,2.209219436952224,1976.9377047718876,high_volatility,decreasing_vol,True,severe,-2442.7998776410104,True,growth_to_decline,False,falling,mid_down,False,True,-3.214073509420694,1.7641600947845866,0.0,1.0,-632.5638524074279,-59.102970536132545,1.0,6,5,False,,stable
688633.SH,roiic,星球石墨,20250428.0,专用机械,20241231,0.6109838761747016,0.32047938250802416,0.08077883055635034,0.643057517633594,,,up,9.821049156152132,23.28073258182918,high_volatility,increasing_vol,True,severe,-470.596589279696,False,none,False,falling,bottom,False,False,-0.8679034681887661,-13.638734579969846,-0.6,0.22067136191984693,-6.058420828619553,-37.01750195765799,1.0,8,5,False,,stable
688636.SH,roiic,智明达,20250425.0,元器件,20241231,-3.150232469042933,-0.1273071137225253,0.2595282540339537,0.38062708381440247,,,down,2.186128989400101,117.67436521292746,high_volatility,increasing_vol,False,none,645.4299306612995,False,none,False,rising,top,True,False,5.395480224759867,29.002884023798146,0.2,0.8064959405073401,67.42390579607566,257.36031396687497,3.817048433018165,8,5,False,,stable
688638.SH,roiic,誉辰智能,20250429.0,专用机械,20241231,-2.2691257568722514,-0.3919388318189183,0.18942180731314656,0.46388162424212687,,,down,46.02826035543736,142.1618110068252,high_volatility,stable,True,severe,-13734.634845979477,False,none,False,falling,bottom,False,True,-3.6683175211246755,-84.83645070215101,-1.0,0.02748633611151033,-27.708330165012704,-219.25411126962447,1.0,8,5,False,,stable
688639.SH,roiic,华恒生物,20250423.0,化学制药,20241231,2.2695271316097587,0.27463617303494825,0.5189660196678659,0.16984215422522897,,,up,3.6676714997076325,25.914959944343888,high_volatility,increasing_vol,True,severe,-196.19856262729334,False,none,False,falling,bottom,False,True,-4.25112843599628,-4.309789456736148,0.0,1.0,4.83096637709769,-34.41182267537515,-7.12317577669601,10,5,False,,stable
688651.SH,roiic,盛邦安全,20250429.0,软件服务,20241231,-4.605613703322764,-0.4742365596072222,0.0700307803875048,0.6670335201193769,,,down,2.4480116169263844,232.29703815207782,high_volatility,increasing_vol,True,severe,-5808.147766971215,False,none,False,falling,bottom,False,False,-2.037788467104834,-22.177176211545245,-0.8,0.0864107329737,-127.46609365240076,-509.75600145133274,1.0,9,5,False,,stable
688652.SH,roiic,京仪装备,20250430.0,半导体,20241231,-11.37269342216584,-1.6853432000781603,0.6711295685667109,0.08972217727463198,,,down,1.6413573475712702,19.258763010746474,high_volatility,increasing_vol,True,severe,-203.2105146737619,False,none,False,falling,bottom,False,True,-3.6176642688359566,-11.023540453603637,-1.0,0.02748633611151033,8.321628960270754,-18.90820722949125,-2.2721761952813684,6,5,False,,stable
688653.SH,roiic,康希通信,20250430.0,半导体,20241231,-1.5806675320241605,-0.5352919299573276,0.10886581740623805,0.5876489637155583,,,down,2.6680956359782906,55.55488356245748,high_volatility,increasing_vol,False,none,740.2799140865172,False,none,False,rising,top,False,False,4.539162804379909,14.619747505571265,0.2,0.8064959405073401,27.665410086027475,118.39294607684019,4.279457478081448,6,5,False,,stable
688655.SH,roiic,迅捷兴,20250318.0,元器件,20241231,-12.02593408959049,-1.984717696591489,0.6723328164149334,0.08918668610974091,,,down,2.4711952803827346,62.36647173493096,high_volatility,increasing_vol,False,none,66.6492643605407,False,none,False,rising,mid_up,False,False,0.5483921496323316,-37.645482647518094,-0.6,0.22067136191984693,-32.46100911957623,-13.027237556022722,1.0,8,5,False,,stable
688656.SH,roiic,浩欧博,20250318.0,医疗保健,20241231,1.8843422366891982,0.11293667287057323,0.0025887333618786978,0.9352460468230703,,,up,2.350878466278749,91.59518938167626,high_volatility,stable,True,severe,93.09641854926348,False,none,False,falling,mid_down,False,False,1.3359125792225996,3.377125534622741,0.2,0.8064959405073401,-38.39680902278236,-13.795843732223343,1.0,9,5,False,,stable
688657.SH,roiic,浩辰软件,20250403.0,软件服务,20241231,-15.325619019794932,-0.6473706465361129,0.08193310588863072,0.6405882319206444,,,down,5.424282893682331,100.23146051124243,high_volatility,increasing_vol,True,severe,-802.1559346849916,False,none,False,falling,bottom,False,False,-1.0995155037014057,-52.258339123552375,-0.8,0.0864107329737,-35.25493107748541,-185.07714220895335,1.0,10,5,False,,stable
688658.SH,roiic,悦康药业,20250315.0,化学制药,20241231,6.933449567368503,-0.4164293499443407,0.018976845578100286,0.8251593491345681,,,down,4.4253422118373535,57.894655335487165,high_volatility,increasing_vol,True,severe,69.6428399256664,False,none,False,falling,mid_down,False,False,0.595784304808779,7.139173025221427,0.0,1.0,-11.00249130835812,-19.95867294846721,1.0,8,5,False,,stable
688660.SH,roiic,电气风电,20250325.0,电气设备,20241231,55.20499986106595,0.7102163938202849,0.06370873534065463,0.6820725896417593,,,up,1.8144879504344507,122.13553922672676,high_volatility,increasing_vol,False,none,489.20775118927827,False,none,False,rising,top,True,False,5.55386128910764,54.03146940659087,0.4,0.4624327264504764,83.87279800110001,254.71736035520843,3.0369484078958204,9,5,False,,stable
688661.SH,roiic,和林微纳,20250430.0,元器件,20241231,-34.02273350214507,-2.3241612706814863,0.7000973892922902,0.07723370619903333,,,down,2.25362510520039,2913.002267294965,high_volatility,increasing_vol,False,none,-248.20957800767835,False,none,False,rising,mid_up,False,False,-0.6234483862625277,-49.4329364803902,-0.8,0.0864107329737,-1497.8845447922088,-61.36674329058715,1.0,8,5,False,,stable
688662.SH,roiic,富信科技,20250425.0,元器件,20241231,93.564918574141,1.242040379584202,0.18125776488249687,0.4747789310709909,,,up,1.576920396994798,195.94483630215262,high_volatility,increasing_vol,True,mild,584.7947287692475,False,none,False,falling,mid_down,True,False,5.556724182699888,81.13752156836836,0.4,0.4624327264504764,152.3273878140858,285.0934469996654,1.8715836402815453,8,5,False,,stable
688663.SH,roiic,新风光,20250409.0,电气设备,20241231,-0.05832164474934944,0.18511114671055107,0.10064731870150605,0.6029472320148545,,,up,5.646580662229737,18.78593036206541,high_volatility,increasing_vol,True,severe,110.22089596481004,False,none,False,falling,mid_down,True,False,2.7058673703518252,3.925301443254039,0.2,0.8064959405073401,4.130187509038125,2.3413567247574116,0.5668887234862341,10,5,False,,stable
688670.SH,roiic,金迪克,20250418.0,生物制药,20241231,7.1987835307774715,1.1948395439250123,0.47415893592467456,0.19857377233273646,,,up,8.243953435456946,174.26485783138608,high_volatility,increasing_vol,True,mild,108.03347040834068,False,none,False,falling,mid_down,True,False,5.117074022411702,10.998141505354472,0.2,0.8064959405073401,-13.278958640698079,23.63964279432002,1.0,8,5,False,,stable
688676.SH,roiic,金盘科技,20250403.0,电气设备,20241231,-0.6200404366520185,-0.05678972838120529,0.054598322377105386,0.7052210955633706,-0.109958076430139,-0.109958076430139,down,0.9854649027496856,11.079717825860811,high_volatility,increasing_vol,True,severe,46.96946176684234,False,none,False,falling,mid_down,False,False,0.18935096928419126,0.7884664337316274,0.2,0.8064959405073401,11.803907266131517,6.668579318080456,0.5649467729396982,8,5,False,,stable
688677.SH,roiic,海泰新光,20250425.0,医疗保健,20241231,-11.513400468327916,-1.5961103197534927,0.6011449850181212,0.12343261139278688,,,down,4.597994052470009,44.19164380757693,high_volatility,increasing_vol,False,none,-292.71061285902243,False,none,False,rising,mid_up,False,True,-3.5375214074252246,-16.392955963470307,-0.6,0.22067136191984693,-15.743344183103774,-23.83963047127001,1.0,10,5,False,,stable
688678.SH,roiic,福立旺,20250425.0,元器件,20241231,-4.988058470574278,-1.016743891098315,0.1905583249531928,0.4623876724551946,,,down,2.105227567755998,27.538217147734294,high_volatility,decreasing_vol,True,severe,-322.14189580331947,False,none,False,falling,mid_down,False,False,-4.013565819228017,-6.699450327870114,-0.2,0.8064959405073401,-14.577291822658065,-41.22544391343499,1.0,10,5,False,,stable
688681.SH,roiic,科汇股份,20250425.0,电气设备,20241231,123.2868625045614,0.9960387239750517,0.5489236691651647,0.15202185487261397,0.838809004347248,0.838809004347248,up,1.1851449378975392,543.7794792670888,high_volatility,stable,True,severe,-70.66232756748084,False,none,False,falling,mid_down,False,True,-0.6131481414957154,110.37681475818462,0.2,0.8064959405073401,495.8155756134662,395.0138557107997,0.7966951325037624,10,5,False,,stable
688682.SH,roiic,霍莱沃,20250411.0,软件服务,20241231,-43.42378715400888,-1.3460885361407733,0.3187705824297552,0.3213979139727068,,,down,1.0062503548916566,75.4903845319603,volatile,stable,False,none,-116.41935806194756,False,none,False,rising,mid_up,False,False,-0.3860036639690052,-42.910862080761746,-0.6,0.22067136191984693,-88.04860984306251,-150.81753234535734,1.0,8,5,False,,stable
688683.SH,roiic,莱尔科技,20250421.0,元器件,20241231,-0.25059573545151465,0.6073112305462244,0.07622452566346397,0.6529922965434034,,,up,1.6587175789916908,21.585149997731786,high_volatility,increasing_vol,False,none,149.85364769901292,False,none,False,rising,top,False,False,3.3082643159381293,-0.4259557506405818,0.0,1.0,-13.088334348281887,9.63500153129813,1.0,8,5,False,,stable
688687.SH,roiic,凯因科技,20250429.0,生物制药,20241231,1.5592134803314004,0.08284829012806028,0.02477498167240581,0.8004218226278388,,,up,2.635318511966426,297.07665201724836,high_volatility,stable,True,severe,101.6950461544219,False,none,False,falling,mid_down,True,False,5.122433953545102,-0.32526975328498753,0.0,1.0,-112.26117200984848,10.908138129202708,1.0,9,5,False,,stable
688689.SH,roiic,银河微电,20250428.0,半导体,20241231,-9.08214841709001,-0.9940833784311998,0.15132587539151876,0.5174938552591741,,,down,9.132131329372296,25.68391217574258,high_volatility,increasing_vol,False,none,188.30714771517668,False,none,False,rising,mid_up,True,False,3.1157584565564918,-13.343818908668036,-0.6,0.22067136191984693,0.08783278705681008,10.574581433315554,120.39446529774736,10,5,False,,stable
688691.SH,roiic,灿芯股份,20250428.0,半导体,20241231,-7.326013767132167,-1.4600522529660762,0.41616132251799004,0.23982345144807227,,,down,1.297523913204897,28.379608233114272,high_volatility,stable,True,severe,-151.09966983396018,False,none,False,falling,bottom,False,False,-4.171985947048698,-6.443630819879366,-0.2,0.8064959405073401,19.67432319198141,-23.169788746244848,-1.1776663685024789,7,5,False,,stable
688692.SH,roiic,达梦数据,20250415.0,软件服务,20241231,-2.867889105623955,-0.18861600419015617,0.7054519891623403,0.07501682435461562,,,down,19.589863296444356,89.69427710301693,high_volatility,decreasing_vol,True,moderate,105.89389262744035,False,none,False,falling,mid_down,True,False,4.319403882415951,-3.751482394397354,-0.4,0.4624327264504764,-7.709814927818618,9.107739618973337,1.0,10,5,False,,stable
688693.SH,roiic,锴威特,20250409.0,半导体,20241231,26.629381212055637,1.2862045466934748,0.18890129862124214,0.46456767927898457,,,up,3.330987202439212,62.90012466258192,high_volatility,stable,False,none,1168.7334037279743,False,none,False,rising,top,False,False,4.220798526958077,20.119682110856125,0.6,0.22067136191984693,26.87214259031221,111.16543864048612,4.136828251297045,6,5,False,,stable
688695.SH,roiic,中创股份,20250428.0,软件服务,20241231,-17.686701873593737,-1.3956382205917097,0.24636505902050373,0.3950298672186942,,,down,3.574153025537362,58.75886166149114,high_volatility,stable,True,severe,91.20797951448603,False,none,False,falling,mid_down,False,False,1.2114423118752062,-22.562896568198866,-0.4,0.4624327264504764,11.133929541677496,-5.386346403058069,-0.48377766204603934,10,5,False,,stable
688698.SH,roiic,伟创电气,20250416.0,电气设备,20241231,-1.5888057678465668,-0.203977964757687,0.024120329260924653,0.8030545595729378,,,down,1.0713892267806728,6.660516309569719,high_volatility,decreasing_vol,True,severe,-98.38391725033516,False,none,False,falling,mid_down,False,False,-1.4098119972311998,-1.6828150839699445,-0.4,0.4624327264504764,5.740068446565899,0.15822938148663707,0.027565765627986665,8,5,False,,stable
688699.SH,roiic,明微电子,20250426.0,半导体,20241231,4.4010034803021805,0.2742631636555812,0.2578532136234781,0.38243224242847934,,,up,2.5838221500272587,261.82612766073925,high_volatility,stable,True,severe,-135.07525403280587,False,none,False,falling,bottom,False,True,-6.437660312822625,-35.583067652235634,-0.2,0.8064959405073401,88.27396584519948,-185.05847838883327,-2.0964106077816727,10,5,False,,stable
688700.SH,roiic,东威科技,20250426.0,专用机械,20241231,-2.7909613204983,-0.49230246529713817,0.09985452947134704,0.6044592441799789,,,down,2.1903153554174946,990.7392308174987,high_volatility,increasing_vol,False,none,22678.07062147608,False,none,False,rising,top,False,False,2.7128861579636743,15.033813089625042,0.2,0.8064959405073401,584.5766590303011,2224.4662248208574,3.8052600808776966,8,5,False,,stable
688702.SH,roiic,盛科通信-U,20250428.0,半导体,20241231,0.038173395075173124,0.020857077973602256,0.0004701962744043758,0.9723932251840126,,,up,2.809426943646176,47.675152773413735,high_volatility,decreasing_vol,False,none,481.91567918243487,False,none,False,rising,mid_up,False,False,2.9008084927085798,13.540268141915618,0.8,0.0864107329737,-9.840691208151336,17.664067464334583,1.0,7,5,False,,stable
688707.SH,roiic,振华新材,20250426.0,电气设备,20241231,-25.969450135659315,-0.9447084954755924,0.08460912877056023,0.6349355046222044,,,down,3.2085835556472704,279.59725613205694,high_volatility,increasing_vol,True,severe,-358.35845220013243,False,none,False,falling,bottom,False,True,-5.333654986330019,43.7151183603107,0.2,0.8064959405073401,96.46957634099996,-166.51112084437975,-1.7260480159651312,10,5,False,,stable
688709.SH,roiic,成都华微,20250430.0,半导体,20241231,-18.26952339774657,-1.8524843188291427,0.7476950223816003,0.05851868984853679,,,down,1.2500851556079218,28.997169957385054,ultra_stable,stable,True,severe,-157.73934811845697,False,none,False,falling,bottom,False,True,-3.681613154648812,-18.75108293499124,-1.0,0.02748633611151033,17.715298720389306,-15.07621039447552,-0.8510277265109651,7,5,False,,stable
688710.SH,roiic,益诺思,20250430.0,生物制药,20241231,-3.474843443816829,-1.1035971082645195,0.431186265896771,0.2286668039562528,,,down,1.1993593345968816,11.300055195578244,high_volatility,increasing_vol,True,severe,-5952.329613113124,False,none,False,falling,bottom,False,False,-1.1630936233351707,-5.04953801429855,-0.4,0.4624327264504764,8.379289783720028,-4.67396395856041,-0.5577995366196037,6,5,False,,stable
688711.SH,roiic,宏微科技,20250415.0,半导体,20241231,-0.00017868355690806582,-1.6888779797818997e-05,1.2873638126672228e-10,0.9999855535623617,,,down,2.2505619972165287,5034.220805062366,high_volatility,increasing_vol,True,severe,-248848.12661187787,False,none,False,falling,bottom,False,True,-3.9038951745177783,-26.910688341588703,-0.8,0.0864107329737,-2913.8953486256664,-11242.311101759606,1.0,10,5,False,,stable
688717.SH,roiic,艾罗能源,20250429.0,电气设备,20241231,-7.759373644032868,-0.7719671878451426,0.11916253164610348,0.5693708063324892,,,down,2.5077023495543616,1366.7992765746417,high_volatility,increasing_vol,True,severe,-1916.989056169691,False,none,False,falling,bottom,False,True,-7.245431707352178,-101.99741464830467,-0.6,0.22067136191984693,-729.8140575861714,-2987.412235187493,1.0,6,5,False,,stable
688719.SH,roiic,爱科赛博,20250418.0,电气设备,20241231,-2.2444043028156386,-0.11792844648483611,0.18080621250718154,0.4753903574303887,,,down,2.3265230714412963,2366.9538062498596,high_volatility,increasing_vol,True,severe,-37617.78837039585,False,none,False,falling,bottom,False,True,-6.296243703986904,-61.10902324176975,-1.0,0.02748633611151033,-1339.5707953697593,-5250.926083931217,1.0,6,5,False,,stable
688720.SH,roiic,艾森股份,20250426.0,半导体,20241231,-6.1258361728587065,-0.3612312968450505,0.472594624903621,0.19962416081574738,,,down,2.9053355515895043,65.16908512863706,high_volatility,increasing_vol,False,none,301.0698214058853,False,none,False,rising,top,True,False,5.1313240310842785,8.521972318544792,0.0,1.0,27.156324952743574,119.98588188142804,4.418340187423114,6,5,False,,stable
688721.SH,roiic,龙图光罩,20250328.0,半导体,20241231,-0.6282199553731977,-0.09078065593125925,0.2754217368307166,0.36388049705324593,,,down,2.1630534978857368,30.42934411383147,high_volatility,decreasing_vol,False,none,-53.8085628434418,False,none,False,rising,mid_up,False,False,-0.3828587868598885,-6.19138423196272,-0.4,0.4624327264504764,11.385739045288908,5.392893074202156,0.4736533177820882,5,5,False,,stable
688726.SH,roiic,拉普拉斯,20250417.0,专用机械,20241231,0.42915164200481043,0.015655474044471696,0.1838584866027081,0.47127540799122475,,,up,1.268307258252967,24.80592980119005,high_volatility,decreasing_vol,True,mild,17.741357242004952,False,none,False,falling,mid_down,False,False,0.0816006086448684,3.6597111750595253,0.4,0.4624327264504764,21.634821376854397,28.48085188919353,1.3164357307642591,5,5,False,,stable
688728.SH,roiic,格科微,20250429.0,半导体,20241231,-7.551287418917811,-1.071086313433662,0.20847255541341692,0.4395373714280907,,,down,54.566540622491736,21.75116977705323,high_volatility,decreasing_vol,False,none,111.0207794479531,False,none,False,rising,mid_up,True,False,2.909387596812852,-9.114474066980481,-0.4,0.4624327264504764,-2.6640035748588753,3.004383512380871,1.0,8,5,False,,stable
688729.SH,roiic,屹唐股份,20250619.0,半导体,20241231,-0.6460292076781513,-0.4353452242036574,0.037033532028450666,0.7564973918318264,,,down,2.075355862150461,713.3463843168121,high_volatility,decreasing_vol,False,none,-78.73620724246958,False,none,False,rising,mid_up,False,False,-0.7738244711884523,-25.105190653363973,-0.2,0.8064959405073401,295.4160991499743,21.509473746393905,0.07281077032797106,7,5,False,,stable
688739.SH,roiic,成大生物,20250424.0,生物制药,20241231,96.78212669947689,0.8635741371899425,0.068845675978776,0.6697954596612102,,,up,2.13810029483371,270.33598966568843,high_volatility,increasing_vol,True,mild,240.4857764652143,False,none,False,falling,mid_down,True,False,6.1128997893040875,72.58628813469497,0.2,0.8064959405073401,155.47210697184693,267.65944683236495,1.7215914291354721,10,5,False,,stable
688750.SH,roiic,金天钛业,20250410.0,小金属,20241231,-0.5731803768623488,-0.1594938616354435,0.19644869043630434,0.4547318203823729,,,down,2.3159642502625566,21.903441537615528,high_volatility,decreasing_vol,True,severe,115.02270652449286,False,none,False,falling,mid_down,True,False,2.746322851637274,-6.448279239701425,-0.2,0.8064959405073401,8.317409009623676,2.9788219694839,0.3581430185815376,5,5,False,,stable
688755.SH,roiic,汉邦科技,20250424.0,专用机械,20241231,-0.43089369525927407,-0.26242499868903296,0.029469097783820848,0.782506810578101,,,down,2.2238108279179185,632.3491463150771,high_volatility,increasing_vol,False,none,12601.495882411566,False,none,False,rising,top,False,False,2.4211490140591794,10.2673612506366,0.4,0.4624327264504764,369.1231284787637,1415.4728184044318,3.834690132362883,5,5,False,,stable
688766.SH,roiic,普冉股份,20250331.0,半导体,20241231,42.07721928938778,0.5211371729457707,0.7077850783586869,0.07405977267396241,,,up,10.122471823577508,321.00005427901414,high_volatility,stable,True,mild,123.55739229020206,False,none,False,falling,mid_down,True,False,6.34176930975278,32.37796912811995,0.2,0.8064959405073401,-19.088461558130476,137.79263662215132,1.0,8,5,False,,stable
688767.SH,roiic,博拓生物,20250426.0,医疗保健,20241231,32.40603665351309,0.15089290770064084,0.002186189883931754,0.9404892071478219,,,up,20.056447613669057,486.4411473388788,high_volatility,increasing_vol,True,severe,-545.4400575602862,False,none,False,falling,bottom,False,False,-0.9323727309178027,-163.7713515333844,-0.4,0.4624327264504764,-68.82508469335696,-780.2546600340831,1.0,8,5,False,,stable
688772.SH,roiic,珠海冠宇,20250331.0,电气设备,20241231,-1.6601173870333377,-0.00866556396690057,0.00037592018824888677,0.9753151364464537,,,down,3.1228073244078924,28.48046897058029,high_volatility,stable,True,severe,139.41181981780807,False,none,False,falling,mid_down,True,False,3.8576753612738517,-3.475427306814029,-0.2,0.8064959405073401,8.622114063666778,14.854791829030004,1.722871179775673,9,5,False,,stable
688775.SH,roiic,影石创新,20250522.0,IT设备,20241231,-3.5317842782508038,-0.16214726835228008,0.17519504583731163,0.48306703835137127,-0.18600703482859993,-0.18600703482859993,down,0.5004634930404819,21.32799090322073,volatile,stable,True,severe,-62.23456507727724,False,none,False,falling,bottom,False,False,-0.4863718295676436,-1.9316704712440655,0.0,1.0,41.55694164203656,14.395031288771706,0.34639294230955964,8,5,False,,stable
688776.SH,roiic,国光电气,20250425.0,元器件,20241231,-37.505100460823265,-2.729453380586593,0.7317930856133348,0.06452338547655112,,,down,1.8622088045161354,170.47461987258853,volatile,increasing_vol,True,severe,-398.39137222994634,False,none,False,falling,bottom,True,False,-0.8030846045471454,-82.46800967784876,-1.0,0.02748633611151033,-122.56175884941543,-358.9156135576313,1.0,8,5,False,,stable
688777.SH,roiic,中控技术,20250401.0,专用机械,20241231,0.3604942838795887,0.05040135865631949,0.19305814810893637,0.45912092455875875,,,up,70.33036167227277,26.37228637659747,high_volatility,increasing_vol,True,severe,-299.9291267515726,False,none,False,falling,bottom,False,True,-4.172454623578082,-7.1319066005170555,-0.2,0.8064959405073401,-3.4128819129295493,-45.85145268437418,1.0,9,5,False,,stable
688778.SH,roiic,厦钨新能,20250426.0,电气设备,20241231,-0.5630783411629874,-0.012164721035286518,0.005759039377450525,0.9034687948717145,,,down,2.2344748361513074,134.14468195633793,high_volatility,increasing_vol,True,severe,-402.47920492251626,False,none,False,falling,bottom,False,False,-4.188291056014449,-5.217408300471751,0.0,1.0,63.47708835244806,-57.29302677646471,-0.9025780523888056,9,5,False,,stable
688779.SH,roiic,五矿新能,20250419.0,电气设备,20241231,-0.010100708446888618,-0.0004171854124188634,3.9202349264635166e-05,0.9920280727302508,,,down,2.5480870114488146,184.68762815568383,high_volatility,increasing_vol,True,mild,26.459690264921843,False,none,False,falling,mid_down,False,False,0.11724839584572111,43.452707639418975,0.4,0.4624327264504764,90.60914510288221,24.14042853467473,0.2664237534441415,10,5,False,,stable
688786.SH,roiic,悦安新材,20250425.0,小金属,20241231,-1.567099035261819,-0.04532343454607561,0.2954173290056236,0.343734954982786,,,down,1.114432653626003,38.97484280692061,high_volatility,decreasing_vol,True,severe,-174.70950642634634,False,none,False,falling,bottom,False,False,-0.5051707999379613,-21.829826354255843,-0.8,0.0864107329737,-40.44193562696646,-89.90215865189897,1.0,8,5,False,,stable
688787.SH,roiic,海天瑞声,20250426.0,软件服务,20241231,-21.808266614506046,-0.4248909672372568,0.6566890848853474,0.09626314841946473,,,down,11.948011581531517,109.20319273588662,high_volatility,increasing_vol,True,severe,-105.62269736223162,False,none,False,falling,bottom,False,False,-0.3604084145169213,-20.13568642936533,-0.2,0.8064959405073401,-9.278001423963325,-120.1362849047219,1.0,9,5,False,,stable
688789.SH,roiic,宏华数科,20250426.0,专用机械,20241231,-0.19627643316824503,-0.017626471510544483,0.18881930681634507,0.46467585456696114,,,down,3.381336208274824,16.305944492839757,high_volatility,stable,False,none,144.63466784758148,False,none,False,rising,mid_up,True,False,3.474731277352765,-1.0486429189865136,-0.4,0.4624327264504764,4.495637717001355,10.772172746822301,2.3961389740291335,8,5,False,,stable
688798.SH,roiic,艾为电子,20250410.0,半导体,20241231,32.17086921727848,0.7219152842666133,0.8645861898331433,0.022076215760292495,,,up,6.417750401134771,117.32813241164,high_volatility,increasing_vol,True,mild,168.90227544953282,False,none,False,falling,mid_down,True,False,5.6305538777948545,30.588119406796814,0.4,0.4624327264504764,27.93307683439283,115.71756518015872,4.142671638581558,10,5,False,,stable
688799.SH,roiic,华纳药厂,20250422.0,化学制药,20241231,-13.017865401853163,-1.6412422728907337,0.4120729096622093,0.24291930500387393,,,down,8.479403852006184,26.845676020266172,high_volatility,increasing_vol,True,severe,-71.15074104431118,False,none,False,falling,bottom,False,False,-0.26852555945254974,-15.962391186471077,-0.6,0.22067136191984693,-7.071345872515704,-38.60000099273934,1.0,9,5,False,,stable
688800.SH,roiic,瑞可达,20250415.0,元器件,20241231,-0.9865760657770316,-0.0759579828163421,0.3017843776473428,0.33752250458116934,,,down,2.9873387463265924,34.204529621199065,high_volatility,increasing_vol,False,none,-45.58330120389121,False,none,False,rising,mid_up,False,False,-0.30347543672196653,-13.78708811884568,-0.6,0.22067136191984693,7.1646710658073935,10.638264897515873,1.484822513106823,10,5,False,,stable
688819.SH,roiic,天能股份,20250328.0,电气设备,20241231,0.3001477008321771,0.29185356259913214,0.024885045870111783,0.7999827077527312,,,up,2.555062475035177,39.57472012898086,high_volatility,decreasing_vol,True,severe,-177.86696642187403,False,none,False,falling,mid_down,False,False,-3.061188361270627,-11.622900158804363,-0.4,0.4624327264504764,10.346322278421045,-9.399839969347932,-0.9085199277962608,10,5,False,,stable
688981.SH,roiic,中芯国际,20250212.0,半导体,20241231,0.2146313983092643,0.044125341831754386,0.2397559284741062,0.4024550934484957,,,up,22.930332404967245,25.943264909050836,high_volatility,increasing_vol,False,none,-16.79740153907287,False,none,False,rising,mid_up,False,False,-0.0906142829838692,-4.486055461936926,-0.2,0.8064959405073401,-0.9502526543025696,5.315670405655699,1.0,10,5,False,,stable
830809.BJ,roiic,安达科技,20250429.0,电气设备,20241231,-9.402938348445186,0.09723661870691576,0.0011834331058408597,0.9562078475092657,,,up,7.853010621903864,160.49274593612358,high_volatility,increasing_vol,False,none,-112.81658414961203,False,none,False,rising,mid_up,False,True,-3.571689031738257,-41.58177825860036,-0.2,0.8064959405073401,-32.200517622888874,-6.348399288946055,1.0,10,5,False,,stable
830946.BJ,roiic,森萱医药,20250415.0,化学制药,20241231,-19.0889265635681,-1.6816317859323742,0.3196871192507619,0.3205458353249024,,,down,1.6225998468571083,48.90187135246474,high_volatility,stable,True,severe,-349.35441891185195,False,none,False,falling,bottom,False,False,-4.5862492323366055,-18.35853394327437,-0.6,0.22067136191984693,-35.864651571856804,-77.46330041857308,1.0,10,5,False,,stable
831152.BJ,roiic,昆工科技,20250429.0,小金属,20241231,1.141996061872638,-0.014224617655297544,7.126605376977342e-05,0.9892515382392122,,,down,1.7600401112491018,57.772776167730285,high_volatility,increasing_vol,True,severe,-1777.728589512547,False,none,False,falling,bottom,False,True,-4.18451831119475,-14.738931360086676,-0.2,0.8064959405073401,-40.019886922363995,-134.21396209725717,1.0,10,5,False,,stable
831167.BJ,roiic,鑫汇科,20250429.0,元器件,20241231,-3.727258956038644,-0.8636865839932405,0.16533945617048879,0.49691919389264344,,,down,2.89084706649947,26.42028590991932,high_volatility,decreasing_vol,False,none,96.44236078647813,False,none,False,rising,mid_up,True,False,1.6217497013871869,-2.3552539504760506,0.0,1.0,-10.25746638045794,-1.5315651042555423,1.0,10,5,False,,stable
831175.BJ,roiic,派诺科技,20250426.0,电气设备,20241231,-10.082917222782394,-0.8500235393066639,0.16097570203245332,0.5032109149739666,,,down,19.906721173636647,61.20284007312738,high_volatility,increasing_vol,True,severe,-6864.712148237704,False,none,False,falling,bottom,True,False,-2.072062751150999,-32.51462208187512,-0.8,0.0864107329737,-13.441111719910179,-102.53345528321118,1.0,10,5,False,,stable
831396.BJ,roiic,许昌智能,20250329.0,电气设备,20241231,-7.3118888395031645,-1.4019521906339238,0.6930601900266262,0.0801904853575476,,,down,1.4149610701007567,13.498163345789141,high_volatility,decreasing_vol,True,severe,-420.95268177133806,False,none,False,falling,bottom,False,True,-2.0589113923105473,-7.613758100667346,-0.6,0.22067136191984693,7.346033858025949,-6.824815846186944,-0.9290476981303938,10,5,False,,stable
831627.BJ,roiic,力王股份,20250412.0,电气设备,20241231,-1.5083925483762917,-0.43556091512492523,0.10850248337676646,0.5883113618014801,,,down,2.573232933654153,101.95182765248786,high_volatility,decreasing_vol,False,none,-64.80456196040761,False,none,False,rising,mid_up,False,False,-0.46429177194951055,-4.2562215419924865,-0.2,0.8064959405073401,-35.21669058224195,1.2256309887544246,1.0,10,5,False,,stable
831689.BJ,roiic,克莱特,20250426.0,专用机械,20241231,-13.055955738041465,-1.6375775360080538,0.6560489243754992,0.09655802558913518,,,down,1.3886037250905554,24.249173817377745,high_volatility,decreasing_vol,True,severe,-320.2354915982961,False,none,False,falling,bottom,False,True,-2.894293215442747,-12.75160576586299,-0.6,0.22067136191984693,13.546203892267776,-13.354383503971679,-0.985839546649258,10,5,False,,stable
831832.BJ,roiic,科达自控,20250430.0,软件服务,20241231,-1.1035802213355688,-0.292823694560011,0.02831527018654057,0.7867656047903507,,,down,14.773771204590618,7.484731427263691,high_volatility,stable,True,severe,17.51485568242588,False,none,False,falling,mid_down,False,False,0.09546464615441708,-0.6957753698100542,-0.2,0.8064959405073401,-0.8376970080730026,-6.972325708526209,1.0,10,5,False,,stable
831856.BJ,roiic,浩淼科技,20250425.0,专用机械,20241231,1.9182751101237687,0.5641358907244406,0.12716977732172394,0.555767683562147,,,up,11.737589293924163,92.36520178217884,high_volatility,stable,True,severe,2.8116914399187007,False,none,False,falling,mid_down,False,False,0.013827924414981041,46.59971936853799,0.8,0.0864107329737,5.447049884474055,13.942972389415823,2.559729153418998,10,5,False,,stable
832110.BJ,roiic,雷特科技,20250411.0,电气设备,20241231,12.825899134930935,1.6640940762469931,0.3811437597447993,0.2672118892827602,,,up,3.784569928862833,102.02578159378525,high_volatility,decreasing_vol,False,none,997.1023977240625,False,none,False,rising,mid_up,False,False,1.1898438568909306,6.409299160733127,0.0,1.0,24.410558055026343,43.26158689345373,1.7722489914377768,10,5,False,,stable
832149.BJ,roiic,利尔达,20250429.0,元器件,20241231,3.433312051007303,-0.6421829930730402,0.03875492159020347,0.7509751819922011,,,down,4.508654932663548,82.8588693021434,high_volatility,increasing_vol,False,none,524.9351592025733,False,none,False,rising,top,True,False,4.743103737182764,-4.217841720650114,0.0,1.0,19.407729445529814,118.29359233291308,6.095179380200999,10,5,False,,stable
832171.BJ,roiic,志晟信息,20250426.0,软件服务,20241231,-1.932341285455911,-0.37912003018140716,0.024407030031136805,0.801897118705627,,,down,1.8135983183095865,205.5644559795112,high_volatility,increasing_vol,True,severe,-114.02406872251369,False,none,False,falling,bottom,False,True,-4.607209359147494,42.89668633548103,0.2,0.8064959405073401,126.84982833350277,-18.75579297578249,-0.14785824484106794,10,5,False,,stable
832278.BJ,roiic,鹿得医疗,20250426.0,医疗保健,20241231,2.678925078429347,-1.3669388638310036,0.16507187243015062,0.49730212192741,,,down,1.370084037044354,528.0605949446732,high_volatility,stable,True,severe,-24.707865252038268,False,none,False,falling,bottom,False,False,-0.10984240418329261,-4.677049178195521,-0.2,0.8064959405073401,386.2257251256922,-11.094639054098742,-0.02872578995220511,10,5,False,,stable
832491.BJ,roiic,奥迪威,20250326.0,元器件,20241231,-9.410213731024978,-0.2807182578880664,0.028765610457822482,0.7850929497598722,,,down,0.9046043322457794,23.13901790973435,high_volatility,decreasing_vol,False,none,935.0743099277508,False,none,False,rising,mid_up,True,False,2.736273308873276,-9.414391122644616,-0.4,0.4624327264504764,22.7560947293896,21.906735925281467,0.9626755463005179,10,5,False,,stable
832522.BJ,roiic,纳科诺尔,20250419.0,专用机械,20241231,-23.206967869289297,-1.9314272533362167,0.6945096929395765,0.07957742942413758,,,down,1.413236583660973,124.1818693514992,high_volatility,decreasing_vol,True,severe,-124.35048844491168,False,none,False,falling,bottom,False,False,-4.310870146415148,-35.873816429468576,-0.8,0.0864107329737,73.23782019753651,-18.37557056008996,-0.2509027509356164,10,5,False,,stable
832566.BJ,roiic,梓橦宫,20250429.0,化学制药,20241231,-1.810819015746434,-0.5383124878973609,0.1376195688843787,0.5387340952452984,,,down,91.82749921696438,19.231023161729908,high_volatility,increasing_vol,True,severe,-416.7812198309509,False,none,False,falling,bottom,False,True,-3.5983216878408766,-9.657646705753876,-0.8,0.0864107329737,-3.3664123019622183,-32.47242371349267,1.0,10,5,False,,stable
832735.BJ,roiic,德源药业,20250401.0,化学制药,20241231,-0.8191357506672251,0.01504846351118605,0.001545192979877534,0.9499631920296931,-0.059974219733244016,-0.059974219733244016,up,0.49495104014138147,10.524835519827226,volatile,decreasing_vol,False,none,11.913986562755065,False,none,False,rising,mid_up,False,False,0.05623590321941152,-0.22595396084866692,0.0,1.0,21.018656490372578,26.6739585370878,1.2690610624568504,10,5,False,,stable
832876.BJ,roiic,慧为智能,20250422.0,元器件,20241231,-12.534933716563646,-0.7681608958533716,0.30405006513905375,0.3353344343578182,,,down,1.9506538093201276,247.0067112985931,high_volatility,increasing_vol,True,severe,185.8158568787245,False,none,False,falling,mid_down,False,False,1.2503446515996666,-3.3039035904903162,-0.2,0.8064959405073401,139.75942256130793,1.483352603358511,0.010613614282126933,10,5,False,,stable
832982.BJ,roiic,锦波生物,20250422.0,医疗保健,20241231,1.1303752036614632,0.02743165189781944,0.09891531589265674,0.6062591721949528,,,up,1.214864676358827,41.58949072961859,volatile,stable,False,none,160.7204439366004,False,none,False,rising,top,False,True,0.4790401029810303,26.019237367138366,0.8,0.0864107329737,41.499889652450804,85.46594061253299,2.0594257316895237,10,5,False,,stable
833030.BJ,roiic,立方控股,20250429.0,软件服务,20241231,-7.880585150460233,-1.6648837968707144,0.6072667192320221,0.12027834373903447,,,down,2.16520281309775,72.22076574662674,high_volatility,increasing_vol,False,none,1047.4713202906642,False,none,False,rising,top,True,False,4.635615075266451,-0.5246064012101632,0.0,1.0,40.64056692363984,158.59132481495303,3.902291154376183,10,5,False,,stable
833230.BJ,roiic,欧康医药,20250418.0,生物制药,20241231,4.689468109011736,0.09591906721769287,0.005646583708899357,0.9044141181843284,0.15447873500541043,0.15447873500541043,up,1.782625390341957,340.9794878404931,high_volatility,increasing_vol,True,mild,59341.71342893428,False,none,False,falling,mid_down,True,False,2.3767937853539585,13.146251724653549,0.4,0.4624327264504764,215.29499303509658,64.64573646950532,0.300265861078186,10,5,False,,stable
833284.BJ,roiic,灵鸽科技,20250426.0,专用机械,20241231,-45.99300008545729,-0.7776053533248144,0.0804235327621032,0.6438214487128544,,,down,1.5832694027325065,261.6792856690625,high_volatility,increasing_vol,False,none,1651.3289091729912,False,none,False,rising,top,False,False,1.431372341536966,11.212795375738613,0.0,1.0,186.28811698723,595.7304000577655,3.1978980178247363,10,5,False,,stable
833346.BJ,roiic,威贸电子,20250426.0,元器件,20241231,3.1666289056849446,0.5433027718957788,0.06693815207500861,0.6742951791323066,,,up,2.8650411024698426,16.330773667498907,high_volatility,increasing_vol,False,none,895.0131127185058,False,none,False,rising,top,False,False,1.132752883772699,3.4142521762185334,0.2,0.8064959405073401,6.6500024179029715,26.96482000107443,4.054858676213471,10,5,False,,stable
833455.BJ,roiic,汇隆活塞,20250430.0,专用机械,20241231,-3.412125332483035,-0.6155564868065257,0.19135284691754534,0.4613465392531063,,,down,1.3070796145575658,31.84210338623821,high_volatility,decreasing_vol,False,none,-36.26980273767674,False,none,False,rising,mid_up,False,False,-0.2239072063839238,-15.387179717857355,-0.8,0.0864107329737,19.229310722267957,7.383429257002081,0.3839674423926132,10,5,False,,stable
833523.BJ,roiic,德瑞锂电,20250429.0,电气设备,20241231,10.579682643601835,0.7121804725892323,0.9116777032537077,0.011450235771217364,,,up,9.159588166358148,64.29091665263314,high_volatility,stable,False,none,141.94769325267242,False,none,False,rising,top,True,False,5.025047429424373,10.009250438492305,0.6,0.22067136191984693,-3.8450698032626,49.27743905979177,1.0,10,5,False,,stable
833575.BJ,roiic,康乐卫士,20250430.0,生物制药,20241231,1.8226052728219386,0.08856120143609329,0.19463788951780392,0.45707002244314476,,,up,1.8933267369630302,136.89836149175036,high_volatility,stable,False,none,106.02845005071899,False,none,False,rising,top,True,False,5.041312021258707,9.664279633499905,0.4,0.4624327264504764,-69.30721505337058,18.981729079868227,1.0,10,5,False,,stable
833751.BJ,roiic,惠同新材,20250401.0,小金属,20241231,4.641335015131457,0.8538361077073695,0.19147304990527658,0.4611892593886128,,,up,2.248193576639913,49.429384270459096,high_volatility,increasing_vol,True,severe,-594.0024006122717,False,none,False,falling,bottom,False,True,-4.558361351417893,-7.461618845809097,0.0,1.0,-26.824534180986,-106.01885665451591,1.0,10,5,False,,stable
833781.BJ,roiic,瑞奇智造,20250402.0,专用机械,20241231,-13.452872719648578,-1.5147135232026998,0.6186229608139895,0.11453326265465957,,,down,85.2832243176177,58.723028634295524,high_volatility,increasing_vol,False,none,-232.39939159449884,False,none,False,rising,mid_up,False,True,-2.533055641969474,-19.779978981282504,-0.8,0.0864107329737,-8.34902970850179,-7.196977797373981,1.0,10,5,False,,stable
833914.BJ,roiic,远航精密,20250425.0,小金属,20241231,3.3546805693381643,0.1251112715933774,0.004507185047953768,0.9145845902737517,,,up,1.9970304835488362,395.1538822680298,high_volatility,increasing_vol,True,mild,731.4992272666567,False,none,False,falling,mid_down,True,False,3.439353044778964,10.543968357865339,0.4,0.4624327264504764,225.2113279458774,39.03062222282125,0.17330665636943918,10,5,False,,stable
834014.BJ,roiic,特瑞斯,20250426.0,专用机械,20241231,-22.870768251426995,-1.87273049301862,0.6008787850905708,0.12357069003527286,,,down,2.733211644765009,374.1697696384945,high_volatility,increasing_vol,False,none,-700.6948876238624,False,none,False,rising,mid_up,False,True,-3.2818672475319506,-31.80207267505729,-0.6,0.22067136191984693,-168.5552193698871,-32.48700856562594,1.0,10,5,False,,stable
834062.BJ,roiic,科润智控,20250430.0,电气设备,20241231,-3.469918093675195,-0.6664711651960357,0.10167702246156018,0.6009932276530441,,,down,3.6165892691011203,13.220216177221713,high_volatility,decreasing_vol,True,severe,-166.3149310704348,False,none,False,falling,mid_down,False,False,-2.7290133271106005,-5.206600708838604,-0.4,0.4624327264504764,2.6144621108434967,-6.208107648693613,-2.374525766866328,10,5,False,,stable
834415.BJ,roiic,恒拓开源,20250426.0,软件服务,20241231,-1.1125009660418903,-0.5023425040134504,0.3061891743436804,0.3332793301118331,,,down,5.712076563149754,108.38590731704966,high_volatility,increasing_vol,True,severe,90.73912292096675,False,none,False,falling,mid_down,False,False,1.189205863221182,1.3692624552921062,0.0,1.0,-14.895209505680167,-16.05884213785179,1.0,10,5,False,,stable
834475.BJ,roiic,三友科技,20250426.0,专用机械,20241231,-3.425956471770818,-1.3755787338059,0.19461108146201214,0.45710473974089044,,,down,2.2244453319684023,18105.137360017572,high_volatility,increasing_vol,True,severe,-67068.823286252,False,none,False,falling,bottom,False,False,-8.049481432970218,-153.1434101850047,-0.4,0.4624327264504764,-10569.367044241922,-40526.293403031974,1.0,10,5,False,,stable
834639.BJ,roiic,晨光电缆,20250430.0,电气设备,20241231,-3.461526153451723,-1.110868067688973,0.5299377111554461,0.16319086193573404,,,down,2.0236910936427663,22.111459201190524,high_volatility,increasing_vol,True,severe,-229.4024926789302,False,none,False,falling,bottom,False,False,-0.5765635581638368,-1.8230029398312446,-0.2,0.8064959405073401,11.31842445769105,-7.670793096820401,-0.6777262264279172,10,5,False,,stable
834770.BJ,roiic,艾能聚,20250429.0,电气设备,20241231,-305.339061410364,-3.30670521608272,0.9019501064259541,0.013435254131712059,,,down,1.3561423278941753,561.0673056387319,high_volatility,decreasing_vol,True,severe,-160.81606791168872,False,none,False,falling,mid_down,False,True,-4.648064419456993,-275.32609884506263,-0.8,0.0864107329737,322.1213061431693,-40.69705756756435,-0.12634078153612177,10,5,False,,stable
834950.BJ,roiic,迅安科技,20250418.0,元器件,20241231,0.7232666826767904,-0.2020186119613702,0.026078149117741603,0.7952851717318953,,,down,4.09814844136043,49.467321975415075,high_volatility,decreasing_vol,False,none,180.43586729098982,False,none,False,rising,mid_up,False,False,0.5092007517027961,-1.9079350866070652,0.0,1.0,8.4502408201013,11.447857170916533,1.3547373873280097,10,5,False,,stable
835184.BJ,roiic,国源科技,20250419.0,软件服务,20241231,-3.6254494921717026,0.45507313343759714,0.1905036750914602,0.4624593835708184,,,up,3.6080899585134962,415.96863407339623,high_volatility,increasing_vol,False,none,-53.802366426238066,False,none,False,rising,mid_up,False,False,-0.3860439145834169,-31.149734994097543,-0.2,0.8064959405073401,-143.6279505196409,35.752934410701485,1.0,10,5,False,,stable
835207.BJ,roiic,众诚科技,20250430.0,软件服务,20241231,-10.137885997394426,-2.040225517894682,0.6921141756775114,0.08059172296089599,,,down,2.578591123746338,236.47786936651642,high_volatility,increasing_vol,False,none,1291.4450420902187,False,none,False,rising,top,True,False,5.693207451181928,-0.8395125772355438,0.0,1.0,120.234753844633,512.2783782546768,4.26065144955211,10,5,False,,stable
835237.BJ,roiic,力佳科技,20250423.0,电气设备,20241231,1.000314914989025,-0.5308731993895487,0.05747668206771336,0.6976996665001691,,,down,1.6979620641141002,31.126499161535303,high_volatility,stable,False,none,6106.952415022556,False,none,False,rising,top,False,False,1.9383251364776182,-2.267372222916851,0.0,1.0,18.63177562296532,51.15045681272581,2.74533452140108,10,5,False,,stable
835368.BJ,roiic,连城数控,20250426.0,专用机械,20241231,-11.288586756670195,-1.0219940711759015,0.15053667094614173,0.5186855138871131,,,down,8.164735405058542,29.68906262445631,high_volatility,decreasing_vol,True,severe,-511.59641748699414,False,none,False,falling,bottom,False,False,-3.7799943295548006,-7.996284548278419,-0.6,0.22067136191984693,-7.022831355748412,-44.395998716817985,1.0,10,5,False,,stable
835438.BJ,roiic,戈碧迦,20250412.0,元器件,20241231,-2.6928684101665716,-1.1071393259079385,0.312407829586272,0.32736317364075385,,,down,1.4378653953301008,28.442691311260234,high_volatility,stable,True,severe,-586.8928744526461,False,none,False,falling,bottom,False,False,-2.2375471701451017,-3.2450880087562757,-0.2,0.8064959405073401,18.973331376856937,-10.04981299107847,-0.529680992307809,10,5,False,,stable
835508.BJ,roiic,殷图网联,20250429.0,电气设备,20241231,152.75727769646642,2.5365090567103588,0.4240134762528828,0.23395009221453678,,,up,1.6494253509301908,616.5335940744214,high_volatility,decreasing_vol,False,none,110.00229438391436,False,none,False,rising,top,True,False,6.013730952585881,187.27021340202668,0.6,0.22067136191984693,-327.95971994602,64.675066186372,1.0,10,5,False,,stable
835670.BJ,roiic,数字人,20250430.0,软件服务,20241231,56.28910597558665,2.7622335678670655,0.6465038363151865,0.10100455568149998,,,up,1.905325300407271,124.26746582188836,high_volatility,decreasing_vol,True,mild,-14.328829014124366,False,none,False,falling,mid_down,False,True,-0.07732502674675645,45.897903683125186,0.4,0.4624327264504764,82.10786006684823,133.0327134437987,1.6202189819036805,10,5,False,,stable
835892.BJ,roiic,中科美菱,20250322.0,医疗保健,20241231,6.841713112832812,0.16056064184765867,0.01573586433586294,0.8407013067890866,0.36202071039331885,0.36202071039331885,up,1.7603329907072103,741.1272696426927,high_volatility,increasing_vol,True,mild,11950.378013744757,False,none,False,falling,mid_down,True,False,2.3113349100295335,43.43077305921757,0.2,0.8064959405073401,472.7573902974033,129.02672562770684,0.27292376232667337,10,5,False,,stable
835985.BJ,roiic,海泰新能,20250424.0,电气设备,20241231,1.9493633131548953,0.15271477794070357,0.035054237585917976,0.7630143555214504,,,up,1.8922639792279834,51.05393661379152,high_volatility,decreasing_vol,False,none,1566.2561874287978,False,none,False,rising,mid_up,False,False,1.2798141245498567,-0.9969696154582084,-0.2,0.8064959405073401,24.087017841428505,13.612365819822209,0.5651328823450116,10,5,False,,stable
836239.BJ,roiic,长虹能源,20250419.0,电气设备,20241231,-4.0126404536553455,-0.1227125594640989,0.0023438261492552395,0.9383826421870941,,,down,4.217344394924165,429.79350897695497,high_volatility,increasing_vol,False,none,559.7451786643664,False,none,False,rising,top,True,False,5.693287438418281,-38.271420990448334,-0.2,0.8064959405073401,-110.929421524515,318.2585289121346,1.0,10,5,False,,stable
836260.BJ,roiic,中寰股份,20250426.0,专用机械,20241231,1.6081292886040024,0.6658649413132658,0.2769873175103844,0.3622670725927803,,,up,2.2320312274831555,58.50439147747524,high_volatility,stable,False,none,101.25592193021873,False,none,False,rising,mid_up,False,False,3.4165859914375685,1.6643078819296968,0.2,0.8064959405073401,-25.728839423645706,1.6382483223707032,1.0,10,5,False,,stable
836395.BJ,roiic,朗鸿科技,20250326.0,IT设备,20241231,-36.853943343480225,-0.1555894924096724,0.004898924296359074,0.9109558319218385,,,down,1.5911676863647541,777.9588638203677,high_volatility,increasing_vol,True,mild,3893.2203685659806,False,none,False,falling,mid_down,True,False,3.8445403698261904,-18.130221202853942,0.0,1.0,530.0253174808506,142.6906556333775,0.26921479206232973,10,5,False,,stable
836504.BJ,roiic,博迅生物,20250408.0,医疗保健,20241231,11.683517710988383,0.9242031296619778,0.15453264674165632,0.5126891219826715,,,up,2.948070622415323,110.01761731882758,high_volatility,stable,False,none,183227.57809384895,False,none,False,rising,top,False,False,2.9446608066722537,44.3861482015521,0.6,0.22067136191984693,52.83663080130397,201.51613581264303,3.813947497342502,10,5,False,,stable
836547.BJ,roiic,无锡晶海,20250419.0,化学制药,20241231,-38.904493713269055,-2.693295077950844,0.925834078613594,0.008770956221690943,,,down,2.155924447280134,63.8903449641517,high_volatility,decreasing_vol,True,severe,-3777.3313920487176,False,none,False,falling,mid_down,True,False,-1.7330604477817928,-38.49166157962249,-1.0,0.02748633611151033,17.96343108468478,-38.30888043225064,-2.1326037465588596,10,5,False,,stable
836717.BJ,roiic,瑞星股份,20250423.0,专用机械,20241231,-35.859970568767494,-1.3549348872912113,0.2723870616012197,0.36702601195951645,,,down,1.5431006233637659,95.47962985734897,high_volatility,stable,True,severe,0.8960550540105845,False,none,False,falling,mid_down,False,False,0.004500385926443418,-30.569773673291586,-0.4,0.4624327264504764,-72.63317183721267,-163.98257003137041,1.0,10,5,False,,stable
836961.BJ,roiic,西磁科技,20250426.0,专用机械,20241231,-38.775843164499726,-0.3778155380623753,0.01102312628891649,0.8665672094018757,,,down,6.991352880876373,141.50371870602208,high_volatility,increasing_vol,True,severe,-307.27678453389467,False,none,False,falling,bottom,False,True,-5.802702730758604,-35.52720557273052,-0.2,0.8064959405073401,-31.87257221138157,-238.40867463431113,1.0,10,5,False,,stable
837046.BJ,roiic,亿能电力,20250430.0,电气设备,20241231,-7.06349884011797,-1.5829632429922722,0.5943096895007068,0.1270024480593866,,,down,2.2312404716889627,1410.1802524464445,high_volatility,increasing_vol,True,severe,-39165.25024557635,False,none,False,falling,bottom,False,False,-2.984536913579933,-14.708263810653314,-1.0,0.02748633611151033,-823.3187148937942,-3154.4651206791723,1.0,10,5,False,,stable
837092.BJ,roiic,汉鑫科技,20250424.0,软件服务,20241231,-5.625608199248956,-0.21024831158545662,0.006330155342435438,0.8988051450549239,,,down,2.3448026472799364,132.23031978353657,high_volatility,stable,True,severe,-127.81876824629906,False,none,False,falling,bottom,False,True,-5.650029790742364,1.7801005452714094,0.0,1.0,54.705259580327905,-74.9730723965974,-1.370491118619202,10,5,False,,stable
837212.BJ,roiic,智新电子,20250424.0,元器件,20241231,-24.11872083958182,-1.2086546262725228,0.14350940210804455,0.529461993624248,,,down,1.9167295786575251,95.91667680317094,high_volatility,increasing_vol,False,none,106.29223351036627,False,none,False,rising,mid_up,True,False,4.136708531566697,-33.87692389596491,-0.6,0.22067136191984693,-57.2774572456108,7.835011344935866,1.0,10,5,False,,stable
837344.BJ,roiic,三元基因,20250426.0,生物制药,20241231,-2.4314739648774277,0.1594592722370754,0.013591874065104474,0.8518973461236948,,,up,1.9155406162221706,94.73843104169272,high_volatility,decreasing_vol,True,severe,-396.03471704334976,False,none,False,falling,mid_down,False,False,-0.7948733108160361,1.8602970419034806,0.2,0.8064959405073401,-43.79830297058235,-22.21722710804579,1.0,10,5,False,,stable
837592.BJ,roiic,华信永道,20250429.0,软件服务,20241231,-85.05748766573402,-1.3545791565517522,0.24495063286955845,0.39660776839905676,,,down,1.354702711967034,199.1871911677196,high_volatility,decreasing_vol,False,none,1171.566198870406,False,none,False,rising,mid_up,False,False,1.2654999180030813,-68.59429513003528,-0.4,0.4624327264504764,121.51663014280864,57.74040860402333,0.4751646629450283,10,5,False,,stable
837748.BJ,roiic,路桥信息,20250429.0,软件服务,20241231,-35.22628884180284,-2.590472129420733,0.7926134197602007,0.042897644660349,,,down,3.7931176211037796,60.52164643585001,high_volatility,increasing_vol,True,severe,-672.579267138294,False,none,False,falling,bottom,False,False,-4.513905253393732,-38.07868214919334,-0.8,0.0864107329737,-26.523533822332148,-109.16871998074772,1.0,10,5,False,,stable
837821.BJ,roiic,则成电子,20250424.0,元器件,20241231,1.5005231814561397,0.8074621168533127,0.7476012647483362,0.058553366837577045,,,up,4.830966938025209,23.1384293653406,high_volatility,increasing_vol,True,severe,910.5833582731327,False,none,False,falling,mid_down,False,False,1.3542981255744082,5.255060412098935,0.6,0.22067136191984693,7.117219974930956,4.4060497967642425,0.6190689359446117,10,5,False,,stable
838227.BJ,roiic,美登科技,20250419.0,软件服务,20241231,-8.544996212437288,-1.43257304215741,0.554455772802227,0.14884707127416824,,,down,3.0891423972310093,103.53678185769097,high_volatility,increasing_vol,False,none,-3055.456495274662,False,none,False,rising,mid_up,False,False,-1.263369274281098,-12.94858232414655,-0.6,0.22067136191984693,-42.93445134687428,-8.012389915623435,1.0,10,5,False,,stable
838701.BJ,roiic,豪声电子,20250426.0,元器件,20241231,12.0319014254704,0.3532878122190028,0.017164984761637216,0.8336647182736145,,,up,2.565634975519178,110.79399996332607,high_volatility,decreasing_vol,True,severe,-201.86409029798088,False,none,False,falling,mid_down,False,False,-3.361811040526212,-30.89511920883919,-0.2,0.8064959405073401,33.79284383415402,-14.536974970287423,-0.4301790947702092,10,5,False,,stable
838810.BJ,roiic,春光智能,20250429.0,专用机械,20241231,4.864186609920014,-0.4787039797156116,0.030292571298490046,0.7795196645355884,,,down,2.238883932077565,1858.643121478248,high_volatility,decreasing_vol,False,none,893.3149336880829,False,none,False,rising,mid_up,False,False,1.1470625367630867,-27.2299461582487,-0.2,0.8064959405073401,707.4994879216065,117.8778933563609,0.1666119839925908,10,5,False,,stable
839493.BJ,roiic,并行科技,20250429.0,软件服务,20241231,0.7874369847182754,0.06980035110660646,0.027607509886104054,0.7894222744805031,,,up,2.8226967341637264,26.384659218228816,high_volatility,increasing_vol,False,none,205.52983503722703,False,none,False,rising,top,True,False,4.190604711645528,11.536867421462244,0.4,0.4624327264504764,-5.804891982850007,33.92457920986791,1.0,10,5,False,,stable
839790.BJ,roiic,联迪信息,20250329.0,软件服务,20241231,28.968603639339573,1.8515072532568808,0.7192255840790851,0.06944460934597273,,,up,1.7272956774136161,227.70777066545799,high_volatility,increasing_vol,False,none,321.88345317854197,False,none,False,rising,top,True,False,3.1905055825693123,12.423116725657238,0.4,0.4624327264504764,-138.57928964139003,18.058020584660905,1.0,10,5,False,,stable
870299.BJ,roiic,灿能电力,20250419.0,电气设备,20241231,-5.1060072854212235,-0.3061424994898802,0.016640313041114047,0.8362121460731851,,,down,2.4338561140633885,28.622720986136,high_volatility,increasing_vol,False,none,46.33741900472293,False,none,False,rising,mid_up,False,False,0.18381802229264554,-3.8250173778397003,-0.2,0.8064959405073401,-13.292037649320067,4.538856184724575,1.0,10,5,False,,stable
870357.BJ,roiic,雅葆轩,20250429.0,元器件,20241231,-6.407826447494753,-0.13829588234577717,0.09038413109304155,0.6230609697261044,,,down,4.849210354985288,369.35547081748564,high_volatility,increasing_vol,False,none,78.33514698827288,False,none,False,rising,mid_up,False,False,0.2886563353344742,-88.77445293699266,-0.6,0.22067136191984693,-112.25349911282525,21.440102418247704,1.0,10,5,False,,stable
870656.BJ,roiic,海昇药业,20250426.0,化学制药,20241231,-24.03136921578684,-1.6096681337828986,0.4016788069422287,0.2509088212809283,,,down,6.198697163115588,138.82091889753926,high_volatility,increasing_vol,False,none,34.86196565660849,False,none,False,rising,mid_up,False,False,0.21183461926959724,-45.70195161531499,-0.6,0.22067136191984693,-38.14673149620373,-5.319495290617545,1.0,10,5,False,,stable
871478.BJ,roiic,巨能股份,20250426.0,专用机械,20241231,-6.289736171909313,-0.1283644896384554,0.0032629523895106463,0.9273092538655467,,,down,1.8293415324573148,121.37493719275358,high_volatility,increasing_vol,False,none,1146.2875574357122,False,none,False,rising,top,False,False,1.261129656400907,22.168243622500405,0.2,0.8064959405073401,80.60555141325892,279.08600141389616,3.4623670022805513,10,5,False,,stable
871553.BJ,roiic,凯腾精工,20250328.0,专用机械,20241231,-3.08928111019994,0.5249824609517343,0.04626817306102719,0.7282525404783241,,,up,1.247934312712269,59.15498039500849,high_volatility,increasing_vol,True,severe,-178.7365414161788,False,none,False,falling,bottom,False,False,-0.512489805360727,2.846128190263471,0.0,1.0,-48.329103343297504,-120.13024944502924,1.0,10,5,False,,stable
871857.BJ,roiic,泓禧科技,20250426.0,元器件,20241231,-7.591411234877151,-0.991306340322873,0.2835705915197291,0.35555096005604786,,,down,2.033651344276772,181.05753832132694,high_volatility,increasing_vol,False,none,6866.940798335733,False,none,False,rising,top,True,False,4.609305178071824,-1.424280376650173,0.0,1.0,111.30454583487617,411.63208841170905,3.6982504651910477,10,5,False,,stable
871981.BJ,roiic,晶赛科技,20250426.0,元器件,20241231,20.434017086697697,0.3829087162507369,0.6650545631434411,0.09244813154134797,,,up,3.7553482755443404,93.47261819070462,high_volatility,increasing_vol,True,mild,166.23749479749915,False,none,False,falling,mid_down,True,False,5.325653576437802,17.41298801786444,0.2,0.8064959405073401,31.0207375965711,83.63975461562141,2.6962529293586686,10,5,False,,stable
872190.BJ,roiic,雷神科技,20250429.0,IT设备,20241231,-6.65933610436195,-1.2840423894148618,0.49790529453265414,0.18302644200163673,,,down,1.4570286748910208,31.164966415578466,high_volatility,increasing_vol,True,severe,-66.13307815372039,False,none,False,falling,bottom,False,False,-0.24110118528041835,-6.905396477691083,-0.4,0.4624327264504764,21.370340061212755,-3.9904603656354927,-0.18672891279246384,10,5,False,,stable
872808.BJ,roiic,曙光数创,20250305.0,IT设备,20241231,-37.262805891419006,-2.8504493734738237,0.8362650622944863,0.029636023640498433,,,down,11.239676806135051,60.64536117140331,high_volatility,increasing_vol,True,severe,-619.6711758618625,False,none,False,falling,mid_down,False,True,-4.174882701879432,-38.84408321918861,-1.0,0.02748633611151033,-16.574491679556694,-74.07749257710854,1.0,10,5,False,,stable
872925.BJ,roiic,锦好医疗,20250423.0,医疗保健,20241231,-12.393846765812402,-1.0850937502559004,0.1679462450337808,0.49320801457460867,,,down,2.474309181655073,295.2913811376123,high_volatility,increasing_vol,False,none,-172.28859802992378,False,none,False,rising,mid_up,False,False,-4.235085687769366,-26.764699912406037,-0.6,0.22067136191984693,-142.88179236132197,-29.35508661680432,1.0,9,5,False,,stable
872953.BJ,roiic,国子软件,20250424.0,软件服务,20241231,-15.889366485359426,-1.3084516217796789,0.31493483633789,0.3249835062029457,,,down,5.013947643793878,59.51449720273543,high_volatility,decreasing_vol,True,severe,-444.4389392101276,False,none,False,falling,bottom,False,False,-0.8463302704735284,-22.90068013840513,-0.6,0.22067136191984693,3.957154434379948,-60.89378028460774,-15.388274906725815,9,5,False,,stable
873001.BJ,roiic,纬达光电,20250329.0,元器件,20241231,-1.4790242910293974,-0.04221455996820249,0.004545219207752002,0.9142255006503965,0.11542254770740401,0.11542254770740401,down,2.223044508117895,4635.942501023435,high_volatility,increasing_vol,True,severe,468.0192064687055,False,none,False,falling,mid_down,False,False,0.8340918896961644,2.5236872673153337,0.2,0.8064959405073401,2396.0619274369633,10.085245513624978,0.004209092176683862,10,5,False,,stable
873152.BJ,roiic,天宏锂电,20250422.0,电气设备,20241231,-2.138797945546128,-0.7075597205232544,0.06221953272817474,0.6857299969065924,,,down,1.4842335323052542,75.86900765625138,high_volatility,stable,False,none,2288.042496342091,False,none,False,rising,top,True,False,4.071606859814617,-16.190518530438236,-0.2,0.8064959405073401,50.47498478963223,136.73966845266258,2.709058140830772,9,5,False,,stable
873167.BJ,roiic,新赣江,20250424.0,化学制药,20241231,-12.915320747099647,-0.4705089486253863,0.046296067176455506,0.7281719291529771,,,down,2.5184413984604066,626.3852042369942,high_volatility,increasing_vol,True,severe,-10171.119552934028,False,none,False,falling,bottom,False,False,-2.3152566089707856,-66.84431067933572,-0.6,0.22067136191984693,-336.2971883262033,-1367.1678470832655,1.0,9,5,False,,stable
873576.BJ,roiic,天力复合,20250429.0,小金属,20241231,33.91803027944219,1.5989518378659466,0.6388921036575929,0.10461765633683011,,,up,1.243485900613601,96.84828475534104,high_volatility,increasing_vol,False,none,-20.675398836666954,False,none,False,rising,mid_up,False,False,-0.11580915789126012,26.352583567933756,0.6,0.22067136191984693,88.05991481691017,161.34234588852718,1.8321883029751076,10,5,False,,stable
873703.BJ,roiic,广厦环能,20250424.0,专用机械,20241231,-0.8232777556972775,-0.16919876700070807,0.710684546995517,0.07287788863971278,-0.19826245065861392,-0.19826245065861392,down,0.9954249469349891,7.889238055710455,high_volatility,decreasing_vol,True,moderate,-22.25676393054659,False,none,False,falling,mid_down,False,False,-0.12053336425383909,-1.0668323456493363,-0.6,0.22067136191984693,7.143197267496905,2.9417017304681425,0.41181863251257567,10,5,False,,stable
873806.BJ,roiic,云星宇,20250426.0,软件服务,20241231,0.49868910891385454,-0.11630351733361244,0.004494254343751817,0.9147070185978639,,,down,2.3090544193672145,566.4585338544431,high_volatility,decreasing_vol,True,severe,130.16342691983218,False,none,False,falling,mid_down,True,False,2.3967942915085874,6.015943001041282,0.2,0.8064959405073401,-207.21292953260328,2.972835850109122,1.0,7,5,False,,stable
920005.BJ,roiic,鼎佳精密,20250719.0,元器件,20241231,-1.7176974018304285,-0.4580474616305573,0.15696012661408182,0.5090910744216356,,,down,38.0580227947947,63.06276367958255,high_volatility,decreasing_vol,False,none,107.33807112644025,False,none,False,rising,mid_up,True,False,4.015819353350963,-12.351976894346151,-0.4,0.4624327264504764,-6.040037536151994,7.496253534187177,1.0,6,5,False,,stable
920018.BJ,roiic,宏远股份,20250808.0,电气设备,20241231,2.571663965903563,0.3111618418607157,0.23943891058858785,0.4028146313163974,,,up,5.692711104884755,53.59540496164647,high_volatility,increasing_vol,False,none,587.1021717133397,False,none,False,rising,mid_up,False,False,0.9530376942022328,-0.6146440805296125,0.0,1.0,-12.136987245860507,22.938382957120698,1.0,6,5,False,,stable
920037.BJ,roiic,广信科技,20250614.0,电气设备,20241231,-6.790883524503312,0.7571372827106652,0.08967998663787642,0.6244861087229889,,,up,1.0976191961374597,78.58179826816797,high_volatility,decreasing_vol,True,mild,494.8096209277213,False,none,False,falling,mid_down,False,False,0.8909497443522476,10.817085793894087,0.0,1.0,69.55568680127051,85.56716109028206,1.230196480336085,9,5,False,,stable
920060.BJ,roiic,万源通,20250401.0,元器件,20241231,6.901254980758855,0.6039610119432186,0.07478211355213607,0.6562055453144189,,,up,1.4020852179780285,37.737568291831366,high_volatility,stable,True,severe,-90.48929498771389,False,none,False,falling,bottom,False,False,-1.171350695661734,12.214325756307998,0.2,0.8064959405073401,28.98569362898311,4.926763501296757,0.16997224783920412,6,5,False,,stable
920068.BJ,roiic,天工股份,20250425.0,小金属,20241231,-6.394122594808154,-1.162288654235308,0.4403492355447613,0.22202898080449343,,,down,35.6814247261348,201.83010288451294,high_volatility,decreasing_vol,True,severe,-101.17774859543398,False,none,False,falling,mid_down,False,True,-3.799113158136623,48.93478678132678,0.2,0.8064959405073401,15.419669519182488,-2.3734313217021756,-0.15392232101664452,10,5,False,,stable
920080.BJ,roiic,奥美森,20250919.0,专用机械,20241231,5.23294694560704,0.5504525761304079,0.08478121969980398,0.6345753477507534,,,up,11.89623896883793,112.88614246451257,high_volatility,increasing_vol,True,severe,107.53043495802636,False,none,False,falling,mid_down,True,False,4.692823858587502,-0.0031695507336020334,0.0,1.0,-7.91934547535891,14.969397123717407,1.0,10,5,False,,stable
920100.BJ,roiic,三协电机,20250823.0,电气设备,20241231,3.1611564886250823,1.133121846692088,0.4398440798167955,0.22239171451898368,,,up,1.443997335483443,17.955776424197644,high_volatility,increasing_vol,True,severe,96.79648566602516,False,none,False,falling,mid_down,False,False,0.3353009589738438,6.484030698856363,0.4,0.4624327264504764,14.308382527270563,10.508880070348162,0.7344561868065191,6,5,False,,stable
920101.BJ,roiic,志高机械,20250802.0,专用机械,20241231,7.085015780941613,0.4414159387011865,0.0566085829671248,0.6999466451427054,,,up,1.8065077156331761,59.36814792566203,high_volatility,increasing_vol,True,mild,341.4741163495019,False,none,False,falling,mid_down,True,False,3.9358096110358467,10.399916503441107,0.2,0.8064959405073401,38.845518813628686,39.762293634295354,1.0236005297049868,10,5,False,,stable
920111.BJ,roiic,聚星科技,20250425.0,电气设备,20241231,2.6776110318025785,0.6268265679108007,0.08948108027161046,0.6248897939188195,,,up,0.9725043816906481,35.178200744103286,high_volatility,decreasing_vol,True,severe,-77.754028067726,False,none,False,falling,mid_down,False,False,-0.7511746024337349,0.47822588522944365,0.0,1.0,36.976077392944106,18.964043060966624,0.5128733061497054,6,5,False,,stable
920112.BJ,roiic,巴兰仕,20250816.0,专用机械,20241231,23.89075296360317,1.805898726388611,0.3032116438441064,0.33614276559049444,,,up,3.7999739869199014,83.43056114816763,high_volatility,stable,True,mild,158.58752407346662,False,none,False,falling,mid_down,False,False,4.956621477055132,31.10953796208951,0.4,0.4624327264504764,29.122787015380382,54.385269094020806,1.8674472695658817,9,5,False,,stable
920116.BJ,roiic,星图测控,20250304.0,软件服务,20241231,-2.5729380670766098,-0.1501964773482284,0.3429184535347898,0.2995303299028302,-0.13480524540158334,-0.13480524540158334,down,1.0303168888609524,38.59711198574521,high_volatility,decreasing_vol,False,none,-61.07782641700127,False,none,False,rising,mid_up,False,False,-0.471178552990579,-6.841310816714848,-0.4,0.4624327264504764,34.08900165049975,13.015715351738177,0.3818156801769336,5,5,False,,stable
920128.BJ,roiic,胜业电气,20250422.0,元器件,20241231,-0.31773047715657593,-0.04514519669453865,0.13999890899867581,0.5349611411113966,,,down,3.2693848021299834,57.157238660792714,high_volatility,increasing_vol,False,none,-40.54415689161722,False,none,False,rising,mid_up,False,False,-0.25781156031336483,-0.582505874787056,-0.2,0.8064959405073401,-21.40822669147607,6.079993035965212,1.0,5,5,False,,stable
920167.BJ,roiic,同享科技,20250429.0,小金属,20241231,-14.585703838589325,-0.9828105694784897,0.12307692044048349,0.562657802571975,,,down,7.380474000010743,45.76197384326992,high_volatility,increasing_vol,True,severe,-1613.9906622323533,False,none,False,falling,bottom,False,False,-3.6903824769427516,-14.327593841008518,-0.2,0.8064959405073401,-10.57612237763129,-77.57044267453638,1.0,10,5,False,,stable
920682.BJ,roiic,球冠电缆,20250329.0,电气设备,20241231,-0.6065646807944439,-0.4463075722006645,0.12416593186681027,0.5608118832930759,,,down,2.0927467658749617,49.29722981604405,high_volatility,stable,True,severe,-103.52906508684325,False,none,False,falling,bottom,False,False,-3.7419397323627335,-1.4198070867007044,-0.2,0.8064959405073401,23.374263303847236,-3.93068217649326,-0.16816282615616374,10,5,False,,stable
920799.BJ,roiic,艾融软件,20250426.0,软件服务,20241231,-3.0789501814332993,-0.9725392464249663,0.25169178075438003,0.38914095904571655,,,down,32.08262516131262,11.607195682311508,high_volatility,increasing_vol,True,severe,-127.63141623888869,False,none,False,falling,bottom,False,False,-0.4089482013745398,-5.445495776866765,-0.4,0.4624327264504764,-0.5618943460964259,-14.898623985054165,1.0,10,5,False,,stable
